"Symbol","Name","LastSale","MarketCap","IPOyear","Sector","industry","Summary Quote",
"DDD","3D Systems Corporation","8.66","$1.01B","n/a","Technology","Computer Software: Prepackaged Software","https://www.nasdaq.com/symbol/ddd",
"MMM","3M Company","172.03","$99.16B","n/a","Health Care","Medical/Dental Instruments","https://www.nasdaq.com/symbol/mmm",
"WBAI","500.com Limited","10.24","$438.41M","2013","Consumer Services","Services-Misc. Amusement & Recreation","https://www.nasdaq.com/symbol/wbai",
"WUBA","58.com Inc.","62.82","$9.33B","2013","Technology","Computer Software: Programming, Data Processing","https://www.nasdaq.com/symbol/wuba",
"EGHT","8x8 Inc","23.31","$2.24B","n/a","Technology","EDP Services","https://www.nasdaq.com/symbol/eght",
"AHC","A.H. Belo Corporation","3.79","$81.54M","n/a","Consumer Services","Newspapers/Magazines","https://www.nasdaq.com/symbol/ahc",
"AOS","A.O Smith Corporation","46.09","$7.71B","n/a","Consumer Durables","Consumer Electronics/Appliances","https://www.nasdaq.com/symbol/aos",
"ATEN","A10 Networks, Inc.","6.68","$505.24M","2014","Technology","Computer Communications Equipment","https://www.nasdaq.com/symbol/aten",
"AAC","AAC Holdings, Inc.","0.79","$19.99M","2014","Health Care","Medical Specialities","https://www.nasdaq.com/symbol/aac",
"AIR","AAR Corp.","35.17","$1.23B","n/a","Capital Goods","Aerospace","https://www.nasdaq.com/symbol/air",
"AAN","Aaron&#39;s,  Inc.","61.07","$4.13B","n/a","Technology","Diversified Commercial Services","https://www.nasdaq.com/symbol/aan",
"ABB","ABB Ltd","19.74","$42.08B","n/a","Consumer Durables","Electrical Products","https://www.nasdaq.com/symbol/abb",
"ABT","Abbott Laboratories","84.24","$148.61B","n/a","Health Care","Major Pharmaceuticals","https://www.nasdaq.com/symbol/abt",
"ABBV","AbbVie Inc.","65.7","$97.13B","2012","Health Care","Major Pharmaceuticals","https://www.nasdaq.com/symbol/abbv",
"ANF","Abercrombie & Fitch Company","15.36","$1.01B","n/a","Consumer Services","Clothing/Shoe/Accessory Stores","https://www.nasdaq.com/symbol/anf",
"AGD","Aberdeen Global Dynamic Dividend Fund","9.49","$119.1M","2006","n/a","n/a","https://www.nasdaq.com/symbol/agd",
"AWP","Aberdeen Global Premier Properties Fund","6.15","$525.26M","2007","n/a","n/a","https://www.nasdaq.com/symbol/awp",
"ACP","Aberdeen Income Credit Strategies Fund","12.31","$160.94M","2011","n/a","n/a","https://www.nasdaq.com/symbol/acp",
"JEQ","Aberdeen Japan Equity Fund, Inc. ","7.02","$94.11M","1992","n/a","n/a","https://www.nasdaq.com/symbol/jeq",
"AOD","Aberdeen Total Dynamic Dividend Fund","8.21","$875.11M","2007","n/a","n/a","https://www.nasdaq.com/symbol/aod",
"ABM","ABM Industries Incorporated","38.99","$2.59B","n/a","Finance","Diversified Commercial Services","https://www.nasdaq.com/symbol/abm",
"AKR","Acadia Realty Trust","27.7","$2.29B","n/a","Consumer Services","Real Estate Investment Trusts","https://www.nasdaq.com/symbol/akr",
"ACN","Accenture plc","184.9","$117.94B","2001","Miscellaneous","Business Services","https://www.nasdaq.com/symbol/acn",
"ACCO","Acco Brands Corporation","7.32","$747.29M","n/a","Consumer Durables","Publishing","https://www.nasdaq.com/symbol/acco",
"ATV","Acorn International, Inc.","22.321","$57.61M","2007","Consumer Services","Other Specialty Stores","https://www.nasdaq.com/symbol/atv",
"ATU","Actuant Corporation","24.15","$1.48B","n/a","Technology","Industrial Machinery/Components","https://www.nasdaq.com/symbol/atu",
"AYI","Acuity Brands, Inc. ","133.63","$5.33B","n/a","Consumer Durables","Building Products","https://www.nasdaq.com/symbol/ayi",
"GOLF","Acushnet Holdings Corp.","26.07","$1.97B","2016","Consumer Non-Durables","Recreational Products/Toys","https://www.nasdaq.com/symbol/golf",
"ADX","Adams Diversified Equity Fund, Inc.","15.26","$1.62B","n/a","n/a","n/a","https://www.nasdaq.com/symbol/adx",
"PEO","Adams Natural Resources Fund, Inc.","16.3","$481.41M","n/a","n/a","n/a","https://www.nasdaq.com/symbol/peo",
"AGRO","Adecoagro S.A.","6.9","$804.23M","2011","Consumer Non-Durables","Farming/Seeds/Milling","https://www.nasdaq.com/symbol/agro",
"ADNT","Adient plc","22.21","$2.08B","2016","Capital Goods","Auto Parts:O.E.M.","https://www.nasdaq.com/symbol/adnt",
"ADT","ADT Inc.","5.87","$4.44B","2018","Consumer Services","Diversified Commercial Services","https://www.nasdaq.com/symbol/adt",
"ATGE","Adtalem Global Education Inc.","44.86","$2.54B","n/a","Consumer Services","Other Consumer Services","https://www.nasdaq.com/symbol/atge",
"AAP","Advance Auto Parts Inc","154.5","$11.08B","n/a","Consumer Services","Other Specialty Stores","https://www.nasdaq.com/symbol/aap",
"ADSW","Advanced Disposal Services, Inc.","32.07","$2.85B","2016","Public Utilities","Environmental Services","https://www.nasdaq.com/symbol/adsw",
"WMS","Advanced Drainage Systems, Inc.","31.93","$1.84B","2014","Capital Goods","Containers/Packaging","https://www.nasdaq.com/symbol/wms",
"ASIX","AdvanSix Inc.","24.62","$698.31M","2016","Basic Industries","Major Chemicals","https://www.nasdaq.com/symbol/asix",
"AVK","Advent Claymore Convertible Securities and Income Fund","14.83","$512.01M","2003","n/a","n/a","https://www.nasdaq.com/symbol/avk",
"ACM","AECOM","36.59","$5.76B","2007","Consumer Services","Military/Government/Technical","https://www.nasdaq.com/symbol/acm",
"AEB","Aegon NV","22.65","n/a","n/a","Finance","Life Insurance","https://www.nasdaq.com/symbol/aeb",
"AEG","Aegon NV","4.83","$9.89B","n/a","Finance","Life Insurance","https://www.nasdaq.com/symbol/aeg",
"AEH","Aegon NV","25.86","n/a","n/a","Finance","Life Insurance","https://www.nasdaq.com/symbol/aeh",
"AER","Aercap Holdings N.V.","50.27","$7.02B","2006","Technology","Diversified Commercial Services","https://www.nasdaq.com/symbol/aer",
"HIVE","Aerohive Networks, Inc.","3.19","$179.72M","2014","Technology","EDP Services","https://www.nasdaq.com/symbol/hive",
"AJRD","Aerojet Rocketdyne Holdings, Inc. ","42.9","$3.37B","n/a","Capital Goods","Military/Government/Technical","https://www.nasdaq.com/symbol/ajrd",
"AMG","Affiliated Managers Group, Inc.","88.51","$4.53B","n/a","Finance","Investment Managers","https://www.nasdaq.com/symbol/amg",
"MGR","Affiliated Managers Group, Inc.","25.72","n/a","2019","Finance","Investment Managers","https://www.nasdaq.com/symbol/mgr",
"AFL","Aflac Incorporated","54.95","$40.96B","n/a","Finance","Accident &Health Insurance","https://www.nasdaq.com/symbol/afl",
"MITT","AG Mortgage Investment Trust, Inc.","16.13","$527.6M","2011","n/a","n/a","https://www.nasdaq.com/symbol/mitt",
"MITT^A","AG Mortgage Investment Trust, Inc.","25.588","n/a","n/a","n/a","n/a","https://www.nasdaq.com/symbol/mitt^a",
"MITT^B","AG Mortgage Investment Trust, Inc.","25.85","n/a","n/a","n/a","n/a","https://www.nasdaq.com/symbol/mitt^b",
"AGCO","AGCO Corporation","76.82","$5.9B","n/a","Capital Goods","Industrial Machinery/Components","https://www.nasdaq.com/symbol/agco",
"A","Agilent Technologies, Inc.","72.51","$22.91B","1999","Capital Goods","Biotechnology: Laboratory Analytical Instruments","https://www.nasdaq.com/symbol/a",
"AEM","Agnico Eagle Mines Limited","51.27","$12.06B","n/a","Basic Industries","Precious Metals","https://www.nasdaq.com/symbol/aem",
"ADC","Agree Realty Corporation","65.6","$2.52B","n/a","Consumer Services","Real Estate Investment Trusts","https://www.nasdaq.com/symbol/adc",
"AL","Air Lease Corporation","39.51","$4.39B","2011","Technology","Diversified Commercial Services","https://www.nasdaq.com/symbol/al",
"AL^A","Air Lease Corporation","26.45","n/a","n/a","n/a","n/a","https://www.nasdaq.com/symbol/al^a",
"APD","Air Products and Chemicals, Inc.","224.7","$49.46B","n/a","Basic Industries","Major Chemicals","https://www.nasdaq.com/symbol/apd",
"AYR","Aircastle Limited","20.43","$1.53B","2006","Technology","Diversified Commercial Services","https://www.nasdaq.com/symbol/ayr",
"AKS","AK Steel Holding Corporation","2.17","$686.39M","n/a","Basic Industries","Steel/Iron Ore","https://www.nasdaq.com/symbol/aks",
"ALP^Q","Alabama Power Company","25.3","n/a","n/a","n/a","n/a","https://www.nasdaq.com/symbol/alp^q",
"ALG","Alamo Group, Inc.","98.69","$1.16B","n/a","Capital Goods","Industrial Machinery/Components","https://www.nasdaq.com/symbol/alg",
"AGI","Alamos Gold Inc.","6.16","$2.4B","2015","Basic Industries","Precious Metals","https://www.nasdaq.com/symbol/agi",
"ALK","Alaska Air Group, Inc.","61.94","$7.65B","n/a","Transportation","Air Freight/Delivery Services","https://www.nasdaq.com/symbol/alk",
"AIN","Albany International Corporation","80.39","$2.6B","n/a","Basic Industries","Textiles","https://www.nasdaq.com/symbol/ain",
"ALB","Albemarle Corporation","67.79","$7.18B","n/a","Basic Industries","Major Chemicals","https://www.nasdaq.com/symbol/alb",
"AA","Alcoa Corporation","22.55","$4.18B","2016","Basic Industries","Aluminum","https://www.nasdaq.com/symbol/aa",
"ALC","Alcon Inc.","58.96","$28.81B","2019","Health Care","Ophthalmic Goods","https://www.nasdaq.com/symbol/alc",
"ALEX","Alexander & Baldwin, Inc.","22.47","$1.62B","n/a","Consumer Services","Real Estate Investment Trusts","https://www.nasdaq.com/symbol/alex",
"ALX","Alexander&#39;s, Inc.","373.2","$1.91B","n/a","Consumer Services","Real Estate Investment Trusts","https://www.nasdaq.com/symbol/alx",
"ARE","Alexandria Real Estate Equities, Inc.","142.17","$16.14B","n/a","Consumer Services","Real Estate Investment Trusts","https://www.nasdaq.com/symbol/are",
"ARE^D","Alexandria Real Estate Equities, Inc.","38.25","n/a","n/a","n/a","n/a","https://www.nasdaq.com/symbol/are^d",
"AQN","Algonquin Power & Utilities Corp.","12.39","$6.08B","2016","Public Utilities","Electric Utilities: Central","https://www.nasdaq.com/symbol/aqn",
"AQNA","Algonquin Power & Utilities Corp.","26.65","n/a","2018","Public Utilities","Electric Utilities: Central","https://www.nasdaq.com/symbol/aqna",
"AQNB","Algonquin Power & Utilities Corp.","25.57","n/a","2019","Public Utilities","Electric Utilities: Central","https://www.nasdaq.com/symbol/aqnb",
"BABA","Alibaba Group Holding Limited","165.8","$428.93B","2014","Miscellaneous","Business Services","https://www.nasdaq.com/symbol/baba",
"Y","Alleghany Corporation","680","$9.82B","n/a","Finance","Property-Casualty Insurers","https://www.nasdaq.com/symbol/y",
"ATI","Allegheny Technologies Incorporated","24.12","$3.04B","n/a","Basic Industries","Steel/Iron Ore","https://www.nasdaq.com/symbol/ati",
"ALLE","Allegion plc","107.57","$10.11B","2013","Consumer Services","Diversified Commercial Services","https://www.nasdaq.com/symbol/alle",
"AGN","Allergan plc.","162.43","$53.24B","2013","Health Care","Major Pharmaceuticals","https://www.nasdaq.com/symbol/agn",
"ALE","Allete, Inc.","84.27","$4.35B","n/a","Public Utilities","Power Generation","https://www.nasdaq.com/symbol/ale",
"ADS","Alliance Data Systems Corporation","134.42","$7.04B","2001","Miscellaneous","Business Services","https://www.nasdaq.com/symbol/ads",
"AFB","Alliance National Municipal Income Fund Inc","13.37","$384.32M","2002","n/a","n/a","https://www.nasdaq.com/symbol/afb",
"AWF","Alliance World Dollar Government Fund II","11.71","$1.01B","1993","n/a","n/a","https://www.nasdaq.com/symbol/awf",
"AB","AllianceBernstein Holding L.P.","28.81","$2.74B","n/a","Finance","Investment Managers","https://www.nasdaq.com/symbol/ab",
"CBH","AllianzGI Convertible & Income 2024 Target Term Fund","9.07","$165.59M","2017","n/a","n/a","https://www.nasdaq.com/symbol/cbh",
"NCV","AllianzGI Convertible & Income Fund","5.6","$503.36M","2003","n/a","n/a","https://www.nasdaq.com/symbol/ncv",
"NCV^A","AllianzGI Convertible & Income Fund","25.4944","n/a","n/a","n/a","n/a","https://www.nasdaq.com/symbol/ncv^a",
"NCZ","AllianzGI Convertible & Income Fund II","4.99","$378.35M","2003","n/a","n/a","https://www.nasdaq.com/symbol/ncz",
"NCZ^A","AllianzGI Convertible & Income Fund II","25.23","n/a","n/a","n/a","n/a","https://www.nasdaq.com/symbol/ncz^a",
"ACV","AllianzGI Diversified Income & Convertible Fund","22.95","$236.92M","2015","n/a","n/a","https://www.nasdaq.com/symbol/acv",
"NIE","AllianzGI Equity & Convertible Income Fund","21.09","$584.38M","2007","n/a","n/a","https://www.nasdaq.com/symbol/nie",
"NFJ","AllianzGI NFJ Dividend, Interest & Premium Strategy Fund","12.06","$1.14B","2005","Finance","Finance: Consumer Services","https://www.nasdaq.com/symbol/nfj",
"ALSN","Allison Transmission Holdings, Inc.","45.67","$5.49B","2012","Capital Goods","Auto Parts:O.E.M.","https://www.nasdaq.com/symbol/alsn",
"ALL","Allstate Corporation (The)","101.61","$33.85B","n/a","Finance","Property-Casualty Insurers","https://www.nasdaq.com/symbol/all",
"ALL^A","Allstate Corporation (The)","25.85","n/a","n/a","n/a","n/a","https://www.nasdaq.com/symbol/all^a",
"ALL^B","Allstate Corporation (The)","26.2007","n/a","n/a","n/a","n/a","https://www.nasdaq.com/symbol/all^b",
"ALL^D","Allstate Corporation (The)","27.29","n/a","n/a","n/a","n/a","https://www.nasdaq.com/symbol/all^d",
"ALL^E","Allstate Corporation (The)","25.96","n/a","n/a","n/a","n/a","https://www.nasdaq.com/symbol/all^e",
"ALL^F","Allstate Corporation (The)","26.3065","n/a","n/a","n/a","n/a","https://www.nasdaq.com/symbol/all^f",
"ALL^G","Allstate Corporation (The)","26.19","n/a","n/a","n/a","n/a","https://www.nasdaq.com/symbol/all^g",
"ALLY","Ally Financial Inc.","29.84","$11.85B","2014","Finance","Major Banks","https://www.nasdaq.com/symbol/ally",
"ALLY^A","Ally Financial Inc.","26.4","n/a","n/a","n/a","n/a","https://www.nasdaq.com/symbol/ally^a",
"AYX","Alteryx, Inc.","104.12","$6.51B","2017","Technology","Computer Software: Prepackaged Software","https://www.nasdaq.com/symbol/ayx",
"ATUS","Altice USA, Inc.","23.5","$15.86B","2017","Consumer Services","Television Services","https://www.nasdaq.com/symbol/atus",
"MO","Altria Group","48.78","$91.26B","n/a","Consumer Non-Durables","Farming/Seeds/Milling","https://www.nasdaq.com/symbol/mo",
"ACH","Aluminum Corporation of China Limited","8.6","$5.86B","2001","Basic Industries","Aluminum","https://www.nasdaq.com/symbol/ach",
"AMBR","Amber Road, Inc.","13.02","$370.27M","2014","Technology","Computer Software: Prepackaged Software","https://www.nasdaq.com/symbol/ambr",
"ABEV","Ambev S.A.","4.75","$74.7B","2013","Consumer Non-Durables","Beverages (Production/Distribution)","https://www.nasdaq.com/symbol/abev",
"AMC","AMC Entertainment Holdings, Inc.","9.48","$984.43M","2013","Consumer Services","Movies/Entertainment","https://www.nasdaq.com/symbol/amc",
"AMCR","Amcor plc","11.46","$18.61B","2019","Consumer Durables","Miscellaneous manufacturing industries","https://www.nasdaq.com/symbol/amcr",
"AEE","Ameren Corporation","76.58","$18.81B","n/a","Public Utilities","Power Generation","https://www.nasdaq.com/symbol/aee",
"AMRC","Ameresco, Inc.","14.26","$691.23M","2010","Basic Industries","Engineering & Construction","https://www.nasdaq.com/symbol/amrc",
"AMOV","America Movil, S.A.B. de C.V.","15.19","$50.14B","n/a","Public Utilities","Telecommunications Equipment","https://www.nasdaq.com/symbol/amov",
"AMX","America Movil, S.A.B. de C.V.","15.12","$49.91B","n/a","Public Utilities","Telecommunications Equipment","https://www.nasdaq.com/symbol/amx",
"AAT","American Assets Trust, Inc.","46.49","$2.74B","2011","Consumer Services","Real Estate Investment Trusts","https://www.nasdaq.com/symbol/aat",
"AXL","American Axle & Manufacturing Holdings, Inc.","11.8","$1.33B","n/a","Capital Goods","Auto Parts:O.E.M.","https://www.nasdaq.com/symbol/axl",
"ACC","American Campus Communities Inc","46.14","$6.33B","2004","Consumer Services","Real Estate Investment Trusts","https://www.nasdaq.com/symbol/acc",
"AEO","American Eagle Outfitters, Inc.","17.17","$2.96B","n/a","Consumer Services","Clothing/Shoe/Accessory Stores","https://www.nasdaq.com/symbol/aeo",
"AEP","American Electric Power Company, Inc.","90.37","$44.59B","n/a","Public Utilities","Electric Utilities: Central","https://www.nasdaq.com/symbol/aep",
"AEP^B","American Electric Power Company, Inc.","54.17","n/a","n/a","n/a","n/a","https://www.nasdaq.com/symbol/aep^b",
"AEL","American Equity Investment Life Holding Company","26.74","$2.43B","2003","Finance","Life Insurance","https://www.nasdaq.com/symbol/ael",
"AXP","American Express Company","123.16","$102.85B","n/a","Finance","Finance: Consumer Services","https://www.nasdaq.com/symbol/axp",
"AFG","American Financial Group, Inc.","102.44","$9.19B","n/a","Finance","Property-Casualty Insurers","https://www.nasdaq.com/symbol/afg",
"AFGB","American Financial Group, Inc.","26.24","n/a","2019","Finance","Property-Casualty Insurers","https://www.nasdaq.com/symbol/afgb",
"AFGE","American Financial Group, Inc.","25.56","n/a","2014","Finance","Property-Casualty Insurers","https://www.nasdaq.com/symbol/afge",
"AFGH","American Financial Group, Inc.","26.29","n/a","2015","Finance","Property-Casualty Insurers","https://www.nasdaq.com/symbol/afgh",
"AMH","American Homes 4 Rent","24.35","$7.28B","2013","Consumer Services","Real Estate Investment Trusts","https://www.nasdaq.com/symbol/amh",
"AMH^D","American Homes 4 Rent","27.1","n/a","n/a","n/a","n/a","https://www.nasdaq.com/symbol/amh^d",
"AMH^E","American Homes 4 Rent","26.69","n/a","n/a","n/a","n/a","https://www.nasdaq.com/symbol/amh^e",
"AMH^F","American Homes 4 Rent","25.5","n/a","n/a","n/a","n/a","https://www.nasdaq.com/symbol/amh^f",
"AMH^G","American Homes 4 Rent","25.87","n/a","n/a","n/a","n/a","https://www.nasdaq.com/symbol/amh^g",
"AMH^H","American Homes 4 Rent","26.0666","n/a","n/a","n/a","n/a","https://www.nasdaq.com/symbol/amh^h",
"AIG","American International Group, Inc.","52.73","$45.86B","n/a","Finance","Property-Casualty Insurers","https://www.nasdaq.com/symbol/aig",
"AIG.WS","American International Group, Inc.","n/a","n/a","n/a","n/a","n/a","https://www.nasdaq.com/symbol/aig.ws",
"AIG^A","American International Group, Inc.","25.99","n/a","n/a","n/a","n/a","https://www.nasdaq.com/symbol/aig^a",
"AMID","American Midstream Partners, LP","5.13","$279.34M","2011","Public Utilities","Natural Gas Distribution","https://www.nasdaq.com/symbol/amid",
"ARL","American Realty Investors, Inc.","13.37","$213.88M","n/a","Finance","Real Estate","https://www.nasdaq.com/symbol/arl",
"ARA","American Renal Associates Holdings, Inc","6.98","$226.97M","2016","Health Care","Hospital/Nursing Management","https://www.nasdaq.com/symbol/ara",
"AWR","American States Water Company","74.32","$2.73B","n/a","Public Utilities","Water Supply","https://www.nasdaq.com/symbol/awr",
"AMT","American Tower Corporation (REIT)","210.81","$93.18B","n/a","Consumer Services","Real Estate Investment Trusts","https://www.nasdaq.com/symbol/amt",
"AVD","American Vanguard Corporation","14.78","$439.23M","n/a","Basic Industries","Agricultural Chemicals","https://www.nasdaq.com/symbol/avd",
"AWK","American Water Works","117.18","$20.86B","2008","Public Utilities","Water Supply","https://www.nasdaq.com/symbol/awk",
"COLD","Americold Realty Trust","33.3","$6.38B","2018","Consumer Services","Real Estate Investment Trusts","https://www.nasdaq.com/symbol/cold",
"APU","AmeriGas Partners, L.P.","35.27","$3.28B","n/a","Consumer Services","Other Specialty Stores","https://www.nasdaq.com/symbol/apu",
"AMP","AMERIPRISE FINANCIAL SERVICES, INC.","143.7","$19.24B","n/a","Finance","Investment Managers","https://www.nasdaq.com/symbol/amp",
"ABC","AmerisourceBergen Corporation (Holding Co)","84.28","$17.71B","n/a","Health Care","Other Pharmaceuticals","https://www.nasdaq.com/symbol/abc",
"ANFI","Amira Nature Foods Ltd","0.6675","$30.3M","2012","Consumer Non-Durables","Packaged Foods","https://www.nasdaq.com/symbol/anfi",
"AMN","AMN Healthcare Services Inc","52.88","$2.47B","n/a","Technology","Professional Services","https://www.nasdaq.com/symbol/amn",
"AMRX","Amneal Pharmaceuticals, Inc.","6.59","$1.97B","2018","Health Care","Major Pharmaceuticals","https://www.nasdaq.com/symbol/amrx",
"AP","Ampco-Pittsburgh Corporation","3.98","$49.73M","n/a","Capital Goods","Fluid Controls","https://www.nasdaq.com/symbol/ap",
"APH","Amphenol Corporation","94.79","$28.32B","n/a","Capital Goods","Electrical Products","https://www.nasdaq.com/symbol/aph",
"AXR","AMREP Corporation","5.83","$47.39M","n/a","Consumer Services","Newspapers/Magazines","https://www.nasdaq.com/symbol/axr",
"AME","AMTEK, Inc.","87.56","$19.95B","n/a","Consumer Durables","Metal Fabrications","https://www.nasdaq.com/symbol/ame",
"APC","Anadarko Petroleum Corporation","70.09","$35.18B","n/a","Energy","Oil & Gas Production","https://www.nasdaq.com/symbol/apc",
"PLAN","Anaplan, Inc.","49.53","$6.4B","2018","Technology","Computer Software: Prepackaged Software","https://www.nasdaq.com/symbol/plan",
"ANDX","Andeavor Logistics LP","36.09","$8.86B","2011","Energy","Natural Gas Distribution","https://www.nasdaq.com/symbol/andx",
"FINS","Angel Oak Financial Strategies Income Term Trust","20.56","$221.02M","2019","n/a","n/a","https://www.nasdaq.com/symbol/fins",
"AU","AngloGold Ashanti Limited","17.28","$7.16B","n/a","Basic Industries","Precious Metals","https://www.nasdaq.com/symbol/au",
"BUD","Anheuser-Busch Inbev SA","88.4","$172.95B","n/a","Consumer Non-Durables","Beverages (Production/Distribution)","https://www.nasdaq.com/symbol/bud",
"AXE","Anixter International Inc.","57.69","$1.94B","n/a","Consumer Non-Durables","Telecommunications Equipment","https://www.nasdaq.com/symbol/axe",
"NLY","Annaly Capital Management Inc","9.27","$13.5B","n/a","Consumer Services","Real Estate Investment Trusts","https://www.nasdaq.com/symbol/nly",
"NLY^C.CL","Annaly Capital Management Inc","n/a","n/a","n/a","n/a","n/a","https://www.nasdaq.com/symbol/nly^c.cl",
"NLY^D","Annaly Capital Management Inc","25.38","n/a","n/a","n/a","n/a","https://www.nasdaq.com/symbol/nly^d",
"NLY^F","Annaly Capital Management Inc","25.3","n/a","n/a","n/a","n/a","https://www.nasdaq.com/symbol/nly^f",
"NLY^G","Annaly Capital Management Inc","24.31","n/a","n/a","n/a","n/a","https://www.nasdaq.com/symbol/nly^g",
"AM","Antero Midstream Corporation","11","$5.58B","2017","Public Utilities","Natural Gas Distribution","https://www.nasdaq.com/symbol/am",
"AR","Antero Resources Corporation","5.4","$1.67B","2013","Energy","Oil & Gas Production","https://www.nasdaq.com/symbol/ar",
"ANTM","Anthem, Inc.","285.18","$73.35B","n/a","Health Care","Medical Specialities","https://www.nasdaq.com/symbol/antm",
"ANH","Anworth Mortgage Asset  Corporation","3.76","$370.91M","n/a","Consumer Services","Real Estate Investment Trusts","https://www.nasdaq.com/symbol/anh",
"ANH^A","Anworth Mortgage Asset  Corporation","27.66","n/a","n/a","n/a","n/a","https://www.nasdaq.com/symbol/anh^a",
"ANH^B","Anworth Mortgage Asset  Corporation","22.15","n/a","n/a","n/a","n/a","https://www.nasdaq.com/symbol/anh^b",
"ANH^C","Anworth Mortgage Asset  Corporation","25.52","n/a","n/a","n/a","n/a","https://www.nasdaq.com/symbol/anh^c",
"AON","Aon plc","193.25","$46.48B","n/a","Finance","Specialty Insurers","https://www.nasdaq.com/symbol/aon",
"APA","Apache Corporation","28.22","$10.61B","n/a","Energy","Oil & Gas Production","https://www.nasdaq.com/symbol/apa",
"AIV","Apartment Investment and Management Company","50.61","$7.53B","1994","Consumer Services","Real Estate Investment Trusts","https://www.nasdaq.com/symbol/aiv",
"APY","Apergy Corporation","31.43","$2.43B","2018","Technology","Industrial Machinery/Components","https://www.nasdaq.com/symbol/apy",
"APHA","Aphria Inc.","6.92","$1.73B","2018","Consumer Durables","Specialty Chemicals","https://www.nasdaq.com/symbol/apha",
"ARI","Apollo Commercial Real Estate Finance","18.64","$2.54B","2009","Consumer Services","Real Estate Investment Trusts","https://www.nasdaq.com/symbol/ari",
"APO","Apollo Global Management, LLC","33.37","$13.44B","2011","Finance","Investment Managers","https://www.nasdaq.com/symbol/apo",
"APO^A","Apollo Global Management, LLC","25.674","n/a","n/a","n/a","n/a","https://www.nasdaq.com/symbol/apo^a",
"APO^B","Apollo Global Management, LLC","25.72","n/a","n/a","n/a","n/a","https://www.nasdaq.com/symbol/apo^b",
"AIY","Apollo Investment Corporation","26.03","n/a","2013","n/a","n/a","https://www.nasdaq.com/symbol/aiy",
"AFT","Apollo Senior Floating Rate Fund Inc.","14.81","$230.64M","2011","n/a","n/a","https://www.nasdaq.com/symbol/aft",
"AIF","Apollo Tactical Income Fund Inc.","14.69","$212.48M","2013","n/a","n/a","https://www.nasdaq.com/symbol/aif",
"APLE","Apple Hospitality REIT, Inc.","15.7","$3.51B","2015","Consumer Services","Real Estate Investment Trusts","https://www.nasdaq.com/symbol/aple",
"AIT","Applied Industrial Technologies, Inc.","58.86","$2.27B","n/a","Consumer Durables","Industrial Specialties","https://www.nasdaq.com/symbol/ait",
"ATR","AptarGroup, Inc.","121.06","$7.65B","n/a","Consumer Non-Durables","Plastic Products","https://www.nasdaq.com/symbol/atr",
"APTV","Aptiv PLC","78.11","$20.14B","2011","Capital Goods","Auto Parts:O.E.M.","https://www.nasdaq.com/symbol/aptv",
"WTR","Aqua America, Inc.","41.37","$8.93B","n/a","Public Utilities","Water Supply","https://www.nasdaq.com/symbol/wtr",
"WTRU","Aqua America, Inc.","57.12","n/a","2019","Public Utilities","Water Supply","https://www.nasdaq.com/symbol/wtru",
"AQ","Aquantia Corp.","12.95","$464.56M","2017","Technology","Semiconductors","https://www.nasdaq.com/symbol/aq",
"WAAS","AquaVenture Holdings Limited","20.2","$544.41M","2016","Public Utilities","Water Supply","https://www.nasdaq.com/symbol/waas",
"ARMK","Aramark","34.31","$8.46B","2013","Consumer Services","Restaurants","https://www.nasdaq.com/symbol/armk",
"ABR","Arbor Realty Trust","12.03","$1.14B","2004","Consumer Services","Real Estate Investment Trusts","https://www.nasdaq.com/symbol/abr",
"ABR^A","Arbor Realty Trust","26.1378","n/a","n/a","n/a","n/a","https://www.nasdaq.com/symbol/abr^a",
"ABR^B","Arbor Realty Trust","25.9","n/a","n/a","n/a","n/a","https://www.nasdaq.com/symbol/abr^b",
"ABR^C","Arbor Realty Trust","26.135","n/a","n/a","n/a","n/a","https://www.nasdaq.com/symbol/abr^c",
"ARC","ARC Document Solutions, Inc.","2.05","$94.85M","2004","Consumer Services","Professional Services","https://www.nasdaq.com/symbol/arc",
"MT","ArcelorMittal","17.21","$17.37B","n/a","Basic Industries","Steel/Iron Ore","https://www.nasdaq.com/symbol/mt",
"ARCH","Arch Coal, Inc.","88.78","$1.49B","2016","Energy","Coal Mining","https://www.nasdaq.com/symbol/arch",
"ADM","Archer-Daniels-Midland Company","40.42","$22.64B","n/a","Consumer Non-Durables","Packaged Foods","https://www.nasdaq.com/symbol/adm",
"AROC","Archrock, Inc.","9.76","$1.27B","n/a","Public Utilities","Natural Gas Distribution","https://www.nasdaq.com/symbol/aroc",
"ARNC","Arconic Inc.","24.39","$10.76B","n/a","Capital Goods","Metal Fabrications","https://www.nasdaq.com/symbol/arnc",
"ARCO","Arcos Dorados Holdings Inc.","7.08","$1.44B","2011","Consumer Services","Restaurants","https://www.nasdaq.com/symbol/arco",
"ACA","Arcosa, Inc.","35.9","$1.74B","2018","Capital Goods","Industrial Machinery/Components","https://www.nasdaq.com/symbol/aca",
"RCUS","Arcus Biosciences, Inc.","9.47","$421.75M","2018","Health Care","Major Pharmaceuticals","https://www.nasdaq.com/symbol/rcus",
"ARD","Ardagh Group S.A.","16.58","$3.92B","2017","Consumer Durables","Containers/Packaging","https://www.nasdaq.com/symbol/ard",
"ASC","Ardmore Shipping Corporation","6.72","$222.42M","2013","Transportation","Marine Transportation","https://www.nasdaq.com/symbol/asc",
"AFC","Ares Capital Corporation","26.3","$210.4M","n/a","n/a","n/a","https://www.nasdaq.com/symbol/afc",
"ACRE","Ares Commercial Real Estate Corporation","14.88","$429.57M","2012","Consumer Services","Real Estate Investment Trusts","https://www.nasdaq.com/symbol/acre",
"ARDC","Ares Dynamic Credit Allocation Fund, Inc.","15.02","$344.18M","2012","n/a","n/a","https://www.nasdaq.com/symbol/ardc",
"ARES","Ares Management Corporation","25.81","$2.67B","2014","Finance","Investment Managers","https://www.nasdaq.com/symbol/ares",
"ARES^A","Ares Management Corporation","26.96","n/a","n/a","n/a","n/a","https://www.nasdaq.com/symbol/ares^a",
"AGX","Argan, Inc.","38.69","$604.85M","n/a","Basic Industries","Engineering & Construction","https://www.nasdaq.com/symbol/agx",
"ARGD","Argo Group International Holdings, Ltd.","25.52","n/a","n/a","Finance","Specialty Insurers","https://www.nasdaq.com/symbol/argd",
"ARGO","Argo Group International Holdings, Ltd.","75.49","$2.57B","n/a","Finance","Specialty Insurers","https://www.nasdaq.com/symbol/argo",
"ANET","Arista Networks, Inc.","246.38","$18.88B","2014","Technology","Computer Communications Equipment","https://www.nasdaq.com/symbol/anet",
"AI","Arlington Asset Investment Corp","6.5","$237.72M","n/a","Consumer Services","Real Estate Investment Trusts","https://www.nasdaq.com/symbol/ai",
"AI^B","Arlington Asset Investment Corp","21.78","n/a","n/a","n/a","n/a","https://www.nasdaq.com/symbol/ai^b",
"AI^C","Arlington Asset Investment Corp","21.5","n/a","n/a","n/a","n/a","https://www.nasdaq.com/symbol/ai^c",
"AIC","Arlington Asset Investment Corp","24.41","n/a","2015","Consumer Services","Real Estate Investment Trusts","https://www.nasdaq.com/symbol/aic",
"AIW","Arlington Asset Investment Corp","24.49","n/a","n/a","Consumer Services","Real Estate Investment Trusts","https://www.nasdaq.com/symbol/aiw",
"ARLO","Arlo Technologies, Inc.","4.01","$299.93M","2018","Consumer Non-Durables","Consumer Electronics/Appliances","https://www.nasdaq.com/symbol/arlo",
"AHH","Armada Hoffler Properties, Inc.","16.65","$1.16B","2013","Finance","Real Estate","https://www.nasdaq.com/symbol/ahh",
"AHH^A","Armada Hoffler Properties, Inc.","26.13","n/a","n/a","n/a","n/a","https://www.nasdaq.com/symbol/ahh^a",
"ARR","ARMOUR Residential REIT, Inc.","18.45","$1.1B","n/a","Consumer Services","Real Estate Investment Trusts","https://www.nasdaq.com/symbol/arr",
"ARR^B","ARMOUR Residential REIT, Inc.","25.06","n/a","n/a","n/a","n/a","https://www.nasdaq.com/symbol/arr^b",
"AFI","Armstrong Flooring, Inc.","9.89","$256.56M","2016","Consumer Non-Durables","Plastic Products","https://www.nasdaq.com/symbol/afi",
"AWI","Armstrong World Industries Inc","96.86","$4.74B","n/a","Consumer Non-Durables","Plastic Products","https://www.nasdaq.com/symbol/awi",
"ARW","Arrow Electronics, Inc.","69.87","$5.92B","n/a","Technology","Electronic Components","https://www.nasdaq.com/symbol/arw",
"AJG","Arthur J. Gallagher & Co.","86.2","$15.97B","n/a","Finance","Specialty Insurers","https://www.nasdaq.com/symbol/ajg",
"APAM","Artisan Partners Asset Management Inc.","26.11","$2.03B","2013","Finance","Investment Managers","https://www.nasdaq.com/symbol/apam",
"ASA","ASA Gold and Precious Metals Limited","11.39","$219.71M","n/a","n/a","n/a","https://www.nasdaq.com/symbol/asa",
"ABG","Asbury Automotive Group Inc","81.1","$1.57B","2002","Consumer Durables","Automotive Aftermarket","https://www.nasdaq.com/symbol/abg",
"ASX","ASE Technology Holding Co., Ltd.","3.83","$8.14B","2018","Technology","Semiconductors","https://www.nasdaq.com/symbol/asx",
"ASGN","ASGN Incorporated","56.5","$2.98B","1992","Technology","Professional Services","https://www.nasdaq.com/symbol/asgn",
"AHT","Ashford Hospitality Trust Inc","2.88","$294.17M","2003","Consumer Services","Real Estate Investment Trusts","https://www.nasdaq.com/symbol/aht",
"AHT^D","Ashford Hospitality Trust Inc","25.57","n/a","n/a","n/a","n/a","https://www.nasdaq.com/symbol/aht^d",
"AHT^F","Ashford Hospitality Trust Inc","22.25","n/a","n/a","n/a","n/a","https://www.nasdaq.com/symbol/aht^f",
"AHT^G","Ashford Hospitality Trust Inc","22.22","n/a","n/a","n/a","n/a","https://www.nasdaq.com/symbol/aht^g",
"AHT^H","Ashford Hospitality Trust Inc","22.2944","n/a","n/a","n/a","n/a","https://www.nasdaq.com/symbol/aht^h",
"AHT^I","Ashford Hospitality Trust Inc","22.33","n/a","n/a","n/a","n/a","https://www.nasdaq.com/symbol/aht^i",
"ASH","Ashland Global Holdings Inc.","78.31","$4.91B","n/a","Consumer Durables","Specialty Chemicals","https://www.nasdaq.com/symbol/ash",
"ASPN","Aspen Aerogels, Inc.","6.28","$152.27M","2014","Consumer Services","RETAIL: Building Materials","https://www.nasdaq.com/symbol/aspn",
"AHL^C","Aspen Insurance Holdings Limited","26.3607","n/a","n/a","n/a","n/a","https://www.nasdaq.com/symbol/ahl^c",
"AHL^D","Aspen Insurance Holdings Limited","25.1","n/a","n/a","n/a","n/a","https://www.nasdaq.com/symbol/ahl^d",
"ASB","Associated Banc-Corp","20.5","$3.36B","n/a","Finance","Major Banks","https://www.nasdaq.com/symbol/asb",
"ASB^C","Associated Banc-Corp","26.1","n/a","n/a","n/a","n/a","https://www.nasdaq.com/symbol/asb^c",
"ASB^D","Associated Banc-Corp","25.327","n/a","n/a","n/a","n/a","https://www.nasdaq.com/symbol/asb^d",
"ASB^E","Associated Banc-Corp","26.17","n/a","n/a","n/a","n/a","https://www.nasdaq.com/symbol/asb^e",
"AC","Associated Capital Group, Inc.","35.24","$794.8M","2015","Finance","Investment Bankers/Brokers/Service","https://www.nasdaq.com/symbol/ac",
"AIZ","Assurant, Inc.","106.01","$6.52B","2004","Finance","Accident &Health Insurance","https://www.nasdaq.com/symbol/aiz",
"AIZP","Assurant, Inc.","111.63","$320.94M","n/a","Finance","Accident &Health Insurance","https://www.nasdaq.com/symbol/aizp",
"AGO","Assured Guaranty Ltd.","42.36","$4.3B","2004","Finance","Property-Casualty Insurers","https://www.nasdaq.com/symbol/ago",
"AGO^B","Assured Guaranty Ltd.","27.17","n/a","n/a","n/a","n/a","https://www.nasdaq.com/symbol/ago^b",
"AGO^E","Assured Guaranty Ltd.","26.42","n/a","n/a","n/a","n/a","https://www.nasdaq.com/symbol/ago^e",
"AGO^F","Assured Guaranty Ltd.","25.68","n/a","n/a","n/a","n/a","https://www.nasdaq.com/symbol/ago^f",
"AZN","Astrazeneca PLC","41.4","$108.62B","n/a","Health Care","Major Pharmaceuticals","https://www.nasdaq.com/symbol/azn",
"HOME","At Home Group Inc.","6.61","$423.31M","2016","Consumer Services","Home Furnishings","https://www.nasdaq.com/symbol/home",
"T","AT&T Inc.","32.55","$237.55B","n/a","Public Utilities","Telecommunications Equipment","https://www.nasdaq.com/symbol/t",
"TBB","AT&T Inc.","26","n/a","2017","Public Utilities","Telecommunications Equipment","https://www.nasdaq.com/symbol/tbb",
"TBC","AT&T Inc.","26.33","n/a","2018","Public Utilities","Telecommunications Equipment","https://www.nasdaq.com/symbol/tbc",
"ATTO","Atento S.A.","2.35","$177.2M","2014","Public Utilities","Telecommunications Equipment","https://www.nasdaq.com/symbol/atto",
"ATH","Athene Holding Ltd.","41.8","$8.09B","2016","Finance","Life Insurance","https://www.nasdaq.com/symbol/ath",
"ATH^A","Athene Holding Ltd.","26.08","n/a","n/a","n/a","n/a","https://www.nasdaq.com/symbol/ath^a",
"ATKR","Atkore International Group Inc.","25.47","$1.18B","2016","Miscellaneous","Industrial Machinery/Components","https://www.nasdaq.com/symbol/atkr",
"AT","Atlantic Power Corporation","2.33","$255.59M","n/a","Energy","Electric Utilities: Central","https://www.nasdaq.com/symbol/at",
"ATO","Atmos Energy Corporation","107.93","$12.63B","n/a","Public Utilities","Oil/Gas Transmission","https://www.nasdaq.com/symbol/ato",
"AUO","AU Optronics Corp","2.82","$2.71B","2002","Technology","Semiconductors","https://www.nasdaq.com/symbol/auo",
"ACB","Aurora Cannabis Inc.","7.46","$7.56B","2018","Consumer Durables","Specialty Chemicals","https://www.nasdaq.com/symbol/acb",
"ATHM","Autohome Inc.","81.84","$9.66B","2013","Technology","EDP Services","https://www.nasdaq.com/symbol/athm",
"ALV","Autoliv, Inc.","67.57","$5.89B","n/a","Capital Goods","Auto Parts:O.E.M.","https://www.nasdaq.com/symbol/alv",
"AN","AutoNation, Inc.","40.5","$3.61B","n/a","Consumer Durables","Automotive Aftermarket","https://www.nasdaq.com/symbol/an",
"AZO","AutoZone, Inc.","1097.83","$26.93B","n/a","Consumer Services","Other Specialty Stores","https://www.nasdaq.com/symbol/azo",
"AVLR","Avalara, Inc.","68.61","$4.8B","2018","Technology","Computer Software: Prepackaged Software","https://www.nasdaq.com/symbol/avlr",
"AVB","AvalonBay Communities, Inc.","204.41","$28.5B","n/a","Consumer Services","Real Estate Investment Trusts","https://www.nasdaq.com/symbol/avb",
"AGR","Avangrid, Inc.","51.17","$15.81B","2015","Public Utilities","Electric Utilities: Central","https://www.nasdaq.com/symbol/agr",
"AVNS","Avanos Medical, Inc.","43.09","$2.05B","2014","Health Care","Industrial Specialties","https://www.nasdaq.com/symbol/avns",
"AVTR","Avantor, Inc.","18.7","$9.99B","2019","Capital Goods","Biotechnology: Laboratory Analytical Instruments","https://www.nasdaq.com/symbol/avtr",
"AVTR^A","Avantor, Inc.","64.6","n/a","n/a","n/a","n/a","https://www.nasdaq.com/symbol/avtr^a",
"AVYA","Avaya Holdings Corp.","11.41","$1.26B","n/a","Public Utilities","Telecommunications Equipment","https://www.nasdaq.com/symbol/avya",
"AVY","Avery Dennison Corporation","111.93","$9.45B","n/a","Consumer Durables","Containers/Packaging","https://www.nasdaq.com/symbol/avy",
"AVH","Avianca Holdings S.A.","3.73","$464.85M","2013","Transportation","Air Freight/Delivery Services","https://www.nasdaq.com/symbol/avh",
"AVA","Avista Corporation","44.8","$2.95B","n/a","Public Utilities","Power Generation","https://www.nasdaq.com/symbol/ava",
"AVP","Avon Products, Inc.","3.84","$1.73B","n/a","Consumer Non-Durables","Package Goods/Cosmetics","https://www.nasdaq.com/symbol/avp",
"AVX","AVX Corporation","16.19","$2.73B","n/a","Capital Goods","Electrical Products","https://www.nasdaq.com/symbol/avx",
"EQH","AXA Equitable Holdings, Inc.","19.89","$9.77B","2018","Finance","Specialty Insurers","https://www.nasdaq.com/symbol/eqh",
"AXTA","Axalta Coating Systems Ltd.","30.64","$7.19B","2014","Basic Industries","Paints/Coatings","https://www.nasdaq.com/symbol/axta",
"AXS","Axis Capital Holdings Limited","59.79","$5.02B","2003","Finance","Property-Casualty Insurers","https://www.nasdaq.com/symbol/axs",
"AXS^D","Axis Capital Holdings Limited","24.83","n/a","n/a","n/a","n/a","https://www.nasdaq.com/symbol/axs^d",
"AXS^E","Axis Capital Holdings Limited","25.253","n/a","n/a","n/a","n/a","https://www.nasdaq.com/symbol/axs^e",
"AX","Axos Financial, Inc.","25.78","$1.58B","2018","Finance","Savings Institutions","https://www.nasdaq.com/symbol/ax",
"AXO","Axos Financial, Inc.","25.73","n/a","2018","Finance","Savings Institutions","https://www.nasdaq.com/symbol/axo",
"AZUL","Azul S.A.","32.98","$3.73B","2017","Transportation","Air Freight/Delivery Services","https://www.nasdaq.com/symbol/azul",
"AZRE","Azure Power Global Limited","10.715","$439.74M","2016","Public Utilities","Electric Utilities: Central","https://www.nasdaq.com/symbol/azre",
"AZZ","AZZ Inc.","43.09","$1.13B","n/a","Consumer Durables","Building Products","https://www.nasdaq.com/symbol/azz",
"BGS","B&G Foods, Inc.","21.74","$1.42B","n/a","Consumer Non-Durables","Packaged Foods","https://www.nasdaq.com/symbol/bgs",
"BRPM","B. Riley Principal Merger Corp.","9.75","$179.7M","2019","Finance","Business Services","https://www.nasdaq.com/symbol/brpm",
"BRPM.U","B. Riley Principal Merger Corp.","n/a","n/a","2019","n/a","n/a","https://www.nasdaq.com/symbol/brpm.u",
"BRPM.WS","B. Riley Principal Merger Corp.","n/a","n/a","n/a","n/a","n/a","https://www.nasdaq.com/symbol/brpm.ws",
"BW","Babcock","0.3601","$60.81M","2015","Capital Goods","Building Products","https://www.nasdaq.com/symbol/bw",
"BGH","Babson Global Short Duration High Yield Fund","17.77","$356.43M","2012","n/a","n/a","https://www.nasdaq.com/symbol/bgh",
"BMI","Badger Meter, Inc.","58.31","$1.7B","n/a","Capital Goods","Industrial Machinery/Components","https://www.nasdaq.com/symbol/bmi",
"BCSF","Bain Capital Specialty Finance, Inc.","18.67","$964.3M","2018","n/a","n/a","https://www.nasdaq.com/symbol/bcsf",
"BHGE","Baker Hughes, a GE company","24.62","$25.53B","2017","Energy","Metal Fabrications","https://www.nasdaq.com/symbol/bhge",
"BBN","BalckRock Taxable Municipal Bond Trust","23.36","$1.33B","2010","n/a","n/a","https://www.nasdaq.com/symbol/bbn",
"BLL","Ball Corporation","68.06","$22.78B","n/a","Consumer Durables","Containers/Packaging","https://www.nasdaq.com/symbol/bll",
"BANC","Banc of California, Inc.","13.48","$685.39M","n/a","Finance","Major Banks","https://www.nasdaq.com/symbol/banc",
"BANC^D","Banc of California, Inc.","25.86","n/a","n/a","n/a","n/a","https://www.nasdaq.com/symbol/banc^d",
"BANC^E","Banc of California, Inc.","26.3","n/a","n/a","n/a","n/a","https://www.nasdaq.com/symbol/banc^e",
"BBVA","Banco Bilbao Viscaya Argentaria S.A.","5.52","$36.66B","n/a","Finance","Commercial Banks","https://www.nasdaq.com/symbol/bbva",
"BBD","Banco Bradesco Sa","9.71","$77.99B","n/a","Finance","Major Banks","https://www.nasdaq.com/symbol/bbd",
"BBDO","Banco Bradesco Sa","8.545","$68.64B","n/a","Finance","Major Banks","https://www.nasdaq.com/symbol/bbdo",
"BCH","Banco De Chile","29.62","$14.96B","n/a","Finance","Commercial Banks","https://www.nasdaq.com/symbol/bch",
"BLX","Banco Latinoamericano de Comercio Exterior, S.A.","20.36","$805M","1992","Finance","Commercial Banks","https://www.nasdaq.com/symbol/blx",
"BSBR","Banco Santander Brasil SA","11.69","$87.32B","2009","Finance","Commercial Banks","https://www.nasdaq.com/symbol/bsbr",
"BSAC","Banco Santander Chile","29.52","$13.91B","n/a","Finance","Commercial Banks","https://www.nasdaq.com/symbol/bsac",
"BSMX","Banco Santander Mexico, S.A., Institucion de Ban","7.53","$10.22B","2012","Finance","Commercial Banks","https://www.nasdaq.com/symbol/bsmx",
"SAN","Banco Santander, S.A.","4.48","$72.74B","n/a","Finance","Commercial Banks","https://www.nasdaq.com/symbol/san",
"SAN^B","Banco Santander, S.A.","22.41","n/a","n/a","n/a","n/a","https://www.nasdaq.com/symbol/san^b",
"CIB","BanColombia S.A.","51.27","$2.41B","n/a","Finance","Commercial Banks","https://www.nasdaq.com/symbol/cib",
"BXS","BancorpSouth Bank","27.86","$2.77B","n/a","n/a","n/a","https://www.nasdaq.com/symbol/bxs",
"BAC","Bank of America Corporation","27.76","$263.95B","n/a","Finance","Major Banks","https://www.nasdaq.com/symbol/bac",
"BAC^A","Bank of America Corporation","26.89","n/a","n/a","n/a","n/a","https://www.nasdaq.com/symbol/bac^a",
"BAC^B","Bank of America Corporation","26.72","n/a","n/a","n/a","n/a","https://www.nasdaq.com/symbol/bac^b",
"BAC^C","Bank of America Corporation","26.45","n/a","n/a","n/a","n/a","https://www.nasdaq.com/symbol/bac^c",
"BAC^E","Bank of America Corporation","22.64","n/a","n/a","n/a","n/a","https://www.nasdaq.com/symbol/bac^e",
"BAC^K","Bank of America Corporation","26.74","n/a","n/a","n/a","n/a","https://www.nasdaq.com/symbol/bac^k",
"BAC^L","Bank of America Corporation","1375","n/a","n/a","n/a","n/a","https://www.nasdaq.com/symbol/bac^l",
"BAC^W","Bank of America Corporation","25.39","n/a","n/a","Finance","Major Banks","https://www.nasdaq.com/symbol/bac^w",
"BAC^Y","Bank of America Corporation","25.82","n/a","n/a","Finance","Major Banks","https://www.nasdaq.com/symbol/bac^y",
"BML^G","Bank of America Corporation","19.8443","n/a","n/a","n/a","n/a","https://www.nasdaq.com/symbol/bml^g",
"BML^H","Bank of America Corporation","19.7373","n/a","n/a","n/a","n/a","https://www.nasdaq.com/symbol/bml^h",
"BML^J","Bank of America Corporation","21.78","n/a","n/a","n/a","n/a","https://www.nasdaq.com/symbol/bml^j",
"BML^L","Bank of America Corporation","21.75","n/a","n/a","n/a","n/a","https://www.nasdaq.com/symbol/bml^l",
"BOH","Bank of Hawaii Corporation","79.6","$3.26B","n/a","Finance","Major Banks","https://www.nasdaq.com/symbol/boh",
"BMO","Bank Of Montreal","75.14","$47.99B","n/a","Finance","Commercial Banks","https://www.nasdaq.com/symbol/bmo",
"NTB","Bank of N.T. Butterfield & Son Limited (The)","34.98","$1.94B","2016","Finance","Commercial Banks","https://www.nasdaq.com/symbol/ntb",
"BK","Bank Of New York Mellon Corporation (The)","43.43","$41.58B","n/a","Finance","Major Banks","https://www.nasdaq.com/symbol/bk",
"BK^C","Bank Of New York Mellon Corporation (The)","25.6","n/a","n/a","n/a","n/a","https://www.nasdaq.com/symbol/bk^c",
"BNS","Bank of Nova Scotia (The)","54.14","$66.18B","n/a","Finance","Major Banks","https://www.nasdaq.com/symbol/bns",
"BKU","BankUnited, Inc.","33.08","$3.25B","2011","Finance","Savings Institutions","https://www.nasdaq.com/symbol/bku",
"BCS","Barclays PLC","7.44","$32.07B","n/a","Finance","Commercial Banks","https://www.nasdaq.com/symbol/bcs",
"BBDC","Barings BDC, Inc.","9.98","$504.29M","n/a","n/a","n/a","https://www.nasdaq.com/symbol/bbdc",
"MCI","Barings Corporate Investors","15.64","$314.1M","n/a","n/a","n/a","https://www.nasdaq.com/symbol/mci",
"MPV","Barings Participation Investors","16.4","$172.64M","1988","Consumer Services","Miscellaneous","https://www.nasdaq.com/symbol/mpv",
"BNED","Barnes & Noble Education, Inc","3.14","$143.06M","2015","Consumer Services","Other Specialty Stores","https://www.nasdaq.com/symbol/bned",
"BKS","Barnes & Noble, Inc.","6.71","$491.22M","n/a","Consumer Services","Other Specialty Stores","https://www.nasdaq.com/symbol/bks",
"B","Barnes Group, Inc.","53.72","$2.76B","n/a","Capital Goods","Metal Fabrications","https://www.nasdaq.com/symbol/b",
"GOLD","Barrick Gold Corporation","16.01","$28.04B","n/a","Basic Industries","Precious Metals","https://www.nasdaq.com/symbol/gold",
"BAS","Basic Energy Services, Inc.","2.03","$54.72M","2005","Energy","Oilfield Services/Equipment","https://www.nasdaq.com/symbol/bas",
"BHC","Bausch Health Companies Inc.","24.38","$8.52B","n/a","Health Care","Major Pharmaceuticals","https://www.nasdaq.com/symbol/bhc",
"BAX","Baxter International Inc.","81.73","$41.7B","n/a","Health Care","Medical/Dental Instruments","https://www.nasdaq.com/symbol/bax",
"BTE","Baytex Energy Corp","1.54","$857.08M","n/a","Energy","Oil & Gas Production","https://www.nasdaq.com/symbol/bte",
"BBT","BB&T Corporation","48.33","$37.02B","n/a","Finance","Major Banks","https://www.nasdaq.com/symbol/bbt",
"BBT^D","BB&T Corporation","25.49","n/a","n/a","n/a","n/a","https://www.nasdaq.com/symbol/bbt^d",
"BBT^E","BB&T Corporation","25.35","n/a","n/a","n/a","n/a","https://www.nasdaq.com/symbol/bbt^e",
"BBT^F","BB&T Corporation","25","n/a","n/a","n/a","n/a","https://www.nasdaq.com/symbol/bbt^f",
"BBT^G","BB&T Corporation","25","n/a","n/a","n/a","n/a","https://www.nasdaq.com/symbol/bbt^g",
"BBT^H","BB&T Corporation","26.14","n/a","n/a","n/a","n/a","https://www.nasdaq.com/symbol/bbt^h",
"BBAR","BBVA Banco Frances S.A.","11.19","$2.29B","n/a","Finance","Commercial Banks","https://www.nasdaq.com/symbol/bbar",
"BBX","BBX Capital Corporation","4.64","$453.63M","2017","Finance","Real Estate","https://www.nasdaq.com/symbol/bbx",
"BCE","BCE, Inc.","45.52","$40.96B","n/a","Public Utilities","Telecommunications Equipment","https://www.nasdaq.com/symbol/bce",
"BZH","Beazer Homes USA, Inc.","9.25","$296.4M","1994","Capital Goods","Homebuilding","https://www.nasdaq.com/symbol/bzh",
"BDX","Becton, Dickinson and Company","248.22","$66.95B","n/a","Health Care","Medical/Dental Instruments","https://www.nasdaq.com/symbol/bdx",
"BDXA","Becton, Dickinson and Company","61.33","n/a","n/a","Health Care","Medical/Dental Instruments","https://www.nasdaq.com/symbol/bdxa",
"BDC","Belden Inc","59.51","$2.35B","n/a","Basic Industries","Telecommunications Equipment","https://www.nasdaq.com/symbol/bdc",
"BDC^B","Belden Inc","80.67","n/a","n/a","n/a","n/a","https://www.nasdaq.com/symbol/bdc^b",
"BHE","Benchmark Electronics, Inc.","24.15","$931.4M","n/a","Technology","Electrical Products","https://www.nasdaq.com/symbol/bhe",
"BRK.A","Berkshire Hathaway Inc.","n/a","n/a","n/a","n/a","n/a","https://www.nasdaq.com/symbol/brk.a",
"BRK.B","Berkshire Hathaway Inc.","n/a","n/a","n/a","n/a","n/a","https://www.nasdaq.com/symbol/brk.b",
"BHLB","Berkshire Hills Bancorp, Inc.","29.78","$1.52B","n/a","Finance","Banks","https://www.nasdaq.com/symbol/bhlb",
"BERY","Berry Global Group, Inc.","51.36","$6.76B","2012","Consumer Non-Durables","Plastic Products","https://www.nasdaq.com/symbol/bery",
"BBY","Best Buy Co., Inc.","66.39","$17.73B","n/a","Consumer Services","Consumer Electronics/Video Chains","https://www.nasdaq.com/symbol/bby",
"BEST","BEST Inc.","5.34","$2.07B","2017","Transportation","Trucking Freight/Courier Services","https://www.nasdaq.com/symbol/best",
"BHP","BHP Group Limited","57.08","$144.33B","n/a","Basic Industries","Precious Metals","https://www.nasdaq.com/symbol/bhp",
"BBL","BHP Group Plc","50.22","$2.81B","n/a","Energy","Coal Mining","https://www.nasdaq.com/symbol/bbl",
"BIG","Big Lots, Inc.","27.78","$1.08B","n/a","Consumer Services","Department/Specialty Retail Stores","https://www.nasdaq.com/symbol/big",
"BH","Biglari Holdings Inc.","103.84","$236.29M","2018","Consumer Services","Restaurants","https://www.nasdaq.com/symbol/bh",
"BH.A","Biglari Holdings Inc.","n/a","n/a","n/a","n/a","n/a","https://www.nasdaq.com/symbol/bh.a",
"BHVN","Biohaven Pharmaceutical Holding Company Ltd.","39.79","$2.05B","2017","Health Care","Major Pharmaceuticals","https://www.nasdaq.com/symbol/bhvn",
"BIO","Bio-Rad Laboratories, Inc.","301.47","$8.99B","n/a","Capital Goods","Biotechnology: Laboratory Analytical Instruments","https://www.nasdaq.com/symbol/bio",
"BIO.B","Bio-Rad Laboratories, Inc.","n/a","n/a","n/a","n/a","n/a","https://www.nasdaq.com/symbol/bio.b",
"BITA","Bitauto Holdings Limited","10.06","$700.53M","2010","Technology","EDP Services","https://www.nasdaq.com/symbol/bita",
"BJ","BJ&#39;s Wholesale Club Holdings, Inc.","25.51","$3.55B","2018","Consumer Services","Department/Specialty Retail Stores","https://www.nasdaq.com/symbol/bj",
"BKH","Black Hills Corporation","80.64","$4.87B","n/a","Public Utilities","Electric Utilities: Central","https://www.nasdaq.com/symbol/bkh",
"BKI","Black Knight, Inc.","60.36","$9.05B","2017","Technology","Computer Software: Prepackaged Software","https://www.nasdaq.com/symbol/bki",
"BSM","Black Stone Minerals, L.P.","15.17","$3.12B","2015","Energy","Oil & Gas Production","https://www.nasdaq.com/symbol/bsm",
"BB","BlackBerry Limited","8.29","$4.54B","n/a","Technology","Computer Software: Prepackaged Software","https://www.nasdaq.com/symbol/bb",
"BGIO","BlackRock 2022 Global Income Opportunity Trust","9.28","$205.36M","2017","n/a","n/a","https://www.nasdaq.com/symbol/bgio",
"BFZ","BlackRock California Municipal Income Trust","13.2","$421.12M","2001","n/a","n/a","https://www.nasdaq.com/symbol/bfz",
"CII","Blackrock Capital and Income Strategies Fund Inc","15.48","$683M","2004","n/a","n/a","https://www.nasdaq.com/symbol/cii",
"BHK","Blackrock Core Bond Trust","13.89","$749.16M","2001","n/a","n/a","https://www.nasdaq.com/symbol/bhk",
"HYT","Blackrock Corporate High Yield Fund, Inc.","10.6","$1.29B","2003","n/a","n/a","https://www.nasdaq.com/symbol/hyt",
"BTZ","BlackRock Credit Allocation Income Trust","12.92","$1.34B","2006","n/a","n/a","https://www.nasdaq.com/symbol/btz",
"DSU","Blackrock Debt Strategies Fund, Inc.","10.72","$535.86M","1998","n/a","n/a","https://www.nasdaq.com/symbol/dsu",
"BGR","BlackRock Energy and Resources Trust","11.51","$343.29M","2004","n/a","n/a","https://www.nasdaq.com/symbol/bgr",
"BDJ","Blackrock Enhanced Equity Dividend Trust","8.6","$1.61B","2005","n/a","n/a","https://www.nasdaq.com/symbol/bdj",
"EGF","Blackrock Enhanced Government Fund, Inc","13.1","$68.92M","2005","n/a","n/a","https://www.nasdaq.com/symbol/egf",
"FRA","Blackrock Floating Rate Income Strategies Fund Inc","12.74","$465.98M","2003","n/a","n/a","https://www.nasdaq.com/symbol/fra",
"BFO","Blackrock Florida Municipal 2020 Term Trust","14.34","$79.68M","2003","n/a","n/a","https://www.nasdaq.com/symbol/bfo",
"BGT","Blackrock Global","12.28","$284.95M","2004","n/a","n/a","https://www.nasdaq.com/symbol/bgt",
"BOE","Blackrock Global","10.52","$708.02M","2005","n/a","n/a","https://www.nasdaq.com/symbol/boe",
"BME","Blackrock Health Sciences Trust","38.54","$402.8M","2005","n/a","n/a","https://www.nasdaq.com/symbol/bme",
"BAF","BlackRock Income Investment Quality Trust","14.23","$124.5M","2002","n/a","n/a","https://www.nasdaq.com/symbol/baf",
"BKT","BlackRock Income Trust Inc. (The)","6.05","$385.97M","n/a","n/a","n/a","https://www.nasdaq.com/symbol/bkt",
"BGY","BLACKROCK INTERNATIONAL, LTD.","5.5","$591.4M","2007","n/a","n/a","https://www.nasdaq.com/symbol/bgy",
"BKN","BlackRock Investment Quality Municipal Trust Inc. (The)","14.82","$254.69M","1993","n/a","n/a","https://www.nasdaq.com/symbol/bkn",
"BTA","BlackRock Long-Term Municipal Advantage Trust","12.47","$167.38M","2006","n/a","n/a","https://www.nasdaq.com/symbol/bta",
"BZM","BlackRock Maryland Municipal Bond Trust","14.72","$30.64M","2002","n/a","n/a","https://www.nasdaq.com/symbol/bzm",
"MHE","BlackRock Massachusetts Tax-Exempt Trust","13.1499","$31.18M","1993","n/a","n/a","https://www.nasdaq.com/symbol/mhe",
"BIT","BlackRock Multi-Sector Income Trust","17.14","$643.39M","2013","n/a","n/a","https://www.nasdaq.com/symbol/bit",
"MUI","Blackrock Muni Intermediate Duration Fund Inc","13.92","$533.08M","2003","n/a","n/a","https://www.nasdaq.com/symbol/mui",
"MNE","Blackrock Muni New York Intermediate Duration Fund Inc","14.24","$59.95M","2003","n/a","n/a","https://www.nasdaq.com/symbol/mne",
"MUA","Blackrock MuniAssets Fund, Inc.","15.63","$563.31M","1993","n/a","n/a","https://www.nasdaq.com/symbol/mua",
"BKK","Blackrock Municipal 2020 Term Trust","15.04","$304.36M","2003","n/a","n/a","https://www.nasdaq.com/symbol/bkk",
"BBK","Blackrock Municipal Bond Trust","14.79","$155.63M","2002","n/a","n/a","https://www.nasdaq.com/symbol/bbk",
"BBF","BlackRock Municipal Income Investment Trust","14.2","$145.25M","n/a","n/a","n/a","https://www.nasdaq.com/symbol/bbf",
"BYM","Blackrock Municipal Income Quality Trust","13.65","$360.45M","2002","n/a","n/a","https://www.nasdaq.com/symbol/bym",
"BFK","BlackRock Municipal Income Trust","13.84","$620.47M","n/a","n/a","n/a","https://www.nasdaq.com/symbol/bfk",
"BLE","BlackRock Municipal Income Trust II","14.5988","$343.51M","2002","n/a","n/a","https://www.nasdaq.com/symbol/ble",
"BTT","BlackRock Municipal Target Term Trust Inc. (The)","22.98","$1.62B","2012","n/a","n/a","https://www.nasdaq.com/symbol/btt",
"MEN","Blackrock MuniEnhanced Fund, Inc.","11.01","$326.79M","1989","n/a","n/a","https://www.nasdaq.com/symbol/men",
"MUC","Blackrock MuniHoldings California Quality Fund,  Inc.","13.61","$558.04M","1998","n/a","n/a","https://www.nasdaq.com/symbol/muc",
"MUH","Blackrock MuniHoldings Fund II, Inc.","15.01","$170.16M","1998","n/a","n/a","https://www.nasdaq.com/symbol/muh",
"MHD","Blackrock MuniHoldings Fund, Inc.","16.68","$236.71M","1997","n/a","n/a","https://www.nasdaq.com/symbol/mhd",
"MFL","Blackrock MuniHoldings Investment Quality Fund","13.26","$502.5M","1997","n/a","n/a","https://www.nasdaq.com/symbol/mfl",
"MUJ","Blackrock MuniHoldings New Jersey Insured Fund, Inc.","13.94","$420.34M","1998","n/a","n/a","https://www.nasdaq.com/symbol/muj",
"MHN","Blackrock MuniHoldings New York Quality Fund, Inc.","13.11","$408.14M","1997","n/a","n/a","https://www.nasdaq.com/symbol/mhn",
"MUE","Blackrock MuniHoldings Quality Fund II, Inc.","12.57","$283.09M","n/a","n/a","n/a","https://www.nasdaq.com/symbol/mue",
"MUS","Blackrock MuniHoldings Quality Fund, Inc.","12.43","$161.82M","1998","n/a","n/a","https://www.nasdaq.com/symbol/mus",
"MVT","Blackrock MuniVest Fund II, Inc.","14.87","$317.09M","1993","n/a","n/a","https://www.nasdaq.com/symbol/mvt",
"MYC","Blackrock MuniYield California Fund, Inc.","14.05","$300.94M","1992","n/a","n/a","https://www.nasdaq.com/symbol/myc",
"MCA","Blackrock MuniYield California Insured Fund, Inc.","14.25","$490.28M","1992","n/a","n/a","https://www.nasdaq.com/symbol/mca",
"MYD","Blackrock MuniYield Fund, Inc.","14.31","$671.01M","1991","n/a","n/a","https://www.nasdaq.com/symbol/myd",
"MYF","Blackrock MuniYield Investment Fund","14.53","$199.18M","1992","n/a","n/a","https://www.nasdaq.com/symbol/myf",
"MFT","Blackrock MuniYield Investment QualityFund","13.85","$117.41M","1992","n/a","n/a","https://www.nasdaq.com/symbol/mft",
"MIY","Blackrock MuniYield Michigan Quality Fund, Inc.","13.6614","$404.08M","1992","n/a","n/a","https://www.nasdaq.com/symbol/miy",
"MYJ","Blackrock MuniYield New Jersey Fund, Inc.","14.95","$361.16M","1992","n/a","n/a","https://www.nasdaq.com/symbol/myj",
"MYN","Blackrock MuniYield New York Quality Fund, Inc.","12.63","$499.98M","1992","n/a","n/a","https://www.nasdaq.com/symbol/myn",
"MPA","Blackrock MuniYield Pennsylvania Quality Fund","13.92","$185.74M","1992","n/a","n/a","https://www.nasdaq.com/symbol/mpa",
"MQT","Blackrock MuniYield Quality Fund II, Inc.","12.46","$281.07M","1992","n/a","n/a","https://www.nasdaq.com/symbol/mqt",
"MYI","Blackrock MuniYield Quality Fund III, Inc.","13.15","$896.18M","n/a","n/a","n/a","https://www.nasdaq.com/symbol/myi",
"MQY","Blackrock MuniYield Quality Fund, Inc.","14.5","$445.33M","1992","n/a","n/a","https://www.nasdaq.com/symbol/mqy",
"BNY","BlackRock New York Investment Quality Municipal Trust Inc. (Th","13.48","$174.92M","n/a","n/a","n/a","https://www.nasdaq.com/symbol/bny",
"BQH","Blackrock New York Municipal Bond Trust","14.55","$40.74M","2002","n/a","n/a","https://www.nasdaq.com/symbol/bqh",
"BSE","Blackrock New York Municipal Income Quality Trust","13.29","$86.65M","2002","n/a","n/a","https://www.nasdaq.com/symbol/bse",
"BFY","BlackRock New York Municipal Income Trust II","13.74","$68.77M","2002","n/a","n/a","https://www.nasdaq.com/symbol/bfy",
"BCX","BlackRock Resources","7.98","$744.27M","2011","n/a","n/a","https://www.nasdaq.com/symbol/bcx",
"BST","BlackRock Science and Technology Trust","31.31","$703.01M","2014","n/a","n/a","https://www.nasdaq.com/symbol/bst",
"BSD","BlackRock Strategic Municipal Trust Inc. (The)","14.23","$103.99M","1999","n/a","n/a","https://www.nasdaq.com/symbol/bsd",
"BUI","BlackRock Utility, Infrastructure & Power Opportun","21.87","$372.11M","2011","n/a","n/a","https://www.nasdaq.com/symbol/bui",
"BHV","BlackRock Virginia Municipal Bond Trust","17.0615","$27.4M","2002","n/a","n/a","https://www.nasdaq.com/symbol/bhv",
"BLK","BlackRock, Inc.","458.36","$71.26B","1999","Finance","Investment Bankers/Brokers/Service","https://www.nasdaq.com/symbol/blk",
"BGB","Blackstone / GSO Strategic Credit Fund","14.55","$649.87M","2012","n/a","n/a","https://www.nasdaq.com/symbol/bgb",
"BGX","Blackstone GSO Long Short Credit Income Fund","15.55","$197.52M","2011","n/a","n/a","https://www.nasdaq.com/symbol/bgx",
"BSL","Blackstone GSO Senior Floating Rate Term Fund","16.76","$255.91M","2010","n/a","n/a","https://www.nasdaq.com/symbol/bsl",
"BE","Bloom Energy Corporation","11.53","$1.31B","2018","Energy","Industrial Machinery/Components","https://www.nasdaq.com/symbol/be",
"APRN","Blue Apron Holdings, Inc.","6.68","$87.51M","2017","Consumer Services","Catalog/Specialty Distribution","https://www.nasdaq.com/symbol/aprn",
"BCRH","Blue Capital Reinsurance Holdings Ltd.","6.8","$59.62M","2013","Finance","Property-Casualty Insurers","https://www.nasdaq.com/symbol/bcrh",
"BXG","Bluegreen Vacations Corporation","11.21","$834.54M","2017","Finance","Real Estate","https://www.nasdaq.com/symbol/bxg",
"BXC","BlueLinx Holdings Inc.","19.13","$178.8M","2004","Capital Goods","Wholesale Distributors","https://www.nasdaq.com/symbol/bxc",
"DCF","BNY Mellon Alcentra Global Credit Income 2024 Target Term Fund","9.15","$136.9M","2017","n/a","n/a","https://www.nasdaq.com/symbol/dcf",
"DHF","BNY Mellon High Yield Strategies Fund","3.04","$221.03M","1998","n/a","n/a","https://www.nasdaq.com/symbol/dhf",
"DMB","BNY Mellon Municipal Bond Infrastructure Fund, Inc","13.27","$243.93M","2013","n/a","n/a","https://www.nasdaq.com/symbol/dmb",
"DSM","BNY Mellon Strategic Municipal Bond Fund, Inc.","7.88","$389.03M","1989","n/a","n/a","https://www.nasdaq.com/symbol/dsm",
"LEO","BNY Mellon Strategic Municipals, Inc.","8.14","$506.27M","1987","n/a","n/a","https://www.nasdaq.com/symbol/leo",
"BA","Boeing Company (The)","369.32","$207.79B","n/a","Capital Goods","Aerospace","https://www.nasdaq.com/symbol/ba",
"BCC","Boise Cascade, L.L.C.","25.55","$995.8M","2013","Consumer Services","RETAIL: Building Materials","https://www.nasdaq.com/symbol/bcc",
"BCEI","Bonanza Creek Energy, Inc.","19.12","$394.34M","2017","Energy","Oil & Gas Production","https://www.nasdaq.com/symbol/bcei",
"BOOT","Boot Barn Holdings, Inc.","34.23","$970.63M","2014","Consumer Services","Clothing/Shoe/Accessory Stores","https://www.nasdaq.com/symbol/boot",
"BAH","Booz Allen Hamilton Holding Corporation","66.12","$9.26B","2010","Consumer Services","Professional Services","https://www.nasdaq.com/symbol/bah",
"BWA","BorgWarner Inc.","41.49","$8.6B","n/a","Capital Goods","Auto Parts:O.E.M.","https://www.nasdaq.com/symbol/bwa",
"SAM","Boston Beer Company, Inc. (The)","361.19","$4.21B","n/a","Consumer Non-Durables","Beverages (Production/Distribution)","https://www.nasdaq.com/symbol/sam",
"BXP","Boston Properties, Inc.","130.8","$20.21B","1997","Consumer Services","Real Estate Investment Trusts","https://www.nasdaq.com/symbol/bxp",
"BXP^B","Boston Properties, Inc.","25.01","n/a","n/a","n/a","n/a","https://www.nasdaq.com/symbol/bxp^b",
"BSX","Boston Scientific Corporation","41.72","$58.02B","n/a","Health Care","Medical/Dental Instruments","https://www.nasdaq.com/symbol/bsx",
"BOX","Box, Inc.","17.61","$2.58B","2015","Technology","Computer Software: Prepackaged Software","https://www.nasdaq.com/symbol/box",
"BYD","Boyd Gaming Corporation","26.59","$2.96B","1993","Consumer Services","Hotels/Resorts","https://www.nasdaq.com/symbol/byd",
"BPMP","BP Midstream Partners LP","15.24","$1.6B","2017","Energy","Natural Gas Distribution","https://www.nasdaq.com/symbol/bpmp",
"BP","BP p.l.c.","41.86","$142.24B","n/a","Energy","Integrated oil Companies","https://www.nasdaq.com/symbol/bp",
"BPT","BP Prudhoe Bay Royalty Trust","15.05","$322.07M","n/a","Energy","Integrated oil Companies","https://www.nasdaq.com/symbol/bpt",
"BRC","Brady Corporation","47.58","$2.51B","n/a","Consumer Durables","Miscellaneous manufacturing industries","https://www.nasdaq.com/symbol/brc",
"BHR","Braemar Hotels & Resorts Inc.","9.56","$314.36M","2013","Consumer Services","Real Estate Investment Trusts","https://www.nasdaq.com/symbol/bhr",
"BHR^B","Braemar Hotels & Resorts Inc.","18.93","n/a","n/a","n/a","n/a","https://www.nasdaq.com/symbol/bhr^b",
"BHR^D","Braemar Hotels & Resorts Inc.","25.54","n/a","n/a","n/a","n/a","https://www.nasdaq.com/symbol/bhr^d",
"BDN","Brandywine Realty Trust","14.68","$2.59B","n/a","Consumer Services","Real Estate Investment Trusts","https://www.nasdaq.com/symbol/bdn",
"BWG","BrandywineGLOBAL Global Income Opportunities Fund ","11.69","$245.37M","2012","n/a","n/a","https://www.nasdaq.com/symbol/bwg",
"LND","Brasilagro Cia Brasileira De Propriedades Agricolas","4.19","$225.43M","n/a","Consumer Non-Durables","Farming/Seeds/Milling","https://www.nasdaq.com/symbol/lnd",
"BRFS","BRF S.A.","7.44","$6.04B","n/a","Consumer Non-Durables","Meat/Poultry/Fish","https://www.nasdaq.com/symbol/brfs",
"BGG","Briggs & Stratton Corporation","9.75","$410.07M","n/a","Energy","Industrial Machinery/Components","https://www.nasdaq.com/symbol/bgg",
"MNRL","Brigham Minerals, Inc.","21.04","$1.07B","2019","Energy","Oil & Gas Production","https://www.nasdaq.com/symbol/mnrl",
"BFAM","Bright Horizons Family Solutions Inc.","148.82","$8.64B","2013","Miscellaneous","Other Consumer Services","https://www.nasdaq.com/symbol/bfam",
"BEDU","Bright Scholar Education Holdings Limited","10.06","$296.67M","2017","Consumer Services","Other Consumer Services","https://www.nasdaq.com/symbol/bedu",
"BSA","BrightSphere Investment Group plc","24.3604","n/a","2016","Finance","Investment Managers","https://www.nasdaq.com/symbol/bsa",
"BSIG","BrightSphere Investment Group plc","10.89","$1B","2014","Finance","Investment Managers","https://www.nasdaq.com/symbol/bsig",
"BV","BrightView Holdings, Inc.","18.43","$1.93B","2018","Consumer Non-Durables","Farming/Seeds/Milling","https://www.nasdaq.com/symbol/bv",
"EAT","Brinker International, Inc.","38.28","$1.44B","n/a","Consumer Services","Restaurants","https://www.nasdaq.com/symbol/eat",
"BCO","Brink&#39;s Company (The)","79.44","$3.96B","n/a","Transportation","Oil Refining/Marketing","https://www.nasdaq.com/symbol/bco",
"BMY","Bristol-Myers Squibb Company","45.77","$74.87B","n/a","Health Care","Major Pharmaceuticals","https://www.nasdaq.com/symbol/bmy",
"BTI","British American Tobacco p.l.c.","35.77","$82.05B","n/a","Consumer Non-Durables","Farming/Seeds/Milling","https://www.nasdaq.com/symbol/bti",
"BRX","Brixmor Property Group Inc.","18.11","$5.4B","2013","Consumer Services","Real Estate Investment Trusts","https://www.nasdaq.com/symbol/brx",
"BR","Broadridge Financial Solutions, Inc.","128.06","$14.87B","n/a","Miscellaneous","Business Services","https://www.nasdaq.com/symbol/br",
"BKD","Brookdale Senior Living Inc.","6.91","$1.29B","2005","Health Care","Hospital/Nursing Management","https://www.nasdaq.com/symbol/bkd",
"BAM","Brookfield Asset Management Inc","47.67","$47.39B","n/a","Consumer Services","Building operators","https://www.nasdaq.com/symbol/bam",
"BBU","Brookfield Business Partners L.P.","38.43","$2.54B","2016","Basic Industries","Engineering & Construction","https://www.nasdaq.com/symbol/bbu",
"DTLA^","Brookfield DTLA Inc.","20.005","n/a","n/a","n/a","n/a","https://www.nasdaq.com/symbol/dtla^",
"INF","Brookfield Global Listed Infrastructure Income Fund","12.7","$171.24M","n/a","n/a","n/a","https://www.nasdaq.com/symbol/inf",
"BIP","Brookfield Infrastructure Partners LP","41.99","$11.75B","n/a","Consumer Services","Marine Transportation","https://www.nasdaq.com/symbol/bip",
"RA","Brookfield Real Assets Income Fund Inc.","21.78","$794.45M","2016","n/a","n/a","https://www.nasdaq.com/symbol/ra",
"BEP","Brookfield Renewable Partners L.P.","34.54","$6.18B","n/a","Public Utilities","Electric Utilities: Central","https://www.nasdaq.com/symbol/bep",
"BRO","Brown & Brown, Inc.","33.17","$9.36B","n/a","Finance","Specialty Insurers","https://www.nasdaq.com/symbol/bro",
"BF.A","Brown Forman Corporation","n/a","n/a","n/a","n/a","n/a","https://www.nasdaq.com/symbol/bf.a",
"BF.B","Brown Forman Corporation","n/a","n/a","n/a","n/a","n/a","https://www.nasdaq.com/symbol/bf.b",
"BRT","BRT Apartments Corp.","12.81","$203.68M","n/a","Consumer Services","Real Estate Investment Trusts","https://www.nasdaq.com/symbol/brt",
"BC","Brunswick Corporation","45.15","$3.93B","n/a","Energy","Industrial Machinery/Components","https://www.nasdaq.com/symbol/bc",
"BC^A","Brunswick Corporation","26.63","n/a","n/a","n/a","n/a","https://www.nasdaq.com/symbol/bc^a",
"BC^B","Brunswick Corporation","26.35","n/a","n/a","n/a","n/a","https://www.nasdaq.com/symbol/bc^b",
"BC^C","Brunswick Corporation","26.1","n/a","n/a","n/a","n/a","https://www.nasdaq.com/symbol/bc^c",
"BT","BT Group plc","12.71","$25.22B","n/a","Public Utilities","Telecommunications Equipment","https://www.nasdaq.com/symbol/bt",
"BPL","Buckeye Partners L.P.","40.88","$6.29B","1986","Energy","Natural Gas Distribution","https://www.nasdaq.com/symbol/bpl",
"BKE","Buckle, Inc. (The)","16.79","$826.57M","n/a","Consumer Services","Clothing/Shoe/Accessory Stores","https://www.nasdaq.com/symbol/bke",
"BVN","Buenaventura Mining Company Inc.","16.78","$4.26B","1996","Basic Industries","Precious Metals","https://www.nasdaq.com/symbol/bvn",
"BBW","Build-A-Bear Workshop, Inc.","5.34","$80.8M","2004","Consumer Services","Recreational Products/Toys","https://www.nasdaq.com/symbol/bbw",
"BG","Bunge Limited","55.88","$7.9B","2001","Consumer Non-Durables","Packaged Foods","https://www.nasdaq.com/symbol/bg",
"BURL","Burlington Stores, Inc.","174.29","$11.57B","2013","Consumer Services","Department/Specialty Retail Stores","https://www.nasdaq.com/symbol/burl",
"BWXT","BWX Technologies, Inc.","51.25","$4.88B","n/a","Energy","Industrial Machinery/Components","https://www.nasdaq.com/symbol/bwxt",
"BY","Byline Bancorp, Inc.","18.34","$697.18M","2017","Finance","Major Banks","https://www.nasdaq.com/symbol/by",
"CJ","C&J Energy Services, Inc","12.15","$802.52M","2017","Energy","Oilfield Services/Equipment","https://www.nasdaq.com/symbol/cj",
"GYB","CABCO Series 2004-101 Trust","21.2931","n/a","n/a","Finance","Finance: Consumer Services","https://www.nasdaq.com/symbol/gyb",
"PFH","CABCO Series 2004-101 Trust","6.7801","n/a","n/a","Finance","Finance: Consumer Services","https://www.nasdaq.com/symbol/pfh",
"CABO","Cable One, Inc.","1129.56","$6.44B","2015","Consumer Services","Television Services","https://www.nasdaq.com/symbol/cabo",
"CBT","Cabot Corporation","45.49","$2.66B","n/a","Basic Industries","Major Chemicals","https://www.nasdaq.com/symbol/cbt",
"COG","Cabot Oil & Gas Corporation","22.96","$9.72B","1990","Energy","Oil & Gas Production","https://www.nasdaq.com/symbol/cog",
"CACI","CACI International, Inc.","203.32","$5.06B","n/a","Technology","EDP Services","https://www.nasdaq.com/symbol/caci",
"WHD","Cactus, Inc.","30.55","$2.3B","2018","Energy","Metal Fabrications","https://www.nasdaq.com/symbol/whd",
"CADE","Cadence Bancorporation","19.91","$2.56B","2017","Finance","Major Banks","https://www.nasdaq.com/symbol/cade",
"CAE","CAE Inc","26.64","$7.08B","n/a","Miscellaneous","Industrial Machinery/Components","https://www.nasdaq.com/symbol/cae",
"CAI","CAI International, Inc.","23.89","$428.47M","n/a","Technology","Diversified Commercial Services","https://www.nasdaq.com/symbol/cai",
"CAI^A","CAI International, Inc.","25.59","n/a","n/a","n/a","n/a","https://www.nasdaq.com/symbol/cai^a",
"CAI^B","CAI International, Inc.","25.5","n/a","n/a","n/a","n/a","https://www.nasdaq.com/symbol/cai^b",
"CAL","Caleres, Inc.","18.8","$793.82M","n/a","Consumer Non-Durables","Shoe Manufacturing","https://www.nasdaq.com/symbol/cal",
"CRC","California Resources Corporation","19.01","$927.69M","2014","Energy","Oil & Gas Production","https://www.nasdaq.com/symbol/crc",
"CWT","California Water  Service Group Holding","50.19","$2.42B","n/a","Public Utilities","Water Supply","https://www.nasdaq.com/symbol/cwt",
"CALX","Calix, Inc","6.56","$356.19M","2010","Consumer Services","Telecommunications Equipment","https://www.nasdaq.com/symbol/calx",
"ELY","Callaway Golf Company","17.6","$1.67B","1992","Consumer Non-Durables","Recreational Products/Toys","https://www.nasdaq.com/symbol/ely",
"CPE","Callon Petroleum Company","6.25","$1.42B","n/a","Energy","Oil & Gas Production","https://www.nasdaq.com/symbol/cpe",
"CPE^A.CL","Callon Petroleum Company","n/a","n/a","n/a","n/a","n/a","https://www.nasdaq.com/symbol/cpe^a.cl",
"CBM","Cambrex Corporation","44.91","$1.51B","1987","Health Care","Major Pharmaceuticals","https://www.nasdaq.com/symbol/cbm",
"CPT","Camden Property Trust","105.81","$10.23B","1993","Consumer Services","Real Estate Investment Trusts","https://www.nasdaq.com/symbol/cpt",
"CCJ","Cameco Corporation","10.41","$4.12B","1996","Basic Industries","Precious Metals","https://www.nasdaq.com/symbol/ccj",
"CPB","Campbell Soup Company","41.04","$12.36B","n/a","Consumer Non-Durables","Packaged Foods","https://www.nasdaq.com/symbol/cpb",
"CWH","Camping World Holdings, Inc.","11.29","$420.17M","2016","Consumer Durables","Automotive Aftermarket","https://www.nasdaq.com/symbol/cwh",
"GOOS","Canada Goose Holdings Inc.","36.04","$2.13B","2017","Consumer Non-Durables","Apparel","https://www.nasdaq.com/symbol/goos",
"CM","Canadian Imperial Bank of Commerce","79.21","$35.22B","n/a","Finance","Commercial Banks","https://www.nasdaq.com/symbol/cm",
"CNI","Canadian National Railway Company","91.41","$65.98B","n/a","Transportation","Railroads","https://www.nasdaq.com/symbol/cni",
"CNQ","Canadian Natural Resources Limited","27.57","$32.97B","n/a","Energy","Oil & Gas Production","https://www.nasdaq.com/symbol/cnq",
"CP","Canadian Pacific Railway Limited","234.64","$32.81B","n/a","Transportation","Railroads","https://www.nasdaq.com/symbol/cp",
"CANG","Cango Inc.","6.59","$997.76M","2018","Technology","Computer Software: Prepackaged Software","https://www.nasdaq.com/symbol/cang",
"CNNE","Cannae Holdings, Inc.","29.13","$2.1B","2017","Consumer Services","Restaurants","https://www.nasdaq.com/symbol/cnne",
"CTST","CannTrust Holdings Inc.","5.02","$708.83M","2019","Consumer Durables","Specialty Chemicals","https://www.nasdaq.com/symbol/ctst",
"CAJ","Canon, Inc.","29.91","$31.82B","n/a","Miscellaneous","Industrial Machinery/Components","https://www.nasdaq.com/symbol/caj",
"CGC","Canopy Growth Corporation","39.77","$13.7B","n/a","Consumer Durables","Specialty Chemicals","https://www.nasdaq.com/symbol/cgc",
"CMD","Cantel Medical Corp.","74.8","$3.12B","n/a","Health Care","Medical/Dental Instruments","https://www.nasdaq.com/symbol/cmd",
"COF","Capital One Financial Corporation","88.82","$41.71B","1994","Finance","Major Banks","https://www.nasdaq.com/symbol/cof",
"COF^C","Capital One Financial Corporation","25.41","n/a","n/a","Finance","Major Banks","https://www.nasdaq.com/symbol/cof^c",
"COF^D","Capital One Financial Corporation","25.515","n/a","n/a","n/a","n/a","https://www.nasdaq.com/symbol/cof^d",
"COF^F","Capital One Financial Corporation","25.88","n/a","n/a","n/a","n/a","https://www.nasdaq.com/symbol/cof^f",
"COF^G","Capital One Financial Corporation","25.179","n/a","n/a","n/a","n/a","https://www.nasdaq.com/symbol/cof^g",
"COF^H","Capital One Financial Corporation","26.4539","n/a","n/a","n/a","n/a","https://www.nasdaq.com/symbol/cof^h",
"COF^P","Capital One Financial Corporation","25.45","n/a","n/a","n/a","n/a","https://www.nasdaq.com/symbol/cof^p",
"CSU","Capital Senior Living Corporation","4.86","$151.24M","1997","Health Care","Hospital/Nursing Management","https://www.nasdaq.com/symbol/csu",
"BXMT","Capital Trust, Inc.","35.84","$4.5B","n/a","Consumer Services","Real Estate Investment Trusts","https://www.nasdaq.com/symbol/bxmt",
"CIC","Capitol Investment Corp. IV","10.2","$513.19M","2017","Finance","Business Services","https://www.nasdaq.com/symbol/cic",
"CIC.U","Capitol Investment Corp. IV","n/a","n/a","2017","n/a","n/a","https://www.nasdaq.com/symbol/cic.u",
"CIC.WS","Capitol Investment Corp. IV","n/a","n/a","n/a","n/a","n/a","https://www.nasdaq.com/symbol/cic.ws",
"CPRI","Capri Holdings Limited","33.67","$5.08B","2011","Consumer Non-Durables","Apparel","https://www.nasdaq.com/symbol/cpri",
"CMO","Capstead Mortgage Corporation","8.34","$713.74M","n/a","Consumer Services","Real Estate Investment Trusts","https://www.nasdaq.com/symbol/cmo",
"CMO^E","Capstead Mortgage Corporation","25.8","n/a","n/a","n/a","n/a","https://www.nasdaq.com/symbol/cmo^e",
"CRR","Carbo Ceramics, Inc.","1.39","$40.79M","n/a","Capital Goods","Industrial Machinery/Components","https://www.nasdaq.com/symbol/crr",
"CAH","Cardinal Health, Inc.","45.75","$13.64B","n/a","Health Care","Other Pharmaceuticals","https://www.nasdaq.com/symbol/cah",
"CRCM","Care.com, Inc.","14.09","$457.6M","2014","Consumer Services","Other Consumer Services","https://www.nasdaq.com/symbol/crcm",
"CSL","Carlisle Companies Incorporated","138.43","$7.9B","n/a","Basic Industries","Specialty Chemicals","https://www.nasdaq.com/symbol/csl",
"KMX","CarMax Inc","83.37","$13.79B","n/a","Consumer Durables","Automotive Aftermarket","https://www.nasdaq.com/symbol/kmx",
"CCL","Carnival Corporation","45.45","$31.36B","1987","Consumer Services","Marine Transportation","https://www.nasdaq.com/symbol/ccl",
"CUK","Carnival Corporation","44.16","$30.47B","n/a","Consumer Services","Marine Transportation","https://www.nasdaq.com/symbol/cuk",
"CRS","Carpenter Technology Corporation","46.65","$2.21B","n/a","Basic Industries","Steel/Iron Ore","https://www.nasdaq.com/symbol/crs",
"CSV","Carriage Services, Inc.","18.73","$340.94M","n/a","Consumer Services","Other Consumer Services","https://www.nasdaq.com/symbol/csv",
"CARS","Cars.com Inc.","19.42","$1.29B","2017","Technology","EDP Services","https://www.nasdaq.com/symbol/cars",
"CRI","Carter&#39;s, Inc.","92.26","$4.17B","2003","Consumer Non-Durables","Apparel","https://www.nasdaq.com/symbol/cri",
"CVNA","Carvana Co.","60.31","$9.1B","2017","Consumer Durables","Automotive Aftermarket","https://www.nasdaq.com/symbol/cvna",
"CSLT","Castlight Health, inc.","3","$431.88M","2014","Technology","EDP Services","https://www.nasdaq.com/symbol/cslt",
"CTLT","Catalent, Inc.","53.16","$7.75B","2014","Health Care","Major Pharmaceuticals","https://www.nasdaq.com/symbol/ctlt",
"CTT           ","CatchMark Timber Trust, Inc.","10.09","$495.25M","2013","Consumer Services","Real Estate Investment Trusts","https://www.nasdaq.com/symbol/ctt",
"CAT","Caterpillar, Inc.","133.71","$76.47B","n/a","Capital Goods","Construction/Ag Equipment/Trucks","https://www.nasdaq.com/symbol/cat",
"CATO","Cato Corporation (The)","12.06","$298.73M","n/a","Consumer Services","Clothing/Shoe/Accessory Stores","https://www.nasdaq.com/symbol/cato",
"CBZ","CBIZ, Inc.","19.62","$1.08B","n/a","Miscellaneous","Business Services","https://www.nasdaq.com/symbol/cbz",
"CBL","CBL & Associates Properties, Inc.","1.01","$175.21M","1993","Consumer Services","Real Estate Investment Trusts","https://www.nasdaq.com/symbol/cbl",
"CBL^D","CBL & Associates Properties, Inc.","8.04","n/a","n/a","n/a","n/a","https://www.nasdaq.com/symbol/cbl^d",
"CBL^E","CBL & Associates Properties, Inc.","7.67","n/a","n/a","n/a","n/a","https://www.nasdaq.com/symbol/cbl^e",
"CBO","CBO (Listing Market - NYSE - Networks A/E)","5.49","n/a","n/a","n/a","n/a","https://www.nasdaq.com/symbol/cbo",
"IGR","CBRE Clarion Global Real Estate Income Fund","7.47","$870.93M","2004","n/a","n/a","https://www.nasdaq.com/symbol/igr",
"CBRE","CBRE Group, Inc.","50.04","$16.83B","n/a","Finance","Real Estate","https://www.nasdaq.com/symbol/cbre",
"CBS","CBS Corporation","49.42","$17.39B","n/a","Consumer Services","Broadcasting","https://www.nasdaq.com/symbol/cbs",
"CBS.A","CBS Corporation","n/a","n/a","n/a","n/a","n/a","https://www.nasdaq.com/symbol/cbs.a",
"CBX","CBX (Listing Market NYSE Networks AE","1.01","n/a","n/a","n/a","n/a","https://www.nasdaq.com/symbol/cbx",
"FUN","Cedar Fair, L.P.","47.01","$2.66B","1987","Consumer Services","Services-Misc. Amusement & Recreation","https://www.nasdaq.com/symbol/fun",
"CDR","Cedar Realty Trust, Inc.","2.61","$232.35M","n/a","Consumer Services","Real Estate Investment Trusts","https://www.nasdaq.com/symbol/cdr",
"CDR^B","Cedar Realty Trust, Inc.","24.83","n/a","n/a","n/a","n/a","https://www.nasdaq.com/symbol/cdr^b",
"CDR^C","Cedar Realty Trust, Inc.","22.62","n/a","n/a","n/a","n/a","https://www.nasdaq.com/symbol/cdr^c",
"CE","Celanese Corporation","104.43","$13.22B","2005","Basic Industries","Major Chemicals","https://www.nasdaq.com/symbol/ce",
"CLS","Celestica, Inc.","6.64","$750.41M","1998","Technology","Electrical Products","https://www.nasdaq.com/symbol/cls",
"CEL","Cellcom Israel, Ltd.","2.9","$336.97M","2007","Public Utilities","Telecommunications Equipment","https://www.nasdaq.com/symbol/cel",
"CPAC","Cementos Pacasmayo S.A.A.","8.35","$714.94M","n/a","Capital Goods","Building Materials","https://www.nasdaq.com/symbol/cpac",
"CX","Cemex S.A.B. de C.V.","4.11","$6.23B","n/a","Capital Goods","Building Materials","https://www.nasdaq.com/symbol/cx",
"CVE","Cenovus Energy Inc","8.77","$10.78B","n/a","Energy","Oil & Gas Production","https://www.nasdaq.com/symbol/cve",
"CNC","Centene Corporation","53.91","$22.28B","n/a","Health Care","Medical Specialities","https://www.nasdaq.com/symbol/cnc",
"CEN","Center Coast Brookfield MLP & Energy Infrastructur","7.83","$263.93M","2013","n/a","n/a","https://www.nasdaq.com/symbol/cen",
"CNP","CenterPoint Energy, Inc.","29.51","$14.82B","n/a","Public Utilities","Electric Utilities: Central","https://www.nasdaq.com/symbol/cnp",
"CNP^B","CenterPoint Energy, Inc.","51.32","n/a","n/a","n/a","n/a","https://www.nasdaq.com/symbol/cnp^b",
"EBR","Centrais Electricas Brasileiras S.A.- Eletrobras","8.55","$11.57B","2016","Public Utilities","Electric Utilities: Central","https://www.nasdaq.com/symbol/ebr",
"EBR.B","Centrais Electricas Brasileiras S.A.- Eletrobras","n/a","n/a","2016","n/a","n/a","https://www.nasdaq.com/symbol/ebr.b",
"CEPU","Central Puerto S.A.","8.7","$274.05M","2018","Public Utilities","Electric Utilities: Central","https://www.nasdaq.com/symbol/cepu",
"CCS","Century Communities, Inc.","25.2","$763.66M","2014","Capital Goods","Homebuilding","https://www.nasdaq.com/symbol/ccs",
"CTL","CenturyLink, Inc.","10.75","$11.72B","n/a","Public Utilities","Telecommunications Equipment","https://www.nasdaq.com/symbol/ctl",
"CDAY","Ceridian HCM Holding Inc.","48.22","$6.68B","2018","Technology","Computer Software: Prepackaged Software","https://www.nasdaq.com/symbol/cday",
"CF","CF Industries Holdings, Inc.","47.48","$10.5B","2005","Basic Industries","Agricultural Chemicals","https://www.nasdaq.com/symbol/cf",
"GIB","CGI Inc.","75.8","$18.61B","n/a","Consumer Services","Professional Services","https://www.nasdaq.com/symbol/gib",
"ECOM          ","ChannelAdvisor Corporation","8.54","$237.89M","2013","Technology","Computer Software: Prepackaged Software","https://www.nasdaq.com/symbol/ecom",
"CHAP","Chaparral Energy, Inc.","3.91","$181.19M","n/a","Energy","Oil & Gas Production","https://www.nasdaq.com/symbol/chap",
"CHRA","Charah Solutions, Inc.","5.42","$160.19M","2018","Basic Industries","Environmental Services","https://www.nasdaq.com/symbol/chra",
"CRL","Charles River Laboratories International, Inc.","134.08","$6.54B","2000","Health Care","Biotechnology: Commercial Physical & Biological Resarch","https://www.nasdaq.com/symbol/crl",
"CLDT","Chatham Lodging Trust (REIT)","18.95","$882.55M","2010","Consumer Services","Real Estate Investment Trusts","https://www.nasdaq.com/symbol/cldt",
"CMCM","Cheetah Mobile Inc.","3.69","$528.9M","2014","Technology","Computer Software: Prepackaged Software","https://www.nasdaq.com/symbol/cmcm",
"CHGG","Chegg, Inc.","36.59","$4.34B","2013","Consumer Services","Other Consumer Services","https://www.nasdaq.com/symbol/chgg",
"CHE","Chemed Corp.","348.72","$5.56B","n/a","Health Care","Medical/Nursing Services","https://www.nasdaq.com/symbol/che",
"CC","Chemours Company (The)","24.5","$4.02B","2015","Basic Industries","Major Chemicals","https://www.nasdaq.com/symbol/cc",
"CHMI","Cherry Hill Mortgage Investment Corporation","16.24","$272.33M","2013","Consumer Services","Real Estate Investment Trusts","https://www.nasdaq.com/symbol/chmi",
"CHMI^A","Cherry Hill Mortgage Investment Corporation","25.8014","n/a","n/a","n/a","n/a","https://www.nasdaq.com/symbol/chmi^a",
"CHMI^B","Cherry Hill Mortgage Investment Corporation","25.7379","n/a","n/a","n/a","n/a","https://www.nasdaq.com/symbol/chmi^b",
"CHK","Chesapeake Energy Corporation","1.83","$2.99B","n/a","Energy","Oil & Gas Production","https://www.nasdaq.com/symbol/chk",
"CHK^D","Chesapeake Energy Corporation","53.28","n/a","n/a","n/a","n/a","https://www.nasdaq.com/symbol/chk^d",
"CHKR","Chesapeake Granite Wash Trust","1.1","$51.43M","2011","Energy","Oil & Gas Production","https://www.nasdaq.com/symbol/chkr",
"CHSP","Chesapeake Lodging Trust","28.25","$1.72B","2010","Consumer Services","Real Estate Investment Trusts","https://www.nasdaq.com/symbol/chsp",
"CPK","Chesapeake Utilities Corporation","94.67","$1.55B","n/a","Public Utilities","Oil & Gas Production","https://www.nasdaq.com/symbol/cpk",
"CVX","Chevron Corporation","123.64","$235.52B","n/a","Energy","Integrated oil Companies","https://www.nasdaq.com/symbol/cvx",
"CHWY","Chewy, Inc.","31.8","$12.68B","2019","Consumer Services","Catalog/Specialty Distribution","https://www.nasdaq.com/symbol/chwy",
"CHS","Chico&#39;s FAS, Inc.","3.19","$376.24M","n/a","Consumer Services","Clothing/Shoe/Accessory Stores","https://www.nasdaq.com/symbol/chs",
"CIM","Chimera Investment Corporation","19.23","$3.6B","2007","Consumer Services","Real Estate Investment Trusts","https://www.nasdaq.com/symbol/cim",
"CIM^A","Chimera Investment Corporation","25.74","n/a","n/a","n/a","n/a","https://www.nasdaq.com/symbol/cim^a",
"CIM^B","Chimera Investment Corporation","25.75","n/a","n/a","n/a","n/a","https://www.nasdaq.com/symbol/cim^b",
"CIM^C","Chimera Investment Corporation","25.33","n/a","n/a","n/a","n/a","https://www.nasdaq.com/symbol/cim^c",
"CIM^D","Chimera Investment Corporation","25.49","n/a","n/a","n/a","n/a","https://www.nasdaq.com/symbol/cim^d",
"DL","China Distance Education Holdings Limited","5.3","$177.86M","n/a","Consumer Services","Other Consumer Services","https://www.nasdaq.com/symbol/dl",
"CEA","China Eastern Airlines Corporation Ltd.","28.43","$8.23B","1997","Transportation","Air Freight/Delivery Services","https://www.nasdaq.com/symbol/cea",
"CHN","China Fund, Inc. (The)","19.89","$218.91M","n/a","n/a","n/a","https://www.nasdaq.com/symbol/chn",
"CGA","China Green Agriculture, Inc.","0.4925","$23.55M","n/a","Basic Industries","Agricultural Chemicals","https://www.nasdaq.com/symbol/cga",
"LFC","China Life Insurance Company Limited","12.19","$68.91B","2003","Finance","Life Insurance","https://www.nasdaq.com/symbol/lfc",
"CHL","China Mobile (Hong Kong) Ltd.","44.75","$183.26B","n/a","Public Utilities","Telecommunications Equipment","https://www.nasdaq.com/symbol/chl",
"COE","China Online Education Group","6.8801","$140.32M","2016","Consumer Services","Other Consumer Services","https://www.nasdaq.com/symbol/coe",
"SNP","China Petroleum & Chemical Corporation","67.4","$81.6B","n/a","Energy","Integrated oil Companies","https://www.nasdaq.com/symbol/snp",
"XRF","China Rapid Finance Limited","0.53","$34.85M","2017","Finance","Finance: Consumer Services","https://www.nasdaq.com/symbol/xrf",
"ZNH","China Southern Airlines Company Limited","33.13","$8.13B","1997","Transportation","Air Freight/Delivery Services","https://www.nasdaq.com/symbol/znh",
"CHA","China Telecom Corp Ltd","49.29","$39.89B","2002","Public Utilities","Telecommunications Equipment","https://www.nasdaq.com/symbol/cha",
"CHU","China Unicom (Hong Kong) Ltd","10.8","$33.05B","n/a","Public Utilities","Telecommunications Equipment","https://www.nasdaq.com/symbol/chu",
"CYD","China Yuchai International Limited","14.07","$574.88M","1994","Energy","Industrial Machinery/Components","https://www.nasdaq.com/symbol/cyd",
"CMG","Chipotle Mexican Grill, Inc.","733.22","$20.32B","2006","Consumer Services","Restaurants","https://www.nasdaq.com/symbol/cmg",
"CHH","Choice Hotels International, Inc.","84.7","$4.71B","n/a","Consumer Services","Hotels/Resorts","https://www.nasdaq.com/symbol/chh",
"CB","Chubb Limited","150.94","$69.11B","n/a","Finance","Property-Casualty Insurers","https://www.nasdaq.com/symbol/cb",
"CHT","Chunghwa Telecom Co., Ltd.","36.77","$28.52B","n/a","Public Utilities","Telecommunications Equipment","https://www.nasdaq.com/symbol/cht",
"CHD","Church & Dwight Company, Inc.","75.27","$18.53B","n/a","Basic Industries","Package Goods/Cosmetics","https://www.nasdaq.com/symbol/chd",
"CIEN","Ciena Corporation","42.18","$6.54B","1997","Public Utilities","Telecommunications Equipment","https://www.nasdaq.com/symbol/cien",
"CI","Cigna Corporation","160.08","$60.74B","n/a","Health Care","Medical Specialities","https://www.nasdaq.com/symbol/ci",
"XEC","Cimarex Energy Co","55.56","$5.64B","n/a","Energy","Oil & Gas Production","https://www.nasdaq.com/symbol/xec",
"CBB","Cincinnati Bell Inc","4.93","$248.31M","n/a","Public Utilities","Telecommunications Equipment","https://www.nasdaq.com/symbol/cbb",
"CBB^B","Cincinnati Bell Inc","36.8","n/a","n/a","n/a","n/a","https://www.nasdaq.com/symbol/cbb^b",
"CNK","Cinemark Holdings Inc","35.45","$4.15B","2007","Consumer Services","Movies/Entertainment","https://www.nasdaq.com/symbol/cnk",
"CINR","Ciner Resources LP","17.0976","$337.48M","2013","Basic Industries","Mining & Quarrying of Nonmetallic Minerals (No Fuels)","https://www.nasdaq.com/symbol/cinr",
"CIR","CIRCOR International, Inc.","45.7","$909.35M","n/a","Capital Goods","Metal Fabrications","https://www.nasdaq.com/symbol/cir",
"CISN","Cision Ltd.","11.08","$1.64B","2017","Technology","Computer Software: Prepackaged Software","https://www.nasdaq.com/symbol/cisn",
"CIT","CIT Group Inc (DEL)","49.28","$4.75B","n/a","Finance","Major Banks","https://www.nasdaq.com/symbol/cit",
"BLW","Citigroup Inc.","14.9","$536.37M","2003","Finance","Major Banks","https://www.nasdaq.com/symbol/blw",
"C","Citigroup Inc.","66.54","$153.87B","n/a","Finance","Major Banks","https://www.nasdaq.com/symbol/c",
"C^J","Citigroup Inc.","27.63","n/a","n/a","n/a","n/a","https://www.nasdaq.com/symbol/c^j",
"C^K","Citigroup Inc.","27.6","n/a","n/a","Finance","Major Banks","https://www.nasdaq.com/symbol/c^k",
"C^N","Citigroup Inc.","27.74","n/a","n/a","Finance","Major Banks","https://www.nasdaq.com/symbol/c^n",
"C^S","Citigroup Inc.","26.35","n/a","n/a","n/a","n/a","https://www.nasdaq.com/symbol/c^s",
"CFG","Citizens Financial Group, Inc.","34.34","$15.83B","2014","Finance","Major Banks","https://www.nasdaq.com/symbol/cfg",
"CFG^D","Citizens Financial Group, Inc.","26.76","n/a","n/a","n/a","n/a","https://www.nasdaq.com/symbol/cfg^d",
"CIA","Citizens, Inc.","7.12","$357.64M","n/a","Finance","Life Insurance","https://www.nasdaq.com/symbol/cia",
"CIO","City Office REIT, Inc.","12.02","$476.42M","2014","Consumer Services","Real Estate Investment Trusts","https://www.nasdaq.com/symbol/cio",
"CIO^A","City Office REIT, Inc.","25.85","n/a","n/a","n/a","n/a","https://www.nasdaq.com/symbol/cio^a",
"CVEO","Civeo Corporation","1.56","$264.11M","2014","Consumer Services","Hotels/Resorts","https://www.nasdaq.com/symbol/cveo",
"CCC","Clarivate Analytics Plc","15","$4.58B","2019","Technology","EDP Services","https://www.nasdaq.com/symbol/ccc",
"CLH","Clean Harbors, Inc.","68.56","$3.83B","n/a","Basic Industries","Environmental Services","https://www.nasdaq.com/symbol/clh",
"CCO","Clear Channel Outdoor Holdings, Inc.","4.66","$1.47B","2005","Consumer Services","Advertising","https://www.nasdaq.com/symbol/cco",
"EMO","ClearBridge Energy Midstream Opportunity Fund Inc.","9.01","$646.14M","2011","n/a","n/a","https://www.nasdaq.com/symbol/emo",
"CEM","ClearBridge MLP and Midstream Fund Inc.","11.72","$825.26M","2010","n/a","n/a","https://www.nasdaq.com/symbol/cem",
"CTR","ClearBridge MLP and Midstream Total Return Fund In","9.26","$355.59M","2012","n/a","n/a","https://www.nasdaq.com/symbol/ctr",
"CLW","Clearwater Paper Corporation","17.19","$283.9M","n/a","Basic Industries","Paper","https://www.nasdaq.com/symbol/clw",
"CWEN","Clearway Energy, Inc.","16.89","$3.27B","2015","Public Utilities","Electric Utilities: Central","https://www.nasdaq.com/symbol/cwen",
"CWEN.A","Clearway Energy, Inc.","n/a","n/a","n/a","n/a","n/a","https://www.nasdaq.com/symbol/cwen.a",
"CLF","Cleveland-Cliffs Inc.","9.82","$2.78B","n/a","Basic Industries","Precious Metals","https://www.nasdaq.com/symbol/clf",
"CLPR","Clipper Realty Inc.","12.65","$225.36M","2017","Consumer Services","Real Estate Investment Trusts","https://www.nasdaq.com/symbol/clpr",
"CLX","Clorox Company (The)","155.77","$19.84B","n/a","Consumer Durables","Specialty Chemicals","https://www.nasdaq.com/symbol/clx",
"CLDR","Cloudera, Inc.","5.39","$1.48B","2017","Technology","Computer Software: Prepackaged Software","https://www.nasdaq.com/symbol/cldr",
"CMS","CMS Energy Corporation","58.96","$16.73B","n/a","Public Utilities","Power Generation","https://www.nasdaq.com/symbol/cms",
"CMS^B","CMS Energy Corporation","103.03","n/a","n/a","Public Utilities","Power Generation","https://www.nasdaq.com/symbol/cms^b",
"CMSA","CMS Energy Corporation","25.93","n/a","2018","Public Utilities","Power Generation","https://www.nasdaq.com/symbol/cmsa",
"CMSC","CMS Energy Corporation","26.89","n/a","2018","Public Utilities","Power Generation","https://www.nasdaq.com/symbol/cmsc",
"CMSD","CMS Energy Corporation","26.12","n/a","2019","Public Utilities","Power Generation","https://www.nasdaq.com/symbol/cmsd",
"CNA","CNA Financial Corporation","47.36","$12.86B","n/a","Finance","Property-Casualty Insurers","https://www.nasdaq.com/symbol/cna",
"CNF","CNFinance Holdings Limited","5.55","$39.19M","2018","Finance","Finance: Consumer Services","https://www.nasdaq.com/symbol/cnf",
"CNHI","CNH Industrial N.V.","10.18","$13.79B","2013","Capital Goods","Construction/Ag Equipment/Trucks","https://www.nasdaq.com/symbol/cnhi",
"CNO","CNO Financial Group, Inc.","16.29","$2.61B","n/a","Finance","Accident &Health Insurance","https://www.nasdaq.com/symbol/cno",
"CEO","CNOOC Limited","168.56","$1.71B","2001","Energy","Oil & Gas Production","https://www.nasdaq.com/symbol/ceo",
"CNXM","CNX Midstream Partners LP","13.73","$875.02M","2014","Public Utilities","Natural Gas Distribution","https://www.nasdaq.com/symbol/cnxm",
"CEIX","CNX Resources Corporation","25.22","$696.35M","2017","Energy","Coal Mining","https://www.nasdaq.com/symbol/ceix",
"CNX","CNX Resources Corporation","6.83","$1.34B","1999","Energy","Oil & Gas Production","https://www.nasdaq.com/symbol/cnx",
"KOF","Coca Cola Femsa S.A.B. de C.V.","62.75","$13.18B","1993","Consumer Non-Durables","Beverages (Production/Distribution)","https://www.nasdaq.com/symbol/kof",
"KO","Coca-Cola Company (The)","51.76","$220.81B","n/a","Consumer Non-Durables","Beverages (Production/Distribution)","https://www.nasdaq.com/symbol/ko",
"CCEP","Coca-Cola European Partners plc","56.9","$26.68B","2016","Consumer Non-Durables","Beverages (Production/Distribution)","https://www.nasdaq.com/symbol/ccep",
"CDE","Coeur Mining, Inc.","4.14","$917.95M","n/a","Basic Industries","Precious Metals","https://www.nasdaq.com/symbol/cde",
"FOF","Cohen & Steers Closed-End Opportunity Fund, Inc.","12.75","$346.92M","2006","n/a","n/a","https://www.nasdaq.com/symbol/fof",
"INB","Cohen & Steers Global Income Builder, Inc.","8.84","$204.58M","2007","n/a","n/a","https://www.nasdaq.com/symbol/inb",
"CNS","Cohen & Steers Inc","50.75","$2.4B","2004","Finance","Investment Managers","https://www.nasdaq.com/symbol/cns",
"UTF","Cohen & Steers Infrastructure Fund, Inc","25.69","$2.19B","2004","n/a","n/a","https://www.nasdaq.com/symbol/utf",
"LDP","Cohen & Steers Limited Duration Preferred and Income Fund, Inc","24.55","$708.14M","2012","n/a","n/a","https://www.nasdaq.com/symbol/ldp",
"MIE","Cohen & Steers MLP Income and Energy Opportunity Fund, Inc.","9.34","$250.25M","2013","n/a","n/a","https://www.nasdaq.com/symbol/mie",
"RQI","Cohen & Steers Quality Income Realty Fund Inc","13.75","$1.5B","2002","n/a","n/a","https://www.nasdaq.com/symbol/rqi",
"RNP","Cohen & Steers REIT and Preferred and Income Fund,","21.57","$1.03B","2003","n/a","n/a","https://www.nasdaq.com/symbol/rnp",
"PSF","Cohen & Steers Select Preferred and Income Fund, Inc.","27","$324.08M","2010","n/a","n/a","https://www.nasdaq.com/symbol/psf",
"RFI","Cohen & Steers Total Return Realty Fund, Inc.","13.98","$365.47M","1993","n/a","n/a","https://www.nasdaq.com/symbol/rfi",
"CFX","Colfax Corporation","26.5","$3.12B","2008","Capital Goods","Fluid Controls","https://www.nasdaq.com/symbol/cfx",
"CFXA","Colfax Corporation","121.22","n/a","2019","Capital Goods","Fluid Controls","https://www.nasdaq.com/symbol/cfxa",
"CL","Colgate-Palmolive Company","73.91","$63.45B","n/a","Consumer Non-Durables","Package Goods/Cosmetics","https://www.nasdaq.com/symbol/cl",
"CCH","Collier Creek Holdings","10.2","$569.93M","2018","Finance","Business Services","https://www.nasdaq.com/symbol/cch",
"CCH.U","Collier Creek Holdings","n/a","n/a","2018","n/a","n/a","https://www.nasdaq.com/symbol/cch.u",
"CCH.WS","Collier Creek Holdings","n/a","n/a","n/a","n/a","n/a","https://www.nasdaq.com/symbol/cch.ws",
"CXE","Colonial High Income Municipal Trust","5.17","$162.92M","1989","n/a","n/a","https://www.nasdaq.com/symbol/cxe",
"CIF","Colonial Intermediate High Income Fund","2.48","$48.89M","n/a","n/a","n/a","https://www.nasdaq.com/symbol/cif",
"CXH","Colonial Investment Grade Municipal Trust","9.47","$86.27M","1989","n/a","n/a","https://www.nasdaq.com/symbol/cxh",
"CMU","Colonial Municipal Income Trust","4.65","$131.69M","1987","n/a","n/a","https://www.nasdaq.com/symbol/cmu",
"CLNY","Colony Capital, Inc.","5.01","$2.43B","2014","Consumer Services","Real Estate Investment Trusts","https://www.nasdaq.com/symbol/clny",
"CLNY^B","Colony Capital, Inc.","24.82","n/a","n/a","n/a","n/a","https://www.nasdaq.com/symbol/clny^b",
"CLNY^E","Colony Capital, Inc.","25.05","n/a","n/a","n/a","n/a","https://www.nasdaq.com/symbol/clny^e",
"CLNY^G","Colony Capital, Inc.","23.15","n/a","n/a","n/a","n/a","https://www.nasdaq.com/symbol/clny^g",
"CLNY^H","Colony Capital, Inc.","22.28","n/a","n/a","n/a","n/a","https://www.nasdaq.com/symbol/clny^h",
"CLNY^I","Colony Capital, Inc.","22.9","n/a","n/a","n/a","n/a","https://www.nasdaq.com/symbol/clny^i",
"CLNY^J","Colony Capital, Inc.","22.3848","n/a","n/a","n/a","n/a","https://www.nasdaq.com/symbol/clny^j",
"CLNC","Colony Credit Real Estate, Inc.","15.52","$1.99B","2018","Consumer Services","Real Estate Investment Trusts","https://www.nasdaq.com/symbol/clnc",
"CXP","Columbia Property Trust, Inc.","21.15","$2.47B","2013","Consumer Services","Real Estate Investment Trusts","https://www.nasdaq.com/symbol/cxp",
"STK","Columbia Seligman Premium Technology Growth Fund, Inc","19.65","$311.99M","2009","n/a","n/a","https://www.nasdaq.com/symbol/stk",
"CCZ","Comcast Corporation","51.97","n/a","n/a","Consumer Services","Television Services","https://www.nasdaq.com/symbol/ccz",
"CMA","Comerica Incorporated","69.9","$10.78B","n/a","Finance","Major Banks","https://www.nasdaq.com/symbol/cma",
"FIX","Comfort Systems USA, Inc.","50.24","$1.85B","1997","Capital Goods","Engineering & Construction","https://www.nasdaq.com/symbol/fix",
"CMC","Commercial Metals Company","16.75","$1.98B","n/a","Basic Industries","Steel/Iron Ore","https://www.nasdaq.com/symbol/cmc",
"CBU","Community Bank System, Inc.","63.91","$3.29B","n/a","Finance","Major Banks","https://www.nasdaq.com/symbol/cbu",
"CYH","Community Health Systems, Inc.","2.6","$306.96M","2000","Health Care","Hospital/Nursing Management","https://www.nasdaq.com/symbol/cyh",
"CHCT","Community Healthcare Trust Incorporated","39.36","$742.44M","2015","Consumer Services","Real Estate Investment Trusts","https://www.nasdaq.com/symbol/chct",
"CIG","Comp En De Mn Cemig ADS","3.69","$5.38B","n/a","Public Utilities","Electric Utilities: Central","https://www.nasdaq.com/symbol/cig",
"CIG.C","Comp En De Mn Cemig ADS","n/a","n/a","n/a","n/a","n/a","https://www.nasdaq.com/symbol/cig.c",
"CBD","Companhia Brasileira de Distribuicao","22.27","$5.94B","1997","Consumer Services","Food Chains","https://www.nasdaq.com/symbol/cbd",
"SBS","Companhia de saneamento Basico Do Estado De Sao Paulo - Sabesp","11.92","$8.15B","2002","Public Utilities","Water Supply","https://www.nasdaq.com/symbol/sbs",
"ELP","Companhia Paranaense de Energia (COPEL)","12.36","$3.38B","n/a","Public Utilities","Electric Utilities: Central","https://www.nasdaq.com/symbol/elp",
"CCU","Compania Cervecerias Unidas, S.A.","27.8","$5.14B","n/a","Consumer Non-Durables","Beverages (Production/Distribution)","https://www.nasdaq.com/symbol/ccu",
"CODI","Compass Diversified Holdings","18.74","$1.12B","2006","Consumer Durables","Home Furnishings","https://www.nasdaq.com/symbol/codi",
"CODI^A","Compass Diversified Holdings","23.53","n/a","n/a","n/a","n/a","https://www.nasdaq.com/symbol/codi^a",
"CODI^B","Compass Diversified Holdings","24.0568","n/a","n/a","n/a","n/a","https://www.nasdaq.com/symbol/codi^b",
"CMP","Compass Minerals International, Inc.","54.12","$1.83B","2003","Basic Industries","Mining & Quarrying of Nonmetallic Minerals (No Fuels)","https://www.nasdaq.com/symbol/cmp",
"CRK","Comstock Resources, Inc.","5.21","$552.02M","n/a","Energy","Oil & Gas Production","https://www.nasdaq.com/symbol/crk",
"CAG","ConAgra Brands, Inc.","28.89","$14.04B","n/a","Consumer Non-Durables","Packaged Foods","https://www.nasdaq.com/symbol/cag",
"CXO","Concho Resources Inc.","102.09","$20.48B","2007","Energy","Oil & Gas Production","https://www.nasdaq.com/symbol/cxo",
"CCM","Concord Medical Services Holdings Limited","2.2498","$97.56M","2009","Health Care","Medical/Nursing Services","https://www.nasdaq.com/symbol/ccm",
"CNDT","Conduent Incorporated","8.89","$1.87B","2016","Miscellaneous","Business Services","https://www.nasdaq.com/symbol/cndt",
"COP","ConocoPhillips","59.77","$67.55B","n/a","Energy","Integrated oil Companies","https://www.nasdaq.com/symbol/cop",
"CCR","CONSOL Coal Resources LP","15.63","$431.9M","2015","Energy","Coal Mining","https://www.nasdaq.com/symbol/ccr",
"ED","Consolidated Edison Inc","88.94","$29.09B","n/a","Public Utilities","Power Generation","https://www.nasdaq.com/symbol/ed",
"STZ","Constellation Brands Inc","183.9","$35.25B","n/a","Consumer Non-Durables","Beverages (Production/Distribution)","https://www.nasdaq.com/symbol/stz",
"STZ.B","Constellation Brands Inc","n/a","n/a","n/a","n/a","n/a","https://www.nasdaq.com/symbol/stz.b",
"CSTM","Constellium N.V.","9.74","$1.32B","2013","Basic Industries","Metal Fabrications","https://www.nasdaq.com/symbol/cstm",
"TCS","Container Store (The)","7.18","$351.04M","2013","Consumer Services","Home Furnishings","https://www.nasdaq.com/symbol/tcs",
"CBPX","Continental Building Products, Inc.","24.5","$850.65M","2014","Capital Goods","Building Materials","https://www.nasdaq.com/symbol/cbpx",
"CLR","Continental Resources, Inc.","39.72","$14.96B","2007","Energy","Oil & Gas Production","https://www.nasdaq.com/symbol/clr",
"VLRS","Controladora Vuela Compania de Aviacion, S.A.B. de C.V.","9.86","$982.8M","2013","Transportation","Air Freight/Delivery Services","https://www.nasdaq.com/symbol/vlrs",
"CTRA","Contura Energy, Inc.","49.86","$956.67M","2018","Energy","Coal Mining","https://www.nasdaq.com/symbol/ctra",
"CTB","Cooper Tire & Rubber Company","30.68","$1.54B","n/a","Consumer Durables","Automotive Aftermarket","https://www.nasdaq.com/symbol/ctb",
"CPS","Cooper-Standard Holdings Inc.","43.2","$756.97M","n/a","Capital Goods","Auto Parts:O.E.M.","https://www.nasdaq.com/symbol/cps",
"CTK","CooTek (Cayman) Inc.","9.98","$634.81M","2018","Technology","EDP Services","https://www.nasdaq.com/symbol/ctk",
"CPA","Copa Holdings, S.A.","94.1","$3.98B","2005","Transportation","Air Freight/Delivery Services","https://www.nasdaq.com/symbol/cpa",
"CLB","Core Laboratories N.V.","51.77","$2.3B","1995","Energy","Oilfield Services/Equipment","https://www.nasdaq.com/symbol/clb",
"CXW","CoreCivic, Inc.","21.62","$2.57B","n/a","Consumer Services","Real Estate Investment Trusts","https://www.nasdaq.com/symbol/cxw",
"CLGX","CoreLogic, Inc.","41.57","$3.35B","n/a","Technology","EDP Services","https://www.nasdaq.com/symbol/clgx",
"CORR","CorEnergy Infrastructure Trust, Inc.","39.54","$506.44M","n/a","Consumer Services","Real Estate Investment Trusts","https://www.nasdaq.com/symbol/corr",
"CORR^A","CorEnergy Infrastructure Trust, Inc.","25.49","n/a","n/a","n/a","n/a","https://www.nasdaq.com/symbol/corr^a",
"CPLG","CorePoint Lodging Inc.","12.61","$728.3M","2018","Consumer Services","Real Estate Investment Trusts","https://www.nasdaq.com/symbol/cplg",
"COR","CoreSite Realty Corporation","116.49","$4.3B","2010","Consumer Services","Real Estate Investment Trusts","https://www.nasdaq.com/symbol/cor",
"CNR","Cornerstone Building Brands, Inc.","5.16","$647.65M","n/a","Capital Goods","Metal Fabrications","https://www.nasdaq.com/symbol/cnr",
"GLW","Corning Incorporated","32.81","$25.75B","n/a","Basic Industries","Telecommunications Equipment","https://www.nasdaq.com/symbol/glw",
"CAAP","Corporacion America Airports SA","7.96","$1.27B","2018","Transportation","Aerospace","https://www.nasdaq.com/symbol/caap",
"GYC","Corporate Asset Backed Corp CABCO","21.74","n/a","n/a","Finance","Finance: Consumer Services","https://www.nasdaq.com/symbol/gyc",
"OFC","Corporate Office Properties Trust","27.44","$3.07B","n/a","Consumer Services","Real Estate Investment Trusts","https://www.nasdaq.com/symbol/ofc",
"CTVA","Corteva, Inc.","27.67","$20.75B","2019","Consumer Non-Durables","Farming/Seeds/Milling","https://www.nasdaq.com/symbol/ctva",
"CZZ","Cosan Limited","13.13","$3.21B","n/a","Consumer Non-Durables","Specialty Foods","https://www.nasdaq.com/symbol/czz",
"CMRE","Costamare Inc.","4.97","$564.47M","2010","Transportation","Marine Transportation","https://www.nasdaq.com/symbol/cmre",
"CMRE^B","Costamare Inc.","22.99","n/a","n/a","n/a","n/a","https://www.nasdaq.com/symbol/cmre^b",
"CMRE^C","Costamare Inc.","24.14","n/a","n/a","n/a","n/a","https://www.nasdaq.com/symbol/cmre^c",
"CMRE^D","Costamare Inc.","24.864","n/a","n/a","n/a","n/a","https://www.nasdaq.com/symbol/cmre^d",
"CMRE^E","Costamare Inc.","25.34","n/a","n/a","n/a","n/a","https://www.nasdaq.com/symbol/cmre^e",
"COT","Cott Corporation","13.37","$1.82B","n/a","Consumer Non-Durables","Beverages (Production/Distribution)","https://www.nasdaq.com/symbol/cot",
"COTY","Coty Inc.","13.19","$9.91B","2013","Consumer Non-Durables","Package Goods/Cosmetics","https://www.nasdaq.com/symbol/coty",
"CUZ","Cousins Properties Incorporated","37.04","$10.04B","n/a","Consumer Services","Real Estate Investment Trusts","https://www.nasdaq.com/symbol/cuz",
"CVA","Covanta Holding Corporation","17.95","$2.36B","n/a","Basic Industries","Electric Utilities: Central","https://www.nasdaq.com/symbol/cva",
"CVIA","Covia Holdings Corporation","2","$262.89M","2018","Basic Industries","Mining & Quarrying of Nonmetallic Minerals (No Fuels)","https://www.nasdaq.com/symbol/cvia",
"CPF","CPB Inc.","28.85","$825.96M","n/a","Finance","Major Banks","https://www.nasdaq.com/symbol/cpf",
"CPL","CPFL Energia S.A.","15.11","$8.57B","2004","Public Utilities","Electric Utilities: Central","https://www.nasdaq.com/symbol/cpl",
"CR","Crane Co.","80.89","$4.84B","n/a","Capital Goods","Metal Fabrications","https://www.nasdaq.com/symbol/cr",
"CRD.A","Crawford & Company","n/a","n/a","n/a","n/a","n/a","https://www.nasdaq.com/symbol/crd.a",
"CRD.B","Crawford & Company","n/a","n/a","n/a","n/a","n/a","https://www.nasdaq.com/symbol/crd.b",
"BAP","Credicorp Ltd.","227.06","$18.11B","n/a","Finance","Commercial Banks","https://www.nasdaq.com/symbol/bap",
"CS","Credit Suisse Group","11.58","$29.04B","n/a","Finance","Investment Bankers/Brokers/Service","https://www.nasdaq.com/symbol/cs",
"CPG","Crescent Point Energy Corporation","3.24","$1.77B","n/a","Energy","Oil & Gas Production","https://www.nasdaq.com/symbol/cpg",
"CEQP","Crestwood Equity Partners LP","34.93","$2.52B","n/a","Consumer Services","Other Consumer Services","https://www.nasdaq.com/symbol/ceqp",
"CRH","CRH PLC","32.15","$25.77B","n/a","Capital Goods","Building Materials","https://www.nasdaq.com/symbol/crh",
"CRT","Cross Timbers Royalty Trust","12.5823","$75.49M","1992","Energy","Oil & Gas Production","https://www.nasdaq.com/symbol/crt",
"CAPL","CrossAmerica Partners LP","15.68","$540.08M","2012","Energy","Oil Refining/Marketing","https://www.nasdaq.com/symbol/capl",
"CCI","Crown Castle International Corporation","133.25","$55.4B","n/a","Consumer Services","Real Estate Investment Trusts","https://www.nasdaq.com/symbol/cci",
"CCI^A","Crown Castle International Corporation","1237.6401","n/a","n/a","n/a","n/a","https://www.nasdaq.com/symbol/cci^a",
"CCK","Crown Holdings, Inc.","59.5","$8.05B","n/a","Consumer Durables","Containers/Packaging","https://www.nasdaq.com/symbol/cck",
"CRY","CryoLife, Inc.","29.67","$1.11B","n/a","Health Care","Medical/Dental Instruments","https://www.nasdaq.com/symbol/cry",
"CSS","CSS Industries, Inc.","4.85","$42.85M","n/a","Consumer Services","Consumer: Greeting Cards","https://www.nasdaq.com/symbol/css",
"CTS","CTS Corporation","27.46","$902.21M","n/a","Technology","Electrical Products","https://www.nasdaq.com/symbol/cts",
"CUBE","CubeSmart","33.6","$6.33B","n/a","Consumer Services","Real Estate Investment Trusts","https://www.nasdaq.com/symbol/cube",
"CUB","Cubic Corporation","62.07","$1.93B","n/a","Capital Goods","Industrial Machinery/Components","https://www.nasdaq.com/symbol/cub",
"CFR","Cullen/Frost Bankers, Inc.","90.76","$5.72B","n/a","Finance","Major Banks","https://www.nasdaq.com/symbol/cfr",
"CFR^A","Cullen/Frost Bankers, Inc.","26","n/a","n/a","n/a","n/a","https://www.nasdaq.com/symbol/cfr^a",
"CULP","Culp, Inc.","18.44","$228.49M","n/a","Basic Industries","Textiles","https://www.nasdaq.com/symbol/culp",
"CMI","Cummins Inc.","168.85","$26.59B","n/a","Energy","Industrial Machinery/Components","https://www.nasdaq.com/symbol/cmi",
"CURO","CURO Group Holdings Corp.","9.67","$449.1M","2017","Finance","Finance: Consumer Services","https://www.nasdaq.com/symbol/curo",
"CW","Curtiss-Wright Corporation","119.77","$5.12B","n/a","Technology","Industrial Machinery/Components","https://www.nasdaq.com/symbol/cw",
"SRF","Cushing Energy Income Fund (The)","6.865","$16.99M","2012","n/a","n/a","https://www.nasdaq.com/symbol/srf",
"SRV","Cushing MLP & Infrastructure Total Return Fund","10.11","$68.08M","n/a","n/a","n/a","https://www.nasdaq.com/symbol/srv",
"SZC","Cushing Renaissance Fund (The)","13.88","$108.34M","2012","n/a","n/a","https://www.nasdaq.com/symbol/szc",
"SZC~","Cushing Renaissance Fund (The)","0.2","n/a","n/a","n/a","n/a","https://www.nasdaq.com/symbol/szc~",
"CWK","Cushman & Wakefield plc","17.45","$3.78B","2018","Finance","Real Estate","https://www.nasdaq.com/symbol/cwk",
"CUBI","Customers Bancorp, Inc","19.89","$619.49M","n/a","Finance","Major Banks","https://www.nasdaq.com/symbol/cubi",
"CUBI^C","Customers Bancorp, Inc","25.6724","n/a","n/a","n/a","n/a","https://www.nasdaq.com/symbol/cubi^c",
"CUBI^D","Customers Bancorp, Inc","25.8577","n/a","n/a","n/a","n/a","https://www.nasdaq.com/symbol/cubi^d",
"CUBI^E","Customers Bancorp, Inc","25.8","n/a","n/a","n/a","n/a","https://www.nasdaq.com/symbol/cubi^e",
"CUBI^F","Customers Bancorp, Inc","25.7","n/a","n/a","n/a","n/a","https://www.nasdaq.com/symbol/cubi^f",
"CVI","CVR Energy Inc.","48.39","$4.86B","2007","Energy","Integrated oil Companies","https://www.nasdaq.com/symbol/cvi",
"UAN","CVR Partners, LP","3.67","$415.75M","2011","Basic Industries","Agricultural Chemicals","https://www.nasdaq.com/symbol/uan",
"CVS","CVS Health Corporation","53.68","$69.74B","n/a","Health Care","Medical/Nursing Services","https://www.nasdaq.com/symbol/cvs",
"CELP","Cypress Energy Partners, L.P.","7.1959","$86.73M","2014","Energy","Oilfield Services/Equipment","https://www.nasdaq.com/symbol/celp",
"DHI","D.R. Horton, Inc.","42.57","$15.89B","n/a","Capital Goods","Homebuilding","https://www.nasdaq.com/symbol/dhi",
"DAN","Dana Incorporated","17.63","$2.54B","n/a","Capital Goods","Auto Parts:O.E.M.","https://www.nasdaq.com/symbol/dan",
"DHR","Danaher Corporation","142.2","$101.81B","n/a","Capital Goods","Industrial Machinery/Components","https://www.nasdaq.com/symbol/dhr",
"DHR^A","Danaher Corporation","1119.5","n/a","n/a","n/a","n/a","https://www.nasdaq.com/symbol/dhr^a",
"DAC","Danaos Corporation","8.0412","$123.62M","2006","Transportation","Marine Transportation","https://www.nasdaq.com/symbol/dac",
"DQ","DAQO New Energy Corp.","39.92","$530.19M","2010","Technology","Semiconductors","https://www.nasdaq.com/symbol/dq",
"DRI","Darden Restaurants, Inc.","123.14","$15.14B","n/a","Consumer Services","Restaurants","https://www.nasdaq.com/symbol/dri",
"DAR","Darling Ingredients Inc.","19.94","$3.29B","n/a","Consumer Non-Durables","Packaged Foods","https://www.nasdaq.com/symbol/dar",
"DVA","DaVita Inc.","54.27","$9.03B","n/a","Health Care","Hospital/Nursing Management","https://www.nasdaq.com/symbol/dva",
"DCP","DCP Midstream LP","28.6","$4.1B","n/a","Public Utilities","Natural Gas Distribution","https://www.nasdaq.com/symbol/dcp",
"DCP^B","DCP Midstream LP","24.4394","n/a","n/a","n/a","n/a","https://www.nasdaq.com/symbol/dcp^b",
"DCP^C","DCP Midstream LP","24.98","n/a","n/a","n/a","n/a","https://www.nasdaq.com/symbol/dcp^c",
"DF","Dean Foods Company","0.98","$89.91M","n/a","Consumer Non-Durables","Packaged Foods","https://www.nasdaq.com/symbol/df",
"DECK","Deckers Outdoor Corporation","171.93","$5.01B","1993","Consumer Non-Durables","Shoe Manufacturing","https://www.nasdaq.com/symbol/deck",
"DE","Deere & Company","166.31","$52.72B","n/a","Capital Goods","Industrial Machinery/Components","https://www.nasdaq.com/symbol/de",
"DEX","Delaware Enhanced Global Dividend","9.91","$125.49M","2007","n/a","n/a","https://www.nasdaq.com/symbol/dex",
"DDF","Delaware Investments Dividend & Income Fund, Inc.","13.87","$106.63M","1993","n/a","n/a","https://www.nasdaq.com/symbol/ddf",
"DKL","Delek Logistics Partners, L.P.","30.76","$750.77M","2012","Energy","Natural Gas Distribution","https://www.nasdaq.com/symbol/dkl",
"DK","Delek US Holdings, Inc.","38.33","$2.95B","2017","Energy","Integrated oil Companies","https://www.nasdaq.com/symbol/dk",
"DELL","Dell Technologies Inc.","52.31","$37.59B","2018","Technology","Computer Manufacturing","https://www.nasdaq.com/symbol/dell",
"DLPH","Delphi Technologies PLC","18.55","$1.63B","2017","Capital Goods","Auto Parts:O.E.M.","https://www.nasdaq.com/symbol/dlph",
"DAL","Delta Air Lines, Inc.","55.92","$36.61B","n/a","Transportation","Air Freight/Delivery Services","https://www.nasdaq.com/symbol/dal",
"DLX","Deluxe Corporation","40.1","$1.75B","n/a","Consumer Durables","Publishing","https://www.nasdaq.com/symbol/dlx",
"DNR","Denbury Resources Inc.","1.15","$530.41M","n/a","Energy","Oil & Gas Production","https://www.nasdaq.com/symbol/dnr",
"DBI","Designer Brands Inc.","18.09","$1.36B","n/a","Consumer Services","Clothing/Shoe/Accessory Stores","https://www.nasdaq.com/symbol/dbi",
"DESP","Despegar.com, Corp.","13.62","$942.99M","2017","Consumer Services","Transportation Services","https://www.nasdaq.com/symbol/desp",
"DKT","Deutsch Bk Contingent Cap Tr V","26.02","n/a","n/a","Finance","Major Banks","https://www.nasdaq.com/symbol/dkt",
"DB","Deutsche Bank AG","7.12","$14.69B","n/a","Finance","Major Banks","https://www.nasdaq.com/symbol/db",
"DXB","Deutsche Bank AG","25.19","n/a","n/a","Finance","Major Banks","https://www.nasdaq.com/symbol/dxb",
"DVN","Devon Energy Corporation","27.92","$11.59B","n/a","Energy","Oil & Gas Production","https://www.nasdaq.com/symbol/dvn",
"DHX","DHI Group, Inc.","3.98","$219.04M","2007","Miscellaneous","Business Services","https://www.nasdaq.com/symbol/dhx",
"DHT","DHT Holdings, Inc.","5.65","$802.3M","2005","Transportation","Marine Transportation","https://www.nasdaq.com/symbol/dht",
"DEO","Diageo plc","173.2","$102.78B","n/a","Consumer Non-Durables","Beverages (Production/Distribution)","https://www.nasdaq.com/symbol/deo",
"DO","Diamond Offshore Drilling, Inc.","8.29","$1.14B","1995","Energy","Oil & Gas Production","https://www.nasdaq.com/symbol/do",
"DSSI","Diamond S Shipping Inc.","11.35","$452.76M","2019","Consumer Services","Transportation Services","https://www.nasdaq.com/symbol/dssi",
"DRH","Diamondrock Hospitality Company","10","$2.01B","2005","Consumer Services","Real Estate Investment Trusts","https://www.nasdaq.com/symbol/drh",
"DSX","Diana Shipping inc.","3.28","$330.1M","2005","Transportation","Marine Transportation","https://www.nasdaq.com/symbol/dsx",
"DSX^B","Diana Shipping inc.","24.78","n/a","n/a","n/a","n/a","https://www.nasdaq.com/symbol/dsx^b",
"DKS","Dick&#39;s Sporting Goods Inc","34.04","$3.13B","2002","Consumer Services","Other Specialty Stores","https://www.nasdaq.com/symbol/dks",
"DBD","Diebold Nixdorf Incorporated","8.31","$636.48M","n/a","Miscellaneous","Office Equipment/Supplies/Services","https://www.nasdaq.com/symbol/dbd",
"DLR","Digital Realty Trust, Inc.","121","$25.2B","2004","Consumer Services","Real Estate Investment Trusts","https://www.nasdaq.com/symbol/dlr",
"DLR^C","Digital Realty Trust, Inc.","27.22","n/a","n/a","n/a","n/a","https://www.nasdaq.com/symbol/dlr^c",
"DLR^G","Digital Realty Trust, Inc.","25.2","n/a","n/a","n/a","n/a","https://www.nasdaq.com/symbol/dlr^g",
"DLR^I","Digital Realty Trust, Inc.","26.19","n/a","n/a","n/a","n/a","https://www.nasdaq.com/symbol/dlr^i",
"DLR^J","Digital Realty Trust, Inc.","25.14","n/a","n/a","n/a","n/a","https://www.nasdaq.com/symbol/dlr^j",
"DLR^K","Digital Realty Trust, Inc.","25.8867","n/a","n/a","n/a","n/a","https://www.nasdaq.com/symbol/dlr^k",
"DDS","Dillard&#39;s, Inc.","62.06","$1.6B","n/a","Consumer Services","Department/Specialty Retail Stores","https://www.nasdaq.com/symbol/dds",
"DDT","Dillard&#39;s, Inc.","26.12","n/a","n/a","Consumer Services","Department/Specialty Retail Stores","https://www.nasdaq.com/symbol/ddt",
"DIN","Dine Brands Global, Inc.","93.37","$1.64B","n/a","Consumer Services","Restaurants","https://www.nasdaq.com/symbol/din",
"DPLO","Diplomat Pharmacy, Inc.","5.42","$404.95M","2014","Health Care","Medical/Nursing Services","https://www.nasdaq.com/symbol/dplo",
"DFS","Discover Financial Services","77.42","$25.06B","n/a","Finance","Finance: Consumer Services","https://www.nasdaq.com/symbol/dfs",
"DNI","Dividend and Income Fund","11.27","$139.6M","n/a","n/a","n/a","https://www.nasdaq.com/symbol/dni",
"DLB","Dolby Laboratories","64.62","$4.15B","2005","Miscellaneous","Multi-Sector Companies","https://www.nasdaq.com/symbol/dlb",
"DG","Dollar General Corporation","136.01","$35.13B","2009","Consumer Services","Department/Specialty Retail Stores","https://www.nasdaq.com/symbol/dg",
"D","Dominion Energy, Inc.","78.7","$63.15B","n/a","Public Utilities","Electric Utilities: Central","https://www.nasdaq.com/symbol/d",
"DCUD","Dominion Energy, Inc.","50.1","n/a","2016","Public Utilities","Electric Utilities: Central","https://www.nasdaq.com/symbol/dcud",
"DCUE","Dominion Energy, Inc.","104.7","n/a","2019","n/a","n/a","https://www.nasdaq.com/symbol/dcue",
"DRUA","Dominion Energy, Inc.","25.48","n/a","2016","Public Utilities","Electric Utilities: Central","https://www.nasdaq.com/symbol/drua",
"DPZ","Domino&#39;s Pizza Inc","277.14","$11.39B","2004","Consumer Non-Durables","Food Distributors","https://www.nasdaq.com/symbol/dpz",
"UFS","Domtar Corporation","43.15","$2.8B","n/a","Basic Industries","Paper","https://www.nasdaq.com/symbol/ufs",
"DCI","Donaldson Company, Inc.","49.57","$6.32B","n/a","Capital Goods","Pollution Control Equipment","https://www.nasdaq.com/symbol/dci",
"DFIN","Donnelley Financial Solutions, Inc.","12.92","$441.86M","2016","Consumer Services","Other Consumer Services","https://www.nasdaq.com/symbol/dfin",
"LPG","Dorian LPG Ltd.","8.64","$476.65M","2014","Transportation","Marine Transportation","https://www.nasdaq.com/symbol/lpg",
"DSL","DoubleLine Income Solutions Fund","20.06","$2.03B","2013","n/a","n/a","https://www.nasdaq.com/symbol/dsl",
"DBL","DoubleLine Opportunistic Credit Fund","20.77","$310.05M","2012","n/a","n/a","https://www.nasdaq.com/symbol/dbl",
"PLOW","Douglas Dynamics, Inc.","39.68","$904.52M","2010","Capital Goods","Construction/Ag Equipment/Trucks","https://www.nasdaq.com/symbol/plow",
"DEI","Douglas Emmett, Inc.","40.07","$7.02B","2006","Consumer Services","Real Estate Investment Trusts","https://www.nasdaq.com/symbol/dei",
"DOV","Dover Corporation","98.61","$14.33B","n/a","Technology","Industrial Machinery/Components","https://www.nasdaq.com/symbol/dov",
"DVD","Dover Motorsports, Inc.","1.98","$72.47M","1996","Consumer Services","Services-Misc. Amusement & Recreation","https://www.nasdaq.com/symbol/dvd",
"DOW","Dow Inc.","49.69","$37.21B","2019","Basic Industries","Major Chemicals","https://www.nasdaq.com/symbol/dow",
"RDY","Dr. Reddy&#39;s Laboratories Ltd","36.27","$6.02B","n/a","Health Care","Major Pharmaceuticals","https://www.nasdaq.com/symbol/rdy",
"DRD","DRDGOLD Limited","3.04","$208.87M","n/a","Basic Industries","Precious Metals","https://www.nasdaq.com/symbol/drd",
"DRQ","Dril-Quip, Inc.","43.82","$1.59B","1997","Energy","Metal Fabrications","https://www.nasdaq.com/symbol/drq",
"DS","Drive Shack Inc.","4.49","$300.95M","n/a","Consumer Services","Real Estate Investment Trusts","https://www.nasdaq.com/symbol/ds",
"DS^B","Drive Shack Inc.","26.1419","n/a","n/a","n/a","n/a","https://www.nasdaq.com/symbol/ds^b",
"DS^C","Drive Shack Inc.","24.9","n/a","n/a","n/a","n/a","https://www.nasdaq.com/symbol/ds^c",
"DS^D","Drive Shack Inc.","25.05","n/a","n/a","n/a","n/a","https://www.nasdaq.com/symbol/ds^d",
"DTE","DTE Energy Company","130.22","$23.86B","n/a","Public Utilities","Electric Utilities: Central","https://www.nasdaq.com/symbol/dte",
"DTJ","DTE Energy Company","25.9","n/a","2016","Public Utilities","Electric Utilities: Central","https://www.nasdaq.com/symbol/dtj",
"DTQ","DTE Energy Company","25.29","n/a","n/a","Public Utilities","Electric Utilities: Central","https://www.nasdaq.com/symbol/dtq",
"DTV","DTE Energy Company","57.06","n/a","2016","Public Utilities","Electric Utilities: Central","https://www.nasdaq.com/symbol/dtv",
"DTW","DTE Energy Company","25.57","n/a","2017","Public Utilities","Electric Utilities: Central","https://www.nasdaq.com/symbol/dtw",
"DTY","DTE Energy Company","26.64","n/a","2016","Public Utilities","Electric Utilities: Central","https://www.nasdaq.com/symbol/dty",
"DCO","Ducommun Incorporated","43.89","$504.64M","n/a","Capital Goods","Military/Government/Technical","https://www.nasdaq.com/symbol/dco",
"DPG","Duff & Phelps Global Utility Income Fund Inc.","15.42","$584.88M","2011","n/a","n/a","https://www.nasdaq.com/symbol/dpg",
"DSE","Duff & Phelps Select MLP and Midstream Energy Fund","4.69","$122.92M","2014","n/a","n/a","https://www.nasdaq.com/symbol/dse",
"DNP","Duff & Phelps Utilities Income, Inc.","11.84","$3.38B","1987","n/a","n/a","https://www.nasdaq.com/symbol/dnp",
"DTF","Duff & Phelps Utilities Tax-Free Income, Inc.","13.83","$117.84M","1991","n/a","n/a","https://www.nasdaq.com/symbol/dtf",
"DUC","Duff & Phelps Utility & Corporate Bond Trust, Inc.","8.75","$240.58M","1993","n/a","n/a","https://www.nasdaq.com/symbol/duc",
"DUK","Duke Energy Corporation","90.12","$65.61B","n/a","Public Utilities","Power Generation","https://www.nasdaq.com/symbol/duk",
"DUK^A","Duke Energy Corporation","26.44","n/a","n/a","Public Utilities","Power Generation","https://www.nasdaq.com/symbol/duk^a",
"DUKB","Duke Energy Corporation","26.29","n/a","2018","Public Utilities","Power Generation","https://www.nasdaq.com/symbol/dukb",
"DUKH","Duke Energy Corporation","25.22","n/a","n/a","Public Utilities","Power Generation","https://www.nasdaq.com/symbol/dukh",
"DRE","Duke Realty Corporation","31.32","$11.26B","n/a","Consumer Services","Real Estate Investment Trusts","https://www.nasdaq.com/symbol/dre",
"DD","DuPont de Nemours, Inc.","74.13","$55.51B","2017","Basic Industries","Major Chemicals","https://www.nasdaq.com/symbol/dd",
"DXC","DXC Technology Company","54.01","$14.51B","n/a","Technology","EDP Services","https://www.nasdaq.com/symbol/dxc",
"DY","Dycom Industries, Inc.","55.74","$1.75B","n/a","Basic Industries","Water Supply","https://www.nasdaq.com/symbol/dy",
"DLNG","Dynagas LNG Partners LP","1.48","$52.53M","n/a","Consumer Services","Marine Transportation","https://www.nasdaq.com/symbol/dlng",
"DLNG^A","Dynagas LNG Partners LP","17.27","n/a","n/a","n/a","n/a","https://www.nasdaq.com/symbol/dlng^a",
"DLNG^B","Dynagas LNG Partners LP","16.5351","n/a","n/a","n/a","n/a","https://www.nasdaq.com/symbol/dlng^b",
"DX","Dynex Capital, Inc.","16.74","$411.6M","n/a","Consumer Services","Real Estate Investment Trusts","https://www.nasdaq.com/symbol/dx",
"DX^A","Dynex Capital, Inc.","25.9029","n/a","n/a","n/a","n/a","https://www.nasdaq.com/symbol/dx^a",
"DX^B","Dynex Capital, Inc.","24.99","n/a","n/a","n/a","n/a","https://www.nasdaq.com/symbol/dx^b",
"CTA^A","E.I. du Pont de Nemours and Company","83.25","n/a","n/a","n/a","n/a","https://www.nasdaq.com/symbol/cta^a",
"CTA^B","E.I. du Pont de Nemours and Company","105.2","n/a","n/a","n/a","n/a","https://www.nasdaq.com/symbol/cta^b",
"ELF","e.l.f. Beauty, Inc.","13.89","$691.59M","2016","Consumer Non-Durables","Package Goods/Cosmetics","https://www.nasdaq.com/symbol/elf",
"EGIF","Eagle Growth and Income Opportunities Fund","15.12","$108.57M","2015","n/a","n/a","https://www.nasdaq.com/symbol/egif",
"EXP","Eagle Materials Inc","87.03","$3.84B","n/a","Capital Goods","Building Materials","https://www.nasdaq.com/symbol/exp",
"ECC           ","Eagle Point Credit Company Inc.","17.73","$431.09M","2014","n/a","n/a","https://www.nasdaq.com/symbol/ecc",
"ECCA","Eagle Point Credit Company Inc.","25.46","n/a","2015","n/a","n/a","https://www.nasdaq.com/symbol/ecca",
"ECCB","Eagle Point Credit Company Inc.","26.1","n/a","2016","n/a","n/a","https://www.nasdaq.com/symbol/eccb",
"ECCX","Eagle Point Credit Company Inc.","25.45","n/a","2018","n/a","n/a","https://www.nasdaq.com/symbol/eccx",
"ECCY","Eagle Point Credit Company Inc.","25.76","n/a","2017","n/a","n/a","https://www.nasdaq.com/symbol/eccy",
"ESTE","Earthstone Energy, Inc.","5.52","$355.04M","n/a","Energy","Oil & Gas Production","https://www.nasdaq.com/symbol/este",
"DEA","Easterly Government Properties, Inc.","18.2","$1.24B","2015","Consumer Services","Real Estate Investment Trusts","https://www.nasdaq.com/symbol/dea",
"EGP","EastGroup Properties, Inc.","115.49","$4.24B","n/a","Consumer Services","Real Estate Investment Trusts","https://www.nasdaq.com/symbol/egp",
"EMN","Eastman Chemical Company","76.37","$10.58B","n/a","Basic Industries","Major Chemicals","https://www.nasdaq.com/symbol/emn",
"KODK","Eastman Kodak Company","2.39","$102.77M","n/a","Miscellaneous","Industrial Machinery/Components","https://www.nasdaq.com/symbol/kodk",
"ETN","Eaton Corporation, PLC","82.08","$34.73B","n/a","Technology","Industrial Machinery/Components","https://www.nasdaq.com/symbol/etn",
"ETV","Eaton Vance Corporation","14.57","$1.19B","2005","n/a","n/a","https://www.nasdaq.com/symbol/etv",
"ETW","Eaton Vance Corporation","9.62","$1.02B","2005","n/a","n/a","https://www.nasdaq.com/symbol/etw",
"EV","Eaton Vance Corporation","41.67","$4.77B","n/a","Finance","Investment Managers","https://www.nasdaq.com/symbol/ev",
"EOI","Eaton Vance Enhance Equity Income Fund","14.64","$574.33M","2004","n/a","n/a","https://www.nasdaq.com/symbol/eoi",
"EOS","Eaton Vance Enhanced Equity Income Fund II","16.57","$793.27M","2005","n/a","n/a","https://www.nasdaq.com/symbol/eos",
"EFT","Eaton Vance Floating Rate Income Trust","13.42","$534.97M","2004","n/a","n/a","https://www.nasdaq.com/symbol/eft",
"EFL","Eaton Vance Floating-Rate 2022 Target Term Trust","9.26","$218.64M","2017","n/a","n/a","https://www.nasdaq.com/symbol/efl",
"EFF","Eaton vance Floating-Rate Income Plus Fund","14.98","$113.94M","2013","n/a","n/a","https://www.nasdaq.com/symbol/eff",
"EHT","Eaton Vance High Income 2021 Target Term Trust","10.01","$214.82M","2016","n/a","n/a","https://www.nasdaq.com/symbol/eht",
"ETX           ","Eaton Vance Municipal Income 2028 Term Trust","20.6","$223.2M","2013","n/a","n/a","https://www.nasdaq.com/symbol/etx",
"EOT","Eaton Vance Municipal Income Trust","22.75","$346.57M","2009","n/a","n/a","https://www.nasdaq.com/symbol/eot",
"EVN","Eaton Vance Municipal Income Trust","12.41","$492.28M","1999","n/a","n/a","https://www.nasdaq.com/symbol/evn",
"ETJ","Eaton Vance Risk-Managed Diversified Equity Income Fund","9.32","$593.43M","2007","n/a","n/a","https://www.nasdaq.com/symbol/etj",
"EFR","Eaton Vance Senior Floating-Rate Fund","13.07","$481.61M","2003","n/a","n/a","https://www.nasdaq.com/symbol/efr",
"EVF","Eaton Vance Senior Income Trust","6.23","$235.91M","1998","n/a","n/a","https://www.nasdaq.com/symbol/evf",
"EVG","Eaton Vance Short Diversified Income Fund","13.37","$239.06M","2005","n/a","n/a","https://www.nasdaq.com/symbol/evg",
"EVT","Eaton Vance Tax Advantaged Dividend Income Fund","23.25","$1.7B","2003","n/a","n/a","https://www.nasdaq.com/symbol/evt",
"ETO","Eaton Vance Tax-Advantage Global Dividend Opp","23.74","$357.75M","2004","n/a","n/a","https://www.nasdaq.com/symbol/eto",
"ETG","Eaton Vance Tax-Advantaged Global Dividend Income Fund","15.85","$1.21B","2004","n/a","n/a","https://www.nasdaq.com/symbol/etg",
"ETB","Eaton Vance Tax-Managed Buy-Write Income Fund","15.33","$406.99M","2005","n/a","n/a","https://www.nasdaq.com/symbol/etb",
"EXD","Eaton Vance Tax-Managed Buy-Write Strategy Fund","9.2","$89.53M","2010","n/a","n/a","https://www.nasdaq.com/symbol/exd",
"ETY","Eaton Vance Tax-Managed Diversified Equity Income Fund","11.78","$1.76B","2006","n/a","n/a","https://www.nasdaq.com/symbol/ety",
"EXG","Eaton Vance Tax-Managed Global Diversified Equity Income Fund","8.03","$2.43B","2007","n/a","n/a","https://www.nasdaq.com/symbol/exg",
"ECT","ECA Marcellus Trust I","1.74","$30.63M","2010","Energy","Oil & Gas Production","https://www.nasdaq.com/symbol/ect",
"ECL","Ecolab Inc.","191.63","$55.24B","n/a","Basic Industries","Package Goods/Cosmetics","https://www.nasdaq.com/symbol/ecl",
"EC","Ecopetrol S.A.","18.72","$38.49B","n/a","Energy","Oil & Gas Production","https://www.nasdaq.com/symbol/ec",
"EIX","Edison International","65.06","$21.2B","n/a","Public Utilities","Electric Utilities: Central","https://www.nasdaq.com/symbol/eix",
"EW","Edwards Lifesciences Corporation","191.96","$39.89B","n/a","Health Care","Industrial Specialties","https://www.nasdaq.com/symbol/ew",
"EP^C","El Paso Corporation","50.29","n/a","n/a","Public Utilities","Natural Gas Distribution","https://www.nasdaq.com/symbol/ep^c",
"EE","El Paso Electric Company","65.43","$2.66B","n/a","Public Utilities","Electric Utilities: Central","https://www.nasdaq.com/symbol/ee",
"ELAN","Elanco Animal Health Incorporated","34.79","$12.72B","2018","Health Care","Major Pharmaceuticals","https://www.nasdaq.com/symbol/elan",
"ESTC","Elastic N.V.","74.22","$5.47B","2018","Technology","Computer Software: Prepackaged Software","https://www.nasdaq.com/symbol/estc",
"EGO","Eldorado Gold Corporation","5.45","$865.47M","n/a","Basic Industries","Precious Metals","https://www.nasdaq.com/symbol/ego",
"ESI","Element Solutions Inc.","10.02","$2.58B","2014","Basic Industries","Major Chemicals","https://www.nasdaq.com/symbol/esi",
"ELVT","Elevate Credit, Inc.","4.28","$185.74M","2017","Finance","Finance: Consumer Services","https://www.nasdaq.com/symbol/elvt",
"LLY","Eli Lilly and Company","115.36","$112B","n/a","Health Care","Major Pharmaceuticals","https://www.nasdaq.com/symbol/lly",
"EFC","Ellington Financial Inc.","18","$535.42M","2010","Finance","Real Estate","https://www.nasdaq.com/symbol/efc",
"EARN","Ellington Residential Mortgage REIT","10.95","$136.51M","2013","Consumer Services","Real Estate Investment Trusts","https://www.nasdaq.com/symbol/earn",
"AKO.A","Embotelladora Andina S.A.","n/a","n/a","n/a","n/a","n/a","https://www.nasdaq.com/symbol/ako.a",
"AKO.B","Embotelladora Andina S.A.","n/a","n/a","n/a","n/a","n/a","https://www.nasdaq.com/symbol/ako.b",
"ERJ","Embraer S.A.","19.67","$3.62B","2000","Capital Goods","Aerospace","https://www.nasdaq.com/symbol/erj",
"EME","EMCOR Group, Inc.","84.04","$4.71B","n/a","Capital Goods","Engineering & Construction","https://www.nasdaq.com/symbol/eme",
"EEX","Emerald Expositions Events, Inc.","10.75","$772.4M","2017","Miscellaneous","Business Services","https://www.nasdaq.com/symbol/eex",
"EBS","Emergent Biosolutions, Inc.","47.11","$2.42B","2006","Health Care","Major Pharmaceuticals","https://www.nasdaq.com/symbol/ebs",
"EMR","Emerson Electric Company","65.29","$40.16B","n/a","Energy","Consumer Electronics/Appliances","https://www.nasdaq.com/symbol/emr",
"ESRT","Empire State Realty Trust, Inc.","14.75","$4.5B","2013","Consumer Services","Real Estate Investment Trusts","https://www.nasdaq.com/symbol/esrt",
"EIG","Employers Holdings Inc","42.54","$1.36B","2007","Finance","Property-Casualty Insurers","https://www.nasdaq.com/symbol/eig",
"EDN","Empresa Distribuidora Y Comercializadora Norte S.A. (Edenor)","18.57","$814.41M","2007","Public Utilities","Electric Utilities: Central","https://www.nasdaq.com/symbol/edn",
"ENBL","Enable Midstream Partners, LP","13.01","$5.66B","2014","Public Utilities","Natural Gas Distribution","https://www.nasdaq.com/symbol/enbl",
"ENB","Enbridge Inc","34.84","$70.51B","n/a","Energy","Natural Gas Distribution","https://www.nasdaq.com/symbol/enb",
"ENBA","Enbridge Inc","26.49","n/a","2018","Energy","Natural Gas Distribution","https://www.nasdaq.com/symbol/enba",
"ECA","Encana Corporation","4.81","$6.95B","n/a","Energy","Oil & Gas Production","https://www.nasdaq.com/symbol/eca",
"EHC","Encompass Health Corporation","62.21","$6.15B","n/a","Health Care","Hospital/Nursing Management","https://www.nasdaq.com/symbol/ehc",
"DAVA","Endava plc","38.35","$2.08B","2018","Technology","EDP Services","https://www.nasdaq.com/symbol/dava",
"EXK","Endeavour Silver Corporation","2.1","$276.1M","n/a","Basic Industries","Precious Metals","https://www.nasdaq.com/symbol/exk",
"ENIA","Enel Americas S.A.","8.52","$9.79B","n/a","Public Utilities","Electric Utilities: Central","https://www.nasdaq.com/symbol/enia",
"ENIC","Enel Chile S.A.","4.85","$6.71B","2016","Public Utilities","Electric Utilities: Central","https://www.nasdaq.com/symbol/enic",
"ENR","Energizer Holdings, Inc.","37.53","$2.62B","2015","Miscellaneous","Industrial Machinery/Components","https://www.nasdaq.com/symbol/enr",
"ENR^A","Energizer Holdings, Inc.","86.6302","n/a","n/a","n/a","n/a","https://www.nasdaq.com/symbol/enr^a",
"EPC","Energizer Holdings, Inc.","26.93","$1.46B","n/a","Consumer Non-Durables","Package Goods/Cosmetics","https://www.nasdaq.com/symbol/epc",
"ET","Energy Transfer L.P.","13.98","$36.62B","1996","Public Utilities","Natural Gas Distribution","https://www.nasdaq.com/symbol/et",
"ETP^C","Energy Transfer Operating, L.P.","23.76","n/a","n/a","n/a","n/a","https://www.nasdaq.com/symbol/etp^c",
"ETP^D","Energy Transfer Operating, L.P.","24.35","n/a","n/a","n/a","n/a","https://www.nasdaq.com/symbol/etp^d",
"ETP^E","Energy Transfer Operating, L.P.","24.81","n/a","n/a","n/a","n/a","https://www.nasdaq.com/symbol/etp^e",
"ERF","Enerplus Corporation","7.49","$1.75B","n/a","Energy","Oil & Gas Production","https://www.nasdaq.com/symbol/erf",
"ENS","Enersys","66.61","$2.85B","2004","Consumer Non-Durables","Telecommunications Equipment","https://www.nasdaq.com/symbol/ens",
"E","ENI S.p.A.","32.6","$59.24B","n/a","Energy","Oil & Gas Production","https://www.nasdaq.com/symbol/e",
"ENLC","EnLink Midstream, LLC","9.67","$4.71B","n/a","Public Utilities","Natural Gas Distribution","https://www.nasdaq.com/symbol/enlc",
"EBF","Ennis, Inc.","20.41","$533.85M","n/a","Consumer Services","Office Equipment/Supplies/Services","https://www.nasdaq.com/symbol/ebf",
"ENVA","Enova International, Inc.","22.16","$746.43M","2014","Finance","Finance: Consumer Services","https://www.nasdaq.com/symbol/enva",
"NPO","EnPro Industries","63.55","$1.32B","n/a","Basic Industries","Metal Fabrications","https://www.nasdaq.com/symbol/npo",
"ESV","Ensco Rowan plc","7.61","$1.5B","n/a","Energy","Oil & Gas Production","https://www.nasdaq.com/symbol/esv",
"ETM","Entercom Communications Corp.","5.88","$814.17M","1999","Consumer Services","Broadcasting","https://www.nasdaq.com/symbol/etm",
"EAB","Entergy Arkansas, LLC","25.35","n/a","n/a","Public Utilities","Electric Utilities: Central","https://www.nasdaq.com/symbol/eab",
"EAE","Entergy Arkansas, LLC","25.24","n/a","2013","Public Utilities","Electric Utilities: Central","https://www.nasdaq.com/symbol/eae",
"EAI","Entergy Arkansas, LLC","25.28","n/a","2016","Public Utilities","Electric Utilities: Central","https://www.nasdaq.com/symbol/eai",
"ETR","Entergy Corporation","103.24","$20.48B","n/a","Public Utilities","Electric Utilities: Central","https://www.nasdaq.com/symbol/etr",
"ELC","Entergy Louisiana, Inc.","25.28","n/a","2016","Public Utilities","Electric Utilities: Central","https://www.nasdaq.com/symbol/elc",
"ELJ","Entergy Louisiana, Inc.","25.89","n/a","n/a","Public Utilities","Electric Utilities: Central","https://www.nasdaq.com/symbol/elj",
"ELU","Entergy Louisiana, Inc.","25.05","n/a","n/a","Public Utilities","Electric Utilities: Central","https://www.nasdaq.com/symbol/elu",
"EMP","Entergy Mississippi, LLC","25.51","n/a","2016","Public Utilities","Electric Utilities: Central","https://www.nasdaq.com/symbol/emp",
"ENJ","Entergy New Orleans, LLC","25.05","n/a","n/a","Public Utilities","Power Generation","https://www.nasdaq.com/symbol/enj",
"ENO","Entergy New Orleans, LLC","26.44","n/a","2016","Public Utilities","Power Generation","https://www.nasdaq.com/symbol/eno",
"EZT","Entergy Texas Inc","26.73","n/a","2014","Public Utilities","Electric Utilities: Central","https://www.nasdaq.com/symbol/ezt",
"EPD","Enterprise Products Partners L.P.","28.69","$62.79B","n/a","Public Utilities","Natural Gas Distribution","https://www.nasdaq.com/symbol/epd",
"EVC","Entravision Communications Corporation","2.92","$249.42M","2000","Consumer Services","Broadcasting","https://www.nasdaq.com/symbol/evc",
"ENV","Envestnet, Inc","67.15","$3.48B","2010","Miscellaneous","Business Services","https://www.nasdaq.com/symbol/env",
"EVA","Enviva Partners, LP","30.76","$1.03B","2015","Basic Industries","Forest Products","https://www.nasdaq.com/symbol/eva",
"ENZ","Enzo Biochem, Inc.","3.73","$177.39M","n/a","Health Care","Medical Specialities","https://www.nasdaq.com/symbol/enz",
"EOG","EOG Resources, Inc.","90.04","$52.25B","n/a","Energy","Oil & Gas Production","https://www.nasdaq.com/symbol/eog",
"EPAM","EPAM Systems, Inc.","170.49","$9.31B","2012","Technology","EDP Services","https://www.nasdaq.com/symbol/epam",
"EPR","EPR Properties","76.56","$5.78B","1997","Consumer Services","Real Estate Investment Trusts","https://www.nasdaq.com/symbol/epr",
"EPR^C","EPR Properties","32.69","n/a","n/a","n/a","n/a","https://www.nasdaq.com/symbol/epr^c",
"EPR^E","EPR Properties","38.23","n/a","n/a","n/a","n/a","https://www.nasdaq.com/symbol/epr^e",
"EPR^G","EPR Properties","24.99","n/a","n/a","n/a","n/a","https://www.nasdaq.com/symbol/epr^g",
"EQM","EQM Midstream Partners, LP","44.61","$8.94B","2012","Public Utilities","Natural Gas Distribution","https://www.nasdaq.com/symbol/eqm",
"EQT","EQT Corporation","14.39","$3.68B","n/a","Energy","Oil & Gas Production","https://www.nasdaq.com/symbol/eqt",
"EFX","Equifax, Inc.","130.98","$15.83B","n/a","Finance","Finance: Consumer Services","https://www.nasdaq.com/symbol/efx",
"EQNR","Equinor ASA","19.73","$65.71B","n/a","Energy","Integrated oil Companies","https://www.nasdaq.com/symbol/eqnr",
"ETRN","Equitrans Midstream Corporation","20.13","$5.13B","2018","Public Utilities","Natural Gas Distribution","https://www.nasdaq.com/symbol/etrn",
"EQC","Equity Commonwealth","32.6","$3.97B","n/a","Consumer Services","Real Estate Investment Trusts","https://www.nasdaq.com/symbol/eqc",
"EQC^D","Equity Commonwealth","27.38","n/a","n/a","n/a","n/a","https://www.nasdaq.com/symbol/eqc^d",
"ELS","Equity Lifestyle Properties, Inc.","120.24","$10.82B","n/a","Consumer Services","Real Estate Investment Trusts","https://www.nasdaq.com/symbol/els",
"EQR","Equity Residential","76.91","$28.5B","n/a","Consumer Services","Real Estate Investment Trusts","https://www.nasdaq.com/symbol/eqr",
"EQS","Equus Total Return, Inc.","1.68","$22.71M","n/a","n/a","n/a","https://www.nasdaq.com/symbol/eqs",
"ERA","Era Group, Inc.","8.2","$182.21M","n/a","Transportation","Transportation Services","https://www.nasdaq.com/symbol/era",
"EROS","Eros International PLC","2.18","$160.47M","2013","Consumer Services","Movies/Entertainment","https://www.nasdaq.com/symbol/eros",
"ESE","ESCO Technologies Inc.","76.99","$2B","n/a","Capital Goods","Telecommunications Equipment","https://www.nasdaq.com/symbol/ese",
"ESNT","Essent Group Ltd.","45.41","$4.47B","2013","Finance","Property-Casualty Insurers","https://www.nasdaq.com/symbol/esnt",
"EPRT","Essential Properties Realty Trust, Inc.","20.45","$1.18B","2018","Consumer Services","Real Estate Investment Trusts","https://www.nasdaq.com/symbol/eprt",
"ESS","Essex Property Trust, Inc.","294.18","$19.33B","1994","Consumer Services","Real Estate Investment Trusts","https://www.nasdaq.com/symbol/ess",
"EL","Estee Lauder Companies, Inc. (The)","183.95","$40.34B","1995","Consumer Non-Durables","Package Goods/Cosmetics","https://www.nasdaq.com/symbol/el",
"ETH","Ethan Allen Interiors Inc.","20.24","$537.97M","1993","Consumer Durables","Home Furnishings","https://www.nasdaq.com/symbol/eth",
"EURN","Euronav NV","8.9","$1.95B","2015","Transportation","Marine Transportation","https://www.nasdaq.com/symbol/eurn",
"EEA","European Equity Fund, Inc. (The)","8.7","$66.96M","n/a","n/a","n/a","https://www.nasdaq.com/symbol/eea",
"EB","Eventbrite, Inc.","16.29","$590.38M","2018","Technology","Computer Software: Programming, Data Processing","https://www.nasdaq.com/symbol/eb",
"EVR","Evercore Inc.","87.03","$3.57B","2006","Finance","Investment Managers","https://www.nasdaq.com/symbol/evr",
"RE","Everest Re Group, Ltd.","251.31","$10.24B","n/a","Finance","Property-Casualty Insurers","https://www.nasdaq.com/symbol/re",
"EVRG","Evergy, Inc.","61.34","$15.62B","2018","Public Utilities","Power Generation","https://www.nasdaq.com/symbol/evrg",
"EVRI","Everi Holdings Inc.","11.04","$785.08M","n/a","Consumer Services","Services-Misc. Amusement & Recreation","https://www.nasdaq.com/symbol/evri",
"ES","Eversource Energy","76.98","$24.43B","n/a","Public Utilities","Electric Utilities: Central","https://www.nasdaq.com/symbol/es",
"EVTC","Evertec, Inc.","30.75","$2.22B","2013","Technology","EDP Services","https://www.nasdaq.com/symbol/evtc",
"EVH","Evolent Health, Inc","7.74","$652.55M","2015","Consumer Services","Other Consumer Services","https://www.nasdaq.com/symbol/evh",
"AQUA","Evoqua Water Technologies Corp.","12.86","$1.47B","2017","Technology","Industrial Machinery/Components","https://www.nasdaq.com/symbol/aqua",
"XAN","Exantas Capital Corp.","11.17","$355.91M","n/a","Consumer Services","Real Estate Investment Trusts","https://www.nasdaq.com/symbol/xan",
"XAN^C","Exantas Capital Corp.","26.31","n/a","n/a","n/a","n/a","https://www.nasdaq.com/symbol/xan^c",
"EXC","Exelon Corporation","49.04","$47.62B","n/a","Public Utilities","Power Generation","https://www.nasdaq.com/symbol/exc",
"EXPR","Express, Inc.","2.71","$182.28M","2010","Consumer Services","Clothing/Shoe/Accessory Stores","https://www.nasdaq.com/symbol/expr",
"EXTN","Exterran Corporation","13.1","$475.88M","2015","Technology","Diversified Commercial Services","https://www.nasdaq.com/symbol/extn",
"EXR","Extra Space Storage Inc","106.39","$13.56B","2004","Consumer Services","Real Estate Investment Trusts","https://www.nasdaq.com/symbol/exr",
"XOM","Exxon Mobil Corporation","76.27","$322.71B","n/a","Energy","Integrated oil Companies","https://www.nasdaq.com/symbol/xom",
"FNB","F.N.B. Corporation","11.29","$3.67B","n/a","Finance","Major Banks","https://www.nasdaq.com/symbol/fnb",
"FNB^E","F.N.B. Corporation","28.36","n/a","n/a","n/a","n/a","https://www.nasdaq.com/symbol/fnb^e",
"FN","Fabrinet","47.53","$1.75B","2010","Public Utilities","Telecommunications Equipment","https://www.nasdaq.com/symbol/fn",
"FDS","FactSet Research Systems Inc.","285.25","$10.91B","1996","Technology","Computer Software: Programming, Data Processing","https://www.nasdaq.com/symbol/fds",
"FICO","Fair Isaac Corporation","294.89","$8.55B","n/a","Miscellaneous","Business Services","https://www.nasdaq.com/symbol/fico",
"SFUN","Fang Holdings Limited","0.6679","$299.53M","2010","Technology","EDP Services","https://www.nasdaq.com/symbol/sfun",
"FPAC","Far Point Acquisition Corporation","10.23","$808.81M","2018","Finance","Business Services","https://www.nasdaq.com/symbol/fpac",
"FPAC.U","Far Point Acquisition Corporation","n/a","n/a","2018","n/a","n/a","https://www.nasdaq.com/symbol/fpac.u",
"FPAC.WS","Far Point Acquisition Corporation","n/a","n/a","n/a","n/a","n/a","https://www.nasdaq.com/symbol/fpac.ws",
"FTCH","Farfetch Limited","19.71","$6B","2018","Miscellaneous","Business Services","https://www.nasdaq.com/symbol/ftch",
"FPI","Farmland Partners Inc.","6.67","$252.46M","2014","Consumer Services","Real Estate Investment Trusts","https://www.nasdaq.com/symbol/fpi",
"FPI^B","Farmland Partners Inc.","23.9589","n/a","n/a","n/a","n/a","https://www.nasdaq.com/symbol/fpi^b",
"FSLY","Fastly, Inc.","17.13","$1.55B","2019","Technology","Computer Software: Prepackaged Software","https://www.nasdaq.com/symbol/fsly",
"FBK","FB Financial Corporation","35.75","$1.1B","2016","Finance","Major Banks","https://www.nasdaq.com/symbol/fbk",
"FFG","FBL Financial Group, Inc.","62.42","$1.54B","1996","Finance","Life Insurance","https://www.nasdaq.com/symbol/ffg",
"AGM","Federal Agricultural Mortgage Corporation","68.12","$728.78M","n/a","Finance","Finance Companies","https://www.nasdaq.com/symbol/agm",
"AGM.A","Federal Agricultural Mortgage Corporation","n/a","n/a","n/a","n/a","n/a","https://www.nasdaq.com/symbol/agm.a",
"AGM^A","Federal Agricultural Mortgage Corporation","25.7875","n/a","n/a","n/a","n/a","https://www.nasdaq.com/symbol/agm^a",
"AGM^C","Federal Agricultural Mortgage Corporation","26.6168","n/a","n/a","n/a","n/a","https://www.nasdaq.com/symbol/agm^c",
"AGM^D","Federal Agricultural Mortgage Corporation","25.49","n/a","n/a","n/a","n/a","https://www.nasdaq.com/symbol/agm^d",
"FRT","Federal Realty Investment Trust","131.31","$9.61B","n/a","Consumer Services","Real Estate Investment Trusts","https://www.nasdaq.com/symbol/frt",
"FRT^C","Federal Realty Investment Trust","24.88","n/a","n/a","n/a","n/a","https://www.nasdaq.com/symbol/frt^c",
"FSS","Federal Signal Corporation","25.77","$1.55B","n/a","Capital Goods","Auto Manufacturing","https://www.nasdaq.com/symbol/fss",
"FII","Federated Investors, Inc.","31.64","$3.19B","1998","Finance","Investment Managers","https://www.nasdaq.com/symbol/fii",
"FMN","Federated Premier Municipal Income Fund","13.69","$157.39M","2002","n/a","n/a","https://www.nasdaq.com/symbol/fmn",
"FDX","FedEx Corporation","155.98","$40.64B","n/a","Transportation","Air Freight/Delivery Services","https://www.nasdaq.com/symbol/fdx",
"RACE","Ferrari N.V.","159.74","$39.01B","2015","Capital Goods","Auto Manufacturing","https://www.nasdaq.com/symbol/race",
"FGP","Ferrellgas Partners, L.P.","0.9256","$89.92M","1994","Consumer Services","Other Specialty Stores","https://www.nasdaq.com/symbol/fgp",
"FOE","Ferro Corporation","15.07","$1.23B","n/a","Basic Industries","Paints/Coatings","https://www.nasdaq.com/symbol/foe",
"FG","FGL Holdings","8.16","$1.81B","2017","Finance","Life Insurance","https://www.nasdaq.com/symbol/fg",
"FG.WS","FGL Holdings","n/a","n/a","n/a","n/a","n/a","https://www.nasdaq.com/symbol/fg.ws",
"FCAU","Fiat Chrysler Automobiles N.V.","13.77","$27.21B","2014","Capital Goods","Auto Manufacturing","https://www.nasdaq.com/symbol/fcau",
"FNF","Fidelity National Financial, Inc.","40.53","$11.14B","2014","Finance","Specialty Insurers","https://www.nasdaq.com/symbol/fnf",
"FIS","Fidelity National Information Services, Inc.","121.26","$39.27B","n/a","Miscellaneous","Business Services","https://www.nasdaq.com/symbol/fis",
"FMO","Fiduciary/Claymore Energy Infrastructure Fund","9.48","$335.98M","2004","n/a","n/a","https://www.nasdaq.com/symbol/fmo",
"FAF","First American Corporation (The)","55.12","$6.18B","n/a","Finance","Specialty Insurers","https://www.nasdaq.com/symbol/faf",
"FBP","First BanCorp.","10","$2.17B","n/a","Finance","Major Banks","https://www.nasdaq.com/symbol/fbp",
"FCF","First Commonwealth Financial Corporation","12.72","$1.25B","n/a","Finance","Major Banks","https://www.nasdaq.com/symbol/fcf",
"FDC","First Data Corporation","26.91","$25.4B","2015","Miscellaneous","Business Services","https://www.nasdaq.com/symbol/fdc",
"FHN","First Horizon National Corporation","14.27","$4.5B","n/a","Finance","Major Banks","https://www.nasdaq.com/symbol/fhn",
"FHN^A","First Horizon National Corporation","26.03","n/a","n/a","n/a","n/a","https://www.nasdaq.com/symbol/fhn^a",
"FR","First Industrial Realty Trust, Inc.","36.43","$4.61B","1994","Consumer Services","Real Estate Investment Trusts","https://www.nasdaq.com/symbol/fr",
"AG","First Majestic Silver Corp.","7.9","$1.6B","n/a","Basic Industries","Precious Metals","https://www.nasdaq.com/symbol/ag",
"FRC","FIRST REPUBLIC BANK","95.85","$16.03B","n/a","n/a","n/a","https://www.nasdaq.com/symbol/frc",
"FRC^D","FIRST REPUBLIC BANK","25.1","n/a","n/a","n/a","n/a","https://www.nasdaq.com/symbol/frc^d",
"FRC^F","FIRST REPUBLIC BANK","25.7","n/a","n/a","n/a","n/a","https://www.nasdaq.com/symbol/frc^f",
"FRC^G","FIRST REPUBLIC BANK","25.37","n/a","n/a","n/a","n/a","https://www.nasdaq.com/symbol/frc^g",
"FRC^H","FIRST REPUBLIC BANK","24.69","n/a","n/a","n/a","n/a","https://www.nasdaq.com/symbol/frc^h",
"FRC^I","FIRST REPUBLIC BANK","25.46","n/a","n/a","n/a","n/a","https://www.nasdaq.com/symbol/frc^i",
"FFA","First Trust","15.14","$302.39M","2004","n/a","n/a","https://www.nasdaq.com/symbol/ffa",
"FMY","First Trust","13.9741","$58.87M","2005","n/a","n/a","https://www.nasdaq.com/symbol/fmy",
"FDEU","First Trust Dynamic Europe Equity Income Fund","13.78","$237.46M","2015","n/a","n/a","https://www.nasdaq.com/symbol/fdeu",
"FIF","First Trust Energy Infrastructure Fund","15.86","$278.35M","2011","n/a","n/a","https://www.nasdaq.com/symbol/fif",
"FSD","First Trust High Income Long Short Fund","14.82","$512.95M","2010","n/a","n/a","https://www.nasdaq.com/symbol/fsd",
"FPF","First Trust Intermediate Duration Preferred & Income Fund","22.72","$1.38B","2013","n/a","n/a","https://www.nasdaq.com/symbol/fpf",
"FEI           ","First Trust MLP and Energy Income Fund","11.72","$550.92M","2012","n/a","n/a","https://www.nasdaq.com/symbol/fei",
"FPL","First Trust New Opportunities MLP & Energy Fund","9.26","$237.98M","2014","n/a","n/a","https://www.nasdaq.com/symbol/fpl",
"FIV","First Trust Senior Floating Rate 2022 Target Term Fund","8.78","$314.6M","2016","n/a","n/a","https://www.nasdaq.com/symbol/fiv",
"FCT","First Trust Senior Floating Rate Income Fund II","11.9","$317.69M","2004","n/a","n/a","https://www.nasdaq.com/symbol/fct",
"FGB","First Trust Specialty Finance and Financial Opportunities Fund","6.02","$86.41M","2007","n/a","n/a","https://www.nasdaq.com/symbol/fgb",
"FEO","First Trust/Aberdeen Emerging Opportunity Fund","13.9","$70.35M","n/a","n/a","n/a","https://www.nasdaq.com/symbol/feo",
"FAM","First Trust/Aberdeen Global Opportunity Income Fund","10.36","$132.28M","2006","n/a","n/a","https://www.nasdaq.com/symbol/fam",
"FE","FirstEnergy Corp.","43.46","$23.1B","n/a","Public Utilities","Electric Utilities: Central","https://www.nasdaq.com/symbol/fe",
"FIT","Fitbit, Inc.","4.4","$1.12B","2015","Technology","Computer Manufacturing","https://www.nasdaq.com/symbol/fit",
"FPH","Five Point Holdings, LLC","7","$481.39M","2017","Finance","Real Estate","https://www.nasdaq.com/symbol/fph",
"FVRR","Fiverr International Ltd.","29.02","$899.48M","2019","Miscellaneous","Business Services","https://www.nasdaq.com/symbol/fvrr",
"FBC","Flagstar Bancorp, Inc.","31.68","$1.79B","n/a","Finance","Savings Institutions","https://www.nasdaq.com/symbol/fbc",
"DFP","Flaherty & Crumrine Dynamic Preferred and Income Fund Inc.","24.55","$470.42M","2013","n/a","n/a","https://www.nasdaq.com/symbol/dfp",
"PFD","Flaherty & Crumrine Preferred Income Fund Incorporated","14.41","$161.66M","1991","n/a","n/a","https://www.nasdaq.com/symbol/pfd",
"PFO","Flaherty & Crumrine Preferred Income Opportunity Fund Inc","11.565","$145.59M","1992","n/a","n/a","https://www.nasdaq.com/symbol/pfo",
"FFC","Flaherty & Crumrine Preferred Securities Income Fund Inc","19.81","$877.48M","2003","n/a","n/a","https://www.nasdaq.com/symbol/ffc",
"FLC","Flaherty & Crumrine Total Return Fund Inc","20.22","$201.35M","2003","n/a","n/a","https://www.nasdaq.com/symbol/flc",
"FLT","FleetCor Technologies, Inc.","277.33","$23.9B","2010","Miscellaneous","Business Services","https://www.nasdaq.com/symbol/flt",
"FLNG","FLEX LNG Ltd.","12","n/a","2019","Consumer Services","Marine Transportation","https://www.nasdaq.com/symbol/flng",
"FND","Floor & Decor Holdings, Inc.","38.79","$3.81B","2017","Consumer Services","RETAIL: Building Materials","https://www.nasdaq.com/symbol/fnd",
"FTK","Flotek Industries, Inc.","3.16","$181.59M","n/a","Basic Industries","Major Chemicals","https://www.nasdaq.com/symbol/ftk",
"FLO","Flowers Foods, Inc.","23.64","$5B","n/a","Consumer Non-Durables","Packaged Foods","https://www.nasdaq.com/symbol/flo",
"FLS","Flowserve Corporation","50.71","$6.65B","n/a","Capital Goods","Fluid Controls","https://www.nasdaq.com/symbol/fls",
"FLR","Fluor Corporation","31.7","$4.44B","n/a","Basic Industries","Military/Government/Technical","https://www.nasdaq.com/symbol/flr",
"FLY","Fly Leasing Limited","16.93","$549.42M","2007","n/a","n/a","https://www.nasdaq.com/symbol/fly",
"FMC","FMC Corporation","82.61","$10.88B","n/a","Basic Industries","Major Chemicals","https://www.nasdaq.com/symbol/fmc",
"FMX","Fomento Economico Mexicano S.A.B. de C.V.","97.58","$174.58B","n/a","Consumer Non-Durables","Beverages (Production/Distribution)","https://www.nasdaq.com/symbol/fmx",
"FL","Foot Locker, Inc.","41.86","$4.59B","n/a","Consumer Services","Clothing/Shoe/Accessory Stores","https://www.nasdaq.com/symbol/fl",
"F","Ford Motor Company","9.84","$39.26B","n/a","Capital Goods","Auto Manufacturing","https://www.nasdaq.com/symbol/f",
"F^B","Ford Motor Company","25.76","n/a","n/a","n/a","n/a","https://www.nasdaq.com/symbol/f^b",
"FELP","Foresight Energy LP","0.711","$103.73M","2014","Energy","Coal Mining","https://www.nasdaq.com/symbol/felp",
"FOR","Forestar Group Inc","17.75","$744.79M","2017","Finance","Real Estate","https://www.nasdaq.com/symbol/for",
"FTS","Fortis Inc.","39.66","$17.14B","2016","Public Utilities","Electric Utilities: Central","https://www.nasdaq.com/symbol/fts",
"FTV","Fortive Corporation","80.63","$27.02B","2016","Capital Goods","Industrial Machinery/Components","https://www.nasdaq.com/symbol/ftv",
"FTV^A","Fortive Corporation","1019.69","n/a","n/a","n/a","n/a","https://www.nasdaq.com/symbol/ftv^a",
"FTAI","Fortress Transportation and Infrastructure Investors LLC","14.73","$1.25B","2015","n/a","n/a","https://www.nasdaq.com/symbol/ftai",
"FSM","Fortuna Silver Mines Inc.","2.95","$472.51M","n/a","Basic Industries","Precious Metals","https://www.nasdaq.com/symbol/fsm",
"FBHS","Fortune Brands Home & Security, Inc.","55.13","$7.71B","n/a","Basic Industries","Homebuilding","https://www.nasdaq.com/symbol/fbhs",
"FET","Forum Energy Technologies, Inc.","3.25","$357.21M","2012","Energy","Metal Fabrications","https://www.nasdaq.com/symbol/fet",
"FBM","Foundation Building Materials, Inc.","16.5","$709.3M","2017","Consumer Services","RETAIL: Building Materials","https://www.nasdaq.com/symbol/fbm",
"FCPT","Four Corners Property Trust, Inc.","28.18","$1.93B","2015","Consumer Services","Real Estate Investment Trusts","https://www.nasdaq.com/symbol/fcpt",
"FEDU","Four Seasons Education (Cayman) Inc.","1.86","$92.88M","2017","Consumer Services","Other Consumer Services","https://www.nasdaq.com/symbol/fedu",
"FNV","Franco-Nevada Corporation","84.7","$15.86B","n/a","Basic Industries","Precious Metals","https://www.nasdaq.com/symbol/fnv",
"FC","Franklin Covey Company","30.52","$426.17M","n/a","Consumer Services","Other Consumer Services","https://www.nasdaq.com/symbol/fc",
"FSB","Franklin Financial Network, Inc.","27.55","$405.78M","2015","Finance","Major Banks","https://www.nasdaq.com/symbol/fsb",
"BEN","Franklin Resources, Inc.","33.78","$17.15B","n/a","Finance","Investment Managers","https://www.nasdaq.com/symbol/ben",
"FT","Franklin Universal Trust","7.26","$182.46M","n/a","n/a","n/a","https://www.nasdaq.com/symbol/ft",
"FI","Frank&#39;s International N.V.","5.26","$1.18B","2013","Energy","Oilfield Services/Equipment","https://www.nasdaq.com/symbol/fi",
"FCX","Freeport-McMoran, Inc.","11.34","$16.45B","n/a","Basic Industries","Precious Metals","https://www.nasdaq.com/symbol/fcx",
"FMS","Fresenius Medical Care Corporation","38.52","$23.52B","n/a","Health Care","Hospital/Nursing Management","https://www.nasdaq.com/symbol/fms",
"FDP","Fresh Del Monte Produce, Inc.","27.31","$1.33B","1997","Consumer Non-Durables","Farming/Seeds/Milling","https://www.nasdaq.com/symbol/fdp",
"RESI","Front Yard Residential Corporation","11.66","$625.33M","n/a","Finance","Real Estate","https://www.nasdaq.com/symbol/resi",
"FRO","Frontline Ltd.","7.87","$1.34B","n/a","Transportation","Marine Transportation","https://www.nasdaq.com/symbol/fro",
"FSK","FS KKR Capital Corp.","5.91","$3.09B","2014","n/a","n/a","https://www.nasdaq.com/symbol/fsk",
"FCN","FTI Consulting, Inc.","84.42","$3.21B","n/a","Consumer Services","Professional Services","https://www.nasdaq.com/symbol/fcn",
"FTSI","FTS International, Inc.","5.67","$622.87M","2018","Energy","Oilfield Services/Equipment","https://www.nasdaq.com/symbol/ftsi",
"FF","FutureFuel Corp.","10.97","$479.86M","n/a","Basic Industries","Major Chemicals","https://www.nasdaq.com/symbol/ff",
"GCV","Gabelli Convertible and Income Securities Fund, Inc. (The)","5.1","$95.66M","n/a","n/a","n/a","https://www.nasdaq.com/symbol/gcv",
"GCV^B","Gabelli Convertible and Income Securities Fund, Inc. (The)","26.7099","n/a","n/a","n/a","n/a","https://www.nasdaq.com/symbol/gcv^b",
"GAB","Gabelli Equity Trust, Inc. (The)","6.16","$1.56B","1986","n/a","n/a","https://www.nasdaq.com/symbol/gab",
"GAB^D","Gabelli Equity Trust, Inc. (The)","25.91","n/a","n/a","n/a","n/a","https://www.nasdaq.com/symbol/gab^d",
"GAB^G","Gabelli Equity Trust, Inc. (The)","24.699","n/a","n/a","n/a","n/a","https://www.nasdaq.com/symbol/gab^g",
"GAB^H","Gabelli Equity Trust, Inc. (The)","24.938","n/a","n/a","n/a","n/a","https://www.nasdaq.com/symbol/gab^h",
"GAB^J","Gabelli Equity Trust, Inc. (The)","26.015","n/a","n/a","n/a","n/a","https://www.nasdaq.com/symbol/gab^j",
"GGZ","Gabelli Global Small and Mid Cap Value Trust (The)","11.61","$111.9M","2014","n/a","n/a","https://www.nasdaq.com/symbol/ggz",
"GGZ^A","Gabelli Global Small and Mid Cap Value Trust (The)","25.55","n/a","n/a","n/a","n/a","https://www.nasdaq.com/symbol/ggz^a",
"GGT","Gabelli Multi-Media Trust Inc. (The)","8.14","$200.39M","n/a","n/a","n/a","https://www.nasdaq.com/symbol/ggt",
"GGT^B","Gabelli Multi-Media Trust Inc. (The)","26.04","n/a","n/a","n/a","n/a","https://www.nasdaq.com/symbol/ggt^b",
"GGT^E","Gabelli Multi-Media Trust Inc. (The)","24.949","n/a","n/a","n/a","n/a","https://www.nasdaq.com/symbol/ggt^e",
"GUT","Gabelli Utility Trust (The)","6.98","$375.07M","n/a","n/a","n/a","https://www.nasdaq.com/symbol/gut",
"GUT^A","Gabelli Utility Trust (The)","25.83","n/a","n/a","n/a","n/a","https://www.nasdaq.com/symbol/gut^a",
"GUT^C","Gabelli Utility Trust (The)","25.8266","n/a","n/a","n/a","n/a","https://www.nasdaq.com/symbol/gut^c",
"GCAP","GAIN Capital Holdings, Inc.","4.02","$148.88M","2010","Finance","Investment Bankers/Brokers/Service","https://www.nasdaq.com/symbol/gcap",
"GBL","Gamco Investors, Inc.","17.7","$488.7M","1999","Finance","Investment Bankers/Brokers/Service","https://www.nasdaq.com/symbol/gbl",
"GNT","GAMCO Natural Resources, Gold & Income Tust ","5.69","$118.89M","2011","n/a","n/a","https://www.nasdaq.com/symbol/gnt",
"GNT^A","GAMCO Natural Resources, Gold & Income Tust ","25.0153","n/a","n/a","n/a","n/a","https://www.nasdaq.com/symbol/gnt^a",
"GME","Gamestop Corporation","5.45","$557.37M","2002","Consumer Services","Electronics Distribution","https://www.nasdaq.com/symbol/gme",
"GPS","Gap, Inc. (The)","17.49","$6.61B","n/a","Consumer Services","Clothing/Shoe/Accessory Stores","https://www.nasdaq.com/symbol/gps",
"GDI","Gardner Denver Holdings, Inc.","33.85","$6.84B","2017","Technology","Industrial Machinery/Components","https://www.nasdaq.com/symbol/gdi",
"GTX","Garrett Motion Inc.","14.52","$1.08B","2018","Capital Goods","Auto Parts:O.E.M.","https://www.nasdaq.com/symbol/gtx",
"IT","Gartner, Inc.","160.99","$14.5B","1993","Consumer Services","Other Consumer Services","https://www.nasdaq.com/symbol/it",
"GLOG","GasLog LP.","13.57","$1.09B","2012","Consumer Services","Marine Transportation","https://www.nasdaq.com/symbol/glog",
"GLOG^A","GasLog LP.","26.9","n/a","n/a","n/a","n/a","https://www.nasdaq.com/symbol/glog^a",
"GLOP","GasLog Partners LP","20.6","$955.36M","2014","Consumer Services","Marine Transportation","https://www.nasdaq.com/symbol/glop",
"GLOP^A","GasLog Partners LP","24.34","n/a","n/a","n/a","n/a","https://www.nasdaq.com/symbol/glop^a",
"GLOP^B","GasLog Partners LP","23.34","n/a","n/a","n/a","n/a","https://www.nasdaq.com/symbol/glop^b",
"GLOP^C","GasLog Partners LP","23.64","n/a","n/a","n/a","n/a","https://www.nasdaq.com/symbol/glop^c",
"GTES","Gates Industrial Corporation plc","11.07","$3.21B","2018","Technology","Industrial Machinery/Components","https://www.nasdaq.com/symbol/gtes",
"GATX","GATX Corporation","75.69","$2.74B","n/a","Consumer Services","Transportation Services","https://www.nasdaq.com/symbol/gatx",
"GMTA","GATX Corporation","26.91","n/a","2016","Consumer Services","Transportation Services","https://www.nasdaq.com/symbol/gmta",
"GCP","GCP Applied Technologies Inc.","22.21","$1.61B","2016","Basic Industries","Major Chemicals","https://www.nasdaq.com/symbol/gcp",
"GNK","Genco Shipping & Trading Limited ","7.64","$318.26M","n/a","Transportation","Marine Transportation","https://www.nasdaq.com/symbol/gnk",
"GNRC","Generac Holdlings Inc.","68.87","$4.29B","2010","Consumer Durables","Metal Fabrications","https://www.nasdaq.com/symbol/gnrc",
"GAM","General American Investors, Inc.","35.08","$894.36M","n/a","n/a","n/a","https://www.nasdaq.com/symbol/gam",
"GAM^B","General American Investors, Inc.","26.59","n/a","n/a","n/a","n/a","https://www.nasdaq.com/symbol/gam^b",
"GD","General Dynamics Corporation","177.64","$51.32B","n/a","Capital Goods","Marine Transportation","https://www.nasdaq.com/symbol/gd",
"GE","General Electric Company","10.22","$89.13B","n/a","Energy","Consumer Electronics/Appliances","https://www.nasdaq.com/symbol/ge",
"GIS","General Mills, Inc.","53.7","$32.16B","n/a","Consumer Non-Durables","Packaged Foods","https://www.nasdaq.com/symbol/gis",
"GM","General Motors Company","37.68","$54.7B","2010","Capital Goods","Auto Manufacturing","https://www.nasdaq.com/symbol/gm",
"GM.WS.B","General Motors Company","n/a","n/a","n/a","n/a","n/a","https://www.nasdaq.com/symbol/gm.ws.b",
"GCO","Genesco Inc.","43.15","$713.46M","n/a","Consumer Services","Clothing/Shoe/Accessory Stores","https://www.nasdaq.com/symbol/gco",
"GWR","Genesee & Wyoming, Inc.","97.59","$5.52B","n/a","Transportation","Railroads","https://www.nasdaq.com/symbol/gwr",
"GEL","Genesis Energy, L.P.","21.58","$2.65B","1996","Energy","Oil Refining/Marketing","https://www.nasdaq.com/symbol/gel",
"GEN           ","Genesis Healthcare, Inc.","1.2","$194.26M","n/a","Health Care","Hospital/Nursing Management","https://www.nasdaq.com/symbol/gen",
"GNE","Genie Energy Ltd.","10.89","$295.02M","2011","Public Utilities","Power Generation","https://www.nasdaq.com/symbol/gne",
"GNE^A","Genie Energy Ltd.","8.4559","n/a","n/a","n/a","n/a","https://www.nasdaq.com/symbol/gne^a",
"G","Genpact Limited","37.74","$7.18B","2007","Consumer Services","Professional Services","https://www.nasdaq.com/symbol/g",
"GPC","Genuine Parts Company","103.37","$15.1B","n/a","Capital Goods","Automotive Aftermarket","https://www.nasdaq.com/symbol/gpc",
"GNW","Genworth Financial Inc","3.51","$1.77B","2004","Finance","Life Insurance","https://www.nasdaq.com/symbol/gnw",
"GEO","Geo Group Inc (The)","20.85","$2.52B","n/a","Consumer Services","Real Estate Investment Trusts","https://www.nasdaq.com/symbol/geo",
"GPRK","Geopark Ltd","18.09","$1.11B","2014","Energy","Oil & Gas Production","https://www.nasdaq.com/symbol/gprk",
"GPJA","Georgia Power Company","25.55","n/a","2017","Public Utilities","Electric Utilities: Central","https://www.nasdaq.com/symbol/gpja",
"GGB","Gerdau S.A.","3.81","$6.46B","n/a","Capital Goods","Steel/Iron Ore","https://www.nasdaq.com/symbol/ggb",
"GTY","Getty Realty Corporation","30.65","$1.26B","n/a","Finance","Real Estate","https://www.nasdaq.com/symbol/gty",
"GIG","GigCapital, Inc.","10.39","$191.82M","2018","Finance","Business Services","https://www.nasdaq.com/symbol/gig",
"GIG.U","GigCapital, Inc.","n/a","n/a","2017","n/a","n/a","https://www.nasdaq.com/symbol/gig.u",
"GIG.WS","GigCapital, Inc.","n/a","n/a","n/a","n/a","n/a","https://www.nasdaq.com/symbol/gig.ws",
"GIG~","GigCapital, Inc.","0.4776","n/a","n/a","n/a","n/a","https://www.nasdaq.com/symbol/gig~",
"GIX.U","GigCapital2, Inc.","n/a","n/a","2019","n/a","n/a","https://www.nasdaq.com/symbol/gix.u",
"GIL","Gildan Activewear, Inc.","38.3","$7.81B","1998","Consumer Non-Durables","Apparel","https://www.nasdaq.com/symbol/gil",
"GLT","Glatfelter","15.92","$701.41M","n/a","Basic Industries","Paper","https://www.nasdaq.com/symbol/glt",
"GKOS","Glaukos Corporation","74.5","$2.71B","2015","Health Care","Medical/Dental Instruments","https://www.nasdaq.com/symbol/gkos",
"GSK","GlaxoSmithKline PLC","40.63","$101.33B","n/a","Health Care","Major Pharmaceuticals","https://www.nasdaq.com/symbol/gsk",
"BRSS","Global Brass and Copper Holdings, Inc.","43.67","$958.68M","2013","Capital Goods","Metal Fabrications","https://www.nasdaq.com/symbol/brss",
"CO","Global Cord Blood Corporation","5.78","$702.57M","n/a","Finance","Business Services","https://www.nasdaq.com/symbol/co",
"GMRE","Global Medical REIT Inc.","10.73","$370.78M","2016","Consumer Services","Real Estate Investment Trusts","https://www.nasdaq.com/symbol/gmre",
"GMRE^A","Global Medical REIT Inc.","25.9913","n/a","n/a","n/a","n/a","https://www.nasdaq.com/symbol/gmre^a",
"GNL","Global Net Lease, Inc.","19.34","$1.62B","2015","Consumer Services","Real Estate Investment Trusts","https://www.nasdaq.com/symbol/gnl",
"GNL^A","Global Net Lease, Inc.","25.54","n/a","n/a","n/a","n/a","https://www.nasdaq.com/symbol/gnl^a",
"GLP","Global Partners LP","20.06","$681.95M","2005","Energy","Oil Refining/Marketing","https://www.nasdaq.com/symbol/glp",
"GLP^A","Global Partners LP","26.02","n/a","n/a","n/a","n/a","https://www.nasdaq.com/symbol/glp^a",
"GPN","Global Payments Inc.","157.82","$24.73B","n/a","Miscellaneous","Business Services","https://www.nasdaq.com/symbol/gpn",
"GSL","Global Ship Lease, Inc.","7.27","$74.1M","n/a","Transportation","Marine Transportation","https://www.nasdaq.com/symbol/gsl",
"GSL^B","Global Ship Lease, Inc.","22.4244","n/a","n/a","n/a","n/a","https://www.nasdaq.com/symbol/gsl^b",
"GLOB","Globant S.A.","101","$3.68B","2014","Technology","EDP Services","https://www.nasdaq.com/symbol/glob",
"GMED","Globus Medical, Inc.","42.56","$4.21B","2012","Health Care","Medical/Dental Instruments","https://www.nasdaq.com/symbol/gmed",
"GMS","GMS Inc.","18.57","$749.76M","2016","Consumer Services","RETAIL: Building Materials","https://www.nasdaq.com/symbol/gms",
"GNC","GNC Holdings, Inc.","1.37","$115.04M","2011","Consumer Non-Durables","Food Chains","https://www.nasdaq.com/symbol/gnc",
"GDDY","GoDaddy Inc.","69.71","$12.35B","2015","Technology","EDP Services","https://www.nasdaq.com/symbol/gddy",
"GOL","Gol Linhas Aereas Inteligentes S.A.","16.37","$2.86B","2004","Transportation","Air Freight/Delivery Services","https://www.nasdaq.com/symbol/gol",
"GFI","Gold Fields Limited","5.55","$4.6B","n/a","Basic Industries","Precious Metals","https://www.nasdaq.com/symbol/gfi",
"GSBD","Goldman Sachs BDC, Inc.","19.95","$804.04M","2015","n/a","n/a","https://www.nasdaq.com/symbol/gsbd",
"GS","Goldman Sachs Group, Inc. (The)","196.06","$71.73B","1999","Finance","Investment Bankers/Brokers/Service","https://www.nasdaq.com/symbol/gs",
"GS^A","Goldman Sachs Group, Inc. (The)","19.37","n/a","n/a","n/a","n/a","https://www.nasdaq.com/symbol/gs^a",
"GS^B.CL","Goldman Sachs Group, Inc. (The)","n/a","n/a","n/a","n/a","n/a","https://www.nasdaq.com/symbol/gs^b.cl",
"GS^C","Goldman Sachs Group, Inc. (The)","20.42","n/a","n/a","n/a","n/a","https://www.nasdaq.com/symbol/gs^c",
"GS^D","Goldman Sachs Group, Inc. (The)","20.33","n/a","n/a","n/a","n/a","https://www.nasdaq.com/symbol/gs^d",
"GS^J","Goldman Sachs Group, Inc. (The)","26.16","n/a","n/a","n/a","n/a","https://www.nasdaq.com/symbol/gs^j",
"GS^K","Goldman Sachs Group, Inc. (The)","27.68","n/a","n/a","n/a","n/a","https://www.nasdaq.com/symbol/gs^k",
"GS^N","Goldman Sachs Group, Inc. (The)","26.69","n/a","n/a","n/a","n/a","https://www.nasdaq.com/symbol/gs^n",
"GER","Goldman Sachs MLP Energy Renaissance Fund","5.11","$406.08M","1986","n/a","n/a","https://www.nasdaq.com/symbol/ger",
"GMZ","Goldman Sachs MLP Income Opportunities Fund","7.63","$338.94M","2013","n/a","n/a","https://www.nasdaq.com/symbol/gmz",
"GRC","Gorman-Rupp Company (The)","31.25","$816.39M","n/a","Capital Goods","Fluid Controls","https://www.nasdaq.com/symbol/grc",
"GPX","GP Strategies Corporation","14.54","$243.14M","n/a","Consumer Services","Other Consumer Services","https://www.nasdaq.com/symbol/gpx",
"GGG","Graco Inc.","50.86","$8.47B","n/a","Capital Goods","Fluid Controls","https://www.nasdaq.com/symbol/ggg",
"GRAF","Graf Industrial Corp.","10","$304.71M","2018","Finance","Business Services","https://www.nasdaq.com/symbol/graf",
"GRAF.U","Graf Industrial Corp.","n/a","n/a","2018","n/a","n/a","https://www.nasdaq.com/symbol/graf.u",
"GRAF.WS","Graf Industrial Corp.","n/a","n/a","n/a","n/a","n/a","https://www.nasdaq.com/symbol/graf.ws",
"EAF","GrafTech International Ltd.","11.07","$3.22B","2018","Energy","Industrial Machinery/Components","https://www.nasdaq.com/symbol/eaf",
"GHM","Graham Corporation","20.75","$204.24M","n/a","Technology","Industrial Machinery/Components","https://www.nasdaq.com/symbol/ghm",
"GHC","Graham Holdings Company","689.09","$3.66B","n/a","Consumer Services","Other Consumer Services","https://www.nasdaq.com/symbol/ghc",
"GRAM","Grana y Montero S.A.A.","3.26","$568.49M","2018","Basic Industries","Military/Government/Technical","https://www.nasdaq.com/symbol/gram",
"GVA","Granite Construction Incorporated","45.28","$2.12B","n/a","Basic Industries","Military/Government/Technical","https://www.nasdaq.com/symbol/gva",
"GPMT","Granite Point Mortgage Trust Inc.","18.93","$1.02B","2017","Consumer Services","Real Estate Investment Trusts","https://www.nasdaq.com/symbol/gpmt",
"GRP.U","Granite Real Estate Inc.","n/a","n/a","n/a","n/a","n/a","https://www.nasdaq.com/symbol/grp.u",
"GPK","Graphic Packaging Holding Company","13.57","$4.01B","n/a","Consumer Durables","Containers/Packaging","https://www.nasdaq.com/symbol/gpk",
"GTN","Gray Television, Inc.","16","$1.51B","n/a","Consumer Services","Broadcasting","https://www.nasdaq.com/symbol/gtn",
"GTN.A","Gray Television, Inc.","n/a","n/a","n/a","n/a","n/a","https://www.nasdaq.com/symbol/gtn.a",
"AJX","Great Ajax Corp.","13.5","$256.02M","2015","Consumer Services","Real Estate Investment Trusts","https://www.nasdaq.com/symbol/ajx",
"AJXA","Great Ajax Corp.","25.68","n/a","2017","Consumer Services","Real Estate Investment Trusts","https://www.nasdaq.com/symbol/ajxa",
"GWB","Great Western Bancorp, Inc.","34.44","$1.96B","2014","Finance","Major Banks","https://www.nasdaq.com/symbol/gwb",
"GDOT","Green Dot Corporation","47.49","$2.52B","2010","Finance","Finance: Consumer Services","https://www.nasdaq.com/symbol/gdot",
"GBX","Greenbrier Companies, Inc. (The)","28.78","$932.65M","1994","Capital Goods","Railroads","https://www.nasdaq.com/symbol/gbx",
"GHL","Greenhill & Co., Inc.","13.27","$279.45M","2004","Finance","Investment Bankers/Brokers/Service","https://www.nasdaq.com/symbol/ghl",
"GHG","GreenTree Hospitality Group Ltd.","12.13","$1.24B","2018","Consumer Services","Hotels/Resorts","https://www.nasdaq.com/symbol/ghg",
"GEF","Greif Bros. Corporation","31.5","$1.87B","n/a","n/a","n/a","https://www.nasdaq.com/symbol/gef",
"GEF.B","Greif Bros. Corporation","n/a","n/a","n/a","n/a","n/a","https://www.nasdaq.com/symbol/gef.b",
"GFF","Griffon Corporation","15.94","$746M","n/a","Capital Goods","Building Products","https://www.nasdaq.com/symbol/gff",
"GPI","Group 1 Automotive, Inc.","75.92","$1.41B","1997","Consumer Durables","Automotive Aftermarket","https://www.nasdaq.com/symbol/gpi",
"GRUB","GrubHub Inc.","75.9","$6.92B","2014","Miscellaneous","Business Services","https://www.nasdaq.com/symbol/grub",
"PAC","Grupo Aeroportuario Del Pacifico, S.A. de C.V.","107.62","$6.04B","2006","Transportation","Aerospace","https://www.nasdaq.com/symbol/pac",
"ASR","Grupo Aeroportuario del Sureste, S.A. de C.V.","169.65","$5.09B","n/a","Transportation","Aerospace","https://www.nasdaq.com/symbol/asr",
"AVAL","Grupo Aval Acciones y Valores S.A.","7.88","$8.78B","2014","Finance","Commercial Banks","https://www.nasdaq.com/symbol/aval",
"SUPV","Grupo Supervielle S.A.","7.39","$675.04M","2016","Finance","Commercial Banks","https://www.nasdaq.com/symbol/supv",
"TV","Grupo Televisa S.A.","8.45","$5.16B","1993","Consumer Services","Broadcasting","https://www.nasdaq.com/symbol/tv",
"GSAH","GS Acquisition Holdings Corp.","10.13","$873.71M","2018","n/a","n/a","https://www.nasdaq.com/symbol/gsah",
"GSAH.U","GS Acquisition Holdings Corp.","n/a","n/a","2018","n/a","n/a","https://www.nasdaq.com/symbol/gsah.u",
"GSAH.WS","GS Acquisition Holdings Corp.","n/a","n/a","n/a","n/a","n/a","https://www.nasdaq.com/symbol/gsah.ws",
"GSX","GSX Techedu Inc.","9.4","$2.21B","2019","Consumer Services","Other Consumer Services","https://www.nasdaq.com/symbol/gsx",
"GTT","GTT Communications, Inc.","18.23","$1.02B","n/a","Public Utilities","Telecommunications Equipment","https://www.nasdaq.com/symbol/gtt",
"GSH","Guangshen Railway Company Limited","17.65","$2.5B","n/a","Transportation","Railroads","https://www.nasdaq.com/symbol/gsh",
"GES","Guess?, Inc.","14.72","$1.05B","1996","Consumer Non-Durables","Apparel","https://www.nasdaq.com/symbol/ges",
"GGM","Guggenheim Credit Allocation Fund","20.6","$152.1M","2013","n/a","n/a","https://www.nasdaq.com/symbol/ggm",
"GPM","Guggenheim Enhanced Equity Income Fund","7.84","$377.37M","n/a","n/a","n/a","https://www.nasdaq.com/symbol/gpm",
"GOF","Guggenheim Strategic Opportunities Fund","20.37","$730.89M","n/a","n/a","n/a","https://www.nasdaq.com/symbol/gof",
"GBAB","Guggenheim Taxable Municipal Managed Duration Trst","23.71","$413.07M","2010","n/a","n/a","https://www.nasdaq.com/symbol/gbab",
"GWRE","Guidewire Software, Inc.","98.75","$8.08B","2012","Technology","Computer Software: Prepackaged Software","https://www.nasdaq.com/symbol/gwre",
"HRB","H&R Block, Inc.","27.87","$5.63B","n/a","Consumer Services","Other Consumer Services","https://www.nasdaq.com/symbol/hrb",
"FUL","H. B. Fuller Company","44.88","$2.28B","n/a","Basic Industries","Home Furnishings","https://www.nasdaq.com/symbol/ful",
"HAE","Haemonetics Corporation","116.6","$5.98B","1991","Health Care","Medical/Dental Instruments","https://www.nasdaq.com/symbol/hae",
"HK","Halcon Resources Corporation","0.1601","$26.3M","n/a","Energy","Oil & Gas Production","https://www.nasdaq.com/symbol/hk",
"HK.WS","Halcon Resources Corporation","n/a","n/a","n/a","n/a","n/a","https://www.nasdaq.com/symbol/hk.ws",
"HAL","Halliburton Company","22.5","$19.64B","n/a","Energy","Oilfield Services/Equipment","https://www.nasdaq.com/symbol/hal",
"HBB","Hamilton Beach Brands Holding Company","17.36","$240.47M","2017","Consumer Durables","Home Furnishings","https://www.nasdaq.com/symbol/hbb",
"HBI","Hanesbrands Inc.","16.65","$6.02B","n/a","Consumer Services","Clothing/Shoe/Accessory Stores","https://www.nasdaq.com/symbol/hbi",
"HNGR","Hanger, Inc.","18.09","$673.48M","2018","Health Care","Medical Specialities","https://www.nasdaq.com/symbol/hngr",
"HASI","Hannon Armstrong Sustainable Infrastructure Capital, Inc.","27.58","$1.76B","2013","Consumer Services","Real Estate Investment Trusts","https://www.nasdaq.com/symbol/hasi",
"HOG","Harley-Davidson, Inc.","35.19","$5.6B","n/a","Consumer Non-Durables","Motor Vehicles","https://www.nasdaq.com/symbol/hog",
"HMY","Harmony Gold Mining Company Limited","2.19","$1.17B","n/a","Basic Industries","Precious Metals","https://www.nasdaq.com/symbol/hmy",
"HRS","Harris Corporation","195.67","$23.11B","n/a","Capital Goods","Industrial Machinery/Components","https://www.nasdaq.com/symbol/hrs",
"HSC","Harsco Corporation","26.53","$2.12B","n/a","Capital Goods","Metal Fabrications","https://www.nasdaq.com/symbol/hsc",
"HHS","Harte-Hanks, Inc.","2.515","$15.77M","1993","Technology","Advertising","https://www.nasdaq.com/symbol/hhs",
"HGH","Hartford Financial Services Group, Inc. (The)","28.47","n/a","n/a","Finance","Property-Casualty Insurers","https://www.nasdaq.com/symbol/hgh",
"HIG","Hartford Financial Services Group, Inc. (The)","56.03","$20.25B","n/a","Finance","Property-Casualty Insurers","https://www.nasdaq.com/symbol/hig",
"HIG^G","Hartford Financial Services Group, Inc. (The)","26.7037","n/a","n/a","n/a","n/a","https://www.nasdaq.com/symbol/hig^g",
"HVT","Haverty Furniture Companies, Inc.","17.05","$350.73M","n/a","Consumer Services","Other Specialty Stores","https://www.nasdaq.com/symbol/hvt",
"HVT.A","Haverty Furniture Companies, Inc.","n/a","n/a","n/a","n/a","n/a","https://www.nasdaq.com/symbol/hvt.a",
"HE","Hawaiian Electric Industries, Inc.","43.65","$4.76B","n/a","Public Utilities","Electric Utilities: Central","https://www.nasdaq.com/symbol/he",
"HCHC","HC2 Holdings, Inc.","2.43","$110.88M","n/a","Capital Goods","Metal Fabrications","https://www.nasdaq.com/symbol/hchc",
"HCA","HCA Healthcare, Inc.","135.18","$46.27B","2011","Health Care","Hospital/Nursing Management","https://www.nasdaq.com/symbol/hca",
"HCI","HCI Group, Inc.","40.84","$347.25M","n/a","Finance","Property-Casualty Insurers","https://www.nasdaq.com/symbol/hci",
"HCP","HCP, Inc.","32.23","$15.41B","n/a","Consumer Services","Real Estate Investment Trusts","https://www.nasdaq.com/symbol/hcp",
"HDB","HDFC Bank Limited","127.54","$116.18B","2001","Finance","Commercial Banks","https://www.nasdaq.com/symbol/hdb",
"HR","Healthcare Realty Trust Incorporated","31.93","$4.13B","1993","Consumer Services","Real Estate Investment Trusts","https://www.nasdaq.com/symbol/hr",
"HTA","Healthcare Trust of America, Inc.","27.78","$5.7B","n/a","Consumer Services","Real Estate Investment Trusts","https://www.nasdaq.com/symbol/hta",
"HL","Hecla Mining Company","1.75","$845.23M","n/a","Basic Industries","Mining & Quarrying of Nonmetallic Minerals (No Fuels)","https://www.nasdaq.com/symbol/hl",
"HL^B","Hecla Mining Company","50.0966","n/a","n/a","Basic Industries","Mining & Quarrying of Nonmetallic Minerals (No Fuels)","https://www.nasdaq.com/symbol/hl^b",
"HEI","Heico Corporation","129.25","$17.3B","n/a","Capital Goods","Aerospace","https://www.nasdaq.com/symbol/hei",
"HEI.A","Heico Corporation","n/a","n/a","n/a","n/a","n/a","https://www.nasdaq.com/symbol/hei.a",
"HLX","Helix Energy Solutions Group, Inc.","8.22","$1.22B","n/a","Energy","Oilfield Services/Equipment","https://www.nasdaq.com/symbol/hlx",
"HP","Helmerich & Payne, Inc.","48.81","$5.34B","n/a","Energy","Oil & Gas Production","https://www.nasdaq.com/symbol/hp",
"HLF","Herbalife Nutrition Ltd.","42.5","$6.42B","2004","Health Care","Other Pharmaceuticals","https://www.nasdaq.com/symbol/hlf",
"HRI","Herc Holdings Inc.","43.81","$1.26B","2016","n/a","n/a","https://www.nasdaq.com/symbol/hri",
"HCXY","Hercules Capital, Inc.","25.7","n/a","2018","n/a","n/a","https://www.nasdaq.com/symbol/hcxy",
"HCXZ","Hercules Capital, Inc.","24.99","n/a","2018","n/a","n/a","https://www.nasdaq.com/symbol/hcxz",
"HTGC","Hercules Capital, Inc.","12.71","$1.33B","2012","n/a","n/a","https://www.nasdaq.com/symbol/htgc",
"HRTG","Heritage Insurance Holdings, Inc.","15.05","$451.7M","2014","Finance","Property-Casualty Insurers","https://www.nasdaq.com/symbol/hrtg",
"PSV","Hermitage Offshore Services Ltd.","2.62","$52.82M","2014","Transportation","Marine Transportation","https://www.nasdaq.com/symbol/psv",
"HT","Hersha Hospitality Trust","16.31","$639.57M","1999","Consumer Services","Real Estate Investment Trusts","https://www.nasdaq.com/symbol/ht",
"HT^C","Hersha Hospitality Trust","25.5082","n/a","n/a","n/a","n/a","https://www.nasdaq.com/symbol/ht^c",
"HT^D","Hersha Hospitality Trust","24.57","n/a","n/a","n/a","n/a","https://www.nasdaq.com/symbol/ht^d",
"HT^E","Hersha Hospitality Trust","24.35","n/a","n/a","n/a","n/a","https://www.nasdaq.com/symbol/ht^e",
"HSY","Hershey Company (The)","137.2","$28.65B","n/a","Consumer Non-Durables","Specialty Foods","https://www.nasdaq.com/symbol/hsy",
"HTZ","Hertz Global Holdings, Inc","16.53","$1.39B","2016","Consumer Services","Rental/Leasing Companies","https://www.nasdaq.com/symbol/htz",
"HTZ~$","Hertz Global Holdings, Inc","2.57","n/a","n/a","n/a","n/a","https://www.nasdaq.com/symbol/htz~$",
"HES","Hess Corporation","62.19","$18.87B","n/a","Energy","Integrated oil Companies","https://www.nasdaq.com/symbol/hes",
"HESM","Hess Midstream Partners LP","19.22","$1.05B","2017","Energy","Oil & Gas Production","https://www.nasdaq.com/symbol/hesm",
"HPE","Hewlett Packard Enterprise Company","14.76","$19.77B","2015","Technology","Computer Manufacturing","https://www.nasdaq.com/symbol/hpe",
"HXL","Hexcel Corporation","78.66","$6.68B","n/a","Basic Industries","Major Chemicals","https://www.nasdaq.com/symbol/hxl",
"HF","HFF, Inc.","45.08","$1.8B","2007","Consumer Services","Real Estate","https://www.nasdaq.com/symbol/hf",
"HCR","Hi-Crush Inc.","2.84","$287.14M","2012","Basic Industries","Mining & Quarrying of Nonmetallic Minerals (No Fuels)","https://www.nasdaq.com/symbol/hcr",
"PCF","High Income Securities Fund","8.23","$106.42M","n/a","n/a","n/a","https://www.nasdaq.com/symbol/pcf",
"HGLB","Highland Global Allocation Fund","10.98","$252.74M","2019","n/a","n/a","https://www.nasdaq.com/symbol/hglb",
"HFRO","Highland Income Fund","13.52","$972.11M","2017","n/a","n/a","https://www.nasdaq.com/symbol/hfro",
"HPR","HighPoint Resources Corporation","1.84","$392.07M","2018","Energy","Oil & Gas Production","https://www.nasdaq.com/symbol/hpr",
"HIW","Highwoods Properties, Inc.","42.46","$4.4B","1994","Consumer Services","Real Estate Investment Trusts","https://www.nasdaq.com/symbol/hiw",
"HIL","Hill International, Inc.","2.66","$148.06M","2018","Consumer Services","Military/Government/Technical","https://www.nasdaq.com/symbol/hil",
"HI","Hillenbrand Inc","38.72","$2.42B","n/a","Consumer Durables","Miscellaneous manufacturing industries","https://www.nasdaq.com/symbol/hi",
"HRC","Hill-Rom Holdings Inc","104.6","$6.98B","n/a","Health Care","Medical/Dental Instruments","https://www.nasdaq.com/symbol/hrc",
"HTH","Hilltop Holdings Inc.","19.8","$1.86B","n/a","Finance","Major Banks","https://www.nasdaq.com/symbol/hth",
"HGV","Hilton Grand Vacations Inc.","30.46","$2.76B","2016","Consumer Services","Hotels/Resorts","https://www.nasdaq.com/symbol/hgv",
"HLT","Hilton Worldwide Holdings Inc.","93.25","$27.14B","2016","Consumer Services","Hotels/Resorts","https://www.nasdaq.com/symbol/hlt",
"HNI","HNI Corporation","33.5","$1.45B","n/a","Consumer Durables","Office Equipment/Supplies/Services","https://www.nasdaq.com/symbol/hni",
"HMLP","Hoegh LNG Partners LP","16.99","$340.58M","2014","Consumer Services","Marine Transportation","https://www.nasdaq.com/symbol/hmlp",
"HMLP^A","Hoegh LNG Partners LP","25.72","n/a","n/a","n/a","n/a","https://www.nasdaq.com/symbol/hmlp^a",
"HEP","Holly Energy Partners, L.P.","27.06","$2.85B","2004","Energy","Natural Gas Distribution","https://www.nasdaq.com/symbol/hep",
"HFC","HollyFrontier Corporation","43.88","$7.49B","n/a","Energy","Integrated oil Companies","https://www.nasdaq.com/symbol/hfc",
"HD","Home Depot, Inc. (The)","204.74","$225.78B","n/a","Consumer Services","RETAIL: Building Materials","https://www.nasdaq.com/symbol/hd",
"HMC","Honda Motor Company, Ltd.","25.75","$45.31B","n/a","Capital Goods","Auto Manufacturing","https://www.nasdaq.com/symbol/hmc",
"HON","Honeywell International Inc.","173.94","$126.58B","n/a","Capital Goods","Auto Parts:O.E.M.","https://www.nasdaq.com/symbol/hon",
"HMN","Horace Mann Educators Corporation","39.3","$1.62B","1991","Finance","Property-Casualty Insurers","https://www.nasdaq.com/symbol/hmn",
"HZN","Horizon Global Corporation","3.53","$89.18M","2015","Capital Goods","Auto Parts:O.E.M.","https://www.nasdaq.com/symbol/hzn",
"HTFA","Horizon Technology Finance Corporation","25.68","n/a","2017","n/a","n/a","https://www.nasdaq.com/symbol/htfa",
"HRL","Hormel Foods Corporation","40.5","$21.62B","n/a","Consumer Non-Durables","Meat/Poultry/Fish","https://www.nasdaq.com/symbol/hrl",
"HOS","Hornbeck Offshore Services","1.22","$46.21M","2004","Consumer Services","Marine Transportation","https://www.nasdaq.com/symbol/hos",
"HST","Host Hotels & Resorts, Inc.","17.8","$13.19B","n/a","Consumer Services","Real Estate Investment Trusts","https://www.nasdaq.com/symbol/hst",
"HLI","Houlihan Lokey, Inc.","44.03","$2.92B","2015","Finance","Investment Managers","https://www.nasdaq.com/symbol/hli",
"HOV","Hovnanian Enterprises Inc","6.76","$40.15M","n/a","Capital Goods","Homebuilding","https://www.nasdaq.com/symbol/hov",
"HHC","Howard Hughes Corporation (The)","95.08","$4.1B","n/a","Consumer Services","Real Estate Investment Trusts","https://www.nasdaq.com/symbol/hhc",
"HPQ","HP Inc.","20.6","$31.03B","n/a","Technology","Computer Manufacturing","https://www.nasdaq.com/symbol/hpq",
"HSBC","HSBC Holdings plc","40.98","$165.86B","n/a","Finance","Savings Institutions","https://www.nasdaq.com/symbol/hsbc",
"HSBC^A","HSBC Holdings plc","26.28","n/a","n/a","n/a","n/a","https://www.nasdaq.com/symbol/hsbc^a",
"HMI","Huami Corporation","9.72","$587.42M","2018","Technology","Computer Manufacturing","https://www.nasdaq.com/symbol/hmi",
"HNP","Huaneng Power International, Inc.","23.28","$9.14B","1994","Public Utilities","Electric Utilities: Central","https://www.nasdaq.com/symbol/hnp",
"HUBB","Hubbell Inc","126.3","$6.88B","2015","Capital Goods","Electrical Products","https://www.nasdaq.com/symbol/hubb",
"HUBS","HubSpot, Inc.","168.53","$7.1B","2014","Technology","Computer Software: Prepackaged Software","https://www.nasdaq.com/symbol/hubs",
"HBM","Hudbay Minerals Inc.","5.49","$1.43B","n/a","Basic Industries","Precious Metals","https://www.nasdaq.com/symbol/hbm",
"HUD","Hudson Ltd.","13.75","$1.27B","2018","Consumer Services","Department/Specialty Retail Stores","https://www.nasdaq.com/symbol/hud",
"HPP","Hudson Pacific Properties, Inc.","32.89","$5.08B","2010","Finance","Real Estate","https://www.nasdaq.com/symbol/hpp",
"HUM","Humana Inc.","261.84","$35.36B","n/a","Health Care","Medical Specialities","https://www.nasdaq.com/symbol/hum",
"HCFT","Hunt Companies Finance Trust, Inc.","3.45","$81.72M","2013","Consumer Services","Real Estate Investment Trusts","https://www.nasdaq.com/symbol/hcft",
"HII","Huntington Ingalls Industries, Inc.","223.48","$9.29B","n/a","Capital Goods","Marine Transportation","https://www.nasdaq.com/symbol/hii",
"HUN","Huntsman Corporation","19.45","$4.54B","2005","Basic Industries","Major Chemicals","https://www.nasdaq.com/symbol/hun",
"HUYA","HUYA Inc.","23.4","$5.1B","2018","Technology","Computer Software: Programming, Data Processing","https://www.nasdaq.com/symbol/huya",
"H","Hyatt Hotels Corporation","73.25","$7.72B","2009","Consumer Services","Hotels/Resorts","https://www.nasdaq.com/symbol/h",
"HY","Hyster-Yale Materials Handling, Inc.","54.05","$900.27M","n/a","Capital Goods","Construction/Ag Equipment/Trucks","https://www.nasdaq.com/symbol/hy",
"IAA$","IAA, Inc.","37.65","n/a","n/a","n/a","n/a","https://www.nasdaq.com/symbol/iaa$",
"IAG","Iamgold Corporation","3.34","$1.56B","n/a","Basic Industries","Precious Metals","https://www.nasdaq.com/symbol/iag",
"IBN","ICICI Bank Limited","12.41","$40.03B","n/a","Finance","Commercial Banks","https://www.nasdaq.com/symbol/ibn",
"IDA","IDACORP, Inc.","104.27","$5.25B","n/a","Public Utilities","Electric Utilities: Central","https://www.nasdaq.com/symbol/ida",
"IEX","IDEX Corporation","167.42","$12.67B","1989","Capital Goods","Fluid Controls","https://www.nasdaq.com/symbol/iex",
"IDT","IDT Corporation","8.56","$224.95M","n/a","Public Utilities","Telecommunications Equipment","https://www.nasdaq.com/symbol/idt",
"ITW","Illinois Tool Works Inc.","150.82","$49.13B","n/a","Technology","Industrial Machinery/Components","https://www.nasdaq.com/symbol/itw",
"IMAX","Imax Corporation","19.03","$1.17B","n/a","Miscellaneous","Industrial Machinery/Components","https://www.nasdaq.com/symbol/imax",
"ICD","Independence Contract Drilling, Inc.","1.59","$122.55M","2014","Energy","Oil & Gas Production","https://www.nasdaq.com/symbol/icd",
"IHC","Independence Holding Company","36.9","$551.16M","n/a","Finance","Life Insurance","https://www.nasdaq.com/symbol/ihc",
"IRT","Independence Realty Trust, Inc.","11.68","$1.05B","2013","Consumer Services","Real Estate Investment Trusts","https://www.nasdaq.com/symbol/irt",
"IFN","India Fund, Inc. (The)","20.99","$564.73M","n/a","n/a","n/a","https://www.nasdaq.com/symbol/ifn",
"IBA","Industrias Bachoco, S.A. de C.V.","51.19","$2.56B","1997","Consumer Non-Durables","Meat/Poultry/Fish","https://www.nasdaq.com/symbol/iba",
"INFY","Infosys Limited","10.65","$46.09B","n/a","Technology","EDP Services","https://www.nasdaq.com/symbol/infy",
"ING","ING Group, N.V.","11.08","$43.16B","1997","Finance","Commercial Banks","https://www.nasdaq.com/symbol/ing",
"ISG","ING Group, N.V.","26.19","n/a","n/a","Finance","Commercial Banks","https://www.nasdaq.com/symbol/isg",
"IR","Ingersoll-Rand plc (Ireland)","124.87","$30.11B","n/a","Capital Goods","Auto Parts:O.E.M.","https://www.nasdaq.com/symbol/ir",
"NGVT","Ingevity Corporation","95.92","$4.01B","2016","Basic Industries","Major Chemicals","https://www.nasdaq.com/symbol/ngvt",
"INGR","Ingredion Incorporated","81.94","$5.46B","n/a","Consumer Non-Durables","Packaged Foods","https://www.nasdaq.com/symbol/ingr",
"IIPR","Innovative Industrial Properties, Inc.","130.97","$1.28B","2016","Finance","Real Estate","https://www.nasdaq.com/symbol/iipr",
"IIPR^A","Innovative Industrial Properties, Inc.","32.47","n/a","n/a","n/a","n/a","https://www.nasdaq.com/symbol/iipr^a",
"IPHI","Inphi Corporation","48.52","$2.17B","2010","Technology","Semiconductors","https://www.nasdaq.com/symbol/iphi",
"INSI","Insight Select Income Fund","19.48","$208.63M","n/a","n/a","n/a","https://www.nasdaq.com/symbol/insi",
"NSP","Insperity, Inc.","120.53","$4.97B","n/a","Technology","Professional Services","https://www.nasdaq.com/symbol/nsp",
"INSP","Inspire Medical Systems, Inc.","58.98","$1.4B","1998","Health Care","Medical/Dental Instruments","https://www.nasdaq.com/symbol/insp",
"IBP","Installed Building Products, Inc.","53.76","$1.61B","2014","Basic Industries","Homebuilding","https://www.nasdaq.com/symbol/ibp",
"INST","Instructure, Inc.","39.7","$1.45B","2015","Technology","Computer Software: Prepackaged Software","https://www.nasdaq.com/symbol/inst",
"ITGR","Integer Holdings Corporation","83.5","$2.72B","n/a","Miscellaneous","Industrial Machinery/Components","https://www.nasdaq.com/symbol/itgr",
"I","Intelsat S.A.","19.11","$2.69B","2013","Consumer Services","Telecommunications Equipment","https://www.nasdaq.com/symbol/i",
"ICE","Intercontinental Exchange Inc.","86.53","$48.79B","2005","Finance","Investment Bankers/Brokers/Service","https://www.nasdaq.com/symbol/ice",
"IHG","Intercontinental Hotels Group","66.54","$12.11B","n/a","Consumer Services","Hotels/Resorts","https://www.nasdaq.com/symbol/ihg",
"IBM","International Business Machines Corporation","138.36","$122.68B","n/a","Technology","Computer Manufacturing","https://www.nasdaq.com/symbol/ibm",
"IFF","International Flavors & Fragrances, Inc.","147.54","$15.74B","n/a","Basic Industries","Major Chemicals","https://www.nasdaq.com/symbol/iff",
"IFFT","International Flavors & Fragrances, Inc.","54.25","n/a","2018","Basic Industries","Major Chemicals","https://www.nasdaq.com/symbol/ifft",
"IGT","International Game Technology","12.3","$2.51B","2015","Consumer Services","Services-Misc. Amusement & Recreation","https://www.nasdaq.com/symbol/igt",
"IP","International Paper Company","42.66","$16.95B","n/a","Basic Industries","Paper","https://www.nasdaq.com/symbol/ip",
"INSW","International Seaways, Inc.","18.16","$530.67M","2016","Consumer Services","Marine Transportation","https://www.nasdaq.com/symbol/insw",
"INSW^A","International Seaways, Inc.","25.4793","n/a","n/a","n/a","n/a","https://www.nasdaq.com/symbol/insw^a",
"IPG","Interpublic Group of Companies, Inc. (The)","22.37","$8.66B","n/a","Technology","Advertising","https://www.nasdaq.com/symbol/ipg",
"INXN","InterXion Holding N.V.","75.1","$5.4B","2011","Technology","Computer Software: Programming, Data Processing","https://www.nasdaq.com/symbol/inxn",
"IPI","Intrepid Potash, Inc","3.3","$432.44M","2008","Basic Industries","Mining & Quarrying of Nonmetallic Minerals (No Fuels)","https://www.nasdaq.com/symbol/ipi",
"IVC","Invacare Corporation","4.84","$163.42M","n/a","Health Care","Industrial Specialties","https://www.nasdaq.com/symbol/ivc",
"VBF","Invesco Bond Fund","18.9","$215.03M","n/a","n/a","n/a","https://www.nasdaq.com/symbol/vbf",
"VCV","Invesco California Value Municipal Income Trust","12.87","$616.03M","n/a","n/a","n/a","https://www.nasdaq.com/symbol/vcv",
"VTA","Invesco Credit Opportunities Fund","11.16","$826.89M","2007","n/a","n/a","https://www.nasdaq.com/symbol/vta",
"IHIT","Invesco High Income 2023 Target Term Fund","10.34","$248.2M","2016","n/a","n/a","https://www.nasdaq.com/symbol/ihit",
"IHTA","Invesco High Income 2024 Target Term Fund","10.2086","$89.6M","2017","n/a","n/a","https://www.nasdaq.com/symbol/ihta",
"VLT","Invesco High Income Trust II","14.45","$117.31M","1989","n/a","n/a","https://www.nasdaq.com/symbol/vlt",
"IVR","INVESCO MORTGAGE CAPITAL INC","16.3","$2.1B","2009","Consumer Services","Real Estate Investment Trusts","https://www.nasdaq.com/symbol/ivr",
"IVR^B","INVESCO MORTGAGE CAPITAL INC","26.18","n/a","n/a","n/a","n/a","https://www.nasdaq.com/symbol/ivr^b",
"IVR^C","INVESCO MORTGAGE CAPITAL INC","25.7","n/a","n/a","n/a","n/a","https://www.nasdaq.com/symbol/ivr^c",
"IVR^A","Invesco Mortgage Capital Inc.","26.13","n/a","n/a","n/a","n/a","https://www.nasdaq.com/symbol/ivr^a",
"OIA","Invesco Municipal Income Opportunities Trust","7.63","$362.63M","n/a","n/a","n/a","https://www.nasdaq.com/symbol/oia",
"VMO","Invesco Municipal Opportunity Trust","12.19","$821.78M","n/a","n/a","n/a","https://www.nasdaq.com/symbol/vmo",
"VKQ","Invesco Municipal Trust","12.22","$676.01M","n/a","n/a","n/a","https://www.nasdaq.com/symbol/vkq",
"VPV","Invesco Pennsylvania Value Municipal Income Trust","12.685","$302.28M","n/a","n/a","n/a","https://www.nasdaq.com/symbol/vpv",
"IVZ","Invesco Plc","20.01","$9.54B","n/a","Finance","Investment Managers","https://www.nasdaq.com/symbol/ivz",
"IQI","Invesco Quality Municipal Income Trust","12.34","$652.59M","n/a","n/a","n/a","https://www.nasdaq.com/symbol/iqi",
"VVR","Invesco Senior Income Trust","4.31","$775.96M","1998","n/a","n/a","https://www.nasdaq.com/symbol/vvr",
"VTN","Invesco Trust  for Investment Grade New York Municipal","13.63","$265.48M","n/a","n/a","n/a","https://www.nasdaq.com/symbol/vtn",
"VGM","Invesco Trust for Investment Grade Municipals","12.56","$681.07M","n/a","n/a","n/a","https://www.nasdaq.com/symbol/vgm",
"IIM","Invesco Value Municipal Income Trust","15.18","$714.32M","n/a","n/a","n/a","https://www.nasdaq.com/symbol/iim",
"IRET","Investors Real Estate Trust","58.1","$682.92M","n/a","Consumer Services","Real Estate Investment Trusts","https://www.nasdaq.com/symbol/iret",
"IRET^C","Investors Real Estate Trust","25.637","n/a","n/a","n/a","n/a","https://www.nasdaq.com/symbol/iret^c",
"NVTA","Invitae Corporation","20.66","$1.86B","2015","Health Care","Medical Specialities","https://www.nasdaq.com/symbol/nvta",
"INVH","Invitation Homes Inc.","27.07","$14.21B","2017","Finance","Real Estate","https://www.nasdaq.com/symbol/invh",
"IO","Ion Geophysical Corporation","7.31","$102.85M","n/a","Energy","Oil & Gas Production","https://www.nasdaq.com/symbol/io",
"IQV","IQVIA Holdings, Inc.","154.14","$30.4B","2013","Health Care","Biotechnology: Commercial Physical & Biological Resarch","https://www.nasdaq.com/symbol/iqv",
"IRM","Iron Mountain Incorporated","30.88","$8.86B","n/a","Consumer Services","Real Estate Investment Trusts","https://www.nasdaq.com/symbol/irm",
"IRS","IRSA Inversiones Y Representaciones S.A.","9.28","$537.01M","n/a","Consumer Services","Homebuilding","https://www.nasdaq.com/symbol/irs",
"ICL","Israel Chemicals Shs","5.2","$6.66B","2014","Basic Industries","Agricultural Chemicals","https://www.nasdaq.com/symbol/icl",
"STAR          ","iStar Inc.","11.8","$763.39M","n/a","Consumer Services","Real Estate Investment Trusts","https://www.nasdaq.com/symbol/star",
"STAR^D","iStar Inc.","25.66","n/a","n/a","n/a","n/a","https://www.nasdaq.com/symbol/star^d",
"STAR^G","iStar Inc.","25.4","n/a","n/a","n/a","n/a","https://www.nasdaq.com/symbol/star^g",
"STAR^I","iStar Inc.","25.39","n/a","n/a","n/a","n/a","https://www.nasdaq.com/symbol/star^i",
"ITCB","Ita? CorpBanca","11.72","$4B","n/a","Finance","Commercial Banks","https://www.nasdaq.com/symbol/itcb",
"ITUB","Itau Unibanco Banco Holding SA","9.25","$90.12B","n/a","Finance","Major Banks","https://www.nasdaq.com/symbol/itub",
"ITT","ITT Inc.","63.25","$5.55B","2011","Capital Goods","Fluid Controls","https://www.nasdaq.com/symbol/itt",
"IVH","Ivy High Income Opportunities Fund","13.41","$222.2M","2013","n/a","n/a","https://www.nasdaq.com/symbol/ivh",
"JPM","J P Morgan Chase & Co","107.76","$349.57B","n/a","Finance","Major Banks","https://www.nasdaq.com/symbol/jpm",
"JPM^A","J P Morgan Chase & Co","25.841","n/a","n/a","Finance","Major Banks","https://www.nasdaq.com/symbol/jpm^a",
"JPM^C","J P Morgan Chase & Co","26.99","n/a","n/a","n/a","n/a","https://www.nasdaq.com/symbol/jpm^c",
"JPM^D","J P Morgan Chase & Co","26.71","n/a","n/a","n/a","n/a","https://www.nasdaq.com/symbol/jpm^d",
"JPM^E","J P Morgan Chase & Co","25.69","n/a","n/a","n/a","n/a","https://www.nasdaq.com/symbol/jpm^e",
"JPM^F","J P Morgan Chase & Co","25.72","n/a","n/a","n/a","n/a","https://www.nasdaq.com/symbol/jpm^f",
"JPM^G","J P Morgan Chase & Co","26.11","n/a","n/a","n/a","n/a","https://www.nasdaq.com/symbol/jpm^g",
"JPM^H","J P Morgan Chase & Co","26.12","n/a","n/a","Finance","Major Banks","https://www.nasdaq.com/symbol/jpm^h",
"JAX","J. Alexander&#39;s Holdings, Inc.","10.85","$159.44M","2015","Consumer Services","Restaurants","https://www.nasdaq.com/symbol/jax",
"JILL","J. Jill, Inc.","1.67","$73.64M","2017","Consumer Non-Durables","Apparel","https://www.nasdaq.com/symbol/jill",
"JCP","J.C. Penney Company, Inc. Holding Company","1.07","$338.51M","n/a","Consumer Services","Department/Specialty Retail Stores","https://www.nasdaq.com/symbol/jcp",
"SJM","J.M. Smucker Company (The)","120.57","$13.71B","n/a","Consumer Non-Durables","Packaged Foods","https://www.nasdaq.com/symbol/sjm",
"JBL","Jabil Inc.","30.56","$4.67B","1993","Technology","Electrical Products","https://www.nasdaq.com/symbol/jbl",
"JEC","Jacobs Engineering Group Inc.","82.32","$11.25B","n/a","Basic Industries","Military/Government/Technical","https://www.nasdaq.com/symbol/jec",
"JAG","Jagged Peak Energy Inc.","8.03","$1.71B","2017","Energy","Oil & Gas Production","https://www.nasdaq.com/symbol/jag",
"JHX","James Hardie Industries plc.","13.45","$5.95B","n/a","Capital Goods","Building Materials","https://www.nasdaq.com/symbol/jhx",
"JHG","Janus Henderson Group plc","20.9","$4.08B","2017","Finance","Investment Managers","https://www.nasdaq.com/symbol/jhg",
"JOF","Japan Smaller Capitalization Fund Inc","8.39","$237.72M","1990","n/a","n/a","https://www.nasdaq.com/symbol/jof",
"JBGS","JBG SMITH Properties","39.72","$5.33B","2017","Consumer Services","Real Estate Investment Trusts","https://www.nasdaq.com/symbol/jbgs",
"JEF","Jefferies Financial Group Inc.","18.51","$5.38B","n/a","Finance","Investment Bankers/Brokers/Service","https://www.nasdaq.com/symbol/jef",
"JELD","JELD-WEN Holding, Inc.","20.62","$2.08B","2017","Basic Industries","Forest Products","https://www.nasdaq.com/symbol/jeld",
"JCAP","Jernigan Capital, Inc.","20.96","$455.21M","2015","Consumer Services","Real Estate Investment Trusts","https://www.nasdaq.com/symbol/jcap",
"JCAP^B","Jernigan Capital, Inc.","26.3668","n/a","n/a","n/a","n/a","https://www.nasdaq.com/symbol/jcap^b",
"JT","Jianpu Technology Inc.","4.02","$676.56M","2017","Technology","Computer Software: Programming, Data Processing","https://www.nasdaq.com/symbol/jt",
"JKS","JinkoSolar Holding Company Limited","20.98","$825.38M","2010","Technology","Semiconductors","https://www.nasdaq.com/symbol/jks",
"JMP","JMP Group LLC","3.95","$83.35M","2007","Finance","Investment Bankers/Brokers/Service","https://www.nasdaq.com/symbol/jmp",
"JMPB","JMP Group LLC","25.72","n/a","n/a","Finance","Investment Bankers/Brokers/Service","https://www.nasdaq.com/symbol/jmpb",
"JMPD","JMP Group LLC","25.309","n/a","2017","Finance","Investment Bankers/Brokers/Service","https://www.nasdaq.com/symbol/jmpd",
"JBT","John Bean Technologies Corporation","115.3","$3.65B","n/a","Technology","Industrial Machinery/Components","https://www.nasdaq.com/symbol/jbt",
"BTO","John Hancock Financial Opportunities Fund","30.91","$577.1M","1994","n/a","n/a","https://www.nasdaq.com/symbol/bto",
"HEQ","John Hancock Hedged Equity & Income Fund","13.63","$166.48M","2011","n/a","n/a","https://www.nasdaq.com/symbol/heq",
"JHS","John Hancock Income Securities Trust","14.2","$165.38M","n/a","n/a","n/a","https://www.nasdaq.com/symbol/jhs",
"JHI","John Hancock Investors Trust","16.22","$141.23M","n/a","n/a","n/a","https://www.nasdaq.com/symbol/jhi",
"HPF","John Hancock Pfd Income Fund II","22.54","$480.1M","2002","n/a","n/a","https://www.nasdaq.com/symbol/hpf",
"HPI","John Hancock Preferred Income Fund","22.75","$592.38M","2002","n/a","n/a","https://www.nasdaq.com/symbol/hpi",
"HPS","John Hancock Preferred Income Fund III","19.12","$604.14M","2003","n/a","n/a","https://www.nasdaq.com/symbol/hps",
"PDT","John Hancock Premium Dividend Fund","16.71","$810.25M","n/a","n/a","n/a","https://www.nasdaq.com/symbol/pdt",
"HTD","John Hancock Tax Advantaged Dividend Income Fund","25.24","$893.12M","2004","n/a","n/a","https://www.nasdaq.com/symbol/htd",
"HTY","John Hancock Tax-Advantaged Global Shareholder Yield Fund","6.8","$75.1M","n/a","n/a","n/a","https://www.nasdaq.com/symbol/hty",
"JW.A","John Wiley & Sons, Inc.","n/a","n/a","n/a","n/a","n/a","https://www.nasdaq.com/symbol/jw.a",
"JW.B","John Wiley & Sons, Inc.","n/a","n/a","n/a","n/a","n/a","https://www.nasdaq.com/symbol/jw.b",
"JNJ","Johnson & Johnson","144.24","$382.97B","n/a","Health Care","Major Pharmaceuticals","https://www.nasdaq.com/symbol/jnj",
"JCI","Johnson Controls International plc","40.58","$36.44B","n/a","Consumer Services","Other Consumer Services","https://www.nasdaq.com/symbol/jci",
"JLL","Jones Lang LaSalle Incorporated","136.29","$6.23B","n/a","Finance","Real Estate","https://www.nasdaq.com/symbol/jll",
"JMEI","Jumei International Holding Limited","2.57","$318.88M","2014","Consumer Services","Other Specialty Stores","https://www.nasdaq.com/symbol/jmei",
"JMIA","Jumia Technologies AG","25.65","$1.96B","2019","Consumer Services","Catalog/Specialty Distribution","https://www.nasdaq.com/symbol/jmia",
"JNPR","Juniper Networks, Inc.","26.32","$9.06B","1999","Technology","Computer Communications Equipment","https://www.nasdaq.com/symbol/jnpr",
"JP","Jupai Holdings Limited","2.32","$77.91M","2015","Consumer Services","Other Consumer Services","https://www.nasdaq.com/symbol/jp",
"JE","Just Energy Group, Inc.","4.08","$610.01M","n/a","Public Utilities","Oil/Gas Transmission","https://www.nasdaq.com/symbol/je",
"JE^A","Just Energy Group, Inc.","22.5151","n/a","n/a","n/a","n/a","https://www.nasdaq.com/symbol/je^a",
"LRN","K12 Inc","28.37","$1.14B","n/a","Consumer Services","Other Consumer Services","https://www.nasdaq.com/symbol/lrn",
"KAI","Kadant Inc","89.04","$994.97M","n/a","Technology","Industrial Machinery/Components","https://www.nasdaq.com/symbol/kai",
"KDMN","Kadmon Holdings, Inc.","1.65","$213.64M","2016","Health Care","Major Pharmaceuticals","https://www.nasdaq.com/symbol/kdmn",
"KAMN","Kaman Corporation","62.25","$1.74B","n/a","Consumer Durables","Industrial Specialties","https://www.nasdaq.com/symbol/kamn",
"KSU","Kansas City Southern","117.86","$11.86B","n/a","Transportation","Railroads","https://www.nasdaq.com/symbol/ksu",
"KSU^","Kansas City Southern","26.4821","n/a","n/a","Transportation","Railroads","https://www.nasdaq.com/symbol/ksu^",
"KAR","KAR Auction Services, Inc","61.5","$8.2B","2009","Consumer Durables","Automotive Aftermarket","https://www.nasdaq.com/symbol/kar",
"KAR$","KAR Auction Services, Inc","23.99","n/a","n/a","n/a","n/a","https://www.nasdaq.com/symbol/kar$",
"KMF","Kayne Anderson Midstream Energy Fund, Inc","11.25","$532.74M","2010","n/a","n/a","https://www.nasdaq.com/symbol/kmf",
"KYN","Kayne Anderson MLP/Midstream Investment Company","14.98","$1.89B","2004","n/a","n/a","https://www.nasdaq.com/symbol/kyn",
"KYN^F","Kayne Anderson MLP/Midstream Investment Company","25.1464","n/a","n/a","n/a","n/a","https://www.nasdaq.com/symbol/kyn^f",
"KB","KB Financial Group Inc","38.57","$15.15B","n/a","Finance","Commercial Banks","https://www.nasdaq.com/symbol/kb",
"KBH","KB Home","23.82","$2.08B","1986","Capital Goods","Homebuilding","https://www.nasdaq.com/symbol/kbh",
"KBR","KBR, Inc.","24.45","$3.46B","2006","Basic Industries","Military/Government/Technical","https://www.nasdaq.com/symbol/kbr",
"FRAC","Keane Group, Inc.","6.93","$727.43M","2017","Energy","Oilfield Services/Equipment","https://www.nasdaq.com/symbol/frac",
"K","Kellogg Company","54.53","$18.57B","n/a","Consumer Non-Durables","Packaged Foods","https://www.nasdaq.com/symbol/k",
"KEM","Kemet Corporation","17.9","$1.04B","n/a","Capital Goods","Electrical Products","https://www.nasdaq.com/symbol/kem",
"KMPA","Kemper Corporation","25.17","n/a","2014","Finance","Property-Casualty Insurers","https://www.nasdaq.com/symbol/kmpa",
"KMPR","Kemper Corporation","87.8","$5.84B","n/a","Finance","Property-Casualty Insurers","https://www.nasdaq.com/symbol/kmpr",
"KMT","Kennametal Inc.","34.54","$2.85B","n/a","Capital Goods","Industrial Machinery/Components","https://www.nasdaq.com/symbol/kmt",
"KW","Kennedy-Wilson Holdings Inc.","20.77","$2.96B","n/a","Finance","Real Estate","https://www.nasdaq.com/symbol/kw",
"KEN","Kenon Holdings Ltd.","20.0127","$1.08B","2015","Public Utilities","Electric Utilities: Central","https://www.nasdaq.com/symbol/ken",
"KDP","Keurig Dr Pepper Inc.","29.57","$41.6B","n/a","Consumer Non-Durables","Beverages (Production/Distribution)","https://www.nasdaq.com/symbol/kdp",
"KEG","Key Energy Services, Inc.","1.94","$39.57M","2016","Energy","Oilfield Services/Equipment","https://www.nasdaq.com/symbol/keg",
"KEY","KeyCorp","17.03","$17.17B","n/a","Finance","Major Banks","https://www.nasdaq.com/symbol/key",
"KEY^I","KeyCorp","28.68","n/a","n/a","n/a","n/a","https://www.nasdaq.com/symbol/key^i",
"KEY^J","KeyCorp","25.61","n/a","n/a","n/a","n/a","https://www.nasdaq.com/symbol/key^j",
"KEY^K","KeyCorp","25.67","n/a","n/a","n/a","n/a","https://www.nasdaq.com/symbol/key^k",
"KEYS","Keysight Technologies Inc.","85.22","$16.04B","2014","Capital Goods","Industrial Machinery/Components","https://www.nasdaq.com/symbol/keys",
"KRC","Kilroy Realty Corporation","74.77","$7.55B","1997","Consumer Services","Real Estate Investment Trusts","https://www.nasdaq.com/symbol/krc",
"KRP","Kimbell Royalty Partners","16.01","$751.03M","2017","Energy","Oil & Gas Production","https://www.nasdaq.com/symbol/krp",
"KMB","Kimberly-Clark Corporation","136.83","$47.04B","n/a","Consumer Durables","Containers/Packaging","https://www.nasdaq.com/symbol/kmb",
"KIM","Kimco Realty Corporation","18.61","$7.85B","n/a","Consumer Services","Real Estate Investment Trusts","https://www.nasdaq.com/symbol/kim",
"KIM^I","Kimco Realty Corporation","25.73","n/a","n/a","n/a","n/a","https://www.nasdaq.com/symbol/kim^i",
"KIM^J","Kimco Realty Corporation","25.28","n/a","n/a","n/a","n/a","https://www.nasdaq.com/symbol/kim^j",
"KIM^K","Kimco Realty Corporation","25.47","n/a","n/a","n/a","n/a","https://www.nasdaq.com/symbol/kim^k",
"KIM^L","Kimco Realty Corporation","24.59","n/a","n/a","n/a","n/a","https://www.nasdaq.com/symbol/kim^l",
"KIM^M","Kimco Realty Corporation","24.61","n/a","n/a","n/a","n/a","https://www.nasdaq.com/symbol/kim^m",
"KMI","Kinder Morgan, Inc.","20.58","$46.59B","2011","Public Utilities","Natural Gas Distribution","https://www.nasdaq.com/symbol/kmi",
"KFS","Kingsway Financial Services, Inc.","2.44","$53.16M","n/a","Finance","Property-Casualty Insurers","https://www.nasdaq.com/symbol/kfs",
"KGC","Kinross Gold Corporation","3.9","$4.88B","n/a","Basic Industries","Precious Metals","https://www.nasdaq.com/symbol/kgc",
"KEX","Kirby Corporation","75.85","$4.54B","n/a","Consumer Services","Marine Transportation","https://www.nasdaq.com/symbol/kex",
"KL","Kirkland Lake Gold Ltd.","42.81","$8.99B","n/a","Basic Industries","Precious Metals","https://www.nasdaq.com/symbol/kl",
"KRG","Kite Realty Group Trust","15.02","$1.26B","2004","Consumer Services","Real Estate Investment Trusts","https://www.nasdaq.com/symbol/krg",
"KKR","KKR & Co. Inc.","23.96","$13.03B","n/a","Finance","Investment Managers","https://www.nasdaq.com/symbol/kkr",
"KKR^A","KKR & Co. Inc.","26.84","n/a","n/a","n/a","n/a","https://www.nasdaq.com/symbol/kkr^a",
"KKR^B","KKR & Co. Inc.","26.6999","n/a","n/a","n/a","n/a","https://www.nasdaq.com/symbol/kkr^b",
"KIO","KKR Income Opportunities Fund","15.75","$320.36M","2013","n/a","n/a","https://www.nasdaq.com/symbol/kio",
"KREF","KKR Real Estate Finance Trust Inc.","20.24","$1.2B","2017","Consumer Services","Real Estate Investment Trusts","https://www.nasdaq.com/symbol/kref",
"KNX","Knight Transportation, Inc.","29.55","$5.12B","2017","Transportation","Trucking Freight/Courier Services","https://www.nasdaq.com/symbol/knx",
"KNL","Knoll, Inc.","21.28","$1.06B","2004","Consumer Durables","Office Equipment/Supplies/Services","https://www.nasdaq.com/symbol/knl",
"KNOP","KNOT Offshore Partners LP","19.11","$624.78M","2013","Consumer Services","Marine Transportation","https://www.nasdaq.com/symbol/knop",
"KN","Knowles Corporation","16.96","$1.54B","2014","Consumer Non-Durables","Consumer Electronics/Appliances","https://www.nasdaq.com/symbol/kn",
"KSS","Kohl&#39;s Corporation","46.01","$7.45B","1992","Consumer Services","Department/Specialty Retail Stores","https://www.nasdaq.com/symbol/kss",
"PHG","Koninklijke Philips N.V.","42.79","$38.97B","n/a","Energy","Consumer Electronics/Appliances","https://www.nasdaq.com/symbol/phg",
"KTB","Kontoor Brands, Inc.","26.13","$1.49B","2019","Consumer Non-Durables","Apparel","https://www.nasdaq.com/symbol/ktb",
"KOP","Koppers Holdings Inc.","26.42","$545.52M","2006","Basic Industries","Forest Products","https://www.nasdaq.com/symbol/kop",
"KEP","Korea Electric Power Corporation","11.11","$14.26B","1994","Public Utilities","Electric Utilities: Central","https://www.nasdaq.com/symbol/kep",
"KF","Korea Fund, Inc. (The)","28.31","$147.23M","n/a","n/a","n/a","https://www.nasdaq.com/symbol/kf",
"KFY","Korn Ferry ","38.63","$2.18B","1999","Technology","Diversified Commercial Services","https://www.nasdaq.com/symbol/kfy",
"KOS","Kosmos Energy Ltd.","6.19","$2.48B","2011","Energy","Oil & Gas Production","https://www.nasdaq.com/symbol/kos",
"KRA","Kraton Corporation","28.22","$903.48M","2009","Basic Industries","Major Chemicals","https://www.nasdaq.com/symbol/kra",
"KR","Kroger Company (The)","21.85","$17.63B","n/a","Consumer Services","Food Chains","https://www.nasdaq.com/symbol/kr",
"KRO","Kronos Worldwide Inc","14.74","$1.71B","n/a","Basic Industries","Major Chemicals","https://www.nasdaq.com/symbol/kro",
"KT","KT Corporation","12.31","$6.04B","n/a","Public Utilities","Telecommunications Equipment","https://www.nasdaq.com/symbol/kt",
"LB","L Brands, Inc.","23.96","$6.62B","n/a","Consumer Services","Clothing/Shoe/Accessory Stores","https://www.nasdaq.com/symbol/lb",
"SCX","L.S. Starrett Company (The)","6.6539","$45.86M","n/a","Capital Goods","Industrial Machinery/Components","https://www.nasdaq.com/symbol/scx",
"LLL","L3 Technologies, Inc.","254.16","$20.19B","n/a","Technology","Radio And Television Broadcasting And Communications Equipment","https://www.nasdaq.com/symbol/lll",
"LH","Laboratory Corporation of America Holdings","169.41","$16.69B","n/a","Health Care","Medical Specialities","https://www.nasdaq.com/symbol/lh",
"LADR","Ladder Capital Corp","16.48","$1.97B","2014","Consumer Services","Real Estate Investment Trusts","https://www.nasdaq.com/symbol/ladr",
"LAIX","LAIX Inc.","10.2","$501.35M","2018","Consumer Services","Other Consumer Services","https://www.nasdaq.com/symbol/laix",
"LW","Lamb Weston Holdings, Inc.","62.54","$9.15B","2016","Consumer Non-Durables","Packaged Foods","https://www.nasdaq.com/symbol/lw",
"LCI","Lannett Co Inc","5.68","$223.36M","n/a","Health Care","Major Pharmaceuticals","https://www.nasdaq.com/symbol/lci",
"LPI","Laredo Petroleum, Inc.","2.81","$664.72M","2011","Energy","Oil & Gas Production","https://www.nasdaq.com/symbol/lpi",
"LVS","Las Vegas Sands Corp.","57.4","$44.36B","2004","Consumer Services","Hotels/Resorts","https://www.nasdaq.com/symbol/lvs",
"LTM","LATAM Airlines Group S.A.","9.25","$5.61B","n/a","Transportation","Air Freight/Delivery Services","https://www.nasdaq.com/symbol/ltm",
"LGI","Lazard Global Total Return and Income Fund","16.1","$154.64M","2004","n/a","n/a","https://www.nasdaq.com/symbol/lgi",
"LAZ","Lazard Ltd.","33.9","$3.74B","2005","Finance","Investment Managers","https://www.nasdaq.com/symbol/laz",
"LOR","Lazard World Dividend & Income Fund, Inc.","9.87","$67.91M","2005","n/a","n/a","https://www.nasdaq.com/symbol/lor",
"LZB","La-Z-Boy Incorporated","30.09","$1.41B","n/a","Consumer Durables","Home Furnishings","https://www.nasdaq.com/symbol/lzb",
"LCII","LCI Industries ","86.72","$2.17B","n/a","Capital Goods","Auto Parts:O.E.M.","https://www.nasdaq.com/symbol/lcii",
"LEAF","Leaf Group Ltd.","7","$180.98M","n/a","Technology","EDP Services","https://www.nasdaq.com/symbol/leaf",
"LEA","Lear Corporation","138.04","$8.59B","n/a","Capital Goods","Auto Parts:O.E.M.","https://www.nasdaq.com/symbol/lea",
"LEE","Lee Enterprises, Incorporated","2.28","$131.53M","n/a","Consumer Services","Newspapers/Magazines","https://www.nasdaq.com/symbol/lee",
"LGC","Legacy Acquisition Corp.","10.11","$379.13M","2017","Finance","Business Services","https://www.nasdaq.com/symbol/lgc",
"LGC.U","Legacy Acquisition Corp.","n/a","n/a","2017","n/a","n/a","https://www.nasdaq.com/symbol/lgc.u",
"LGC.WS","Legacy Acquisition Corp.","n/a","n/a","n/a","n/a","n/a","https://www.nasdaq.com/symbol/lgc.ws",
"LM","Legg Mason, Inc.","35.97","$3.12B","n/a","Finance","Investment Managers","https://www.nasdaq.com/symbol/lm",
"LMHA","Legg Mason, Inc.","26.46","n/a","2016","Finance","Investment Managers","https://www.nasdaq.com/symbol/lmha",
"LMHB","Legg Mason, Inc.","24.88","n/a","2016","Finance","Investment Managers","https://www.nasdaq.com/symbol/lmhb",
"LEG","Leggett & Platt, Incorporated","37.44","$4.91B","n/a","Consumer Durables","Home Furnishings","https://www.nasdaq.com/symbol/leg",
"JBK","Lehman ABS Corporation","27.12","n/a","n/a","Finance","Finance: Consumer Services","https://www.nasdaq.com/symbol/jbk",
"KTH","Lehman ABS Corporation","30.9056","n/a","n/a","Finance","Finance: Consumer Services","https://www.nasdaq.com/symbol/kth",
"KTN","Lehman ABS Corporation","32.3857","n/a","n/a","Finance","Finance: Consumer Services","https://www.nasdaq.com/symbol/ktn",
"KTP","Lehman ABS Corporation","6.8731","n/a","n/a","Finance","Finance: Consumer Services","https://www.nasdaq.com/symbol/ktp",
"LDOS","Leidos Holdings, Inc.","79.13","$11.41B","n/a","Technology","EDP Services","https://www.nasdaq.com/symbol/ldos",
"LEJU","Leju Holdings Limited","1.2764","$173.29M","2014","Finance","Real Estate","https://www.nasdaq.com/symbol/leju",
"LC","LendingClub Corporation","2.76","$1.19B","2014","Miscellaneous","Business Services","https://www.nasdaq.com/symbol/lc",
"LEN","Lennar Corporation","48.22","$15.58B","n/a","Basic Industries","Homebuilding","https://www.nasdaq.com/symbol/len",
"LEN.B","Lennar Corporation","n/a","n/a","n/a","Basic Industries","Homebuilding","https://www.nasdaq.com/symbol/len.b",
"LII","Lennox International, Inc.","270.85","$10.62B","1999","Capital Goods","Industrial Machinery/Components","https://www.nasdaq.com/symbol/lii",
"LHC","Leo Holdings Corp.","10.25","$256.25M","2018","Consumer Services","Movies/Entertainment","https://www.nasdaq.com/symbol/lhc",
"LHC.U","Leo Holdings Corp.","n/a","n/a","2018","n/a","n/a","https://www.nasdaq.com/symbol/lhc.u",
"LHC.WS","Leo Holdings Corp.","n/a","n/a","n/a","n/a","n/a","https://www.nasdaq.com/symbol/lhc.ws",
"LEVI","Levi Strauss & Co","20.75","$8.14B","2019","Consumer Non-Durables","Apparel","https://www.nasdaq.com/symbol/levi",
"LXP","Lexington Realty Trust","9.54","$2.24B","n/a","n/a","n/a","https://www.nasdaq.com/symbol/lxp",
"LXP^C","Lexington Realty Trust","54.06","n/a","n/a","n/a","n/a","https://www.nasdaq.com/symbol/lxp^c",
"LPL","LG Display Co., Ltd.","7.5","$5.37B","2004","Capital Goods","Industrial Machinery/Components","https://www.nasdaq.com/symbol/lpl",
"USA","Liberty All-Star Equity Fund","6.26","$1.26B","1986","n/a","n/a","https://www.nasdaq.com/symbol/usa",
"ASG","Liberty All-Star Growth Fund, Inc.","5.68","$210.75M","n/a","n/a","n/a","https://www.nasdaq.com/symbol/asg",
"LBRT","Liberty Oilfield Services Inc.","15.13","$1.7B","2018","Energy","Oilfield Services/Equipment","https://www.nasdaq.com/symbol/lbrt",
"LPT","Liberty Property Trust","49.94","$7.4B","n/a","Consumer Services","Real Estate Investment Trusts","https://www.nasdaq.com/symbol/lpt",
"LSI","Life Storage, Inc.","96.08","$4.48B","n/a","Consumer Services","Real Estate Investment Trusts","https://www.nasdaq.com/symbol/lsi",
"LITB","LightInTheBox Holding Co., Ltd.","1.5","$100.84M","2013","Consumer Services","Catalog/Specialty Distribution","https://www.nasdaq.com/symbol/litb",
"LNC","Lincoln National Corporation","62.01","$12.55B","n/a","Finance","Life Insurance","https://www.nasdaq.com/symbol/lnc",
"LNC.WS","Lincoln National Corporation","n/a","n/a","n/a","n/a","n/a","https://www.nasdaq.com/symbol/lnc.ws",
"LIN","Linde plc","202.8","$110.07B","2018","Basic Industries","Major Chemicals","https://www.nasdaq.com/symbol/lin",
"LNN","Lindsay Corporation","80.3","$866.14M","n/a","Capital Goods","Industrial Machinery/Components","https://www.nasdaq.com/symbol/lnn",
"LN","LINE Corporation","28.04","$6.69B","2016","Technology","Computer Software: Programming, Data Processing","https://www.nasdaq.com/symbol/ln",
"LGF.A","Lions Gate Entertainment Corporation","n/a","n/a","n/a","n/a","n/a","https://www.nasdaq.com/symbol/lgf.a",
"LGF.B","Lions Gate Entertainment Corporation","n/a","n/a","2016","n/a","n/a","https://www.nasdaq.com/symbol/lgf.b",
"LAD","Lithia Motors, Inc.","116.83","$2.7B","n/a","Consumer Durables","Automotive Aftermarket","https://www.nasdaq.com/symbol/lad",
"LAC","Lithium Americas Corp.","3.77","$334.53M","n/a","Basic Industries","Precious Metals","https://www.nasdaq.com/symbol/lac",
"LYV","Live Nation Entertainment, Inc.","66.47","$13.93B","n/a","Consumer Services","Services-Misc. Amusement & Recreation","https://www.nasdaq.com/symbol/lyv",
"LTHM","Livent Corporation","6.88","$1B","2018","Basic Industries","Major Chemicals","https://www.nasdaq.com/symbol/lthm",
"RAMP","LiveRamp Holdings, Inc.","45.37","$3.13B","2018","Technology","EDP Services","https://www.nasdaq.com/symbol/ramp",
"LYG","Lloyds Banking Group Plc","2.83","$50.02B","n/a","Finance","Commercial Banks","https://www.nasdaq.com/symbol/lyg",
"SCD","LMP Capital and Income Fund Inc.","13.2","$237.38M","2004","n/a","n/a","https://www.nasdaq.com/symbol/scd",
"LMT","Lockheed Martin Corporation","360.56","$101.87B","n/a","Capital Goods","Military/Government/Technical","https://www.nasdaq.com/symbol/lmt",
"L","Loews Corporation","54.55","$16.61B","n/a","Finance","Property-Casualty Insurers","https://www.nasdaq.com/symbol/l",
"LOMA","Loma Negra Compania Industrial Argentina Sociedad Anonima","11.16","$1.33B","2017","Capital Goods","Building Materials","https://www.nasdaq.com/symbol/loma",
"LPX","Louisiana-Pacific Corporation","25.64","$3.17B","n/a","Basic Industries","Forest Products","https://www.nasdaq.com/symbol/lpx",
"LOW","Lowe&#39;s Companies, Inc.","98.22","$78.18B","n/a","Consumer Services","RETAIL: Building Materials","https://www.nasdaq.com/symbol/low",
"LXU","Lsb Industries Inc.","3.66","$105.3M","n/a","Basic Industries","Major Chemicals","https://www.nasdaq.com/symbol/lxu",
"LKSD","LSC Communications, Inc.","3.81","$127.67M","2016","Miscellaneous","Publishing","https://www.nasdaq.com/symbol/lksd",
"LTC","LTC Properties, Inc.","45.76","$1.82B","n/a","Consumer Services","Real Estate Investment Trusts","https://www.nasdaq.com/symbol/ltc",
"LUB","Luby&#39;s, Inc.","1.12","$33.46M","n/a","Consumer Services","Restaurants","https://www.nasdaq.com/symbol/lub",
"LL","Lumber Liquidators Holdings, Inc","10.58","$303.49M","2007","Consumer Services","RETAIL: Building Materials","https://www.nasdaq.com/symbol/ll",
"LXFR","Luxfer Holdings PLC","23.18","$630.41M","2012","Basic Industries","Major Chemicals","https://www.nasdaq.com/symbol/lxfr",
"LDL","Lydall, Inc.","19.07","$334.31M","n/a","Capital Goods","Auto Parts:O.E.M.","https://www.nasdaq.com/symbol/ldl",
"WLH","Lyon William Homes","17.87","$675.72M","2013","Capital Goods","Homebuilding","https://www.nasdaq.com/symbol/wlh",
"LYB","LyondellBasell Industries NV","86.57","$32.06B","n/a","Basic Industries","Major Chemicals","https://www.nasdaq.com/symbol/lyb",
"MTB","M&T Bank Corporation","165.48","$22.61B","n/a","Finance","Major Banks","https://www.nasdaq.com/symbol/mtb",
"MTB^","M&T Bank Corporation","1025","n/a","n/a","n/a","n/a","https://www.nasdaq.com/symbol/mtb^",
"MTB^C","M&T Bank Corporation","1032.5","n/a","n/a","n/a","n/a","https://www.nasdaq.com/symbol/mtb^c",
"MDC","M.D.C. Holdings, Inc.","31.31","$1.93B","n/a","Capital Goods","Homebuilding","https://www.nasdaq.com/symbol/mdc",
"MHO","M/I Homes, Inc.","27.14","$748.22M","1993","Capital Goods","Homebuilding","https://www.nasdaq.com/symbol/mho",
"MAC","Macerich Company (The)","32.73","$4.62B","1994","Consumer Services","Real Estate Investment Trusts","https://www.nasdaq.com/symbol/mac",
"CLI","Mack-Cali Realty Corporation","23.44","$2.12B","n/a","Consumer Services","Real Estate Investment Trusts","https://www.nasdaq.com/symbol/cli",
"MFD","Macquarie First Trust Global","10.36","$88.55M","2004","n/a","n/a","https://www.nasdaq.com/symbol/mfd",
"MGU","Macquarie Global Infrastructure Total Return Fund Inc.","23.58","$294M","2005","n/a","n/a","https://www.nasdaq.com/symbol/mgu",
"MIC","Macquarie Infrastructure Corporation ","39.61","$3.41B","2004","Energy","Oil Refining/Marketing","https://www.nasdaq.com/symbol/mic",
"BMA","Macro Bank Inc.","69.33","$4.43B","n/a","Finance","Commercial Banks","https://www.nasdaq.com/symbol/bma",
"M","Macy&#39;s Inc","21.3","$6.58B","n/a","Consumer Services","Department/Specialty Retail Stores","https://www.nasdaq.com/symbol/m",
"MCN","Madison Covered Call & Equity Strategy Fund","6.3873","$133.79M","2004","n/a","n/a","https://www.nasdaq.com/symbol/mcn",
"MMP","Magellan Midstream Partners L.P.","62.92","$14.37B","n/a","Energy","Natural Gas Distribution","https://www.nasdaq.com/symbol/mmp",
"MGA","Magna International, Inc.","48.65","$15.68B","n/a","Capital Goods","Auto Parts:O.E.M.","https://www.nasdaq.com/symbol/mga",
"MX","MagnaChip Semiconductor Corporation","10.55","$361.07M","2011","Technology","Semiconductors","https://www.nasdaq.com/symbol/mx",
"MGY","Magnolia Oil & Gas Corporation","11.18","$2.8B","2017","Energy","Oil & Gas Production","https://www.nasdaq.com/symbol/mgy",
"MGY.WS","Magnolia Oil & Gas Corporation","n/a","n/a","n/a","n/a","n/a","https://www.nasdaq.com/symbol/mgy.ws",
"MH^A","Maiden Holdings, Ltd.","5.12","n/a","n/a","n/a","n/a","https://www.nasdaq.com/symbol/mh^a",
"MH^C","Maiden Holdings, Ltd.","5","n/a","n/a","n/a","n/a","https://www.nasdaq.com/symbol/mh^c",
"MH^D","Maiden Holdings, Ltd.","4.9245","n/a","n/a","n/a","n/a","https://www.nasdaq.com/symbol/mh^d",
"MHLA","Maiden Holdings, Ltd.","15.1801","n/a","2016","Finance","Property-Casualty Insurers","https://www.nasdaq.com/symbol/mhla",
"MHNC","Maiden Holdings, Ltd.","20.9","n/a","2013","Finance","Property-Casualty Insurers","https://www.nasdaq.com/symbol/mhnc",
"MAIN","Main Street Capital Corporation","41.08","$2.58B","2007","n/a","n/a","https://www.nasdaq.com/symbol/main",
"MMD","MainStay MacKay DefinedTerm Municipal Opportunitie","20.57","$566.95M","2012","n/a","n/a","https://www.nasdaq.com/symbol/mmd",
"MNK","Mallinckrodt plc","8.4","$704.04M","2013","Health Care","Major Pharmaceuticals","https://www.nasdaq.com/symbol/mnk",
"MANU","Manchester United Ltd.","17.42","$2.87B","2012","Consumer Services","Services-Misc. Amusement & Recreation","https://www.nasdaq.com/symbol/manu",
"MTW","Manitowoc Company, Inc. (The)","17.21","$615.91M","n/a","Capital Goods","Construction/Ag Equipment/Trucks","https://www.nasdaq.com/symbol/mtw",
"MN","Manning & Napier, Inc.","1.76","$27.54M","2011","Finance","Investment Managers","https://www.nasdaq.com/symbol/mn",
"MAN","ManpowerGroup","93.75","$5.61B","n/a","Technology","Professional Services","https://www.nasdaq.com/symbol/man",
"MFC","Manulife Financial Corp","18.08","$35.58B","n/a","Finance","Life Insurance","https://www.nasdaq.com/symbol/mfc",
"MRO","Marathon Oil Corporation","13.9","$11.37B","n/a","Energy","Oil & Gas Production","https://www.nasdaq.com/symbol/mro",
"MPC","Marathon Petroleum Corporation","51.39","$34.05B","n/a","Energy","Integrated oil Companies","https://www.nasdaq.com/symbol/mpc",
"MMI","Marcus & Millichap, Inc.","30.11","$1.18B","2013","Finance","Real Estate","https://www.nasdaq.com/symbol/mmi",
"MCS","Marcus Corporation (The)","32.9","$1.02B","n/a","Consumer Services","Movies/Entertainment","https://www.nasdaq.com/symbol/mcs",
"MPX","Marine Products Corporation","16.46","$561.7M","n/a","Capital Goods","Marine Transportation","https://www.nasdaq.com/symbol/mpx",
"HZO","MarineMax, Inc.","16.3","$372.27M","1998","Consumer Services","Other Specialty Stores","https://www.nasdaq.com/symbol/hzo",
"MKL","Markel Corporation","1076.89","$14.91B","1986","Finance","Property-Casualty Insurers","https://www.nasdaq.com/symbol/mkl",
"VAC","Marriott Vacations Worldwide Corporation","92.73","$4.16B","n/a","Finance","Real Estate","https://www.nasdaq.com/symbol/vac",
"MMC","Marsh & McLennan Companies, Inc.","98.61","$50.02B","n/a","Finance","Specialty Insurers","https://www.nasdaq.com/symbol/mmc",
"MLM","Martin Marietta Materials, Inc.","224.65","$14.06B","1994","Basic Industries","Mining & Quarrying of Nonmetallic Minerals (No Fuels)","https://www.nasdaq.com/symbol/mlm",
"MAS","Masco Corporation","38.4","$11.27B","n/a","Basic Industries","Forest Products","https://www.nasdaq.com/symbol/mas",
"DOOR","Masonite International Corporation","52.01","$1.33B","n/a","Basic Industries","Forest Products","https://www.nasdaq.com/symbol/door",
"MTZ","MasTec, Inc.","47.66","$3.64B","n/a","Basic Industries","Water Supply","https://www.nasdaq.com/symbol/mtz",
"MA","Mastercard Incorporated","259.73","$265.29B","2006","Miscellaneous","Business Services","https://www.nasdaq.com/symbol/ma",
"MTDR","Matador Resources Company","18.16","$2.12B","2012","Energy","Oil & Gas Production","https://www.nasdaq.com/symbol/mtdr",
"MTRN","Materion Corporation","65.6","$1.34B","n/a","Capital Goods","Industrial Specialties","https://www.nasdaq.com/symbol/mtrn",
"MATX","Matson, Inc.","36.97","$1.58B","n/a","Consumer Services","Marine Transportation","https://www.nasdaq.com/symbol/matx",
"MLP","Maui Land & Pineapple Company, Inc.","9.9","$191.07M","n/a","Finance","Real Estate","https://www.nasdaq.com/symbol/mlp",
"MAXR","Maxar Technologies Inc.","7.23","$430.76M","n/a","Technology","Radio And Television Broadcasting And Communications Equipment","https://www.nasdaq.com/symbol/maxr",
"MMS","Maximus, Inc.","73.03","$4.66B","1997","Miscellaneous","Business Services","https://www.nasdaq.com/symbol/mms",
"MXL","MaxLinear, Inc","22.37","$1.58B","2010","Technology","Semiconductors","https://www.nasdaq.com/symbol/mxl",
"MEC","Mayville Engineering Company, Inc.","13.95","$276.85M","2019","Capital Goods","Industrial Specialties","https://www.nasdaq.com/symbol/mec",
"MBI","MBIA, Inc.","9.25","$834.17M","1987","Finance","Property-Casualty Insurers","https://www.nasdaq.com/symbol/mbi",
"MKC","McCormick & Company, Incorporated","153.09","$20.21B","n/a","Consumer Non-Durables","Packaged Foods","https://www.nasdaq.com/symbol/mkc",
"MKC.V","McCormick & Company, Incorporated","n/a","n/a","n/a","Consumer Non-Durables","Packaged Foods","https://www.nasdaq.com/symbol/mkc.v",
"MDR","McDermott International, Inc.","8.66","$1.57B","n/a","Capital Goods","Metal Fabrications","https://www.nasdaq.com/symbol/mdr",
"MCD","McDonald&#39;s Corporation","205.71","$157.07B","n/a","Consumer Services","Restaurants","https://www.nasdaq.com/symbol/mcd",
"MUX","McEwen Mining Inc.","1.84","$662.44M","n/a","Basic Industries","Precious Metals","https://www.nasdaq.com/symbol/mux",
"MCK","McKesson Corporation","131.8","$24.56B","n/a","Health Care","Other Pharmaceuticals","https://www.nasdaq.com/symbol/mck",
"MDU","MDU Resources Group, Inc.","25.64","$5.08B","n/a","Basic Industries","Mining & Quarrying of Nonmetallic Minerals (No Fuels)","https://www.nasdaq.com/symbol/mdu",
"MTL","Mechel PAO","2.1","$524.5M","2004","Basic Industries","Steel/Iron Ore","https://www.nasdaq.com/symbol/mtl",
"MTL^","Mechel PAO","0.95","n/a","n/a","n/a","n/a","https://www.nasdaq.com/symbol/mtl^",
"MPW","Medical Properties Trust, Inc.","17.79","$7.02B","2005","Consumer Services","Real Estate Investment Trusts","https://www.nasdaq.com/symbol/mpw",
"MED","MEDIFAST INC","126.41","$1.5B","n/a","Consumer Non-Durables","Packaged Foods","https://www.nasdaq.com/symbol/med",
"MCC","Medley Capital Corporation","2.28","$124.2M","2011","n/a","n/a","https://www.nasdaq.com/symbol/mcc",
"MCV","Medley Capital Corporation","24.06","n/a","n/a","n/a","n/a","https://www.nasdaq.com/symbol/mcv",
"MCX","Medley Capital Corporation","23.82","n/a","2015","n/a","n/a","https://www.nasdaq.com/symbol/mcx",
"MDLQ","Medley LLC","15.86","n/a","2017","Finance","Investment Managers","https://www.nasdaq.com/symbol/mdlq",
"MDLX","Medley LLC","15.75","n/a","2016","Finance","Investment Managers","https://www.nasdaq.com/symbol/mdlx",
"MDLY","Medley Management Inc.","2.36","$72.04M","2014","Finance","Investment Managers","https://www.nasdaq.com/symbol/mdly",
"MD","Mednax, Inc","25.12","$2.17B","n/a","Health Care","Hospital/Nursing Management","https://www.nasdaq.com/symbol/md",
"MDT","Medtronic plc","98.9","$132.64B","n/a","Health Care","Biotechnology: Electromedical & Electrotherapeutic Apparatus","https://www.nasdaq.com/symbol/mdt",
"MFAC","Megalith Financial Acquisition Corp.","10.04","$212.46M","2018","Finance","Business Services","https://www.nasdaq.com/symbol/mfac",
"MFAC.U","Megalith Financial Acquisition Corp.","n/a","n/a","2018","n/a","n/a","https://www.nasdaq.com/symbol/mfac.u",
"MFAC.WS","Megalith Financial Acquisition Corp.","n/a","n/a","n/a","n/a","n/a","https://www.nasdaq.com/symbol/mfac.ws",
"MRK","Merck & Company, Inc.","85.24","$219.46B","n/a","Health Care","Major Pharmaceuticals","https://www.nasdaq.com/symbol/mrk",
"MCY","Mercury General Corporation","61.39","$3.4B","n/a","Finance","Property-Casualty Insurers","https://www.nasdaq.com/symbol/mcy",
"MDP","Meredith Corporation","53.14","$2.4B","n/a","Consumer Services","Newspapers/Magazines","https://www.nasdaq.com/symbol/mdp",
"MTH","Meritage Corporation","49.32","$1.89B","n/a","Capital Goods","Homebuilding","https://www.nasdaq.com/symbol/mth",
"MTOR","Meritor, Inc.","22.94","$1.92B","n/a","Capital Goods","Auto Parts:O.E.M.","https://www.nasdaq.com/symbol/mtor",
"MER^K","Merrill Lynch & Co., Inc.","26.46","n/a","n/a","n/a","n/a","https://www.nasdaq.com/symbol/mer^k",
"PIY","Merrill Lynch Depositor, Inc.","13.1001","n/a","n/a","Finance","Finance: Consumer Services","https://www.nasdaq.com/symbol/piy",
"MTR","Mesa Royalty Trust","11.6055","$21.63M","n/a","Energy","Oil & Gas Production","https://www.nasdaq.com/symbol/mtr",
"MSB","Mesabi Trust","29.04","$381.01M","n/a","Basic Industries","Precious Metals","https://www.nasdaq.com/symbol/msb",
"MEI","Methode Electronics, Inc.","26.88","$996.16M","n/a","Capital Goods","Electrical Products","https://www.nasdaq.com/symbol/mei",
"MET","MetLife, Inc.","48.73","$46.31B","2000","Finance","Life Insurance","https://www.nasdaq.com/symbol/met",
"MET^A","MetLife, Inc.","23.86","n/a","n/a","n/a","n/a","https://www.nasdaq.com/symbol/met^a",
"MET^E","MetLife, Inc.","26.2389","n/a","n/a","n/a","n/a","https://www.nasdaq.com/symbol/met^e",
"MCB","Metropolitan Bank Holding Corp.","44","$366.12M","2017","Finance","Major Banks","https://www.nasdaq.com/symbol/mcb",
"MTD","Mettler-Toledo International, Inc.","833.7","$20.68B","1997","Capital Goods","Biotechnology: Laboratory Analytical Instruments","https://www.nasdaq.com/symbol/mtd",
"MXE","Mexico Equity and Income Fund, Inc. (The)","11.1","$76.54M","n/a","n/a","n/a","https://www.nasdaq.com/symbol/mxe",
"MXF","Mexico Fund, Inc. (The)","13.82","$207.37M","n/a","n/a","n/a","https://www.nasdaq.com/symbol/mxf",
"MFA","MFA Financial, Inc.","7.24","$3.26B","n/a","Consumer Services","Real Estate Investment Trusts","https://www.nasdaq.com/symbol/mfa",
"MFA^B","MFA Financial, Inc.","25.2","n/a","n/a","n/a","n/a","https://www.nasdaq.com/symbol/mfa^b",
"MFO","MFA Financial, Inc.","26","n/a","n/a","Consumer Services","Real Estate Investment Trusts","https://www.nasdaq.com/symbol/mfo",
"MCR","MFS Charter Income Trust","8.12","$381.56M","1989","n/a","n/a","https://www.nasdaq.com/symbol/mcr",
"MGF","MFS Government Markets Income Trust","4.63","$150.94M","1987","n/a","n/a","https://www.nasdaq.com/symbol/mgf",
"MIN","MFS Intermediate Income Trust","3.82","$446.57M","1988","n/a","n/a","https://www.nasdaq.com/symbol/min",
"MMT","MFS Multimarket Income Trust","5.75","$372.97M","1987","n/a","n/a","https://www.nasdaq.com/symbol/mmt",
"MFM","MFS Municipal Income Trust","7.03","$289.55M","1986","n/a","n/a","https://www.nasdaq.com/symbol/mfm",
"MFV","MFS Special Value Trust","5.69","$40.8M","n/a","n/a","n/a","https://www.nasdaq.com/symbol/mfv",
"MTG","MGIC Investment Corporation","13.02","$4.63B","1991","Finance","Property-Casualty Insurers","https://www.nasdaq.com/symbol/mtg",
"MGP","MGM Growth Properties LLC","30.52","$9.14B","2016","Consumer Services","Real Estate Investment Trusts","https://www.nasdaq.com/symbol/mgp",
"MGM","MGM Resorts International","27.62","$14.84B","n/a","Consumer Services","Hotels/Resorts","https://www.nasdaq.com/symbol/mgm",
"MFGP","Micro Focus Intl PLC","26.32","$9.04B","2017","Technology","Computer Software: Prepackaged Software","https://www.nasdaq.com/symbol/mfgp",
"MAA","Mid-America Apartment Communities, Inc.","117.45","$13.39B","1994","Consumer Services","Real Estate Investment Trusts","https://www.nasdaq.com/symbol/maa",
"MAA^I","Mid-America Apartment Communities, Inc.","65.1149","n/a","n/a","n/a","n/a","https://www.nasdaq.com/symbol/maa^i",
"MSL","MidSouth Bancorp","11.24","$187.9M","n/a","Finance","Major Banks","https://www.nasdaq.com/symbol/msl",
"MPO","MIDSTATES PETROLEUM COMPANY, INC.","5.66","$115.55M","2016","Energy","Oil & Gas Production","https://www.nasdaq.com/symbol/mpo",
"MCRN","Milacron Holdings Corp.","13.01","$917.23M","2015","Technology","Industrial Machinery/Components","https://www.nasdaq.com/symbol/mcrn",
"MLR","Miller Industries, Inc.","30.19","$344.17M","n/a","Capital Goods","Construction/Ag Equipment/Trucks","https://www.nasdaq.com/symbol/mlr",
"HIE","Miller/Howard High Income Equity Fund","10.85","$168.42M","2014","n/a","n/a","https://www.nasdaq.com/symbol/hie",
"MTX","Minerals Technologies Inc.","52.56","$1.85B","1992","Basic Industries","Major Chemicals","https://www.nasdaq.com/symbol/mtx",
"MG","Mistras Group Inc","14.15","$405.34M","2009","Consumer Services","Military/Government/Technical","https://www.nasdaq.com/symbol/mg",
"MUFG","Mitsubishi UFJ Financial Group Inc","4.66","$60.39B","n/a","Finance","Commercial Banks","https://www.nasdaq.com/symbol/mufg",
"MIXT","MiX Telematics Limited","14.98","$336.72M","2013","Technology","Computer Software: Prepackaged Software","https://www.nasdaq.com/symbol/mixt",
"MFG","Mizuho Financial Group, Inc.","2.81","$35.63B","n/a","Finance","Major Banks","https://www.nasdaq.com/symbol/mfg",
"MBT","Mobile TeleSystems OJSC","9.31","$8.34B","n/a","Public Utilities","Telecommunications Equipment","https://www.nasdaq.com/symbol/mbt",
"MODN","Model N, Inc.","19.41","$630.48M","2013","Technology","Computer Software: Programming, Data Processing","https://www.nasdaq.com/symbol/modn",
"MOD","Modine Manufacturing Company","13.39","$679.22M","n/a","Capital Goods","Auto Parts:O.E.M.","https://www.nasdaq.com/symbol/mod",
"MC","Moelis & Company","33.67","$1.6B","2014","Finance","Investment Managers","https://www.nasdaq.com/symbol/mc",
"MOGU","MOGU Inc.","2.9","$310M","2018","Miscellaneous","Business Services","https://www.nasdaq.com/symbol/mogu",
"MHK","Mohawk Industries, Inc.","142.4","$10.31B","n/a","Consumer Durables","Home Furnishings","https://www.nasdaq.com/symbol/mhk",
"MOH","Molina Healthcare Inc","145.35","$9.1B","2003","Health Care","Medical Specialities","https://www.nasdaq.com/symbol/moh",
"TAP","Molson Coors Brewing  Company","55.4","$11.98B","n/a","Consumer Non-Durables","Beverages (Production/Distribution)","https://www.nasdaq.com/symbol/tap",
"TAP.A","Molson Coors Brewing  Company","n/a","n/a","n/a","n/a","n/a","https://www.nasdaq.com/symbol/tap.a",
"MNR","Monmouth Real Estate Investment Corporation","13.67","$1.29B","n/a","Consumer Services","Real Estate Investment Trusts","https://www.nasdaq.com/symbol/mnr",
"MNR^C","Monmouth Real Estate Investment Corporation","24.2932","n/a","n/a","n/a","n/a","https://www.nasdaq.com/symbol/mnr^c",
"MR","Montage Resources Corporation","6.07","$216.17M","2014","Energy","Oil & Gas Production","https://www.nasdaq.com/symbol/mr",
"MCO","Moody&#39;s Corporation","193.79","$36.74B","n/a","Finance","Finance: Consumer Services","https://www.nasdaq.com/symbol/mco",
"MOG.A","Moog Inc.","n/a","n/a","n/a","n/a","n/a","https://www.nasdaq.com/symbol/mog.a",
"MOG.B","Moog Inc.","n/a","n/a","n/a","n/a","n/a","https://www.nasdaq.com/symbol/mog.b",
"MS","Morgan Stanley","42.66","$71.76B","n/a","Finance","Investment Bankers/Brokers/Service","https://www.nasdaq.com/symbol/ms",
"MS^A","Morgan Stanley","20.92","n/a","n/a","n/a","n/a","https://www.nasdaq.com/symbol/ms^a",
"MS^E","Morgan Stanley","28.83","n/a","n/a","n/a","n/a","https://www.nasdaq.com/symbol/ms^e",
"MS^F","Morgan Stanley","28.3199","n/a","n/a","n/a","n/a","https://www.nasdaq.com/symbol/ms^f",
"MS^G","Morgan Stanley","26.14","n/a","n/a","n/a","n/a","https://www.nasdaq.com/symbol/ms^g",
"MS^I","Morgan Stanley","27.495","n/a","n/a","n/a","n/a","https://www.nasdaq.com/symbol/ms^i",
"MS^K","Morgan Stanley","27.07","n/a","n/a","n/a","n/a","https://www.nasdaq.com/symbol/ms^k",
"CAF","Morgan Stanley China A Share Fund Inc.","21.16","$463.01M","2006","n/a","n/a","https://www.nasdaq.com/symbol/caf",
"MSD","Morgan Stanley Emerging Markets Debt Fund, Inc.","9.36","$190.82M","1993","n/a","n/a","https://www.nasdaq.com/symbol/msd",
"EDD","Morgan Stanley Emerging Markets Domestic Debt Fund, Inc.","7.04","$465.63M","2007","n/a","n/a","https://www.nasdaq.com/symbol/edd",
"IIF","Morgan Stanley India Investment Fund, Inc.","20.74","$282.42M","1994","n/a","n/a","https://www.nasdaq.com/symbol/iif",
"MOSC","Mosaic Acquisition Corp.","10.2","$439.88M","2017","Finance","Business Services","https://www.nasdaq.com/symbol/mosc",
"MOSC.U","Mosaic Acquisition Corp.","n/a","n/a","2017","n/a","n/a","https://www.nasdaq.com/symbol/mosc.u",
"MOSC.WS","Mosaic Acquisition Corp.","n/a","n/a","n/a","n/a","n/a","https://www.nasdaq.com/symbol/mosc.ws",
"MOS","Mosaic Company (The)","24.16","$9.32B","n/a","Basic Industries","Agricultural Chemicals","https://www.nasdaq.com/symbol/mos",
"MSI","Motorola Solutions, Inc.","164.19","$27.06B","n/a","Technology","Radio And Television Broadcasting And Communications Equipment","https://www.nasdaq.com/symbol/msi",
"MOV","Movado Group Inc.","26.33","$606.9M","n/a","Consumer Non-Durables","Consumer Specialties","https://www.nasdaq.com/symbol/mov",
"MPLX","MPLX LP","31.86","$25.31B","2012","Energy","Natural Gas Distribution","https://www.nasdaq.com/symbol/mplx",
"MRC","MRC Global Inc.","16","$1.33B","2012","Capital Goods","Industrial Machinery/Components","https://www.nasdaq.com/symbol/mrc",
"HJV","MS Structured Asset Corp Saturns GE Cap Corp Series 2002-14","6.39","n/a","n/a","Finance","Finance: Consumer Services","https://www.nasdaq.com/symbol/hjv",
"MSA","MSA Safety Incorporporated","102.16","$3.95B","n/a","Health Care","Industrial Specialties","https://www.nasdaq.com/symbol/msa",
"MSM","MSC Industrial Direct Company, Inc.","72.41","$3.99B","1995","Capital Goods","Industrial Machinery/Components","https://www.nasdaq.com/symbol/msm",
"MSCI","MSCI Inc","230.75","$19.54B","n/a","Miscellaneous","Business Services","https://www.nasdaq.com/symbol/msci",
"MSGN","MSG Networks Inc.","20.59","$1.54B","n/a","Consumer Services","Television Services","https://www.nasdaq.com/symbol/msgn",
"MLI","Mueller Industries, Inc.","28.3","$1.6B","n/a","Capital Goods","Metal Fabrications","https://www.nasdaq.com/symbol/mli",
"MWA","Mueller Water Products Inc","9.83","$1.56B","2006","Capital Goods","Metal Fabrications","https://www.nasdaq.com/symbol/mwa",
"MVF","MuniVest Fund, Inc.","9.12","$591.31M","n/a","n/a","n/a","https://www.nasdaq.com/symbol/mvf",
"MZA","MuniYield Arizona Fund, Inc.","13.66","$63.34M","1993","n/a","n/a","https://www.nasdaq.com/symbol/mza",
"MUR","Murphy Oil Corporation","24.23","$4.21B","n/a","Energy","Oil & Gas Production","https://www.nasdaq.com/symbol/mur",
"MUSA","Murphy USA Inc.","84.75","$2.73B","2013","Consumer Durables","Automotive Aftermarket","https://www.nasdaq.com/symbol/musa",
"MVO","MV Oil Trust","7.95","$91.43M","2007","Energy","Oil & Gas Production","https://www.nasdaq.com/symbol/mvo",
"MVC","MVC Capital, Inc.","9.3","$164.84M","n/a","n/a","n/a","https://www.nasdaq.com/symbol/mvc",
"MVCD","MVC Capital, Inc.","26.05","n/a","2017","n/a","n/a","https://www.nasdaq.com/symbol/mvcd",
"MYE","Myers Industries, Inc.","18.59","$659.23M","n/a","Consumer Non-Durables","Plastic Products","https://www.nasdaq.com/symbol/mye",
"MYOV","Myovant Sciences Ltd.","9.12","$817.36M","2016","Health Care","Major Pharmaceuticals","https://www.nasdaq.com/symbol/myov",
"NBR","Nabors Industries Ltd.","2.64","$958.73M","n/a","Energy","Oil & Gas Production","https://www.nasdaq.com/symbol/nbr",
"NBR^A","Nabors Industries Ltd.","21.64","n/a","n/a","n/a","n/a","https://www.nasdaq.com/symbol/nbr^a",
"NC","NACCO Industries, Inc.","50.15","$350.38M","n/a","Consumer Durables","Consumer Electronics/Appliances","https://www.nasdaq.com/symbol/nc",
"NTP","Nam Tai Property Inc.","9.57","$365.51M","n/a","Finance","Real Estate","https://www.nasdaq.com/symbol/ntp",
"NTEST","NASDAQ TEST STOCK","24.96","n/a","n/a","n/a","n/a","https://www.nasdaq.com/symbol/ntest",
"NTEST.A","NASDAQ TEST STOCK","n/a","n/a","n/a","n/a","n/a","https://www.nasdaq.com/symbol/ntest.a",
"NTEST.B","NASDAQ TEST STOCK","n/a","n/a","n/a","n/a","n/a","https://www.nasdaq.com/symbol/ntest.b",
"NTEST.C","NASDAQ TEST STOCK","n/a","n/a","n/a","n/a","n/a","https://www.nasdaq.com/symbol/ntest.c",
"NBHC","National Bank Holdings Corporation","35.66","$1.11B","2012","Finance","Major Banks","https://www.nasdaq.com/symbol/nbhc",
"NFG","National Fuel Gas Company","54.44","$4.7B","n/a","Public Utilities","Oil/Gas Transmission","https://www.nasdaq.com/symbol/nfg",
"NGG","National Grid Transco, PLC","53.21","$36.29B","n/a","Public Utilities","Natural Gas Distribution","https://www.nasdaq.com/symbol/ngg",
"NHI","National Health Investors, Inc.","78.69","$3.4B","n/a","Consumer Services","Real Estate Investment Trusts","https://www.nasdaq.com/symbol/nhi",
"NOV","National Oilwell Varco, Inc.","21.24","$8.2B","n/a","Energy","Metal Fabrications","https://www.nasdaq.com/symbol/nov",
"NPK","National Presto Industries, Inc.","93.91","$656.9M","n/a","Capital Goods","Ordnance And Accessories","https://www.nasdaq.com/symbol/npk",
"NNN","National Retail Properties","53.89","$8.77B","n/a","Consumer Services","Real Estate Investment Trusts","https://www.nasdaq.com/symbol/nnn",
"NNN^E","National Retail Properties","25.25","n/a","n/a","n/a","n/a","https://www.nasdaq.com/symbol/nnn^e",
"NNN^F","National Retail Properties","24.82","n/a","n/a","n/a","n/a","https://www.nasdaq.com/symbol/nnn^f",
"NRUC","National Rural Utilities Cooperative Finance Corporation","26.24","n/a","2019","Finance","Diversified Financial Services","https://www.nasdaq.com/symbol/nruc",
"SID","National Steel Company","4.13","$5.7B","n/a","Capital Goods","Steel/Iron Ore","https://www.nasdaq.com/symbol/sid",
"NSA","National Storage Affiliates Trust","28.69","$1.63B","2015","Consumer Services","Real Estate Investment Trusts","https://www.nasdaq.com/symbol/nsa",
"NSA^A","National Storage Affiliates Trust","25.65","n/a","n/a","n/a","n/a","https://www.nasdaq.com/symbol/nsa^a",
"NGS","Natural Gas Services Group, Inc.","15.55","$205.65M","2002","Energy","Oilfield Services/Equipment","https://www.nasdaq.com/symbol/ngs",
"NGVC","Natural Grocers by Vitamin Cottage, Inc.","9.69","$217.43M","2012","Consumer Services","Food Chains","https://www.nasdaq.com/symbol/ngvc",
"NRP","Natural Resource Partners LP","35.25","$432.21M","2002","Energy","Coal Mining","https://www.nasdaq.com/symbol/nrp",
"NTZ","Natuzzi, S.p.A.","2.205","$24.19M","1993","Consumer Durables","Home Furnishings","https://www.nasdaq.com/symbol/ntz",
"NLS","Nautilus Group, Inc. (The)","2.21","$65.57M","n/a","Consumer Non-Durables","Recreational Products/Toys","https://www.nasdaq.com/symbol/nls",
"NCI","Navigant Consulting, Inc.","23.15","$910.87M","n/a","Consumer Services","Professional Services","https://www.nasdaq.com/symbol/nci",
"NVGS","Navigator Holdings Ltd.","9.25","$516.45M","2013","Transportation","Marine Transportation","https://www.nasdaq.com/symbol/nvgs",
"NNA","Navios Maritime Acquisition Corporation","6.39","$87.72M","n/a","Transportation","Marine Transportation","https://www.nasdaq.com/symbol/nna",
"NM","Navios Maritime Holdings Inc.","3.5","$45.48M","n/a","Transportation","Marine Transportation","https://www.nasdaq.com/symbol/nm",
"NM^G","Navios Maritime Holdings Inc.","6.21","n/a","n/a","n/a","n/a","https://www.nasdaq.com/symbol/nm^g",
"NM^H","Navios Maritime Holdings Inc.","6.2425","n/a","n/a","n/a","n/a","https://www.nasdaq.com/symbol/nm^h",
"NMM","Navios Maritime Partners LP","12.87","$142.45M","2007","Transportation","Marine Transportation","https://www.nasdaq.com/symbol/nmm",
"NAV","Navistar International Corporation","33.38","$3.31B","n/a","Capital Goods","Auto Manufacturing","https://www.nasdaq.com/symbol/nav",
"NAV^D","Navistar International Corporation","25.8699","n/a","n/a","Capital Goods","Auto Manufacturing","https://www.nasdaq.com/symbol/nav^d",
"NCR","NCR Corporation","30.38","$3.65B","n/a","Miscellaneous","Office Equipment/Supplies/Services","https://www.nasdaq.com/symbol/ncr",
"NP","Neenah, Inc.","65.07","$1.1B","n/a","Basic Industries","Paper","https://www.nasdaq.com/symbol/np",
"NNI","Nelnet, Inc.","57.79","$2.3B","2003","Finance","Finance: Consumer Services","https://www.nasdaq.com/symbol/nni",
"NPTN","NeoPhotonics Corporation","4.02","$186.83M","2011","Technology","Semiconductors","https://www.nasdaq.com/symbol/nptn",
"NVRO","Nevro Corp.","64.32","$1.96B","2014","Health Care","Medical/Dental Instruments","https://www.nasdaq.com/symbol/nvro",
"HYB","New America High Income Fund, Inc. (The)","8.71","$203.54M","1988","n/a","n/a","https://www.nasdaq.com/symbol/hyb",
"NFC","New Frontier Corporation","10.1","$408.67M","2018","Finance","Business Services","https://www.nasdaq.com/symbol/nfc",
"NFC.U","New Frontier Corporation","n/a","n/a","2018","n/a","n/a","https://www.nasdaq.com/symbol/nfc.u",
"NFC.WS","New Frontier Corporation","n/a","n/a","n/a","n/a","n/a","https://www.nasdaq.com/symbol/nfc.ws",
"GF","New Germany Fund, Inc. (The)","14","$226.92M","1990","n/a","n/a","https://www.nasdaq.com/symbol/gf",
"NWHM","New Home Company Inc. (The)","3.68","$73.78M","2014","Capital Goods","Homebuilding","https://www.nasdaq.com/symbol/nwhm",
"IRL","New Ireland Fund, Inc. (The)","8.86","$44.07M","1990","n/a","n/a","https://www.nasdaq.com/symbol/irl",
"NEWM","New Media Investment Group Inc.","9.26","$560.51M","2014","Consumer Services","Newspapers/Magazines","https://www.nasdaq.com/symbol/newm",
"NMFC","New Mountain Finance Corporation","13.77","$1.11B","2011","n/a","n/a","https://www.nasdaq.com/symbol/nmfc",
"NMFX","New Mountain Finance Corporation","25.69","n/a","2018","n/a","n/a","https://www.nasdaq.com/symbol/nmfx",
"EDU","New Oriental Education & Technology Group, Inc.","91.35","$14.46B","2006","Consumer Services","Other Consumer Services","https://www.nasdaq.com/symbol/edu",
"NEWR","New Relic, Inc.","88.9","$5.17B","2014","Technology","Computer Software: Prepackaged Software","https://www.nasdaq.com/symbol/newr",
"NRZ","New Residential Investment Corp.","15.64","$6.5B","n/a","Consumer Services","Real Estate Investment Trusts","https://www.nasdaq.com/symbol/nrz",
"SNR","New Senior Investment Group Inc.","6.95","$571.36M","2014","Consumer Services","Real Estate Investment Trusts","https://www.nasdaq.com/symbol/snr",
"NYCB","New York Community Bancorp, Inc.","9.8","$4.58B","n/a","Finance","Banks","https://www.nasdaq.com/symbol/nycb",
"NYCB^A","New York Community Bancorp, Inc.","25.9","n/a","n/a","n/a","n/a","https://www.nasdaq.com/symbol/nycb^a",
"NYCB^U","New York Community Bancorp, Inc.","47.75","n/a","n/a","n/a","n/a","https://www.nasdaq.com/symbol/nycb^u",
"NYT","New York Times Company (The)","32.22","$5.35B","n/a","Consumer Services","Newspapers/Magazines","https://www.nasdaq.com/symbol/nyt",
"NJR","NewJersey Resources Corporation","50.67","$4.52B","n/a","Public Utilities","Oil/Gas Transmission","https://www.nasdaq.com/symbol/njr",
"NEU","NewMarket Corporation","396.63","$4.44B","n/a","Basic Industries","Major Chemicals","https://www.nasdaq.com/symbol/neu",
"NEM","Newmont Goldcorp Corporation","37.94","$31.21B","n/a","Basic Industries","Precious Metals","https://www.nasdaq.com/symbol/nem",
"NR","Newpark Resources, Inc.","6.96","$629.92M","n/a","Energy","Metal Fabrications","https://www.nasdaq.com/symbol/nr",
"NEXA","Nexa Resources S.A.","10.04","$1.33B","2017","Basic Industries","Precious Metals","https://www.nasdaq.com/symbol/nexa",
"NXRT","NexPoint Residential Trust, Inc.","40.58","$959.44M","2015","Consumer Services","Real Estate Investment Trusts","https://www.nasdaq.com/symbol/nxrt",
"NHF","NexPoint Strategic Opportunities Fund","18.85","$609.65M","n/a","n/a","n/a","https://www.nasdaq.com/symbol/nhf",
"NEP","NextEra Energy Partners, LP","48.75","$2.74B","2014","Public Utilities","Electric Utilities: Central","https://www.nasdaq.com/symbol/nep",
"NEE","NextEra Energy, Inc.","206.22","$98.77B","n/a","Public Utilities","Electric Utilities: Central","https://www.nasdaq.com/symbol/nee",
"NEE^I","NextEra Energy, Inc.","25.22","n/a","n/a","n/a","n/a","https://www.nasdaq.com/symbol/nee^i",
"NEE^J","NextEra Energy, Inc.","25.02","n/a","n/a","n/a","n/a","https://www.nasdaq.com/symbol/nee^j",
"NEE^K","NextEra Energy, Inc.","25.85","n/a","n/a","n/a","n/a","https://www.nasdaq.com/symbol/nee^k",
"NEE^N","NextEra Energy, Inc.","25.88","n/a","n/a","n/a","n/a","https://www.nasdaq.com/symbol/nee^n",
"NEE^R","NextEra Energy, Inc.","65.82","n/a","n/a","n/a","n/a","https://www.nasdaq.com/symbol/nee^r",
"NGL","NGL ENERGY PARTNERS LP","13.95","$1.76B","2011","Energy","Oil Refining/Marketing","https://www.nasdaq.com/symbol/ngl",
"NGL^B","NGL ENERGY PARTNERS LP","25.05","n/a","n/a","n/a","n/a","https://www.nasdaq.com/symbol/ngl^b",
"NGL^C","NGL ENERGY PARTNERS LP","25.49","n/a","n/a","n/a","n/a","https://www.nasdaq.com/symbol/ngl^c",
"NMK^B","Niagara Mohawk Holdings, Inc.","97.75","n/a","n/a","Public Utilities","Natural Gas Distribution","https://www.nasdaq.com/symbol/nmk^b",
"NMK^C","Niagara Mohawk Holdings, Inc.","95.54","n/a","n/a","Public Utilities","Natural Gas Distribution","https://www.nasdaq.com/symbol/nmk^c",
"NLSN","Nielsen N.V.","21.99","$7.82B","2011","Miscellaneous","Business Services","https://www.nasdaq.com/symbol/nlsn",
"NKE","Nike, Inc.","82.62","$129.86B","n/a","Consumer Non-Durables","Shoe Manufacturing","https://www.nasdaq.com/symbol/nke",
"NINE","Nine Energy Service, Inc.","16.8","$515.88M","2018","Energy","Oilfield Services/Equipment","https://www.nasdaq.com/symbol/nine",
"NIO","NIO Inc.","2.6","$2.73B","2018","Capital Goods","Auto Manufacturing","https://www.nasdaq.com/symbol/nio",
"NI","NiSource, Inc","29.34","$10.95B","n/a","Public Utilities","Power Generation","https://www.nasdaq.com/symbol/ni",
"NI^B","NiSource, Inc","26.58","n/a","n/a","Public Utilities","Power Generation","https://www.nasdaq.com/symbol/ni^b",
"NL","NL Industries, Inc.","3.72","$181.27M","n/a","Basic Industries","Major Chemicals","https://www.nasdaq.com/symbol/nl",
"NOAH","Noah Holdings Ltd.","40.08","$2.41B","2010","Finance","Investment Managers","https://www.nasdaq.com/symbol/noah",
"NE","Noble Corporation","1.64","$408.61M","n/a","Energy","Oil & Gas Production","https://www.nasdaq.com/symbol/ne",
"NBL","Noble Energy Inc.","21.19","$10.13B","n/a","Energy","Oil & Gas Production","https://www.nasdaq.com/symbol/nbl",
"NBLX","Noble Midstream Partners LP","31.81","$1.27B","2016","Energy","Natural Gas Distribution","https://www.nasdaq.com/symbol/nblx",
"NOK","Nokia Corporation","4.99","$27.94B","1994","Technology","Radio And Television Broadcasting And Communications Equipment","https://www.nasdaq.com/symbol/nok",
"NOMD","Nomad Foods Limited","20.58","$4B","2016","Consumer Non-Durables","Packaged Foods","https://www.nasdaq.com/symbol/nomd",
"NMR","Nomura Holdings Inc ADR","3.48","$11.52B","n/a","Finance","Investment Bankers/Brokers/Service","https://www.nasdaq.com/symbol/nmr",
"OSB","Norbord Inc.","23.75","$1.94B","n/a","Basic Industries","Forest Products","https://www.nasdaq.com/symbol/osb",
"NAT","Nordic American Tankers Limited","2.16","$306.65M","n/a","Consumer Services","Marine Transportation","https://www.nasdaq.com/symbol/nat",
"JWN","Nordstrom, Inc.","32.77","$5.07B","n/a","Consumer Services","Clothing/Shoe/Accessory Stores","https://www.nasdaq.com/symbol/jwn",
"NSC","Norfolk Souther Corporation","192.26","$51.13B","n/a","Transportation","Railroads","https://www.nasdaq.com/symbol/nsc",
"NOA","North American Construction Group Ltd.","10.37","$282.58M","2006","Energy","Oilfield Services/Equipment","https://www.nasdaq.com/symbol/noa",
"NRT","North European Oil Royality Trust","6.67","$61.3M","n/a","Energy","Oil & Gas Production","https://www.nasdaq.com/symbol/nrt",
"NOC","Northrop Grumman Corporation","321.15","$54.53B","n/a","Capital Goods","Industrial Machinery/Components","https://www.nasdaq.com/symbol/noc",
"NRE","NorthStar Realty Europe Corp.","15.72","$790.93M","2015","Consumer Services","Real Estate Investment Trusts","https://www.nasdaq.com/symbol/nre",
"NWN","Northwest Natural Holding Company","69.52","$2.01B","n/a","Public Utilities","Oil/Gas Transmission","https://www.nasdaq.com/symbol/nwn",
"NWE","NorthWestern Corporation","72.87","$3.68B","n/a","Public Utilities","Power Generation","https://www.nasdaq.com/symbol/nwe",
"NCLH","Norwegian Cruise Line Holdings Ltd.","50.86","$10.96B","n/a","Consumer Services","Marine Transportation","https://www.nasdaq.com/symbol/nclh",
"NVS","Novartis AG","92.37","$211.92B","n/a","Health Care","Major Pharmaceuticals","https://www.nasdaq.com/symbol/nvs",
"NVO","Novo Nordisk A/S","51.18","$121.54B","n/a","Health Care","Major Pharmaceuticals","https://www.nasdaq.com/symbol/nvo",
"DNOW","NOW Inc.","13.98","$1.52B","2014","Energy","Metal Fabrications","https://www.nasdaq.com/symbol/dnow",
"NRG","NRG Energy, Inc.","35.14","$9.39B","n/a","Public Utilities","Electric Utilities: Central","https://www.nasdaq.com/symbol/nrg",
"NUS","Nu Skin Enterprises, Inc.","48.14","$2.67B","1996","Health Care","Other Pharmaceuticals","https://www.nasdaq.com/symbol/nus",
"NUE","Nucor Corporation","54.29","$16.55B","n/a","Basic Industries","Steel/Iron Ore","https://www.nasdaq.com/symbol/nue",
"NS","Nustar Energy L.P.","25.98","$2.8B","n/a","Energy","Natural Gas Distribution","https://www.nasdaq.com/symbol/ns",
"NS^A","Nustar Energy L.P.","23.68","n/a","n/a","n/a","n/a","https://www.nasdaq.com/symbol/ns^a",
"NS^B","Nustar Energy L.P.","21.17","n/a","n/a","n/a","n/a","https://www.nasdaq.com/symbol/ns^b",
"NS^C","Nustar Energy L.P.","24.7","n/a","n/a","n/a","n/a","https://www.nasdaq.com/symbol/ns^c",
"NSS","NuStar Logistics, L.P.","25.55","n/a","n/a","n/a","n/a","https://www.nasdaq.com/symbol/nss",
"NTR","Nutrien Ltd.","54.11","$31.39B","2018","Basic Industries","Agricultural Chemicals","https://www.nasdaq.com/symbol/ntr",
"JMLP","Nuveen All Cap Energy MLP Opportunities Fund","6.02","$81.27M","2014","n/a","n/a","https://www.nasdaq.com/symbol/jmlp",
"NVG","Nuveen AMT-Free Municipal Credit Income Fund","15.66","$3.17B","2002","n/a","n/a","https://www.nasdaq.com/symbol/nvg",
"NUV","Nuveen AMT-Free Municipal Value Fund","10.18","$2.11B","1987","n/a","n/a","https://www.nasdaq.com/symbol/nuv",
"NUW","Nuveen AMT-Free Municipal Value Fund","16.79","$258.55M","2009","n/a","n/a","https://www.nasdaq.com/symbol/nuw",
"NEA","Nuveen AMT-Free Quality Municipal Income Fund","13.78","$3.62B","2002","n/a","n/a","https://www.nasdaq.com/symbol/nea",
"NAZ","Nuveen Arizona Quality Municipal Income Fund","13.04","$150.89M","1992","n/a","n/a","https://www.nasdaq.com/symbol/naz",
"NKX","Nuveen California AMT-Free Quality Municipal Income Fund","14.49","$688.57M","2002","n/a","n/a","https://www.nasdaq.com/symbol/nkx",
"NCB","Nuveen California Municipal Value Fund 2","16.0149","$52.88M","n/a","n/a","n/a","https://www.nasdaq.com/symbol/ncb",
"NCA","Nuveen California Municipal Value Fund, Inc.","9.99","$280.63M","n/a","n/a","n/a","https://www.nasdaq.com/symbol/nca",
"NAC","Nuveen California Quality Municipal Income Fund","14.41","$2.09B","1999","n/a","n/a","https://www.nasdaq.com/symbol/nac",
"NTC","Nuveen Connecticut Quality Municipal Income Fund","13","$186.28M","1993","n/a","n/a","https://www.nasdaq.com/symbol/ntc",
"JCE","Nuveen Core Equity Alpha Fund","13.87","$222.32M","2007","n/a","n/a","https://www.nasdaq.com/symbol/jce",
"JCO","Nuveen Credit Opportunities 2022 Target Term Fund","9.78","$270.75M","2017","n/a","n/a","https://www.nasdaq.com/symbol/jco",
"JQC","Nuveen Credit Strategies Income Fund","7.87","$1.07B","2003","n/a","n/a","https://www.nasdaq.com/symbol/jqc",
"JDD","Nuveen Diversified Dividend and Income Fund","10.38","$204.87M","2003","n/a","n/a","https://www.nasdaq.com/symbol/jdd",
"DIAX","Nuveen Dow 30SM Dynamic Overwrite Fund","17.26","$625.7M","2014","n/a","n/a","https://www.nasdaq.com/symbol/diax",
"JEMD","Nuveen Emerging Markets Debt 2022 Target Term Fund","8.9","$126.7M","2017","n/a","n/a","https://www.nasdaq.com/symbol/jemd",
"JMF","Nuveen Energy MLP Total Return Fund","8.94","$364.63M","2011","n/a","n/a","https://www.nasdaq.com/symbol/jmf",
"NEV","Nuveen Enhanced Municipal Value Fund","14.15","$353.04M","2009","n/a","n/a","https://www.nasdaq.com/symbol/nev",
"JFR","Nuveen Floating Rate Income Fund","9.81","$558.37M","2004","n/a","n/a","https://www.nasdaq.com/symbol/jfr",
"JRO","Nuveen Floating Rate Income Opportuntiy Fund","9.67","$392.03M","2004","n/a","n/a","https://www.nasdaq.com/symbol/jro",
"NKG","Nuveen Georgia Quality Municipal Income Fund ","12.3654","$128.6M","2002","n/a","n/a","https://www.nasdaq.com/symbol/nkg",
"JGH","Nuveen Global High Income Fund","15.27","$353.92M","2014","n/a","n/a","https://www.nasdaq.com/symbol/jgh",
"JHY","Nuveen High Income 2020 Target Term Fund","9.81","$154.86M","2015","n/a","n/a","https://www.nasdaq.com/symbol/jhy",
"JHAA","Nuveen High Income 2023 Target Term Fund","10.5","$73.5M","2018","n/a","n/a","https://www.nasdaq.com/symbol/jhaa",
"JHD","Nuveen High Income December 2019 Target Term Fund","9.82","$265.77M","2016","n/a","n/a","https://www.nasdaq.com/symbol/jhd",
"JHB","Nuveen High Income November 2021 Target Term Fund","9.95","$555.92M","2016","n/a","n/a","https://www.nasdaq.com/symbol/jhb",
"NXC","Nuveen Insured California Select Tax-Free Income Portfolio","14.52","$92.2M","1992","n/a","n/a","https://www.nasdaq.com/symbol/nxc",
"NXN","Nuveen Insured New York Select Tax-Free Income Portfolio","13.37","$52.48M","1992","n/a","n/a","https://www.nasdaq.com/symbol/nxn",
"NID","Nuveen Intermediate Duration Municipal Term Fund","13.34","$625.77M","2012","n/a","n/a","https://www.nasdaq.com/symbol/nid",
"NMY","Nuveen Maryland Quality Municipal Income Fund","12.93","$302.07M","1993","n/a","n/a","https://www.nasdaq.com/symbol/nmy",
"NMT","Nuveen Massachusetts Municipal Income Fund","12.9","$120.59M","n/a","n/a","n/a","https://www.nasdaq.com/symbol/nmt",
"NUM","Nuveen Michigan Quality Municipal Income Fund","13.55","$274.07M","1991","n/a","n/a","https://www.nasdaq.com/symbol/num",
"NMS","Nuveen Minnesota Quality Municipal Income Fund","13.66","$78.99M","2014","n/a","n/a","https://www.nasdaq.com/symbol/nms",
"NOM","Nuveen Missouri Quality Municipal Income Fund","13.77","$32.28M","1993","n/a","n/a","https://www.nasdaq.com/symbol/nom",
"JLS","Nuveen Mortgage Opportunity Term Fund","23.17","$368.15M","2009","n/a","n/a","https://www.nasdaq.com/symbol/jls",
"JMM","Nuveen Multi-Market Income Fund","7.3","$69.08M","n/a","n/a","n/a","https://www.nasdaq.com/symbol/jmm",
"NHA","Nuveen Municipal 2021 Target Term Fund","9.62","$82.95M","2016","n/a","n/a","https://www.nasdaq.com/symbol/nha",
"NZF","Nuveen Municipal Credit Income Fund","15.82","$2.25B","2007","n/a","n/a","https://www.nasdaq.com/symbol/nzf",
"NMZ","Nuveen Municipal High Income Opportunity Fund","13.89","$890.69M","2003","n/a","n/a","https://www.nasdaq.com/symbol/nmz",
"NMI","Nuveen Municipal Income Fund, Inc.","11.25","$98.28M","1988","n/a","n/a","https://www.nasdaq.com/symbol/nmi",
"NJV","Nuveen New Jersey Municipal Value Fund","13.33","$20.41M","n/a","n/a","n/a","https://www.nasdaq.com/symbol/njv",
"NXJ","Nuveen New Jersey Quality Municipal Income Fund","14.12","$592.1M","2001","n/a","n/a","https://www.nasdaq.com/symbol/nxj",
"NRK","Nuveen New York AMT-Free Quality Municipal","13.07","$1.14B","2002","n/a","n/a","https://www.nasdaq.com/symbol/nrk",
"NYV","Nuveen New York Municipal Value Fund 2","14.35","$33.72M","2009","n/a","n/a","https://www.nasdaq.com/symbol/nyv",
"NNY","Nuveen New York Municipal Value Fund, Inc.","10.0235","$152.57M","1988","n/a","n/a","https://www.nasdaq.com/symbol/nny",
"NAN","Nuveen New York Quality Municipal Income Fund","13.92","$429.45M","1999","n/a","n/a","https://www.nasdaq.com/symbol/nan",
"NNC","Nuveen North Carolina Quality Municipal Income Fd","13.224","$217.12M","1993","n/a","n/a","https://www.nasdaq.com/symbol/nnc",
"NUO","Nuveen Ohio Quality Municipal Income Fund","14.931","$273.49M","1991","n/a","n/a","https://www.nasdaq.com/symbol/nuo",
"NPN","Nuveen Pennsylvania Municipal Value Fund","15.0986","$18.41M","2009","n/a","n/a","https://www.nasdaq.com/symbol/npn",
"NQP","Nuveen Pennsylvania Quality Municipal Income Fund","13.64","$509.91M","1991","n/a","n/a","https://www.nasdaq.com/symbol/nqp",
"JPC","Nuveen Preferred & Income Opportunities Fund","9.72","$1B","2003","n/a","n/a","https://www.nasdaq.com/symbol/jpc",
"JPS","Nuveen Preferred & Income Securities Fund","9.35","$1.91B","2002","n/a","n/a","https://www.nasdaq.com/symbol/jps",
"JPT","Nuveen Preferred and Income 2022 Term Fund","23.99","$163.89M","2017","n/a","n/a","https://www.nasdaq.com/symbol/jpt",
"JPI","Nuveen Preferred and Income Term Fund","23.36","$531.61M","2012","n/a","n/a","https://www.nasdaq.com/symbol/jpi",
"NAD","Nuveen Quality Municipal Income Fund","13.92","$2.81B","1999","n/a","n/a","https://www.nasdaq.com/symbol/nad",
"JRI","Nuveen Real Asset Income and Growth Fund","16.6","$455.99M","2012","n/a","n/a","https://www.nasdaq.com/symbol/jri",
"JRS","Nuveen Real Estate Fund","10.42","$301.06M","2001","n/a","n/a","https://www.nasdaq.com/symbol/jrs",
"BXMX","Nuveen S&P 500 Buy-Write Income Fund","12.98","$1.35B","n/a","n/a","n/a","https://www.nasdaq.com/symbol/bxmx",
"SPXX","Nuveen S&P 500 Dynamic Overwrite Fund","15.66","$259.92M","n/a","n/a","n/a","https://www.nasdaq.com/symbol/spxx",
"NIM","Nuveen Select Maturities Municipal Fund","10.4738","$130.35M","1992","n/a","n/a","https://www.nasdaq.com/symbol/nim",
"NXP","Nuveen Select Tax Free Income Portfolio","15.22","$252.2M","1992","n/a","n/a","https://www.nasdaq.com/symbol/nxp",
"NXQ","Nuveen Select Tax Free Income Portfolio II","14.38","$254.72M","1992","n/a","n/a","https://www.nasdaq.com/symbol/nxq",
"NXR","Nuveen Select Tax Free Income Portfolio III","15.44","$201.42M","1992","n/a","n/a","https://www.nasdaq.com/symbol/nxr",
"NSL","Nuveen Senior Income Fund","5.84","$225.49M","1999","n/a","n/a","https://www.nasdaq.com/symbol/nsl",
"JSD","Nuveen Short Duration Credit Opportunities Fund","15.42","$155.67M","2011","n/a","n/a","https://www.nasdaq.com/symbol/jsd",
"NBB","Nuveen Taxable Municipal Income Fund","21.24","$581.04M","2010","n/a","n/a","https://www.nasdaq.com/symbol/nbb",
"JTD","Nuveen Tax-Advantaged Dividend Growth Fund","16.3","$236.09M","n/a","n/a","n/a","https://www.nasdaq.com/symbol/jtd",
"JTA","Nuveen Tax-Advantaged Total Return Strategy Fund","11.27","$156.1M","2004","n/a","n/a","https://www.nasdaq.com/symbol/jta",
"NTX","Nuveen Texas Quality Municipal Income Fund","13.65","$135.94M","1991","n/a","n/a","https://www.nasdaq.com/symbol/ntx",
"NPV","Nuveen Virginia Quality Municipal Income Fund","12.94","$232.06M","1993","n/a","n/a","https://www.nasdaq.com/symbol/npv",
"NIQ","Nuveenn Intermediate Duration Quality Municipal Term Fund","13.27","$173.8M","2013","n/a","n/a","https://www.nasdaq.com/symbol/niq",
"JMT","Nuven Mortgage Opportunity Term Fund 2","22.48","$109.61M","n/a","n/a","n/a","https://www.nasdaq.com/symbol/jmt",
"NVT","nVent Electric plc","24.46","$4.27B","2018","Technology","Industrial Machinery/Components","https://www.nasdaq.com/symbol/nvt",
"NVR","NVR, Inc.","3271.64","$11.75B","n/a","Capital Goods","Homebuilding","https://www.nasdaq.com/symbol/nvr",
"OAK","Oaktree Capital Group, LLC","49.39","$8.02B","2012","Finance","Investment Managers","https://www.nasdaq.com/symbol/oak",
"OAK^A","Oaktree Capital Group, LLC","25.995","n/a","n/a","n/a","n/a","https://www.nasdaq.com/symbol/oak^a",
"OAK^B","Oaktree Capital Group, LLC","25.98","n/a","n/a","n/a","n/a","https://www.nasdaq.com/symbol/oak^b",
"OSLE","Oaktree Specialty Lending Corporation","25.69","n/a","n/a","n/a","n/a","https://www.nasdaq.com/symbol/osle",
"OMP","Oasis Midstream Partners LP","20.45","$691.11M","2017","Energy","Oil & Gas Production","https://www.nasdaq.com/symbol/omp",
"OAS","Oasis Petroleum Inc.","5.45","$1.76B","2010","Energy","Oil & Gas Production","https://www.nasdaq.com/symbol/oas",
"OBE","Obsidian Energy Ltd.","1.17","$85.39M","n/a","Energy","Oil & Gas Production","https://www.nasdaq.com/symbol/obe",
"OXY","Occidental Petroleum Corporation","49.38","$36.95B","n/a","Energy","Oil & Gas Production","https://www.nasdaq.com/symbol/oxy",
"OII","Oceaneering International, Inc.","19.05","$1.88B","n/a","Energy","Oilfield Services/Equipment","https://www.nasdaq.com/symbol/oii",
"OZM","Och-Ziff Capital Management Group LLC","21.39","$1.07B","2007","Finance","Investment Managers","https://www.nasdaq.com/symbol/ozm",
"OCN","Ocwen Financial Corporation","1.81","$243.33M","n/a","Finance","Finance: Consumer Services","https://www.nasdaq.com/symbol/ocn",
"OFG","OFG Bancorp","20.49","$1.05B","n/a","Finance","Major Banks","https://www.nasdaq.com/symbol/ofg",
"OFG^A","OFG Bancorp","25.5","n/a","n/a","Finance","Major Banks","https://www.nasdaq.com/symbol/ofg^a",
"OFG^B","OFG Bancorp","25.445","n/a","n/a","n/a","n/a","https://www.nasdaq.com/symbol/ofg^b",
"OFG^D","OFG Bancorp","26.0354","n/a","n/a","n/a","n/a","https://www.nasdaq.com/symbol/ofg^d",
"OGE","OGE Energy Corp","43.17","$8.64B","n/a","Public Utilities","Electric Utilities: Central","https://www.nasdaq.com/symbol/oge",
"OIBR.C","Oi S.A.","n/a","n/a","2014","n/a","n/a","https://www.nasdaq.com/symbol/oibr.c",
"OIS","Oil States International, Inc.","17.9","$1.08B","2001","Energy","Metal Fabrications","https://www.nasdaq.com/symbol/ois",
"ODC","Oil-Dri Corporation Of America","30.18","$229.44M","n/a","Consumer Durables","Miscellaneous manufacturing industries","https://www.nasdaq.com/symbol/odc",
"ORI","Old Republic International Corporation","22.65","$6.86B","n/a","Finance","Property-Casualty Insurers","https://www.nasdaq.com/symbol/ori",
"OLN","Olin Corporation","21.4","$3.53B","n/a","Basic Industries","Major Chemicals","https://www.nasdaq.com/symbol/oln",
"OHI","Omega Healthcare Investors, Inc.","37.04","$7.95B","1992","Consumer Services","Real Estate Investment Trusts","https://www.nasdaq.com/symbol/ohi",
"OMC","Omnicom Group Inc.","80.29","$17.68B","n/a","Technology","Advertising","https://www.nasdaq.com/symbol/omc",
"OMN","OMNOVA Solutions Inc.","5.65","$253.37M","n/a","Basic Industries","Specialty Chemicals","https://www.nasdaq.com/symbol/omn",
"ONDK","On Deck Capital, Inc.","4.01","$304.43M","2014","Finance","Finance: Consumer Services","https://www.nasdaq.com/symbol/ondk",
"OGS","ONE Gas, Inc.","92.01","$4.85B","2014","Public Utilities","Oil/Gas Transmission","https://www.nasdaq.com/symbol/ogs",
"OLP","One Liberty Properties, Inc.","29.36","$577.95M","n/a","Consumer Services","Real Estate Investment Trusts","https://www.nasdaq.com/symbol/olp",
"OMF","OneMain Holdings, Inc.","31.63","$4.3B","2013","Finance","Finance: Consumer Services","https://www.nasdaq.com/symbol/omf",
"OKE","ONEOK, Inc.","66.72","$27.54B","n/a","Public Utilities","Oil & Gas Production","https://www.nasdaq.com/symbol/oke",
"ONE","OneSmart International Education Group Limited","7.87","$1.27B","2018","Consumer Services","Other Consumer Services","https://www.nasdaq.com/symbol/one",
"OOMA","Ooma, Inc.","10.16","$210.31M","2015","Technology","EDP Services","https://www.nasdaq.com/symbol/ooma",
"OPY","Oppenheimer Holdings, Inc.","26.42","$344.07M","n/a","Finance","Investment Bankers/Brokers/Service","https://www.nasdaq.com/symbol/opy",
"ORCL","Oracle Corporation","56.07","$187.04B","1986","Technology","Computer Software: Prepackaged Software","https://www.nasdaq.com/symbol/orcl",
"ORAN","Orange","15.72","$41.69B","n/a","Public Utilities","Telecommunications Equipment","https://www.nasdaq.com/symbol/oran",
"ORC","Orchid Island Capital, Inc.","6.35","$339.78M","2013","Consumer Services","Real Estate Investment Trusts","https://www.nasdaq.com/symbol/orc",
"OEC","Orion Engineered Carbons S.A","20","$1.19B","2014","Basic Industries","Major Chemicals","https://www.nasdaq.com/symbol/oec",
"ORN","Orion Group Holdings, Inc.","2.31","$67.15M","n/a","Basic Industries","Military/Government/Technical","https://www.nasdaq.com/symbol/orn",
"IX","Orix Corp Ads","73.95","$18.93B","n/a","Finance","Diversified Financial Services","https://www.nasdaq.com/symbol/ix",
"ORA","Ormat Technologies, Inc.","62.24","$3.16B","2004","Public Utilities","Electric Utilities: Central","https://www.nasdaq.com/symbol/ora",
"OSK","Oshkosh Corporation","82.1","$5.74B","n/a","Capital Goods","Auto Manufacturing","https://www.nasdaq.com/symbol/osk",
"OR","Osisko Gold Royalties Ltd","10.84","$1.68B","2016","Basic Industries","Precious Metals","https://www.nasdaq.com/symbol/or",
"OUT","OUTFRONT Media Inc.","25.87","$3.66B","2014","Consumer Services","Real Estate Investment Trusts","https://www.nasdaq.com/symbol/out",
"OSG","Overseas Shipholding Group, Inc.","1.71","$145.85M","2015","Transportation","Marine Transportation","https://www.nasdaq.com/symbol/osg",
"OMI","Owens & Minor, Inc.","3.03","$190.7M","n/a","Health Care","Medical Specialities","https://www.nasdaq.com/symbol/omi",
"OC","Owens Corning Inc","50.88","$5.52B","n/a","Capital Goods","Industrial Machinery/Components","https://www.nasdaq.com/symbol/oc",
"OI","Owens-Illinois, Inc.","16.77","$2.6B","n/a","Consumer Durables","Containers/Packaging","https://www.nasdaq.com/symbol/oi",
"OXM","Oxford Industries, Inc.","73.89","$1.26B","n/a","Consumer Non-Durables","Apparel","https://www.nasdaq.com/symbol/oxm",
"ROYT","Pacific Coast Oil Trust","2.13","$82.18M","2012","Energy","Oil & Gas Production","https://www.nasdaq.com/symbol/royt",
"PACD","Pacific Drilling S.A.","13.01","$976.05M","2018","Energy","Oil & Gas Production","https://www.nasdaq.com/symbol/pacd",
"PCG","Pacific Gas & Electric Co.","21.6","$11.43B","n/a","Public Utilities","Power Generation","https://www.nasdaq.com/symbol/pcg",
"PKG","Packaging Corporation of America","92.45","$8.74B","2000","Consumer Durables","Containers/Packaging","https://www.nasdaq.com/symbol/pkg",
"PD","PagerDuty, Inc.","47.52","$3.62B","2019","Technology","Computer Software: Prepackaged Software","https://www.nasdaq.com/symbol/pd",
"PAGS","PagSeguro Digital Ltd.","37.08","$12.16B","2018","Technology","EDP Services","https://www.nasdaq.com/symbol/pags",
"PANW","Palo Alto Networks, Inc.","198.54","$19.05B","2012","Technology","Computer peripheral equipment","https://www.nasdaq.com/symbol/panw",
"PAM","Pampa Energia S.A.","32.94","$2.4B","n/a","Public Utilities","Electric Utilities: Central","https://www.nasdaq.com/symbol/pam",
"PHX","Panhandle Royalty Company","13.24","$219.36M","n/a","Energy","Oil & Gas Production","https://www.nasdaq.com/symbol/phx",
"PARR","Par Pacific Holdings, Inc.","19.5","$966.23M","n/a","Energy","Oil & Gas Production","https://www.nasdaq.com/symbol/parr",
"PAR","PAR Technology Corporation","27.93","$453.94M","n/a","Miscellaneous","Office Equipment/Supplies/Services","https://www.nasdaq.com/symbol/par",
"PGRE","Paramount Group, Inc.","14.22","$3.33B","2014","Consumer Services","Real Estate Investment Trusts","https://www.nasdaq.com/symbol/pgre",
"PKE","Park Electrochemical Corporation","15.73","$322.34M","n/a","Technology","Electrical Products","https://www.nasdaq.com/symbol/pke",
"PK","Park Hotels & Resorts Inc.","27.52","$5.55B","2016","Consumer Services","Hotels/Resorts","https://www.nasdaq.com/symbol/pk",
"PKD","Parker Drilling Company","18.9","$284.35M","2019","Energy","Oil & Gas Production","https://www.nasdaq.com/symbol/pkd",
"PH","Parker-Hannifin Corporation","168.57","$21.63B","n/a","Capital Goods","Metal Fabrications","https://www.nasdaq.com/symbol/ph",
"PE","Parsley Energy, Inc.","18.21","$5.77B","2014","Energy","Oil & Gas Production","https://www.nasdaq.com/symbol/pe",
"PSN","Parsons Corporation","36.75","$3.65B","2019","Technology","EDP Services","https://www.nasdaq.com/symbol/psn",
"PRE^F","PartnerRe Ltd.","25.7982","n/a","n/a","n/a","n/a","https://www.nasdaq.com/symbol/pre^f",
"PRE^G","PartnerRe Ltd.","26.3","n/a","n/a","n/a","n/a","https://www.nasdaq.com/symbol/pre^g",
"PRE^H","PartnerRe Ltd.","26.9609","n/a","n/a","n/a","n/a","https://www.nasdaq.com/symbol/pre^h",
"PRE^I","PartnerRe Ltd.","25.78","n/a","n/a","n/a","n/a","https://www.nasdaq.com/symbol/pre^i",
"PRTY","Party City Holdco Inc.","6.62","$620.89M","2015","Consumer Services","Other Specialty Stores","https://www.nasdaq.com/symbol/prty",
"PAYC","Paycom Software, Inc.","218.35","$12.78B","2014","Technology","Computer Software: Prepackaged Software","https://www.nasdaq.com/symbol/payc",
"PBF","PBF Energy Inc.","27.8","$3.33B","2012","Energy","Integrated oil Companies","https://www.nasdaq.com/symbol/pbf",
"PBFX","PBF Logistics LP","20.61","$1.28B","2014","Energy","Natural Gas Distribution","https://www.nasdaq.com/symbol/pbfx",
"BTU","Peabody Energy Corporation","22.8","$2.44B","2017","Energy","Coal Mining","https://www.nasdaq.com/symbol/btu",
"PSO","Pearson, Plc","10.27","$8.03B","n/a","Consumer Services","Books","https://www.nasdaq.com/symbol/pso",
"PEB","Pebblebrook Hotel Trust","27.37","$3.58B","2009","Consumer Services","Real Estate Investment Trusts","https://www.nasdaq.com/symbol/peb",
"PEB^C","Pebblebrook Hotel Trust","25.55","n/a","n/a","n/a","n/a","https://www.nasdaq.com/symbol/peb^c",
"PEB^D","Pebblebrook Hotel Trust","26.6","n/a","n/a","n/a","n/a","https://www.nasdaq.com/symbol/peb^d",
"PEB^E","Pebblebrook Hotel Trust","25.15","n/a","n/a","n/a","n/a","https://www.nasdaq.com/symbol/peb^e",
"PEB^F","Pebblebrook Hotel Trust","25.38","n/a","n/a","n/a","n/a","https://www.nasdaq.com/symbol/peb^f",
"PBA","Pembina Pipeline Corp.","36.41","$18.6B","n/a","Energy","Oil & Gas Production","https://www.nasdaq.com/symbol/pba",
"PEI","Pennsylvania Real Estate Investment Trust","5.97","$461.98M","n/a","Consumer Services","Real Estate Investment Trusts","https://www.nasdaq.com/symbol/pei",
"PEI^B","Pennsylvania Real Estate Investment Trust","21.65","n/a","n/a","n/a","n/a","https://www.nasdaq.com/symbol/pei^b",
"PEI^C","Pennsylvania Real Estate Investment Trust","20.99","n/a","n/a","n/a","n/a","https://www.nasdaq.com/symbol/pei^c",
"PEI^D","Pennsylvania Real Estate Investment Trust","21.12","n/a","n/a","n/a","n/a","https://www.nasdaq.com/symbol/pei^d",
"PFSI","PennyMac Financial Services, Inc.","22.08","$1.73B","2013","Finance","Finance: Consumer Services","https://www.nasdaq.com/symbol/pfsi",
"PMT","PennyMac Mortgage Investment Trust","21.46","$1.64B","2009","Consumer Services","Real Estate Investment Trusts","https://www.nasdaq.com/symbol/pmt",
"PMT^A","PennyMac Mortgage Investment Trust","25.87","n/a","n/a","n/a","n/a","https://www.nasdaq.com/symbol/pmt^a",
"PMT^B","PennyMac Mortgage Investment Trust","25.74","n/a","n/a","n/a","n/a","https://www.nasdaq.com/symbol/pmt^b",
"PAG","Penske Automotive Group, Inc.","45.99","$3.85B","n/a","Consumer Durables","Automotive Aftermarket","https://www.nasdaq.com/symbol/pag",
"PNR","Pentair plc.","36.48","$6.27B","n/a","Technology","Industrial Machinery/Components","https://www.nasdaq.com/symbol/pnr",
"PEN","Penumbra, Inc.","166.97","$5.8B","2015","Health Care","Medical/Dental Instruments","https://www.nasdaq.com/symbol/pen",
"PFGC","Performance Food Group Company","39.84","$4.19B","2015","Consumer Non-Durables","Food Distributors","https://www.nasdaq.com/symbol/pfgc",
"PKI","PerkinElmer, Inc.","94.51","$10.48B","n/a","Capital Goods","Biotechnology: Laboratory Analytical Instruments","https://www.nasdaq.com/symbol/pki",
"PBT","Permian Basin Royalty Trust","5.75","$268M","n/a","Energy","Oil & Gas Production","https://www.nasdaq.com/symbol/pbt",
"PVL","Permianville Royalty Trust","2.735","$90.26M","2011","Energy","Oil & Gas Production","https://www.nasdaq.com/symbol/pvl",
"PRT","PermRock Royalty Trust","8.18","$99.52M","2018","Energy","Oil & Gas Production","https://www.nasdaq.com/symbol/prt",
"PRGO","Perrigo Company","45.5","$6.19B","n/a","Health Care","Major Pharmaceuticals","https://www.nasdaq.com/symbol/prgo",
"PRSP","Perspecta Inc.","23.62","$3.84B","1998","Technology","EDP Services","https://www.nasdaq.com/symbol/prsp",
"PTR","PetroChina Company Limited","55.23","$101.08B","n/a","Energy","Oil & Gas Production","https://www.nasdaq.com/symbol/ptr",
"PBR","Petroleo Brasileiro S.A.- Petrobras","15.98","$104.23B","n/a","Energy","Oil & Gas Production","https://www.nasdaq.com/symbol/pbr",
"PBR.A","Petroleo Brasileiro S.A.- Petrobras","n/a","n/a","n/a","n/a","n/a","https://www.nasdaq.com/symbol/pbr.a",
"PFE","Pfizer, Inc.","43.76","$243.3B","n/a","Health Care","Major Pharmaceuticals","https://www.nasdaq.com/symbol/pfe",
"GHY","PGIM Global High Yield Fund, Inc.","14.23","$582.35M","2012","n/a","n/a","https://www.nasdaq.com/symbol/ghy",
"ISD","PGIM High Yield Bond Fund, Inc.","14.45","$480.56M","2012","n/a","n/a","https://www.nasdaq.com/symbol/isd",
"PGTI","PGT Innovations, Inc.","15.89","$927.14M","2006","Capital Goods","Building Products","https://www.nasdaq.com/symbol/pgti",
"PM","Philip Morris International Inc","78.82","$122.63B","n/a","Consumer Non-Durables","Farming/Seeds/Milling","https://www.nasdaq.com/symbol/pm",
"PSX","Phillips 66","89.83","$40.74B","n/a","Energy","Integrated oil Companies","https://www.nasdaq.com/symbol/psx",
"PSXP","Phillips 66 Partners LP","49.32","$6.15B","2013","Energy","Natural Gas Distribution","https://www.nasdaq.com/symbol/psxp",
"FENG","Phoenix New Media Limited","3.59","$261.28M","2011","Consumer Services","Broadcasting","https://www.nasdaq.com/symbol/feng",
"DOC","Physicians Realty Trust","17.68","$3.28B","2013","Consumer Services","Real Estate Investment Trusts","https://www.nasdaq.com/symbol/doc",
"PDM","Piedmont Office Realty Trust, Inc.","20.07","$2.52B","n/a","Consumer Services","Building operators","https://www.nasdaq.com/symbol/pdm",
"PIR","Pier 1 Imports, Inc.","8.66","$36.8M","n/a","Consumer Services","Home Furnishings","https://www.nasdaq.com/symbol/pir",
"PCQ","PIMCO California Municipal Income Fund","18.63","$350.25M","2001","n/a","n/a","https://www.nasdaq.com/symbol/pcq",
"PCK","Pimco California Municipal Income Fund II","9.43","$301.89M","2002","n/a","n/a","https://www.nasdaq.com/symbol/pck",
"PZC","PIMCO California Municipal Income Fund III","11","$245.4M","2002","n/a","n/a","https://www.nasdaq.com/symbol/pzc",
"PCM","PIMCO Commercial Mortgage Securities Trust, Inc.","11.27","$130.67M","1993","n/a","n/a","https://www.nasdaq.com/symbol/pcm",
"PTY","Pimco Corporate & Income Opportunity Fund","18.72","$1.63B","2002","n/a","n/a","https://www.nasdaq.com/symbol/pty",
"PCN","Pimco Corporate & Income Stategy Fund","17.71","$700.62M","2001","n/a","n/a","https://www.nasdaq.com/symbol/pcn",
"PCI","PIMCO Dynamic Credit and Mortgage Income Fund","23.99","$3.3B","2013","n/a","n/a","https://www.nasdaq.com/symbol/pci",
"PDI","PIMCO Dynamic Income Fund","31.99","$1.81B","2012","n/a","n/a","https://www.nasdaq.com/symbol/pdi",
"NRGX","PIMCO Energy and Tactical Credit Opportunities Fund","19","$760M","2019","n/a","n/a","https://www.nasdaq.com/symbol/nrgx",
"PGP","Pimco Global Stocksplus & Income Fund","12.47","$135.46M","2005","n/a","n/a","https://www.nasdaq.com/symbol/pgp",
"PHK","Pimco High Income Fund","7.91","$1.03B","2003","n/a","n/a","https://www.nasdaq.com/symbol/phk",
"PKO","Pimco Income Opportunity Fund","26.93","$436.52M","n/a","n/a","n/a","https://www.nasdaq.com/symbol/pko",
"PFL","PIMCO Income Strategy Fund","11.86","$319.9M","2003","n/a","n/a","https://www.nasdaq.com/symbol/pfl",
"PFN","PIMCO Income Strategy Fund II","10.57","$659.04M","2004","n/a","n/a","https://www.nasdaq.com/symbol/pfn",
"PMF","PIMCO Municipal Income Fund","14.74","$380.02M","2001","n/a","n/a","https://www.nasdaq.com/symbol/pmf",
"PML","Pimco Municipal Income Fund II","14.86","$927.27M","2002","n/a","n/a","https://www.nasdaq.com/symbol/pml",
"PMX","PIMCO Municipal Income Fund III","12.34","$406.99M","2002","n/a","n/a","https://www.nasdaq.com/symbol/pmx",
"PNF","PIMCO New York Municipal Income Fund","13.17","$102.73M","2001","n/a","n/a","https://www.nasdaq.com/symbol/pnf",
"PNI","Pimco New York Municipal Income Fund II","11.61","$129.67M","2002","n/a","n/a","https://www.nasdaq.com/symbol/pni",
"PYN","PIMCO New York Municipal Income Fund III","9.84","$56.24M","2002","n/a","n/a","https://www.nasdaq.com/symbol/pyn",
"RCS","PIMCO Strategic Income Fund, Inc.","9.58","$415.51M","1994","n/a","n/a","https://www.nasdaq.com/symbol/rcs",
"PNW","Pinnacle West Capital Corporation","96.64","$10.85B","n/a","Public Utilities","Electric Utilities: Central","https://www.nasdaq.com/symbol/pnw",
"PINS","Pinterest, Inc.","26.14","$14.18B","2019","Technology","Computer Software: Programming, Data Processing","https://www.nasdaq.com/symbol/pins",
"PES","Pioneer Energy Services Corp.","0.252","$19.77M","n/a","Energy","Oil & Gas Production","https://www.nasdaq.com/symbol/pes",
"PHD","Pioneer Floating Rate Trust","10.5","$259.75M","2004","n/a","n/a","https://www.nasdaq.com/symbol/phd",
"PHT","Pioneer High Income Trust","9.05","$264.55M","n/a","n/a","n/a","https://www.nasdaq.com/symbol/pht",
"MAV","Pioneer Municipal High Income Advantage Trust","10.71","$255.96M","n/a","n/a","n/a","https://www.nasdaq.com/symbol/mav",
"MHI","Pioneer Municipal High Income Trust","12.2","$277.81M","2003","n/a","n/a","https://www.nasdaq.com/symbol/mhi",
"PXD","Pioneer Natural Resources Company","148.19","$24.96B","n/a","Energy","Oil & Gas Production","https://www.nasdaq.com/symbol/pxd",
"PJC","Piper Jaffray Companies","71.99","$1.02B","n/a","Finance","Investment Bankers/Brokers/Service","https://www.nasdaq.com/symbol/pjc",
"PBI","Pitney Bowes Inc.","3.96","$715.67M","n/a","Miscellaneous","Office Equipment/Supplies/Services","https://www.nasdaq.com/symbol/pbi",
"PBI^B","Pitney Bowes Inc.","20.89","n/a","n/a","n/a","n/a","https://www.nasdaq.com/symbol/pbi^b",
"PVT","Pivotal Acquisition Corp.","10.22","$293.83M","2019","Finance","Business Services","https://www.nasdaq.com/symbol/pvt",
"PVT.U","Pivotal Acquisition Corp.","n/a","n/a","2019","n/a","n/a","https://www.nasdaq.com/symbol/pvt.u",
"PVT.WS","Pivotal Acquisition Corp.","n/a","n/a","n/a","n/a","n/a","https://www.nasdaq.com/symbol/pvt.ws",
"PVTL","Pivotal Software, Inc.","10.89","$2.96B","2018","Technology","Computer Software: Prepackaged Software","https://www.nasdaq.com/symbol/pvtl",
"PJT","PJT Partners Inc.","40.56","$962.29M","2015","Finance","Investment Managers","https://www.nasdaq.com/symbol/pjt",
"PAA","Plains All American Pipeline, L.P.","23.89","$17.36B","1998","Energy","Natural Gas Distribution","https://www.nasdaq.com/symbol/paa",
"PAGP","Plains Group Holdings, L.P.","24.17","$3.85B","2013","Energy","Natural Gas Distribution","https://www.nasdaq.com/symbol/pagp",
"PLNT","Planet Fitness, Inc.","71.3","$6.63B","2015","Consumer Services","Hotels/Resorts","https://www.nasdaq.com/symbol/plnt",
"PLT","Plantronics, Inc.","35.36","$1.4B","1994","Public Utilities","Telecommunications Equipment","https://www.nasdaq.com/symbol/plt",
"AGS","PlayAGS, Inc.","18.72","$662.89M","2018","Consumer Durables","Miscellaneous manufacturing industries","https://www.nasdaq.com/symbol/ags",
"PHI","PLDT Inc.","25","$5.4B","n/a","Public Utilities","Telecommunications Equipment","https://www.nasdaq.com/symbol/phi",
"PNC","PNC Financial Services Group, Inc. (The)","133.36","$60.2B","n/a","Finance","Major Banks","https://www.nasdaq.com/symbol/pnc",
"PNC^P","PNC Financial Services Group, Inc. (The)","27.31","n/a","n/a","n/a","n/a","https://www.nasdaq.com/symbol/pnc^p",
"PNC^Q","PNC Financial Services Group, Inc. (The)","25.42","n/a","n/a","n/a","n/a","https://www.nasdaq.com/symbol/pnc^q",
"PNM","PNM Resources, Inc. (Holding Co.)","51.7","$4.12B","n/a","Public Utilities","Electric Utilities: Central","https://www.nasdaq.com/symbol/pnm",
"PII","Polaris Industries Inc.","87.11","$5.32B","n/a","Capital Goods","Industrial Specialties","https://www.nasdaq.com/symbol/pii",
"POL","PolyOne Corporation","29.25","$2.28B","n/a","Basic Industries","Major Chemicals","https://www.nasdaq.com/symbol/pol",
"POR","Portland General Electric Company","55.04","$4.92B","n/a","Public Utilities","Electric Utilities: Central","https://www.nasdaq.com/symbol/por",
"PKX","POSCO","53.1","$18.52B","1994","Basic Industries","Steel/Iron Ore","https://www.nasdaq.com/symbol/pkx",
"POST","Post Holdings, Inc.","103.71","$7.6B","2012","Consumer Non-Durables","Packaged Foods","https://www.nasdaq.com/symbol/post",
"PSTL","Postal Realty Trust, Inc.","14.61","$77.62M","2019","Consumer Services","Real Estate Investment Trusts","https://www.nasdaq.com/symbol/pstl",
"PPDF","PPDAI Group Inc.","4.23","$1.26B","2017","Finance","Finance: Consumer Services","https://www.nasdaq.com/symbol/ppdf",
"PPG","PPG Industries, Inc.","116.27","$27.45B","n/a","Basic Industries","Paints/Coatings","https://www.nasdaq.com/symbol/ppg",
"PPX","PPL Capital Funding, Inc.","25.42","n/a","n/a","Public Utilities","Electric Utilities: Central","https://www.nasdaq.com/symbol/ppx",
"PPL","PPL Corporation","31.42","$22.68B","n/a","Public Utilities","Electric Utilities: Central","https://www.nasdaq.com/symbol/ppl",
"PYS","PPlus Trust","15.2","n/a","n/a","Finance","Finance: Consumer Services","https://www.nasdaq.com/symbol/pys",
"PYT","PPlus Trust","20.38","n/a","n/a","Finance","Finance: Consumer Services","https://www.nasdaq.com/symbol/pyt",
"PQG","PQ Group Holdings Inc.","16.03","$2.18B","2017","Basic Industries","Major Chemicals","https://www.nasdaq.com/symbol/pqg",
"PDS","Precision Drilling Corporation","1.83","$537.5M","n/a","Energy","Oil & Gas Production","https://www.nasdaq.com/symbol/pds",
"APTS","Preferred Apartment Communities, Inc.","14.5","$628.66M","2011","Consumer Services","Real Estate Investment Trusts","https://www.nasdaq.com/symbol/apts",
"PBH","Prestige Consumer Healthcare Inc.","30.85","$1.6B","2005","Health Care","Major Pharmaceuticals","https://www.nasdaq.com/symbol/pbh",
"PVG","Pretium Resources, Inc.","10.06","$1.85B","n/a","Basic Industries","Precious Metals","https://www.nasdaq.com/symbol/pvg",
"PRI","Primerica, Inc.","118.97","$5.04B","2010","Finance","Life Insurance","https://www.nasdaq.com/symbol/pri",
"PGZ","Principal Real Estate Income Fund","18.71","$129.1M","2013","n/a","n/a","https://www.nasdaq.com/symbol/pgz",
"PRIF^A","Priority Income Fund, Inc.","25.1","n/a","n/a","n/a","n/a","https://www.nasdaq.com/symbol/prif^a",
"PRIF^B","Priority Income Fund, Inc.","25.1359","n/a","n/a","n/a","n/a","https://www.nasdaq.com/symbol/prif^b",
"PRIF^C","Priority Income Fund, Inc.","25.1466","n/a","n/a","n/a","n/a","https://www.nasdaq.com/symbol/prif^c",
"PRIF^D","Priority Income Fund, Inc.","25","n/a","n/a","n/a","n/a","https://www.nasdaq.com/symbol/prif^d",
"PRA","ProAssurance Corporation","36.23","$1.95B","n/a","Finance","Property-Casualty Insurers","https://www.nasdaq.com/symbol/pra",
"PG","Procter & Gamble Company (The)","111.72","$280.23B","n/a","Basic Industries","Package Goods/Cosmetics","https://www.nasdaq.com/symbol/pg",
"PGR","Progressive Corporation (The)","79.56","$46.46B","n/a","Finance","Property-Casualty Insurers","https://www.nasdaq.com/symbol/pgr",
"PLD","Prologis, Inc.","79.78","$50.32B","n/a","Consumer Services","Real Estate Investment Trusts","https://www.nasdaq.com/symbol/pld",
"PUMP","ProPetro Holding Corp.","18.45","$1.85B","2017","Energy","Oilfield Services/Equipment","https://www.nasdaq.com/symbol/pump",
"PRO","PROS Holdings, Inc.","62.12","$2.35B","2007","Technology","EDP Services","https://www.nasdaq.com/symbol/pro",
"PBB","Prospect Capital Corporation","25.42","n/a","2015","n/a","n/a","https://www.nasdaq.com/symbol/pbb",
"PBC","Prospect Capital Corporation","25.7","n/a","2018","n/a","n/a","https://www.nasdaq.com/symbol/pbc",
"PBY","Prospect Capital Corporation","25.66","$1.29B","2018","n/a","n/a","https://www.nasdaq.com/symbol/pby",
"PB","Prosperity Bancshares, Inc.","63.77","$4.46B","n/a","Finance","Major Banks","https://www.nasdaq.com/symbol/pb",
"PRLB","Proto Labs, Inc.","107.04","$2.87B","2012","Capital Goods","Metal Fabrications","https://www.nasdaq.com/symbol/prlb",
"PFS","Provident Financial Services, Inc","23.69","$1.58B","2003","Finance","Savings Institutions","https://www.nasdaq.com/symbol/pfs",
"PJH","Prudential Financial, Inc.","25.81","n/a","n/a","Finance","Life Insurance","https://www.nasdaq.com/symbol/pjh",
"PRH","Prudential Financial, Inc.","25.62","n/a","n/a","Finance","Life Insurance","https://www.nasdaq.com/symbol/prh",
"PRS","Prudential Financial, Inc.","26.57","$578.86M","2018","Finance","Life Insurance","https://www.nasdaq.com/symbol/prs",
"PRU","Prudential Financial, Inc.","98.27","$39.9B","2001","Finance","Life Insurance","https://www.nasdaq.com/symbol/pru",
"PUK","Prudential Public Limited Company","42.68","$55.48B","n/a","Finance","Life Insurance","https://www.nasdaq.com/symbol/puk",
"PUK^","Prudential Public Limited Company","26.76","n/a","n/a","n/a","n/a","https://www.nasdaq.com/symbol/puk^",
"PUK^A","Prudential Public Limited Company","27.29","n/a","n/a","n/a","n/a","https://www.nasdaq.com/symbol/puk^a",
"PSB","PS Business Parks, Inc.","173.98","$4.77B","n/a","Consumer Services","Real Estate Investment Trusts","https://www.nasdaq.com/symbol/psb",
"PSB^U","PS Business Parks, Inc.","25.57","n/a","n/a","n/a","n/a","https://www.nasdaq.com/symbol/psb^u",
"PSB^V","PS Business Parks, Inc.","25.39","n/a","n/a","n/a","n/a","https://www.nasdaq.com/symbol/psb^v",
"PSB^W","PS Business Parks, Inc.","24.87","n/a","n/a","n/a","n/a","https://www.nasdaq.com/symbol/psb^w",
"PSB^X","PS Business Parks, Inc.","25.34","n/a","n/a","n/a","n/a","https://www.nasdaq.com/symbol/psb^x",
"PSB^Y","PS Business Parks, Inc.","24.85","n/a","n/a","n/a","n/a","https://www.nasdaq.com/symbol/psb^y",
"TLK","PT Telekomunikasi Indonesia, Tbk","28.32","$28.05B","n/a","Public Utilities","Telecommunications Equipment","https://www.nasdaq.com/symbol/tlk",
"PEG","Public Service Enterprise Group Incorporated","60.14","$30.4B","n/a","Public Utilities","Power Generation","https://www.nasdaq.com/symbol/peg",
"PSA","Public Storage","238.42","$41.61B","n/a","Consumer Services","Real Estate Investment Trusts","https://www.nasdaq.com/symbol/psa",
"PSA^A","Public Storage","25.8923","n/a","n/a","n/a","n/a","https://www.nasdaq.com/symbol/psa^a",
"PSA^B","Public Storage","25.79","n/a","n/a","Consumer Services","Real Estate Investment Trusts","https://www.nasdaq.com/symbol/psa^b",
"PSA^C","Public Storage","25.0999","n/a","n/a","Consumer Services","Real Estate Investment Trusts","https://www.nasdaq.com/symbol/psa^c",
"PSA^D","Public Storage","24.89","n/a","n/a","Consumer Services","Real Estate Investment Trusts","https://www.nasdaq.com/symbol/psa^d",
"PSA^E","Public Storage","24.9465","n/a","n/a","Consumer Services","Real Estate Investment Trusts","https://www.nasdaq.com/symbol/psa^e",
"PSA^F","Public Storage","25.27","n/a","n/a","Consumer Services","Real Estate Investment Trusts","https://www.nasdaq.com/symbol/psa^f",
"PSA^G","Public Storage","25.07","n/a","n/a","n/a","n/a","https://www.nasdaq.com/symbol/psa^g",
"PSA^H","Public Storage","25.95","n/a","n/a","n/a","n/a","https://www.nasdaq.com/symbol/psa^h",
"PSA^U","Public Storage","25.5567","n/a","n/a","Consumer Services","Real Estate Investment Trusts","https://www.nasdaq.com/symbol/psa^u",
"PSA^V","Public Storage","25.25","n/a","n/a","Consumer Services","Real Estate Investment Trusts","https://www.nasdaq.com/symbol/psa^v",
"PSA^W","Public Storage","25.11","n/a","n/a","n/a","n/a","https://www.nasdaq.com/symbol/psa^w",
"PSA^X","Public Storage","25.26","n/a","n/a","n/a","n/a","https://www.nasdaq.com/symbol/psa^x",
"PSA^Z.CL","Public Storage","n/a","n/a","n/a","n/a","n/a","https://www.nasdaq.com/symbol/psa^z.cl",
"PHM","PulteGroup, Inc.","31.38","$8.7B","n/a","Capital Goods","Homebuilding","https://www.nasdaq.com/symbol/phm",
"PSTG","Pure Storage, Inc. ","15.73","$3.98B","2015","Technology","Electronic Components","https://www.nasdaq.com/symbol/pstg",
"PMM","Putnam Managed Municipal Income Trust","7.63","$384.61M","1989","n/a","n/a","https://www.nasdaq.com/symbol/pmm",
"PIM","Putnam Master Intermediate Income Trust","4.57","$236.71M","1988","n/a","n/a","https://www.nasdaq.com/symbol/pim",
"PMO","Putnam Municipal Opportunities Trust","12.63","$435.91M","1993","n/a","n/a","https://www.nasdaq.com/symbol/pmo",
"PPT","Putnam Premier Income Trust","5.15","$531.6M","1988","n/a","n/a","https://www.nasdaq.com/symbol/ppt",
"NEW","Puxin Limited","6.01","$495.95M","2018","Consumer Services","Other Consumer Services","https://www.nasdaq.com/symbol/new",
"PVH","PVH Corp.","91.29","$6.84B","n/a","Consumer Non-Durables","Apparel","https://www.nasdaq.com/symbol/pvh",
"PYX","Pyxus International, Inc.","17.04","$154.99M","n/a","Consumer Services","Farming/Seeds/Milling","https://www.nasdaq.com/symbol/pyx",
"PZN","Pzena Investment Management Inc","8.26","$578.81M","2007","Finance","Investment Managers","https://www.nasdaq.com/symbol/pzn",
"QTWO","Q2 Holdings, Inc.","74.37","$3.5B","2014","Technology","Computer Software: Prepackaged Software","https://www.nasdaq.com/symbol/qtwo",
"QEP","QEP Resources, Inc.","6.13","$1.46B","n/a","Energy","Oil & Gas Production","https://www.nasdaq.com/symbol/qep",
"QGEN","Qiagen N.V.","40.37","$9.16B","n/a","Health Care","Biotechnology: Biological Products (No Diagnostic Substances)","https://www.nasdaq.com/symbol/qgen",
"QTS","QTS Realty Trust, Inc.","45.63","$2.53B","2013","Consumer Services","Real Estate Investment Trusts","https://www.nasdaq.com/symbol/qts",
"QTS^A","QTS Realty Trust, Inc.","25.975","n/a","n/a","n/a","n/a","https://www.nasdaq.com/symbol/qts^a",
"QTS^B","QTS Realty Trust, Inc.","111.52","n/a","n/a","n/a","n/a","https://www.nasdaq.com/symbol/qts^b",
"QUAD","Quad Graphics, Inc","7.56","$287.13M","n/a","Miscellaneous","Publishing","https://www.nasdaq.com/symbol/quad",
"KWR","Quaker Chemical Corporation","195.67","$2.61B","n/a","Basic Industries","Major Chemicals","https://www.nasdaq.com/symbol/kwr",
"NX","Quanex Building Products Corporation","17.93","$593.87M","n/a","Capital Goods","Metal Fabrications","https://www.nasdaq.com/symbol/nx",
"PWR","Quanta Services, Inc.","38","$5.4B","n/a","Capital Goods","Engineering & Construction","https://www.nasdaq.com/symbol/pwr",
"QD","Qudian Inc.","8.46","$2.52B","2017","Finance","Finance: Consumer Services","https://www.nasdaq.com/symbol/qd",
"DGX","Quest Diagnostics Incorporated","101.03","$13.58B","n/a","Health Care","Medical Specialities","https://www.nasdaq.com/symbol/dgx",
"QES","Quintana Energy Services Inc.","1.86","$62.91M","2018","Energy","Oilfield Services/Equipment","https://www.nasdaq.com/symbol/qes",
"QHC","Quorum Health Corporation","1.31","$40.93M","2016","Health Care","Hospital/Nursing Management","https://www.nasdaq.com/symbol/qhc",
"QUOT","Quotient Technology Inc.","10.43","$976.84M","2014","Consumer Services","Advertising","https://www.nasdaq.com/symbol/quot",
"QVCD","QVC, Inc.","24.92","n/a","2018","Consumer Services","Catalog/Specialty Distribution","https://www.nasdaq.com/symbol/qvcd",
"CTAA","Qwest Corporation","25.44","n/a","2016","Public Utilities","Telecommunications Equipment","https://www.nasdaq.com/symbol/ctaa",
"CTBB","Qwest Corporation","23.09","n/a","2016","Public Utilities","Telecommunications Equipment","https://www.nasdaq.com/symbol/ctbb",
"CTDD","Qwest Corporation","24.18","n/a","2017","Public Utilities","Telecommunications Equipment","https://www.nasdaq.com/symbol/ctdd",
"CTV","Qwest Corporation","25.53","n/a","2014","Public Utilities","Telecommunications Equipment","https://www.nasdaq.com/symbol/ctv",
"CTY","Qwest Corporation","22.62","n/a","2013","Public Utilities","Telecommunications Equipment","https://www.nasdaq.com/symbol/cty",
"CTZ","Qwest Corporation","24.64","n/a","n/a","Public Utilities","Telecommunications Equipment","https://www.nasdaq.com/symbol/ctz",
"RRD","R.R. Donnelley & Sons Company","2.05","$145.14M","n/a","Miscellaneous","Publishing","https://www.nasdaq.com/symbol/rrd",
"RMED","Ra Medical Systems, Inc.","3.45","$44.6M","2018","Health Care","Medical/Dental Instruments","https://www.nasdaq.com/symbol/rmed",
"RDN","Radian Group Inc.","22.33","$4.65B","n/a","Finance","Property-Casualty Insurers","https://www.nasdaq.com/symbol/rdn",
"RL","Ralph Lauren Corporation","113.68","$8.79B","1997","Consumer Non-Durables","Apparel","https://www.nasdaq.com/symbol/rl",
"RRC","Range Resources Corporation","6.76","$1.7B","n/a","Energy","Oil & Gas Production","https://www.nasdaq.com/symbol/rrc",
"RNGR","Ranger Energy Services, Inc.","7.1","$109.44M","2017","Energy","Oilfield Services/Equipment","https://www.nasdaq.com/symbol/rngr",
"PACK","Ranpak Holdings Corp","8.73","$470.28M","2018","Capital Goods","Containers/Packaging","https://www.nasdaq.com/symbol/pack",
"PACK.WS","Ranpak Holdings Corp","n/a","n/a","n/a","n/a","n/a","https://www.nasdaq.com/symbol/pack.ws",
"RJF","Raymond James Financial, Inc.","80.15","$11.29B","n/a","Finance","Investment Bankers/Brokers/Service","https://www.nasdaq.com/symbol/rjf",
"RYAM","Rayonier Advanced Materials Inc.","6.09","$303.28M","2014","Basic Industries","Major Chemicals","https://www.nasdaq.com/symbol/ryam",
"RYAM^A","Rayonier Advanced Materials Inc.","48.97","n/a","n/a","n/a","n/a","https://www.nasdaq.com/symbol/ryam^a",
"RYN","Rayonier Inc.","30.02","$3.89B","n/a","Consumer Services","Real Estate Investment Trusts","https://www.nasdaq.com/symbol/ryn",
"RTN","Raytheon Company","179.77","$50.07B","n/a","Capital Goods","Industrial Machinery/Components","https://www.nasdaq.com/symbol/rtn",
"RMAX","RE/MAX Holdings, Inc.","28.72","$511.44M","2013","Finance","Real Estate","https://www.nasdaq.com/symbol/rmax",
"RC","Ready Capital Corporation","15.12","$674.23M","2013","Consumer Services","Real Estate Investment Trusts","https://www.nasdaq.com/symbol/rc",
"RCA","Ready Capital Corporation","26.46","n/a","2017","Consumer Services","Real Estate Investment Trusts","https://www.nasdaq.com/symbol/rca",
"RCP","Ready Capital Corporation","25.9118","n/a","2018","Consumer Services","Real Estate Investment Trusts","https://www.nasdaq.com/symbol/rcp",
"RLGY","Realogy Holdings Corp.","6.84","$781.22M","2012","Finance","Real Estate","https://www.nasdaq.com/symbol/rlgy",
"O","Realty Income Corporation","70.41","$22.28B","n/a","Consumer Services","Real Estate Investment Trusts","https://www.nasdaq.com/symbol/o",
"RHT","Red Hat, Inc.","187.53","$33.33B","n/a","Technology","Computer Software: Programming, Data Processing","https://www.nasdaq.com/symbol/rht",
"RLH","Red Lion Hotels Corporation","6.9","$170.58M","n/a","Consumer Services","Hotels/Resorts","https://www.nasdaq.com/symbol/rlh",
"RWT","Redwood Trust, Inc.","16.18","$1.57B","1995","Consumer Services","Real Estate Investment Trusts","https://www.nasdaq.com/symbol/rwt",
"RBC","Regal Beloit Corporation","79.95","$3.42B","n/a","Consumer Durables","Metal Fabrications","https://www.nasdaq.com/symbol/rbc",
"RWGE","Regalwood Global Energy Ltd.","10.25","$384.38M","2018","Finance","Business Services","https://www.nasdaq.com/symbol/rwge",
"RWGE.U","Regalwood Global Energy Ltd.","n/a","n/a","2017","n/a","n/a","https://www.nasdaq.com/symbol/rwge.u",
"RWGE.WS","Regalwood Global Energy Ltd.","n/a","n/a","n/a","n/a","n/a","https://www.nasdaq.com/symbol/rwge.ws",
"RM","Regional Management Corp.","24.45","$292.14M","2012","Finance","Finance: Consumer Services","https://www.nasdaq.com/symbol/rm",
"RF","Regions Financial Corporation","14.39","$14.58B","n/a","Finance","Major Banks","https://www.nasdaq.com/symbol/rf",
"RF^A","Regions Financial Corporation","25.547","n/a","n/a","n/a","n/a","https://www.nasdaq.com/symbol/rf^a",
"RF^B","Regions Financial Corporation","27.85","n/a","n/a","n/a","n/a","https://www.nasdaq.com/symbol/rf^b",
"RF^C","Regions Financial Corporation","25.77","n/a","n/a","n/a","n/a","https://www.nasdaq.com/symbol/rf^c",
"RGS","Regis Corporation","16.19","$636.7M","1991","Consumer Services","Other Consumer Services","https://www.nasdaq.com/symbol/rgs",
"RGA","Reinsurance Group of America, Incorporated","151.62","$9.48B","n/a","Finance","Life Insurance","https://www.nasdaq.com/symbol/rga",
"RZA","Reinsurance Group of America, Incorporated","26.94","n/a","n/a","Finance","Life Insurance","https://www.nasdaq.com/symbol/rza",
"RZB","Reinsurance Group of America, Incorporated","27.13","n/a","2016","Finance","Life Insurance","https://www.nasdaq.com/symbol/rzb",
"RS","Reliance Steel & Aluminum Co.","89.71","$6.03B","1994","Basic Industries","Metal Fabrications","https://www.nasdaq.com/symbol/rs",
"RELX","RELX PLC","24.65","$48.02B","2015","Consumer Services","Publishing","https://www.nasdaq.com/symbol/relx",
"RNR","RenaissanceRe Holdings Ltd.","180","$7.95B","n/a","Finance","Property-Casualty Insurers","https://www.nasdaq.com/symbol/rnr",
"RNR^C","RenaissanceRe Holdings Ltd.","26.08","n/a","n/a","n/a","n/a","https://www.nasdaq.com/symbol/rnr^c",
"RNR^E","RenaissanceRe Holdings Ltd.","25.18","n/a","n/a","n/a","n/a","https://www.nasdaq.com/symbol/rnr^e",
"RNR^F","RenaissanceRe Holdings Ltd.","25.69","n/a","n/a","n/a","n/a","https://www.nasdaq.com/symbol/rnr^f",
"SOL","Renesola Ltd.","1.27","$48.36M","2008","Technology","Semiconductors","https://www.nasdaq.com/symbol/sol",
"RENN","Renren Inc.","0.9395","$65.3M","2011","Technology","EDP Services","https://www.nasdaq.com/symbol/renn",
"RPLA","Replay Acquisition Corp.","9.77","$351.11M","2019","Finance","Business Services","https://www.nasdaq.com/symbol/rpla",
"RPLA.U","Replay Acquisition Corp.","n/a","n/a","2019","n/a","n/a","https://www.nasdaq.com/symbol/rpla.u",
"RPLA.WS","Replay Acquisition Corp.","n/a","n/a","n/a","n/a","n/a","https://www.nasdaq.com/symbol/rpla.ws",
"RSG","Republic Services, Inc.","86.85","$27.93B","1998","Public Utilities","Environmental Services","https://www.nasdaq.com/symbol/rsg",
"REZI","Resideo Technologies, Inc.","20.58","$2.53B","2018","Capital Goods","Wholesale Distributors","https://www.nasdaq.com/symbol/rezi",
"RMD","ResMed Inc.","119.89","$17.19B","n/a","Health Care","Medical/Dental Instruments","https://www.nasdaq.com/symbol/rmd",
"RFP","Resolute Forest Products Inc.","6.22","$567.45M","n/a","Basic Industries","Paper","https://www.nasdaq.com/symbol/rfp",
"QSR","Restaurant Brands International Inc.","69.6","$17.67B","2014","Consumer Services","Restaurants","https://www.nasdaq.com/symbol/qsr",
"RPAI","Retail Properties of America, Inc.","11.68","$2.49B","2012","Consumer Services","Real Estate Investment Trusts","https://www.nasdaq.com/symbol/rpai",
"RVI","Retail Value Inc.","34.11","$649.56M","2018","Finance","Real Estate","https://www.nasdaq.com/symbol/rvi",
"REVG","REV Group, Inc.","13.42","$837.37M","2017","Capital Goods","Auto Manufacturing","https://www.nasdaq.com/symbol/revg",
"REV","Revlon, Inc.","20.33","$1.08B","1996","Consumer Non-Durables","Package Goods/Cosmetics","https://www.nasdaq.com/symbol/rev",
"RVLV","Revolve Group, Inc.","35.1","n/a","2019","Consumer Services","Catalog/Specialty Distribution","https://www.nasdaq.com/symbol/rvlv",
"REX","REX American Resources Corporation","67.99","$426.6M","n/a","Basic Industries","Major Chemicals","https://www.nasdaq.com/symbol/rex",
"REXR","Rexford Industrial Realty, Inc.","40.47","$4.21B","2013","Consumer Services","Real Estate Investment Trusts","https://www.nasdaq.com/symbol/rexr",
"REXR^A","Rexford Industrial Realty, Inc.","25.89","n/a","n/a","n/a","n/a","https://www.nasdaq.com/symbol/rexr^a",
"REXR^B","Rexford Industrial Realty, Inc.","25.57","n/a","n/a","n/a","n/a","https://www.nasdaq.com/symbol/rexr^b",
"RXN","Rexnord Corporation","28.78","$3.03B","2012","Technology","Industrial Machinery/Components","https://www.nasdaq.com/symbol/rxn",
"RXN^A","Rexnord Corporation","58.93","n/a","n/a","n/a","n/a","https://www.nasdaq.com/symbol/rxn^a",
"RH","RH","110.88","$2.04B","2012","Consumer Services","Other Specialty Stores","https://www.nasdaq.com/symbol/rh",
"RNG","Ringcentral, Inc.","111.16","$9.11B","2013","Technology","EDP Services","https://www.nasdaq.com/symbol/rng",
"RIO","Rio Tinto Plc","60.99","$103.31B","2002","Basic Industries","Precious Metals","https://www.nasdaq.com/symbol/rio",
"RBA","Ritchie Bros. Auctioneers Incorporated","33.79","$3.67B","n/a","Miscellaneous","Business Services","https://www.nasdaq.com/symbol/rba",
"RAD","Rite Aid Corporation","6.85","$368.73M","n/a","Health Care","Medical/Nursing Services","https://www.nasdaq.com/symbol/rad",
"RMPL^","RiverNorth Marketplace Lending Corporation","25.6933","n/a","n/a","n/a","n/a","https://www.nasdaq.com/symbol/rmpl^",
"RSF","RiverNorth Marketplace Lending Corporation","20.25","$168.29M","2019","n/a","n/a","https://www.nasdaq.com/symbol/rsf",
"RMI","RiverNorth Opportunistic Municipal Income Fund, Inc.","21.26","$1.26B","2018","n/a","n/a","https://www.nasdaq.com/symbol/rmi",
"RIV","RiverNorth Opportunities Fund, Inc.","16.97","$121.56M","2015","n/a","n/a","https://www.nasdaq.com/symbol/riv",
"OPP","RiverNorth/DoubleLine Strategic Opportunity Fund, Inc.","17.12","$188.56M","2016","n/a","n/a","https://www.nasdaq.com/symbol/opp",
"RLI","RLI Corp.","87.23","$3.89B","n/a","Finance","Property-Casualty Insurers","https://www.nasdaq.com/symbol/rli",
"RLJ","RLJ Lodging Trust","17.38","$3.02B","2011","Consumer Services","Real Estate Investment Trusts","https://www.nasdaq.com/symbol/rlj",
"RLJ^A","RLJ Lodging Trust","26.86","n/a","n/a","n/a","n/a","https://www.nasdaq.com/symbol/rlj^a",
"RMG","RMG Acquisition Corp.","9.76","$280.6M","2019","Finance","Business Services","https://www.nasdaq.com/symbol/rmg",
"RMG.U","RMG Acquisition Corp.","n/a","n/a","2019","n/a","n/a","https://www.nasdaq.com/symbol/rmg.u",
"RMG.WS","RMG Acquisition Corp.","n/a","n/a","n/a","n/a","n/a","https://www.nasdaq.com/symbol/rmg.ws",
"RRTS","Roadrunner Transportation Systems, Inc.","8.96","$336.62M","2010","Transportation","Oil Refining/Marketing","https://www.nasdaq.com/symbol/rrts",
"ROAN","Roan Resources, Inc.","1.52","$231.86M","2018","Energy","Oil & Gas Production","https://www.nasdaq.com/symbol/roan",
"RHI","Robert Half International Inc.","55.47","$6.58B","n/a","Technology","Professional Services","https://www.nasdaq.com/symbol/rhi",
"ROK","Rockwell Automation, Inc.","161.16","$19.08B","n/a","Capital Goods","Industrial Machinery/Components","https://www.nasdaq.com/symbol/rok",
"RCI","Rogers Communication, Inc.","52.72","$21.16B","n/a","Consumer Services","Television Services","https://www.nasdaq.com/symbol/rci",
"ROG","Rogers Corporation","156.1","$2.9B","n/a","Basic Industries","Major Chemicals","https://www.nasdaq.com/symbol/rog",
"ROL","Rollins, Inc.","36.64","$12B","n/a","Finance","Diversified Commercial Services","https://www.nasdaq.com/symbol/rol",
"ROP","Roper Technologies, Inc.","363.79","$37.78B","1992","Capital Goods","Industrial Machinery/Components","https://www.nasdaq.com/symbol/rop",
"RST","Rosetta Stone","22.27","$530.48M","2009","Technology","Computer Software: Prepackaged Software","https://www.nasdaq.com/symbol/rst",
"RY","Royal Bank Of Canada","79.12","$113.61B","n/a","Finance","Commercial Banks","https://www.nasdaq.com/symbol/ry",
"RY^T","Royal Bank Of Canada","30.1201","n/a","n/a","n/a","n/a","https://www.nasdaq.com/symbol/ry^t",
"RBS","Royal Bank Scotland plc (The)","5.54","$33.49B","n/a","Finance","Commercial Banks","https://www.nasdaq.com/symbol/rbs",
"RCL","Royal Caribbean Cruises Ltd.","116.04","$24.33B","1993","Consumer Services","Marine Transportation","https://www.nasdaq.com/symbol/rcl",
"RDS.A","Royal Dutch Shell PLC","n/a","n/a","n/a","n/a","n/a","https://www.nasdaq.com/symbol/rds.a",
"RDS.B","Royal Dutch Shell PLC","n/a","n/a","n/a","n/a","n/a","https://www.nasdaq.com/symbol/rds.b",
"RGT","Royce Global Value Trust, Inc.","10.38","$108.8M","2013","n/a","n/a","https://www.nasdaq.com/symbol/rgt",
"RMT","Royce Micro-Cap Trust, Inc.","8.01","$324.41M","n/a","n/a","n/a","https://www.nasdaq.com/symbol/rmt",
"RVT","Royce Value Trust, Inc.","13.47","$1.28B","1986","n/a","n/a","https://www.nasdaq.com/symbol/rvt",
"RES","RPC, Inc.","7.11","$1.53B","n/a","Energy","Oilfield Services/Equipment","https://www.nasdaq.com/symbol/res",
"RPM","RPM International Inc.","59.8","$7.84B","n/a","Basic Industries","Paints/Coatings","https://www.nasdaq.com/symbol/rpm",
"RPT","RPT Realty","12.3","$988.34M","n/a","Consumer Services","Real Estate Investment Trusts","https://www.nasdaq.com/symbol/rpt",
"RPT^D","RPT Realty","51.85","n/a","n/a","n/a","n/a","https://www.nasdaq.com/symbol/rpt^d",
"RTW","RTW Retailwinds, Inc.","1.67","$108.37M","n/a","Consumer Services","Clothing/Shoe/Accessory Stores","https://www.nasdaq.com/symbol/rtw",
"RTEC","Rudolph Technologies, Inc.","27.45","$878.1M","1999","Capital Goods","Industrial Machinery/Components","https://www.nasdaq.com/symbol/rtec",
"RYB","RYB Education, Inc.","6.75","$193.12M","2017","Consumer Services","Other Consumer Services","https://www.nasdaq.com/symbol/ryb",
"R","Ryder System, Inc.","54.22","$2.89B","n/a","Consumer Services","Rental/Leasing Companies","https://www.nasdaq.com/symbol/r",
"RYI","Ryerson Holding Corporation","7.48","$282.62M","2014","Basic Industries","Metal Fabrications","https://www.nasdaq.com/symbol/ryi",
"RHP","Ryman Hospitality Properties, Inc.","78.58","$4.04B","n/a","Consumer Services","Real Estate Investment Trusts","https://www.nasdaq.com/symbol/rhp",
"SPGI","S&P Global Inc.","227.98","$56.13B","n/a","Finance","Finance: Consumer Services","https://www.nasdaq.com/symbol/spgi",
"SBR","Sabine Royalty Trust","47.73","$695.87M","n/a","Energy","Oil & Gas Production","https://www.nasdaq.com/symbol/sbr",
"SB","Safe Bulkers, Inc","1.46","$147.83M","2008","Transportation","Marine Transportation","https://www.nasdaq.com/symbol/sb",
"SB^C","Safe Bulkers, Inc","20.6","n/a","n/a","n/a","n/a","https://www.nasdaq.com/symbol/sb^c",
"SB^D","Safe Bulkers, Inc","20.7063","n/a","n/a","n/a","n/a","https://www.nasdaq.com/symbol/sb^d",
"SFE","Safeguard Scientifics, Inc.","12.02","$247.33M","n/a","Finance","Finance/Investors Services","https://www.nasdaq.com/symbol/sfe",
"SAFE","Safehold Inc.","28.44","$876.58M","2017","Consumer Services","Real Estate","https://www.nasdaq.com/symbol/safe",
"SAIL","SailPoint Technologies Holdings, Inc.","19.9","$1.76B","2017","Technology","Computer Software: Prepackaged Software","https://www.nasdaq.com/symbol/sail",
"CRM","Salesforce.com Inc","149.34","$115.97B","2004","Technology","Computer Software: Prepackaged Software","https://www.nasdaq.com/symbol/crm",
"SMM","Salient Midstream & MLP Fund","8.42","$149.22M","2012","n/a","n/a","https://www.nasdaq.com/symbol/smm",
"SBH","Sally Beauty Holdings, Inc.","12.57","$1.52B","n/a","Consumer Services","Other Specialty Stores","https://www.nasdaq.com/symbol/sbh",
"SJT","San Juan Basin Royalty Trust","3.6","$167.79M","n/a","Energy","Oil & Gas Production","https://www.nasdaq.com/symbol/sjt",
"SD","SandRidge Energy, Inc.","6.14","$219.11M","2016","Energy","Oil & Gas Production","https://www.nasdaq.com/symbol/sd",
"SDT","SandRidge Mississippian Trust I","0.6301","$17.64M","2011","Energy","Oil & Gas Production","https://www.nasdaq.com/symbol/sdt",
"SDR","SandRidge Mississippian Trust II","0.6541","$32.53M","2012","Energy","Oil & Gas Production","https://www.nasdaq.com/symbol/sdr",
"PER","SandRidge Permian Trust","1.82","$95.55M","2011","Energy","Oil & Gas Production","https://www.nasdaq.com/symbol/per",
"SC","Santander Consumer USA Holdings Inc.","23.37","$8.22B","2014","Finance","Finance: Consumer Services","https://www.nasdaq.com/symbol/sc",
"SAP","SAP SE","133.01","$158.77B","n/a","Technology","Computer Software: Prepackaged Software","https://www.nasdaq.com/symbol/sap",
"SAB","Saratoga Investment Corp","25.4277","n/a","2016","n/a","n/a","https://www.nasdaq.com/symbol/sab",
"SAF","Saratoga Investment Corp","25.5187","n/a","2018","n/a","n/a","https://www.nasdaq.com/symbol/saf",
"SAR","Saratoga Investment Corp","23.86","$185.27M","n/a","n/a","n/a","https://www.nasdaq.com/symbol/sar",
"SSL","Sasol Ltd.","24.49","$15.45B","n/a","Energy","Oil & Gas Production","https://www.nasdaq.com/symbol/ssl",
"BFS","Saul Centers, Inc.","53.81","$1.23B","1993","Consumer Services","Real Estate Investment Trusts","https://www.nasdaq.com/symbol/bfs",
"BFS^C","Saul Centers, Inc.","26.68","n/a","n/a","n/a","n/a","https://www.nasdaq.com/symbol/bfs^c",
"BFS^D","Saul Centers, Inc.","25","n/a","n/a","n/a","n/a","https://www.nasdaq.com/symbol/bfs^d",
"SLB","Schlumberger N.V.","38.58","$53.44B","n/a","Energy","Oilfield Services/Equipment","https://www.nasdaq.com/symbol/slb",
"SNDR","Schneider National, Inc.","17.12","$1.61B","2017","Transportation","Trucking Freight/Courier Services","https://www.nasdaq.com/symbol/sndr",
"SWM","Schweitzer-Mauduit International, Inc.","31.54","$974.34M","n/a","Basic Industries","Paper","https://www.nasdaq.com/symbol/swm",
"SAIC","SCIENCE APPLICATIONS INTERNATIONAL CORPORATION","85.68","$5.06B","n/a","Technology","EDP Services","https://www.nasdaq.com/symbol/saic",
"SALT","Scorpio Bulkers Inc.","4.32","$307.66M","2013","Transportation","Marine Transportation","https://www.nasdaq.com/symbol/salt",
"SLTB","Scorpio Bulkers Inc.","25.21","n/a","2014","Transportation","Marine Transportation","https://www.nasdaq.com/symbol/sltb",
"SBNA","Scorpio Tankers Inc.","25.4131","n/a","2014","Transportation","Marine Transportation","https://www.nasdaq.com/symbol/sbna",
"STNG","Scorpio Tankers Inc.","26.49","$1.36B","2010","Transportation","Marine Transportation","https://www.nasdaq.com/symbol/stng",
"SMG","Scotts Miracle-Gro Company (The)","98.01","$5.44B","1992","Basic Industries","Agricultural Chemicals","https://www.nasdaq.com/symbol/smg",
"KTF","Scudder Municiple Income Trust","11.2","$442.41M","1988","n/a","n/a","https://www.nasdaq.com/symbol/ktf",
"KSM","Scudder Strategic Municiple Income Trust","11.7607","$131.77M","1989","n/a","n/a","https://www.nasdaq.com/symbol/ksm",
"SRL","Scully Royalty Ltd.","14.51","$181.88M","n/a","n/a","n/a","https://www.nasdaq.com/symbol/srl",
"SE","Sea Limited","33.42","$13.82B","2017","Consumer Services","Other Consumer Services","https://www.nasdaq.com/symbol/se",
"SA","Seabridge Gold, Inc.","13.68","$845.71M","n/a","Basic Industries","Precious Metals","https://www.nasdaq.com/symbol/sa",
"CKH","SEACOR Holdings, Inc.","45.4","$841.24M","n/a","Transportation","Marine Transportation","https://www.nasdaq.com/symbol/ckh",
"SMHI","SEACOR Marine Holdings Inc.","13.9","$295.94M","2017","Transportation","Marine Transportation","https://www.nasdaq.com/symbol/smhi",
"SDRL","Seadrill Limited","3.55","$355M","2018","Energy","Oil & Gas Production","https://www.nasdaq.com/symbol/sdrl",
"SDLP","Seadrill Partners LLC","0.3628","$33.31M","2012","Energy","Oil & Gas Production","https://www.nasdaq.com/symbol/sdlp",
"SEE","Sealed Air Corporation","42.09","$6.55B","n/a","Basic Industries","Major Chemicals","https://www.nasdaq.com/symbol/see",
"SSW","Seaspan Corporation","9.48","$2.04B","2005","Transportation","Marine Transportation","https://www.nasdaq.com/symbol/ssw",
"SSW^D","Seaspan Corporation","24.675","n/a","n/a","n/a","n/a","https://www.nasdaq.com/symbol/ssw^d",
"SSW^E","Seaspan Corporation","25.03","n/a","n/a","n/a","n/a","https://www.nasdaq.com/symbol/ssw^e",
"SSW^G","Seaspan Corporation","25.11","n/a","n/a","n/a","n/a","https://www.nasdaq.com/symbol/ssw^g",
"SSW^H","Seaspan Corporation","24.88","n/a","n/a","n/a","n/a","https://www.nasdaq.com/symbol/ssw^h",
"SSW^I","Seaspan Corporation","24.92","n/a","n/a","n/a","n/a","https://www.nasdaq.com/symbol/ssw^i",
"SSWA","Seaspan Corporation","25.71","n/a","2017","Transportation","Marine Transportation","https://www.nasdaq.com/symbol/sswa",
"SEAS","SeaWorld Entertainment, Inc.","30.1","$2.37B","2013","Consumer Services","Services-Misc. Amusement & Recreation","https://www.nasdaq.com/symbol/seas",
"JBN","Select Asset Inc.","6.51","n/a","n/a","Finance","Finance: Consumer Services","https://www.nasdaq.com/symbol/jbn",
"JBR","Select Asset Inc.","6.35","n/a","n/a","Finance","Finance: Consumer Services","https://www.nasdaq.com/symbol/jbr",
"WTTR","Select Energy Services, Inc.","11.73","$1.24B","2017","Energy","Oilfield Services/Equipment","https://www.nasdaq.com/symbol/wttr",
"SEM","Select Medical Holdings Corporation","15.56","$2.11B","2009","Health Care","Hospital/Nursing Management","https://www.nasdaq.com/symbol/sem",
"SEMG","Semgroup Corporation","11.06","$879.77M","n/a","Energy","Oilfield Services/Equipment","https://www.nasdaq.com/symbol/semg",
"SRE","Sempra Energy","140.47","$38.55B","n/a","Public Utilities","Natural Gas Distribution","https://www.nasdaq.com/symbol/sre",
"SRE^A","Sempra Energy","114.88","n/a","n/a","Public Utilities","Natural Gas Distribution","https://www.nasdaq.com/symbol/sre^a",
"SRE^B","Sempra Energy","115.02","n/a","n/a","n/a","n/a","https://www.nasdaq.com/symbol/sre^b",
"ST","Sensata Technologies Holding plc","47.88","$7.74B","2010","Capital Goods","Industrial Machinery/Components","https://www.nasdaq.com/symbol/st",
"SXT","Sensient Technologies Corporation","73.09","$3.09B","n/a","Basic Industries","Major Chemicals","https://www.nasdaq.com/symbol/sxt",
"SQNS","Sequans Communications S.A.","0.8789","$83.31M","2011","Technology","Semiconductors","https://www.nasdaq.com/symbol/sqns",
"SRG","Seritage Growth Properties","42.79","$1.53B","2015","Finance","Real Estate","https://www.nasdaq.com/symbol/srg",
"SRG^A","Seritage Growth Properties","24.742","n/a","n/a","n/a","n/a","https://www.nasdaq.com/symbol/srg^a",
"SCI","Service Corporation International","46.1","$8.4B","n/a","Consumer Services","Other Consumer Services","https://www.nasdaq.com/symbol/sci",
"SERV","ServiceMaster Global Holdings, Inc.","52.99","$7.2B","2014","Consumer Services","Other Consumer Services","https://www.nasdaq.com/symbol/serv",
"NOW","ServiceNow, Inc.","275.36","$51.08B","2012","Technology","Computer Software: Prepackaged Software","https://www.nasdaq.com/symbol/now",
"SHAK","Shake Shack, Inc.","66.8","$2.48B","2015","Consumer Services","Restaurants","https://www.nasdaq.com/symbol/shak",
"SJR","Shaw Communications Inc.","20.39","$10.02B","n/a","Consumer Services","Television Services","https://www.nasdaq.com/symbol/sjr",
"SHLX","Shell Midstream Partners, L.P.","19.91","$4.64B","2014","Energy","Natural Gas Distribution","https://www.nasdaq.com/symbol/shlx",
"SHW","Sherwin-Williams Company (The)","463.33","$42.77B","n/a","Consumer Services","RETAIL: Building Materials","https://www.nasdaq.com/symbol/shw",
"SHG","Shinhan Financial Group Co Ltd","38.48","$18.07B","n/a","Finance","Major Banks","https://www.nasdaq.com/symbol/shg",
"SFL","Ship Finance International Limited","12.23","$1.46B","n/a","Transportation","Marine Transportation","https://www.nasdaq.com/symbol/sfl",
"SHOP","Shopify Inc.","284.04","$28.41B","2015","Technology","Computer Software: Prepackaged Software","https://www.nasdaq.com/symbol/shop",
"SSTK","Shutterstock, Inc.","39.61","$1.39B","2012","Technology","EDP Services","https://www.nasdaq.com/symbol/sstk",
"SBGL","Sibanye Gold Limited","4.69","$3.13B","n/a","Basic Industries","Precious Metals","https://www.nasdaq.com/symbol/sbgl",
"SIG","Signet Jewelers Limited","16.77","$875.25M","n/a","Consumer Services","Consumer Specialties","https://www.nasdaq.com/symbol/sig",
"SBOW","SilverBow Resorces, Inc.","13.45","$157.95M","n/a","Energy","Oil & Gas Production","https://www.nasdaq.com/symbol/sbow",
"SPG","Simon Property Group, Inc.","161.49","$49.9B","n/a","Consumer Services","Real Estate Investment Trusts","https://www.nasdaq.com/symbol/spg",
"SPG^J","Simon Property Group, Inc.","69.4986","n/a","n/a","n/a","n/a","https://www.nasdaq.com/symbol/spg^j",
"SSD","Simpson Manufacturing Company, Inc.","64.6","$2.89B","n/a","Capital Goods","Industrial Machinery/Components","https://www.nasdaq.com/symbol/ssd",
"SHI","SINOPEC Shangai Petrochemical Company, Ltd.","38.68","$4.19B","n/a","Basic Industries","Major Chemicals","https://www.nasdaq.com/symbol/shi",
"SITC","SITE Centers Corp.","13.46","$2.43B","n/a","Consumer Services","Real Estate Investment Trusts","https://www.nasdaq.com/symbol/sitc",
"SITC^A","SITE Centers Corp.","25.6576","n/a","n/a","n/a","n/a","https://www.nasdaq.com/symbol/sitc^a",
"SITC^J","SITE Centers Corp.","25.14","n/a","n/a","n/a","n/a","https://www.nasdaq.com/symbol/sitc^j",
"SITC^K","SITE Centers Corp.","25.47","n/a","n/a","n/a","n/a","https://www.nasdaq.com/symbol/sitc^k",
"SITE","SiteOne Landscape Supply, Inc.","68.71","$2.82B","2016","Consumer Non-Durables","Farming/Seeds/Milling","https://www.nasdaq.com/symbol/site",
"SIX","Six Flags Entertainment Corporation New","48.97","$4.13B","n/a","Consumer Services","Services-Misc. Amusement & Recreation","https://www.nasdaq.com/symbol/six",
"SJW","SJW Group","61.01","$1.73B","n/a","Public Utilities","Water Supply","https://www.nasdaq.com/symbol/sjw",
"SKM","SK Telecom Co., Ltd.","24.81","$16.06B","n/a","Public Utilities","Telecommunications Equipment","https://www.nasdaq.com/symbol/skm",
"SKX","Skechers U.S.A., Inc.","30.11","$4.74B","1999","Consumer Non-Durables","Shoe Manufacturing","https://www.nasdaq.com/symbol/skx",
"SKY","Skyline Champion Corporation","26.28","$1.49B","n/a","Basic Industries","Homebuilding","https://www.nasdaq.com/symbol/sky",
"SLG","SL Green Realty Corp","82.27","$6.94B","1997","Consumer Services","Real Estate Investment Trusts","https://www.nasdaq.com/symbol/slg",
"SLG^I","SL Green Realty Corp","25.94","n/a","n/a","n/a","n/a","https://www.nasdaq.com/symbol/slg^i",
"WORK","Slack Technologies, Inc.","35.2","$17.76B","2019","Consumer Services","Other Consumer Services","https://www.nasdaq.com/symbol/work",
"SM","SM Energy Company","11.93","$1.34B","n/a","Energy","Oil & Gas Production","https://www.nasdaq.com/symbol/sm",
"SMAR","Smartsheet Inc.","46.31","$4.94B","2018","Technology","Computer Software: Prepackaged Software","https://www.nasdaq.com/symbol/smar",
"SNN","Smith & Nephew SNATS, Inc.","43.42","$18.99B","n/a","Health Care","Industrial Specialties","https://www.nasdaq.com/symbol/snn",
"SNAP","Snap Inc.","14.53","$19.47B","2017","Technology","Computer Software: Programming, Data Processing","https://www.nasdaq.com/symbol/snap",
"SNA","Snap-On Incorporated","163.98","$9.09B","n/a","Capital Goods","Industrial Machinery/Components","https://www.nasdaq.com/symbol/sna",
"IPOA","Social Capital Hedosophia Holdings Corp.","10.4","$897M","2017","Finance","Business Services","https://www.nasdaq.com/symbol/ipoa",
"IPOA.U","Social Capital Hedosophia Holdings Corp.","n/a","n/a","2017","n/a","n/a","https://www.nasdaq.com/symbol/ipoa.u",
"IPOA.WS","Social Capital Hedosophia Holdings Corp.","n/a","n/a","n/a","n/a","n/a","https://www.nasdaq.com/symbol/ipoa.ws",
"SQM","Sociedad Quimica y Minera S.A.","30.37","$7.99B","1993","Basic Industries","Mining & Quarrying of Nonmetallic Minerals (No Fuels)","https://www.nasdaq.com/symbol/sqm",
"SOGO","Sogou Inc.","4.16","$1.63B","2017","Technology","EDP Services","https://www.nasdaq.com/symbol/sogo",
"SOI","Solaris Oilfield Infrastructure, Inc.","15.12","$719.53M","2017","Energy","Metal Fabrications","https://www.nasdaq.com/symbol/soi",
"SWI","SolarWinds Corporation","18.53","$5.75B","2018","Technology","Computer Software: Prepackaged Software","https://www.nasdaq.com/symbol/swi",
"SAH","Sonic Automotive, Inc.","22.17","$955.1M","1997","Consumer Durables","Automotive Aftermarket","https://www.nasdaq.com/symbol/sah",
"SON","Sonoco Products Company","64.73","$6.48B","n/a","Consumer Durables","Containers/Packaging","https://www.nasdaq.com/symbol/son",
"SNE","Sony Corp Ord","52.55","$65.66B","n/a","Consumer Non-Durables","Consumer Electronics/Appliances","https://www.nasdaq.com/symbol/sne",
"BID","Sotheby&#39;s","57.73","$2.69B","1988","Miscellaneous","Business Services","https://www.nasdaq.com/symbol/bid",
"SOR","Source Capital, Inc.","36.13","$307.46M","n/a","n/a","n/a","https://www.nasdaq.com/symbol/sor",
"SJI","South Jersey Industries, Inc.","33.71","$3.11B","n/a","Public Utilities","Oil/Gas Transmission","https://www.nasdaq.com/symbol/sji",
"SJIU","South Jersey Industries, Inc.","54.14","n/a","n/a","Public Utilities","Oil/Gas Transmission","https://www.nasdaq.com/symbol/sjiu",
"SCE^G","Southern California Edison Company","22.06","n/a","n/a","n/a","n/a","https://www.nasdaq.com/symbol/sce^g",
"SCE^H","Southern California Edison Company","24.07","n/a","n/a","n/a","n/a","https://www.nasdaq.com/symbol/sce^h",
"SCE^J","Southern California Edison Company","23.84","n/a","n/a","n/a","n/a","https://www.nasdaq.com/symbol/sce^j",
"SCE^K","Southern California Edison Company","24.06","n/a","n/a","n/a","n/a","https://www.nasdaq.com/symbol/sce^k",
"SCE^L","Southern California Edison Company","21.5","n/a","n/a","n/a","n/a","https://www.nasdaq.com/symbol/sce^l",
"SO","Southern Company (The)","55.98","$58.24B","n/a","Public Utilities","Electric Utilities: Central","https://www.nasdaq.com/symbol/so",
"SOJA","Southern Company (The)","26.39","n/a","2015","Public Utilities","Electric Utilities: Central","https://www.nasdaq.com/symbol/soja",
"SOJB","Southern Company (The)","26.03","n/a","2016","Public Utilities","Electric Utilities: Central","https://www.nasdaq.com/symbol/sojb",
"SOJC","Southern Company (The)","25.47","n/a","2017","Public Utilities","Electric Utilities: Central","https://www.nasdaq.com/symbol/sojc",
"SCCO","Southern Copper Corporation","38.82","$30.01B","n/a","Basic Industries","Precious Metals","https://www.nasdaq.com/symbol/scco",
"LUV","Southwest Airlines Company","51","$27.7B","n/a","Transportation","Air Freight/Delivery Services","https://www.nasdaq.com/symbol/luv",
"SWX","Southwest Gas Holdings, Inc.","90.8","$4.85B","n/a","Public Utilities","Oil & Gas Production","https://www.nasdaq.com/symbol/swx",
"SWN","Southwestern Energy Company","3.03","$1.64B","n/a","Energy","Oil & Gas Production","https://www.nasdaq.com/symbol/swn",
"SPAQ","Spartan Energy Acquisition Corp","9.93","$685.17M","2018","Finance","Business Services","https://www.nasdaq.com/symbol/spaq",
"SPAQ.U","Spartan Energy Acquisition Corp","n/a","n/a","2018","n/a","n/a","https://www.nasdaq.com/symbol/spaq.u",
"SPAQ.WS","Spartan Energy Acquisition Corp","n/a","n/a","n/a","n/a","n/a","https://www.nasdaq.com/symbol/spaq.ws",
"SPE","Special Opportunities Fund Inc.","13.58","$115.44M","n/a","n/a","n/a","https://www.nasdaq.com/symbol/spe",
"SPE^B","Special Opportunities Fund Inc.","25.26","n/a","n/a","n/a","n/a","https://www.nasdaq.com/symbol/spe^b",
"SPB           ","Spectrum Brands Holdings, Inc.","53.96","$2.63B","n/a","Miscellaneous","Industrial Machinery/Components","https://www.nasdaq.com/symbol/spb",
"TRK","Speedway Motorsports, Inc.","18.66","$762.03M","1995","Consumer Services","Services-Misc. Amusement & Recreation","https://www.nasdaq.com/symbol/trk",
"SR","Spire Inc.","85.08","$4.32B","n/a","Public Utilities","Oil/Gas Transmission","https://www.nasdaq.com/symbol/sr",
"SR^A","Spire Inc.","26.02","n/a","n/a","n/a","n/a","https://www.nasdaq.com/symbol/sr^a",
"SPR","Spirit Aerosystems Holdings, Inc.","79.77","$8.43B","2006","Capital Goods","Military/Government/Technical","https://www.nasdaq.com/symbol/spr",
"SAVE","Spirit Airlines, Inc.","46.96","$3.21B","n/a","Transportation","Air Freight/Delivery Services","https://www.nasdaq.com/symbol/save",
"SMTA","Spirit MTA REIT","8.62","$372.04M","2018","Consumer Services","Real Estate Investment Trusts","https://www.nasdaq.com/symbol/smta",
"SRC","Spirit Realty Capital, Inc.","43.81","$4.33B","2013","Consumer Services","Building operators","https://www.nasdaq.com/symbol/src",
"SRC^A","Spirit Realty Capital, Inc.","24.79","n/a","n/a","n/a","n/a","https://www.nasdaq.com/symbol/src^a",
"SPOT","Spotify Technology S.A.","144.16","$26.05B","2018","Consumer Services","Broadcasting","https://www.nasdaq.com/symbol/spot",
"SRLP","Sprague Resources LP","18.06","$410.58M","2013","Energy","Oil Refining/Marketing","https://www.nasdaq.com/symbol/srlp",
"S","Sprint Corporation","6.83","$27.94B","2013","Public Utilities","Telecommunications Equipment","https://www.nasdaq.com/symbol/s",
"SPXC","SPX Corporation","31.6","$1.39B","n/a","Technology","Industrial Machinery/Components","https://www.nasdaq.com/symbol/spxc",
"FLOW","SPX FLOW, Inc.","39.17","$1.67B","2015","Technology","Industrial Machinery/Components","https://www.nasdaq.com/symbol/flow",
"SQ","Square, Inc.","69.87","$29.55B","2015","Technology","Computer Software: Prepackaged Software","https://www.nasdaq.com/symbol/sq",
"JOE","St. Joe Company (The)","16.04","$965.62M","n/a","Consumer Services","Homebuilding","https://www.nasdaq.com/symbol/joe",
"STAG","Stag Industrial, Inc.","30.47","$3.83B","2011","Consumer Services","Real Estate Investment Trusts","https://www.nasdaq.com/symbol/stag",
"STAG^C","Stag Industrial, Inc.","27.17","n/a","n/a","n/a","n/a","https://www.nasdaq.com/symbol/stag^c",
"SSI","Stage Stores, Inc.","0.76","$21.78M","n/a","Consumer Services","Clothing/Shoe/Accessory Stores","https://www.nasdaq.com/symbol/ssi",
"SMP","Standard Motor Products, Inc.","45.47","$1.02B","n/a","Capital Goods","Auto Parts:O.E.M.","https://www.nasdaq.com/symbol/smp",
"SXI","Standex International Corporation","69.8","$883.05M","n/a","Technology","Industrial Machinery/Components","https://www.nasdaq.com/symbol/sxi",
"SWJ","Stanley Black & Decker, Inc.","25.75","n/a","n/a","Capital Goods","Industrial Machinery/Components","https://www.nasdaq.com/symbol/swj",
"SWK","Stanley Black & Decker, Inc.","141.7","$21.47B","n/a","Capital Goods","Industrial Machinery/Components","https://www.nasdaq.com/symbol/swk",
"SWP","Stanley Black & Decker, Inc.","100.55","n/a","n/a","Capital Goods","Industrial Machinery/Components","https://www.nasdaq.com/symbol/swp",
"STN","Stantec Inc","24.19","$2.7B","n/a","Consumer Services","Military/Government/Technical","https://www.nasdaq.com/symbol/stn",
"SGU","Star Group, L.P.","9.96","$498.8M","n/a","Consumer Services","Other Specialty Stores","https://www.nasdaq.com/symbol/sgu",
"SRT","StarTek, Inc.","7.5","$287.67M","1997","Technology","Professional Services","https://www.nasdaq.com/symbol/srt",
"STWD","STARWOOD PROPERTY TRUST, INC.","23.11","$6.48B","2009","Consumer Services","Real Estate Investment Trusts","https://www.nasdaq.com/symbol/stwd",
"STT","State Street Corporation","56","$20.9B","n/a","Finance","Major Banks","https://www.nasdaq.com/symbol/stt",
"STT^C","State Street Corporation","25.53","n/a","n/a","n/a","n/a","https://www.nasdaq.com/symbol/stt^c",
"STT^D","State Street Corporation","26.88","n/a","n/a","n/a","n/a","https://www.nasdaq.com/symbol/stt^d",
"STT^E","State Street Corporation","25.45","n/a","n/a","n/a","n/a","https://www.nasdaq.com/symbol/stt^e",
"STT^G","State Street Corporation","26.74","n/a","n/a","n/a","n/a","https://www.nasdaq.com/symbol/stt^g",
"SPLP","Steel Partners Holdings LP","13.71","$342.18M","n/a","Capital Goods","Industrial Specialties","https://www.nasdaq.com/symbol/splp",
"SPLP^A","Steel Partners Holdings LP","21.22","n/a","n/a","n/a","n/a","https://www.nasdaq.com/symbol/splp^a",
"SCS","Steelcase Inc.","15.98","$1.87B","1998","Consumer Durables","Office Equipment/Supplies/Services","https://www.nasdaq.com/symbol/scs",
"SCA","Stellus Capital Investment Corporation","25.45","n/a","n/a","n/a","n/a","https://www.nasdaq.com/symbol/sca",
"SCM","Stellus Capital Investment Corporation","13.9","$262.79M","2012","n/a","n/a","https://www.nasdaq.com/symbol/scm",
"SCL","Stepan Company","89.25","$2.02B","n/a","Basic Industries","Package Goods/Cosmetics","https://www.nasdaq.com/symbol/scl",
"STE","STERIS plc","146.07","$12.35B","n/a","Health Care","Industrial Specialties","https://www.nasdaq.com/symbol/ste",
"STL","Sterling Bancorp","20.27","$4.25B","n/a","Finance","Major Banks","https://www.nasdaq.com/symbol/stl",
"STL^A","Sterling Bancorp","27.12","n/a","n/a","Finance","Major Banks","https://www.nasdaq.com/symbol/stl^a",
"STC","Stewart Information Services Corporation","41.02","$978.17M","n/a","Finance","Specialty Insurers","https://www.nasdaq.com/symbol/stc",
"SF","Stifel Financial Corporation","55.67","$3.94B","n/a","Finance","Investment Bankers/Brokers/Service","https://www.nasdaq.com/symbol/sf",
"SF^A","Stifel Financial Corporation","26.025","n/a","n/a","Finance","Investment Bankers/Brokers/Service","https://www.nasdaq.com/symbol/sf^a",
"SF^B","Stifel Financial Corporation","26.06","n/a","n/a","n/a","n/a","https://www.nasdaq.com/symbol/sf^b",
"SFB","Stifel Financial Corporation","25.2","n/a","2017","Finance","Investment Bankers/Brokers/Service","https://www.nasdaq.com/symbol/sfb",
"STM","STMicroelectronics N.V.","16.59","$14.8B","n/a","Technology","Semiconductors","https://www.nasdaq.com/symbol/stm",
"EDF","Stone Harbor Emerging Markets Income Fund","13.94","$225.71M","2010","n/a","n/a","https://www.nasdaq.com/symbol/edf",
"EDI","Stone Harbor Emerging Markets Total Income Fund","12.66","$122.86M","2012","n/a","n/a","https://www.nasdaq.com/symbol/edi",
"STON","StoneMor Partners L.P.","1.66","$63.56M","2004","Consumer Services","Other Consumer Services","https://www.nasdaq.com/symbol/ston",
"SRI","Stoneridge, Inc.","30.69","$880.64M","1997","Capital Goods","Auto Parts:O.E.M.","https://www.nasdaq.com/symbol/sri",
"STOR","STORE Capital Corporation","34.27","$7.78B","2014","Consumer Services","Real Estate Investment Trusts","https://www.nasdaq.com/symbol/stor",
"GJH","STRATS Trust","9.7209","n/a","n/a","Finance","Finance: Consumer Services","https://www.nasdaq.com/symbol/gjh",
"GJO","STRATS Trust","23.1531","n/a","n/a","Finance","Finance: Consumer Services","https://www.nasdaq.com/symbol/gjo",
"GJS","STRATS Trust","20.2945","n/a","n/a","Finance","Finance: Consumer Services","https://www.nasdaq.com/symbol/gjs",
"SYK","Stryker Corporation","203.8","$76.18B","n/a","Health Care","Medical/Dental Instruments","https://www.nasdaq.com/symbol/syk",
"MSC","Studio City International Holdings Limited","20.4599","$676.73M","2018","Consumer Services","Hotels/Resorts","https://www.nasdaq.com/symbol/msc",
"RGR","Sturm, Ruger & Company, Inc.","53.2","$928.77M","n/a","Capital Goods","Ordnance And Accessories","https://www.nasdaq.com/symbol/rgr",
"SPH","Suburban Propane Partners, L.P.","24.17","$1.49B","1996","Consumer Services","Other Specialty Stores","https://www.nasdaq.com/symbol/sph",
"SMFG","Sumitomo Mitsui Financial Group Inc","6.93","$48.21B","n/a","Finance","Commercial Banks","https://www.nasdaq.com/symbol/smfg",
"INN","Summit Hotel Properties, Inc.","11.17","$1.17B","2011","Consumer Services","Real Estate Investment Trusts","https://www.nasdaq.com/symbol/inn",
"INN^D","Summit Hotel Properties, Inc.","25.5169","n/a","n/a","n/a","n/a","https://www.nasdaq.com/symbol/inn^d",
"INN^E","Summit Hotel Properties, Inc.","25.06","n/a","n/a","n/a","n/a","https://www.nasdaq.com/symbol/inn^e",
"SUM","Summit Materials, Inc.","16.73","$1.87B","2015","Basic Industries","Mining & Quarrying of Nonmetallic Minerals (No Fuels)","https://www.nasdaq.com/symbol/sum",
"SMLP","Summit Midstream Partners, LP","6.91","$571.42M","2012","Public Utilities","Natural Gas Distribution","https://www.nasdaq.com/symbol/smlp",
"SUI","Sun Communities, Inc.","128.33","$11.16B","1993","Consumer Services","Real Estate Investment Trusts","https://www.nasdaq.com/symbol/sui",
"SLF","Sun Life Financial Inc.","40.97","$24.26B","n/a","Finance","Life Insurance","https://www.nasdaq.com/symbol/slf",
"SXCP","SunCoke Energy Partners, L.P.","11.94","$551.95M","2013","Basic Industries","Steel/Iron Ore","https://www.nasdaq.com/symbol/sxcp",
"SXC","SunCoke Energy, Inc.","8.34","$542.94M","2011","Basic Industries","Steel/Iron Ore","https://www.nasdaq.com/symbol/sxc",
"SU","Suncor Energy  Inc.","31.51","$49.37B","n/a","Energy","Integrated oil Companies","https://www.nasdaq.com/symbol/su",
"STG","Sunlands Technology Group","2.28","$389.9M","2018","Consumer Services","Other Consumer Services","https://www.nasdaq.com/symbol/stg",
"SUN","Sunoco LP","30.78","$2.55B","2012","Energy","Oil Refining/Marketing","https://www.nasdaq.com/symbol/sun",
"SHO","Sunstone Hotel Investors, Inc.","13.26","$3.03B","2004","Consumer Services","Hotels/Resorts","https://www.nasdaq.com/symbol/sho",
"SHO^E","Sunstone Hotel Investors, Inc.","27.22","n/a","n/a","n/a","n/a","https://www.nasdaq.com/symbol/sho^e",
"SHO^F","Sunstone Hotel Investors, Inc.","26.71","n/a","n/a","n/a","n/a","https://www.nasdaq.com/symbol/sho^f",
"STI","SunTrust Banks, Inc.","61.86","$27.46B","n/a","Finance","Major Banks","https://www.nasdaq.com/symbol/sti",
"STI^A","SunTrust Banks, Inc.","22.43","n/a","n/a","n/a","n/a","https://www.nasdaq.com/symbol/sti^a",
"SPN","Superior Energy Services, Inc.","1.28","$199.62M","n/a","Energy","Oilfield Services/Equipment","https://www.nasdaq.com/symbol/spn",
"SUP","Superior Industries International, Inc.","3.3","$82.88M","n/a","Capital Goods","Auto Parts:O.E.M.","https://www.nasdaq.com/symbol/sup",
"SUZ","Suzano S.A.","17.34","$11.7B","2018","Basic Industries","Paper","https://www.nasdaq.com/symbol/suz",
"SWZ","Swiss Helvetia Fund, Inc. (The)","7.88","$104.54M","n/a","n/a","n/a","https://www.nasdaq.com/symbol/swz",
"SWCH","Switch, Inc.","13.06","$3.21B","2017","Technology","Computer Software: Programming, Data Processing","https://www.nasdaq.com/symbol/swch",
"SYF","Synchrony Financial","33.9","$23.37B","2014","Finance","Finance: Consumer Services","https://www.nasdaq.com/symbol/syf",
"SNX","Synnex Corporation","92.02","$4.71B","2003","Technology","Retail: Computer Software & Peripheral Equipment","https://www.nasdaq.com/symbol/snx",
"SNV","Synovus Financial Corp.","33.26","$5.24B","n/a","Finance","Major Banks","https://www.nasdaq.com/symbol/snv",
"SNV^D","Synovus Financial Corp.","25.88","n/a","n/a","n/a","n/a","https://www.nasdaq.com/symbol/snv^d",
"GJP","Synthetic Fixed-Income Securities, Inc.","21.95","n/a","n/a","n/a","n/a","https://www.nasdaq.com/symbol/gjp",
"GJR","Synthetic Fixed-Income Securities, Inc.","22.1377","n/a","n/a","n/a","n/a","https://www.nasdaq.com/symbol/gjr",
"GJT","Synthetic Fixed-Income Securities, Inc.","20.5015","n/a","n/a","Finance","Finance: Consumer Services","https://www.nasdaq.com/symbol/gjt",
"GJV","Synthetic Fixed-Income Securities, Inc.","26.045","n/a","n/a","Finance","Finance: Consumer Services","https://www.nasdaq.com/symbol/gjv",
"SYY","Sysco Corporation","71.7","$36.85B","n/a","Consumer Non-Durables","Food Distributors","https://www.nasdaq.com/symbol/syy",
"SYX","Systemax Inc.","21.23","$794.61M","n/a","Capital Goods","Industrial Machinery/Components","https://www.nasdaq.com/symbol/syx",
"DATA","Tableau Software, Inc.","162.74","$14.21B","2013","Technology","Computer Software: Prepackaged Software","https://www.nasdaq.com/symbol/data",
"TLRD","Tailored Brands, Inc.","5.83","$294.53M","n/a","Consumer Services","Clothing/Shoe/Accessory Stores","https://www.nasdaq.com/symbol/tlrd",
"TWN","Taiwan Fund, Inc. (The)","16.87","$133.82M","1986","n/a","n/a","https://www.nasdaq.com/symbol/twn",
"TSM","Taiwan Semiconductor Manufacturing Company Ltd.","38.92","$201.84B","1997","Technology","Semiconductors","https://www.nasdaq.com/symbol/tsm",
"TAK","Takeda Pharmaceutical Company Limited","17.59","$54.59B","2018","Health Care","Major Pharmaceuticals","https://www.nasdaq.com/symbol/tak",
"TAL","TAL Education Group","36.35","$21.49B","n/a","Consumer Services","Other Consumer Services","https://www.nasdaq.com/symbol/tal",
"TGE","Tallgrass Energy, LP","20.45","$5.75B","2015","Public Utilities","Natural Gas Distribution","https://www.nasdaq.com/symbol/tge",
"TALO","Talos Energy, Inc.","22.14","$1.2B","2018","Energy","Oil & Gas Production","https://www.nasdaq.com/symbol/talo",
"SKT","Tanger Factory Outlet Centers, Inc.","15.86","$1.49B","1993","Consumer Services","Real Estate Investment Trusts","https://www.nasdaq.com/symbol/skt",
"TPR","Tapestry, Inc.","30.2","$8.76B","n/a","Consumer Non-Durables","Apparel","https://www.nasdaq.com/symbol/tpr",
"NGLS^A","Targa Resources Partners LP","26.9329","n/a","n/a","n/a","n/a","https://www.nasdaq.com/symbol/ngls^a",
"TRGP","Targa Resources, Inc.","37.27","$8.66B","2010","Public Utilities","Natural Gas Distribution","https://www.nasdaq.com/symbol/trgp",
"TGT","Target Corporation","85.7","$43.91B","n/a","Consumer Services","Department/Specialty Retail Stores","https://www.nasdaq.com/symbol/tgt",
"TARO","Taro Pharmaceutical Industries Ltd.","85.16","$3.28B","n/a","Health Care","Major Pharmaceuticals","https://www.nasdaq.com/symbol/taro",
"TTM","Tata Motors Ltd","11.44","$7.77B","n/a","Capital Goods","Auto Manufacturing","https://www.nasdaq.com/symbol/ttm",
"TCO","Taubman Centers, Inc.","41.13","$2.52B","1992","Consumer Services","Real Estate Investment Trusts","https://www.nasdaq.com/symbol/tco",
"TCO^J","Taubman Centers, Inc.","25.49","n/a","n/a","n/a","n/a","https://www.nasdaq.com/symbol/tco^j",
"TCO^K","Taubman Centers, Inc.","25.85","n/a","n/a","n/a","n/a","https://www.nasdaq.com/symbol/tco^k",
"TMHC","Taylor Morrison Home Corporation","19.68","$2.07B","2013","Capital Goods","Homebuilding","https://www.nasdaq.com/symbol/tmhc",
"TRP","TC Energy Corporation","49.34","$45.83B","n/a","Public Utilities","Natural Gas Distribution","https://www.nasdaq.com/symbol/trp",
"TCP","TC PipeLines, LP","36.78","$2.69B","n/a","Public Utilities","Natural Gas Distribution","https://www.nasdaq.com/symbol/tcp",
"TCF","TCF Financial Corporation","19.85","$3.26B","n/a","Finance","Major Banks","https://www.nasdaq.com/symbol/tcf",
"TCF^D","TCF Financial Corporation","25.35","n/a","n/a","n/a","n/a","https://www.nasdaq.com/symbol/tcf^d",
"TSI","TCW Strategic Income Fund, Inc.","5.72","$272.77M","n/a","n/a","n/a","https://www.nasdaq.com/symbol/tsi",
"TEL","TE Connectivity Ltd.","94.41","$31.85B","n/a","Technology","Electronic Components","https://www.nasdaq.com/symbol/tel",
"TISI","Team, Inc.","14.75","$446.15M","n/a","Consumer Services","Other Consumer Services","https://www.nasdaq.com/symbol/tisi",
"FTI","TechnipFMC plc","24.96","$11.16B","n/a","Energy","Metal Fabrications","https://www.nasdaq.com/symbol/fti",
"TECK","Teck Resources Ltd","22.75","$12.62B","n/a","Basic Industries","Mining & Quarrying of Nonmetallic Minerals (No Fuels)","https://www.nasdaq.com/symbol/teck",
"TK","Teekay Corporation","3.09","$311.12M","n/a","Transportation","Marine Transportation","https://www.nasdaq.com/symbol/tk",
"TGP","Teekay LNG Partners L.P.","13.48","$1.06B","2005","Consumer Services","Marine Transportation","https://www.nasdaq.com/symbol/tgp",
"TGP^A","Teekay LNG Partners L.P.","25.87","n/a","n/a","n/a","n/a","https://www.nasdaq.com/symbol/tgp^a",
"TGP^B","Teekay LNG Partners L.P.","24.73","n/a","n/a","n/a","n/a","https://www.nasdaq.com/symbol/tgp^b",
"TOO","Teekay Offshore Partners L.P.","1.14","$467.86M","2006","Consumer Services","Marine Transportation","https://www.nasdaq.com/symbol/too",
"TOO^A","Teekay Offshore Partners L.P.","16.21","n/a","n/a","n/a","n/a","https://www.nasdaq.com/symbol/too^a",
"TOO^B","Teekay Offshore Partners L.P.","16.6441","n/a","n/a","n/a","n/a","https://www.nasdaq.com/symbol/too^b",
"TOO^E","Teekay Offshore Partners L.P.","17.2373","n/a","n/a","n/a","n/a","https://www.nasdaq.com/symbol/too^e",
"TNK","Teekay Tankers Ltd.","1.09","$293.21M","2007","Consumer Services","Marine Transportation","https://www.nasdaq.com/symbol/tnk",
"GCI","TEGNA Inc.","8.07","$924.18M","2015","Consumer Services","Newspapers/Magazines","https://www.nasdaq.com/symbol/gci",
"TGNA","TEGNA Inc.","14.7","$3.18B","n/a","Consumer Services","Broadcasting","https://www.nasdaq.com/symbol/tgna",
"TRC","Tejon Ranch Co","16.6","$432.02M","n/a","Finance","Real Estate","https://www.nasdaq.com/symbol/trc",
"HQH","Tekla Healthcare Investors","19.83","$839.62M","1987","n/a","n/a","https://www.nasdaq.com/symbol/hqh",
"THQ","Tekla Healthcare Opportunies Fund","17.65","$731.82M","2014","n/a","n/a","https://www.nasdaq.com/symbol/thq",
"HQL","Tekla Life Sciences Investors","16.66","$379.11M","1992","n/a","n/a","https://www.nasdaq.com/symbol/hql",
"THW","Tekla World Healthcare Fund","12.7","$382.98M","2015","n/a","n/a","https://www.nasdaq.com/symbol/thw",
"TDOC","Teladoc Health, Inc.","60.73","$4.35B","2015","Health Care","Medical/Nursing Services","https://www.nasdaq.com/symbol/tdoc",
"TLRA","Telaria, Inc.","7.03","$320.72M","2013","Technology","Advertising","https://www.nasdaq.com/symbol/tlra",
"TEO","Telecom Argentina Stet - France Telecom S.A.","17.83","$7.68B","n/a","Public Utilities","Telecommunications Equipment","https://www.nasdaq.com/symbol/teo",
"TI","Telecom Italia S.P.A.","5.54","$120.77M","n/a","Consumer Services","Telecommunications Equipment","https://www.nasdaq.com/symbol/ti",
"TI.A","Telecom Italia S.P.A.","n/a","n/a","n/a","n/a","n/a","https://www.nasdaq.com/symbol/ti.a",
"TDY","Teledyne Technologies Incorporated","265.97","$9.64B","n/a","Capital Goods","Industrial Machinery/Components","https://www.nasdaq.com/symbol/tdy",
"TFX","Teleflex Incorporated","336.13","$15.51B","n/a","Health Care","Medical/Dental Instruments","https://www.nasdaq.com/symbol/tfx",
"VIV","Telefonica Brasil S.A.","12.93","$21.83B","n/a","Public Utilities","Telecommunications Equipment","https://www.nasdaq.com/symbol/viv",
"TEF","Telefonica SA","8.28","$42.99B","1988","Public Utilities","Telecommunications Equipment","https://www.nasdaq.com/symbol/tef",
"TDA","Telephone and Data Systems, Inc.","24","n/a","n/a","Public Utilities","Telecommunications Equipment","https://www.nasdaq.com/symbol/tda",
"TDE","Telephone and Data Systems, Inc.","25.45","n/a","n/a","Public Utilities","Telecommunications Equipment","https://www.nasdaq.com/symbol/tde",
"TDI","Telephone and Data Systems, Inc.","27.17","n/a","n/a","Public Utilities","Telecommunications Equipment","https://www.nasdaq.com/symbol/tdi",
"TDJ","Telephone and Data Systems, Inc.","25.5","n/a","n/a","Public Utilities","Telecommunications Equipment","https://www.nasdaq.com/symbol/tdj",
"TDS","Telephone and Data Systems, Inc.","31.46","$3.59B","n/a","Public Utilities","Telecommunications Equipment","https://www.nasdaq.com/symbol/tds",
"TU","TELUS Corporation","36.69","$22.06B","n/a","Public Utilities","Telecommunications Equipment","https://www.nasdaq.com/symbol/tu",
"TDF","Templeton Dragon Fund, Inc.","19","$643.23M","n/a","n/a","n/a","https://www.nasdaq.com/symbol/tdf",
"EMF","Templeton Emerging Markets Fund","14.99","$252.09M","1987","n/a","n/a","https://www.nasdaq.com/symbol/emf",
"TEI","Templeton Emerging Markets Income Fund, Inc.","10.15","$487.18M","1993","n/a","n/a","https://www.nasdaq.com/symbol/tei",
"GIM","Templeton Global Income Fund, Inc.","6.28","$842.43M","1988","n/a","n/a","https://www.nasdaq.com/symbol/gim",
"TPX","Tempur Sealy International, Inc.","72.24","$3.95B","2003","Consumer Durables","Home Furnishings","https://www.nasdaq.com/symbol/tpx",
"TS","Tenaris S.A.","25.4","$14.99B","n/a","Basic Industries","Steel/Iron Ore","https://www.nasdaq.com/symbol/ts",
"TME","Tencent Music Entertainment Group","14.51","$23.69B","2018","Consumer Services","Broadcasting","https://www.nasdaq.com/symbol/tme",
"THC","Tenet Healthcare Corporation","20.41","$2.1B","n/a","Health Care","Hospital/Nursing Management","https://www.nasdaq.com/symbol/thc",
"TNC","Tennant Company","61.4","$1.12B","n/a","Technology","Industrial Machinery/Components","https://www.nasdaq.com/symbol/tnc",
"TEN","Tenneco Inc.","10.32","$589.52M","n/a","Capital Goods","Auto Parts:O.E.M.","https://www.nasdaq.com/symbol/ten",
"TVC","Tennessee Valley Authority","25.7","n/a","n/a","Public Utilities","Electric Utilities: Central","https://www.nasdaq.com/symbol/tvc",
"TVE","Tennessee Valley Authority","25.37","n/a","n/a","Public Utilities","Electric Utilities: Central","https://www.nasdaq.com/symbol/tve",
"TDC","Teradata Corporation","34.46","$4.04B","n/a","Technology","Computer Software: Prepackaged Software","https://www.nasdaq.com/symbol/tdc",
"TEX","Terex Corporation","30.98","$2.21B","n/a","Capital Goods","Construction/Ag Equipment/Trucks","https://www.nasdaq.com/symbol/tex",
"TX","Ternium S.A.","21.14","$4.15B","n/a","Basic Industries","Steel/Iron Ore","https://www.nasdaq.com/symbol/tx",
"TRNO","Terreno Realty Corporation","47.74","$3.01B","2010","Finance","Real Estate","https://www.nasdaq.com/symbol/trno",
"TTI","Tetra Technologies, Inc.","1.55","$194.69M","n/a","Energy","Oil & Gas Production","https://www.nasdaq.com/symbol/tti",
"TEVA","Teva Pharmaceutical Industries Limited","8.81","$9.62B","n/a","Health Care","Major Pharmaceuticals","https://www.nasdaq.com/symbol/teva",
"TPL","Texas Pacific Land Trust","792.47","$6.15B","n/a","Energy","Oil & Gas Production","https://www.nasdaq.com/symbol/tpl",
"TGH","Textainer Group Holdings Limited","9.36","$537.28M","2007","Technology","Diversified Commercial Services","https://www.nasdaq.com/symbol/tgh",
"TXT","Textron Inc.","51.61","$12.01B","n/a","Capital Goods","Aerospace","https://www.nasdaq.com/symbol/txt",
"AES","The AES Corporation","16.65","$11.05B","n/a","Basic Industries","Electric Utilities: Central","https://www.nasdaq.com/symbol/aes",
"BX","The Blackstone Group L.P.","44.19","$52.87B","2007","Finance","Investment Managers","https://www.nasdaq.com/symbol/bx",
"CEE","The Central and Eastern Europe Fund, Inc.","26.6","$182.01M","n/a","n/a","n/a","https://www.nasdaq.com/symbol/cee",
"SCHW","The Charles Schwab Corporation","39.23","$52.37B","n/a","Finance","Investment Bankers/Brokers/Service","https://www.nasdaq.com/symbol/schw",
"SCHW^C","The Charles Schwab Corporation","26.35","n/a","n/a","n/a","n/a","https://www.nasdaq.com/symbol/schw^c",
"SCHW^D","The Charles Schwab Corporation","26.74","n/a","n/a","n/a","n/a","https://www.nasdaq.com/symbol/schw^d",
"COO","The Cooper Companies, Inc. ","329.98","$16.33B","n/a","Health Care","Ophthalmic Goods","https://www.nasdaq.com/symbol/coo",
"GDV","The Gabelli Dividend & Income Trust","21.34","$1.76B","2003","n/a","n/a","https://www.nasdaq.com/symbol/gdv",
"GDV^A","The Gabelli Dividend & Income Trust","26.2342","n/a","n/a","n/a","n/a","https://www.nasdaq.com/symbol/gdv^a",
"GDV^D","The Gabelli Dividend & Income Trust","26.3083","n/a","n/a","n/a","n/a","https://www.nasdaq.com/symbol/gdv^d",
"GDV^G","The Gabelli Dividend & Income Trust","25.2192","n/a","n/a","n/a","n/a","https://www.nasdaq.com/symbol/gdv^g",
"GDV^H","The Gabelli Dividend & Income Trust","25.4299","n/a","n/a","n/a","n/a","https://www.nasdaq.com/symbol/gdv^h",
"GRX","The Gabelli Healthcare & Wellness Trust","10.5","$194.94M","n/a","n/a","n/a","https://www.nasdaq.com/symbol/grx",
"GRX^A","The Gabelli Healthcare & Wellness Trust","25.6946","n/a","n/a","n/a","n/a","https://www.nasdaq.com/symbol/grx^a",
"GRX^B","The Gabelli Healthcare & Wellness Trust","25.92","n/a","n/a","n/a","n/a","https://www.nasdaq.com/symbol/grx^b",
"GDL","The GDL Fund","9.1","$149.05M","2007","n/a","n/a","https://www.nasdaq.com/symbol/gdl",
"GDL^C","The GDL Fund","50.4","n/a","n/a","n/a","n/a","https://www.nasdaq.com/symbol/gdl^c",
"THG","The Hanover Insurance Group, Inc.","128.9","$5.25B","n/a","Finance","Property-Casualty Insurers","https://www.nasdaq.com/symbol/thg",
"THGA","The Hanover Insurance Group, Inc.","25.345","n/a","n/a","Finance","Property-Casualty Insurers","https://www.nasdaq.com/symbol/thga",
"MSG","The Madison Square Garden Company","272.47","$6.47B","2015","Consumer Services","Services-Misc. Amusement & Recreation","https://www.nasdaq.com/symbol/msg",
"RUBI","The Rubicon Project, Inc.","6.3","$326.19M","2014","Technology","Computer Software: Programming, Data Processing","https://www.nasdaq.com/symbol/rubi",
"TRV","The Travelers Companies, Inc.","153.13","$40.01B","n/a","Finance","Property-Casualty Insurers","https://www.nasdaq.com/symbol/trv",
"VAM","The Vivaldi Opportunities Fund","14.15","$80.6M","2018","n/a","n/a","https://www.nasdaq.com/symbol/vam",
"TMO","Thermo Fisher Scientific Inc","293.53","$117.41B","n/a","Capital Goods","Industrial Machinery/Components","https://www.nasdaq.com/symbol/tmo",
"THR","Thermon Group Holdings, Inc.","25.39","$828.63M","2011","Energy","Industrial Machinery/Components","https://www.nasdaq.com/symbol/thr",
"TPRE","Third Point Reinsurance Ltd.","10.11","$953.86M","2013","Finance","Property-Casualty Insurers","https://www.nasdaq.com/symbol/tpre",
"TSLF","THL Credit Senior Loan Fund","15.23","$112.99M","2013","n/a","n/a","https://www.nasdaq.com/symbol/tslf",
"TCRW","THL Credit, Inc.","25.825","n/a","2018","n/a","n/a","https://www.nasdaq.com/symbol/tcrw",
"TCRZ","THL Credit, Inc.","25.35","n/a","2015","n/a","n/a","https://www.nasdaq.com/symbol/tcrz",
"TRI","Thomson Reuters Corp","64.74","$32.43B","n/a","Consumer Services","Publishing","https://www.nasdaq.com/symbol/tri",
"THO","Thor Industries, Inc.","57.17","$3.15B","n/a","Consumer Non-Durables","Homebuilding","https://www.nasdaq.com/symbol/tho",
"TDW","Tidewater Inc.","22.51","$844.45M","2017","Consumer Services","Marine Transportation","https://www.nasdaq.com/symbol/tdw",
"TDW.WS.A","Tidewater Inc.","n/a","n/a","n/a","n/a","n/a","https://www.nasdaq.com/symbol/tdw.ws.a",
"TDW.WS.B","Tidewater Inc.","n/a","n/a","n/a","n/a","n/a","https://www.nasdaq.com/symbol/tdw.ws.b",
"TIF","Tiffany & Co.","91.24","$11.08B","1987","Consumer Services","Consumer Specialties","https://www.nasdaq.com/symbol/tif",
"TLYS","Tilly&#39;s, Inc.","7.71","$227.61M","2012","Consumer Services","Clothing/Shoe/Accessory Stores","https://www.nasdaq.com/symbol/tlys",
"TSU","TIM Participacoes S.A.","15.16","$7.34B","n/a","Public Utilities","Telecommunications Equipment","https://www.nasdaq.com/symbol/tsu",
"TKR","Timken Company (The)","50.26","$3.83B","n/a","Capital Goods","Metal Fabrications","https://www.nasdaq.com/symbol/tkr",
"TMST","TimkenSteel Corporation","7.45","$333.51M","2014","Basic Industries","Steel/Iron Ore","https://www.nasdaq.com/symbol/tmst",
"TWI","Titan International, Inc.","4.67","$280.2M","n/a","Basic Industries","Steel/Iron Ore","https://www.nasdaq.com/symbol/twi",
"TJX","TJX Companies, Inc. (The)","53.05","$64.33B","n/a","Consumer Services","Clothing/Shoe/Accessory Stores","https://www.nasdaq.com/symbol/tjx",
"TOL","Toll Brothers, Inc.","35.79","$5.15B","n/a","Capital Goods","Homebuilding","https://www.nasdaq.com/symbol/tol",
"TR","Tootsie Roll Industries, Inc.","36.87","$1.45B","n/a","Consumer Non-Durables","Specialty Foods","https://www.nasdaq.com/symbol/tr",
"BLD","TopBuild Corp.","78.11","$2.69B","2015","Basic Industries","Engineering & Construction","https://www.nasdaq.com/symbol/bld",
"TMK","Torchmark Corporation","88.25","$9.7B","n/a","Finance","Life Insurance","https://www.nasdaq.com/symbol/tmk",
"TMK^C","Torchmark Corporation","26.6455","n/a","n/a","n/a","n/a","https://www.nasdaq.com/symbol/tmk^c",
"TTC","Toro Company (The)","67.64","$7.2B","n/a","Capital Goods","Tools/Hardware","https://www.nasdaq.com/symbol/ttc",
"TD","Toronto Dominion Bank (The)","57.97","$106.05B","n/a","Finance","Commercial Banks","https://www.nasdaq.com/symbol/td",
"SHLL","Tortoise Acquisition Corp.","9.74","$283.69M","2019","Finance","Business Services","https://www.nasdaq.com/symbol/shll",
"SHLL.U","Tortoise Acquisition Corp.","n/a","n/a","2019","n/a","n/a","https://www.nasdaq.com/symbol/shll.u",
"SHLL.WS","Tortoise Acquisition Corp.","n/a","n/a","n/a","n/a","n/a","https://www.nasdaq.com/symbol/shll.ws",
"NDP","Tortoise Energy Independence Fund, Inc.","7.01","$103.28M","2012","n/a","n/a","https://www.nasdaq.com/symbol/ndp",
"TYG","Tortoise Energy Infrastructure Corporation","22.04","$1.18B","2004","n/a","n/a","https://www.nasdaq.com/symbol/tyg",
"TEAF","Tortoise Essential Assets Income Term Fund","18.24","$237.3M","2019","n/a","n/a","https://www.nasdaq.com/symbol/teaf",
"NTG","Tortoise Midstream Energy Fund, Inc.","13.36","$844.46M","2010","n/a","n/a","https://www.nasdaq.com/symbol/ntg",
"TTP","Tortoise Pipeline & Energy Fund, Inc.","14.19","$142.13M","2011","n/a","n/a","https://www.nasdaq.com/symbol/ttp",
"TPZ","Tortoise Power and Energy Infrastructure Fund, Inc","18.34","$905.62M","2009","n/a","n/a","https://www.nasdaq.com/symbol/tpz",
"TOT","Total S.A.","55.45","$144.58B","n/a","Energy","Oil & Gas Production","https://www.nasdaq.com/symbol/tot",
"TSS","Total System Services, Inc.","126.74","$22.43B","n/a","Miscellaneous","Business Services","https://www.nasdaq.com/symbol/tss",
"TOWR","Tower International, Inc.","18.71","$387.09M","2010","Capital Goods","Auto Parts:O.E.M.","https://www.nasdaq.com/symbol/towr",
"TSQ","Townsquare Media, Inc.","5.25","$99.55M","2014","Consumer Services","Broadcasting","https://www.nasdaq.com/symbol/tsq",
"TM","Toyota Motor Corp Ltd Ord","123.93","$178.43B","n/a","Capital Goods","Auto Manufacturing","https://www.nasdaq.com/symbol/tm",
"TPGH","TPG Pace Holdings Corp.","10.38","$583.88M","2017","Finance","Business Services","https://www.nasdaq.com/symbol/tpgh",
"TPGH.U","TPG Pace Holdings Corp.","n/a","n/a","2017","n/a","n/a","https://www.nasdaq.com/symbol/tpgh.u",
"TPGH.WS","TPG Pace Holdings Corp.","n/a","n/a","n/a","n/a","n/a","https://www.nasdaq.com/symbol/tpgh.ws",
"TRTX","TPG RE Finance Trust, Inc.","19.51","$1.44B","2017","Consumer Services","Real Estate Investment Trusts","https://www.nasdaq.com/symbol/trtx",
"TSLX","TPG Specialty Lending, Inc.","19.61","$1.29B","2014","n/a","n/a","https://www.nasdaq.com/symbol/tslx",
"TAC","TransAlta Corporation","6.44","$1.83B","n/a","Public Utilities","Electric Utilities: Central","https://www.nasdaq.com/symbol/tac",
"TCI","Transcontinental Realty Investors, Inc.","24.39","$212.63M","n/a","Consumer Services","Real Estate Investment Trusts","https://www.nasdaq.com/symbol/tci",
"TDG","Transdigm Group Incorporated","484.4","$25.76B","2006","Capital Goods","Military/Government/Technical","https://www.nasdaq.com/symbol/tdg",
"RIG","Transocean Ltd.","6.19","$3.79B","n/a","Energy","Oil & Gas Production","https://www.nasdaq.com/symbol/rig",
"TGS","Transportadora De Gas Sa Ord B","14.72","$412.16M","n/a","Public Utilities","Natural Gas Distribution","https://www.nasdaq.com/symbol/tgs",
"TRU","TransUnion","71.02","$13.3B","2015","Finance","Finance: Consumer Services","https://www.nasdaq.com/symbol/tru",
"TREC","Trecora Resources","9.21","$227.37M","n/a","Energy","Integrated oil Companies","https://www.nasdaq.com/symbol/trec",
"TG","Tredegar Corporation","15.88","$529.62M","n/a","Capital Goods","Metal Fabrications","https://www.nasdaq.com/symbol/tg",
"THS","Treehouse Foods, Inc.","53.48","$3B","n/a","Consumer Non-Durables","Packaged Foods","https://www.nasdaq.com/symbol/ths",
"TREX","Trex Company, Inc.","68.27","$3.99B","n/a","Basic Industries","Forest Products","https://www.nasdaq.com/symbol/trex",
"TY","Tri Continental Corporation","26.7","$1.44B","n/a","n/a","n/a","https://www.nasdaq.com/symbol/ty",
"TY^","Tri Continental Corporation","52.69","n/a","n/a","Consumer Services","Miscellaneous","https://www.nasdaq.com/symbol/ty^",
"TPH","TRI Pointe Group, Inc.","11.47","$1.63B","2013","Capital Goods","Homebuilding","https://www.nasdaq.com/symbol/tph",
"TRCO","Tribune Media Company","46.28","$4.08B","2014","Consumer Services","Broadcasting","https://www.nasdaq.com/symbol/trco",
"TRNE","Trine Acquisition Corp.","9.73","$365.06M","2019","Finance","Business Services","https://www.nasdaq.com/symbol/trne",
"TRNE.U","Trine Acquisition Corp.","n/a","n/a","2019","n/a","n/a","https://www.nasdaq.com/symbol/trne.u",
"TRNE.WS","Trine Acquisition Corp.","n/a","n/a","n/a","n/a","n/a","https://www.nasdaq.com/symbol/trne.ws",
"TNET","TriNet Group, Inc.","67.19","$4.7B","2014","Miscellaneous","Business Services","https://www.nasdaq.com/symbol/tnet",
"TRN","Trinity Industries, Inc.","19.78","$2.57B","n/a","Capital Goods","Railroads","https://www.nasdaq.com/symbol/trn",
"TSE","Trinseo S.A.","40.97","$1.67B","2014","Basic Industries","Major Chemicals","https://www.nasdaq.com/symbol/tse",
"TPVG","TriplePoint Venture Growth BDC Corp.","14","$347.48M","2014","n/a","n/a","https://www.nasdaq.com/symbol/tpvg",
"TPVY","TriplePoint Venture Growth BDC Corp.","25.787","n/a","2017","n/a","n/a","https://www.nasdaq.com/symbol/tpvy",
"GTS","Triple-S Management Corporation","23.08","$533.31M","2007","Finance","Accident &Health Insurance","https://www.nasdaq.com/symbol/gts",
"TRTN","Triton International Limited","31.48","$2.39B","2016","Technology","Diversified Commercial Services","https://www.nasdaq.com/symbol/trtn",
"TRTN^A","Triton International Limited","25.95","n/a","n/a","n/a","n/a","https://www.nasdaq.com/symbol/trtn^a",
"TGI","Triumph Group, Inc.","19.4","$968.15M","1996","Capital Goods","Aerospace","https://www.nasdaq.com/symbol/tgi",
"TROX","Tronox Holdings plc","11.34","$1.69B","n/a","Basic Industries","Major Chemicals","https://www.nasdaq.com/symbol/trox",
"TBI","TrueBlue, Inc.","21","$843.21M","n/a","Technology","Professional Services","https://www.nasdaq.com/symbol/tbi",
"TNP","Tsakos Energy Navigation Ltd","3.12","$273.33M","2002","Transportation","Marine Transportation","https://www.nasdaq.com/symbol/tnp",
"TNP^B","Tsakos Energy Navigation Ltd","25.34","n/a","n/a","n/a","n/a","https://www.nasdaq.com/symbol/tnp^b",
"TNP^C","Tsakos Energy Navigation Ltd","25.4101","n/a","n/a","n/a","n/a","https://www.nasdaq.com/symbol/tnp^c",
"TNP^D","Tsakos Energy Navigation Ltd","21.2499","n/a","n/a","n/a","n/a","https://www.nasdaq.com/symbol/tnp^d",
"TNP^E","Tsakos Energy Navigation Ltd","21.3521","n/a","n/a","n/a","n/a","https://www.nasdaq.com/symbol/tnp^e",
"TNP^F","Tsakos Energy Navigation Ltd","21.792","n/a","n/a","n/a","n/a","https://www.nasdaq.com/symbol/tnp^f",
"TUFN","Tufin Software Technologies Ltd.","26.54","$860.85M","2019","Technology","EDP Services","https://www.nasdaq.com/symbol/tufn",
"TUP","Tupperware Brands Corporation","19.11","$931.3M","n/a","Consumer Non-Durables","Plastic Products","https://www.nasdaq.com/symbol/tup",
"TKC","Turkcell Iletisim Hizmetleri AS","5.4","$4.73B","n/a","Public Utilities","Telecommunications Equipment","https://www.nasdaq.com/symbol/tkc",
"TPB","Turning Point Brands, Inc.","48.08","$941.86M","2016","Consumer Non-Durables","Tobacco","https://www.nasdaq.com/symbol/tpb",
"TRQ","Turquoise Hill Resources Ltd.","1.21","$2.43B","n/a","Basic Industries","Precious Metals","https://www.nasdaq.com/symbol/trq",
"TPC","Tutor Perini Corporation","13.16","$660.37M","n/a","Basic Industries","General Bldg Contractors - Nonresidential Bldgs","https://www.nasdaq.com/symbol/tpc",
"TWLO","Twilio Inc.","134.87","$17.03B","2016","Technology","Computer Software: Prepackaged Software","https://www.nasdaq.com/symbol/twlo",
"TRWH","Twin River Worldwide Holdings, Inc.","30.38","$1.25B","2019","Consumer Services","Hotels/Resorts","https://www.nasdaq.com/symbol/trwh",
"TWTR","Twitter, Inc.","34.72","$26.69B","2013","Technology","Computer Software: Programming, Data Processing","https://www.nasdaq.com/symbol/twtr",
"TWO","Two Harbors Investments Corp","12.71","$3.47B","n/a","Consumer Services","Real Estate Investment Trusts","https://www.nasdaq.com/symbol/two",
"TWO^A","Two Harbors Investments Corp","26.94","n/a","n/a","n/a","n/a","https://www.nasdaq.com/symbol/two^a",
"TWO^B","Two Harbors Investments Corp","25.62","n/a","n/a","n/a","n/a","https://www.nasdaq.com/symbol/two^b",
"TWO^C","Two Harbors Investments Corp","25.02","n/a","n/a","n/a","n/a","https://www.nasdaq.com/symbol/two^c",
"TWO^D","Two Harbors Investments Corp","25.4569","n/a","n/a","n/a","n/a","https://www.nasdaq.com/symbol/two^d",
"TWO^E","Two Harbors Investments Corp","25.15","n/a","n/a","n/a","n/a","https://www.nasdaq.com/symbol/two^e",
"TYL","Tyler Technologies, Inc.","213.25","$8.18B","n/a","Technology","Computer Software: Prepackaged Software","https://www.nasdaq.com/symbol/tyl",
"TSN","Tyson Foods, Inc.","79.97","$29.17B","n/a","Consumer Non-Durables","Meat/Poultry/Fish","https://www.nasdaq.com/symbol/tsn",
"USB","U.S. Bancorp","52.04","$82.85B","n/a","Finance","Major Banks","https://www.nasdaq.com/symbol/usb",
"USB^A","U.S. Bancorp","797.4768","n/a","n/a","Finance","Major Banks","https://www.nasdaq.com/symbol/usb^a",
"USB^H","U.S. Bancorp","20.19","n/a","n/a","n/a","n/a","https://www.nasdaq.com/symbol/usb^h",
"USB^M","U.S. Bancorp","27.56","n/a","n/a","n/a","n/a","https://www.nasdaq.com/symbol/usb^m",
"USB^O","U.S. Bancorp","25.25","n/a","n/a","n/a","n/a","https://www.nasdaq.com/symbol/usb^o",
"USB^P","U.S. Bancorp","26.65","n/a","n/a","n/a","n/a","https://www.nasdaq.com/symbol/usb^p",
"USPH","U.S. Physical Therapy, Inc.","119.34","$1.52B","1992","Health Care","Medical/Nursing Services","https://www.nasdaq.com/symbol/usph",
"SLCA","U.S. Silica Holdings, Inc.","12.07","$887.79M","2012","Basic Industries","Mining & Quarrying of Nonmetallic Minerals (No Fuels)","https://www.nasdaq.com/symbol/slca",
"USX","U.S. Xpress Enterprises, Inc.","4.96","$241.11M","2018","Transportation","Trucking Freight/Courier Services","https://www.nasdaq.com/symbol/usx",
"UBER","Uber Technologies, Inc.","43.09","$73.06B","2019","Technology","Computer Software: Prepackaged Software","https://www.nasdaq.com/symbol/uber",
"UBS","UBS AG","11.58","$44.69B","2014","Finance","Major Banks","https://www.nasdaq.com/symbol/ubs",
"UDR","UDR, Inc.","45.11","$12.71B","n/a","Consumer Services","Real Estate Investment Trusts","https://www.nasdaq.com/symbol/udr",
"UGI","UGI Corporation","54.01","$9.41B","n/a","Public Utilities","Natural Gas Distribution","https://www.nasdaq.com/symbol/ugi",
"UGP","Ultrapar Participacoes S.A.","5.4","$5.86B","n/a","Public Utilities","Oil/Gas Transmission","https://www.nasdaq.com/symbol/ugp",
"UMH","UMH Properties, Inc.","12.6","$497.84M","n/a","Consumer Services","Real Estate Investment Trusts","https://www.nasdaq.com/symbol/umh",
"UMH^B","UMH Properties, Inc.","26.05","n/a","n/a","n/a","n/a","https://www.nasdaq.com/symbol/umh^b",
"UMH^C","UMH Properties, Inc.","25.01","n/a","n/a","n/a","n/a","https://www.nasdaq.com/symbol/umh^c",
"UMH^D","UMH Properties, Inc.","24.72","n/a","n/a","n/a","n/a","https://www.nasdaq.com/symbol/umh^d",
"UA","Under Armour, Inc.","21.86","$9.86B","2016","Consumer Non-Durables","Apparel","https://www.nasdaq.com/symbol/ua",
"UAA","Under Armour, Inc.","24.9","$11.23B","n/a","Consumer Non-Durables","Apparel","https://www.nasdaq.com/symbol/uaa",
"UFI","Unifi, Inc.","16.99","$313.02M","n/a","Consumer Non-Durables","Textiles","https://www.nasdaq.com/symbol/ufi",
"UNF","Unifirst Corporation","166.59","$3.18B","n/a","Consumer Services","Other Consumer Services","https://www.nasdaq.com/symbol/unf",
"UN","Unilever NV","61.42","$160.4B","n/a","Basic Industries","Package Goods/Cosmetics","https://www.nasdaq.com/symbol/un",
"UL","Unilever PLC","62.48","$164.21B","n/a","Basic Industries","Package Goods/Cosmetics","https://www.nasdaq.com/symbol/ul",
"UNP","Union Pacific Corporation","166.36","$117.76B","n/a","Transportation","Railroads","https://www.nasdaq.com/symbol/unp",
"UIS","Unisys Corporation","9.99","$517.16M","n/a","Technology","EDP Services","https://www.nasdaq.com/symbol/uis",
"UNT","Unit Corporation","8.83","$489.78M","n/a","Energy","Oil & Gas Production","https://www.nasdaq.com/symbol/unt",
"UMC","United Microelectronics Corporation","2.15","$5.04B","n/a","Technology","Semiconductors","https://www.nasdaq.com/symbol/umc",
"UNFI","United Natural Foods, Inc.","8.54","$450.1M","2019","Consumer Non-Durables","Food Distributors","https://www.nasdaq.com/symbol/unfi",
"UPS","United Parcel Service, Inc.","97.13","$67.75B","1999","Transportation","Trucking Freight/Courier Services","https://www.nasdaq.com/symbol/ups",
"URI","United Rentals, Inc.","128.62","$10.11B","1997","Technology","Diversified Commercial Services","https://www.nasdaq.com/symbol/uri",
"USM","United States Cellular Corporation","46.99","$2.51B","1988","Public Utilities","Telecommunications Equipment","https://www.nasdaq.com/symbol/usm",
"UZA","United States Cellular Corporation","25.58","n/a","n/a","Public Utilities","Telecommunications Equipment","https://www.nasdaq.com/symbol/uza",
"UZB","United States Cellular Corporation","25.95","n/a","2014","Public Utilities","Telecommunications Equipment","https://www.nasdaq.com/symbol/uzb",
"UZC","United States Cellular Corporation","26.15","n/a","2015","Public Utilities","Telecommunications Equipment","https://www.nasdaq.com/symbol/uzc",
"X","United States Steel Corporation","14.93","$2.57B","n/a","Basic Industries","Steel/Iron Ore","https://www.nasdaq.com/symbol/x",
"UTX","United Technologies Corporation","129.02","$111.33B","n/a","Capital Goods","Aerospace","https://www.nasdaq.com/symbol/utx",
"UNH","UnitedHealth Group Incorporated","247.66","$235.36B","n/a","Health Care","Medical Specialities","https://www.nasdaq.com/symbol/unh",
"UTL","UNITIL Corporation","61.04","$910.5M","n/a","Public Utilities","Power Generation","https://www.nasdaq.com/symbol/utl",
"UNVR","Univar Inc.","21","$3.56B","2015","Consumer Durables","Specialty Chemicals","https://www.nasdaq.com/symbol/unvr",
"UVV","Universal Corporation","60.94","$1.52B","n/a","Consumer Services","Farming/Seeds/Milling","https://www.nasdaq.com/symbol/uvv",
"UHT","Universal Health Realty Income Trust","85.62","$1.18B","n/a","Consumer Services","Real Estate Investment Trusts","https://www.nasdaq.com/symbol/uht",
"UHS","Universal Health Services, Inc.","128.64","$11.6B","n/a","Health Care","Hospital/Nursing Management","https://www.nasdaq.com/symbol/uhs",
"UVE","UNIVERSAL INSURANCE HOLDINGS INC","28.01","$970.49M","n/a","Finance","Property-Casualty Insurers","https://www.nasdaq.com/symbol/uve",
"UTI","Universal Technical Institute Inc","3.3","$84.14M","2003","Consumer Services","Other Consumer Services","https://www.nasdaq.com/symbol/uti",
"UNM","Unum Group","32.43","$6.87B","n/a","Finance","Accident &Health Insurance","https://www.nasdaq.com/symbol/unm",
"UNMA","Unum Group","25.85","n/a","2018","Finance","Accident &Health Insurance","https://www.nasdaq.com/symbol/unma",
"UE","Urban Edge Properties","17.29","$2.08B","2015","Finance","Real Estate","https://www.nasdaq.com/symbol/ue",
"UBA","Urstadt Biddle Properties Inc.","21.16","$843.49M","n/a","Consumer Services","Real Estate Investment Trusts","https://www.nasdaq.com/symbol/uba",
"UBP","Urstadt Biddle Properties Inc.","17.05","$679.65M","n/a","Consumer Services","Real Estate Investment Trusts","https://www.nasdaq.com/symbol/ubp",
"UBP^G","Urstadt Biddle Properties Inc.","25.5974","n/a","n/a","n/a","n/a","https://www.nasdaq.com/symbol/ubp^g",
"UBP^H","Urstadt Biddle Properties Inc.","26.46","n/a","n/a","n/a","n/a","https://www.nasdaq.com/symbol/ubp^h",
"USFD","US Foods Holding Corp.","35.76","$7.81B","2016","Consumer Non-Durables","Food Distributors","https://www.nasdaq.com/symbol/usfd",
"USAC","USA Compression Partners, LP","17.72","$1.71B","2013","Public Utilities","Natural Gas Distribution","https://www.nasdaq.com/symbol/usac",
"USNA","USANA Health Sciences, Inc.","77.82","$1.82B","n/a","Consumer Durables","Specialty Chemicals","https://www.nasdaq.com/symbol/usna",
"USDP","USD Partners LP","10.96","$290.45M","2014","Transportation","Railroads","https://www.nasdaq.com/symbol/usdp",
"BIF","USLIFE Income Fund, Inc.","11.03","$1.17B","n/a","n/a","n/a","https://www.nasdaq.com/symbol/bif",
"VFC","V.F. Corporation","85.41","$33.92B","n/a","Consumer Non-Durables","Apparel","https://www.nasdaq.com/symbol/vfc",
"EGY","VAALCO Energy, Inc. ","1.69","$101.06M","n/a","Energy","Oil & Gas Production","https://www.nasdaq.com/symbol/egy",
"MTN","Vail Resorts, Inc.","223.47","$8.98B","1997","Consumer Services","Services-Misc. Amusement & Recreation","https://www.nasdaq.com/symbol/mtn",
"VALE","VALE S.A.","13.33","$68.36B","n/a","Basic Industries","Precious Metals","https://www.nasdaq.com/symbol/vale",
"VLO","Valero Energy Corporation","81.63","$34.06B","n/a","Energy","Integrated oil Companies","https://www.nasdaq.com/symbol/vlo",
"VHI","Valhi, Inc.","2.61","$885.27M","n/a","Basic Industries","Major Chemicals","https://www.nasdaq.com/symbol/vhi",
"VMI","Valmont Industries, Inc.","119.38","$2.61B","n/a","Capital Goods","Metal Fabrications","https://www.nasdaq.com/symbol/vmi",
"VVV","Valvoline Inc.","18.94","$3.56B","2016","Basic Industries","Major Chemicals","https://www.nasdaq.com/symbol/vvv",
"VAPO","Vapotherm, Inc.","21.19","$368.44M","2018","Health Care","Medical/Dental Instruments","https://www.nasdaq.com/symbol/vapo",
"VAR","Varian Medical Systems, Inc.","135.32","$12.31B","n/a","Health Care","Biotechnology: Electromedical & Electrotherapeutic Apparatus","https://www.nasdaq.com/symbol/var",
"VGR","Vector Group Ltd.","9.77","$1.38B","n/a","Consumer Non-Durables","Farming/Seeds/Milling","https://www.nasdaq.com/symbol/vgr",
"VEC","Vectrus, Inc.","38.29","$437.39M","2014","Consumer Services","Diversified Commercial Services","https://www.nasdaq.com/symbol/vec",
"VEDL","Vedanta  Limited","9.82","$9.13B","2013","Capital Goods","Metal Fabrications","https://www.nasdaq.com/symbol/vedl",
"VEEV","Veeva Systems Inc.","157.16","$23.14B","2013","Technology","Computer Software: Prepackaged Software","https://www.nasdaq.com/symbol/veev",
"VNTR","Venator Materials PLC","5.07","$540.25M","2017","Basic Industries","Major Chemicals","https://www.nasdaq.com/symbol/vntr",
"VTR","Ventas, Inc.","69.45","$25.77B","n/a","Consumer Services","Real Estate Investment Trusts","https://www.nasdaq.com/symbol/vtr",
"VNE","Veoneer, Inc.","17.42","$1.94B","2018","Capital Goods","Auto Parts:O.E.M.","https://www.nasdaq.com/symbol/vne",
"VER","VEREIT Inc.","9.23","$8.98B","n/a","Consumer Services","Real Estate Investment Trusts","https://www.nasdaq.com/symbol/ver",
"VER^F","VEREIT Inc.","25.3","n/a","n/a","n/a","n/a","https://www.nasdaq.com/symbol/ver^f",
"VRTV","Veritiv Corporation","18.25","$293.38M","2014","Consumer Services","Paper","https://www.nasdaq.com/symbol/vrtv",
"VZ","Verizon Communications Inc.","58","$239.87B","n/a","Public Utilities","Telecommunications Equipment","https://www.nasdaq.com/symbol/vz",
"VET","Vermilion Energy Inc.","21.56","$3.34B","n/a","Energy","Oil & Gas Production","https://www.nasdaq.com/symbol/vet",
"VRS","Verso Corporation","18.4","$638.06M","2016","Basic Industries","Paper","https://www.nasdaq.com/symbol/vrs",
"VSM","Versum Materials, Inc.","51.4","$5.61B","2016","Basic Industries","Major Chemicals","https://www.nasdaq.com/symbol/vsm",
"VCIF","Vertical Capital Income Fund","9.09","n/a","2019","n/a","n/a","https://www.nasdaq.com/symbol/vcif",
"VVI","Viad Corp","65.81","$1.33B","n/a","Miscellaneous","Business Services","https://www.nasdaq.com/symbol/vvi",
"VICI","VICI Properties Inc.","21.8","$8.96B","2018","Consumer Services","Real Estate Investment Trusts","https://www.nasdaq.com/symbol/vici",
"VNCE","Vince Holding Corp.","12.99","$151.52M","2013","Consumer Services","Clothing/Shoe/Accessory Stores","https://www.nasdaq.com/symbol/vnce",
"VIPS","Vipshop Holdings Limited","7.93","$5.28B","2012","Consumer Services","Catalog/Specialty Distribution","https://www.nasdaq.com/symbol/vips",
"ZTR","Virtus Global Dividend & Income Fund Inc.","11.52","$283.4M","1988","n/a","n/a","https://www.nasdaq.com/symbol/ztr",
"VGI","Virtus Global Multi-Sector Income Fund","12.51","$141.42M","2012","n/a","n/a","https://www.nasdaq.com/symbol/vgi",
"ZF","Virtus Total Return Fund Inc.","10.66","$229.48M","1986","n/a","n/a","https://www.nasdaq.com/symbol/zf",
"V","Visa Inc.","171.28","$374.31B","n/a","Miscellaneous","Business Services","https://www.nasdaq.com/symbol/v",
"VSH","Vishay Intertechnology, Inc.","15.71","$2.27B","n/a","Capital Goods","Electrical Products","https://www.nasdaq.com/symbol/vsh",
"VPG","Vishay Precision Group, Inc.","37.79","$510.68M","n/a","Capital Goods","Electrical Products","https://www.nasdaq.com/symbol/vpg",
"VSTO","Vista Outdoor Inc.","8.23","$475.08M","2015","Capital Goods","Ordnance And Accessories","https://www.nasdaq.com/symbol/vsto",
"DYNC","Vistra Energy Corp.","95.71","n/a","2016","Public Utilities","Electric Utilities: Central","https://www.nasdaq.com/symbol/dync",
"VST","Vistra Energy Corp.","23.37","$11.28B","n/a","Public Utilities","Electric Utilities: Central","https://www.nasdaq.com/symbol/vst",
"VST.WS.A","Vistra Energy Corp.","n/a","n/a","n/a","n/a","n/a","https://www.nasdaq.com/symbol/vst.ws.a",
"VSI","Vitamin Shoppe, Inc","3.62","$86.86M","2009","Consumer Non-Durables","Food Chains","https://www.nasdaq.com/symbol/vsi",
"VSLR","Vivint Solar, Inc.","6.96","$839.46M","2014","Capital Goods","Building Products","https://www.nasdaq.com/symbol/vslr",
"VMW","Vmware, Inc.","170.87","$69.92B","2007","Technology","Computer Software: Prepackaged Software","https://www.nasdaq.com/symbol/vmw",
"VOC","VOC Energy Trust","4.82","$81.94M","2011","Energy","Oil & Gas Production","https://www.nasdaq.com/symbol/voc",
"VCRA","Vocera Communications, Inc.","31","$965.18M","2012","Capital Goods","Telecommunications Equipment","https://www.nasdaq.com/symbol/vcra",
"VG","Vonage Holdings Corp.","11.3","$2.74B","2006","Public Utilities","Telecommunications Equipment","https://www.nasdaq.com/symbol/vg",
"VNO","Vornado Realty Trust","64.56","$12.32B","n/a","Consumer Services","Real Estate Investment Trusts","https://www.nasdaq.com/symbol/vno",
"VNO^K","Vornado Realty Trust","25.11","n/a","n/a","n/a","n/a","https://www.nasdaq.com/symbol/vno^k",
"VNO^L","Vornado Realty Trust","24.72","n/a","n/a","n/a","n/a","https://www.nasdaq.com/symbol/vno^l",
"VNO^M","Vornado Realty Trust","24.38","n/a","n/a","n/a","n/a","https://www.nasdaq.com/symbol/vno^m",
"VJET","voxeljet AG","1.84","$44.49M","2013","Capital Goods","Industrial Machinery/Components","https://www.nasdaq.com/symbol/vjet",
"IAE","Voya Asia Pacific High Dividend Equity Income Fund","9.14","$108.76M","2007","n/a","n/a","https://www.nasdaq.com/symbol/iae",
"IHD","Voya Emerging Markets High Income Dividend Equity Fund","7.67","$146.03M","2011","n/a","n/a","https://www.nasdaq.com/symbol/ihd",
"VOYA","Voya Financial, Inc.","52.89","$7.58B","2013","Finance","Life Insurance","https://www.nasdaq.com/symbol/voya",
"VOYA^B","Voya Financial, Inc.","25.3","n/a","n/a","n/a","n/a","https://www.nasdaq.com/symbol/voya^b",
"IGA","Voya Global Advantage and Premium Opportunity Fund","10.53","$192.75M","2005","n/a","n/a","https://www.nasdaq.com/symbol/iga",
"IGD","Voya Global Equity Dividend and Premium Opportunity Fund","6.41","$622.27M","2005","n/a","n/a","https://www.nasdaq.com/symbol/igd",
"IDE","Voya Infrastructure, Industrials and Materials Fund","12.18","$234.81M","2010","n/a","n/a","https://www.nasdaq.com/symbol/ide",
"IID","Voya International High Dividend Equity Income Fund","5.73","$48.27M","2007","n/a","n/a","https://www.nasdaq.com/symbol/iid",
"IRR","Voya Natural Resources Equity Income Fund","5.14","$116.68M","n/a","n/a","n/a","https://www.nasdaq.com/symbol/irr",
"PPR","Voya Prime Rate Trust","4.76","$703.47M","n/a","n/a","n/a","https://www.nasdaq.com/symbol/ppr",
"VMC","Vulcan Materials Company","134.39","$17.75B","n/a","Basic Industries","Mining & Quarrying of Nonmetallic Minerals (No Fuels)","https://www.nasdaq.com/symbol/vmc",
"WTI","W&T Offshore, Inc.","4.51","$634.3M","2005","Energy","Oil & Gas Production","https://www.nasdaq.com/symbol/wti",
"WPC","W.P. Carey Inc.","84.03","$14.32B","n/a","Consumer Services","Real Estate Investment Trusts","https://www.nasdaq.com/symbol/wpc",
"WRB","W.R. Berkley Corporation","66.75","$12.22B","n/a","Finance","Property-Casualty Insurers","https://www.nasdaq.com/symbol/wrb",
"WRB^B","W.R. Berkley Corporation","25.5","n/a","n/a","n/a","n/a","https://www.nasdaq.com/symbol/wrb^b",
"WRB^C","W.R. Berkley Corporation","25.9","n/a","n/a","n/a","n/a","https://www.nasdaq.com/symbol/wrb^c",
"WRB^D","W.R. Berkley Corporation","25.4568","n/a","n/a","n/a","n/a","https://www.nasdaq.com/symbol/wrb^d",
"WRB^E","W.R. Berkley Corporation","26.02","n/a","n/a","n/a","n/a","https://www.nasdaq.com/symbol/wrb^e",
"GRA","W.R. Grace & Co.","74.92","$5.01B","n/a","Basic Industries","Major Chemicals","https://www.nasdaq.com/symbol/gra",
"GWW","W.W. Grainger, Inc.","267.56","$14.83B","n/a","Consumer Services","Office Equipment/Supplies/Services","https://www.nasdaq.com/symbol/gww",
"WNC","Wabash National Corporation","15.68","$869.09M","1991","Capital Goods","Construction/Ag Equipment/Trucks","https://www.nasdaq.com/symbol/wnc",
"WBC","Wabco Holdings Inc.","132.23","$6.77B","n/a","Capital Goods","Auto Manufacturing","https://www.nasdaq.com/symbol/wbc",
"WDR","Waddell & Reed Financial, Inc.","16.16","$1.21B","1998","Finance","Investment Bankers/Brokers/Service","https://www.nasdaq.com/symbol/wdr",
"WAGE","WageWorks, Inc.","50.82","$2.03B","2012","Miscellaneous","Business Services","https://www.nasdaq.com/symbol/wage",
"WD","Walker & Dunlop, Inc.","51.39","$1.58B","2010","Finance","Finance: Consumer Services","https://www.nasdaq.com/symbol/wd",
"WMT","Walmart Inc.","110.72","$316.07B","n/a","Consumer Services","Department/Specialty Retail Stores","https://www.nasdaq.com/symbol/wmt",
"DIS","Walt Disney Company (The)","139.94","$251.85B","n/a","Consumer Services","Services-Misc. Amusement & Recreation","https://www.nasdaq.com/symbol/dis",
"HCC","Warrior Met Coal, Inc.","25.04","$1.29B","2017","Energy","Coal Mining","https://www.nasdaq.com/symbol/hcc",
"WPG","Washington Prime Group Inc.","3.51","$654.6M","2014","Consumer Services","Real Estate Investment Trusts","https://www.nasdaq.com/symbol/wpg",
"WPG^H","Washington Prime Group Inc.","20.66","n/a","n/a","n/a","n/a","https://www.nasdaq.com/symbol/wpg^h",
"WPG^I","Washington Prime Group Inc.","18.82","n/a","n/a","n/a","n/a","https://www.nasdaq.com/symbol/wpg^i",
"WRE","Washington Real Estate Investment Trust","26.92","$2.15B","n/a","n/a","n/a","https://www.nasdaq.com/symbol/wre",
"WCN","Waste Connections, Inc.","94.73","$24.98B","n/a","Public Utilities","Environmental Services","https://www.nasdaq.com/symbol/wcn",
"WM","Waste Management, Inc.","116.42","$49.45B","n/a","Public Utilities","Environmental Services","https://www.nasdaq.com/symbol/wm",
"WAT","Waters Corporation","211.26","$14.68B","1995","Capital Goods","Biotechnology: Laboratory Analytical Instruments","https://www.nasdaq.com/symbol/wat",
"WSO","Watsco, Inc.","160.84","$6.06B","n/a","Consumer Durables","Industrial Machinery/Components","https://www.nasdaq.com/symbol/wso",
"WSO.B","Watsco, Inc.","n/a","n/a","n/a","n/a","n/a","https://www.nasdaq.com/symbol/wso.b",
"WTS","Watts Water Technologies, Inc.","91.27","$2.53B","1986","Capital Goods","Metal Fabrications","https://www.nasdaq.com/symbol/wts",
"W","Wayfair Inc.","144.4","$13.2B","2014","Consumer Services","Catalog/Specialty Distribution","https://www.nasdaq.com/symbol/w",
"WBS","Webster Financial Corporation","45.34","$4.18B","n/a","Finance","Major Banks","https://www.nasdaq.com/symbol/wbs",
"WBS^F","Webster Financial Corporation","24.98","n/a","n/a","n/a","n/a","https://www.nasdaq.com/symbol/wbs^f",
"WEC","WEC Energy Group, Inc.","84.94","$26.79B","n/a","Public Utilities","Power Generation","https://www.nasdaq.com/symbol/wec",
"WEI","Weidai Ltd.","9.08","$639.66M","2018","Finance","Finance: Consumer Services","https://www.nasdaq.com/symbol/wei",
"WRI","Weingarten Realty Investors","27.67","$3.56B","n/a","Consumer Services","Real Estate Investment Trusts","https://www.nasdaq.com/symbol/wri",
"WMK","Weis Markets, Inc.","36.09","$970.76M","n/a","Consumer Services","Food Chains","https://www.nasdaq.com/symbol/wmk",
"WBT","Welbilt, Inc.","16.08","$2.26B","2016","Technology","Industrial Machinery/Components","https://www.nasdaq.com/symbol/wbt",
"WCG","WellCare Health Plans, Inc.","290.22","$14.6B","2004","Health Care","Medical Specialities","https://www.nasdaq.com/symbol/wcg",
"WFC","Wells Fargo & Company","46.14","$207.37B","n/a","Finance","Major Banks","https://www.nasdaq.com/symbol/wfc",
"WFC^L","Wells Fargo & Company","1364.87","n/a","n/a","n/a","n/a","https://www.nasdaq.com/symbol/wfc^l",
"WFC^N","Wells Fargo & Company","25.01","n/a","n/a","n/a","n/a","https://www.nasdaq.com/symbol/wfc^n",
"WFC^O","Wells Fargo & Company","24.99","n/a","n/a","n/a","n/a","https://www.nasdaq.com/symbol/wfc^o",
"WFC^P","Wells Fargo & Company","25.02","n/a","n/a","n/a","n/a","https://www.nasdaq.com/symbol/wfc^p",
"WFC^Q","Wells Fargo & Company","26.23","n/a","n/a","n/a","n/a","https://www.nasdaq.com/symbol/wfc^q",
"WFC^R","Wells Fargo & Company","28.5499","n/a","n/a","n/a","n/a","https://www.nasdaq.com/symbol/wfc^r",
"WFC^T","Wells Fargo & Company","25.48","n/a","n/a","n/a","n/a","https://www.nasdaq.com/symbol/wfc^t",
"WFC^V","Wells Fargo & Company","26.05","n/a","n/a","n/a","n/a","https://www.nasdaq.com/symbol/wfc^v",
"WFC^W","Wells Fargo & Company","25.86","n/a","n/a","n/a","n/a","https://www.nasdaq.com/symbol/wfc^w",
"WFC^X","Wells Fargo & Company","25.36","n/a","n/a","n/a","n/a","https://www.nasdaq.com/symbol/wfc^x",
"WFC^Y","Wells Fargo & Company","25.78","n/a","n/a","n/a","n/a","https://www.nasdaq.com/symbol/wfc^y",
"WFE^A","Wells Fargo & Company","25.6","n/a","n/a","n/a","n/a","https://www.nasdaq.com/symbol/wfe^a",
"EOD","Wells Fargo Global Dividend Opportunity Fund","5.43","$244.02M","2007","n/a","n/a","https://www.nasdaq.com/symbol/eod",
"WELL","Welltower Inc.","83.3","$33.73B","n/a","Consumer Services","Real Estate Investment Trusts","https://www.nasdaq.com/symbol/well",
"WAIR","Wesco Aircraft Holdings, Inc.","10.45","$1.04B","2011","Capital Goods","Wholesale Distributors","https://www.nasdaq.com/symbol/wair",
"WCC","WESCO International, Inc.","50.02","$2.24B","1999","Consumer Non-Durables","Telecommunications Equipment","https://www.nasdaq.com/symbol/wcc",
"WST","West Pharmaceutical Services, Inc.","122.59","$9.01B","n/a","Basic Industries","Specialty Chemicals","https://www.nasdaq.com/symbol/wst",
"WAL","Western Alliance Bancorporation","43.25","$4.52B","2005","Finance","Major Banks","https://www.nasdaq.com/symbol/wal",
"WALA","Western Alliance Bancorporation","25.92","n/a","2016","Finance","Major Banks","https://www.nasdaq.com/symbol/wala",
"WEA","Western Asset Bond Fund","13.78","$164.05M","2002","n/a","n/a","https://www.nasdaq.com/symbol/wea",
"TLI","Western Asset Corporate Loan Fund Inc","9.56","$95.02M","1998","n/a","n/a","https://www.nasdaq.com/symbol/tli",
"EMD","Western Asset Emerging Markets Debt Fund Inc","14.2","$862.59M","n/a","n/a","n/a","https://www.nasdaq.com/symbol/emd",
"GDO","Western Asset Global Corporate Defined Opportunity Fund Inc.","16.73","$249.96M","2009","n/a","n/a","https://www.nasdaq.com/symbol/gdo",
"EHI","Western Asset Global High Income Fund Inc","9.93","$440.89M","2003","n/a","n/a","https://www.nasdaq.com/symbol/ehi",
"HIX","Western Asset High Income Fund II Inc.","6.86","$588.85M","1998","n/a","n/a","https://www.nasdaq.com/symbol/hix",
"HIO","Western Asset High Income Opportunity Fund, Inc.","5","$639.75M","n/a","n/a","n/a","https://www.nasdaq.com/symbol/hio",
"HYI","Western Asset High Yield Defined Opportunity Fund Inc.","14.98","$341.29M","2010","n/a","n/a","https://www.nasdaq.com/symbol/hyi",
"SBI","Western Asset Intermediate Muni Fund Inc","8.94","$125.9M","1992","n/a","n/a","https://www.nasdaq.com/symbol/sbi",
"IGI","Western Asset Investment Grade Defined Opportunity Trust Inc.","21.07","$228.14M","2009","n/a","n/a","https://www.nasdaq.com/symbol/igi",
"PAI","Western Asset Investment Grade Income Fund Inc.","14.71","$139.56M","n/a","n/a","n/a","https://www.nasdaq.com/symbol/pai",
"MMU","Western Asset Managed Municipals Fund, Inc.","13.64","$590.46M","1992","n/a","n/a","https://www.nasdaq.com/symbol/mmu",
"WMC","Western Asset Mortgage Capital Corporation","10.02","$483.21M","2012","Consumer Services","Real Estate Investment Trusts","https://www.nasdaq.com/symbol/wmc",
"DMO","Western Asset Mortgage Defined Opportunity Fund Inc","21.25","$222.78M","2010","n/a","n/a","https://www.nasdaq.com/symbol/dmo",
"MTT","Western Asset Municipal Defined Opportunity Trust Inc","21.81","$265.71M","2009","n/a","n/a","https://www.nasdaq.com/symbol/mtt",
"MHF","Western Asset Municipal High Income Fund, Inc.","7.55","$163.33M","1988","n/a","n/a","https://www.nasdaq.com/symbol/mhf",
"MNP","Western Asset Municipal Partners Fund, Inc.","14.84","$144.23M","1993","n/a","n/a","https://www.nasdaq.com/symbol/mnp",
"GFY","Western Asset Variable Rate Strategic Fund Inc.","16.21","$75.67M","2004","n/a","n/a","https://www.nasdaq.com/symbol/gfy",
"WIW","Western Asset/Claymore U.S Treasury Inflation Prot Secs Fd 2","11.155","$682.51M","2004","n/a","n/a","https://www.nasdaq.com/symbol/wiw",
"WIA","Western Asset/Claymore U.S. Treasury Inflation Prot Secs Fd","11.49","$334.97M","2003","n/a","n/a","https://www.nasdaq.com/symbol/wia",
"WES","Western Midstream Partners, LP","29.95","$13.57B","2012","Public Utilities","Natural Gas Distribution","https://www.nasdaq.com/symbol/wes",
"WU","Western Union Company (The)","19.94","$8.59B","n/a","Miscellaneous","Business Services","https://www.nasdaq.com/symbol/wu",
"WAB","Westinghouse Air Brake Technologies Corporation","68.48","$11.15B","n/a","Capital Goods","Railroads","https://www.nasdaq.com/symbol/wab",
"WLK","Westlake Chemical Corporation","66.12","$8.5B","2004","Basic Industries","Major Chemicals","https://www.nasdaq.com/symbol/wlk",
"WLKP","Westlake Chemical Partners LP","24.33","$856.13M","2014","Basic Industries","Major Chemicals","https://www.nasdaq.com/symbol/wlkp",
"WBK","Westpac Banking Corporation","19.7","$67.78B","n/a","Finance","Commercial Banks","https://www.nasdaq.com/symbol/wbk",
"WRK","Westrock Company","34.65","$8.91B","2015","Consumer Durables","Containers/Packaging","https://www.nasdaq.com/symbol/wrk",
"WHG","Westwood Holdings Group Inc","31.47","$282.32M","n/a","Finance","Investment Managers","https://www.nasdaq.com/symbol/whg",
"WEX","WEX Inc.","198.77","$8.6B","n/a","Miscellaneous","Business Services","https://www.nasdaq.com/symbol/wex",
"WY","Weyerhaeuser Company","25.56","$19.04B","n/a","Consumer Services","Real Estate Investment Trusts","https://www.nasdaq.com/symbol/wy",
"WPM","Wheaton Precious Metals Corp.","24.61","$10.97B","n/a","Basic Industries","Precious Metals","https://www.nasdaq.com/symbol/wpm",
"WHR","Whirlpool Corporation","137.6","$8.72B","n/a","Consumer Durables","Consumer Electronics/Appliances","https://www.nasdaq.com/symbol/whr",
"WTM","White Mountains Insurance Group, Ltd.","1038.2","$3.26B","n/a","Finance","Property-Casualty Insurers","https://www.nasdaq.com/symbol/wtm",
"WSR","Whitestone REIT","12.52","$498.67M","2010","Consumer Services","Real Estate Investment Trusts","https://www.nasdaq.com/symbol/wsr",
"WLL","Whiting Petroleum Corporation","17.26","$1.58B","2003","Energy","Oil & Gas Production","https://www.nasdaq.com/symbol/wll",
"WOW","WideOpenWest, Inc.","7.03","$593.35M","2017","Consumer Services","Television Services","https://www.nasdaq.com/symbol/wow",
"WMB","Williams Companies, Inc. (The)","26.79","$32.46B","n/a","Public Utilities","Natural Gas Distribution","https://www.nasdaq.com/symbol/wmb",
"WSM","Williams-Sonoma, Inc.","62.7","$4.93B","n/a","Consumer Services","Home Furnishings","https://www.nasdaq.com/symbol/wsm",
"WGO","Winnebago Industries, Inc.","37.27","$1.18B","n/a","Consumer Non-Durables","Homebuilding","https://www.nasdaq.com/symbol/wgo",
"WIT","Wipro Limited","4.33","$26.01B","n/a","Technology","EDP Services","https://www.nasdaq.com/symbol/wit",
"WNS","WNS (Holdings) Limited","58.67","$2.94B","2006","Miscellaneous","Business Services","https://www.nasdaq.com/symbol/wns",
"WWW","Wolverine World Wide, Inc.","26.81","$2.38B","n/a","Consumer Non-Durables","Shoe Manufacturing","https://www.nasdaq.com/symbol/www",
"WF","Woori Bank","36.5","$8.28B","n/a","Finance","Commercial Banks","https://www.nasdaq.com/symbol/wf",
"WK","Workiva Inc.","55.69","$1.99B","2014","Technology","Computer Software: Prepackaged Software","https://www.nasdaq.com/symbol/wk",
"INT","World Fuel Services Corporation","34.12","$2.29B","n/a","Energy","Oil Refining/Marketing","https://www.nasdaq.com/symbol/int",
"WWE","World Wrestling Entertainment, Inc.","72.08","$5.63B","n/a","Consumer Services","Movies/Entertainment","https://www.nasdaq.com/symbol/wwe",
"WP","Worldpay, Inc.","122.77","$38.22B","2012","Miscellaneous","Business Services","https://www.nasdaq.com/symbol/wp",
"WOR","Worthington Industries, Inc.","37.2","$2.13B","n/a","Capital Goods","Steel/Iron Ore","https://www.nasdaq.com/symbol/wor",
"WPP","WPP plc","61.68","$15.57B","n/a","Technology","Advertising","https://www.nasdaq.com/symbol/wpp",
"WPX","WPX Energy, Inc.","10.96","$4.63B","2011","Energy","Oil & Gas Production","https://www.nasdaq.com/symbol/wpx",
"WYND","Wyndham Destinations, Inc.","41.95","$3.93B","n/a","Consumer Services","Hotels/Resorts","https://www.nasdaq.com/symbol/wynd",
"WH","Wyndham Hotels & Resorts, Inc.","55.28","$5.38B","2018","Consumer Services","Hotels/Resorts","https://www.nasdaq.com/symbol/wh",
"XYF","X Financial","3.84","$596.38M","2018","Finance","Finance: Consumer Services","https://www.nasdaq.com/symbol/xyf",
"XFLT","XAI Octagon Floating Rate & Alternative Income Term Trust","9","$75.15M","2017","n/a","n/a","https://www.nasdaq.com/symbol/xflt",
"XHR","Xenia Hotels & Resorts, Inc.","20.75","$2.34B","2015","Consumer Services","Hotels/Resorts","https://www.nasdaq.com/symbol/xhr",
"XRX","Xerox Corporation","34.76","$7.81B","n/a","Technology","Computer peripheral equipment","https://www.nasdaq.com/symbol/xrx",
"XIN","Xinyuan Real Estate Co Ltd","4.18","$250.39M","2007","Basic Industries","Homebuilding","https://www.nasdaq.com/symbol/xin",
"XPO","XPO Logistics, Inc.","52.11","$4.79B","n/a","Consumer Services","Transportation Services","https://www.nasdaq.com/symbol/xpo",
"XYL","Xylem Inc.","81.56","$14.68B","2011","Capital Goods","Fluid Controls","https://www.nasdaq.com/symbol/xyl",
"AUY","Yamana Gold Inc.","2.47","$2.35B","n/a","Basic Industries","Precious Metals","https://www.nasdaq.com/symbol/auy",
"YELP","Yelp Inc.","32.71","$2.53B","2012","Consumer Services","Other Consumer Services","https://www.nasdaq.com/symbol/yelp",
"YETI","YETI Holdings, Inc.","27.61","$2.33B","2018","Consumer Non-Durables","Recreational Products/Toys","https://www.nasdaq.com/symbol/yeti",
"YEXT","Yext, Inc.","19.35","$2.15B","2017","Technology","EDP Services","https://www.nasdaq.com/symbol/yext",
"YRD","Yirendai Ltd.","13.39","$824.35M","2015","Finance","Finance: Consumer Services","https://www.nasdaq.com/symbol/yrd",
"YPF","YPF Sociedad Anonima","18.15","$7.14B","1993","Energy","Integrated oil Companies","https://www.nasdaq.com/symbol/ypf",
"YUMC","Yum China Holdings, Inc.","45.98","$17.39B","2016","Consumer Services","Restaurants","https://www.nasdaq.com/symbol/yumc",
"YUM","Yum! Brands, Inc.","110.31","$33.75B","n/a","Consumer Services","Restaurants","https://www.nasdaq.com/symbol/yum",
"ZAYO","Zayo Group Holdings, Inc.","33","$7.77B","2014","Public Utilities","Telecommunications Equipment","https://www.nasdaq.com/symbol/zayo",
"ZEN","Zendesk, Inc.","87.81","$9.62B","2014","Technology","EDP Services","https://www.nasdaq.com/symbol/zen",
"ZBH","Zimmer Biomet Holdings, Inc.","116.7","$23.9B","n/a","Health Care","Industrial Specialties","https://www.nasdaq.com/symbol/zbh",
"ZB^A","Zions Bancorporation N.A.","22.9868","n/a","n/a","n/a","n/a","https://www.nasdaq.com/symbol/zb^a",
"ZB^G","Zions Bancorporation N.A.","27.635","n/a","n/a","n/a","n/a","https://www.nasdaq.com/symbol/zb^g",
"ZB^H","Zions Bancorporation N.A.","25.48","n/a","n/a","n/a","n/a","https://www.nasdaq.com/symbol/zb^h",
"ZBK","Zions Bancorporation N.A.","28.45","n/a","n/a","Finance","Major Banks","https://www.nasdaq.com/symbol/zbk",
"ZTS","Zoetis Inc.","113.86","$54.5B","2013","Health Care","Major Pharmaceuticals","https://www.nasdaq.com/symbol/zts",
"ZTO","ZTO Express (Cayman) Inc.","18.95","$14.93B","2016","Transportation","Trucking Freight/Courier Services","https://www.nasdaq.com/symbol/zto",
"ZUO","Zuora, Inc.","14.89","$1.65B","2018","Technology","Computer Software: Prepackaged Software","https://www.nasdaq.com/symbol/zuo",
"ZYME","Zymeworks Inc.","22.4","$875.29M","2017","Health Care","Major Pharmaceuticals","https://www.nasdaq.com/symbol/zyme",
