"Symbol","Name","LastSale","MarketCap","IPOyear","Sector","industry","Summary Quote",
"YI","111, Inc.","5.78","$471.99M","2018","Health Care","Medical/Nursing Services","https://www.nasdaq.com/symbol/yi",
"PIH","1347 Property Insurance Holdings, Inc.","5.29","$31.81M","2014","Finance","Property-Casualty Insurers","https://www.nasdaq.com/symbol/pih",
"PIHPP","1347 Property Insurance Holdings, Inc.","24.75","$17.33M","n/a","Finance","Property-Casualty Insurers","https://www.nasdaq.com/symbol/pihpp",
"TURN","180 Degree Capital Corp.","1.96","$61M","n/a","Finance","Finance/Investors Services","https://www.nasdaq.com/symbol/turn",
"FLWS","1-800 FLOWERS.COM, Inc.","19.01","$1.22B","1999","Consumer Services","Other Specialty Stores","https://www.nasdaq.com/symbol/flws",
"BCOW","1895 Bancorp of Wisconsin, Inc.","9.3","$45.35M","2019","Finance","Banks","https://www.nasdaq.com/symbol/bcow",
"FCCY","1st Constitution Bancorp (NJ)","17.54","$151.33M","n/a","Finance","Savings Institutions","https://www.nasdaq.com/symbol/fccy",
"SRCE","1st Source Corporation","44.42","$1.14B","n/a","Finance","Major Banks","https://www.nasdaq.com/symbol/srce",
"VNET","21Vianet Group, Inc.","7.59","$853.06M","2011","Technology","Computer Software: Programming, Data Processing","https://www.nasdaq.com/symbol/vnet",
"TWOU","2U, Inc.","35.87","$2.26B","2014","Technology","Computer Software: Prepackaged Software","https://www.nasdaq.com/symbol/twou",
"QFIN","360 Finance, Inc.","10.7","$1.54B","2018","Finance","Finance: Consumer Services","https://www.nasdaq.com/symbol/qfin",
"JOBS","51job, Inc.","70.11","$4.38B","2004","Technology","Diversified Commercial Services","https://www.nasdaq.com/symbol/jobs",
"JFK","8i Enterprises Acquisition Corp","9.91","$73.61M","2019","Finance","Business Services","https://www.nasdaq.com/symbol/jfk",
"JFKKR","8i Enterprises Acquisition Corp","0.28","n/a","2019","Finance","Business Services","https://www.nasdaq.com/symbol/jfkkr",
"JFKKU","8i Enterprises Acquisition Corp","10.32","$51.6M","2019","Finance","Business Services","https://www.nasdaq.com/symbol/jfkku",
"JFKKW","8i Enterprises Acquisition Corp","0.2","$1.15M","2019","Finance","Business Services","https://www.nasdaq.com/symbol/jfkkw",
"EGHT","8x8 Inc","23.31","$2.24B","n/a","Technology","EDP Services","https://www.nasdaq.com/symbol/eght",
"AAON","AAON, Inc.","47.74","$2.49B","n/a","Capital Goods","Industrial Machinery/Components","https://www.nasdaq.com/symbol/aaon",
"ABEO","Abeona Therapeutics Inc.","4.61","$226.64M","n/a","Health Care","Major Pharmaceuticals","https://www.nasdaq.com/symbol/abeo",
"ABEOW","Abeona Therapeutics Inc.","0.97","n/a","n/a","Health Care","Major Pharmaceuticals","https://www.nasdaq.com/symbol/abeow",
"ABIL","Ability Inc.","0.92","$7.4M","2014","Capital Goods","Telecommunications Equipment","https://www.nasdaq.com/symbol/abil",
"ABMD","ABIOMED, Inc.","257.06","$11.6B","n/a","Health Care","Medical/Dental Instruments","https://www.nasdaq.com/symbol/abmd",
"AXAS","Abraxas Petroleum Corporation","1.06","$178.47M","n/a","Energy","Oil & Gas Production","https://www.nasdaq.com/symbol/axas",
"ACIU","AC Immune SA","5.26","$355.38M","2016","Health Care","Major Pharmaceuticals","https://www.nasdaq.com/symbol/aciu",
"ACIA","Acacia Communications, Inc.","44.95","$1.82B","2016","Technology","Semiconductors","https://www.nasdaq.com/symbol/acia",
"ACTG","Acacia Research Corporation","2.89","$144.69M","n/a","Miscellaneous","Multi-Sector Companies","https://www.nasdaq.com/symbol/actg",
"ACHC","Acadia Healthcare Company, Inc.","34.45","$3.05B","n/a","Health Care","Medical Specialities","https://www.nasdaq.com/symbol/achc",
"ACAD","ACADIA Pharmaceuticals Inc.","25.78","$3.71B","1985","Health Care","Major Pharmaceuticals","https://www.nasdaq.com/symbol/acad",
"ACAM","Acamar Partners Acquisition Corp.","9.75","$372.42M","2019","Finance","Business Services","https://www.nasdaq.com/symbol/acam",
"ACAMU","Acamar Partners Acquisition Corp.","10","n/a","2019","Finance","Business Services","https://www.nasdaq.com/symbol/acamu",
"ACAMW","Acamar Partners Acquisition Corp.","0.75","n/a","2019","Finance","Business Services","https://www.nasdaq.com/symbol/acamw",
"ACST","Acasti Pharma, Inc.","1.05","$82.04M","n/a","Health Care","Major Pharmaceuticals","https://www.nasdaq.com/symbol/acst",
"AXDX","Accelerate Diagnostics, Inc.","19.82","$1.08B","n/a","Capital Goods","Biotechnology: Laboratory Analytical Instruments","https://www.nasdaq.com/symbol/axdx",
"XLRN","Acceleron Pharma Inc.","39.6","$2.09B","2013","Health Care","Biotechnology: Biological Products (No Diagnostic Substances)","https://www.nasdaq.com/symbol/xlrn",
"ARAY","Accuray Incorporated","3.79","$333.61M","2007","Health Care","Medical/Dental Instruments","https://www.nasdaq.com/symbol/aray",
"ACRX","AcelRx Pharmaceuticals, Inc.","2.19","$172.82M","2011","Health Care","Major Pharmaceuticals","https://www.nasdaq.com/symbol/acrx",
"ACER","Acer Therapeutics Inc.","4.12","$41.56M","n/a","Health Care","Major Pharmaceuticals","https://www.nasdaq.com/symbol/acer",
"ACHV","Achieve Life Sciences, Inc. ","2.07","$16.2M","n/a","Health Care","Biotechnology: In Vitro & In Vivo Diagnostic Substances","https://www.nasdaq.com/symbol/achv",
"ACHN","Achillion Pharmaceuticals, Inc.","2.72","$377.33M","2006","Health Care","Major Pharmaceuticals","https://www.nasdaq.com/symbol/achn",
"ACIW","ACI Worldwide, Inc.","32.35","$3.58B","n/a","Technology","Computer Software: Prepackaged Software","https://www.nasdaq.com/symbol/aciw",
"ACRS","Aclaris Therapeutics, Inc.","4.4","$181.6M","2015","Health Care","Major Pharmaceuticals","https://www.nasdaq.com/symbol/acrs",
"ACMR","ACM Research, Inc.","15.44","$248.46M","2017","Technology","Industrial Machinery/Components","https://www.nasdaq.com/symbol/acmr",
"ACNB","ACNB Corporation","35.7","$251.67M","n/a","Finance","Major Banks","https://www.nasdaq.com/symbol/acnb",
"ACOR","Acorda Therapeutics, Inc.","7.06","$339.58M","2006","Health Care","Biotechnology: Biological Products (No Diagnostic Substances)","https://www.nasdaq.com/symbol/acor",
"ACTT","Act II Global Acquisition Corp.","9.73","$291.9M","2019","Finance","Business Services","https://www.nasdaq.com/symbol/actt",
"ACTTU","Act II Global Acquisition Corp.","10.11","n/a","2019","Finance","Business Services","https://www.nasdaq.com/symbol/acttu",
"ACTTW","Act II Global Acquisition Corp.","0.69","$15.01M","2019","Finance","Business Services","https://www.nasdaq.com/symbol/acttw",
"ATVI","Activision Blizzard, Inc","46.2","$35.39B","n/a","Technology","Computer Software: Prepackaged Software","https://www.nasdaq.com/symbol/atvi",
"ADMS","Adamas Pharmaceuticals, Inc.","5.87","$161.62M","2014","Health Care","Major Pharmaceuticals","https://www.nasdaq.com/symbol/adms",
"ADMP","Adamis Pharmaceuticals Corporation","1.26","$59.78M","n/a","Health Care","Major Pharmaceuticals","https://www.nasdaq.com/symbol/admp",
"ADAP","Adaptimmune Therapeutics plc","3.98","$416.81M","2015","Health Care","Biotechnology: Biological Products (No Diagnostic Substances)","https://www.nasdaq.com/symbol/adap",
"ADUS","Addus HomeCare Corporation","74.81","$986.19M","2009","Health Care","Medical/Nursing Services","https://www.nasdaq.com/symbol/adus",
"AEY","ADDvantage Technologies Group, Inc.","1.58","$16.37M","n/a","Consumer Services","Office Equipment/Supplies/Services","https://www.nasdaq.com/symbol/aey",
"IOTS","Adesto Technologies Corporation","7.78","$231.22M","2015","Technology","Semiconductors","https://www.nasdaq.com/symbol/iots",
"ADIL","Adial Pharmaceuticals, Inc","1.85","$18.91M","2018","Health Care","Major Pharmaceuticals","https://www.nasdaq.com/symbol/adil",
"ADILW","Adial Pharmaceuticals, Inc","0.175","n/a","2018","Health Care","Major Pharmaceuticals","https://www.nasdaq.com/symbol/adilw",
"ADMA","ADMA Biologics Inc","3.63","$215.32M","n/a","Health Care","Biotechnology: Biological Products (No Diagnostic Substances)","https://www.nasdaq.com/symbol/adma",
"ADBE","Adobe Inc.","287.97","$140.52B","1986","Technology","Computer Software: Prepackaged Software","https://www.nasdaq.com/symbol/adbe",
"ADOM","ADOMANI, Inc.","0.31","$22.58M","2017","Capital Goods","Auto Parts:O.E.M.","https://www.nasdaq.com/symbol/adom",
"ADTN","ADTRAN, Inc.","15.4","$736.26M","1994","Public Utilities","Telecommunications Equipment","https://www.nasdaq.com/symbol/adtn",
"ADRO","Aduro Biotech, Inc.","1.79","$143.28M","2015","Health Care","Major Pharmaceuticals","https://www.nasdaq.com/symbol/adro",
"ADES","Advanced Emissions Solutions, Inc.","12.23","$228.08M","n/a","Basic Industries","Major Chemicals","https://www.nasdaq.com/symbol/ades",
"AEIS","Advanced Energy Industries, Inc.","53.94","$2.06B","1995","Capital Goods","Industrial Machinery/Components","https://www.nasdaq.com/symbol/aeis",
"AMD","Advanced Micro Devices, Inc.","28.86","$31.21B","n/a","Technology","Semiconductors","https://www.nasdaq.com/symbol/amd",
"ADXS","Advaxis, Inc.","2.2","$17.65M","n/a","Health Care","Major Pharmaceuticals","https://www.nasdaq.com/symbol/adxs",
"ADVM","Adverum Biotechnologies, Inc.","11","$701.59M","2014","Health Care","Biotechnology: Biological Products (No Diagnostic Substances)","https://www.nasdaq.com/symbol/advm",
"DWMC","AdvisorShares Dorsey Wright Micro-Cap ETF","22.4","$2.24M","n/a","n/a","n/a","https://www.nasdaq.com/symbol/dwmc",
"DWSH","AdvisorShares Dorsey Wright Short ETF","25.86","$23.27M","n/a","n/a","n/a","https://www.nasdaq.com/symbol/dwsh",
"BKCH","AdvisorShares Sabretooth ETF","26.7919","$2.68M","n/a","n/a","n/a","https://www.nasdaq.com/symbol/bkch",
"ACT","AdvisorShares Vice ETF","24.73","$12.98M","n/a","n/a","n/a","https://www.nasdaq.com/symbol/act",
"AEGN","Aegion Corp","17","$532.82M","n/a","Basic Industries","Water Supply","https://www.nasdaq.com/symbol/aegn",
"AGLE","Aeglea BioTherapeutics, Inc.","6.3","$181.74M","2016","Health Care","Major Pharmaceuticals","https://www.nasdaq.com/symbol/agle",
"AEHR","Aehr Test Systems","1.57","$35.42M","1997","Capital Goods","Electrical Products","https://www.nasdaq.com/symbol/aehr",
"AMTX","Aemetis, Inc","0.8502","$17.32M","n/a","Basic Industries","Major Chemicals","https://www.nasdaq.com/symbol/amtx",
"AERI","Aerie Pharmaceuticals, Inc.","29.53","$1.36B","2013","Health Care","Biotechnology: Biological Products (No Diagnostic Substances)","https://www.nasdaq.com/symbol/aeri",
"AVAV","AeroVironment, Inc.","61.31","$1.47B","2007","Capital Goods","Aerospace","https://www.nasdaq.com/symbol/avav",
"ARPO","Aerpio Pharmaceuticals, Inc.","0.88","$35.72M","n/a","Health Care","Major Pharmaceuticals","https://www.nasdaq.com/symbol/arpo",
"AEZS","AEterna Zentaris Inc.","2.68","$43.44M","n/a","Health Care","Major Pharmaceuticals","https://www.nasdaq.com/symbol/aezs",
"AEMD","Aethlon Medical, Inc.","0.3622","$6.87M","n/a","Capital Goods","Biotechnology: Laboratory Analytical Instruments","https://www.nasdaq.com/symbol/aemd",
"GNMX","Aevi Genomic Medicine, Inc.","0.1721","$11.15M","n/a","Health Care","Biotechnology: Biological Products (No Diagnostic Substances)","https://www.nasdaq.com/symbol/gnmx",
"AFMD","Affimed N.V.","2.68","$167.31M","2014","Health Care","Major Pharmaceuticals","https://www.nasdaq.com/symbol/afmd",
"AGBAU","AGBA Acquisition Limited","10.02","$42.18M","2019","Finance","Business Services","https://www.nasdaq.com/symbol/agbau",
"AGEN","Agenus Inc.","3.04","$408.15M","2000","Health Care","Biotechnology: Biological Products (No Diagnostic Substances)","https://www.nasdaq.com/symbol/agen",
"AGRX","Agile Therapeutics, Inc.","1.44","$62.99M","2014","Health Care","Major Pharmaceuticals","https://www.nasdaq.com/symbol/agrx",
"AGYS","Agilysys, Inc.","21.09","$495.51M","n/a","Technology","EDP Services","https://www.nasdaq.com/symbol/agys",
"AGIO","Agios Pharmaceuticals, Inc.","49.59","$2.91B","2013","Health Care","Major Pharmaceuticals","https://www.nasdaq.com/symbol/agio",
"AGMH","AGM Group Holdings Inc.","16.303","$541.52M","2018","Technology","EDP Services","https://www.nasdaq.com/symbol/agmh",
"AGNC","AGNC Investment Corp.","16.86","$9.04B","2008","Consumer Services","Real Estate Investment Trusts","https://www.nasdaq.com/symbol/agnc",
"AGNCB","AGNC Investment Corp.","25.86","$9.02B","n/a","Consumer Services","Real Estate Investment Trusts","https://www.nasdaq.com/symbol/agncb",
"AGNCM","AGNC Investment Corp.","25.36","n/a","n/a","Consumer Services","Real Estate Investment Trusts","https://www.nasdaq.com/symbol/agncm",
"AGNCN","AGNC Investment Corp.","26.16","$340080","n/a","Consumer Services","Real Estate Investment Trusts","https://www.nasdaq.com/symbol/agncn",
"AGFS","AgroFresh Solutions, Inc.","1.56","$80.27M","2014","Finance","Business Services","https://www.nasdaq.com/symbol/agfs",
"AGFSW","AgroFresh Solutions, Inc.","0.02","n/a","2014","Finance","Business Services","https://www.nasdaq.com/symbol/agfsw",
"ALRN","Aileron Therapeutics, Inc.","0.76","$20.3M","2017","Health Care","Major Pharmaceuticals","https://www.nasdaq.com/symbol/alrn",
"AIMT","Aimmune Therapeutics, Inc.","19.56","$1.22B","2015","Health Care","Major Pharmaceuticals","https://www.nasdaq.com/symbol/aimt",
"AIRT","Air T, Inc.","17.61","$53.47M","n/a","Transportation","Air Freight/Delivery Services","https://www.nasdaq.com/symbol/airt",
"AIRTP","Air T, Inc.","2.39","n/a","n/a","Transportation","Air Freight/Delivery Services","https://www.nasdaq.com/symbol/airtp",
"AIRTW","Air T, Inc.","0.0713","n/a","n/a","Transportation","Air Freight/Delivery Services","https://www.nasdaq.com/symbol/airtw",
"ATSG","Air Transport Services Group, Inc","22.83","$1.35B","n/a","Transportation","Air Freight/Delivery Services","https://www.nasdaq.com/symbol/atsg",
"AIRG","Airgain, Inc.","13.68","$137.64M","2016","Technology","Radio And Television Broadcasting And Communications Equipment","https://www.nasdaq.com/symbol/airg",
"ANTE","AirNet Technology Inc.","1.54","$19.35M","n/a","Technology","Advertising","https://www.nasdaq.com/symbol/ante",
"AITB","AIT Therapeutics, Inc.","5.2","$52.99M","n/a","Health Care","Medical/Dental Instruments","https://www.nasdaq.com/symbol/aitb",
"AKAM","Akamai Technologies, Inc.","77.81","$12.75B","1999","Miscellaneous","Business Services","https://www.nasdaq.com/symbol/akam",
"AKTX","Akari Therapeutics Plc","2.08","$32.98M","n/a","Health Care","Major Pharmaceuticals","https://www.nasdaq.com/symbol/aktx",
"AKCA","Akcea Therapeutics, Inc.","23.2","$2.15B","2017","Health Care","Major Pharmaceuticals","https://www.nasdaq.com/symbol/akca",
"AKBA","Akebia Therapeutics, Inc.","4.43","$522.13M","2014","Health Care","Major Pharmaceuticals","https://www.nasdaq.com/symbol/akba",
"KERN","Akerna Corp.","23.2","$172.41M","2018","n/a","n/a","https://www.nasdaq.com/symbol/kern",
"KERNW","Akerna Corp.","2.749","n/a","2018","n/a","n/a","https://www.nasdaq.com/symbol/kernw",
"AKRO","Akero Therapeutics, Inc.","18.08","$488.98M","2019","n/a","n/a","https://www.nasdaq.com/symbol/akro",
"AKER","Akers Biosciences Inc.","0.4897","$6.12M","2014","Health Care","Biotechnology: In Vitro & In Vivo Diagnostic Substances","https://www.nasdaq.com/symbol/aker",
"AKRX","Akorn, Inc.","4.65","$585.2M","n/a","Health Care","Major Pharmaceuticals","https://www.nasdaq.com/symbol/akrx",
"AKTS","Akoustis Technologies, Inc.","6.01","$180.64M","n/a","Public Utilities","Telecommunications Equipment","https://www.nasdaq.com/symbol/akts",
"ALRM","Alarm.com Holdings, Inc.","52.5","$2.54B","2015","Technology","Computer Software: Prepackaged Software","https://www.nasdaq.com/symbol/alrm",
"ALSK","Alaska Communications Systems Group, Inc.","1.68","$90.36M","1999","Public Utilities","Telecommunications Equipment","https://www.nasdaq.com/symbol/alsk",
"ALAC","Alberton Acquisition Corporation","10.0603","$147.78M","2018","Finance","Business Services","https://www.nasdaq.com/symbol/alac",
"ALACR","Alberton Acquisition Corporation","0.25","n/a","2018","Finance","Business Services","https://www.nasdaq.com/symbol/alacr",
"ALACU","Alberton Acquisition Corporation","10.4357","n/a","2018","Finance","Business Services","https://www.nasdaq.com/symbol/alacu",
"ALACW","Alberton Acquisition Corporation","0.115","n/a","2018","Finance","Business Services","https://www.nasdaq.com/symbol/alacw",
"ALBO","Albireo Pharma, Inc.","31.1","$374.42M","n/a","Health Care","Major Pharmaceuticals","https://www.nasdaq.com/symbol/albo",
"ABDC","Alcentra Capital Corp.","8.69","$111.89M","n/a","n/a","n/a","https://www.nasdaq.com/symbol/abdc",
"ALDR","Alder BioPharmaceuticals, Inc.","11.04","$919.05M","2014","Health Care","Major Pharmaceuticals","https://www.nasdaq.com/symbol/aldr",
"ALDX","Aldeyra Therapeutics, Inc.","6.21","$170.72M","2014","Health Care","Major Pharmaceuticals","https://www.nasdaq.com/symbol/aldx",
"ALEC","Alector, Inc.","17.82","$1.23B","2019","Health Care","Biotechnology: Biological Products (No Diagnostic Substances)","https://www.nasdaq.com/symbol/alec",
"ALXN","Alexion Pharmaceuticals, Inc.","125.15","$28.06B","1996","Health Care","Major Pharmaceuticals","https://www.nasdaq.com/symbol/alxn",
"ALCO","Alico, Inc.","30.14","$225.15M","n/a","Consumer Non-Durables","Farming/Seeds/Milling","https://www.nasdaq.com/symbol/alco",
"ALGN","Align Technology, Inc.","276.02","$22.08B","2001","Health Care","Industrial Specialties","https://www.nasdaq.com/symbol/algn",
"ALIM","Alimera Sciences, Inc.","0.92","$65.32M","2010","Health Care","Major Pharmaceuticals","https://www.nasdaq.com/symbol/alim",
"ALYA","Alithya Group inc.","2.99","$145.02M","n/a","Technology","Computer Software: Programming, Data Processing","https://www.nasdaq.com/symbol/alya",
"ALJJ","ALJ Regional Holdings, Inc.","1.56","$59.32M","n/a","Miscellaneous","Business Services","https://www.nasdaq.com/symbol/aljj",
"ALKS","Alkermes plc","21.78","$3.42B","1991","Health Care","Major Pharmaceuticals","https://www.nasdaq.com/symbol/alks",
"ALLK","Allakos Inc.","40.41","$1.74B","2018","Health Care","Major Pharmaceuticals","https://www.nasdaq.com/symbol/allk",
"ABTX","Allegiance Bancshares, Inc.","32.44","$692.32M","2015","Finance","Major Banks","https://www.nasdaq.com/symbol/abtx",
"ALGT","Allegiant Travel Company","134.51","$2.19B","2006","Transportation","Air Freight/Delivery Services","https://www.nasdaq.com/symbol/algt",
"ALGR","Allegro Merger Corp.","10.06","$191.74M","2018","Finance","Business Services","https://www.nasdaq.com/symbol/algr",
"ALGRR","Allegro Merger Corp.","0.22","n/a","2018","Finance","Business Services","https://www.nasdaq.com/symbol/algrr",
"ALGRU","Allegro Merger Corp.","10.51","n/a","2018","Finance","Business Services","https://www.nasdaq.com/symbol/algru",
"ALGRW","Allegro Merger Corp.","0.25","n/a","2018","Finance","Business Services","https://www.nasdaq.com/symbol/algrw",
"ALNA","Allena Pharmaceuticals, Inc.","4.45","$92.63M","2017","Health Care","Biotechnology: Biological Products (No Diagnostic Substances)","https://www.nasdaq.com/symbol/alna",
"ARLP","Alliance Resource Partners, L.P.","16.88","$2.17B","1999","Energy","Coal Mining","https://www.nasdaq.com/symbol/arlp",
"LNT","Alliant Energy Corporation","49.78","$11.82B","n/a","Public Utilities","Power Generation","https://www.nasdaq.com/symbol/lnt",
"AHPI","Allied Healthcare Products, Inc.","1.7915","$7.19M","1992","Health Care","Industrial Specialties","https://www.nasdaq.com/symbol/ahpi",
"AMOT","Allied Motion Technologies, Inc.","36.41","$349.79M","n/a","Capital Goods","Electrical Products","https://www.nasdaq.com/symbol/amot",
"ALLO","Allogene Therapeutics, Inc.","26.17","$3.18B","2018","Health Care","Biotechnology: Biological Products (No Diagnostic Substances)","https://www.nasdaq.com/symbol/allo",
"ALLT","Allot Ltd.","7.25","$246.77M","2006","Technology","Computer Communications Equipment","https://www.nasdaq.com/symbol/allt",
"MDRX","Allscripts Healthcare Solutions, Inc.","11.19","$1.86B","n/a","Technology","EDP Services","https://www.nasdaq.com/symbol/mdrx",
"ALNY","Alnylam Pharmaceuticals, Inc.","71.14","$7.58B","2004","Health Care","Major Pharmaceuticals","https://www.nasdaq.com/symbol/alny",
"AOSL","Alpha and Omega Semiconductor Limited","8.62","$209.4M","2010","Technology","Semiconductors","https://www.nasdaq.com/symbol/aosl",
"GOOG","Alphabet Inc.","1086.35","$754.19B","2004","Technology","Computer Software: Programming, Data Processing","https://www.nasdaq.com/symbol/goog",
"GOOGL","Alphabet Inc.","1087.58","$755.05B","n/a","Technology","Computer Software: Programming, Data Processing","https://www.nasdaq.com/symbol/googl",
"SMCP","AlphaMark Actively Managed Small Cap ETF","23.1828","$22.02M","n/a","n/a","n/a","https://www.nasdaq.com/symbol/smcp",
"ATEC","Alphatec Holdings, Inc.","4.07","$190.71M","2006","Health Care","Medical/Dental Instruments","https://www.nasdaq.com/symbol/atec",
"ALPN","Alpine Immune Sciences, Inc.","4.5","$83.57M","2015","Health Care","Major Pharmaceuticals","https://www.nasdaq.com/symbol/alpn",
"AMR","Alta Mesa Resources, Inc.","0.155","$59.04M","2017","Energy","Oil & Gas Production","https://www.nasdaq.com/symbol/amr",
"AMRWW","Alta Mesa Resources, Inc.","0.01","n/a","2017","Energy","Oil & Gas Production","https://www.nasdaq.com/symbol/amrww",
"AABA","Altaba Inc.","68.64","$35.66B","n/a","Technology","EDP Services","https://www.nasdaq.com/symbol/aaba",
"ALTR","Altair Engineering Inc.","38.78","$2.76B","2017","Technology","Computer Software: Prepackaged Software","https://www.nasdaq.com/symbol/altr",
"ATHE","Alterity Therapeutics Limited","1.28","$18.36M","n/a","Health Care","Major Pharmaceuticals","https://www.nasdaq.com/symbol/athe",
"ALT","Altimmune, Inc.","2.19","$29.46M","n/a","Health Care","Major Pharmaceuticals","https://www.nasdaq.com/symbol/alt",
"ASPS","Altisource Portfolio Solutions S.A.","18.5","$301.16M","n/a","Consumer Services","Other Consumer Services","https://www.nasdaq.com/symbol/asps",
"AIMC","Altra Industrial Motion Corp.","35.1","$2.26B","2006","Capital Goods","Industrial Machinery/Components","https://www.nasdaq.com/symbol/aimc",
"ALTM","Altus Midstream Company","3.67","$1.19B","2017","Public Utilities","Natural Gas Distribution","https://www.nasdaq.com/symbol/altm",
"AMAG","AMAG Pharmaceuticals, Inc.","8.87","$299.51M","n/a","Health Care","Major Pharmaceuticals","https://www.nasdaq.com/symbol/amag",
"AMAL","Amalgamated Bank","16.6","$527.41M","2018","Consumer Non-Durables","Textiles","https://www.nasdaq.com/symbol/amal",
"AMRN","Amarin Corporation plc","18.17","$6.01B","n/a","Health Care","Major Pharmaceuticals","https://www.nasdaq.com/symbol/amrn",
"AMRK","A-Mark Precious Metals, Inc.","13.3593","$93.94M","n/a","Basic Industries","Other Specialty Stores","https://www.nasdaq.com/symbol/amrk",
"AMZN","Amazon.com, Inc.","1878.27","$924.73B","1997","Consumer Services","Catalog/Specialty Distribution","https://www.nasdaq.com/symbol/amzn",
"AMBC","Ambac Financial Group, Inc.","16.9","$769.3M","n/a","Finance","Property-Casualty Insurers","https://www.nasdaq.com/symbol/ambc",
"AMBCW","Ambac Financial Group, Inc.","7.95","n/a","n/a","Finance","Property-Casualty Insurers","https://www.nasdaq.com/symbol/ambcw",
"AMBA","Ambarella, Inc.","44","$1.44B","2012","Technology","Semiconductors","https://www.nasdaq.com/symbol/amba",
"AMCX","AMC Networks Inc.","54.18","$3.08B","n/a","Consumer Services","Television Services","https://www.nasdaq.com/symbol/amcx",
"AMCI","AMCI Acquisition Corp.","9.94","$274M","2018","Finance","Business Services","https://www.nasdaq.com/symbol/amci",
"AMCIU","AMCI Acquisition Corp.","10.17","n/a","2018","Finance","Business Services","https://www.nasdaq.com/symbol/amciu",
"AMCIW","AMCI Acquisition Corp.","0.29","n/a","2018","Finance","Business Services","https://www.nasdaq.com/symbol/amciw",
"DOX","Amdocs Limited","62.12","$8.52B","n/a","Technology","EDP Services","https://www.nasdaq.com/symbol/dox",
"AMED","Amedisys Inc","121.51","$3.89B","n/a","Health Care","Medical/Nursing Services","https://www.nasdaq.com/symbol/amed",
"AMTB","Amerant Bancorp Inc.","18.1","$782M","n/a","Finance","Major Banks","https://www.nasdaq.com/symbol/amtb",
"AMTBB","Amerant Bancorp Inc.","14.028","$606.07M","n/a","Finance","Major Banks","https://www.nasdaq.com/symbol/amtbb",
"UHAL","Amerco","378.5","$7.42B","n/a","Consumer Services","Rental/Leasing Companies","https://www.nasdaq.com/symbol/uhal",
"AMRH","Ameri Holdings, Inc.","0.3375","$16.98M","n/a","Technology","Semiconductors","https://www.nasdaq.com/symbol/amrh",
"AMRHW","Ameri Holdings, Inc.","0.0849","n/a","n/a","Technology","Semiconductors","https://www.nasdaq.com/symbol/amrhw",
"ATAX","America First Multifamily Investors, L.P.","7.36","$444.74M","n/a","Finance","Finance: Consumer Services","https://www.nasdaq.com/symbol/atax",
"AMOV","America Movil, S.A.B. de C.V.","15.19","$50.14B","n/a","Public Utilities","Telecommunications Equipment","https://www.nasdaq.com/symbol/amov",
"AAL","American Airlines Group, Inc.","31.26","$13.91B","n/a","Transportation","Air Freight/Delivery Services","https://www.nasdaq.com/symbol/aal",
"AETI","American Electric Technologies, Inc.","0.6754","$6.34M","n/a","Energy","Industrial Machinery/Components","https://www.nasdaq.com/symbol/aeti",
"AFIN","American Finance Trust, Inc.","10.64","$1.13B","n/a","Consumer Services","Real Estate Investment Trusts","https://www.nasdaq.com/symbol/afin",
"AFINP","American Finance Trust, Inc.","25.39","$30.47M","n/a","Consumer Services","Real Estate Investment Trusts","https://www.nasdaq.com/symbol/afinp",
"AMNB","American National Bankshares, Inc.","35.64","$398.03M","n/a","Finance","Major Banks","https://www.nasdaq.com/symbol/amnb",
"ANAT","American National Insurance Company","113.65","$3.06B","n/a","Finance","Life Insurance","https://www.nasdaq.com/symbol/anat",
"AOBC","American Outdoor Brands Corporation","8.39","$459.79M","n/a","Capital Goods","Ordnance And Accessories","https://www.nasdaq.com/symbol/aobc",
"APEI","American Public Education, Inc.","28.13","$466.57M","2007","Consumer Services","Other Consumer Services","https://www.nasdaq.com/symbol/apei",
"AREC","American Resources Corporation","2.76","$64.35M","n/a","Consumer Services","Other Consumer Services","https://www.nasdaq.com/symbol/arec",
"AMRB","American River Bankshares","12.58","$74.07M","n/a","Finance","Major Banks","https://www.nasdaq.com/symbol/amrb",
"AMSWA","American Software, Inc.","13.29","$413.65M","n/a","Technology","Computer Software: Prepackaged Software","https://www.nasdaq.com/symbol/amswa",
"AMSC","American Superconductor Corporation","8.34","$180.26M","1991","Consumer Durables","Metal Fabrications","https://www.nasdaq.com/symbol/amsc",
"AMWD","American Woodmark Corporation","77.83","$1.31B","1986","Basic Industries","Forest Products","https://www.nasdaq.com/symbol/amwd",
"CRMT","America&#39;s Car-Mart, Inc.","86.53","$579.34M","n/a","Consumer Durables","Automotive Aftermarket","https://www.nasdaq.com/symbol/crmt",
"ABCB","Ameris Bancorp","37.86","$1.8B","1994","Finance","Major Banks","https://www.nasdaq.com/symbol/abcb",
"AMSF","AMERISAFE, Inc.","62.43","$1.2B","2005","Finance","Property-Casualty Insurers","https://www.nasdaq.com/symbol/amsf",
"ASRV","AmeriServ Financial Inc.","4.07","$71.4M","n/a","Finance","Major Banks","https://www.nasdaq.com/symbol/asrv",
"ASRVP","AmeriServ Financial Inc.","30","$630000","n/a","Finance","Major Banks","https://www.nasdaq.com/symbol/asrvp",
"ATLO","Ames National Corporation","26.33","$243.36M","n/a","Finance","Major Banks","https://www.nasdaq.com/symbol/atlo",
"AMGN","Amgen Inc.","184.44","$112.5B","1983","Health Care","Biotechnology: Biological Products (No Diagnostic Substances)","https://www.nasdaq.com/symbol/amgn",
"FOLD","Amicus Therapeutics, Inc.","12.06","$3.07B","2007","Health Care","Major Pharmaceuticals","https://www.nasdaq.com/symbol/fold",
"AMKR","Amkor Technology, Inc.","6.91","$1.66B","1998","Technology","Semiconductors","https://www.nasdaq.com/symbol/amkr",
"AMPH","Amphastar Pharmaceuticals, Inc.","20.47","$963.43M","2014","Health Care","Major Pharmaceuticals","https://www.nasdaq.com/symbol/amph",
"IBUY","Amplify Online Retail ETF","48.0044","$268.82M","n/a","n/a","n/a","https://www.nasdaq.com/symbol/ibuy",
"ASYS","Amtech Systems, Inc.","5.1","$72.62M","n/a","Technology","Industrial Machinery/Components","https://www.nasdaq.com/symbol/asys",
"AMRS","Amyris, Inc.","3.22","$301.08M","2010","Basic Industries","Major Chemicals","https://www.nasdaq.com/symbol/amrs",
"ADI","Analog Devices, Inc.","110.28","$40.78B","n/a","Technology","Semiconductors","https://www.nasdaq.com/symbol/adi",
"ANAB","AnaptysBio, Inc.","54.9","$1.48B","2017","Health Care","Major Pharmaceuticals","https://www.nasdaq.com/symbol/anab",
"AVXL","Anavex Life Sciences Corp.","3.3","$167.42M","n/a","Health Care","Biotechnology: Commercial Physical & Biological Resarch","https://www.nasdaq.com/symbol/avxl",
"ANCN","Anchiano Therapeutics Ltd.","4.25","$28.99M","2019","Health Care","Major Pharmaceuticals","https://www.nasdaq.com/symbol/ancn",
"ANDA","Andina Acquisition Corp. III","9.87","$137.14M","2019","Finance","Business Services","https://www.nasdaq.com/symbol/anda",
"ANDAR","Andina Acquisition Corp. III","0.26","n/a","2019","Finance","Business Services","https://www.nasdaq.com/symbol/andar",
"ANDAU","Andina Acquisition Corp. III","10.3","n/a","2019","Finance","Business Services","https://www.nasdaq.com/symbol/andau",
"ANDAW","Andina Acquisition Corp. III","0.21","n/a","2019","Finance","Business Services","https://www.nasdaq.com/symbol/andaw",
"ANGI","ANGI Homeservices Inc.","13.65","$6.91B","n/a","Consumer Services","Advertising","https://www.nasdaq.com/symbol/angi",
"ANGO","AngioDynamics, Inc.","19.77","$735.76M","2004","Health Care","Medical/Dental Instruments","https://www.nasdaq.com/symbol/ango",
"ANIP","ANI Pharmaceuticals, Inc.","77.94","$939M","n/a","Health Care","Major Pharmaceuticals","https://www.nasdaq.com/symbol/anip",
"ANIK","Anika Therapeutics Inc.","38.61","$548.53M","n/a","Health Care","Medical/Dental Instruments","https://www.nasdaq.com/symbol/anik",
"ANIX","Anixa Biosciences, Inc.","3.67","$73.76M","n/a","Health Care","Medical Specialities","https://www.nasdaq.com/symbol/anix",
"ANSS","ANSYS, Inc.","196.45","$16.49B","1996","Technology","Computer Software: Prepackaged Software","https://www.nasdaq.com/symbol/anss",
"ATRS","Antares Pharma, Inc.","3.14","$510.63M","n/a","Health Care","Medical/Dental Instruments","https://www.nasdaq.com/symbol/atrs",
"APLS","Apellis Pharmaceuticals, Inc.","23.82","$1.51B","2017","Health Care","Major Pharmaceuticals","https://www.nasdaq.com/symbol/apls",
"APOG","Apogee Enterprises, Inc.","38.08","$1.01B","n/a","Capital Goods","Auto Parts:O.E.M.","https://www.nasdaq.com/symbol/apog",
"APEN","Apollo Endosurgery, Inc.","3.42","$74.97M","n/a","Health Care","Medical/Dental Instruments","https://www.nasdaq.com/symbol/apen",
"AINV","Apollo Investment Corporation","15.67","$1.07B","2004","n/a","n/a","https://www.nasdaq.com/symbol/ainv",
"AMEH","Apollo Medical Holdings, Inc.","15.81","$565.49M","n/a","Consumer Services","Professional Services","https://www.nasdaq.com/symbol/ameh",
"APPF","AppFolio, Inc.","100.19","$3.41B","2015","Technology","Computer Software: Prepackaged Software","https://www.nasdaq.com/symbol/appf",
"APPN","Appian Corporation","35.17","$2.28B","2017","Technology","Computer Software: Prepackaged Software","https://www.nasdaq.com/symbol/appn",
"AAPL","Apple Inc.","195.57","$899.83B","1980","Technology","Computer Manufacturing","https://www.nasdaq.com/symbol/aapl",
"ARCI","Appliance Recycling Centers of America, Inc.","4.48","$7.59M","n/a","Consumer Services","Home Furnishings","https://www.nasdaq.com/symbol/arci",
"APDN","Applied DNA Sciences Inc","0.56","$21.22M","n/a","Consumer Services","Other Consumer Services","https://www.nasdaq.com/symbol/apdn",
"APDNW","Applied DNA Sciences Inc","0.01","n/a","n/a","Consumer Services","Other Consumer Services","https://www.nasdaq.com/symbol/apdnw",
"AGTC","Applied Genetic Technologies Corporation","3.75","$68.14M","2014","Health Care","Biotechnology: Biological Products (No Diagnostic Substances)","https://www.nasdaq.com/symbol/agtc",
"AMAT","Applied Materials, Inc.","41.98","$39.3B","1972","Technology","Semiconductors","https://www.nasdaq.com/symbol/amat",
"AAOI","Applied Optoelectronics, Inc.","9.1","$181.45M","2013","Technology","Semiconductors","https://www.nasdaq.com/symbol/aaoi",
"APLT","Applied Therapeutics, Inc.","8.405","$143.32M","2019","Health Care","Major Pharmaceuticals","https://www.nasdaq.com/symbol/aplt",
"AREX","Approach Resources Inc.","0.3614","$33.86M","2007","Energy","Oil & Gas Production","https://www.nasdaq.com/symbol/arex",
"APVO","Aptevo Therapeutics Inc.","0.8837","$39.85M","n/a","Health Care","Major Pharmaceuticals","https://www.nasdaq.com/symbol/apvo",
"APTX","Aptinyx Inc.","3.24","$108.74M","2018","Health Care","Major Pharmaceuticals","https://www.nasdaq.com/symbol/aptx",
"APM","Aptorum Group Limited","26.3","$171.93M","2018","Health Care","Major Pharmaceuticals","https://www.nasdaq.com/symbol/apm",
"APTO","Aptose Biosciences, Inc.","2.35","$125M","n/a","Health Care","Biotechnology: Biological Products (No Diagnostic Substances)","https://www.nasdaq.com/symbol/apto",
"APYX","Apyx Medical Corporation","5.88","$199.44M","n/a","Health Care","Medical/Dental Instruments","https://www.nasdaq.com/symbol/apyx",
"AQMS","Aqua Metals, Inc.","1.51","$67.6M","2015","Basic Industries","Metal Fabrications","https://www.nasdaq.com/symbol/aqms",
"AQB","AquaBounty Technologies, Inc.","3.05","$65.88M","n/a","n/a","n/a","https://www.nasdaq.com/symbol/aqb",
"AQST","Aquestive Therapeutics, Inc.","4.2","$104.9M","2018","Health Care","Major Pharmaceuticals","https://www.nasdaq.com/symbol/aqst",
"AQXP","Aquinox Pharmaceuticals, Inc.","2.38","$56.02M","2014","Health Care","Major Pharmaceuticals","https://www.nasdaq.com/symbol/aqxp",
"PETX","Aratana Therapeutics, Inc.","5.23","$256.28M","2013","Health Care","Major Pharmaceuticals","https://www.nasdaq.com/symbol/petx",
"ARAV","Aravive, Inc.","6","$67.66M","2014","Health Care","Major Pharmaceuticals","https://www.nasdaq.com/symbol/arav",
"ABUS","Arbutus Biopharma Corporation","2.42","$140.39M","n/a","Health Care","Major Pharmaceuticals","https://www.nasdaq.com/symbol/abus",
"ARCW","ARC Group Worldwide, Inc.","0.4503","$10.53M","n/a","Capital Goods","Metal Fabrications","https://www.nasdaq.com/symbol/arcw",
"ABIO","ARCA biopharma, Inc.","7.42","$18.47M","n/a","Health Care","Biotechnology: In Vitro & In Vivo Diagnostic Substances","https://www.nasdaq.com/symbol/abio",
"RKDA","Arcadia Biosciences, Inc.","3.21","$15.34M","2015","Basic Industries","Agricultural Chemicals","https://www.nasdaq.com/symbol/rkda",
"ARCB","ArcBest Corporation","25.34","$646.51M","n/a","Transportation","Trucking Freight/Courier Services","https://www.nasdaq.com/symbol/arcb",
"ACGL","Arch Capital Group Ltd.","35.91","$14.5B","n/a","Finance","Property-Casualty Insurers","https://www.nasdaq.com/symbol/acgl",
"ACGLO","Arch Capital Group Ltd.","25.14","n/a","n/a","Finance","Property-Casualty Insurers","https://www.nasdaq.com/symbol/acglo",
"ACGLP","Arch Capital Group Ltd.","24.2","n/a","n/a","Finance","Property-Casualty Insurers","https://www.nasdaq.com/symbol/acglp",
"FUV","Arcimoto, Inc.","3.07","$50.19M","2017","Consumer Non-Durables","Motor Vehicles","https://www.nasdaq.com/symbol/fuv",
"ARCE","Arco Platform Limited","42.78","$971.16M","2018","Consumer Services","Other Consumer Services","https://www.nasdaq.com/symbol/arce",
"ARCT","Arcturus Therapeutics Holdings Inc.","9.79","$128.43M","2013","Health Care","Major Pharmaceuticals","https://www.nasdaq.com/symbol/arct",
"ARDX","Ardelyx, Inc.","2.51","$157.13M","2014","Health Care","Major Pharmaceuticals","https://www.nasdaq.com/symbol/ardx",
"ARNA","Arena Pharmaceuticals, Inc.","56.01","$2.78B","2000","Health Care","Major Pharmaceuticals","https://www.nasdaq.com/symbol/arna",
"ARCC","Ares Capital Corporation","17.8","$7.59B","2004","n/a","n/a","https://www.nasdaq.com/symbol/arcc",
"ARGX","argenx SE","139.26","$5.29B","2017","Health Care","Biotechnology: Biological Products (No Diagnostic Substances)","https://www.nasdaq.com/symbol/argx",
"ARDS","Aridis Pharmaceuticals Inc.","11.1","$89.99M","2018","Health Care","Major Pharmaceuticals","https://www.nasdaq.com/symbol/ards",
"ARKR","Ark Restaurants Corp.","20.3137","$71.07M","n/a","Consumer Services","Restaurants","https://www.nasdaq.com/symbol/arkr",
"ARTX","Arotech Corporation","1.89","$50.4M","1994","Miscellaneous","Industrial Machinery/Components","https://www.nasdaq.com/symbol/artx",
"ARQL","ArQule, Inc.","10.82","$1.18B","1996","Health Care","Major Pharmaceuticals","https://www.nasdaq.com/symbol/arql",
"ARRY","Array BioPharma Inc.","46.21","$10.31B","2000","Health Care","Major Pharmaceuticals","https://www.nasdaq.com/symbol/arry",
"DWCR","Arrow DWA Country Rotation ETF","26.9905","$14.84M","n/a","n/a","n/a","https://www.nasdaq.com/symbol/dwcr",
"DWAT","Arrow DWA Tactical ETF","11.2","$5.6M","n/a","n/a","n/a","https://www.nasdaq.com/symbol/dwat",
"AROW","Arrow Financial Corporation","33.2","$480.88M","n/a","Finance","Major Banks","https://www.nasdaq.com/symbol/arow",
"ARWR","Arrowhead Pharmaceuticals, Inc.","27.52","$2.61B","n/a","Health Care","Major Pharmaceuticals","https://www.nasdaq.com/symbol/arwr",
"ARTL","Artelo Biosciences, Inc.","4.6","$73.05M","n/a","n/a","n/a","https://www.nasdaq.com/symbol/artl",
"ARTLW","Artelo Biosciences, Inc.","0.8996","n/a","n/a","n/a","n/a","https://www.nasdaq.com/symbol/artlw",
"ARTNA","Artesian Resources Corporation","36.29","$336.57M","n/a","Public Utilities","Water Supply","https://www.nasdaq.com/symbol/artna",
"ARTW","Art&#39;s-Way Manufacturing Co., Inc.","2.1317","$9.13M","n/a","Capital Goods","Industrial Machinery/Components","https://www.nasdaq.com/symbol/artw",
"ARVN","Arvinas, Inc.","22.45","$725.72M","2018","Health Care","Major Pharmaceuticals","https://www.nasdaq.com/symbol/arvn",
"ARYA","ARYA Sciences Acquisition Corp.","10.01","$179.87M","2018","Finance","Business Services","https://www.nasdaq.com/symbol/arya",
"ARYAU","ARYA Sciences Acquisition Corp.","10.67","n/a","2018","Finance","Business Services","https://www.nasdaq.com/symbol/aryau",
"ARYAW","ARYA Sciences Acquisition Corp.","1.5","n/a","2018","Finance","Business Services","https://www.nasdaq.com/symbol/aryaw",
"ASNA","Ascena Retail Group, Inc.","0.65","$128.57M","n/a","Consumer Services","Clothing/Shoe/Accessory Stores","https://www.nasdaq.com/symbol/asna",
"ASND","Ascendis Pharma A/S","120.65","$5.68B","2015","Health Care","Major Pharmaceuticals","https://www.nasdaq.com/symbol/asnd",
"ASCMA","Ascent Capital Group, Inc.","1.0993","$13.73M","n/a","Consumer Services","Other Consumer Services","https://www.nasdaq.com/symbol/ascma",
"APWC","Asia Pacific Wire & Cable Corporation Limited","2.215","$30.61M","n/a","Basic Industries","Telecommunications Equipment","https://www.nasdaq.com/symbol/apwc",
"ASLN","ASLAN Pharmaceuticals Limited","3.48","$111.53M","2018","Health Care","Major Pharmaceuticals","https://www.nasdaq.com/symbol/asln",
"ASML","ASML Holding N.V.","199.04","$84.72B","1995","Technology","Industrial Machinery/Components","https://www.nasdaq.com/symbol/asml",
"ASPU","Aspen Group Inc.","3.95","$73.66M","n/a","Consumer Services","Other Consumer Services","https://www.nasdaq.com/symbol/aspu",
"AZPN","Aspen Technology, Inc.","119.94","$8.27B","1994","Technology","EDP Services","https://www.nasdaq.com/symbol/azpn",
"ASMB","Assembly Biosciences, Inc.","13.86","$354.83M","n/a","Health Care","Major Pharmaceuticals","https://www.nasdaq.com/symbol/asmb",
"ASRT","Assertio Therapeutics, Inc.","3.18","$204.81M","n/a","Health Care","Major Pharmaceuticals","https://www.nasdaq.com/symbol/asrt",
"ASFI","Asta Funding, Inc.","7.15","$47.8M","1995","Finance","Finance Companies","https://www.nasdaq.com/symbol/asfi",
"ASTE","Astec Industries, Inc.","31.34","$706.11M","1986","Capital Goods","Construction/Ag Equipment/Trucks","https://www.nasdaq.com/symbol/aste",
"ATRO","Astronics Corporation","40.98","$1.34B","n/a","Capital Goods","Military/Government/Technical","https://www.nasdaq.com/symbol/atro",
"ALOT","AstroNova, Inc.","25.64","$179.69M","1983","Technology","Computer peripheral equipment","https://www.nasdaq.com/symbol/alot",
"ASTC","Astrotech Corporation","2.94","$16.98M","n/a","Capital Goods","Biotechnology: Laboratory Analytical Instruments","https://www.nasdaq.com/symbol/astc",
"ASUR","Asure Software Inc","7.62","$117.39M","n/a","Technology","EDP Services","https://www.nasdaq.com/symbol/asur",
"ASV","ASV Holdings, Inc.","1.67","$16.53M","2017","Capital Goods","Construction/Ag Equipment/Trucks","https://www.nasdaq.com/symbol/asv",
"ATAI","ATA Inc.","2.64","$64.21M","2008","Consumer Services","Other Consumer Services","https://www.nasdaq.com/symbol/atai",
"ATRA","Atara Biotherapeutics, Inc.","20","$926.42M","2014","Health Care","Biotechnology: Biological Products (No Diagnostic Substances)","https://www.nasdaq.com/symbol/atra",
"ATNX","Athenex, Inc.","18","$1.39B","2017","Health Care","Major Pharmaceuticals","https://www.nasdaq.com/symbol/atnx",
"ATHX","Athersys, Inc.","1.73","$259.11M","n/a","Health Care","Major Pharmaceuticals","https://www.nasdaq.com/symbol/athx",
"ATIF","ATIF Holdings Limited","3.42","$133.38M","2019","Consumer Services","Professional Services","https://www.nasdaq.com/symbol/atif",
"AAME","Atlantic American Corporation","2.49","$50.16M","n/a","Finance","Life Insurance","https://www.nasdaq.com/symbol/aame",
"ACBI","Atlantic Capital Bancshares, Inc.","16.6","$400.13M","n/a","Finance","Major Banks","https://www.nasdaq.com/symbol/acbi",
"AUB","Atlantic Union Bankshares Corporation","34.15","$2.8B","n/a","Finance","Major Banks","https://www.nasdaq.com/symbol/aub",
"AY","Atlantica Yield plc","23.3","$2.34B","2014","Public Utilities","Electric Utilities: Central","https://www.nasdaq.com/symbol/ay",
"ATLC","Atlanticus Holdings Corporation","3.85","$61.5M","1995","Finance","Finance: Consumer Services","https://www.nasdaq.com/symbol/atlc",
"AAWW","Atlas Air Worldwide Holdings","40.41","$1.04B","n/a","Transportation","Transportation Services","https://www.nasdaq.com/symbol/aaww",
"AFH","Atlas Financial Holdings, Inc.","0.8029","$9.58M","2013","Finance","Property-Casualty Insurers","https://www.nasdaq.com/symbol/afh",
"AFHBL","Atlas Financial Holdings, Inc.","9.5","n/a","n/a","Finance","Property-Casualty Insurers","https://www.nasdaq.com/symbol/afhbl",
"TEAM","Atlassian Corporation Plc","125.74","$30.31B","2015","Technology","Computer Software: Prepackaged Software","https://www.nasdaq.com/symbol/team",
"ATNI","ATN International, Inc.","57.07","$912.76M","n/a","Public Utilities","Telecommunications Equipment","https://www.nasdaq.com/symbol/atni",
"ATOM","Atomera Incorporated","4.8","$73.59M","2016","Technology","Semiconductors","https://www.nasdaq.com/symbol/atom",
"ATOS","Atossa Genetics Inc.","2.31","$21.08M","2012","Health Care","Major Pharmaceuticals","https://www.nasdaq.com/symbol/atos",
"BCEL","Atreca, Inc.","18.1","$484.8M","2019","n/a","n/a","https://www.nasdaq.com/symbol/bcel",
"ATRC","AtriCure, Inc.","30.32","$1.17B","2005","Health Care","Medical/Dental Instruments","https://www.nasdaq.com/symbol/atrc",
"ATRI","Atrion Corporation","872","$1.62B","n/a","Health Care","Medical/Dental Instruments","https://www.nasdaq.com/symbol/atri",
"ATIS","Attis Industries Inc.","1.72","$5.92M","n/a","Basic Industries","Major Chemicals","https://www.nasdaq.com/symbol/atis",
"ATISW","Attis Industries Inc.","0.2","n/a","n/a","Basic Industries","Major Chemicals","https://www.nasdaq.com/symbol/atisw",
"LIFE","aTyr Pharma, Inc.","0.375","$17.2M","2015","Health Care","Biotechnology: Biological Products (No Diagnostic Substances)","https://www.nasdaq.com/symbol/life",
"AUBN","Auburn National Bancorporation, Inc.","31.56","$113.01M","n/a","Finance","Major Banks","https://www.nasdaq.com/symbol/aubn",
"BOLD","Audentes Therapeutics, Inc.","37.4","$1.66B","2016","Health Care","Biotechnology: Biological Products (No Diagnostic Substances)","https://www.nasdaq.com/symbol/bold",
"AUDC","AudioCodes Ltd.","15.28","$448.43M","1999","Public Utilities","Telecommunications Equipment","https://www.nasdaq.com/symbol/audc",
"AEYE","AudioEye, Inc.","7.2","$55.02M","n/a","Technology","Computer Software: Prepackaged Software","https://www.nasdaq.com/symbol/aeye",
"AUPH","Aurinia Pharmaceuticals Inc","6.19","$567.29M","n/a","Health Care","Major Pharmaceuticals","https://www.nasdaq.com/symbol/auph",
"EARS","Auris Medical Holding Ltd.","2.76","$5.26M","2014","Health Care","Major Pharmaceuticals","https://www.nasdaq.com/symbol/ears",
"JG","Aurora Mobile Limited","5.03","$577.55M","2018","Technology","Computer Software: Programming, Data Processing","https://www.nasdaq.com/symbol/jg",
"ADSK","Autodesk, Inc.","163.16","$35.83B","n/a","Technology","Computer Software: Prepackaged Software","https://www.nasdaq.com/symbol/adsk",
"AUTL","Autolus Therapeutics plc","15.9","$715.14M","2018","Health Care","Biotechnology: Biological Products (No Diagnostic Substances)","https://www.nasdaq.com/symbol/autl",
"ADP","Automatic Data Processing, Inc.","165.52","$72.04B","n/a","Technology","EDP Services","https://www.nasdaq.com/symbol/adp",
"AUTO","AutoWeb, Inc.","3.26","$42.85M","n/a","Technology","Computer Software: Programming, Data Processing","https://www.nasdaq.com/symbol/auto",
"AVDL","Avadel Pharmaceuticals plc","2.74","$102.35M","n/a","Health Care","Major Pharmaceuticals","https://www.nasdaq.com/symbol/avdl",
"AVCO","Avalon GloboCare Corp.","2.3","$174.01M","n/a","Consumer Services","Professional Services","https://www.nasdaq.com/symbol/avco",
"AVDR","Avedro, Inc","19.59","$335.19M","2019","Health Care","Major Pharmaceuticals","https://www.nasdaq.com/symbol/avdr",
"ATXI","Avenue Therapeutics, Inc.","5.95","$98.53M","2017","Health Care","Major Pharmaceuticals","https://www.nasdaq.com/symbol/atxi",
"AVEO","AVEO Pharmaceuticals, Inc.","0.708","$113.8M","2010","Health Care","Major Pharmaceuticals","https://www.nasdaq.com/symbol/aveo",
"AVNW","Aviat Networks, Inc.","13.07","$70.29M","n/a","Technology","Radio And Television Broadcasting And Communications Equipment","https://www.nasdaq.com/symbol/avnw",
"CDMO","Avid Bioservices, Inc.","3.87","$217.01M","n/a","Health Care","Major Pharmaceuticals","https://www.nasdaq.com/symbol/cdmo",
"CDMOP","Avid Bioservices, Inc.","26.391","$18.47M","n/a","Health Care","Major Pharmaceuticals","https://www.nasdaq.com/symbol/cdmop",
"AVID","Avid Technology, Inc.","8.55","$362.65M","1993","Technology","Computer Software: Prepackaged Software","https://www.nasdaq.com/symbol/avid",
"AVGR","Avinger, Inc.","3.49","$22.4M","2015","Health Care","Medical/Dental Instruments","https://www.nasdaq.com/symbol/avgr",
"CAR","Avis Budget Group, Inc.","35.28","$2.68B","n/a","Consumer Services","Rental/Leasing Companies","https://www.nasdaq.com/symbol/car",
"AVT","Avnet, Inc.","43.12","$4.58B","n/a","Technology","Electronic Components","https://www.nasdaq.com/symbol/avt",
"AVRO","AVROBIO, Inc.","15.51","$374.52M","2018","Health Care","Biotechnology: Biological Products (No Diagnostic Substances)","https://www.nasdaq.com/symbol/avro",
"AWRE","Aware, Inc.","3.3","$71.12M","1996","Technology","Computer Software: Prepackaged Software","https://www.nasdaq.com/symbol/awre",
"ACLS","Axcelis Technologies, Inc.","14.06","$463.17M","2000","Technology","Industrial Machinery/Components","https://www.nasdaq.com/symbol/acls",
"AXLA","Axcella Health Inc.","9.2","$211.68M","2019","Health Care","Biotechnology: Biological Products (No Diagnostic Substances)","https://www.nasdaq.com/symbol/axla",
"AXGN","AxoGen, Inc.","19.42","$760.29M","n/a","Health Care","Biotechnology: Electromedical & Electrotherapeutic Apparatus","https://www.nasdaq.com/symbol/axgn",
"AAXN","Axon Enterprise, Inc.","68.83","$4.07B","n/a","Capital Goods","Ordnance And Accessories","https://www.nasdaq.com/symbol/aaxn",
"AXNX","Axonics Modulation Technologies, Inc.","37.21","$1.05B","2018","Health Care","Medical/Dental Instruments","https://www.nasdaq.com/symbol/axnx",
"AXGT","Axovant Gene Therapies Ltd.","6.39","$145.56M","n/a","Health Care","Major Pharmaceuticals","https://www.nasdaq.com/symbol/axgt",
"AXSM","Axsome Therapeutics, Inc.","23.98","$798.66M","2015","Health Care","Major Pharmaceuticals","https://www.nasdaq.com/symbol/axsm",
"AXTI","AXT Inc","3.57","$143.16M","1998","Technology","Semiconductors","https://www.nasdaq.com/symbol/axti",
"AYTU","Aytu BioScience, Inc.","1.83","$30.49M","n/a","Health Care","Major Pharmaceuticals","https://www.nasdaq.com/symbol/aytu",
"AZRX","AzurRx BioPharma, Inc.","1.71","$36.01M","2016","Health Care","Major Pharmaceuticals","https://www.nasdaq.com/symbol/azrx",
"BCOM","B Communications Ltd.","1.92","$71.57M","n/a","Consumer Services","Telecommunications Equipment","https://www.nasdaq.com/symbol/bcom",
"RILY","B. Riley Financial, Inc.","20.05","$531.84M","n/a","Miscellaneous","Business Services","https://www.nasdaq.com/symbol/rily",
"RILYG","B. Riley Financial, Inc.","24.99","n/a","n/a","Miscellaneous","Business Services","https://www.nasdaq.com/symbol/rilyg",
"RILYH","B. Riley Financial, Inc.","25.9036","n/a","n/a","Miscellaneous","Business Services","https://www.nasdaq.com/symbol/rilyh",
"RILYI","B. Riley Financial, Inc.","25.49","n/a","n/a","Miscellaneous","Business Services","https://www.nasdaq.com/symbol/rilyi",
"RILYL","B. Riley Financial, Inc.","25.625","n/a","n/a","Miscellaneous","Business Services","https://www.nasdaq.com/symbol/rilyl",
"RILYO","B. Riley Financial, Inc.","25.12","n/a","n/a","Miscellaneous","Business Services","https://www.nasdaq.com/symbol/rilyo",
"RILYZ","B. Riley Financial, Inc.","25.38","n/a","n/a","Miscellaneous","Business Services","https://www.nasdaq.com/symbol/rilyz",
"BOSC","B.O.S. Better Online Solutions","2.65","$10.22M","n/a","Technology","Computer Communications Equipment","https://www.nasdaq.com/symbol/bosc",
"BIDU","Baidu, Inc.","113.26","$39.64B","2005","Technology","Computer Software: Programming, Data Processing","https://www.nasdaq.com/symbol/bidu",
"BCPC","Balchem Corporation","97.17","$3.14B","n/a","Basic Industries","Major Chemicals","https://www.nasdaq.com/symbol/bcpc",
"BLDP","Ballard Power Systems, Inc.","3.77","$875.89M","n/a","Energy","Industrial Machinery/Components","https://www.nasdaq.com/symbol/bldp",
"BANF","BancFirst Corporation","55.23","$1.8B","1993","Finance","Major Banks","https://www.nasdaq.com/symbol/banf",
"BANFP","BancFirst Corporation","26.65","$26.65M","n/a","Finance","Major Banks","https://www.nasdaq.com/symbol/banfp",
"BCTF","Bancorp 34, Inc.","15.7685","$52.92M","n/a","Finance","Savings Institutions","https://www.nasdaq.com/symbol/bctf",
"BAND","Bandwidth Inc.","71.73","$1.65B","2017","Technology","Computer Software: Prepackaged Software","https://www.nasdaq.com/symbol/band",
"BFC","Bank First National Corporation","68.78","$452.37M","n/a","Finance","Major Banks","https://www.nasdaq.com/symbol/bfc",
"BOCH","Bank of Commerce Holdings (CA)","10.38","$189.05M","n/a","Finance","Major Banks","https://www.nasdaq.com/symbol/boch",
"BMRC","Bank of Marin Bancorp","41.36","$568.64M","n/a","Finance","Major Banks","https://www.nasdaq.com/symbol/bmrc",
"BMLP","Bank Of Montreal","47.96","$47.96M","n/a","Finance","Commercial Banks","https://www.nasdaq.com/symbol/bmlp",
"BKSC","Bank of South Carolina Corp.","18.9","$104.27M","n/a","Finance","Major Banks","https://www.nasdaq.com/symbol/bksc",
"BOTJ","Bank of the James Financial Group, Inc.","14.5213","$63.58M","n/a","Finance","Major Banks","https://www.nasdaq.com/symbol/botj",
"OZK","Bank OZK","28.3","$3.65B","n/a","Finance","Major Banks","https://www.nasdaq.com/symbol/ozk",
"BSVN","Bank7 Corp.","16.45","$167.58M","2018","Finance","Major Banks","https://www.nasdaq.com/symbol/bsvn",
"BFIN","BankFinancial Corporation","13.64","$211.66M","n/a","Finance","Savings Institutions","https://www.nasdaq.com/symbol/bfin",
"BWFG","Bankwell Financial Group, Inc.","27.56","$216.99M","2014","Finance","Major Banks","https://www.nasdaq.com/symbol/bwfg",
"BANR","Banner Corporation","52.81","$1.86B","n/a","Finance","Major Banks","https://www.nasdaq.com/symbol/banr",
"BZUN","Baozun Inc.","46.89","$2.81B","2015","Consumer Services","Catalog/Specialty Distribution","https://www.nasdaq.com/symbol/bzun",
"DFVL","Barclays PLC","72.09","$5.13M","n/a","n/a","n/a","https://www.nasdaq.com/symbol/dfvl",
"DFVS","Barclays PLC","26.0348","$3.55M","n/a","n/a","n/a","https://www.nasdaq.com/symbol/dfvs",
"DLBS","Barclays PLC","11.865","$8.5M","n/a","n/a","n/a","https://www.nasdaq.com/symbol/dlbs",
"DTUL","Barclays PLC","65.15","$5.4M","n/a","n/a","n/a","https://www.nasdaq.com/symbol/dtul",
"DTUS","Barclays PLC","31.5388","$4.05M","n/a","n/a","n/a","https://www.nasdaq.com/symbol/dtus",
"DTYL","Barclays PLC","84.5132","$5.39M","n/a","n/a","n/a","https://www.nasdaq.com/symbol/dtyl",
"DTYS","Barclays PLC","12.21","$26.48M","n/a","n/a","n/a","https://www.nasdaq.com/symbol/dtys",
"FLAT","Barclays PLC","67.08","$4.59M","n/a","n/a","n/a","https://www.nasdaq.com/symbol/flat",
"STPP","Barclays PLC","28.6809","$4.22M","n/a","n/a","n/a","https://www.nasdaq.com/symbol/stpp",
"TAPR","Barclays PLC","16.32","$9.9M","n/a","n/a","n/a","https://www.nasdaq.com/symbol/tapr",
"BBSI","Barrett Business Services, Inc.","79.66","$590.27M","1993","Technology","Professional Services","https://www.nasdaq.com/symbol/bbsi",
"GOLD","Barrick Gold Corporation","16.01","$28.04B","n/a","Basic Industries","Precious Metals","https://www.nasdaq.com/symbol/gold",
"BSET","Bassett Furniture Industries, Incorporated","13.65","$143.59M","n/a","Consumer Durables","Home Furnishings","https://www.nasdaq.com/symbol/bset",
"GLG","Bat Group, Inc.","0.448","$3.23M","2013","Finance","Major Banks","https://www.nasdaq.com/symbol/glg",
"ZTEST","BATS BZX Exchange","10.1","n/a","n/a","n/a","n/a","https://www.nasdaq.com/symbol/ztest",
"BCML","BayCom Corp","22.03","$264.5M","2018","Finance","Major Banks","https://www.nasdaq.com/symbol/bcml",
"BCBP","BCB Bancorp, Inc. (NJ)","12.21","$200.23M","2005","Finance","Savings Institutions","https://www.nasdaq.com/symbol/bcbp",
"BECN","Beacon Roofing Supply, Inc.","34.98","$2.4B","2004","Consumer Services","RETAIL: Building Materials","https://www.nasdaq.com/symbol/becn",
"BBGI","Beasley Broadcast Group, Inc.","3","$83.6M","2000","Consumer Services","Broadcasting","https://www.nasdaq.com/symbol/bbgi",
"BBBY","Bed Bath & Beyond Inc.","11.44","$1.51B","1992","Consumer Services","Home Furnishings","https://www.nasdaq.com/symbol/bbby",
"BGNE","BeiGene, Ltd.","121.02","$7.24B","2016","Health Care","Major Pharmaceuticals","https://www.nasdaq.com/symbol/bgne",
"BELFA","Bel Fuse Inc.","15.64","$191.59M","n/a","Capital Goods","Electrical Products","https://www.nasdaq.com/symbol/belfa",
"BELFB","Bel Fuse Inc.","16.74","$205.07M","n/a","Capital Goods","Electrical Products","https://www.nasdaq.com/symbol/belfb",
"BLPH","Bellerophon Therapeutics, Inc.","0.66","$45.48M","2015","Health Care","Major Pharmaceuticals","https://www.nasdaq.com/symbol/blph",
"BLCM","Bellicum Pharmaceuticals, Inc.","2.02","$92.94M","2014","Health Care","Major Pharmaceuticals","https://www.nasdaq.com/symbol/blcm",
"BNFT","Benefitfocus, Inc.","25.29","$822.7M","2013","Technology","Computer Software: Prepackaged Software","https://www.nasdaq.com/symbol/bnft",
"BNTC","Benitec Biopharma Limited","0.7","$9M","2015","Health Care","Major Pharmaceuticals","https://www.nasdaq.com/symbol/bntc",
"BNTCW","Benitec Biopharma Limited","0.0988","n/a","2015","Health Care","Major Pharmaceuticals","https://www.nasdaq.com/symbol/bntcw",
"BRY","Berry Petroleum Corporation","10.39","$850.72M","2018","Energy","Oil & Gas Production","https://www.nasdaq.com/symbol/bry",
"BYND","Beyond Meat, Inc.","150.6","$9.05B","2019","Consumer Non-Durables","Packaged Foods","https://www.nasdaq.com/symbol/bynd",
"BYSI","BeyondSpring, Inc.","20.79","$482.01M","2017","Health Care","Major Pharmaceuticals","https://www.nasdaq.com/symbol/bysi",
"BGCP","BGC Partners, Inc.","5.02","$1.71B","n/a","Finance","Investment Bankers/Brokers/Service","https://www.nasdaq.com/symbol/bgcp",
"BCYC","Bicycle Therapeutics plc","10.65","$188.47M","2019","Health Care","Major Pharmaceuticals","https://www.nasdaq.com/symbol/bcyc",
"BGFV","Big 5 Sporting Goods Corporation","2.01","$43.47M","2002","Consumer Services","Other Specialty Stores","https://www.nasdaq.com/symbol/bgfv",
"BRPA","Big Rock Partners Acquisition Corp.","10.43","$94.24M","2017","Finance","Business Services","https://www.nasdaq.com/symbol/brpa",
"BRPAR","Big Rock Partners Acquisition Corp.","0.19","n/a","2017","Finance","Business Services","https://www.nasdaq.com/symbol/brpar",
"BRPAU","Big Rock Partners Acquisition Corp.","10.65","n/a","2017","Finance","Business Services","https://www.nasdaq.com/symbol/brpau",
"BRPAW","Big Rock Partners Acquisition Corp.","0.209","n/a","2017","Finance","Business Services","https://www.nasdaq.com/symbol/brpaw",
"BILI","Bilibili Inc.","15.64","$5.1B","2018","Technology","EDP Services","https://www.nasdaq.com/symbol/bili",
"BASI","Bioanalytical Systems, Inc.","1.97","$20.27M","1997","Health Care","Biotechnology: Commercial Physical & Biological Resarch","https://www.nasdaq.com/symbol/basi",
"BIOC","Biocept, Inc.","1.12","$21.13M","2014","Health Care","Medical Specialities","https://www.nasdaq.com/symbol/bioc",
"BCRX","BioCryst Pharmaceuticals, Inc.","3.62","$399.33M","1994","Health Care","Biotechnology: Biological Products (No Diagnostic Substances)","https://www.nasdaq.com/symbol/bcrx",
"BDSI","BioDelivery Sciences International, Inc.","4.35","$389.38M","n/a","Health Care","Major Pharmaceuticals","https://www.nasdaq.com/symbol/bdsi",
"BFRA","Biofrontera AG","16.53","$368.89M","2018","Health Care","Major Pharmaceuticals","https://www.nasdaq.com/symbol/bfra",
"BIIB","Biogen Inc.","240.29","$46.59B","n/a","Health Care","Biotechnology: Biological Products (No Diagnostic Substances)","https://www.nasdaq.com/symbol/biib",
"BHTG","BioHiTech Global, Inc.","1.69","$25.19M","n/a","Consumer Services","Other Consumer Services","https://www.nasdaq.com/symbol/bhtg",
"BKYI","BIO-key International, Inc.","1.26","$17.74M","n/a","Technology","Computer Communications Equipment","https://www.nasdaq.com/symbol/bkyi",
"BIOL","Biolase, Inc.","1.46","$31.09M","n/a","Health Care","Medical/Dental Instruments","https://www.nasdaq.com/symbol/biol",
"BLFS","BioLife Solutions, Inc.","15.2","$285.75M","n/a","Health Care","Biotechnology: Electromedical & Electrotherapeutic Apparatus","https://www.nasdaq.com/symbol/blfs",
"BLRX","BioLineRx Ltd.","0.37","$54.22M","n/a","Health Care","Major Pharmaceuticals","https://www.nasdaq.com/symbol/blrx",
"BMRN","BioMarin Pharmaceutical Inc.","83.82","$15.01B","1999","Health Care","Major Pharmaceuticals","https://www.nasdaq.com/symbol/bmrn",
"BMRA","Biomerica, Inc.","2.52","$24.36M","n/a","Health Care","Medical/Dental Instruments","https://www.nasdaq.com/symbol/bmra",
"BNGO","Bionano Genomics, Inc.","2.5","$27.11M","2018","Capital Goods","Biotechnology: Laboratory Analytical Instruments","https://www.nasdaq.com/symbol/bngo",
"BNGOW","Bionano Genomics, Inc.","0.95","n/a","2018","Capital Goods","Biotechnology: Laboratory Analytical Instruments","https://www.nasdaq.com/symbol/bngow",
"BVXV","BiondVax Pharmaceuticals Ltd.","5.75","$37.58M","2015","Health Care","Biotechnology: Biological Products (No Diagnostic Substances)","https://www.nasdaq.com/symbol/bvxv",
"BVXVW","BiondVax Pharmaceuticals Ltd.","1.025","n/a","2015","Health Care","Biotechnology: Biological Products (No Diagnostic Substances)","https://www.nasdaq.com/symbol/bvxvw",
"BPTH","Bio-Path Holdings, Inc.","13.08","$37.03M","n/a","Health Care","Major Pharmaceuticals","https://www.nasdaq.com/symbol/bpth",
"BIOS","BioScrip, Inc.","2.3","$296.14M","n/a","Health Care","Medical/Nursing Services","https://www.nasdaq.com/symbol/bios",
"BSGM","BioSig Technologies, Inc.","8.74","$178.26M","n/a","Health Care","Biotechnology: Electromedical & Electrotherapeutic Apparatus","https://www.nasdaq.com/symbol/bsgm",
"BSTC","BioSpecifics Technologies Corp","57.81","$421.26M","n/a","Health Care","Major Pharmaceuticals","https://www.nasdaq.com/symbol/bstc",
"TECH","Bio-Techne Corp","203.44","$7.7B","n/a","Health Care","Biotechnology: Biological Products (No Diagnostic Substances)","https://www.nasdaq.com/symbol/tech",
"BEAT","BioTelemetry, Inc.","48.5","$1.64B","2008","Health Care","Medical Specialities","https://www.nasdaq.com/symbol/beat",
"BTAI","BioXcel Therapeutics, Inc.","10.49","$164.33M","2018","Health Care","Major Pharmaceuticals","https://www.nasdaq.com/symbol/btai",
"BIQI","BIQI International Holdings Corporation","0.72","$5.78M","n/a","Consumer Non-Durables","Farming/Seeds/Milling","https://www.nasdaq.com/symbol/biqi",
"BJRI","BJ&#39;s Restaurants, Inc.","43","$891.57M","n/a","Consumer Services","Restaurants","https://www.nasdaq.com/symbol/bjri",
"BRAC","Black Ridge Acquisition Corp.","10.316","$182.54M","2017","Consumer Services","Services-Misc. Amusement & Recreation","https://www.nasdaq.com/symbol/brac",
"BRACR","Black Ridge Acquisition Corp.","0.4","n/a","2017","Consumer Services","Services-Misc. Amusement & Recreation","https://www.nasdaq.com/symbol/bracr",
"BRACU","Black Ridge Acquisition Corp.","11.09","n/a","2017","Consumer Services","Services-Misc. Amusement & Recreation","https://www.nasdaq.com/symbol/bracu",
"BRACW","Black Ridge Acquisition Corp.","0.31","n/a","2017","Consumer Services","Services-Misc. Amusement & Recreation","https://www.nasdaq.com/symbol/bracw",
"BLKB","Blackbaud, Inc.","78.26","$3.85B","2004","Technology","Computer Software: Prepackaged Software","https://www.nasdaq.com/symbol/blkb",
"BL","BlackLine, Inc.","52.68","$2.9B","2016","Technology","Computer Software: Prepackaged Software","https://www.nasdaq.com/symbol/bl",
"BKCC","BlackRock Capital Investment Corporation","5.95","$409.58M","2007","n/a","n/a","https://www.nasdaq.com/symbol/bkcc",
"TCPC","BlackRock TCP Capital Corp.","14.1","$828.6M","2012","n/a","n/a","https://www.nasdaq.com/symbol/tcpc",
"BLNK","Blink Charging Co.","2.58","$67.69M","n/a","Consumer Durables","Electrical Products","https://www.nasdaq.com/symbol/blnk",
"BLNKW","Blink Charging Co.","0.525","n/a","n/a","Consumer Durables","Electrical Products","https://www.nasdaq.com/symbol/blnkw",
"BLMN","Bloomin&#39; Brands, Inc.","18.82","$1.73B","2012","Consumer Services","Restaurants","https://www.nasdaq.com/symbol/blmn",
"BCOR","Blucora, Inc.","29.18","$1.41B","n/a","Finance","Finance: Consumer Services","https://www.nasdaq.com/symbol/bcor",
"BLBD","Blue Bird Corporation","18.97","$501.86M","2014","Capital Goods","Construction/Ag Equipment/Trucks","https://www.nasdaq.com/symbol/blbd",
"BLUE","bluebird bio, Inc.","119.92","$6.61B","2013","Health Care","Biotechnology: Biological Products (No Diagnostic Substances)","https://www.nasdaq.com/symbol/blue",
"BKEP","Blueknight Energy Partners L.P., L.L.C.","1.14","$46.41M","2011","Energy","Natural Gas Distribution","https://www.nasdaq.com/symbol/bkep",
"BKEPP","Blueknight Energy Partners L.P., L.L.C.","5.14","$155.02M","n/a","Energy","Natural Gas Distribution","https://www.nasdaq.com/symbol/bkepp",
"BPMC","Blueprint Medicines Corporation","91.69","$4.48B","2015","Health Care","Major Pharmaceuticals","https://www.nasdaq.com/symbol/bpmc",
"ITEQ","BlueStar Israel Technology ETF","38.2888","n/a","n/a","n/a","n/a","https://www.nasdaq.com/symbol/iteq",
"BMCH","BMC Stock Holdings, Inc.","20.74","$1.38B","2013","Consumer Services","RETAIL: Building Materials","https://www.nasdaq.com/symbol/bmch",
"WIFI","Boingo Wireless, Inc.","18.83","$828.24M","2011","Consumer Services","Telecommunications Equipment","https://www.nasdaq.com/symbol/wifi",
"BOKF","BOK Financial Corporation","73.81","$5.27B","n/a","Finance","Major Banks","https://www.nasdaq.com/symbol/bokf",
"BOKFL","BOK Financial Corporation","25.67","n/a","n/a","Finance","Major Banks","https://www.nasdaq.com/symbol/bokfl",
"BNSO","Bonso Electronics International, Inc.","2.6907","$12.59M","n/a","Capital Goods","Industrial Machinery/Components","https://www.nasdaq.com/symbol/bnso",
"BKNG","Booking Holdings Inc.","1845.47","$79.89B","n/a","Miscellaneous","Business Services","https://www.nasdaq.com/symbol/bkng",
"BRQS","Borqs Technologies, Inc. ","2.7327","$85.54M","2015","Technology","EDP Services","https://www.nasdaq.com/symbol/brqs",
"BOMN","Boston Omaha Corporation","22.41","$502.32M","n/a","Finance","Real Estate","https://www.nasdaq.com/symbol/bomn",
"BPFH","Boston Private Financial Holdings, Inc.","11.1","$929.92M","n/a","Finance","Major Banks","https://www.nasdaq.com/symbol/bpfh",
"EPAY","Bottomline Technologies, Inc.","43.99","$1.92B","1999","Technology","Computer Software: Prepackaged Software","https://www.nasdaq.com/symbol/epay",
"BOXL","Boxlight Corporation","2.9","$30.71M","2017","Miscellaneous","Industrial Machinery/Components","https://www.nasdaq.com/symbol/boxl",
"BWMC","Boxwood Merger Corp.","9.8","$247.45M","2019","Finance","Business Services","https://www.nasdaq.com/symbol/bwmc",
"BWMCU","Boxwood Merger Corp.","10.3005","n/a","2018","Finance","Business Services","https://www.nasdaq.com/symbol/bwmcu",
"BWMCW","Boxwood Merger Corp.","0.62","n/a","2019","Finance","Business Services","https://www.nasdaq.com/symbol/bwmcw",
"BCLI","Brainstorm Cell Therapeutics Inc.","3.99","$117.67M","n/a","Health Care","Biotechnology: Biological Products (No Diagnostic Substances)","https://www.nasdaq.com/symbol/bcli",
"BWAY","Brainsway Ltd.","10.3047","$114.57M","2019","Health Care","Medical/Dental Instruments","https://www.nasdaq.com/symbol/bway",
"BVNSC","Brandes Investment Trust","99.99","$50M","n/a","n/a","n/a","https://www.nasdaq.com/symbol/bvnsc",
"BDGE","Bridge Bancorp, Inc.","28.33","$562.45M","n/a","Finance","Major Banks","https://www.nasdaq.com/symbol/bdge",
"BLIN          ","Bridgeline Digital, Inc.","2.42","$2.3M","n/a","Technology","Computer Software: Prepackaged Software","https://www.nasdaq.com/symbol/blin",
"BWB","Bridgewater Bancshares, Inc.","11.33","$340.7M","2018","Finance","Major Banks","https://www.nasdaq.com/symbol/bwb",
"BRID","Bridgford Foods Corporation","28.83","$261.69M","n/a","Consumer Non-Durables","Specialty Foods","https://www.nasdaq.com/symbol/brid",
"BCOV","Brightcove Inc.","9.84","$372.34M","2012","Technology","EDP Services","https://www.nasdaq.com/symbol/bcov",
"BHF","Brighthouse Financial, Inc.","33.66","$3.9B","n/a","Finance","Life Insurance","https://www.nasdaq.com/symbol/bhf",
"BHFAL","Brighthouse Financial, Inc.","25.42","n/a","n/a","Finance","Life Insurance","https://www.nasdaq.com/symbol/bhfal",
"BHFAP","Brighthouse Financial, Inc.","26.04","n/a","n/a","Finance","Life Insurance","https://www.nasdaq.com/symbol/bhfap",
"AVGO","Broadcom Inc.","276.51","$110.07B","2009","Technology","Semiconductors","https://www.nasdaq.com/symbol/avgo",
"BVSN","BroadVision, Inc.","1.41","$7.13M","1996","Technology","Computer Software: Prepackaged Software","https://www.nasdaq.com/symbol/bvsn",
"BYFC","Broadway Financial Corporation","1.39","$38.75M","n/a","Finance","Savings Institutions","https://www.nasdaq.com/symbol/byfc",
"BWEN","Broadwind Energy, Inc.","2.29","$36.61M","n/a","Capital Goods","Metal Fabrications","https://www.nasdaq.com/symbol/bwen",
"BPY","Brookfield Property Partners L.P.","19.16","$7.93B","n/a","Finance","Real Estate","https://www.nasdaq.com/symbol/bpy",
"BPYPP","Brookfield Property Partners L.P.","25.1426","$160.91M","n/a","Finance","Real Estate","https://www.nasdaq.com/symbol/bpypp",
"BPR","Brookfield Property REIT Inc.","19.16","$14.06B","n/a","Consumer Services","Real Estate Investment Trusts","https://www.nasdaq.com/symbol/bpr",
"BPRAP","Brookfield Property REIT Inc.","24.93","$249.3M","n/a","Consumer Services","Real Estate Investment Trusts","https://www.nasdaq.com/symbol/bprap",
"BRKL","Brookline Bancorp, Inc.","14.7","$1.17B","n/a","Finance","Savings Institutions","https://www.nasdaq.com/symbol/brkl",
"BRKS","Brooks Automation, Inc.","36.64","$2.64B","1995","Technology","Industrial Machinery/Components","https://www.nasdaq.com/symbol/brks",
"DOOO","BRP Inc.","35.31","$1.49B","n/a","Capital Goods","Industrial Specialties","https://www.nasdaq.com/symbol/dooo",
"BRKR","Bruker Corporation","48.36","$7.58B","n/a","Capital Goods","Biotechnology: Laboratory Analytical Instruments","https://www.nasdaq.com/symbol/brkr",
"BMTC","Bryn Mawr Bank Corporation","36.51","$735.57M","n/a","Finance","Major Banks","https://www.nasdaq.com/symbol/bmtc",
"BSQR","BSQUARE Corporation","1.24","$15.92M","1999","Miscellaneous","Business Services","https://www.nasdaq.com/symbol/bsqr",
"BLDR","Builders FirstSource, Inc.","15.42","$1.78B","2005","Consumer Services","RETAIL: Building Materials","https://www.nasdaq.com/symbol/bldr",
"BFST","Business First Bancshares, Inc.","25.6","$342.05M","n/a","Finance","Major Banks","https://www.nasdaq.com/symbol/bfst",
"CFFI","C&F Financial Corporation","50.3","$174.53M","n/a","Finance","Major Banks","https://www.nasdaq.com/symbol/cffi",
"CHRW","C.H. Robinson Worldwide, Inc.","82.74","$11.3B","1997","Transportation","Oil Refining/Marketing","https://www.nasdaq.com/symbol/chrw",
"CCMP","Cabot Microelectronics Corporation","106.49","$3.09B","2000","Technology","Semiconductors","https://www.nasdaq.com/symbol/ccmp",
"CDNS","Cadence Design Systems, Inc.","69.43","$19.51B","n/a","Technology","Computer Software: Prepackaged Software","https://www.nasdaq.com/symbol/cdns",
"CDZI","Cadiz, Inc.","10.73","$289M","n/a","Public Utilities","Water Supply","https://www.nasdaq.com/symbol/cdzi",
"CZR","Caesars Entertainment Corporation","11.56","$7.78B","2012","Consumer Services","Hotels/Resorts","https://www.nasdaq.com/symbol/czr",
"CSTE","Caesarstone Ltd.","14.67","$504.19M","2012","Capital Goods","Building Materials","https://www.nasdaq.com/symbol/cste",
"CLBS","Caladrius Biosciences, Inc.","2.47","$25.64M","n/a","Health Care","Hospital/Nursing Management","https://www.nasdaq.com/symbol/clbs",
"CHY","Calamos Convertible and High Income Fund","10.87","$795.27M","2003","n/a","n/a","https://www.nasdaq.com/symbol/chy",
"CHI","Calamos Convertible Opportunities and Income Fund","10.37","$734.95M","2002","n/a","n/a","https://www.nasdaq.com/symbol/chi",
"CCD","Calamos Dynamic Convertible & Income Fund","19.73","$481.96M","n/a","n/a","n/a","https://www.nasdaq.com/symbol/ccd",
"CHW","Calamos Global Dynamic Income Fund","8.05","$476.52M","2007","n/a","n/a","https://www.nasdaq.com/symbol/chw",
"CGO","Calamos Global Total Return Fund","12.87","$111.41M","2005","n/a","n/a","https://www.nasdaq.com/symbol/cgo",
"CSQ","Calamos Strategic Total Return Fund","12.58","$1.95B","2004","n/a","n/a","https://www.nasdaq.com/symbol/csq",
"CAMP","CalAmp Corp.","10.02","$336.73M","1983","Technology","Radio And Television Broadcasting And Communications Equipment","https://www.nasdaq.com/symbol/camp",
"CVGW","Calavo Growers, Inc.","94.87","$1.67B","n/a","Consumer Non-Durables","Farming/Seeds/Milling","https://www.nasdaq.com/symbol/cvgw",
"CALA","Calithera Biosciences, Inc.","3.745","$146.96M","2014","Health Care","Major Pharmaceuticals","https://www.nasdaq.com/symbol/cala",
"CALM","Cal-Maine Foods, Inc.","40.51","$1.97B","1996","Consumer Non-Durables","Farming/Seeds/Milling","https://www.nasdaq.com/symbol/calm",
"CLMT","Calumet Specialty Products Partners, L.P.","4.18","$323.82M","2006","Energy","Integrated oil Companies","https://www.nasdaq.com/symbol/clmt",
"CRUSC","Calvert Management Series","99.98","$99.98M","n/a","n/a","n/a","https://www.nasdaq.com/symbol/crusc",
"CLXT","Calyxt, Inc.","12.58","$411.4M","2017","Basic Industries","Agricultural Chemicals","https://www.nasdaq.com/symbol/clxt",
"CATC","Cambridge Bancorp","77.21","$374.18M","n/a","Finance","Major Banks","https://www.nasdaq.com/symbol/catc",
"CAC","Camden National Corporation","43.91","$681.56M","n/a","Finance","Major Banks","https://www.nasdaq.com/symbol/cac",
"CAMT","Camtek Ltd.","8.03","$293.45M","2000","Capital Goods","Electronic Components","https://www.nasdaq.com/symbol/camt",
"CSIQ","Canadian Solar Inc.","21.27","$1.26B","2006","Technology","Semiconductors","https://www.nasdaq.com/symbol/csiq",
"CGIX","Cancer Genetics, Inc.","0.1698","$9.82M","n/a","Health Care","Medical Specialities","https://www.nasdaq.com/symbol/cgix",
"CPHC","Canterbury Park Holding Corporation","12.4","$56.88M","n/a","Consumer Services","Services-Misc. Amusement & Recreation","https://www.nasdaq.com/symbol/cphc",
"CBNK","Capital Bancorp, Inc.","11.55","$158.45M","2018","Finance","Major Banks","https://www.nasdaq.com/symbol/cbnk",
"CCBG","Capital City Bank Group","24.63","$414.09M","n/a","Finance","Major Banks","https://www.nasdaq.com/symbol/ccbg",
"CPLP","Capital Product Partners L.P.","10.16","$184.69M","2007","Transportation","Marine Transportation","https://www.nasdaq.com/symbol/cplp",
"CSWC","Capital Southwest Corporation","21.3","$372.77M","n/a","Consumer Non-Durables","Textiles","https://www.nasdaq.com/symbol/cswc",
"CSWCL","Capital Southwest Corporation","25.9421","n/a","n/a","Consumer Non-Durables","Textiles","https://www.nasdaq.com/symbol/cswcl",
"CPTA","Capitala Finance Corp.","9.21","$148.24M","2013","n/a","n/a","https://www.nasdaq.com/symbol/cpta",
"CPTAG","Capitala Finance Corp.","25.19","n/a","n/a","n/a","n/a","https://www.nasdaq.com/symbol/cptag",
"CPTAL","Capitala Finance Corp.","25.3522","n/a","n/a","n/a","n/a","https://www.nasdaq.com/symbol/cptal",
"CFFN","Capitol Federal Financial, Inc.","13.39","$1.89B","n/a","Finance","Savings Institutions","https://www.nasdaq.com/symbol/cffn",
"CAPR","Capricor Therapeutics, Inc.","3.29","$11.41M","n/a","Health Care","Major Pharmaceuticals","https://www.nasdaq.com/symbol/capr",
"CSTR","CapStar Financial Holdings, Inc.","15.07","$266.43M","2016","Finance","Major Banks","https://www.nasdaq.com/symbol/cstr",
"CPST","Capstone Turbine Corporation","0.7875","$57.22M","2000","Energy","Industrial Machinery/Components","https://www.nasdaq.com/symbol/cpst",
"CARA","Cara Therapeutics, Inc.","19.73","$784.3M","2014","Health Care","Major Pharmaceuticals","https://www.nasdaq.com/symbol/cara",
"CBLK","Carbon Black, Inc.","16.01","$1.15B","2018","Technology","Computer Software: Prepackaged Software","https://www.nasdaq.com/symbol/cblk",
"CARB","Carbonite, Inc.","25.67","$884.25M","2011","Technology","EDP Services","https://www.nasdaq.com/symbol/carb",
"CSII","Cardiovascular Systems, Inc.","41.64","$1.45B","1981","Health Care","Medical/Dental Instruments","https://www.nasdaq.com/symbol/csii",
"CDLX","Cardlytics, Inc.","23.61","$532.87M","2018","Technology","Computer Software: Programming, Data Processing","https://www.nasdaq.com/symbol/cdlx",
"CATM","Cardtronics plc","26.8","$1.24B","2007","Miscellaneous","Business Services","https://www.nasdaq.com/symbol/catm",
"CDNA","CareDx, Inc.","35.61","$1.5B","2014","Health Care","Medical Specialities","https://www.nasdaq.com/symbol/cdna",
"CECO","Career Education Corporation","18.71","$1.31B","1998","Consumer Services","Other Consumer Services","https://www.nasdaq.com/symbol/ceco",
"CTRE","CareTrust REIT, Inc.","24.28","$2.32B","n/a","Consumer Services","Real Estate Investment Trusts","https://www.nasdaq.com/symbol/ctre",
"CARG","CarGurus, Inc.","36.74","$4.09B","2017","Technology","EDP Services","https://www.nasdaq.com/symbol/carg",
"CARO","Carolina Financial Corporation","34.61","$772.33M","n/a","Finance","Major Banks","https://www.nasdaq.com/symbol/caro",
"CART","Carolina Trust BancShares, Inc.","7.7","$71.59M","n/a","Finance","Major Banks","https://www.nasdaq.com/symbol/cart",
"CRZO","Carrizo Oil & Gas, Inc.","9.61","$888.97M","1997","Energy","Oil & Gas Production","https://www.nasdaq.com/symbol/crzo",
"TAST","Carrols Restaurant Group, Inc.","8.74","$387.81M","2006","Consumer Services","Restaurants","https://www.nasdaq.com/symbol/tast",
"CARE","Carter Bank & Trust","19.12","$502.61M","n/a","n/a","n/a","https://www.nasdaq.com/symbol/care",
"CARV","Carver Bancorp, Inc.","3.06","$11.32M","n/a","Finance","Savings Institutions","https://www.nasdaq.com/symbol/carv",
"CASA","Casa Systems, Inc.","6.14","$514.07M","2017","Technology","Radio And Television Broadcasting And Communications Equipment","https://www.nasdaq.com/symbol/casa",
"CWST","Casella Waste Systems, Inc.","39.78","$1.88B","1997","Public Utilities","Environmental Services","https://www.nasdaq.com/symbol/cwst",
"CASY","Caseys General Stores, Inc.","154.66","$5.67B","1983","Consumer Durables","Automotive Aftermarket","https://www.nasdaq.com/symbol/casy",
"CASI","CASI Pharmaceuticals, Inc.","2.99","$286.19M","n/a","Health Care","Biotechnology: Biological Products (No Diagnostic Substances)","https://www.nasdaq.com/symbol/casi",
"CASS","Cass Information Systems, Inc","46.76","$679.25M","n/a","Miscellaneous","Business Services","https://www.nasdaq.com/symbol/cass",
"SAVA","Cassava Sciences, Inc.","1.3","$22.39M","n/a","Health Care","Major Pharmaceuticals","https://www.nasdaq.com/symbol/sava",
"CTRM","Castor Maritime Inc.","4.17","$10.01M","n/a","Transportation","Marine Transportation","https://www.nasdaq.com/symbol/ctrm",
"CATB","Catabasis Pharmaceuticals, Inc.","7.48","$86.01M","2015","Health Care","Major Pharmaceuticals","https://www.nasdaq.com/symbol/catb",
"CBIO","Catalyst Biosciences, Inc. ","7.61","$91.17M","n/a","Health Care","Major Pharmaceuticals","https://www.nasdaq.com/symbol/cbio",
"CPRX","Catalyst Pharmaceuticals, Inc.","3.63","$373.36M","2006","Health Care","Major Pharmaceuticals","https://www.nasdaq.com/symbol/cprx",
"CATS","Catasys, Inc.","18.58","$301.27M","n/a","Health Care","Hospital/Nursing Management","https://www.nasdaq.com/symbol/cats",
"CATY","Cathay General Bancorp","34.35","$2.76B","n/a","Finance","Major Banks","https://www.nasdaq.com/symbol/caty",
"CVCO","Cavco Industries, Inc.","146.73","$1.33B","n/a","Basic Industries","Homebuilding","https://www.nasdaq.com/symbol/cvco",
"CBFV","CB Financial Services, Inc.","23.4","$127.14M","n/a","Finance","Major Banks","https://www.nasdaq.com/symbol/cbfv",
"CBAT","CBAK Energy Technology, Inc.","1.01","$32.06M","n/a","Miscellaneous","Industrial Machinery/Components","https://www.nasdaq.com/symbol/cbat",
"CBMB","CBM Bancorp, Inc.","13.85","$58.61M","2018","Finance","Savings Institutions","https://www.nasdaq.com/symbol/cbmb",
"CBOE","Cboe Global Markets, Inc.","107.5","$12.02B","2010","n/a","n/a","https://www.nasdaq.com/symbol/cboe",
"CBTX","CBTX, Inc.","27.98","$727.46M","2017","Finance","Major Banks","https://www.nasdaq.com/symbol/cbtx",
"CDK","CDK Global, Inc.","48.05","$5.84B","n/a","Miscellaneous","Business Services","https://www.nasdaq.com/symbol/cdk",
"CDW","CDW Corporation","107.465","$15.72B","2013","Consumer Services","Catalog/Specialty Distribution","https://www.nasdaq.com/symbol/cdw",
"CECE","CECO Environmental Corp.","9.12","$319.67M","n/a","Capital Goods","Pollution Control Equipment","https://www.nasdaq.com/symbol/cece",
"CELC","Celcuity Inc.","20.25","$206.73M","2017","Health Care","Medical Specialities","https://www.nasdaq.com/symbol/celc",
"CELG","Celgene Corporation","93.19","$65.72B","1987","Health Care","Major Pharmaceuticals","https://www.nasdaq.com/symbol/celg",
"CELGZ","Celgene Corporation","0.7","n/a","n/a","Health Care","Major Pharmaceuticals","https://www.nasdaq.com/symbol/celgz",
"CLDX","Celldex Therapeutics, Inc.","2.52","$34.7M","n/a","Health Care","Biotechnology: In Vitro & In Vivo Diagnostic Substances","https://www.nasdaq.com/symbol/cldx",
"APOP","Cellect Biotechnology Ltd.","0.52","$5.83M","2016","Health Care","Medical/Dental Instruments","https://www.nasdaq.com/symbol/apop",
"APOPW","Cellect Biotechnology Ltd.","0.1668","n/a","2016","Health Care","Medical/Dental Instruments","https://www.nasdaq.com/symbol/apopw",
"CLRB","Cellectar Biosciences, Inc.","2.13","$20.01M","n/a","Health Care","Major Pharmaceuticals","https://www.nasdaq.com/symbol/clrb",
"CLRBW","Cellectar Biosciences, Inc.","0.03","n/a","n/a","Health Care","Major Pharmaceuticals","https://www.nasdaq.com/symbol/clrbw",
"CLRBZ","Cellectar Biosciences, Inc.","0.06","n/a","n/a","Health Care","Major Pharmaceuticals","https://www.nasdaq.com/symbol/clrbz",
"CLLS","Cellectis S.A.","14.86","$630.74M","2015","Health Care","Biotechnology: Biological Products (No Diagnostic Substances)","https://www.nasdaq.com/symbol/clls",
"CBMG","Cellular Biomedicine Group, Inc.","14.55","$279.78M","n/a","Health Care","Biotechnology: Biological Products (No Diagnostic Substances)","https://www.nasdaq.com/symbol/cbmg",
"CLSN","Celsion Corporation","1.78","$36.46M","n/a","Health Care","Major Pharmaceuticals","https://www.nasdaq.com/symbol/clsn",
"CELH","Celsius Holdings, Inc.","3.77","$216.05M","n/a","Consumer Non-Durables","Beverages (Production/Distribution)","https://www.nasdaq.com/symbol/celh",
"CYAD","Celyad SA","11.71","$139.84M","2015","Health Care","Major Pharmaceuticals","https://www.nasdaq.com/symbol/cyad",
"CETX","Cemtrex Inc.","2.31","$4.83M","n/a","Capital Goods","Industrial Machinery/Components","https://www.nasdaq.com/symbol/cetx",
"CETXP","Cemtrex Inc.","1.3","$2.74M","n/a","Capital Goods","Industrial Machinery/Components","https://www.nasdaq.com/symbol/cetxp",
"CETXW","Cemtrex Inc.","0.011","n/a","n/a","Capital Goods","Industrial Machinery/Components","https://www.nasdaq.com/symbol/cetxw",
"CDEV","Centennial Resource Development, Inc.","7.21","$1.99B","2016","Energy","Oil & Gas Production","https://www.nasdaq.com/symbol/cdev",
"CSFL","CenterState Bank Corporation","22.18","$2.9B","n/a","Finance","Major Banks","https://www.nasdaq.com/symbol/csfl",
"CETV","Central European Media Enterprises Ltd.","4.18","$1.06B","1994","Consumer Services","Broadcasting","https://www.nasdaq.com/symbol/cetv",
"CFBK","Central Federal Corporation","11.94","$52.7M","n/a","Finance","Savings Institutions","https://www.nasdaq.com/symbol/cfbk",
"CENT","Central Garden & Pet Company","26.89","$1.57B","1993","Consumer Durables","Consumer Specialties","https://www.nasdaq.com/symbol/cent",
"CENTA","Central Garden & Pet Company","24.3","$1.42B","n/a","Consumer Durables","Consumer Specialties","https://www.nasdaq.com/symbol/centa",
"CVCY","Central Valley Community Bancorp","19.81","$270.56M","n/a","Finance","Major Banks","https://www.nasdaq.com/symbol/cvcy",
"CTRC","Centric Brands Inc.","4.36","$255.25M","n/a","Consumer Non-Durables","Apparel","https://www.nasdaq.com/symbol/ctrc",
"CENX","Century Aluminum Company","6.61","$587.08M","1996","Basic Industries","Aluminum","https://www.nasdaq.com/symbol/cenx",
"CNBKA","Century Bancorp, Inc.","83.84","$466.81M","1987","Finance","Major Banks","https://www.nasdaq.com/symbol/cnbka",
"CNTY","Century Casinos, Inc.","9.64","$283.79M","n/a","Consumer Services","Hotels/Resorts","https://www.nasdaq.com/symbol/cnty",
"CRNT","Ceragon Networks Ltd.","2.93","$234.82M","n/a","Technology","Radio And Television Broadcasting And Communications Equipment","https://www.nasdaq.com/symbol/crnt",
"CERC","Cerecor Inc.","4.88","$208.8M","2015","Health Care","Major Pharmaceuticals","https://www.nasdaq.com/symbol/cerc",
"CERN","Cerner Corporation","71.25","$23.19B","1986","Technology","EDP Services","https://www.nasdaq.com/symbol/cern",
"CERS","Cerus Corporation","4.89","$674.02M","1997","Health Care","Medical/Dental Instruments","https://www.nasdaq.com/symbol/cers",
"KOOL","Cesca Therapeutics Inc.","2.71","$6.41M","n/a","Capital Goods","Medical Specialities","https://www.nasdaq.com/symbol/kool",
"CEVA","CEVA, Inc.","23.39","$513.98M","n/a","Technology","Semiconductors","https://www.nasdaq.com/symbol/ceva",
"CFFA","CF Finance Acquisition Corp.","10","$359.23M","2019","Finance","Business Services","https://www.nasdaq.com/symbol/cffa",
"CFFAU","CF Finance Acquisition Corp.","10.35","n/a","2018","Finance","Business Services","https://www.nasdaq.com/symbol/cffau",
"CFFAW","CF Finance Acquisition Corp.","0.6","n/a","2019","Finance","Business Services","https://www.nasdaq.com/symbol/cffaw",
"CSBR","Champions Oncology, Inc.","8.07","$93.74M","n/a","Health Care","Biotechnology: Biological Products (No Diagnostic Substances)","https://www.nasdaq.com/symbol/csbr",
"CYOU","Changyou.com Limited","9.65","$513.87M","2009","Technology","Computer Software: Prepackaged Software","https://www.nasdaq.com/symbol/cyou",
"BURG","Chanticleer Holdings, Inc.","0.99","$3.9M","n/a","Consumer Services","Restaurants","https://www.nasdaq.com/symbol/burg",
"CTHR","Charles & Colvard Ltd.","1.5","$42.04M","1997","Consumer Durables","Consumer Specialties","https://www.nasdaq.com/symbol/cthr",
"GTLS","Chart Industries, Inc.","71.13","$2.55B","2006","Capital Goods","Metal Fabrications","https://www.nasdaq.com/symbol/gtls",
"CHTR","Charter Communications, Inc.","390.91","$87.33B","n/a","Consumer Services","Television Services","https://www.nasdaq.com/symbol/chtr",
"CTAC","ChaSerg Technology Acquisition Corp.","10","$281.4M","2018","Finance","Business Services","https://www.nasdaq.com/symbol/ctac",
"CTACU","ChaSerg Technology Acquisition Corp.","10.45","n/a","2018","Finance","Business Services","https://www.nasdaq.com/symbol/ctacu",
"CTACW","ChaSerg Technology Acquisition Corp.","0.75","n/a","2018","Finance","Business Services","https://www.nasdaq.com/symbol/ctacw",
"CHKP","Check Point Software Technologies Ltd.","114.08","$17.37B","1996","Technology","Computer Software: Prepackaged Software","https://www.nasdaq.com/symbol/chkp",
"CHEK","Check-Cap Ltd.","2.19","$18.04M","2015","Health Care","Medical Electronics","https://www.nasdaq.com/symbol/chek",
"CHEKW","Check-Cap Ltd.","0.041","n/a","2015","Health Care","Medical Electronics","https://www.nasdaq.com/symbol/chekw",
"CHEKZ","Check-Cap Ltd.","0.3","n/a","n/a","Health Care","Medical Electronics","https://www.nasdaq.com/symbol/chekz",
"CKPT","Checkpoint Therapeutics, Inc.","3.55","$128.38M","n/a","Health Care","Major Pharmaceuticals","https://www.nasdaq.com/symbol/ckpt",
"CEMI","Chembio Diagnostics, Inc.","5.92","$101.63M","n/a","Health Care","Major Pharmaceuticals","https://www.nasdaq.com/symbol/cemi",
"CHFC","Chemical Financial Corporation","39.54","$2.83B","n/a","Finance","Major Banks","https://www.nasdaq.com/symbol/chfc",
"CCXI","ChemoCentryx, Inc.","8.72","$506.18M","2012","Health Care","Major Pharmaceuticals","https://www.nasdaq.com/symbol/ccxi",
"CHMG","Chemung Financial Corp","47.2","$228.33M","n/a","Finance","Major Banks","https://www.nasdaq.com/symbol/chmg",
"CHKE","Cherokee Inc.","0.5009","$7.99M","n/a","Consumer Non-Durables","Apparel","https://www.nasdaq.com/symbol/chke",
"CHFS","CHF Solutions, Inc.","3.12","$7.08M","n/a","Health Care","Biotechnology: Electromedical & Electrotherapeutic Apparatus","https://www.nasdaq.com/symbol/chfs",
"CHMA","Chiasma, Inc.","7.61","$241.75M","2015","Health Care","Major Pharmaceuticals","https://www.nasdaq.com/symbol/chma",
"CSSE","Chicken Soup for the Soul Entertainment, Inc.","7.425","$89.01M","2017","Consumer Services","Movies/Entertainment","https://www.nasdaq.com/symbol/csse",
"CSSEP","Chicken Soup for the Soul Entertainment, Inc.","25.16","$23.11M","n/a","Consumer Services","Movies/Entertainment","https://www.nasdaq.com/symbol/cssep",
"PLCE","Children&#39;s Place, Inc. (The)","91.68","$1.45B","1997","Consumer Services","Clothing/Shoe/Accessory Stores","https://www.nasdaq.com/symbol/plce",
"CMRX","Chimerix, Inc.","3.36","$171.6M","2013","Health Care","Major Pharmaceuticals","https://www.nasdaq.com/symbol/cmrx",
"CADC","China Advanced Construction Materials Group, Inc.","3.29","$18.37M","n/a","Basic Industries","Engineering & Construction","https://www.nasdaq.com/symbol/cadc",
"CAAS","China Automotive Systems, Inc.","2.27","$73.41M","n/a","Capital Goods","Auto Parts:O.E.M.","https://www.nasdaq.com/symbol/caas",
"CBPO","China Biologic Products Holdings, Inc.","94.13","$3.67B","n/a","Health Care","Biotechnology: Biological Products (No Diagnostic Substances)","https://www.nasdaq.com/symbol/cbpo",
"CCCL","China Ceramics Co., Ltd.","0.8699","$5.23M","n/a","Capital Goods","Building Materials","https://www.nasdaq.com/symbol/cccl",
"CCRC","China Customer Relations Centers, Inc.","10.62","$194.66M","2015","Miscellaneous","Business Services","https://www.nasdaq.com/symbol/ccrc",
"JRJC","China Finance Online Co. Limited","0.91","$21.49M","2004","Finance","Investment Bankers/Brokers/Service","https://www.nasdaq.com/symbol/jrjc",
"HGSH","China HGS Real Estate, Inc.","0.865","$38.97M","n/a","Finance","Real Estate","https://www.nasdaq.com/symbol/hgsh",
"CIH","China Index Holdings Limited","3.48","n/a","n/a","Technology","EDP Services","https://www.nasdaq.com/symbol/cih",
"CIFS","China Internet Nationwide Financial Services Inc.","1.97","$43.56M","2017","Consumer Services","Professional Services","https://www.nasdaq.com/symbol/cifs",
"CJJD","China Jo-Jo Drugstores, Inc.","1.06","$34.91M","n/a","Health Care","Medical/Nursing Services","https://www.nasdaq.com/symbol/cjjd",
"CLDC","China Lending Corporation","0.925","$23.39M","2014","Finance","Diversified Financial Services","https://www.nasdaq.com/symbol/cldc",
"CHNR","China Natural Resources, Inc.","1.73","$43.1M","n/a","Basic Industries","Precious Metals","https://www.nasdaq.com/symbol/chnr",
"CREG","China Recycling Energy Corporation","0.4127","$6.65M","n/a","Miscellaneous","Business Services","https://www.nasdaq.com/symbol/creg",
"SXTC","China SXT Pharmaceuticals, Inc.","3.44","$91.87M","2019","Health Care","Major Pharmaceuticals","https://www.nasdaq.com/symbol/sxtc",
"CNTF","China TechFaith Wireless Communication Technology Limited","0.539","$5.71M","2005","Miscellaneous","Business Services","https://www.nasdaq.com/symbol/cntf",
"CXDC","China XD Plastics Company Limited","2.25","$114.63M","n/a","Capital Goods","Containers/Packaging","https://www.nasdaq.com/symbol/cxdc",
"CCIH","ChinaCache International Holdings Ltd.","0.8839","$23.55M","2010","Technology","EDP Services","https://www.nasdaq.com/symbol/ccih",
"CNET","ChinaNet Online Holdings, Inc.","1.37","$22.49M","n/a","Technology","Computer Software: Programming, Data Processing","https://www.nasdaq.com/symbol/cnet",
"IMOS","ChipMOS TECHNOLOGIES INC.","15.14","$550.54M","n/a","Technology","Semiconductors","https://www.nasdaq.com/symbol/imos",
"CDXC","ChromaDex Corporation","3.78","$209.87M","n/a","Consumer Durables","Specialty Chemicals","https://www.nasdaq.com/symbol/cdxc",
"CHSCL","CHS Inc","27.69","$573.18M","n/a","Consumer Services","Farming/Seeds/Milling","https://www.nasdaq.com/symbol/chscl",
"CHSCM","CHS Inc","26.16","$497.04M","n/a","Consumer Services","Farming/Seeds/Milling","https://www.nasdaq.com/symbol/chscm",
"CHSCN","CHS Inc","26.78","$449.9M","n/a","Consumer Services","Farming/Seeds/Milling","https://www.nasdaq.com/symbol/chscn",
"CHSCO","CHS Inc","27.46","$310.82M","n/a","Consumer Services","Farming/Seeds/Milling","https://www.nasdaq.com/symbol/chsco",
"CHSCP","CHS Inc","28.3","$204.67M","n/a","Consumer Services","Farming/Seeds/Milling","https://www.nasdaq.com/symbol/chscp",
"CHDN","Churchill Downs, Incorporated","109.41","$4.4B","n/a","Consumer Services","Services-Misc. Amusement & Recreation","https://www.nasdaq.com/symbol/chdn",
"CHUY","Chuy&#39;s Holdings, Inc.","22.43","$376.18M","2012","Consumer Services","Restaurants","https://www.nasdaq.com/symbol/chuy",
"CDTX","Cidara Therapeutics, Inc.","1.6","$42.63M","2015","Health Care","Biotechnology: Biological Products (No Diagnostic Substances)","https://www.nasdaq.com/symbol/cdtx",
"CMCT","CIM Commercial Trust Corporation","19.21","$841.51M","n/a","Consumer Services","Real Estate Investment Trusts","https://www.nasdaq.com/symbol/cmct",
"CMCTP","CIM Commercial Trust Corporation","25.9412","$209.62M","n/a","Consumer Services","Real Estate Investment Trusts","https://www.nasdaq.com/symbol/cmctp",
"CMPR","Cimpress N.V","93.03","$2.86B","n/a","Miscellaneous","Publishing","https://www.nasdaq.com/symbol/cmpr",
"CINF","Cincinnati Financial Corporation","105.04","$17.15B","n/a","Finance","Property-Casualty Insurers","https://www.nasdaq.com/symbol/cinf",
"CIDM","Cinedigm Corp","1.3714","$48.93M","n/a","Consumer Services","Consumer Electronics/Video Chains","https://www.nasdaq.com/symbol/cidm",
"CTAS","Cintas Corporation","231.45","$24.2B","1983","Consumer Non-Durables","Apparel","https://www.nasdaq.com/symbol/ctas",
"CRUS","Cirrus Logic, Inc.","40.78","$2.37B","1989","Technology","Semiconductors","https://www.nasdaq.com/symbol/crus",
"CSCO","Cisco Systems, Inc.","56.08","$240.06B","1990","Technology","Computer Communications Equipment","https://www.nasdaq.com/symbol/csco",
"CTRN","Citi Trends, Inc.","14.31","$172.9M","2005","Consumer Services","Clothing/Shoe/Accessory Stores","https://www.nasdaq.com/symbol/ctrn",
"CTXR","Citius Pharmaceuticals, Inc.","0.9728","$21.48M","n/a","Health Care","Major Pharmaceuticals","https://www.nasdaq.com/symbol/ctxr",
"CTXRW","Citius Pharmaceuticals, Inc.","0.22","n/a","n/a","Health Care","Major Pharmaceuticals","https://www.nasdaq.com/symbol/ctxrw",
"CZNC","Citizens & Northern Corp","25.15","$343.91M","n/a","Finance","Major Banks","https://www.nasdaq.com/symbol/cznc",
"CZWI","Citizens Community Bancorp, Inc.","11.05","$121.44M","n/a","Finance","Savings Institutions","https://www.nasdaq.com/symbol/czwi",
"CZFC","Citizens First Corporation","25.04","$63.78M","n/a","Finance","Major Banks","https://www.nasdaq.com/symbol/czfc",
"CIZN","Citizens Holding Company","21.2","$104.14M","n/a","Finance","Major Banks","https://www.nasdaq.com/symbol/cizn",
"CTXS","Citrix Systems, Inc.","98.16","$12.92B","1995","Technology","Computer Software: Prepackaged Software","https://www.nasdaq.com/symbol/ctxs",
"CHCO","City Holding Company","74.6","$1.23B","n/a","Finance","Major Banks","https://www.nasdaq.com/symbol/chco",
"CIVB","Civista Bancshares, Inc. ","21.65","$338.26M","n/a","Finance","Major Banks","https://www.nasdaq.com/symbol/civb",
"CIVBP","Civista Bancshares, Inc. ","72.5","$733700","n/a","Finance","Major Banks","https://www.nasdaq.com/symbol/civbp",
"CLAR","Clarus Corporation","13.93","$416.38M","n/a","Consumer Non-Durables","Recreational Products/Toys","https://www.nasdaq.com/symbol/clar",
"CLNE","Clean Energy Fuels Corp.","2.53","$517.78M","2007","Public Utilities","Natural Gas Distribution","https://www.nasdaq.com/symbol/clne",
"CACG","ClearBridge All Cap Growth ETF","31.53","$97.74M","n/a","n/a","n/a","https://www.nasdaq.com/symbol/cacg",
"YLDE","ClearBridge Dividend Strategy ESG ETF","30.8206","$4.62M","n/a","n/a","n/a","https://www.nasdaq.com/symbol/ylde",
"LRGE","ClearBridge Large Cap Growth ESG ETF","34.51","$143.22M","n/a","n/a","n/a","https://www.nasdaq.com/symbol/lrge",
"CLFD","Clearfield, Inc.","13.16","$179.82M","n/a","Public Utilities","Telecommunications Equipment","https://www.nasdaq.com/symbol/clfd",
"CLRO","ClearOne, Inc.","2.32","$38.58M","n/a","Public Utilities","Telecommunications Equipment","https://www.nasdaq.com/symbol/clro",
"CLSD","Clearside Biomedical, Inc.","1.03","$38.72M","2016","Health Care","Major Pharmaceuticals","https://www.nasdaq.com/symbol/clsd",
"CLIR","ClearSign Combustion Corporation","1.0947","$29.23M","2012","Capital Goods","Industrial Machinery/Components","https://www.nasdaq.com/symbol/clir",
"CBLI","Cleveland BioLabs, Inc.","1.67","$18.87M","2006","Health Care","Biotechnology: Commercial Physical & Biological Resarch","https://www.nasdaq.com/symbol/cbli",
"CLVS","Clovis Oncology, Inc.","13.42","$711.33M","2011","Health Care","Major Pharmaceuticals","https://www.nasdaq.com/symbol/clvs",
"CLPS","CLPS Incorporation","5.56","$77.36M","2018","Technology","Computer Software: Prepackaged Software","https://www.nasdaq.com/symbol/clps",
"CMFN","CM Finance Inc","7.145","$97.31M","2014","n/a","n/a","https://www.nasdaq.com/symbol/cmfn",
"CMFNL","CM Finance Inc","25.639","n/a","n/a","n/a","n/a","https://www.nasdaq.com/symbol/cmfnl",
"CME","CME Group Inc.","198.32","$70.99B","2002","Finance","Investment Bankers/Brokers/Service","https://www.nasdaq.com/symbol/cme",
"CCNE","CNB Financial Corporation","26.41","$402.47M","n/a","Finance","Major Banks","https://www.nasdaq.com/symbol/ccne",
"CCB","Coastal Financial Corporation","15.27","$181.81M","2018","Finance","Major Banks","https://www.nasdaq.com/symbol/ccb",
"COKE","Coca-Cola Consolidated, Inc.","300.11","$2.81B","1972","Consumer Non-Durables","Beverages (Production/Distribution)","https://www.nasdaq.com/symbol/coke",
"COCP","Cocrystal Pharma, Inc.","2.07","$65.45M","n/a","Health Care","Major Pharmaceuticals","https://www.nasdaq.com/symbol/cocp",
"CODA","Coda Octopus Group, Inc.","12.98","$135.19M","n/a","Capital Goods","Industrial Machinery/Components","https://www.nasdaq.com/symbol/coda",
"CDXS","Codexis, Inc.","18.43","$1.06B","2010","Basic Industries","Major Chemicals","https://www.nasdaq.com/symbol/cdxs",
"CODX","Co-Diagnostics, Inc.","0.75","$12.76M","2017","Health Care","Medical/Dental Instruments","https://www.nasdaq.com/symbol/codx",
"CVLY","Codorus Valley Bancorp, Inc","21.23","$200.74M","n/a","Finance","Savings Institutions","https://www.nasdaq.com/symbol/cvly",
"JVA","Coffee Holding Co., Inc.","3.88","$21.61M","2005","Consumer Non-Durables","Food Distributors","https://www.nasdaq.com/symbol/jva",
"CCOI","Cogent Communications Holdings, Inc.","58.67","$2.72B","n/a","Consumer Services","Telecommunications Equipment","https://www.nasdaq.com/symbol/ccoi",
"CGNX","Cognex Corporation","46.16","$7.92B","1989","Capital Goods","Industrial Machinery/Components","https://www.nasdaq.com/symbol/cgnx",
"CTSH","Cognizant Technology Solutions Corporation","63.16","$35.96B","1998","Technology","EDP Services","https://www.nasdaq.com/symbol/ctsh",
"CWBR","CohBar, Inc.","1.84","$73.52M","n/a","Health Care","Major Pharmaceuticals","https://www.nasdaq.com/symbol/cwbr",
"COHR","Coherent, Inc.","128.06","$3.1B","n/a","Capital Goods","Biotechnology: Laboratory Analytical Instruments","https://www.nasdaq.com/symbol/cohr",
"CHRS","Coherus BioSciences, Inc.","21.14","$1.47B","2014","Health Care","Biotechnology: Biological Products (No Diagnostic Substances)","https://www.nasdaq.com/symbol/chrs",
"COHU","Cohu, Inc.","15.04","$616.89M","n/a","Capital Goods","Electrical Products","https://www.nasdaq.com/symbol/cohu",
"CLCT","Collectors Universe, Inc.","19.27","$176.29M","1999","Miscellaneous","Business Services","https://www.nasdaq.com/symbol/clct",
"COLL","Collegium Pharmaceutical, Inc.","12.62","$421.34M","2015","Health Care","Major Pharmaceuticals","https://www.nasdaq.com/symbol/coll",
"CIGI","Colliers International Group Inc. ","70.75","$2.7B","n/a","Finance","Real Estate","https://www.nasdaq.com/symbol/cigi",
"CLGN","CollPlant Biotechnologies Ltd.","5","$19.07M","n/a","Health Care","Industrial Specialties","https://www.nasdaq.com/symbol/clgn",
"CBAN","Colony Bankcorp, Inc.","16.66","$158.25M","n/a","Finance","Major Banks","https://www.nasdaq.com/symbol/cban",
"COLB","Columbia Banking System, Inc.","35.01","$2.58B","1992","Finance","Major Banks","https://www.nasdaq.com/symbol/colb",
"CLBK","Columbia Financial, Inc.","14.9","$1.73B","2018","Finance","Savings Institutions","https://www.nasdaq.com/symbol/clbk",
"COLM","Columbia Sportswear Company","98","$6.69B","1998","Consumer Non-Durables","Apparel","https://www.nasdaq.com/symbol/colm",
"CMCO","Columbus McKinnon Corporation","40.05","$938.72M","1996","Capital Goods","Construction/Ag Equipment/Trucks","https://www.nasdaq.com/symbol/cmco",
"CMCSA","Comcast Corporation","42.75","$194.03B","n/a","Consumer Services","Television Services","https://www.nasdaq.com/symbol/cmcsa",
"CCNI","Command Center, Inc.","5.47","$25.32M","n/a","Technology","Professional Services","https://www.nasdaq.com/symbol/ccni",
"CBSH","Commerce Bancshares, Inc.","57.17","$6.32B","n/a","Finance","Major Banks","https://www.nasdaq.com/symbol/cbsh",
"CBSHP","Commerce Bancshares, Inc.","26.2","$2.4B","n/a","Finance","Major Banks","https://www.nasdaq.com/symbol/cbshp",
"CVGI","Commercial Vehicle Group, Inc.","7.11","$222.24M","2004","Capital Goods","Auto Parts:O.E.M.","https://www.nasdaq.com/symbol/cvgi",
"COMM","CommScope Holding Company, Inc.","15.59","$3.02B","2013","Technology","Radio And Television Broadcasting And Communications Equipment","https://www.nasdaq.com/symbol/comm",
"JCS","Communications Systems, Inc.","3.05","$28.42M","n/a","Public Utilities","Telecommunications Equipment","https://www.nasdaq.com/symbol/jcs",
"ESXB","Community Bankers Trust Corporation.","7.67","$170.04M","n/a","Finance","Major Banks","https://www.nasdaq.com/symbol/esxb",
"CFBI","Community First Bancshares, Inc.","10.15","$75.36M","2017","Finance","Savings Institutions","https://www.nasdaq.com/symbol/cfbi",
"CTBI","Community Trust Bancorp, Inc.","41.15","$731.35M","n/a","Finance","Major Banks","https://www.nasdaq.com/symbol/ctbi",
"CWBC","Community West Bancshares","9.67","$81.71M","n/a","Finance","Major Banks","https://www.nasdaq.com/symbol/cwbc",
"CVLT","Commvault Systems, Inc.","47.24","$2.16B","2006","Technology","Computer Software: Prepackaged Software","https://www.nasdaq.com/symbol/cvlt",
"CGEN","Compugen Ltd.","3.92","$234.82M","2000","Health Care","Biotechnology: Biological Products (No Diagnostic Substances)","https://www.nasdaq.com/symbol/cgen",
"CPSI","Computer Programs and Systems, Inc.","27.18","$390.17M","2002","Technology","EDP Services","https://www.nasdaq.com/symbol/cpsi",
"CTG","Computer Task Group, Incorporated","4.081","$56.6M","n/a","Technology","EDP Services","https://www.nasdaq.com/symbol/ctg",
"SCOR","comScore, Inc.","6.1","$369.44M","2018","Miscellaneous","Business Services","https://www.nasdaq.com/symbol/scor",
"CHCI","Comstock Holding Companies, Inc.","2.6689","$10.37M","2004","Capital Goods","Homebuilding","https://www.nasdaq.com/symbol/chci",
"CMTL","Comtech Telecommunications Corp.","27.5","$663.79M","n/a","Technology","Radio And Television Broadcasting And Communications Equipment","https://www.nasdaq.com/symbol/cmtl",
"CNAT","Conatus Pharmaceuticals Inc.","0.2901","$9.62M","2013","Health Care","Major Pharmaceuticals","https://www.nasdaq.com/symbol/cnat",
"CNCE","Concert Pharmaceuticals, Inc.","11.55","$274.85M","2014","Health Care","Major Pharmaceuticals","https://www.nasdaq.com/symbol/cnce",
"BBCP","Concrete Pumping Holdings, Inc. ","4.68","$272.37M","2017","Basic Industries","Engineering & Construction","https://www.nasdaq.com/symbol/bbcp",
"CDOR","Condor Hospitality Trust, Inc.","8.97","$106.93M","n/a","Consumer Services","Real Estate Investment Trusts","https://www.nasdaq.com/symbol/cdor",
"CFMS","ConforMIS, Inc.","3.84","$260.66M","2015","Health Care","Industrial Specialties","https://www.nasdaq.com/symbol/cfms",
"CNFR","Conifer Holdings, Inc.","4","$33.36M","2015","Finance","Property-Casualty Insurers","https://www.nasdaq.com/symbol/cnfr",
"CNFRL","Conifer Holdings, Inc.","20.63","n/a","n/a","Finance","Property-Casualty Insurers","https://www.nasdaq.com/symbol/cnfrl",
"CNMD","CONMED Corporation","85.08","$2.4B","1987","Health Care","Biotechnology: Electromedical & Electrotherapeutic Apparatus","https://www.nasdaq.com/symbol/cnmd",
"CTWS","Connecticut Water Service, Inc.","69.67","$840.45M","n/a","Public Utilities","Water Supply","https://www.nasdaq.com/symbol/ctws",
"CNOB","ConnectOne Bancorp, Inc.","21.79","$772.58M","n/a","Finance","Major Banks","https://www.nasdaq.com/symbol/cnob",
"CONN","Conn&#39;s, Inc.","17.23","$550.01M","2003","Consumer Services","Consumer Electronics/Video Chains","https://www.nasdaq.com/symbol/conn",
"CNSL","Consolidated Communications Holdings, Inc.","4.47","$322.28M","2005","Public Utilities","Telecommunications Equipment","https://www.nasdaq.com/symbol/cnsl",
"CWCO","Consolidated Water Co. Ltd.","14.28","$214.49M","n/a","Public Utilities","Water Supply","https://www.nasdaq.com/symbol/cwco",
"CNAC","Constellation Alpha Capital Corp.","10.3","$55.03M","2017","Health Care","Medical Specialities","https://www.nasdaq.com/symbol/cnac",
"CNACR","Constellation Alpha Capital Corp.","0.23","n/a","2017","Health Care","Medical Specialities","https://www.nasdaq.com/symbol/cnacr",
"CNACU","Constellation Alpha Capital Corp.","10.6","$196.42M","2017","Health Care","Medical Specialities","https://www.nasdaq.com/symbol/cnacu",
"CNACW","Constellation Alpha Capital Corp.","0.076","n/a","2017","Health Care","Medical Specialities","https://www.nasdaq.com/symbol/cnacw",
"CNST","Constellation Pharmaceuticals, Inc.","9.04","$233.3M","2018","Health Care","Major Pharmaceuticals","https://www.nasdaq.com/symbol/cnst",
"ROAD","Construction Partners, Inc.","13.93","$716.21M","2018","Basic Industries","Military/Government/Technical","https://www.nasdaq.com/symbol/road",
"CPSS","Consumer Portfolio Services, Inc.","3.65","$80.84M","1992","Finance","Finance: Consumer Services","https://www.nasdaq.com/symbol/cpss",
"CFRX","ContraFect Corporation","0.5006","$39.75M","2014","Health Care","Major Pharmaceuticals","https://www.nasdaq.com/symbol/cfrx",
"CTRV","ContraVir Pharmaceuticals Inc.","4.58","$3.68M","n/a","Health Care","Major Pharmaceuticals","https://www.nasdaq.com/symbol/ctrv",
"CTRL","Control4 Corporation","23.75","$636.44M","2013","Capital Goods","Electrical Products","https://www.nasdaq.com/symbol/ctrl",
"AWSM","Cool Holdings Inc.","1.67","$13.81M","n/a","Technology","Electronic Components","https://www.nasdaq.com/symbol/awsm",
"CPRT","Copart, Inc.","73.38","$16.81B","1994","Consumer Durables","Automotive Aftermarket","https://www.nasdaq.com/symbol/cprt",
"CRBP","Corbus Pharmaceuticals Holdings, Inc.","6.85","$441.52M","n/a","Health Care","Major Pharmaceuticals","https://www.nasdaq.com/symbol/crbp",
"CORT","Corcept Therapeutics Incorporated","10.33","$1.19B","2004","Health Care","Major Pharmaceuticals","https://www.nasdaq.com/symbol/cort",
"CORE","Core-Mark Holding Company, Inc.","37.75","$1.73B","n/a","Consumer Non-Durables","Food Distributors","https://www.nasdaq.com/symbol/core",
"CSOD","Cornerstone OnDemand, Inc.","54.92","$3.28B","2011","Technology","Computer Software: Prepackaged Software","https://www.nasdaq.com/symbol/csod",
"CORV","Correvio Pharma Corp.","2.39","$95.25M","n/a","Health Care","Major Pharmaceuticals","https://www.nasdaq.com/symbol/corv",
"CRTX","Cortexyme, Inc.","38.05","$1.02B","2019","Health Care","Biotechnology: Biological Products (No Diagnostic Substances)","https://www.nasdaq.com/symbol/crtx",
"CLDB","Cortland Bancorp","22.6","$99.08M","n/a","Finance","Savings Institutions","https://www.nasdaq.com/symbol/cldb",
"CRVL","CorVel Corp.","83.54","$1.55B","n/a","Finance","Specialty Insurers","https://www.nasdaq.com/symbol/crvl",
"CRVS","Corvus Pharmaceuticals, Inc.","3.42","$100.3M","2016","Health Care","Major Pharmaceuticals","https://www.nasdaq.com/symbol/crvs",
"CSGP","CoStar Group, Inc.","538.44","$19.68B","1998","Miscellaneous","Business Services","https://www.nasdaq.com/symbol/csgp",
"COST","Costco Wholesale Corporation","266.36","$117.14B","n/a","Consumer Services","Department/Specialty Retail Stores","https://www.nasdaq.com/symbol/cost",
"CPAH","CounterPath Corporation","1.74","$10.35M","n/a","Technology","Computer Software: Prepackaged Software","https://www.nasdaq.com/symbol/cpah",
"ICBK","County Bancorp, Inc.","17.25","$115.82M","2015","Finance","Major Banks","https://www.nasdaq.com/symbol/icbk",
"COUP","Coupa Software Incorporated","120.39","$7.44B","2016","Technology","Computer Software: Prepackaged Software","https://www.nasdaq.com/symbol/coup",
"CVTI","Covenant Transportation Group, Inc.","13.29","$244.12M","1994","Transportation","Trucking Freight/Courier Services","https://www.nasdaq.com/symbol/cvti",
"CVET","Covetrus, Inc.","23.49","$2.62B","n/a","Health Care","Medical/Nursing Services","https://www.nasdaq.com/symbol/cvet",
"COWN","Cowen Inc.","16.63","$492.02M","n/a","Finance","Investment Bankers/Brokers/Service","https://www.nasdaq.com/symbol/cown",
"COWNL","Cowen Inc.","25.68","n/a","n/a","Finance","Investment Bankers/Brokers/Service","https://www.nasdaq.com/symbol/cownl",
"COWNZ","Cowen Inc.","25.46","n/a","n/a","Finance","Investment Bankers/Brokers/Service","https://www.nasdaq.com/symbol/cownz",
"PMTS","CPI Card Group Inc.","2.7","$30.13M","2015","Finance","Finance Companies","https://www.nasdaq.com/symbol/pmts",
"CPSH","CPS Technologies Corp.","1.18","$15.58M","n/a","Capital Goods","Building Materials","https://www.nasdaq.com/symbol/cpsh",
"CRAI","CRA International,Inc.","34.85","$280.23M","1998","Miscellaneous","Other Consumer Services","https://www.nasdaq.com/symbol/crai",
"CBRL","Cracker Barrel Old Country Store, Inc.","170.94","$4.11B","1981","Consumer Services","Restaurants","https://www.nasdaq.com/symbol/cbrl",
"BREW","Craft Brew Alliance, Inc.","13.9","$269.87M","n/a","Consumer Non-Durables","Beverages (Production/Distribution)","https://www.nasdaq.com/symbol/brew",
"CRAY","Cray Inc","34.61","$1.43B","n/a","Technology","Computer Manufacturing","https://www.nasdaq.com/symbol/cray",
"CREX","Creative Realities, Inc.","2.37","$23.05M","n/a","Technology","EDP Services","https://www.nasdaq.com/symbol/crex",
"CREXW","Creative Realities, Inc.","0.4","n/a","n/a","Technology","EDP Services","https://www.nasdaq.com/symbol/crexw",
"CACC","Credit Acceptance Corporation","469.63","$8.83B","1992","Finance","Finance: Consumer Services","https://www.nasdaq.com/symbol/cacc",
"DGLD","Credit Suisse AG","34.72","$14.03M","n/a","Finance","Investment Bankers/Brokers/Service","https://www.nasdaq.com/symbol/dgld",
"DSLV","Credit Suisse AG","28.31","$27.15M","n/a","Finance","Investment Bankers/Brokers/Service","https://www.nasdaq.com/symbol/dslv",
"GLDI","Credit Suisse AG","8.91","$33.78M","n/a","Finance","Investment Bankers/Brokers/Service","https://www.nasdaq.com/symbol/gldi",
"SLVO","Credit Suisse AG","6.74","$20.57M","n/a","Finance","Investment Bankers/Brokers/Service","https://www.nasdaq.com/symbol/slvo",
"TVIX","Credit Suisse AG","20.3","$796.44M","n/a","Finance","Investment Bankers/Brokers/Service","https://www.nasdaq.com/symbol/tvix",
"UGLD","Credit Suisse AG","123.35","$132.79M","n/a","Finance","Investment Bankers/Brokers/Service","https://www.nasdaq.com/symbol/ugld",
"USLV","Credit Suisse AG","66.5","$243.6M","n/a","Finance","Investment Bankers/Brokers/Service","https://www.nasdaq.com/symbol/uslv",
"USOI","Credit Suisse AG","21.05","$7.74M","n/a","Finance","Investment Bankers/Brokers/Service","https://www.nasdaq.com/symbol/usoi",
"VIIX","Credit Suisse AG","11.45","$44.07M","n/a","Finance","Investment Bankers/Brokers/Service","https://www.nasdaq.com/symbol/viix",
"ZIV","Credit Suisse AG","71.8408","$85.35M","n/a","Finance","Investment Bankers/Brokers/Service","https://www.nasdaq.com/symbol/ziv",
"CREE","Cree, Inc.","55.15","$5.8B","1993","Technology","Semiconductors","https://www.nasdaq.com/symbol/cree",
"CRSA","Crescent Acquisition Corp","9.82","$245.5M","2019","Finance","Business Services","https://www.nasdaq.com/symbol/crsa",
"CRSAU","Crescent Acquisition Corp","10.0201","n/a","2019","Finance","Business Services","https://www.nasdaq.com/symbol/crsau",
"CRSAW","Crescent Acquisition Corp","0.65","n/a","2019","Finance","Business Services","https://www.nasdaq.com/symbol/crsaw",
"CRESY","Cresud S.A.C.I.F. y A.","10.24","$513.68M","1997","Finance","Real Estate","https://www.nasdaq.com/symbol/cresy",
"CRNX","Crinetics Pharmaceuticals, Inc.","24.67","$595.49M","2018","Health Care","Major Pharmaceuticals","https://www.nasdaq.com/symbol/crnx",
"CRSP","CRISPR Therapeutics AG","43.98","$2.41B","2016","Health Care","Biotechnology: Biological Products (No Diagnostic Substances)","https://www.nasdaq.com/symbol/crsp",
"CRTO","Criteo S.A.","17.96","$1.19B","2013","Technology","Advertising","https://www.nasdaq.com/symbol/crto",
"CROX","Crocs, Inc.","19.01","$1.37B","2006","Consumer Non-Durables","Shoe Manufacturing","https://www.nasdaq.com/symbol/crox",
"CRON","Cronos Group Inc.","15.79","$5.26B","n/a","Consumer Durables","Specialty Chemicals","https://www.nasdaq.com/symbol/cron",
"CCRN","Cross Country Healthcare, Inc.","8.76","$322.6M","2001","Technology","Professional Services","https://www.nasdaq.com/symbol/ccrn",
"CRWD","CrowdStrike Holdings, Inc.","61.52","$436.38M","2019","Technology","Computer Software: Prepackaged Software","https://www.nasdaq.com/symbol/crwd",
"CRWS","Crown Crafts, Inc.","4.47","$45.23M","n/a","Basic Industries","Textiles","https://www.nasdaq.com/symbol/crws",
"CYRX","CryoPort, Inc.","17.01","$528.4M","n/a","Transportation","Oil Refining/Marketing","https://www.nasdaq.com/symbol/cyrx",
"CYRXW","CryoPort, Inc.","14.93","n/a","n/a","Transportation","Oil Refining/Marketing","https://www.nasdaq.com/symbol/cyrxw",
"CSGS","CSG Systems International, Inc.","48.06","$1.6B","1996","Technology","EDP Services","https://www.nasdaq.com/symbol/csgs",
"CCLP","CSI Compressco LP","3.5","$164.73M","2011","Energy","Oilfield Services/Equipment","https://www.nasdaq.com/symbol/cclp",
"CSPI","CSP Inc.","14.8557","$61.47M","1982","Technology","EDP Services","https://www.nasdaq.com/symbol/cspi",
"CSWI","CSW Industrials, Inc.","65.28","$980.78M","n/a","Basic Industries","Home Furnishings","https://www.nasdaq.com/symbol/cswi",
"CSX","CSX Corporation","76.09","$61.57B","n/a","Transportation","Railroads","https://www.nasdaq.com/symbol/csx",
"CTIC","CTI BioPharma Corp.","0.932","$54.04M","1997","Health Care","Major Pharmaceuticals","https://www.nasdaq.com/symbol/ctic",
"CTIB","CTI Industries Corporation","2.89","$10.8M","1997","Basic Industries","Specialty Chemicals","https://www.nasdaq.com/symbol/ctib",
"CTRP","Ctrip.com International, Ltd.","35","$19.35B","2003","Miscellaneous","Business Services","https://www.nasdaq.com/symbol/ctrp",
"CUE","Cue Biopharma, Inc.","7.95","$165.23M","2018","Health Care","Major Pharmaceuticals","https://www.nasdaq.com/symbol/cue",
"CUI","CUI Global, Inc.","0.8848","$25.32M","n/a","Technology","Electronic Components","https://www.nasdaq.com/symbol/cui",
"CPIX","Cumberland Pharmaceuticals Inc.","6.35","$98.66M","2009","Health Care","Major Pharmaceuticals","https://www.nasdaq.com/symbol/cpix",
"CMLS","Cumulus Media Inc.","16.92","$286.33M","n/a","Consumer Services","Broadcasting","https://www.nasdaq.com/symbol/cmls",
"CRIS","Curis, Inc.","1.7","$56.36M","n/a","Health Care","Biotechnology: Biological Products (No Diagnostic Substances)","https://www.nasdaq.com/symbol/cris",
"CUTR","Cutera, Inc.","19.26","$270.35M","2004","Health Care","Biotechnology: Electromedical & Electrotherapeutic Apparatus","https://www.nasdaq.com/symbol/cutr",
"CVBF","CVB Financial Corporation","20.91","$2.93B","n/a","Finance","Major Banks","https://www.nasdaq.com/symbol/cvbf",
"CVV","CVD Equipment Corporation","3.73","$24.45M","n/a","Technology","Industrial Machinery/Components","https://www.nasdaq.com/symbol/cvv",
"CYAN","Cyanotech Corporation","3.33","$19.43M","n/a","Consumer Durables","Specialty Chemicals","https://www.nasdaq.com/symbol/cyan",
"CYBR","CyberArk Software Ltd.","124.83","$4.69B","2014","Technology","Computer Software: Prepackaged Software","https://www.nasdaq.com/symbol/cybr",
"CYBE","CyberOptics Corporation","15.725","$111.75M","1987","Capital Goods","Electronic Components","https://www.nasdaq.com/symbol/cybe",
"CYCC","Cyclacel Pharmaceuticals, Inc.","0.5498","$9.46M","n/a","Health Care","Major Pharmaceuticals","https://www.nasdaq.com/symbol/cycc",
"CYCCP","Cyclacel Pharmaceuticals, Inc.","4.9","$1.64M","n/a","Health Care","Major Pharmaceuticals","https://www.nasdaq.com/symbol/cyccp",
"CYCN","Cyclerion Therapeutics, Inc.","11.25","$308.27M","n/a","Health Care","Major Pharmaceuticals","https://www.nasdaq.com/symbol/cycn",
"CBAY","CymaBay Therapeutics Inc.","6.86","$471.24M","n/a","Health Care","Major Pharmaceuticals","https://www.nasdaq.com/symbol/cbay",
"CY","Cypress Semiconductor Corporation","22.17","$8.11B","1986","Technology","Semiconductors","https://www.nasdaq.com/symbol/cy",
"CYRN","CYREN Ltd.","1.62","$88.23M","n/a","Technology","Computer Software: Prepackaged Software","https://www.nasdaq.com/symbol/cyrn",
"CONE","CyrusOne Inc","57.75","$6.54B","2013","Consumer Services","Real Estate Investment Trusts","https://www.nasdaq.com/symbol/cone",
"CYTK","Cytokinetics, Incorporated","10.84","$625.7M","2004","Health Care","Major Pharmaceuticals","https://www.nasdaq.com/symbol/cytk",
"CTMX","CytomX Therapeutics, Inc.","10.57","$478.94M","2015","Health Care","Major Pharmaceuticals","https://www.nasdaq.com/symbol/ctmx",
"CYTX","Cytori Therapeutics Inc.","0.23","$5.1M","n/a","Health Care","Medical/Dental Instruments","https://www.nasdaq.com/symbol/cytx",
"CYTXZ","Cytori Therapeutics Inc.","0.002","n/a","n/a","Health Care","Medical/Dental Instruments","https://www.nasdaq.com/symbol/cytxz",
"CTSO","Cytosorbents Corporation","6.47","$208.65M","n/a","Health Care","Medical/Dental Instruments","https://www.nasdaq.com/symbol/ctso",
"DJCO","Daily Journal Corp. (S.C.)","225","$310.67M","n/a","Consumer Services","Newspapers/Magazines","https://www.nasdaq.com/symbol/djco",
"DAKT","Daktronics, Inc.","5.98","$270.18M","1994","Consumer Durables","Miscellaneous manufacturing industries","https://www.nasdaq.com/symbol/dakt",
"DARE","Dare Bioscience, Inc.","0.79","$13.18M","2014","Health Care","Major Pharmaceuticals","https://www.nasdaq.com/symbol/dare",
"DRIO","DarioHealth Corp.","0.5","$19M","n/a","Health Care","Medical/Dental Instruments","https://www.nasdaq.com/symbol/drio",
"DRIOW","DarioHealth Corp.","0.0173","n/a","n/a","Health Care","Medical/Dental Instruments","https://www.nasdaq.com/symbol/driow",
"DZSI","DASAN Zhone Solutions, Inc.","12.6","$268.7M","n/a","Public Utilities","Telecommunications Equipment","https://www.nasdaq.com/symbol/dzsi",
"DSKE","Daseke, Inc.","3.66","$236.05M","2015","Consumer Services","Transportation Services","https://www.nasdaq.com/symbol/dske",
"DSKEW","Daseke, Inc.","0.2389","n/a","2015","Consumer Services","Transportation Services","https://www.nasdaq.com/symbol/dskew",
"DAIO","Data I/O Corporation","4.58","$37.64M","1981","Capital Goods","Electrical Products","https://www.nasdaq.com/symbol/daio",
"DTSS","Datasea Inc.","1.73","$36.23M","n/a","Technology","Computer Software: Prepackaged Software","https://www.nasdaq.com/symbol/dtss",
"PLAY","Dave & Buster&#39;s Entertainment, Inc.","39.13","$1.42B","2014","Consumer Services","Restaurants","https://www.nasdaq.com/symbol/play",
"DTEA","DAVIDsTEA Inc.","1.31","$34.14M","2015","Consumer Non-Durables","Food Chains","https://www.nasdaq.com/symbol/dtea",
"DFNL","Davis Select Financial ETF","22.95","$144.59M","n/a","n/a","n/a","https://www.nasdaq.com/symbol/dfnl",
"DINT","Davis Select International ETF","17.3728","$114.66M","n/a","n/a","n/a","https://www.nasdaq.com/symbol/dint",
"DUSA","Davis Select U.S. Equity ETF","23.11","$191.81M","n/a","n/a","n/a","https://www.nasdaq.com/symbol/dusa",
"DWLD","Davis Select Worldwide ETF","22.79","$222.2M","n/a","n/a","n/a","https://www.nasdaq.com/symbol/dwld",
"DWSN","Dawson Geophysical Company","2.24","$51.9M","n/a","Energy","Oil & Gas Production","https://www.nasdaq.com/symbol/dwsn",
"DBVT","DBV Technologies S.A.","8.15","$588.92M","2014","Health Care","Biotechnology: Biological Products (No Diagnostic Substances)","https://www.nasdaq.com/symbol/dbvt",
"DDMX","DD3 Acquisition Corp.","9.9947","$72.19M","2018","Finance","Business Services","https://www.nasdaq.com/symbol/ddmx",
"DDMXU","DD3 Acquisition Corp.","10.22","$73.82M","2018","Finance","Business Services","https://www.nasdaq.com/symbol/ddmxu",
"DDMXW","DD3 Acquisition Corp.","0.3","n/a","2018","Finance","Business Services","https://www.nasdaq.com/symbol/ddmxw",
"DCPH","Deciphera Pharmaceuticals, Inc.","23.69","$904.7M","2017","Health Care","Major Pharmaceuticals","https://www.nasdaq.com/symbol/dcph",
"DFRG","Del Frisco&#39;s Restaurant Group, Inc.","7.92","$264.66M","2012","Consumer Services","Restaurants","https://www.nasdaq.com/symbol/dfrg",
"TACO","Del Taco Restaurants, Inc.","12.49","$458.95M","2014","Consumer Services","Restaurants","https://www.nasdaq.com/symbol/taco",
"TACOW","Del Taco Restaurants, Inc.","2.04","n/a","2014","Consumer Services","Restaurants","https://www.nasdaq.com/symbol/tacow",
"DMPI","DelMar Pharmaceuticals, Inc.","1.42","$5.43M","n/a","Health Care","Major Pharmaceuticals","https://www.nasdaq.com/symbol/dmpi",
"DNLI","Denali Therapeutics Inc.","20.2","$1.93B","2017","Health Care","Biotechnology: Biological Products (No Diagnostic Substances)","https://www.nasdaq.com/symbol/dnli",
"DENN","Denny&#39;s Corporation","20.13","$1.21B","n/a","Consumer Services","Restaurants","https://www.nasdaq.com/symbol/denn",
"XRAY","DENTSPLY SIRONA Inc.","57.89","$13.54B","1987","Health Care","Medical/Dental Instruments","https://www.nasdaq.com/symbol/xray",
"DERM","Dermira, Inc.","9.61","$515.75M","2014","Health Care","Major Pharmaceuticals","https://www.nasdaq.com/symbol/derm",
"DEST","Destination Maternity Corporation","1.3","$18.64M","n/a","Consumer Services","Clothing/Shoe/Accessory Stores","https://www.nasdaq.com/symbol/dest",
"DXLG","Destination XL Group, Inc.","1.68","$83.77M","n/a","Consumer Services","Clothing/Shoe/Accessory Stores","https://www.nasdaq.com/symbol/dxlg",
"DSWL","Deswell Industries, Inc.","2.8","$44.48M","1995","Consumer Non-Durables","Plastic Products","https://www.nasdaq.com/symbol/dswl",
"DXCM","DexCom, Inc.","143.52","$13.07B","2005","Health Care","Medical/Dental Instruments","https://www.nasdaq.com/symbol/dxcm",
"DFBH","DFB Healthcare Acquisitions Corp.","10.13","$316.56M","2018","Finance","Business Services","https://www.nasdaq.com/symbol/dfbh",
"DFBHU","DFB Healthcare Acquisitions Corp.","10.409","n/a","2018","Finance","Business Services","https://www.nasdaq.com/symbol/dfbhu",
"DFBHW","DFB Healthcare Acquisitions Corp.","1.25","n/a","2018","Finance","Business Services","https://www.nasdaq.com/symbol/dfbhw",
"DHXM","DHX Media Ltd.","1.46","$196.99M","n/a","n/a","n/a","https://www.nasdaq.com/symbol/dhxm",
"DMAC","DiaMedica Therapeutics Inc.","4.86","$58.11M","2018","Health Care","Major Pharmaceuticals","https://www.nasdaq.com/symbol/dmac",
"DEACU","Diamond Eagle Acquisition Corp.","10.06","$352.1M","2019","Finance","Business Services","https://www.nasdaq.com/symbol/deacu",
"DHIL","Diamond Hill Investment Group, Inc.","137.75","$481.41M","n/a","Finance","Investment Managers","https://www.nasdaq.com/symbol/dhil",
"FANG","Diamondback Energy, Inc.","105.22","$17.33B","2012","Energy","Oil & Gas Production","https://www.nasdaq.com/symbol/fang",
"DPHC","DiamondPeak Holdings Corp.","9.72","$340.2M","2019","Finance","Business Services","https://www.nasdaq.com/symbol/dphc",
"DPHCU","DiamondPeak Holdings Corp.","10.04","n/a","2019","Finance","Business Services","https://www.nasdaq.com/symbol/dphcu",
"DPHCW","DiamondPeak Holdings Corp.","0.8","n/a","2019","Finance","Business Services","https://www.nasdaq.com/symbol/dphcw",
"DRNA","Dicerna Pharmaceuticals, Inc.","15.8","$1.08B","2014","Health Care","Major Pharmaceuticals","https://www.nasdaq.com/symbol/drna",
"DFFN","Diffusion Pharmaceuticals Inc.","2.9","$13.62M","n/a","Health Care","Major Pharmaceuticals","https://www.nasdaq.com/symbol/dffn",
"DGII","Digi International Inc.","12.06","$338.39M","1989","Technology","Computer Communications Equipment","https://www.nasdaq.com/symbol/dgii",
"DMRC","Digimarc Corporation","41.9","$508.16M","n/a","Technology","EDP Services","https://www.nasdaq.com/symbol/dmrc",
"DRAD","Digirad Corporation","7.1","$14.42M","2004","Health Care","Biotechnology: Electromedical & Electrotherapeutic Apparatus","https://www.nasdaq.com/symbol/drad",
"DGLY","Digital Ally, Inc.","1.41","$16.12M","n/a","Technology","Radio And Television Broadcasting And Communications Equipment","https://www.nasdaq.com/symbol/dgly",
"APPS","Digital Turbine, Inc.","4.56","$372.48M","n/a","Miscellaneous","Multi-Sector Companies","https://www.nasdaq.com/symbol/apps",
"DCOM","Dime Community Bancshares, Inc.","18.21","$656.59M","n/a","Finance","Savings Institutions","https://www.nasdaq.com/symbol/dcom",
"DIOD","Diodes Incorporated","33.62","$1.7B","n/a","Technology","Semiconductors","https://www.nasdaq.com/symbol/diod",
"DISCA","Discovery, Inc.","29.93","$15.71B","n/a","Consumer Services","Television Services","https://www.nasdaq.com/symbol/disca",
"DISCB","Discovery, Inc.","34.4","$18.06B","n/a","Consumer Services","Television Services","https://www.nasdaq.com/symbol/discb",
"DISCK","Discovery, Inc.","27.57","$14.47B","n/a","Consumer Services","Television Services","https://www.nasdaq.com/symbol/disck",
"DISH","DISH Network Corporation","37.78","$17.75B","1995","Consumer Services","Television Services","https://www.nasdaq.com/symbol/dish",
"DVCR","Diversicare Healthcare Services Inc.","3.53","$23.59M","n/a","Health Care","Hospital/Nursing Management","https://www.nasdaq.com/symbol/dvcr",
"SAUC","Diversified Restaurant Holdings, Inc.","0.768","$25.51M","n/a","Consumer Services","Restaurants","https://www.nasdaq.com/symbol/sauc",
"DLHC","DLH Holdings Corp.","5.055","$60.84M","n/a","Technology","Professional Services","https://www.nasdaq.com/symbol/dlhc",
"BOOM","DMC Global Inc.","60.07","$900.17M","n/a","Capital Goods","Industrial Specialties","https://www.nasdaq.com/symbol/boom",
"DNBF","DNB Financial Corp","43.88","$190.05M","n/a","Finance","Major Banks","https://www.nasdaq.com/symbol/dnbf",
"DOCU","DocuSign, Inc.","49.83","$8.66B","2018","Technology","Computer Software: Prepackaged Software","https://www.nasdaq.com/symbol/docu",
"DOGZ","Dogness (International) Corporation","2.9073","$75.34M","2017","Consumer Durables","Miscellaneous manufacturing industries","https://www.nasdaq.com/symbol/dogz",
"DLTR","Dollar Tree, Inc.","108.95","$25.88B","1995","Consumer Services","Department/Specialty Retail Stores","https://www.nasdaq.com/symbol/dltr",
"DLPN","Dolphin Entertainment, Inc.","1.12","$16.12M","n/a","Consumer Services","Other Consumer Services","https://www.nasdaq.com/symbol/dlpn",
"DLPNW","Dolphin Entertainment, Inc.","0.04","n/a","n/a","Consumer Services","Other Consumer Services","https://www.nasdaq.com/symbol/dlpnw",
"DOMO","Domo, Inc.","28.44","$778.45M","2018","Technology","Computer Software: Prepackaged Software","https://www.nasdaq.com/symbol/domo",
"DGICA","Donegal Group, Inc.","14.8","$420.72M","n/a","Finance","Property-Casualty Insurers","https://www.nasdaq.com/symbol/dgica",
"DGICB","Donegal Group, Inc.","14.5","$412.19M","1986","Finance","Property-Casualty Insurers","https://www.nasdaq.com/symbol/dgicb",
"DMLP","Dorchester Minerals, L.P.","18.16","$629.78M","n/a","Energy","Oil & Gas Production","https://www.nasdaq.com/symbol/dmlp",
"DORM","Dorman Products, Inc.","84.755","$2.79B","n/a","Capital Goods","Auto Parts:O.E.M.","https://www.nasdaq.com/symbol/dorm",
"DOVA","Dova Pharmaceuticals, Inc.","10.25","$289.39M","2017","Health Care","Major Pharmaceuticals","https://www.nasdaq.com/symbol/dova",
"LYL","Dragon Victory International Limited","0.9952","$11.37M","2017","Finance","Finance/Investors Services","https://www.nasdaq.com/symbol/lyl",
"DBX","Dropbox, Inc.","23.97","$9.86B","2018","Technology","Computer Software: Prepackaged Software","https://www.nasdaq.com/symbol/dbx",
"DCAR","DropCar, Inc.","1.06","$4.15M","n/a","Consumer Services","Telecommunications Equipment","https://www.nasdaq.com/symbol/dcar",
"DRYS","DryShips Inc.","3.81","$331.04M","2005","Transportation","Marine Transportation","https://www.nasdaq.com/symbol/drys",
"DSPG","DSP Group, Inc.","14.12","$320.73M","1994","Technology","Semiconductors","https://www.nasdaq.com/symbol/dspg",
"DLTH","Duluth Holdings Inc.","13.34","$436.55M","2015","Consumer Services","Clothing/Shoe/Accessory Stores","https://www.nasdaq.com/symbol/dlth",
"DNKN","Dunkin&#39; Brands Group, Inc.","79.96","$6.61B","2011","Consumer Services","Restaurants","https://www.nasdaq.com/symbol/dnkn",
"DRRX","DURECT Corporation","0.6556","$106.44M","2000","Health Care","Major Pharmaceuticals","https://www.nasdaq.com/symbol/drrx",
"DXPE","DXP Enterprises, Inc.","36.37","$639.93M","n/a","Capital Goods","Industrial Machinery/Components","https://www.nasdaq.com/symbol/dxpe",
"DYAI","Dyadic International, Inc.","5.83","$156.03M","n/a","Basic Industries","Major Chemicals","https://www.nasdaq.com/symbol/dyai",
"DYSL","Dynasil Corporation of America","0.9601","$16.84M","n/a","Capital Goods","Industrial Machinery/Components","https://www.nasdaq.com/symbol/dysl",
"DYNT","Dynatronics Corporation","1.651","$13.9M","n/a","Health Care","Medical/Dental Instruments","https://www.nasdaq.com/symbol/dynt",
"DVAX","Dynavax Technologies Corporation","3.65","$237.49M","2004","Health Care","Major Pharmaceuticals","https://www.nasdaq.com/symbol/dvax",
"ETFC","E*TRADE Financial Corporation","44.47","$10.88B","n/a","Finance","Savings Institutions","https://www.nasdaq.com/symbol/etfc",
"SSP","E.W. Scripps Company (The)","14.39","$1.16B","n/a","Consumer Services","Broadcasting","https://www.nasdaq.com/symbol/ssp",
"EBMT","Eagle Bancorp Montana, Inc.","16.79","$107.52M","n/a","Finance","Major Banks","https://www.nasdaq.com/symbol/ebmt",
"EGBN","Eagle Bancorp, Inc.","52.66","$1.82B","n/a","Finance","Major Banks","https://www.nasdaq.com/symbol/egbn",
"EGLE","Eagle Bulk Shipping Inc.","4.59","$335.78M","n/a","Transportation","Marine Transportation","https://www.nasdaq.com/symbol/egle",
"EFBI","Eagle Financial Bancorp, Inc.","15.8","$25.96M","2017","Finance","Savings Institutions","https://www.nasdaq.com/symbol/efbi",
"EGRX","Eagle Pharmaceuticals, Inc.","52.61","$720.76M","2014","Health Care","Major Pharmaceuticals","https://www.nasdaq.com/symbol/egrx",
"EWBC","East West Bancorp, Inc.","44.66","$6.5B","n/a","Finance","Major Banks","https://www.nasdaq.com/symbol/ewbc",
"EML","Eastern Company (The)","25.58","$159.44M","n/a","Capital Goods","Industrial Machinery/Components","https://www.nasdaq.com/symbol/eml",
"EAST","Eastside Distilling, Inc.","4.42","$40.38M","n/a","Consumer Non-Durables","Beverages (Production/Distribution)","https://www.nasdaq.com/symbol/east",
"EVGBC","Eaton Vance NextShares Trust","99.99","$62.49M","n/a","n/a","n/a","https://www.nasdaq.com/symbol/evgbc",
"EVSTC","Eaton Vance NextShares Trust","100.02","$45.01M","n/a","n/a","n/a","https://www.nasdaq.com/symbol/evstc",
"EVFTC","Eaton Vance NextShares Trust II","100.03","$52.52M","n/a","n/a","n/a","https://www.nasdaq.com/symbol/evftc",
"EVLMC","Eaton Vance NextShares Trust II","100.04","$35.01M","n/a","n/a","n/a","https://www.nasdaq.com/symbol/evlmc",
"OKDCC","Eaton Vance NextShares Trust II","100.06","$512.81M","n/a","n/a","n/a","https://www.nasdaq.com/symbol/okdcc",
"EBAY","eBay Inc.","39.02","$34.01B","1998","Miscellaneous","Business Services","https://www.nasdaq.com/symbol/ebay",
"EBAYL","eBay Inc.","26.56","n/a","n/a","Miscellaneous","Business Services","https://www.nasdaq.com/symbol/ebayl",
"EBIX","Ebix, Inc.","47.15","$1.44B","n/a","Technology","EDP Services","https://www.nasdaq.com/symbol/ebix",
"ECHO","Echo Global Logistics, Inc.","19.19","$535.34M","2009","Transportation","Oil Refining/Marketing","https://www.nasdaq.com/symbol/echo",
"SATS","EchoStar Corporation","42.11","$2.02B","n/a","Technology","Radio And Television Broadcasting And Communications Equipment","https://www.nasdaq.com/symbol/sats",
"EEI","Ecology and Environment, Inc.","10.69","$46.13M","1987","Consumer Services","Military/Government/Technical","https://www.nasdaq.com/symbol/eei",
"EDAP","EDAP TMS S.A.","2.65","$76.84M","1997","Health Care","Biotechnology: Electromedical & Electrotherapeutic Apparatus","https://www.nasdaq.com/symbol/edap",
"EDSA","Edesa Biotech, Inc.","6.5","$46.4M","n/a","Health Care","Major Pharmaceuticals","https://www.nasdaq.com/symbol/edsa",
"EDNT","Edison Nation, Inc.","2.45","$15.68M","2018","Consumer Non-Durables","Recreational Products/Toys","https://www.nasdaq.com/symbol/ednt",
"EDIT","Editas Medicine, Inc.","22.83","$1.12B","2016","Health Care","Biotechnology: Biological Products (No Diagnostic Substances)","https://www.nasdaq.com/symbol/edit",
"EDTX","EdtechX Holdings Acquisition Corp.","10.03","$79.3M","2018","Finance","Business Services","https://www.nasdaq.com/symbol/edtx",
"EDTXU","EdtechX Holdings Acquisition Corp.","10.24","$80.96M","2018","Finance","Business Services","https://www.nasdaq.com/symbol/edtxu",
"EDTXW","EdtechX Holdings Acquisition Corp.","0.28","n/a","2018","Finance","Business Services","https://www.nasdaq.com/symbol/edtxw",
"EDUC","Educational Development Corporation","6.76","$55.27M","n/a","Consumer Durables","Consumer Specialties","https://www.nasdaq.com/symbol/educ",
"EGAN","eGain Corporation","7.81","$236.79M","1999","Technology","Computer Software: Prepackaged Software","https://www.nasdaq.com/symbol/egan",
"EHTH","eHealth, Inc.","78.55","$1.78B","2006","Finance","Specialty Insurers","https://www.nasdaq.com/symbol/ehth",
"EIDX","Eidos Therapeutics, Inc.","25.3","$931.74M","2018","Health Care","Major Pharmaceuticals","https://www.nasdaq.com/symbol/eidx",
"EIGR","Eiger BioPharmaceuticals, Inc.","10.72","$261.95M","2014","Health Care","Biotechnology: Biological Products (No Diagnostic Substances)","https://www.nasdaq.com/symbol/eigr",
"EKSO","Ekso Bionics Holdings, Inc.","1.27","$94.41M","n/a","Capital Goods","Industrial Machinery/Components","https://www.nasdaq.com/symbol/ekso",
"LOCO","El Pollo Loco Holdings, Inc.","10.39","$399.32M","2014","Consumer Services","Restaurants","https://www.nasdaq.com/symbol/loco",
"ESLT","Elbit Systems Ltd.","151.23","$6.68B","n/a","Capital Goods","Military/Government/Technical","https://www.nasdaq.com/symbol/eslt",
"ERI","Eldorado Resorts, Inc.","43.81","$3.39B","n/a","Consumer Services","Hotels/Resorts","https://www.nasdaq.com/symbol/eri",
"SOLO","Electrameccanica Vehicles Corp. Ltd.","2.6364","$97.03M","n/a","Capital Goods","Auto Manufacturing","https://www.nasdaq.com/symbol/solo",
"SOLOW","Electrameccanica Vehicles Corp. Ltd.","0.39","n/a","n/a","Capital Goods","Auto Manufacturing","https://www.nasdaq.com/symbol/solow",
"ECOR","electroCore, Inc.","1.73","$51.26M","2018","Health Care","Biotechnology: Electromedical & Electrotherapeutic Apparatus","https://www.nasdaq.com/symbol/ecor",
"EA","Electronic Arts Inc.","96.9","$28.72B","n/a","Technology","Computer Software: Prepackaged Software","https://www.nasdaq.com/symbol/ea",
"EFII","Electronics for Imaging, Inc.","36.87","$1.59B","1992","Technology","Computer Communications Equipment","https://www.nasdaq.com/symbol/efii",
"ELSE","Electro-Sensors, Inc.","3.3284","$11.3M","n/a","Capital Goods","Industrial Machinery/Components","https://www.nasdaq.com/symbol/else",
"ESBK","Elmira Savings Bank NY (The)","16.03","$55.83M","n/a","Finance","Major Banks","https://www.nasdaq.com/symbol/esbk",
"ELOX","Eloxx Pharmaceuticals, Inc.","9.58","$345.12M","n/a","Health Care","Biotechnology: Commercial Physical & Biological Resarch","https://www.nasdaq.com/symbol/elox",
"ELTK","Eltek Ltd.","3.91","$17.13M","1997","Technology","Electrical Products","https://www.nasdaq.com/symbol/eltk",
"EMCI","EMC Insurance Group Inc.","35.99","$779.84M","1982","Finance","Property-Casualty Insurers","https://www.nasdaq.com/symbol/emci",
"EMCF","Emclaire Financial Corp","31.88","$86.03M","n/a","Finance","Major Banks","https://www.nasdaq.com/symbol/emcf",
"EMKR","EMCORE Corporation","3.39","$97.18M","1997","Technology","Semiconductors","https://www.nasdaq.com/symbol/emkr",
"EMMS","Emmis Communications Corporation","4.6015","$60.27M","1994","Consumer Services","Broadcasting","https://www.nasdaq.com/symbol/emms",
"NYNY","Empire Resorts, Inc.","8.87","$305.25M","n/a","Consumer Services","Restaurants","https://www.nasdaq.com/symbol/nyny",
"ENTA","Enanta Pharmaceuticals, Inc.","82.09","$1.61B","2013","Health Care","Major Pharmaceuticals","https://www.nasdaq.com/symbol/enta",
"ECPG","Encore Capital Group Inc","33.17","$1.03B","n/a","Finance","Finance Companies","https://www.nasdaq.com/symbol/ecpg",
"WIRE","Encore Wire Corporation","53.5","$1.12B","1992","Capital Goods","Metal Fabrications","https://www.nasdaq.com/symbol/wire",
"ENDP","Endo International plc","3.7","$825.48M","n/a","Health Care","Major Pharmaceuticals","https://www.nasdaq.com/symbol/endp",
"ELGX","Endologix, Inc.","7.87","$132.11M","n/a","Health Care","Medical/Dental Instruments","https://www.nasdaq.com/symbol/elgx",
"NDRA","ENDRA Life Sciences Inc.","2.04","$15.14M","2017","Health Care","Biotechnology: Electromedical & Electrotherapeutic Apparatus","https://www.nasdaq.com/symbol/ndra",
"NDRAW","ENDRA Life Sciences Inc.","0.59","n/a","2017","Health Care","Biotechnology: Electromedical & Electrotherapeutic Apparatus","https://www.nasdaq.com/symbol/ndraw",
"EIGI","Endurance International Group Holdings, Inc.","4.95","$722.51M","2013","Technology","Computer Software: Prepackaged Software","https://www.nasdaq.com/symbol/eigi",
"WATT","Energous Corporation","4","$121.68M","2014","Technology","Radio And Television Broadcasting And Communications Equipment","https://www.nasdaq.com/symbol/watt",
"EFOI","Energy Focus, Inc.","0.4249","$5.24M","n/a","Consumer Durables","Building Products","https://www.nasdaq.com/symbol/efoi",
"ERII","Energy Recovery, Inc.","9.77","$532.26M","2008","Technology","Industrial Machinery/Components","https://www.nasdaq.com/symbol/erii",
"ENG","ENGlobal Corporation","0.9","$24.67M","n/a","Consumer Services","Military/Government/Technical","https://www.nasdaq.com/symbol/eng",
"ENLV","Enlivex Therapeutics Ltd.","18.5","$187.1M","2014","Health Care","Major Pharmaceuticals","https://www.nasdaq.com/symbol/enlv",
"ENOB","Enochian Biosciences, Inc.","4.9","$190.07M","n/a","Health Care","Major Pharmaceuticals","https://www.nasdaq.com/symbol/enob",
"ENPH","Enphase Energy, Inc.","16.29","$1.97B","2012","Technology","Semiconductors","https://www.nasdaq.com/symbol/enph",
"ESGR","Enstar Group Limited","169.74","$3.65B","n/a","Finance","Property-Casualty Insurers","https://www.nasdaq.com/symbol/esgr",
"ESGRO","Enstar Group Limited","25.8","$113520","n/a","Finance","Property-Casualty Insurers","https://www.nasdaq.com/symbol/esgro",
"ESGRP","Enstar Group Limited","26","$416000","n/a","Finance","Property-Casualty Insurers","https://www.nasdaq.com/symbol/esgrp",
"ETTX","Entasis Therapeutics Holdings Inc.","6.17","$81.02M","2018","Health Care","Major Pharmaceuticals","https://www.nasdaq.com/symbol/ettx",
"ENFC","Entegra Financial Corp.","29.76","$205.92M","2014","Finance","Banks","https://www.nasdaq.com/symbol/enfc",
"ENTG","Entegris, Inc.","37.41","$5.07B","2000","Consumer Non-Durables","Plastic Products","https://www.nasdaq.com/symbol/entg",
"ENTX","Entera Bio Ltd.","3.27","$37.47M","2018","Health Care","Biotechnology: Biological Products (No Diagnostic Substances)","https://www.nasdaq.com/symbol/entx",
"ENTXW","Entera Bio Ltd.","0.59","n/a","2018","Health Care","Biotechnology: Biological Products (No Diagnostic Substances)","https://www.nasdaq.com/symbol/entxw",
"EBTC","Enterprise Bancorp Inc","28","$330.26M","n/a","Finance","Major Banks","https://www.nasdaq.com/symbol/ebtc",
"EFSC","Enterprise Financial Services Corporation","40.31","$1.08B","n/a","Finance","Major Banks","https://www.nasdaq.com/symbol/efsc",
"EVSI","Envision Solar International, Inc.","5.11","$26.11M","n/a","Technology","Semiconductors","https://www.nasdaq.com/symbol/evsi",
"EVSIW","Envision Solar International, Inc.","1.25","n/a","n/a","Technology","Semiconductors","https://www.nasdaq.com/symbol/evsiw",
"EPZM","Epizyme, Inc.","13.29","$1.21B","2013","Health Care","Major Pharmaceuticals","https://www.nasdaq.com/symbol/epzm",
"PLUS","ePlus inc.","67.53","$919.1M","1996","Technology","Retail: Computer Software & Peripheral Equipment","https://www.nasdaq.com/symbol/plus",
"EPSN","Epsilon Energy Ltd.","4","$109.54M","n/a","Energy","Oil & Gas Production","https://www.nasdaq.com/symbol/epsn",
"EQ","Equillium, Inc.","5.92","$102.87M","2018","Health Care","Major Pharmaceuticals","https://www.nasdaq.com/symbol/eq",
"EQIX","Equinix, Inc.","500.05","$42.04B","2000","Consumer Services","Real Estate Investment Trusts","https://www.nasdaq.com/symbol/eqix",
"EQBK","Equity Bancshares, Inc.","26.14","$411.46M","2015","Finance","Major Banks","https://www.nasdaq.com/symbol/eqbk",
"ERIC","Ericsson","9.72","$32.09B","n/a","Technology","Radio And Television Broadcasting And Communications Equipment","https://www.nasdaq.com/symbol/eric",
"ERIE","Erie Indemnity Company","256.63","$13.42B","n/a","Finance","Specialty Insurers","https://www.nasdaq.com/symbol/erie",
"ERYP","Erytech Pharma S.A.","6.66","$119.46M","2017","Health Care","Biotechnology: Biological Products (No Diagnostic Substances)","https://www.nasdaq.com/symbol/eryp",
"ESCA","Escalade, Incorporated","10.81","$156.44M","n/a","Consumer Non-Durables","Recreational Products/Toys","https://www.nasdaq.com/symbol/esca",
"ESPR","Esperion Therapeutics, Inc.","49.01","$1.32B","2013","Health Care","Major Pharmaceuticals","https://www.nasdaq.com/symbol/espr",
"ESQ","Esquire Financial Holdings, Inc.","24.52","$184.7M","2017","Finance","Commercial Banks","https://www.nasdaq.com/symbol/esq",
"ESSA","ESSA Bancorp, Inc.","15.01","$171.25M","n/a","Finance","Banks","https://www.nasdaq.com/symbol/essa",
"EPIX","ESSA Pharma Inc.","2.3392","$13.51M","n/a","Health Care","Major Pharmaceuticals","https://www.nasdaq.com/symbol/epix",
"ESTA","Establishment Labs Holdings Inc.","21.62","$441.25M","2018","Health Care","Industrial Specialties","https://www.nasdaq.com/symbol/esta",
"ESTR","Estre Ambiental, Inc.","0.985","$50.42M","n/a","Public Utilities","Environmental Services","https://www.nasdaq.com/symbol/estr",
"ESTRW","Estre Ambiental, Inc.","0.04","n/a","n/a","Public Utilities","Environmental Services","https://www.nasdaq.com/symbol/estrw",
"VBND","ETF Series Solutions Trust Vident Core U.S. Bond Strategy Fund","49.68","$427.25M","n/a","n/a","n/a","https://www.nasdaq.com/symbol/vbnd",
"VUSE","ETF Series Solutions Trust Vident Core US Equity ETF","30.77","$467.7M","n/a","n/a","n/a","https://www.nasdaq.com/symbol/vuse",
"VIDI","ETF Series Solutions Trust Vident International Equity Fund","23.9598","n/a","n/a","n/a","n/a","https://www.nasdaq.com/symbol/vidi",
"ETON","Eton Pharmaceuticals, Inc.","7.28","$128.33M","2018","Health Care","Major Pharmaceuticals","https://www.nasdaq.com/symbol/eton",
"ETSY","Etsy, Inc.","61.79","$7.43B","2015","Miscellaneous","Business Services","https://www.nasdaq.com/symbol/etsy",
"CLWT","Euro Tech Holdings Company Limited","4.09","$8.43M","1997","Consumer Durables","Diversified Electronic Products","https://www.nasdaq.com/symbol/clwt",
"EDRY","EuroDry Ltd.","7.1514","$16.3M","n/a","Consumer Services","Marine Transportation","https://www.nasdaq.com/symbol/edry",
"EEFT","Euronet Worldwide, Inc.","161.23","$8.37B","1997","Finance","Investment Bankers/Brokers/Service","https://www.nasdaq.com/symbol/eeft",
"ESEA","Euroseas Ltd.","0.5856","$7.33M","n/a","Transportation","Marine Transportation","https://www.nasdaq.com/symbol/esea",
"EVLO","Evelo Biosciences, Inc.","8.69","$278.46M","2018","Health Care","Major Pharmaceuticals","https://www.nasdaq.com/symbol/evlo",
"EVBG","Everbridge, Inc.","87.52","$2.88B","2016","Technology","Computer Software: Prepackaged Software","https://www.nasdaq.com/symbol/evbg",
"EVK","Ever-Glory International Group, Inc.","3.01","$44.55M","n/a","Consumer Non-Durables","Apparel","https://www.nasdaq.com/symbol/evk",
"EVER","EverQuote, Inc.","12.12","$309.02M","2018","Technology","Computer Software: Programming, Data Processing","https://www.nasdaq.com/symbol/ever",
"MRAM","Everspin Technologies, Inc.","6.76","$115.81M","2016","Technology","Semiconductors","https://www.nasdaq.com/symbol/mram",
"EVLV","EVINE Live Inc.","0.4098","$31.26M","n/a","Consumer Services","Catalog/Specialty Distribution","https://www.nasdaq.com/symbol/evlv",
"EVOP","EVO Payments, Inc.","30.59","$2.51B","2018","Miscellaneous","Business Services","https://www.nasdaq.com/symbol/evop",
"EVFM","Evofem Biosciences, Inc.","6.02","$279.8M","2014","Health Care","Major Pharmaceuticals","https://www.nasdaq.com/symbol/evfm",
"EVGN","Evogene Ltd.","1.51","$38.89M","n/a","Basic Industries","Agricultural Chemicals","https://www.nasdaq.com/symbol/evgn",
"EVOK","Evoke Pharma, Inc.","0.5614","$13.06M","2013","Health Care","Major Pharmaceuticals","https://www.nasdaq.com/symbol/evok",
"EOLS","Evolus, Inc.","14.26","$390.34M","2018","Health Care","Major Pharmaceuticals","https://www.nasdaq.com/symbol/eols",
"EVOL","Evolving Systems, Inc.","0.87","$10.58M","1998","Technology","EDP Services","https://www.nasdaq.com/symbol/evol",
"EXAS","Exact Sciences Corporation","111.45","$14.39B","2001","Health Care","Biotechnology: Commercial Physical & Biological Resarch","https://www.nasdaq.com/symbol/exas",
"FLAG","Exchange Traded Concepts Trust FLAG-Forensic Accounting Long-S","37.4701","$14.99M","n/a","n/a","n/a","https://www.nasdaq.com/symbol/flag",
"ROBO","Exchange Traded Concepts Trust ROBO Global Robotics and Automa","38.65","$177.79M","n/a","n/a","n/a","https://www.nasdaq.com/symbol/robo",
"XELA","Exela Technologies, Inc.","1.96","$294.28M","2015","Miscellaneous","Business Services","https://www.nasdaq.com/symbol/xela",
"EXEL","Exelixis, Inc.","21.14","$6.38B","2000","Health Care","Biotechnology: Commercial Physical & Biological Resarch","https://www.nasdaq.com/symbol/exel",
"EXFO","EXFO Inc","3.77","$89.54M","n/a","Capital Goods","Electrical Products","https://www.nasdaq.com/symbol/exfo",
"EXLS","ExlService Holdings, Inc.","65.05","$2.23B","2006","Miscellaneous","Business Services","https://www.nasdaq.com/symbol/exls",
"EXPI","eXp World Holdings, Inc.","10.77","$664.26M","n/a","Finance","Real Estate","https://www.nasdaq.com/symbol/expi",
"EXPE","Expedia Group, Inc.","129.75","$19.32B","n/a","Consumer Services","Transportation Services","https://www.nasdaq.com/symbol/expe",
"EXPD","Expeditors International of Washington, Inc.","73.83","$12.7B","n/a","Transportation","Oil Refining/Marketing","https://www.nasdaq.com/symbol/expd",
"EXPO","Exponent, Inc.","57.29","$2.97B","n/a","Consumer Services","Professional Services","https://www.nasdaq.com/symbol/expo",
"STAY","Extended Stay America, Inc.","16.54","$3.12B","n/a","Consumer Services","Hotels/Resorts","https://www.nasdaq.com/symbol/stay",
"XOG","Extraction Oil & Gas, Inc.","4.16","$677.45M","2016","Energy","Oil & Gas Production","https://www.nasdaq.com/symbol/xog",
"EXTR","Extreme Networks, Inc.","5.73","$680.47M","1999","Technology","Computer Communications Equipment","https://www.nasdaq.com/symbol/extr",
"EYEG","Eyegate Pharmaceuticals, Inc.","0.245","$11.17M","n/a","Health Care","Major Pharmaceuticals","https://www.nasdaq.com/symbol/eyeg",
"EYEGW","Eyegate Pharmaceuticals, Inc.","0.0129","n/a","n/a","Health Care","Major Pharmaceuticals","https://www.nasdaq.com/symbol/eyegw",
"EYEN","Eyenovia, Inc.","4.32","$51.92M","2018","Health Care","Major Pharmaceuticals","https://www.nasdaq.com/symbol/eyen",
"EYPT","EyePoint Pharmaceuticals, Inc.","1.58","$167.65M","n/a","Capital Goods","Biotechnology: Laboratory Analytical Instruments","https://www.nasdaq.com/symbol/eypt",
"EZPW","EZCORP, Inc.","9.57","$530.61M","1991","Consumer Services","Other Specialty Stores","https://www.nasdaq.com/symbol/ezpw",
"FFIV","F5 Networks, Inc.","141.02","$8.42B","1999","Technology","Computer Communications Equipment","https://www.nasdaq.com/symbol/ffiv",
"FB","Facebook, Inc.","188.84","$539.04B","2012","Technology","Computer Software: Programming, Data Processing","https://www.nasdaq.com/symbol/fb",
"FLMN","Falcon Minerals Corporation","7.87","$675.71M","2017","Energy","Oil & Gas Production","https://www.nasdaq.com/symbol/flmn",
"FLMNW","Falcon Minerals Corporation","0.9","n/a","2017","Energy","Oil & Gas Production","https://www.nasdaq.com/symbol/flmnw",
"DAVE","Famous Dave&#39;s of America, Inc.","4.04","$37.47M","n/a","Consumer Services","Restaurants","https://www.nasdaq.com/symbol/dave",
"FANH","Fanhua Inc.","30.44","$1.98B","n/a","Finance","Specialty Insurers","https://www.nasdaq.com/symbol/fanh",
"FARM","Farmer Brothers Company","16.3","$277.75M","n/a","Consumer Non-Durables","Packaged Foods","https://www.nasdaq.com/symbol/farm",
"FMAO","Farmers & Merchants Bancorp, Inc.","27.65","$307.09M","n/a","Finance","Savings Institutions","https://www.nasdaq.com/symbol/fmao",
"FMNB","Farmers National Banc Corp.","13.95","$388M","n/a","Finance","Major Banks","https://www.nasdaq.com/symbol/fmnb",
"FAMI","FARMMI, INC.","1.8","$21.48M","2018","Consumer Non-Durables","Packaged Foods","https://www.nasdaq.com/symbol/fami",
"FARO","FARO Technologies, Inc.","49.16","$851.4M","1997","Capital Goods","Industrial Machinery/Components","https://www.nasdaq.com/symbol/faro",
"FAST","Fastenal Company","32.14","$18.4B","1987","Consumer Services","RETAIL: Building Materials","https://www.nasdaq.com/symbol/fast",
"FAT","FAT Brands Inc.","4.1008","$48.42M","2017","Consumer Services","Restaurants","https://www.nasdaq.com/symbol/fat",
"FATE","Fate Therapeutics, Inc.","19.72","$1.29B","2013","Health Care","Biotechnology: Biological Products (No Diagnostic Substances)","https://www.nasdaq.com/symbol/fate",
"FBSS","Fauquier Bankshares, Inc.","21.03","$79.6M","n/a","Finance","Major Banks","https://www.nasdaq.com/symbol/fbss",
"FNHC","FedNat Holding Company","14.41","$184.97M","n/a","Finance","Property-Casualty Insurers","https://www.nasdaq.com/symbol/fnhc",
"FENC","Fennec Pharmaceuticals Inc.","3.88","$77.2M","n/a","Health Care","Biotechnology: Biological Products (No Diagnostic Substances)","https://www.nasdaq.com/symbol/fenc",
"GSM","Ferroglobe PLC","1.47","$248.61M","n/a","Capital Goods","Metal Fabrications","https://www.nasdaq.com/symbol/gsm",
"FFBW","FFBW, Inc.","10.32","$68.58M","2017","Finance","Savings Institutions","https://www.nasdaq.com/symbol/ffbw",
"FCSC","Fibrocell Science Inc.","1.91","$18.64M","n/a","Health Care","Major Pharmaceuticals","https://www.nasdaq.com/symbol/fcsc",
"FGEN","FibroGen, Inc","42.27","$3.64B","2014","Health Care","Major Pharmaceuticals","https://www.nasdaq.com/symbol/fgen",
"FDBC","Fidelity D & D Bancorp, Inc.","61.58","$232.83M","n/a","Finance","Major Banks","https://www.nasdaq.com/symbol/fdbc",
"ONEQ","Fidelity Nasdaq Composite Index Tracking Stock","310.09","$2.04B","n/a","n/a","n/a","https://www.nasdaq.com/symbol/oneq",
"LION","Fidelity Southern Corporation","30.35","$839.4M","n/a","Finance","Major Banks","https://www.nasdaq.com/symbol/lion",
"FDUS","Fidus Investment Corporation","15.97","$390.68M","2011","n/a","n/a","https://www.nasdaq.com/symbol/fdus",
"FDUSL","Fidus Investment Corporation","25.6379","n/a","n/a","n/a","n/a","https://www.nasdaq.com/symbol/fdusl",
"FDUSZ","Fidus Investment Corporation","25.68","n/a","n/a","n/a","n/a","https://www.nasdaq.com/symbol/fdusz",
"FRGI","Fiesta Restaurant Group, Inc.","12.52","$343.7M","n/a","Consumer Services","Restaurants","https://www.nasdaq.com/symbol/frgi",
"FITB","Fifth Third Bancorp","27.09","$19.83B","n/a","Finance","Major Banks","https://www.nasdaq.com/symbol/fitb",
"FITBI","Fifth Third Bancorp","28.31","$509.58M","n/a","Finance","Major Banks","https://www.nasdaq.com/symbol/fitbi",
"FISI","Financial Institutions, Inc.","27.43","$438.45M","1999","Finance","Major Banks","https://www.nasdaq.com/symbol/fisi",
"FNSR","Finisar Corporation","22.36","$2.68B","1999","Technology","Semiconductors","https://www.nasdaq.com/symbol/fnsr",
"FNJN","Finjan Holdings, Inc.","2.21","$61.02M","n/a","Miscellaneous","Multi-Sector Companies","https://www.nasdaq.com/symbol/fnjn",
"FTAC","FinTech Acquisition Corp. III","9.99","$442.43M","2019","Finance","Business Services","https://www.nasdaq.com/symbol/ftac",
"FTACU","FinTech Acquisition Corp. III","10.75","n/a","2018","Finance","Business Services","https://www.nasdaq.com/symbol/ftacu",
"FTACW","FinTech Acquisition Corp. III","1.52","n/a","2019","Finance","Business Services","https://www.nasdaq.com/symbol/ftacw",
"FEYE","FireEye, Inc.","14.73","$3.02B","2013","Technology","Computer peripheral equipment","https://www.nasdaq.com/symbol/feye",
"FBNC","First Bancorp","35.65","$1.06B","1987","Finance","Major Banks","https://www.nasdaq.com/symbol/fbnc",
"FNLC","First Bancorp, Inc (ME)","25.05","$272.73M","n/a","Finance","Major Banks","https://www.nasdaq.com/symbol/fnlc",
"FRBA","First Bank","11.5","$215.33M","2013","n/a","n/a","https://www.nasdaq.com/symbol/frba",
"BUSE","First Busey Corporation","25.66","$1.43B","n/a","Finance","Major Banks","https://www.nasdaq.com/symbol/buse",
"FBIZ","First Business Financial Services, Inc.","23.38","$204.6M","n/a","Finance","Major Banks","https://www.nasdaq.com/symbol/fbiz",
"FCAP","First Capital, Inc.","48.23","$162.27M","n/a","Finance","Savings Institutions","https://www.nasdaq.com/symbol/fcap",
"FCBP","First Choice Bancorp","21.32","$249.31M","n/a","Finance","Major Banks","https://www.nasdaq.com/symbol/fcbp",
"FCNCA","First Citizens BancShares, Inc.","428.01","$4.87B","n/a","Finance","Major Banks","https://www.nasdaq.com/symbol/fcnca",
"FCBC","First Community Bankshares, Inc.","32.84","$517.45M","n/a","Finance","Major Banks","https://www.nasdaq.com/symbol/fcbc",
"FCCO","First Community Corporation","18.57","$142.34M","n/a","Finance","Major Banks","https://www.nasdaq.com/symbol/fcco",
"FDEF","First Defiance Financial Corp.","27.4","$540.33M","n/a","Finance","Savings Institutions","https://www.nasdaq.com/symbol/fdef",
"FFBC","First Financial Bancorp.","23.39","$2.31B","n/a","Finance","Major Banks","https://www.nasdaq.com/symbol/ffbc",
"FFIN","First Financial Bankshares, Inc.","29.7","$4.03B","n/a","Finance","Major Banks","https://www.nasdaq.com/symbol/ffin",
"THFF","First Financial Corporation Indiana","39.23","$481.68M","n/a","Finance","Major Banks","https://www.nasdaq.com/symbol/thff",
"FFNW","First Financial Northwest, Inc.","13.69","$142.99M","n/a","Finance","Major Banks","https://www.nasdaq.com/symbol/ffnw",
"FFWM","First Foundation Inc.","13.05","$582.3M","n/a","Finance","Major Banks","https://www.nasdaq.com/symbol/ffwm",
"FGBI","First Guaranty Bancshares, Inc.","19.6","$172.62M","n/a","Finance","Savings Institutions","https://www.nasdaq.com/symbol/fgbi",
"FHB","First Hawaiian, Inc.","25.29","$3.41B","2016","Finance","Major Banks","https://www.nasdaq.com/symbol/fhb",
"INBK","First Internet Bancorp","19.73","$198.9M","n/a","Finance","Major Banks","https://www.nasdaq.com/symbol/inbk",
"INBKL","First Internet Bancorp","25.62","n/a","n/a","Finance","Major Banks","https://www.nasdaq.com/symbol/inbkl",
"INBKZ","First Internet Bancorp","25.5","n/a","n/a","Finance","Major Banks","https://www.nasdaq.com/symbol/inbkz",
"FIBK","First Interstate BancSystem, Inc.","38.21","$2.49B","2010","Finance","Major Banks","https://www.nasdaq.com/symbol/fibk",
"FRME","First Merchants Corporation","36.47","$1.81B","n/a","Finance","Major Banks","https://www.nasdaq.com/symbol/frme",
"FMBH","First Mid Bancshares, Inc.","33.92","$565.69M","n/a","Finance","Major Banks","https://www.nasdaq.com/symbol/fmbh",
"FMBI","First Midwest Bancorp, Inc.","20.06","$2.24B","n/a","Finance","Major Banks","https://www.nasdaq.com/symbol/fmbi",
"FXNC","First National Corporation","21.68","$107.61M","n/a","Finance","Major Banks","https://www.nasdaq.com/symbol/fxnc",
"FNWB","First Northwest Bancorp","16.26","$178.67M","2015","Finance","Banks","https://www.nasdaq.com/symbol/fnwb",
"FSFG","First Savings Financial Group, Inc.","57.85","$135.65M","n/a","Finance","Savings Institutions","https://www.nasdaq.com/symbol/fsfg",
"FSLR","First Solar, Inc.","61.76","$6.51B","2006","Technology","Semiconductors","https://www.nasdaq.com/symbol/fslr",
"FAAR","First Trust Alternative Absolute Return Strategy ETF","26.7841","$41.52M","n/a","n/a","n/a","https://www.nasdaq.com/symbol/faar",
"FPA","First Trust Asia Pacific Ex-Japan AlphaDEX Fund","29.4905","$30.97M","n/a","n/a","n/a","https://www.nasdaq.com/symbol/fpa",
"BICK","First Trust BICK Index Fund","26.4448","$141.48M","n/a","n/a","n/a","https://www.nasdaq.com/symbol/bick",
"FBZ","First Trust Brazil AlphaDEX Fund","15.49","$133.99M","n/a","n/a","n/a","https://www.nasdaq.com/symbol/fbz",
"FTHI","First Trust BuyWrite Income ETF","22.3","$68.55M","n/a","n/a","n/a","https://www.nasdaq.com/symbol/fthi",
"FCAL","First Trust California Municipal High income ETF","52.3899","$31.43M","n/a","n/a","n/a","https://www.nasdaq.com/symbol/fcal",
"FCAN","First Trust Canada AlphaDEX Fund","23.61","$5.9M","n/a","n/a","n/a","https://www.nasdaq.com/symbol/fcan",
"FTCS","First Trust Capital Strength ETF","56.3","$2.44B","n/a","n/a","n/a","https://www.nasdaq.com/symbol/ftcs",
"FCEF","First Trust CEF Income Opportunity ETF","21.71","$35.93M","n/a","n/a","n/a","https://www.nasdaq.com/symbol/fcef",
"FCA","First Trust China AlphaDEX Fund","25.86","$10.34M","n/a","n/a","n/a","https://www.nasdaq.com/symbol/fca",
"SKYY","First Trust Cloud Computing ETF","56.92","$2.16B","n/a","n/a","n/a","https://www.nasdaq.com/symbol/skyy",
"RNDM","First Trust Developed International Equity Select ETF","50.92","$25.46M","n/a","n/a","n/a","https://www.nasdaq.com/symbol/rndm",
"FDT","First Trust Developed Markets Ex-US AlphaDEX Fund","53.33","$986.71M","n/a","n/a","n/a","https://www.nasdaq.com/symbol/fdt",
"FDTS","First Trust Developed Markets ex-US Small Cap AlphaDEX Fund","35.87","$8.97M","n/a","n/a","n/a","https://www.nasdaq.com/symbol/fdts",
"FVC","First Trust Dorsey Wright Dynamic Focus 5 ETF","26.57","$511.47M","n/a","n/a","n/a","https://www.nasdaq.com/symbol/fvc",
"FV","First Trust Dorsey Wright Focus 5 ETF","29.81","$2.43B","n/a","n/a","n/a","https://www.nasdaq.com/symbol/fv",
"IFV","First Trust Dorsey Wright International Focus 5 ETF","19.45","$525.15M","n/a","n/a","n/a","https://www.nasdaq.com/symbol/ifv",
"DDIV","First Trust Dorsey Wright Momentum & Dividend ETF","25.0266","$31.28M","n/a","n/a","n/a","https://www.nasdaq.com/symbol/ddiv",
"DVOL","First Trust Dorsey Wright Momentum & Low Volatility ETF","21.72","$43.44M","n/a","n/a","n/a","https://www.nasdaq.com/symbol/dvol",
"DVLU","First Trust Dorsey Wright Momentum & Value ETF","17.97","$18.87M","n/a","n/a","n/a","https://www.nasdaq.com/symbol/dvlu",
"DWPP","First Trust Dorsey Wright People&#39;s Portfolio ETF","30.7358","$47.64M","n/a","n/a","n/a","https://www.nasdaq.com/symbol/dwpp",
"DALI","First Trust DorseyWright DALI 1 ETF","20.08","$68.27M","n/a","n/a","n/a","https://www.nasdaq.com/symbol/dali",
"FDNI","First Trust Dow Jones International Internet ETF","21.36","$5.34M","n/a","n/a","n/a","https://www.nasdaq.com/symbol/fdni",
"FEM","First Trust Emerging Markets AlphaDEX Fund","24.84","$699.25M","n/a","n/a","n/a","https://www.nasdaq.com/symbol/fem",
"RNEM","First Trust Emerging Markets Equity Select ETF","51.58","$12.9M","n/a","n/a","n/a","https://www.nasdaq.com/symbol/rnem",
"FEMB","First Trust Emerging Markets Local Currency Bond ETF","38.8599","$108.81M","n/a","n/a","n/a","https://www.nasdaq.com/symbol/femb",
"FEMS","First Trust Emerging Markets Small Cap AlphaDEX Fund","34.17","$138.39M","n/a","n/a","n/a","https://www.nasdaq.com/symbol/fems",
"FTSM","First Trust Enhanced Short Maturity ETF","60.16","$4.56B","n/a","n/a","n/a","https://www.nasdaq.com/symbol/ftsm",
"FEP","First Trust Europe AlphaDEX Fund","34.87","$585.82M","n/a","n/a","n/a","https://www.nasdaq.com/symbol/fep",
"FEUZ","First Trust Eurozone AlphaDEX ETF","38.1","$53.34M","n/a","n/a","n/a","https://www.nasdaq.com/symbol/feuz",
"FGM","First Trust Germany AlphaDEX Fund","41.2999","$146.61M","n/a","n/a","n/a","https://www.nasdaq.com/symbol/fgm",
"FTGC","First Trust Global Tactical Commodity Strategy Fund","18.53","$163.13M","n/a","n/a","n/a","https://www.nasdaq.com/symbol/ftgc",
"FTLB","First Trust Hedged BuyWrite Income ETF","22.1502","$8.86M","n/a","n/a","n/a","https://www.nasdaq.com/symbol/ftlb",
"HYLS","First Trust High Yield Long/Short ETF","48.02","$1.24B","n/a","n/a","n/a","https://www.nasdaq.com/symbol/hyls",
"FHK","First Trust Hong Kong AlphaDEX Fund","35.7761","$3.58M","n/a","n/a","n/a","https://www.nasdaq.com/symbol/fhk",
"NFTY","First Trust India Nifty 50 Equal Weight ETF","36.8174","$3.68M","n/a","n/a","n/a","https://www.nasdaq.com/symbol/nfty",
"FTAG","First Trust Indxx Global Agriculture ETF","23.43","$3.28M","n/a","n/a","n/a","https://www.nasdaq.com/symbol/ftag",
"FTRI","First Trust Indxx Global Natural Resources Income ETF","12.1642","$8.51M","n/a","n/a","n/a","https://www.nasdaq.com/symbol/ftri",
"LEGR","First Trust Indxx Innovative Transaction & Process ETF","29.5855","$41.42M","n/a","n/a","n/a","https://www.nasdaq.com/symbol/legr",
"NXTG","First Trust Indxx NextG ETF","48.382","$130.63M","n/a","n/a","n/a","https://www.nasdaq.com/symbol/nxtg",
"FPXI","First Trust International Equity Opportunities ETF","35.7374","$21.44M","n/a","n/a","n/a","https://www.nasdaq.com/symbol/fpxi",
"FPXE","First Trust IPOX Europe Equity Opportunities ETF","20.291","$2.03M","n/a","n/a","n/a","https://www.nasdaq.com/symbol/fpxe",
"FJP","First Trust Japan AlphaDEX Fund","48.042","$120.11M","n/a","n/a","n/a","https://www.nasdaq.com/symbol/fjp",
"FEX","First Trust Large Cap Core AlphaDEX Fund","60.24","$1.41B","n/a","n/a","n/a","https://www.nasdaq.com/symbol/fex",
"FTC","First Trust Large Cap Growth AlphaDEX Fund","69.53","$1B","n/a","n/a","n/a","https://www.nasdaq.com/symbol/ftc",
"RNLC","First Trust Large Cap US Equity Select ETF","22.5203","$20.27M","n/a","n/a","n/a","https://www.nasdaq.com/symbol/rnlc",
"FTA","First Trust Large Cap Value AlphaDEX Fund","50.97","$1.14B","n/a","n/a","n/a","https://www.nasdaq.com/symbol/fta",
"FLN","First Trust Latin America AlphaDEX Fund","20.373","$15.28M","n/a","n/a","n/a","https://www.nasdaq.com/symbol/fln",
"LMBS","First Trust Low Duration Opportunities ETF","51.61","$2.97B","n/a","n/a","n/a","https://www.nasdaq.com/symbol/lmbs",
"LDSF","First Trust Low Duration Strategic Focus ETF","20.46","$24.55M","n/a","n/a","n/a","https://www.nasdaq.com/symbol/ldsf",
"FMB","First Trust Managed Municipal ETF","54.7","$815.03M","n/a","n/a","n/a","https://www.nasdaq.com/symbol/fmb",
"FMK","First Trust Mega Cap AlphaDEX Fund","35.5671","$24.9M","n/a","n/a","n/a","https://www.nasdaq.com/symbol/fmk",
"FNX","First Trust Mid Cap Core AlphaDEX Fund","67.23","$884.07M","n/a","n/a","n/a","https://www.nasdaq.com/symbol/fnx",
"FNY","First Trust Mid Cap Growth AlphaDEX Fund","44.67","$254.62M","n/a","n/a","n/a","https://www.nasdaq.com/symbol/fny",
"RNMC","First Trust Mid Cap US Equity Select ETF","21.61","$11.89M","n/a","n/a","n/a","https://www.nasdaq.com/symbol/rnmc",
"FNK","First Trust Mid Cap Value AlphaDEX Fund","33.597","$53.76M","n/a","n/a","n/a","https://www.nasdaq.com/symbol/fnk",
"FAD","First Trust Multi Cap Growth AlphaDEX Fund","73.44","$183.6M","n/a","n/a","n/a","https://www.nasdaq.com/symbol/fad",
"FAB","First Trust Multi Cap Value AlphaDEX Fund","52.4768","$83.96M","n/a","n/a","n/a","https://www.nasdaq.com/symbol/fab",
"MDIV","First Trust Multi-Asset Diversified Income Index Fund","18.38","$673.63M","n/a","n/a","n/a","https://www.nasdaq.com/symbol/mdiv",
"MCEF","First Trust Municipal CEF Income Opportunity ETF","18.87","$10.38M","n/a","n/a","n/a","https://www.nasdaq.com/symbol/mcef",
"FMHI","First Trust Municipal High Income ETF","52.28","$57.51M","n/a","n/a","n/a","https://www.nasdaq.com/symbol/fmhi",
"QABA","First Trust NASDAQ ABA Community Bank Index Fund","46.45","$174.19M","n/a","n/a","n/a","https://www.nasdaq.com/symbol/qaba",
"ROBT","First Trust Nasdaq Artificial Intelligence and Robotics ETF","32.565","$53.73M","n/a","n/a","n/a","https://www.nasdaq.com/symbol/robt",
"FTXO","First Trust Nasdaq Bank ETF","24.5","$143.33M","n/a","n/a","n/a","https://www.nasdaq.com/symbol/ftxo",
"QCLN","First Trust NASDAQ Clean Edge Green Energy Index Fund","20.41","$102.05M","n/a","n/a","n/a","https://www.nasdaq.com/symbol/qcln",
"GRID","First Trust NASDAQ Clean Edge Smart Grid Infrastructure Index ","47.2991","$28.38M","n/a","n/a","n/a","https://www.nasdaq.com/symbol/grid",
"CIBR","First Trust NASDAQ Cybersecurity ETF","28.05","$883.58M","n/a","n/a","n/a","https://www.nasdaq.com/symbol/cibr",
"FTXG","First Trust Nasdaq Food & Beverage ETF","20.63","$2.06M","n/a","n/a","n/a","https://www.nasdaq.com/symbol/ftxg",
"CARZ","First Trust NASDAQ Global Auto Index Fund","32.69","$17.98M","n/a","n/a","n/a","https://www.nasdaq.com/symbol/carz",
"FTXN","First Trust Nasdaq Oil & Gas ETF","17.1368","$11.14M","n/a","n/a","n/a","https://www.nasdaq.com/symbol/ftxn",
"FTXH","First Trust Nasdaq Pharmaceuticals ETF","20.93","$6.28M","n/a","n/a","n/a","https://www.nasdaq.com/symbol/ftxh",
"FTXD","First Trust Nasdaq Retail ETF","22.1561","$7.75M","n/a","n/a","n/a","https://www.nasdaq.com/symbol/ftxd",
"FTXL","First Trust Nasdaq Semiconductor ETF","31.346","$29.78M","n/a","n/a","n/a","https://www.nasdaq.com/symbol/ftxl",
"TDIV","First Trust NASDAQ Technology Dividend Index Fund","38.393","$967.7M","n/a","n/a","n/a","https://www.nasdaq.com/symbol/tdiv",
"FTXR","First Trust Nasdaq Transportation ETF","23.31","$6.99M","n/a","n/a","n/a","https://www.nasdaq.com/symbol/ftxr",
"QQEW","First Trust NASDAQ-100 Equal Weighted Index Fund","65.4","$752.1M","n/a","n/a","n/a","https://www.nasdaq.com/symbol/qqew",
"QQXT","First Trust NASDAQ-100 Ex-Technology Sector Index Fund","54.186","$94.83M","n/a","n/a","n/a","https://www.nasdaq.com/symbol/qqxt",
"QTEC","First Trust NASDAQ-100- Technology Index Fund","82.67","$2.35B","n/a","n/a","n/a","https://www.nasdaq.com/symbol/qtec",
"AIRR","First Trust RBA American Industrial Renaissance ETF","25.46","$70.02M","n/a","n/a","n/a","https://www.nasdaq.com/symbol/airr",
"RDVY","First Trust Rising Dividend Achievers ETF","30.44","$770.13M","n/a","n/a","n/a","https://www.nasdaq.com/symbol/rdvy",
"RFAP","First Trust RiverFront Dynamic Asia Pacific ETF","49.91","$34.94M","n/a","n/a","n/a","https://www.nasdaq.com/symbol/rfap",
"RFDI","First Trust RiverFront Dynamic Developed International ETF","56.12","$317.08M","n/a","n/a","n/a","https://www.nasdaq.com/symbol/rfdi",
"RFEM","First Trust RiverFront Dynamic Emerging Markets ETF","60.61","$93.95M","n/a","n/a","n/a","https://www.nasdaq.com/symbol/rfem",
"RFEU","First Trust RiverFront Dynamic Europe ETF","58.81","$58.81M","n/a","n/a","n/a","https://www.nasdaq.com/symbol/rfeu",
"FID","First Trust S&P International Dividend Aristocrats ETF","16.93","$13.54M","n/a","n/a","n/a","https://www.nasdaq.com/symbol/fid",
"FTSL","First Trust Senior Loan Fund ETF","47.39","$1.63B","n/a","n/a","n/a","https://www.nasdaq.com/symbol/ftsl",
"FYX","First Trust Small Cap Core AlphaDEX Fund","59.4222","$582.34M","n/a","n/a","n/a","https://www.nasdaq.com/symbol/fyx",
"FYC","First Trust Small Cap Growth AlphaDEX Fund","45.15","$282.19M","n/a","n/a","n/a","https://www.nasdaq.com/symbol/fyc",
"RNSC","First Trust Small Cap US Equity Select ETF","20.3701","$6.11M","n/a","n/a","n/a","https://www.nasdaq.com/symbol/rnsc",
"FYT","First Trust Small Cap Value AlphaDEX Fund","33.31","$58.29M","n/a","n/a","n/a","https://www.nasdaq.com/symbol/fyt",
"SDVY","First Trust SMID Cap Rising Dividend Achievers ETF","19.93","$4.98M","n/a","n/a","n/a","https://www.nasdaq.com/symbol/sdvy",
"FKO","First Trust South Korea AlphaDEX Fund","22.1704","$2.22M","n/a","n/a","n/a","https://www.nasdaq.com/symbol/fko",
"FCVT","First Trust SSI Strategic Convertible Securities ETF","30.9961","$192.18M","n/a","n/a","n/a","https://www.nasdaq.com/symbol/fcvt",
"FDIV","First Trust Strategic Income ETF","50.2461","$80.39M","n/a","n/a","n/a","https://www.nasdaq.com/symbol/fdiv",
"FSZ","First Trust Switzerland AlphaDEX Fund","50.8496","$165.26M","n/a","n/a","n/a","https://www.nasdaq.com/symbol/fsz",
"FIXD","First Trust TCW Opportunistic Fixed Income ETF","51.74","$600.18M","n/a","n/a","n/a","https://www.nasdaq.com/symbol/fixd",
"TUSA","First Trust Total US Market AlphaDEX ETF","33.3","$16.65M","n/a","n/a","n/a","https://www.nasdaq.com/symbol/tusa",
"FKU","First Trust United Kingdom AlphaDEX Fund","35.902","$8.98M","n/a","n/a","n/a","https://www.nasdaq.com/symbol/fku",
"RNDV","First Trust US Equity Dividend Select ETF","21.61","$5.4M","n/a","n/a","n/a","https://www.nasdaq.com/symbol/rndv",
"FUNC","First United Corporation","18.35","$130.08M","n/a","Finance","Major Banks","https://www.nasdaq.com/symbol/func",
"FUSB","First US Bancshares, Inc.","9.26","$58.37M","n/a","Finance","Major Banks","https://www.nasdaq.com/symbol/fusb",
"MYFW","First Western Financial, Inc.","13.89","$110.9M","2018","Finance","Major Banks","https://www.nasdaq.com/symbol/myfw",
"FCFS","FirstCash, Inc.","100.2","$4.32B","1991","Consumer Services","Other Specialty Stores","https://www.nasdaq.com/symbol/fcfs",
"SVVC","Firsthand Technology Value Fund, Inc.","9.49","$69.05M","n/a","n/a","n/a","https://www.nasdaq.com/symbol/svvc",
"FSV","FirstService Corporation","95.69","$3.61B","n/a","Finance","Real Estate","https://www.nasdaq.com/symbol/fsv",
"FISV","Fiserv, Inc.","90.28","$35.43B","1986","Technology","EDP Services","https://www.nasdaq.com/symbol/fisv",
"FIVE","Five Below, Inc.","118.42","$6.63B","2012","Consumer Services","Department/Specialty Retail Stores","https://www.nasdaq.com/symbol/five",
"FPRX","Five Prime Therapeutics, Inc.","6.09","$219.62M","2013","Health Care","Major Pharmaceuticals","https://www.nasdaq.com/symbol/fprx",
"FVE","Five Star Senior Living Inc.","0.51","$25.95M","n/a","Health Care","Hospital/Nursing Management","https://www.nasdaq.com/symbol/fve",
"FIVN","Five9, Inc.","50.15","$2.99B","2014","Technology","EDP Services","https://www.nasdaq.com/symbol/fivn",
"FLEX","Flex Ltd.","9.31","$4.79B","1994","Technology","Electrical Products","https://www.nasdaq.com/symbol/flex",
"FLKS","Flex Pharma, Inc.","0.51","$9.22M","2015","Health Care","Major Pharmaceuticals","https://www.nasdaq.com/symbol/flks",
"FLXN","Flexion Therapeutics, Inc.","11.29","$428.94M","2014","Health Care","Major Pharmaceuticals","https://www.nasdaq.com/symbol/flxn",
"SKOR","FlexShares Credit-Scored US Corporate Bond Index Fund","51.825","$88.1M","n/a","n/a","n/a","https://www.nasdaq.com/symbol/skor",
"LKOR","FlexShares Credit-Scored US Long Corporate Bond Index Fund","53.5807","$18.75M","n/a","n/a","n/a","https://www.nasdaq.com/symbol/lkor",
"MBSD","FlexShares Disciplined Duration MBS Index Fund","23.425","$30.45M","n/a","n/a","n/a","https://www.nasdaq.com/symbol/mbsd",
"ASET","FlexShares Real Assets Allocation Index Fund","29.8924","$9.72M","n/a","n/a","n/a","https://www.nasdaq.com/symbol/aset",
"ESGG","FlexShares STOXX Global ESG Impact Index Fund","98.1651","$78.53M","n/a","n/a","n/a","https://www.nasdaq.com/symbol/esgg",
"ESG","FlexShares STOXX US ESG Impact Index Fund","69.2518","$36.36M","n/a","n/a","n/a","https://www.nasdaq.com/symbol/esg",
"QLC","FlexShares US Quality Large Cap Index Fund","33.33","$50M","n/a","n/a","n/a","https://www.nasdaq.com/symbol/qlc",
"FPAY","FlexShopper, Inc.","1.02","$18.02M","n/a","Technology","Diversified Commercial Services","https://www.nasdaq.com/symbol/fpay",
"FPAYW","FlexShopper, Inc.","0.35","n/a","n/a","Technology","Diversified Commercial Services","https://www.nasdaq.com/symbol/fpayw",
"FLXS","Flexsteel Industries, Inc.","16.57","$130.81M","n/a","Consumer Durables","Home Furnishings","https://www.nasdaq.com/symbol/flxs",
"FLIR","FLIR Systems, Inc.","53.39","$7.25B","1993","Capital Goods","Industrial Machinery/Components","https://www.nasdaq.com/symbol/flir",
"FLNT","Fluent, Inc.","5.03","$384.96M","n/a","Consumer Services","Advertising","https://www.nasdaq.com/symbol/flnt",
"FLDM","Fluidigm Corporation","12.01","$828.93M","2011","Capital Goods","Biotechnology: Laboratory Analytical Instruments","https://www.nasdaq.com/symbol/fldm",
"FFIC","Flushing Financial Corporation","21.3","$600.39M","n/a","Finance","Major Banks","https://www.nasdaq.com/symbol/ffic",
"FNCB","FNCB Bancorp Inc.","7.78","$156.45M","n/a","Finance","Major Banks","https://www.nasdaq.com/symbol/fncb",
"FOMX","Foamix Pharmaceuticals Ltd.","2.59","$140.95M","2014","Consumer Durables","Specialty Chemicals","https://www.nasdaq.com/symbol/fomx",
"FOCS","Focus Financial Partners Inc.","26.95","$1.87B","2018","Finance","Investment Managers","https://www.nasdaq.com/symbol/focs",
"FONR","Fonar Corporation","22.8","$147.86M","1981","Health Care","Biotechnology: Electromedical & Electrotherapeutic Apparatus","https://www.nasdaq.com/symbol/fonr",
"FSCT","ForeScout Technologies, Inc.","33","$1.49B","2017","Technology","Computer peripheral equipment","https://www.nasdaq.com/symbol/fsct",
"FRSX","Foresight Autonomous Holdings Ltd.","1.125","$34.58M","n/a","Technology","Computer Software: Prepackaged Software","https://www.nasdaq.com/symbol/frsx",
"FORM","FormFactor, Inc.","14.38","$1.07B","2003","Technology","Semiconductors","https://www.nasdaq.com/symbol/form",
"FORTY","Formula Systems (1985) Ltd.","49.5","$757.07M","n/a","Technology","EDP Services","https://www.nasdaq.com/symbol/forty",
"FORR","Forrester Research, Inc.","46.29","$853.45M","1996","Consumer Services","Diversified Commercial Services","https://www.nasdaq.com/symbol/forr",
"FRTA","Forterra, Inc.","4.13","$265.55M","2016","Capital Goods","Building Materials","https://www.nasdaq.com/symbol/frta",
"FTNT","Fortinet, Inc.","74.87","$12.78B","2009","Technology","Computer peripheral equipment","https://www.nasdaq.com/symbol/ftnt",
"FBIO","Fortress Biotech, Inc.","1.66","$108.28M","n/a","Health Care","Major Pharmaceuticals","https://www.nasdaq.com/symbol/fbio",
"FBIOP","Fortress Biotech, Inc.","21.1","$21.1M","n/a","Health Care","Major Pharmaceuticals","https://www.nasdaq.com/symbol/fbiop",
"FTSV","Forty Seven, Inc.","10.8","$338.68M","2018","Health Care","Major Pharmaceuticals","https://www.nasdaq.com/symbol/ftsv",
"FMCI","Forum Merger II Corporation","10.07","$258.35M","2018","Finance","Business Services","https://www.nasdaq.com/symbol/fmci",
"FMCIU","Forum Merger II Corporation","10.61","n/a","2018","Finance","Business Services","https://www.nasdaq.com/symbol/fmciu",
"FMCIW","Forum Merger II Corporation","0.6392","n/a","2018","Finance","Business Services","https://www.nasdaq.com/symbol/fmciw",
"FWRD","Forward Air Corporation","56.93","$1.63B","n/a","Transportation","Oil Refining/Marketing","https://www.nasdaq.com/symbol/fwrd",
"FORD","Forward Industries, Inc.","1.17","$11.15M","n/a","Consumer Non-Durables","Plastic Products","https://www.nasdaq.com/symbol/ford",
"FWP","Forward Pharma A/S","1.03","$48.96M","2014","Health Care","Major Pharmaceuticals","https://www.nasdaq.com/symbol/fwp",
"FOSL","Fossil Group, Inc.","11.11","$560.07M","1993","Consumer Non-Durables","Consumer Specialties","https://www.nasdaq.com/symbol/fosl",
"FOX","Fox Corporation","35.19","$21.84B","n/a","Consumer Services","Broadcasting","https://www.nasdaq.com/symbol/fox",
"FOXA","Fox Corporation","35.34","$21.93B","n/a","Consumer Services","Broadcasting","https://www.nasdaq.com/symbol/foxa",
"FOXF","Fox Factory Holding Corp.","78.42","$2.99B","2013","Consumer Non-Durables","Motor Vehicles","https://www.nasdaq.com/symbol/foxf",
"FRAN","Francesca&#39;s Holdings Corporation","0.4","$14.16M","2011","Consumer Services","Clothing/Shoe/Accessory Stores","https://www.nasdaq.com/symbol/fran",
"FELE","Franklin Electric Co., Inc.","45.67","$2.12B","n/a","Consumer Durables","Metal Fabrications","https://www.nasdaq.com/symbol/fele",
"FRAF","Franklin Financial Services Corporation","36.5","$160.21M","n/a","Finance","Major Banks","https://www.nasdaq.com/symbol/fraf",
"FRED","Fred&#39;s, Inc.","0.3422","$12.06M","1992","Consumer Services","Department/Specialty Retail Stores","https://www.nasdaq.com/symbol/fred",
"RAIL","Freightcar America, Inc.","6","$75.58M","2005","Capital Goods","Railroads","https://www.nasdaq.com/symbol/rail",
"FEIM","Frequency Electronics, Inc.","10.8","$94.28M","n/a","Capital Goods","Electrical Products","https://www.nasdaq.com/symbol/feim",
"FRPT","Freshpet, Inc.","45.81","$1.64B","2014","Consumer Non-Durables","Packaged Foods","https://www.nasdaq.com/symbol/frpt",
"FTDR","frontdoor, inc.","40.72","$3.45B","n/a","Finance","Diversified Commercial Services","https://www.nasdaq.com/symbol/ftdr",
"FTEO","FRONTEO, Inc.","6.88","$131.14M","2013","Technology","EDP Services","https://www.nasdaq.com/symbol/fteo",
"FTR","Frontier Communications Corporation","1.51","$158.99M","n/a","Public Utilities","Telecommunications Equipment","https://www.nasdaq.com/symbol/ftr",
"FRPH","FRP Holdings, Inc.","49.3","$489.71M","n/a","Finance","Real Estate","https://www.nasdaq.com/symbol/frph",
"FSBW","FS Bancorp, Inc.","48.98","$220.04M","2012","Finance","Banks","https://www.nasdaq.com/symbol/fsbw",
"FSBC","FSB Bancorp, Inc.","17.72","$34.39M","n/a","Finance","Savings Institutions","https://www.nasdaq.com/symbol/fsbc",
"FTEK","Fuel Tech, Inc.","1.3","$31.44M","n/a","Capital Goods","Pollution Control Equipment","https://www.nasdaq.com/symbol/ftek",
"FCEL","FuelCell Energy, Inc.","0.155","$4.25M","n/a","Miscellaneous","Industrial Machinery/Components","https://www.nasdaq.com/symbol/fcel",
"FLGT","Fulgent Genetics, Inc.","6","$109.95M","2016","Health Care","Medical Specialities","https://www.nasdaq.com/symbol/flgt",
"FORK","Fuling Global Inc.","2.15","$33.96M","2015","Consumer Non-Durables","Plastic Products","https://www.nasdaq.com/symbol/fork",
"FLL","Full House Resorts, Inc.","1.87","$50.41M","n/a","Consumer Services","Hotels/Resorts","https://www.nasdaq.com/symbol/fll",
"FULT","Fulton Financial Corporation","15.71","$2.65B","n/a","Finance","Major Banks","https://www.nasdaq.com/symbol/fult",
"FNKO","Funko, Inc.","23.55","$1.15B","2017","Consumer Non-Durables","Recreational Products/Toys","https://www.nasdaq.com/symbol/fnko",
"FHL","Futu Holdings Limited","9.94","$1.1B","2019","Finance","Investment Bankers/Brokers/Service","https://www.nasdaq.com/symbol/fhl",
"FTFT","Future FinTech Group Inc.","1.25","$38.77M","n/a","Consumer Non-Durables","Packaged Foods","https://www.nasdaq.com/symbol/ftft",
"FFHL","Fuwei Films (Holdings) Co., Ltd.","1.891","$6.18M","2006","Capital Goods","Specialty Chemicals","https://www.nasdaq.com/symbol/ffhl",
"FVCB","FVCBankcorp, Inc.","18.89","$260.37M","n/a","Finance","Major Banks","https://www.nasdaq.com/symbol/fvcb",
"WILC","G. Willi-Food International,  Ltd.","9.85","$130.42M","n/a","Consumer Non-Durables","Food Distributors","https://www.nasdaq.com/symbol/wilc",
"GTHX","G1 Therapeutics, Inc.","27.61","$1.03B","2017","Health Care","Major Pharmaceuticals","https://www.nasdaq.com/symbol/gthx",
"GAIA","Gaia, Inc.","7.61","$136.22M","1999","Consumer Services","Movies/Entertainment","https://www.nasdaq.com/symbol/gaia",
"GLPG","Galapagos NV","126.28","$6.92B","2015","Health Care","Major Pharmaceuticals","https://www.nasdaq.com/symbol/glpg",
"GALT","Galectin Therapeutics Inc.","3.92","$219.5M","n/a","Health Care","Major Pharmaceuticals","https://www.nasdaq.com/symbol/galt",
"GLMD","Galmed Pharmaceuticals Ltd.","6.55","$138.29M","2014","Health Care","Major Pharmaceuticals","https://www.nasdaq.com/symbol/glmd",
"GMDA","Gamida Cell Ltd.","4.98","$125.2M","2018","Health Care","Biotechnology: Biological Products (No Diagnostic Substances)","https://www.nasdaq.com/symbol/gmda",
"GLPI","Gaming and Leisure Properties, Inc.","39.06","$8.38B","n/a","Consumer Services","Real Estate Investment Trusts","https://www.nasdaq.com/symbol/glpi",
"GRMN","Garmin Ltd.","80.19","$15.22B","2000","Capital Goods","Industrial Machinery/Components","https://www.nasdaq.com/symbol/grmn",
"GARS","Garrison Capital Inc.","6.92","$111.06M","2013","n/a","n/a","https://www.nasdaq.com/symbol/gars",
"GLIBA","GCI Liberty, Inc.","60.36","$6.1B","n/a","Public Utilities","Telecommunications Equipment","https://www.nasdaq.com/symbol/gliba",
"GLIBP","GCI Liberty, Inc.","25.8","$931.33M","n/a","Public Utilities","Telecommunications Equipment","https://www.nasdaq.com/symbol/glibp",
"GDS","GDS Holdings Limited","32.9","$4.14B","2016","Technology","Computer Software: Programming, Data Processing","https://www.nasdaq.com/symbol/gds",
"GEMP","Gemphire Therapeutics Inc.","1.2049","$17.19M","2016","Health Care","Major Pharmaceuticals","https://www.nasdaq.com/symbol/gemp",
"GENC","Gencor Industries Inc.","12.4","$180.31M","n/a","Capital Goods","Construction/Ag Equipment/Trucks","https://www.nasdaq.com/symbol/genc",
"GFN","General Finance Corporation","8.23","$249.71M","n/a","Technology","Diversified Commercial Services","https://www.nasdaq.com/symbol/gfn",
"GFNCP","General Finance Corporation","103.08","$41.24M","n/a","Technology","Diversified Commercial Services","https://www.nasdaq.com/symbol/gfncp",
"GFNSL","General Finance Corporation","25.6735","n/a","n/a","Technology","Diversified Commercial Services","https://www.nasdaq.com/symbol/gfnsl",
"GENE","Genetic Technologies Ltd","0.6106","$11.06M","n/a","Health Care","Biotechnology: Biological Products (No Diagnostic Substances)","https://www.nasdaq.com/symbol/gene",
"GNFT","GENFIT S.A.","19.95","$774.11M","2019","Health Care","Biotechnology: Biological Products (No Diagnostic Substances)","https://www.nasdaq.com/symbol/gnft",
"GNUS","Genius Brands International, Inc.","1.55","$16.17M","n/a","Consumer Services","Movies/Entertainment","https://www.nasdaq.com/symbol/gnus",
"GNMK","GenMark Diagnostics, Inc.","6.28","$358.14M","2010","Health Care","Medical/Dental Instruments","https://www.nasdaq.com/symbol/gnmk",
"GNCA","Genocea Biosciences, Inc.","3.51","$49.32M","2014","Health Care","Biotechnology: Biological Products (No Diagnostic Substances)","https://www.nasdaq.com/symbol/gnca",
"GHDX","Genomic Health, Inc.","54.06","$2B","2005","Health Care","Medical Specialities","https://www.nasdaq.com/symbol/ghdx",
"GNPX","Genprex, Inc.","1.2","$18.72M","2018","Health Care","Major Pharmaceuticals","https://www.nasdaq.com/symbol/gnpx",
"GNTX","Gentex Corporation","24.34","$6.22B","n/a","Capital Goods","Auto Parts:O.E.M.","https://www.nasdaq.com/symbol/gntx",
"THRM","Gentherm Inc","40.32","$1.36B","n/a","Capital Goods","Auto Parts:O.E.M.","https://www.nasdaq.com/symbol/thrm",
"GEOS","Geospace Technologies Corporation","12.94","$176.4M","n/a","Capital Goods","Industrial Machinery/Components","https://www.nasdaq.com/symbol/geos",
"GABC","German American Bancorp, Inc.","29.14","$728.27M","n/a","Finance","Major Banks","https://www.nasdaq.com/symbol/gabc",
"GERN","Geron Corporation","1.46","$272.31M","1996","Health Care","Major Pharmaceuticals","https://www.nasdaq.com/symbol/gern",
"GEVO","Gevo, Inc.","1.9","$22.58M","2011","Basic Industries","Major Chemicals","https://www.nasdaq.com/symbol/gevo",
"ROCK","Gibraltar Industries, Inc.","38.97","$1.25B","1993","Capital Goods","Steel/Iron Ore","https://www.nasdaq.com/symbol/rock",
"GIGM","GigaMedia Limited","2.5","$27.63M","n/a","Technology","Computer Software: Programming, Data Processing","https://www.nasdaq.com/symbol/gigm",
"GIII","G-III Apparel Group, LTD.","26.94","$1.32B","1989","Consumer Non-Durables","Apparel","https://www.nasdaq.com/symbol/giii",
"GILT","Gilat Satellite Networks Ltd.","8.3","$458.57M","n/a","Technology","Radio And Television Broadcasting And Communications Equipment","https://www.nasdaq.com/symbol/gilt",
"GILD","Gilead Sciences, Inc.","68.48","$87.3B","1992","Health Care","Biotechnology: Biological Products (No Diagnostic Substances)","https://www.nasdaq.com/symbol/gild",
"GBCI","Glacier Bancorp, Inc.","39.22","$3.4B","n/a","Finance","Major Banks","https://www.nasdaq.com/symbol/gbci",
"GLAD","Gladstone Capital Corporation","9.16","$268.86M","2001","Consumer Non-Durables","Textiles","https://www.nasdaq.com/symbol/glad",
"GLADD","Gladstone Capital Corporation","25.7988","n/a","n/a","Consumer Non-Durables","Textiles","https://www.nasdaq.com/symbol/gladd",
"GLADN","Gladstone Capital Corporation","25.51","$52.81M","n/a","Consumer Non-Durables","Textiles","https://www.nasdaq.com/symbol/gladn",
"GOOD","Gladstone Commercial Corporation","21.06","$656.1M","2003","Consumer Services","Real Estate","https://www.nasdaq.com/symbol/good",
"GOODM","Gladstone Commercial Corporation","25.605","$89.86M","n/a","Consumer Services","Real Estate","https://www.nasdaq.com/symbol/goodm",
"GOODO","Gladstone Commercial Corporation","27.229","$31.31M","n/a","Consumer Services","Real Estate","https://www.nasdaq.com/symbol/goodo",
"GOODP","Gladstone Commercial Corporation","26.6409","$26.64M","n/a","Consumer Services","Real Estate","https://www.nasdaq.com/symbol/goodp",
"GAIN","Gladstone Investment Corporation","11.26","$369.58M","2005","n/a","n/a","https://www.nasdaq.com/symbol/gain",
"GAINL","Gladstone Investment Corporation","25.89","n/a","n/a","n/a","n/a","https://www.nasdaq.com/symbol/gainl",
"GAINM","Gladstone Investment Corporation","25.54","n/a","n/a","n/a","n/a","https://www.nasdaq.com/symbol/gainm",
"LAND","Gladstone Land Corporation","11.4","$211.27M","2013","Consumer Services","Real Estate Investment Trusts","https://www.nasdaq.com/symbol/land",
"LANDP","Gladstone Land Corporation","25.9801","$29.88M","n/a","Consumer Services","Real Estate Investment Trusts","https://www.nasdaq.com/symbol/landp",
"GLBZ","Glen Burnie Bancorp","11.4","$32.16M","n/a","Finance","Major Banks","https://www.nasdaq.com/symbol/glbz",
"GBT","Global Blood Therapeutics, Inc.","62.43","$3.52B","2015","Health Care","Major Pharmaceuticals","https://www.nasdaq.com/symbol/gbt",
"ENT","Global Eagle Entertainment Inc.","0.6351","$58.66M","2011","Consumer Services","Telecommunications Equipment","https://www.nasdaq.com/symbol/ent",
"GBLI","Global Indemnity Limited","28.49","$405.89M","n/a","Finance","Property-Casualty Insurers","https://www.nasdaq.com/symbol/gbli",
"GBLIL","Global Indemnity Limited","26.2","n/a","n/a","Finance","Property-Casualty Insurers","https://www.nasdaq.com/symbol/gblil",
"GBLIZ","Global Indemnity Limited","25.67","n/a","n/a","Finance","Property-Casualty Insurers","https://www.nasdaq.com/symbol/gbliz",
"SELF","Global Self Storage, Inc.","3.78","$29.23M","n/a","Consumer Services","Real Estate Investment Trusts","https://www.nasdaq.com/symbol/self",
"GWRS","Global Water Resources, Inc.","10.17","$218.36M","2016","Public Utilities","Water Supply","https://www.nasdaq.com/symbol/gwrs",
"DRIV","Global X Autonomous & Electric Vehicles ETF","13.1108","$14.43M","n/a","n/a","n/a","https://www.nasdaq.com/symbol/driv",
"CLOU","Global X Cloud Computing ETF","15.44","$382.81M","n/a","n/a","n/a","https://www.nasdaq.com/symbol/clou",
"KRMA","Global X Conscious Companies ETF","21.7767","$64.23M","n/a","n/a","n/a","https://www.nasdaq.com/symbol/krma",
"DAX","Global X DAX Germany ETF","27.04","$16.22M","n/a","n/a","n/a","https://www.nasdaq.com/symbol/dax",
"EBIZ","Global X E-commerce ETF","17.94","$2.69M","n/a","n/a","n/a","https://www.nasdaq.com/symbol/ebiz",
"FINX","Global X FinTech ETF","29.15","$400.85M","n/a","n/a","n/a","https://www.nasdaq.com/symbol/finx",
"CHIC","Global X Funds Global X MSCI China Communication Services ETF","23.2949","$23.29M","n/a","n/a","n/a","https://www.nasdaq.com/symbol/chic",
"AIQ","Global X Future Analytics Tech ETF","15.96","$42.29M","n/a","n/a","n/a","https://www.nasdaq.com/symbol/aiq",
"GNOM","Global X Genomics & Biotechnology ETF","14.5374","$4.36M","n/a","n/a","n/a","https://www.nasdaq.com/symbol/gnom",
"BFIT","Global X Health & Wellness Thematic ETF","19.8699","$17.88M","n/a","n/a","n/a","https://www.nasdaq.com/symbol/bfit",
"SNSR","Global X Internet of Things ETF","19.45","$87.51M","n/a","n/a","n/a","https://www.nasdaq.com/symbol/snsr",
"LNGR","Global X Longevity Thematic ETF","21.2735","$17.01M","n/a","n/a","n/a","https://www.nasdaq.com/symbol/lngr",
"MILN","Global X Millennials Thematic ETF","24.5","$52.68M","n/a","n/a","n/a","https://www.nasdaq.com/symbol/miln",
"EFAS","Global X MSCI SuperDividend EAFE ETF","15.7496","$7.09M","n/a","n/a","n/a","https://www.nasdaq.com/symbol/efas",
"QYLD","Global X NASDAQ-100 Covered Call ETF","22.88","$564.08M","n/a","n/a","n/a","https://www.nasdaq.com/symbol/qyld",
"BOTZ","Global X Robotics & Artificial Intelligence ETF","20.35","$1.54B","n/a","n/a","n/a","https://www.nasdaq.com/symbol/botz",
"CATH","Global X S&P 500 Catholic Values ETF","35.78","$257.65M","n/a","n/a","n/a","https://www.nasdaq.com/symbol/cath",
"SOCL","Global X Social Media ETF","31.75","$131.77M","n/a","n/a","n/a","https://www.nasdaq.com/symbol/socl",
"ALTY","Global X SuperDividend Alternatives ETF","14.95","$21.68M","n/a","n/a","n/a","https://www.nasdaq.com/symbol/alty",
"SRET","Global X SuperDividend REIT ETF","14.73","$232.76M","n/a","n/a","n/a","https://www.nasdaq.com/symbol/sret",
"YLCO","Global X YieldCo & Renewable Energy Income ETF","13.46","$19.52M","n/a","n/a","n/a","https://www.nasdaq.com/symbol/ylco",
"GLBS","Globus Maritime Limited","2.17","$9.42M","n/a","Transportation","Marine Transportation","https://www.nasdaq.com/symbol/glbs",
"GLUU","Glu Mobile Inc.","7.1","$1.03B","2007","Technology","EDP Services","https://www.nasdaq.com/symbol/gluu",
"GLYC","GlycoMimetics, Inc.","11.39","$491.83M","2014","Health Care","Major Pharmaceuticals","https://www.nasdaq.com/symbol/glyc",
"GOGO","Gogo Inc.","3.93","$345.05M","2013","Consumer Services","Telecommunications Equipment","https://www.nasdaq.com/symbol/gogo",
"GLNG","Golar LNG Limited","16.87","$1.71B","n/a","Consumer Services","Marine Transportation","https://www.nasdaq.com/symbol/glng",
"GMLP","Golar LNG Partners LP","11.01","$780.52M","2011","Consumer Services","Marine Transportation","https://www.nasdaq.com/symbol/gmlp",
"GMLPP","Golar LNG Partners LP","24.83","$137.06M","n/a","Consumer Services","Marine Transportation","https://www.nasdaq.com/symbol/gmlpp",
"DNJR","GOLDEN BULL LIMITED","3.22","$49.59M","2018","Finance","Finance: Consumer Services","https://www.nasdaq.com/symbol/dnjr",
"GDEN","Golden Entertainment, Inc.","13.47","$373.8M","n/a","Consumer Services","Services-Misc. Amusement & Recreation","https://www.nasdaq.com/symbol/gden",
"GOGL","Golden Ocean Group Limited","5.25","$753.78M","n/a","Consumer Services","Marine Transportation","https://www.nasdaq.com/symbol/gogl",
"GBDC","Golub Capital BDC, Inc.","17.63","$1.07B","2010","n/a","n/a","https://www.nasdaq.com/symbol/gbdc",
"GTIM","Good Times Restaurants Inc.","1.85","$23.17M","n/a","Consumer Services","Restaurants","https://www.nasdaq.com/symbol/gtim",
"GSHD","Goosehead Insurance, Inc.","44","$1.6B","2018","Finance","Specialty Insurers","https://www.nasdaq.com/symbol/gshd",
"GPRO","GoPro, Inc.","5.67","$871.79M","2014","Miscellaneous","Industrial Machinery/Components","https://www.nasdaq.com/symbol/gpro",
"GPAQ","Gordon Pointe Acquisition Corp.","10.35","$194.06M","2018","Finance","Business Services","https://www.nasdaq.com/symbol/gpaq",
"GPAQU","Gordon Pointe Acquisition Corp.","10.65","n/a","2018","Finance","Business Services","https://www.nasdaq.com/symbol/gpaqu",
"GPAQW","Gordon Pointe Acquisition Corp.","0.4","n/a","2018","Finance","Business Services","https://www.nasdaq.com/symbol/gpaqw",
"GRSH","Gores Holdings III, Inc.","10.04","$502M","2018","Finance","Business Services","https://www.nasdaq.com/symbol/grsh",
"GRSHU","Gores Holdings III, Inc.","10.47","n/a","2018","Finance","Business Services","https://www.nasdaq.com/symbol/grshu",
"GRSHW","Gores Holdings III, Inc.","1.4919","n/a","2018","Finance","Business Services","https://www.nasdaq.com/symbol/grshw",
"GMHI","Gores Metropoulos, Inc.","10.1","$505M","2019","Finance","Business Services","https://www.nasdaq.com/symbol/gmhi",
"GMHIU","Gores Metropoulos, Inc.","10.5","n/a","2019","Finance","Business Services","https://www.nasdaq.com/symbol/gmhiu",
"GMHIW","Gores Metropoulos, Inc.","1.35","$9M","2019","Finance","Business Services","https://www.nasdaq.com/symbol/gmhiw",
"GOSS","Gossamer Bio, Inc.","22.12","$1.46B","2019","Health Care","Major Pharmaceuticals","https://www.nasdaq.com/symbol/goss",
"LOPE","Grand Canyon Education, Inc.","118.16","$5.7B","2008","Consumer Services","Other Consumer Services","https://www.nasdaq.com/symbol/lope",
"GRVY","GRAVITY Co., Ltd.","45","$312.7M","2005","Miscellaneous","Business Services","https://www.nasdaq.com/symbol/grvy",
"GECC","Great Elm Capital Corp.","8.9","$89.59M","n/a","n/a","n/a","https://www.nasdaq.com/symbol/gecc",
"GECCL","Great Elm Capital Corp.","25.2089","n/a","n/a","n/a","n/a","https://www.nasdaq.com/symbol/geccl",
"GECCM","Great Elm Capital Corp.","25.0194","n/a","n/a","n/a","n/a","https://www.nasdaq.com/symbol/geccm",
"GECCN","Great Elm Capital Corp.","24.58","n/a","n/a","n/a","n/a","https://www.nasdaq.com/symbol/geccn",
"GEC","Great Elm Capital Group, Inc. ","4.25","$107.68M","n/a","Technology","Computer Software: Prepackaged Software","https://www.nasdaq.com/symbol/gec",
"GLDD","Great Lakes Dredge & Dock Corporation","10.77","$682.47M","n/a","Basic Industries","Military/Government/Technical","https://www.nasdaq.com/symbol/gldd",
"GSBC","Great Southern Bancorp, Inc.","58.61","$830.55M","1989","Finance","Major Banks","https://www.nasdaq.com/symbol/gsbc",
"GRBK","Green Brick Partners, Inc.","8.44","$427.7M","n/a","Capital Goods","Homebuilding","https://www.nasdaq.com/symbol/grbk",
"GPP","Green Plains Partners LP","13.72","$317.45M","2015","Basic Industries","Major Chemicals","https://www.nasdaq.com/symbol/gpp",
"GPRE","Green Plains, Inc.","10.62","$405.54M","n/a","Basic Industries","Major Chemicals","https://www.nasdaq.com/symbol/gpre",
"GCBC","Greene County Bancorp, Inc.","29.1","$248.45M","n/a","Finance","Banks","https://www.nasdaq.com/symbol/gcbc",
"GLAC","Greenland Acquisition Corporation","10.1833","$58.88M","2018","Finance","Business Services","https://www.nasdaq.com/symbol/glac",
"GLACR","Greenland Acquisition Corporation","0.39","n/a","2018","Finance","Business Services","https://www.nasdaq.com/symbol/glacr",
"GLACU","Greenland Acquisition Corporation","10.59","n/a","2018","Finance","Business Services","https://www.nasdaq.com/symbol/glacu",
"GLACW","Greenland Acquisition Corporation","0.1","n/a","2018","Finance","Business Services","https://www.nasdaq.com/symbol/glacw",
"GNLN","Greenlane Holdings, Inc.","9.65","$404.47M","2019","Capital Goods","Recreational Products/Toys","https://www.nasdaq.com/symbol/gnln",
"GLRE","Greenlight Reinsurance, Ltd.","8.38","$307.69M","2007","Finance","Property-Casualty Insurers","https://www.nasdaq.com/symbol/glre",
"GRNQ","Greenpro Capital Corp.","1.1256","$61.6M","n/a","Technology","EDP Services","https://www.nasdaq.com/symbol/grnq",
"GSKY","GreenSky, Inc.","12.12","$2.2B","2018","Miscellaneous","Business Services","https://www.nasdaq.com/symbol/gsky",
"GSUM","Gridsum Holding Inc.","2.935","$90.5M","2016","Technology","Computer Software: Prepackaged Software","https://www.nasdaq.com/symbol/gsum",
"GRIF","Griffin Industrial Realty, Inc.","36.83","$186.55M","n/a","Finance","Real Estate","https://www.nasdaq.com/symbol/grif",
"GRFS","Grifols, S.A.","20.12","$13.76B","n/a","Health Care","Major Pharmaceuticals","https://www.nasdaq.com/symbol/grfs",
"GRIN","Grindrod Shipping Holdings Ltd.","4.7","$89.6M","n/a","Transportation","Marine Transportation","https://www.nasdaq.com/symbol/grin",
"GRTS","Gritstone Oncology, Inc.","9.82","$350.76M","2018","Health Care","Biotechnology: Biological Products (No Diagnostic Substances)","https://www.nasdaq.com/symbol/grts",
"GO","Grocery Outlet Holding Corp.","30.69","$2.63B","2019","n/a","n/a","https://www.nasdaq.com/symbol/go",
"GRPN","Groupon, Inc.","3.41","$1.94B","2011","Technology","Advertising","https://www.nasdaq.com/symbol/grpn",
"OMAB","Grupo Aeroportuario del Centro Norte S.A.B. de C.V.","51.02","$2.51B","2006","Transportation","Aerospace","https://www.nasdaq.com/symbol/omab",
"GGAL","Grupo Financiero Galicia S.A.","34.76","$4.96B","n/a","Finance","Commercial Banks","https://www.nasdaq.com/symbol/ggal",
"GVP","GSE Systems, Inc.","2.22","$44.39M","n/a","Technology","Computer Software: Prepackaged Software","https://www.nasdaq.com/symbol/gvp",
"GSIT","GSI Technology, Inc.","8.45","$193.44M","2007","Technology","Semiconductors","https://www.nasdaq.com/symbol/gsit",
"GSVC","GSV Capital Corp","6.36","$125.69M","2011","n/a","n/a","https://www.nasdaq.com/symbol/gsvc",
"GTYH","GTY Technology Holdings, Inc.","7.26","$351.53M","2016","Technology","EDP Services","https://www.nasdaq.com/symbol/gtyh",
"GNTY","Guaranty Bancshares, Inc.","30.68","$359.11M","2017","Finance","Major Banks","https://www.nasdaq.com/symbol/gnty",
"GFED","Guaranty Federal Bancshares, Inc.","22.95","$102.89M","n/a","Finance","Major Banks","https://www.nasdaq.com/symbol/gfed",
"GH","Guardant Health, Inc.","86.63","$7.55B","2018","Health Care","Medical Specialities","https://www.nasdaq.com/symbol/gh",
"GHSI","Guardion Health Sciences, Inc.","1.32","$29.69M","2019","Health Care","Major Pharmaceuticals","https://www.nasdaq.com/symbol/ghsi",
"GIFI","Gulf Island Fabrication, Inc.","7.34","$111.84M","1997","Capital Goods","Metal Fabrications","https://www.nasdaq.com/symbol/gifi",
"GURE","Gulf Resources, Inc.","0.945","$44.34M","n/a","Basic Industries","Major Chemicals","https://www.nasdaq.com/symbol/gure",
"GPOR","Gulfport Energy Corporation","4.67","$744.01M","n/a","Energy","Oil & Gas Production","https://www.nasdaq.com/symbol/gpor",
"GWPH","GW Pharmaceuticals Plc","171.79","$5.28B","2013","Health Care","Major Pharmaceuticals","https://www.nasdaq.com/symbol/gwph",
"GWGH","GWG Holdings, Inc","7.79","$257.21M","2014","Finance","Life Insurance","https://www.nasdaq.com/symbol/gwgh",
"GXGXU","GX Acquisiton Corp.","10.04","n/a","2019","Finance","Business Services","https://www.nasdaq.com/symbol/gxgxu",
"GYRO","Gyrodyne , LLC","19.1","$28.32M","n/a","Consumer Services","Building operators","https://www.nasdaq.com/symbol/gyro",
"HEES","H&E Equipment Services, Inc.","27.46","$982.45M","2006","n/a","n/a","https://www.nasdaq.com/symbol/hees",
"HLG","Hailiang Education Group Inc.","60.87","$1.57B","2015","Consumer Services","Other Consumer Services","https://www.nasdaq.com/symbol/hlg",
"HNRG","Hallador Energy Company","5.35","$161.81M","n/a","Energy","Coal Mining","https://www.nasdaq.com/symbol/hnrg",
"HALL","Hallmark Financial Services, Inc.","14.4","$260.97M","n/a","Finance","Property-Casualty Insurers","https://www.nasdaq.com/symbol/hall",
"HALO","Halozyme Therapeutics, Inc.","16.28","$2.37B","n/a","Health Care","Biotechnology: Biological Products (No Diagnostic Substances)","https://www.nasdaq.com/symbol/halo",
"HLNE","Hamilton Lane Incorporated","55.45","$2.82B","2017","Finance","Investment Managers","https://www.nasdaq.com/symbol/hlne",
"HJLI","Hancock Jaffe Laboratories, Inc.","0.9453","$13.52M","2018","Health Care","Medical/Dental Instruments","https://www.nasdaq.com/symbol/hjli",
"HJLIW","Hancock Jaffe Laboratories, Inc.","0.2","n/a","2018","Health Care","Medical/Dental Instruments","https://www.nasdaq.com/symbol/hjliw",
"HWC","Hancock Whitney Corporation","38.61","$3.31B","n/a","Finance","Major Banks","https://www.nasdaq.com/symbol/hwc",
"HWCPL","Hancock Whitney Corporation","25.9","n/a","n/a","Finance","Major Banks","https://www.nasdaq.com/symbol/hwcpl",
"HAFC","Hanmi Financial Corporation","21.27","$657.84M","n/a","Finance","Major Banks","https://www.nasdaq.com/symbol/hafc",
"HONE","HarborOne Bancorp, Inc.","18.26","$594.55M","2016","Finance","Major Banks","https://www.nasdaq.com/symbol/hone",
"HLIT","Harmonic Inc.","5.6","$497.25M","1995","Technology","Radio And Television Broadcasting And Communications Equipment","https://www.nasdaq.com/symbol/hlit",
"HARP","Harpoon Therapeutics, Inc.","12.45","$303.37M","2019","Health Care","Biotechnology: Biological Products (No Diagnostic Substances)","https://www.nasdaq.com/symbol/harp",
"HROW","Harrow Health, Inc.","7.92","$195.77M","n/a","Health Care","Major Pharmaceuticals","https://www.nasdaq.com/symbol/hrow",
"HBIO","Harvard Bioscience, Inc.","1.99","$75M","2000","Capital Goods","Biotechnology: Laboratory Analytical Instruments","https://www.nasdaq.com/symbol/hbio",
"HCAP","Harvest Capital Credit Corporation","10.4","$64.19M","n/a","n/a","n/a","https://www.nasdaq.com/symbol/hcap",
"HCAPZ","Harvest Capital Credit Corporation","25.65","n/a","n/a","n/a","n/a","https://www.nasdaq.com/symbol/hcapz",
"HAS","Hasbro, Inc.","105.12","$13.23B","n/a","Consumer Non-Durables","Recreational Products/Toys","https://www.nasdaq.com/symbol/has",
"HA","Hawaiian Holdings, Inc.","25.71","$1.24B","n/a","Transportation","Air Freight/Delivery Services","https://www.nasdaq.com/symbol/ha",
"HWKN","Hawkins, Inc.","40.18","$426.89M","n/a","Consumer Durables","Specialty Chemicals","https://www.nasdaq.com/symbol/hwkn",
"HWBK","Hawthorn Bancshares, Inc.","26.3","$165.07M","n/a","Finance","Major Banks","https://www.nasdaq.com/symbol/hwbk",
"HYACU","Haymaker Acquisition Corp. II","10.1102","n/a","2019","Finance","Business Services","https://www.nasdaq.com/symbol/hyacu",
"HAYN","Haynes International, Inc.","30.95","$387.35M","2007","Capital Goods","Steel/Iron Ore","https://www.nasdaq.com/symbol/hayn",
"HDS","HD Supply Holdings, Inc.","39.56","$6.76B","2013","Consumer Services","Office Equipment/Supplies/Services","https://www.nasdaq.com/symbol/hds",
"HHR","HeadHunter Group PLC","15.91","$795.5M","2019","Technology","Professional Services","https://www.nasdaq.com/symbol/hhr",
"HIIQ","Health Insurance Innovations, Inc.","24.43","$340.29M","2013","Finance","Specialty Insurers","https://www.nasdaq.com/symbol/hiiq",
"HSAC","Health Sciences Acquisitions Corporation","9.95","n/a","2019","n/a","n/a","https://www.nasdaq.com/symbol/hsac",
"HSACU","Health Sciences Acquisitions Corporation","10.6","n/a","2019","Finance","Business Services","https://www.nasdaq.com/symbol/hsacu",
"HSACW","Health Sciences Acquisitions Corporation","n/a","n/a","2019","n/a","n/a","https://www.nasdaq.com/symbol/hsacw",
"HCSG","Healthcare Services Group, Inc.","29.7","$2.2B","1983","Health Care","Hospital/Nursing Management","https://www.nasdaq.com/symbol/hcsg",
"HQY","HealthEquity, Inc.","64.69","$4.06B","2014","Miscellaneous","Business Services","https://www.nasdaq.com/symbol/hqy",
"HSTM","HealthStream, Inc.","25.47","$824.93M","2000","Technology","Computer Software: Programming, Data Processing","https://www.nasdaq.com/symbol/hstm",
"HTLD","Heartland Express, Inc.","17.59","$1.44B","1986","Transportation","Trucking Freight/Courier Services","https://www.nasdaq.com/symbol/htld",
"HTLF","Heartland Financial USA, Inc.","43.15","$1.58B","n/a","Finance","Major Banks","https://www.nasdaq.com/symbol/htlf",
"HTBX","Heat Biologics, Inc.","0.7104","$24.2M","2013","Health Care","Major Pharmaceuticals","https://www.nasdaq.com/symbol/htbx",
"HEBT","Hebron Technology Co., Ltd.","1.48","$24.08M","2016","Capital Goods","Metal Fabrications","https://www.nasdaq.com/symbol/hebt",
"HSII","Heidrick & Struggles International, Inc.","30.07","$574.88M","1999","Technology","Diversified Commercial Services","https://www.nasdaq.com/symbol/hsii",
"HELE","Helen of Troy Limited","132.85","$3.32B","n/a","Consumer Durables","Home Furnishings","https://www.nasdaq.com/symbol/hele",
"HLIO","Helios Technologies, Inc.","43.84","$1.4B","n/a","Capital Goods","Metal Fabrications","https://www.nasdaq.com/symbol/hlio",
"HSDT","Helius Medical Technologies, Inc.","2.54","$59.38M","n/a","Health Care","Biotechnology: Electromedical & Electrotherapeutic Apparatus","https://www.nasdaq.com/symbol/hsdt",
"HMTV","Hemisphere Media Group, Inc.","12.37","$487.43M","n/a","Consumer Services","Television Services","https://www.nasdaq.com/symbol/hmtv",
"HNNA","Hennessy Advisors, Inc.","9.61","$72.05M","n/a","Finance","Investment Managers","https://www.nasdaq.com/symbol/hnna",
"HCAC","Hennessy Capital Acquisition Corp. IV","9.95","$298.65M","2019","Finance","Business Services","https://www.nasdaq.com/symbol/hcac",
"HCACU","Hennessy Capital Acquisition Corp. IV","10.35","n/a","2019","Finance","Business Services","https://www.nasdaq.com/symbol/hcacu",
"HCACW","Hennessy Capital Acquisition Corp. IV","0.595","n/a","2019","Finance","Business Services","https://www.nasdaq.com/symbol/hcacw",
"HSIC","Henry Schein, Inc.","69.32","$10.33B","1995","Health Care","Medical Specialities","https://www.nasdaq.com/symbol/hsic",
"HTBK","Heritage Commerce Corp","12.04","$521.86M","n/a","Finance","Major Banks","https://www.nasdaq.com/symbol/htbk",
"HFWA","Heritage Financial Corporation","29.19","$1.08B","n/a","Finance","Banks","https://www.nasdaq.com/symbol/hfwa",
"HCCI","Heritage-Crystal Clean, Inc.","25.68","$593.86M","2008","Basic Industries","Miscellaneous","https://www.nasdaq.com/symbol/hcci",
"MLHR","Herman Miller, Inc.","37.11","$2.18B","n/a","Consumer Durables","Office Equipment/Supplies/Services","https://www.nasdaq.com/symbol/mlhr",
"HRTX","Heron Therapeutics, Inc.  ","18.13","$1.44B","n/a","Health Care","Major Pharmaceuticals","https://www.nasdaq.com/symbol/hrtx",
"HSKA","Heska Corporation","82.08","$636.17M","1997","Health Care","Biotechnology: Biological Products (No Diagnostic Substances)","https://www.nasdaq.com/symbol/hska",
"HX","Hexindai Inc.","2.17","$106.77M","2017","Finance","Finance: Consumer Services","https://www.nasdaq.com/symbol/hx",
"HFFG","HF Foods Group Inc.","25.27","$560.17M","2017","Consumer Non-Durables","Food Distributors","https://www.nasdaq.com/symbol/hffg",
"HIBB","Hibbett Sports, Inc.","19.18","$352.62M","1996","Consumer Services","Other Specialty Stores","https://www.nasdaq.com/symbol/hibb",
"SNLN","Highland/iBoxx Senior Loan ETF","17.525","$275.14M","n/a","n/a","n/a","https://www.nasdaq.com/symbol/snln",
"HPJ","Highpower International Inc","3.02","$47.02M","n/a","Miscellaneous","Industrial Machinery/Components","https://www.nasdaq.com/symbol/hpj",
"HIHO","Highway Holdings Limited","2.69","$10.23M","n/a","Capital Goods","Metal Fabrications","https://www.nasdaq.com/symbol/hiho",
"HIMX","Himax Technologies, Inc.","3.33","$573.24M","2006","Technology","Semiconductors","https://www.nasdaq.com/symbol/himx",
"HIFS","Hingham Institution for Savings","190.78","$406.89M","n/a","n/a","n/a","https://www.nasdaq.com/symbol/hifs",
"HSGX","Histogenics Corporation","0.196","$18.54M","2014","Health Care","Industrial Specialties","https://www.nasdaq.com/symbol/hsgx",
"HCCH","HL Acquisitions Corp.","10","$69.63M","2018","Finance","Business Services","https://www.nasdaq.com/symbol/hcch",
"HCCHR","HL Acquisitions Corp.","0.33","n/a","2018","Finance","Business Services","https://www.nasdaq.com/symbol/hcchr",
"HCCHU","HL Acquisitions Corp.","10.54","n/a","2018","Finance","Business Services","https://www.nasdaq.com/symbol/hcchu",
"HCCHW","HL Acquisitions Corp.","0.2699","n/a","2018","Finance","Business Services","https://www.nasdaq.com/symbol/hcchw",
"HMNF","HMN Financial, Inc.","20.75","$100.51M","n/a","Finance","Savings Institutions","https://www.nasdaq.com/symbol/hmnf",
"HMSY","HMS Holdings Corp","31.47","$2.74B","1992","Miscellaneous","Business Services","https://www.nasdaq.com/symbol/hmsy",
"HOLI","Hollysys Automation Technologies, Ltd.","18.43","$1.11B","n/a","Energy","Industrial Machinery/Components","https://www.nasdaq.com/symbol/holi",
"HOLX","Hologic, Inc.","48.33","$12.95B","1990","Health Care","Medical Electronics","https://www.nasdaq.com/symbol/holx",
"HBCP","Home Bancorp, Inc.","35.98","$340.86M","n/a","Finance","Banks","https://www.nasdaq.com/symbol/hbcp",
"HOMB","Home BancShares, Inc.","18.73","$3.15B","2006","Finance","Major Banks","https://www.nasdaq.com/symbol/homb",
"HFBL","Home Federal Bancorp, Inc. of Louisiana","33.5","$61.97M","n/a","Finance","Savings Institutions","https://www.nasdaq.com/symbol/hfbl",
"HMST","HomeStreet, Inc.","29.06","$783.69M","2012","Finance","Major Banks","https://www.nasdaq.com/symbol/hmst",
"HTBI","HomeTrust Bancshares, Inc.","24.51","$447M","2012","Finance","Savings Institutions","https://www.nasdaq.com/symbol/htbi",
"FIXX","Homology Medicines, Inc.","18.86","$838.28M","2018","Health Care","Major Pharmaceuticals","https://www.nasdaq.com/symbol/fixx",
"HOFT","Hooker Furniture Corporation","19.68","$232.56M","n/a","Consumer Durables","Home Furnishings","https://www.nasdaq.com/symbol/hoft",
"HOOK","HOOKIPA Pharma Inc.","6.4","$162.61M","1995","Health Care","Major Pharmaceuticals","https://www.nasdaq.com/symbol/hook",
"HOPE","Hope Bancorp, Inc.","13.14","$1.66B","n/a","Finance","Major Banks","https://www.nasdaq.com/symbol/hope",
"HFBC","HopFed Bancorp, Inc.","19.46","$129.39M","n/a","Finance","Major Banks","https://www.nasdaq.com/symbol/hfbc",
"HBNC","Horizon Bancorp, Inc.","15.89","$715.89M","n/a","Finance","Major Banks","https://www.nasdaq.com/symbol/hbnc",
"HRZN","Horizon Technology Finance Corporation","11.74","$158.96M","2010","n/a","n/a","https://www.nasdaq.com/symbol/hrzn",
"HZNP","Horizon Therapeutics Public Limited Company","23.88","$4.42B","2011","Health Care","Major Pharmaceuticals","https://www.nasdaq.com/symbol/hznp",
"HPT","Hospitality Properties Trust","24.36","$4.01B","n/a","Consumer Services","Real Estate Investment Trusts","https://www.nasdaq.com/symbol/hpt",
"TWNK","Hostess Brands, Inc.","14.45","$1.88B","2015","Consumer Non-Durables","Packaged Foods","https://www.nasdaq.com/symbol/twnk",
"TWNKW","Hostess Brands, Inc.","1.8999","n/a","2015","Consumer Non-Durables","Packaged Foods","https://www.nasdaq.com/symbol/twnkw",
"HOTH","Hoth Therapeutics, Inc.","5.66","$54.36M","2019","Health Care","Major Pharmaceuticals","https://www.nasdaq.com/symbol/hoth",
"HMHC","Houghton Mifflin Harcourt Company","5.25","$651.58M","2013","Consumer Services","Books","https://www.nasdaq.com/symbol/hmhc",
"HWCC","Houston Wire & Cable Company","5.245","$87.13M","2006","Consumer Non-Durables","Telecommunications Equipment","https://www.nasdaq.com/symbol/hwcc",
"HOVNP","Hovnanian Enterprises Inc","2.98","$14.9M","n/a","Capital Goods","Homebuilding","https://www.nasdaq.com/symbol/hovnp",
"HBMD","Howard Bancorp, Inc.","14.12","$269.14M","n/a","Finance","Major Banks","https://www.nasdaq.com/symbol/hbmd",
"HTGM","HTG Molecular Diagnostics, Inc.","1.7","$48.69M","2015","Capital Goods","Biotechnology: Laboratory Analytical Instruments","https://www.nasdaq.com/symbol/htgm",
"HTHT","Huazhu Group Limited","34.12","$10.01B","2010","Consumer Services","Hotels/Resorts","https://www.nasdaq.com/symbol/htht",
"HUBG","Hub Group, Inc.","39.33","$1.37B","1996","Transportation","Oil Refining/Marketing","https://www.nasdaq.com/symbol/hubg",
"HSON","Hudson Global, Inc.","12.51","$37.03M","n/a","Technology","Professional Services","https://www.nasdaq.com/symbol/hson",
"HDSN","Hudson Technologies, Inc.","0.8717","$37.14M","n/a","Consumer Durables","Industrial Specialties","https://www.nasdaq.com/symbol/hdsn",
"HBAN","Huntington Bancshares Incorporated","13.41","$14.03B","n/a","Finance","Major Banks","https://www.nasdaq.com/symbol/hban",
"HBANN","Huntington Bancshares Incorporated","26.23","$2.62M","n/a","Finance","Major Banks","https://www.nasdaq.com/symbol/hbann",
"HBANO","Huntington Bancshares Incorporated","26.77","$21.33B","n/a","Finance","Major Banks","https://www.nasdaq.com/symbol/hbano",
"HURC","Hurco Companies, Inc.","34.91","$236.24M","n/a","Capital Goods","Industrial Machinery/Components","https://www.nasdaq.com/symbol/hurc",
"HURN","Huron Consulting Group Inc.","51.04","$1.17B","2004","Consumer Services","Professional Services","https://www.nasdaq.com/symbol/hurn",
"HCM","Hutchison China MediTech Limited","29.23","$3.9B","2016","Health Care","Major Pharmaceuticals","https://www.nasdaq.com/symbol/hcm",
"HBP","Huttig Building Products, Inc.","2.27","$60.27M","n/a","Consumer Services","RETAIL: Building Materials","https://www.nasdaq.com/symbol/hbp",
"HVBC","HV Bancorp, Inc.","15.15","$34.23M","2017","Finance","Major Banks","https://www.nasdaq.com/symbol/hvbc",
"HYGS","Hydrogenics Corporation","14.02","$266.33M","n/a","Basic Industries","Major Chemicals","https://www.nasdaq.com/symbol/hygs",
"HYRE","HyreCar Inc.","4.05","$49.83M","2018","Consumer Services","Rental/Leasing Companies","https://www.nasdaq.com/symbol/hyre",
"IDSY","I.D. Systems, Inc.","5.64","$102.73M","1999","Capital Goods","Telecommunications Equipment","https://www.nasdaq.com/symbol/idsy",
"IIIV","i3 Verticals, Inc.","28.5","$897.14M","2018","Miscellaneous","Business Services","https://www.nasdaq.com/symbol/iiiv",
"IAC","IAC/InterActiveCorp","212.92","$17.91B","n/a","Consumer Services","Other Specialty Stores","https://www.nasdaq.com/symbol/iac",
"IBKC","IBERIABANK Corporation","73.56","$4B","n/a","Finance","Major Banks","https://www.nasdaq.com/symbol/ibkc",
"IBKCN","IBERIABANK Corporation","26.1","n/a","n/a","Finance","Major Banks","https://www.nasdaq.com/symbol/ibkcn",
"IBKCO","IBERIABANK Corporation","27.58","n/a","n/a","Finance","Major Banks","https://www.nasdaq.com/symbol/ibkco",
"IBKCP","IBERIABANK Corporation","27.35","n/a","n/a","Finance","Major Banks","https://www.nasdaq.com/symbol/ibkcp",
"ICAD","icad inc.","6.28","$109.15M","n/a","Health Care","Medical/Dental Instruments","https://www.nasdaq.com/symbol/icad",
"IEP","Icahn Enterprises L.P.","71.39","$14.01B","n/a","Capital Goods","Auto Parts:O.E.M.","https://www.nasdaq.com/symbol/iep",
"ICCH","ICC Holdings, Inc.","14.0701","$46.48M","2017","Finance","Property-Casualty Insurers","https://www.nasdaq.com/symbol/icch",
"ICFI","ICF International, Inc.","72.12","$1.36B","2006","Consumer Services","Professional Services","https://www.nasdaq.com/symbol/icfi",
"ICHR","Ichor Holdings","21.7","$485.63M","2016","Technology","Semiconductors","https://www.nasdaq.com/symbol/ichr",
"ICLK","iClick Interactive Asia Group Limited","3.77","$214.86M","2017","Technology","Computer Software: Prepackaged Software","https://www.nasdaq.com/symbol/iclk",
"ICLR","ICON plc","147.96","$7.99B","1998","Health Care","Biotechnology: Commercial Physical & Biological Resarch","https://www.nasdaq.com/symbol/iclr",
"ICON","Iconix Brand Group, Inc.","0.7715","$8.32M","n/a","Consumer Non-Durables","Shoe Manufacturing","https://www.nasdaq.com/symbol/icon",
"ICUI","ICU Medical, Inc.","249.25","$5.14B","1992","Health Care","Medical/Dental Instruments","https://www.nasdaq.com/symbol/icui",
"IPWR","Ideal Power Inc.","0.3297","$4.85M","2013","Energy","Industrial Machinery/Components","https://www.nasdaq.com/symbol/ipwr",
"IDEX","Ideanomics, Inc.","1.77","$192.15M","n/a","Consumer Services","Television Services","https://www.nasdaq.com/symbol/idex",
"IDYA","IDEAYA Biosciences, Inc.","9.87","$199.66M","2019","Health Care","Major Pharmaceuticals","https://www.nasdaq.com/symbol/idya",
"INVE","Identiv, Inc.","4.83","$79.77M","n/a","Technology","Computer peripheral equipment","https://www.nasdaq.com/symbol/inve",
"IDRA","Idera Pharmaceuticals, Inc.","2.69","$75.38M","n/a","Health Care","Biotechnology: Biological Products (No Diagnostic Substances)","https://www.nasdaq.com/symbol/idra",
"IDXX","IDEXX Laboratories, Inc.","271.31","$23.33B","1991","Health Care","Biotechnology: In Vitro & In Vivo Diagnostic Substances","https://www.nasdaq.com/symbol/idxx",
"IESC","IES Holdings, Inc.","18.38","$388.53M","n/a","Capital Goods","Engineering & Construction","https://www.nasdaq.com/symbol/iesc",
"IROQ","IF Bancorp, Inc.","21.22","$75.99M","2011","Finance","Savings Institutions","https://www.nasdaq.com/symbol/iroq",
"IFMK","iFresh Inc.","1","$16.74M","n/a","Consumer Services","Food Chains","https://www.nasdaq.com/symbol/ifmk",
"INFO","IHS Markit Ltd.","59.26","$23.69B","1996","Technology","Computer Software: Programming, Data Processing","https://www.nasdaq.com/symbol/info",
"IIVI","II-VI Incorporated","34.66","$2.2B","1987","Capital Goods","Electronic Components","https://www.nasdaq.com/symbol/iivi",
"IKNX","Ikonics Corporation","7.46","$14.8M","n/a","Miscellaneous","Industrial Machinery/Components","https://www.nasdaq.com/symbol/iknx",
"ILMN","Illumina, Inc.","358.08","$52.64B","2000","Capital Goods","Biotechnology: Laboratory Analytical Instruments","https://www.nasdaq.com/symbol/ilmn",
"IMAC","IMAC Holdings, Inc.","3.8019","$31.62M","2019","Health Care","Medical Specialities","https://www.nasdaq.com/symbol/imac",
"IMACW","IMAC Holdings, Inc.","0.73","n/a","2019","Health Care","Medical Specialities","https://www.nasdaq.com/symbol/imacw",
"ISNS","Image Sensing Systems, Inc.","5.2524","$27.86M","1995","Capital Goods","Industrial Machinery/Components","https://www.nasdaq.com/symbol/isns",
"IMMR","Immersion Corporation","7.6","$239.81M","1999","Technology","Computer peripheral equipment","https://www.nasdaq.com/symbol/immr",
"ICCC","ImmuCell Corporation","6.5","$46.86M","1987","Health Care","Biotechnology: In Vitro & In Vivo Diagnostic Substances","https://www.nasdaq.com/symbol/iccc",
"IMUX","Immunic, Inc. ","13.2","$131.82M","2014","Health Care","Major Pharmaceuticals","https://www.nasdaq.com/symbol/imux",
"IMGN","ImmunoGen, Inc.","1.82","$272.15M","1989","Health Care","Major Pharmaceuticals","https://www.nasdaq.com/symbol/imgn",
"IMMU","Immunomedics, Inc.","13","$2.49B","n/a","Health Care","Biotechnology: In Vitro & In Vivo Diagnostic Substances","https://www.nasdaq.com/symbol/immu",
"IMRN","Immuron Limited","3.0847","$12.59M","2017","Health Care","Major Pharmaceuticals","https://www.nasdaq.com/symbol/imrn",
"IMRNW","Immuron Limited","1.61","n/a","2017","Health Care","Major Pharmaceuticals","https://www.nasdaq.com/symbol/imrnw",
"IMMP","Immutep Limited","1.83","$61.85M","n/a","Health Care","Major Pharmaceuticals","https://www.nasdaq.com/symbol/immp",
"PI","Impinj, Inc.","26.96","$583.07M","2016","Capital Goods","Industrial Machinery/Components","https://www.nasdaq.com/symbol/pi",
"IMV","IMV Inc.","2.75","$139.14M","n/a","Health Care","Major Pharmaceuticals","https://www.nasdaq.com/symbol/imv",
"INCY","Incyte Corporation","87.61","$18.79B","n/a","Health Care","Biotechnology: Commercial Physical & Biological Resarch","https://www.nasdaq.com/symbol/incy",
"INDB","Independent Bank Corp.","74.12","$2.54B","n/a","Finance","Major Banks","https://www.nasdaq.com/symbol/indb",
"IBCP","Independent Bank Corporation","21.31","$479.4M","n/a","Finance","Major Banks","https://www.nasdaq.com/symbol/ibcp",
"IBTX","Independent Bank Group, Inc","53.18","$2.32B","2013","Finance","Major Banks","https://www.nasdaq.com/symbol/ibtx",
"ILPT","Industrial Logistics Properties Trust","20.53","$1.34B","2018","Consumer Services","Real Estate Investment Trusts","https://www.nasdaq.com/symbol/ilpt",
"IDSA","Industrial Services of America, Inc.","0.93","$7.54M","n/a","Consumer Durables","Industrial Specialties","https://www.nasdaq.com/symbol/idsa",
"INFN","Infinera Corporation","2.97","$528.01M","2007","Public Utilities","Telecommunications Equipment","https://www.nasdaq.com/symbol/infn",
"INFI","Infinity Pharmaceuticals, Inc.","1.685","$95.92M","n/a","Health Care","Major Pharmaceuticals","https://www.nasdaq.com/symbol/infi",
"IFRX","InflaRx N.V.","3.06","$79.45M","2017","n/a","n/a","https://www.nasdaq.com/symbol/ifrx",
"III","Information Services Group, Inc.","3.17","$148.35M","n/a","Consumer Services","Professional Services","https://www.nasdaq.com/symbol/iii",
"IEA","Infrastructure and Energy Alternatives, Inc.","2","$44.5M","2016","Finance","Business Services","https://www.nasdaq.com/symbol/iea",
"IEAWW","Infrastructure and Energy Alternatives, Inc.","0.04","n/a","2016","Finance","Business Services","https://www.nasdaq.com/symbol/ieaww",
"IMKTA","Ingles Markets, Incorporated","31.01","$628.26M","1987","Consumer Services","Food Chains","https://www.nasdaq.com/symbol/imkta",
"INMB","INmune Bio Inc.","8.9","$91.34M","2019","Health Care","Biotechnology: Biological Products (No Diagnostic Substances)","https://www.nasdaq.com/symbol/inmb",
"INWK","InnerWorkings, Inc.","3.79","$196.55M","2006","Miscellaneous","Business Services","https://www.nasdaq.com/symbol/inwk",
"INOD","Innodata Inc.","0.9673","$25.1M","1993","Technology","EDP Services","https://www.nasdaq.com/symbol/inod",
"IPHS","Innophos Holdings, Inc.","27.94","$549.58M","2006","Consumer Durables","Specialty Chemicals","https://www.nasdaq.com/symbol/iphs",
"IOSP","Innospec Inc.","84.36","$2.07B","n/a","Basic Industries","Major Chemicals","https://www.nasdaq.com/symbol/iosp",
"INNT","Innovate Biopharmaceuticals, Inc.","1.07","$37.86M","2018","Health Care","Major Pharmaceuticals","https://www.nasdaq.com/symbol/innt",
"ISSC","Innovative Solutions and Support, Inc.","4.5","$76.09M","2000","Technology","EDP Services","https://www.nasdaq.com/symbol/issc",
"INVA","Innoviva, Inc.","13.99","$1.42B","n/a","Health Care","Major Pharmaceuticals","https://www.nasdaq.com/symbol/inva",
"INGN","Inogen, Inc","67.96","$1.49B","2014","Health Care","Industrial Specialties","https://www.nasdaq.com/symbol/ingn",
"INOV","Inovalon Holdings, Inc.","14.2","$1.04B","2015","Technology","EDP Services","https://www.nasdaq.com/symbol/inov",
"INO","Inovio Pharmaceuticals, Inc.","2.52","$247.05M","n/a","Health Care","Medical/Dental Instruments","https://www.nasdaq.com/symbol/ino",
"INPX","Inpixon ","0.59","$6.41M","2014","Technology","EDP Services","https://www.nasdaq.com/symbol/inpx",
"INSG","Inseego Corp.","4.24","$333.83M","n/a","Capital Goods","Telecommunications Equipment","https://www.nasdaq.com/symbol/insg",
"NSIT","Insight Enterprises, Inc.","55.89","$2B","1995","Consumer Services","Catalog/Specialty Distribution","https://www.nasdaq.com/symbol/nsit",
"ISIG","Insignia Systems, Inc.","1.0777","$12.88M","1991","Consumer Services","Advertising","https://www.nasdaq.com/symbol/isig",
"INSM","Insmed, Inc.","25.59","$2.24B","n/a","Health Care","Major Pharmaceuticals","https://www.nasdaq.com/symbol/insm",
"INSE","Inspired Entertainment, Inc.","8.27","$188.71M","2014","Technology","Computer Software: Prepackaged Software","https://www.nasdaq.com/symbol/inse",
"IIIN","Insteel Industries, Inc.","19.28","$371.17M","n/a","Capital Goods","Steel/Iron Ore","https://www.nasdaq.com/symbol/iiin",
"PODD","Insulet Corporation","116.06","$6.93B","2007","Health Care","Medical/Dental Instruments","https://www.nasdaq.com/symbol/podd",
"INSU","Insurance Acquisition Corp.","9.85","$203.44M","2019","Finance","Business Services","https://www.nasdaq.com/symbol/insu",
"INSUU","Insurance Acquisition Corp.","10.32","$138.55M","2019","Finance","Business Services","https://www.nasdaq.com/symbol/insuu",
"INSUW","Insurance Acquisition Corp.","0.93","$7.2M","2019","Finance","Business Services","https://www.nasdaq.com/symbol/insuw",
"NTEC","Intec Pharma Ltd.","4.23","$140.85M","2015","Health Care","Major Pharmaceuticals","https://www.nasdaq.com/symbol/ntec",
"IART","Integra LifeSciences Holdings Corporation","54.04","$4.62B","n/a","Health Care","Medical/Dental Instruments","https://www.nasdaq.com/symbol/iart",
"IMTE","Integrated Media Technology Limited","10.032","$33.88M","n/a","Consumer Non-Durables","Consumer Electronics/Appliances","https://www.nasdaq.com/symbol/imte",
"INTC","Intel Corporation","46.85","$209.75B","n/a","Technology","Semiconductors","https://www.nasdaq.com/symbol/intc",
"NTLA","Intellia Therapeutics, Inc.","14.89","$680.64M","2016","Health Care","Biotechnology: In Vitro & In Vivo Diagnostic Substances","https://www.nasdaq.com/symbol/ntla",
"IPAR","Inter Parfums, Inc.","65.82","$2.07B","n/a","Consumer Non-Durables","Package Goods/Cosmetics","https://www.nasdaq.com/symbol/ipar",
"ICPT","Intercept Pharmaceuticals, Inc.","78.36","$2.55B","2012","Health Care","Major Pharmaceuticals","https://www.nasdaq.com/symbol/icpt",
"IDCC","InterDigital, Inc.","64.18","$2.04B","n/a","Miscellaneous","Multi-Sector Companies","https://www.nasdaq.com/symbol/idcc",
"TILE","Interface, Inc.","14.82","$889.01M","n/a","Consumer Durables","Home Furnishings","https://www.nasdaq.com/symbol/tile",
"IMI","Intermolecular, Inc.","1.16","$57.72M","2011","Technology","Semiconductors","https://www.nasdaq.com/symbol/imi",
"INAP","Internap Corporation","3.09","$82.61M","1999","Technology","Computer Software: Programming, Data Processing","https://www.nasdaq.com/symbol/inap",
"IBOC","International Bancshares Corporation","36.36","$2.39B","n/a","Finance","Major Banks","https://www.nasdaq.com/symbol/iboc",
"IMXI","International Money Express, Inc.","14.4","$546.95M","2017","Miscellaneous","Business Services","https://www.nasdaq.com/symbol/imxi",
"ISCA","International Speedway Corporation","44.75","$1.95B","1996","Consumer Services","Services-Misc. Amusement & Recreation","https://www.nasdaq.com/symbol/isca",
"IGLD","Internet Gold Golden Lines Ltd.","0.3653","$10.23M","1999","Public Utilities","Telecommunications Equipment","https://www.nasdaq.com/symbol/igld",
"IDXG","Interpace Diagnostics Group, Inc.","0.7251","$27.62M","n/a","Health Care","Medical/Dental Instruments","https://www.nasdaq.com/symbol/idxg",
"XENT","Intersect ENT, Inc.","22.53","$703.98M","2014","Health Care","Medical/Dental Instruments","https://www.nasdaq.com/symbol/xent",
"IPLDP","Interstate Power and Light Company","25.24","$201.92M","n/a","Public Utilities","Power Generation","https://www.nasdaq.com/symbol/ipldp",
"IVAC","Intevac, Inc.","4.65","$106.76M","1995","Technology","Industrial Machinery/Components","https://www.nasdaq.com/symbol/ivac",
"INTL","INTL FCStone Inc.","36.54","$698.94M","n/a","Finance","Investment Bankers/Brokers/Service","https://www.nasdaq.com/symbol/intl",
"ITCI","Intra-Cellular Therapies Inc.","13.05","$719.51M","n/a","Health Care","Major Pharmaceuticals","https://www.nasdaq.com/symbol/itci",
"XON","Intrexon Corporation","7.35","$1.18B","n/a","Health Care","Biotechnology: Commercial Physical & Biological Resarch","https://www.nasdaq.com/symbol/xon",
"IIN","IntriCon Corporation","22.62","$197.63M","n/a","Capital Goods","Electrical Products","https://www.nasdaq.com/symbol/iin",
"INTU","Intuit Inc.","257.49","$66.75B","1993","Technology","Computer Software: Prepackaged Software","https://www.nasdaq.com/symbol/intu",
"ISRG","Intuitive Surgical, Inc.","520.53","$60.09B","2000","Health Care","Industrial Specialties","https://www.nasdaq.com/symbol/isrg",
"PLW","Invesco 1-30 Laddered Treasury ETF","34.0901","$107.38M","n/a","n/a","n/a","https://www.nasdaq.com/symbol/plw",
"ADRA","Invesco BLDRS Asia 50 ADR Index Fund","30.62","$18.37M","n/a","n/a","n/a","https://www.nasdaq.com/symbol/adra",
"ADRD","Invesco BLDRS Developed Markets 100 ADR Index Fund","21.53","$33.37M","n/a","n/a","n/a","https://www.nasdaq.com/symbol/adrd",
"ADRE","Invesco BLDRS Emerging Markets 50 ADR Index Fund","39.36","$131.86M","n/a","n/a","n/a","https://www.nasdaq.com/symbol/adre",
"ADRU","Invesco BLDRS Europe Select ADR Index Fund","21.2369","$11.68M","n/a","n/a","n/a","https://www.nasdaq.com/symbol/adru",
"PKW","Invesco BuyBack Achievers ETF","61.3","$1.13B","n/a","n/a","n/a","https://www.nasdaq.com/symbol/pkw",
"PFM","Invesco Dividend Achievers ETF","28.67","$299.6M","n/a","n/a","n/a","https://www.nasdaq.com/symbol/pfm",
"PYZ","Invesco DWA Basic Materials Momentum ETF","58.9602","$58.96M","n/a","n/a","n/a","https://www.nasdaq.com/symbol/pyz",
"PEZ","Invesco DWA Consumer Cyclicals Momentum ETF","54.64","$49.18M","n/a","n/a","n/a","https://www.nasdaq.com/symbol/pez",
"PSL","Invesco DWA Consumer Staples Momentum ETF","71.3205","$160.47M","n/a","n/a","n/a","https://www.nasdaq.com/symbol/psl",
"PIZ","Invesco DWA Developed Markets Momentum ETF","26.87","$184.06M","n/a","n/a","n/a","https://www.nasdaq.com/symbol/piz",
"PIE","Invesco DWA Emerging Markets Momentum ETF","17.36","$165.79M","n/a","n/a","n/a","https://www.nasdaq.com/symbol/pie",
"PXI","Invesco DWA Energy Momentum ETF","28.715","$43.07M","n/a","n/a","n/a","https://www.nasdaq.com/symbol/pxi",
"PFI","Invesco DWA Financial Momentum ETF","36.935","$57.25M","n/a","n/a","n/a","https://www.nasdaq.com/symbol/pfi",
"PTH","Invesco DWA Healthcare Momentum ETF","85.47","$141.03M","n/a","n/a","n/a","https://www.nasdaq.com/symbol/pth",
"PRN","Invesco DWA Industrials Momentum ETF","65.0618","$104.1M","n/a","n/a","n/a","https://www.nasdaq.com/symbol/prn",
"PDP","Invesco DWA Momentum ETF","59.55","$1.52B","n/a","n/a","n/a","https://www.nasdaq.com/symbol/pdp",
"DWAQ","Invesco DWA NASDAQ Momentum ETF","115.36","$46.14M","n/a","n/a","n/a","https://www.nasdaq.com/symbol/dwaq",
"DWAS","Invesco DWA SmallCap Momentum ETF","51.93","$251.86M","n/a","n/a","n/a","https://www.nasdaq.com/symbol/dwas",
"DWIN","Invesco DWA Tactical Multi-Asset Income ETF","25.3008","$39.22M","n/a","n/a","n/a","https://www.nasdaq.com/symbol/dwin",
"DWTR","Invesco DWA Tactical Sector Rotation ETF","30.6","$65.79M","n/a","n/a","n/a","https://www.nasdaq.com/symbol/dwtr",
"PTF","Invesco DWA Technology Momentum ETF","71.32","$199.7M","n/a","n/a","n/a","https://www.nasdaq.com/symbol/ptf",
"PUI","Invesco DWA Utilities Momentum ETF","33.0034","$204.62M","n/a","n/a","n/a","https://www.nasdaq.com/symbol/pui",
"IDLB","Invesco FTSE International Low Beta Equal Weight ETF","27.85","$84.93M","n/a","n/a","n/a","https://www.nasdaq.com/symbol/idlb",
"PRFZ","Invesco FTSE RAFI US 1500 Small-Mid ETF","123.67","$1.97B","n/a","n/a","n/a","https://www.nasdaq.com/symbol/prfz",
"PIO","Invesco Global Water ETF","27.65","$200.46M","n/a","n/a","n/a","https://www.nasdaq.com/symbol/pio",
"PGJ","Invesco Golden Dragon China ETF","36.1","$189.53M","n/a","n/a","n/a","https://www.nasdaq.com/symbol/pgj",
"PEY","Invesco High Yield Equity Dividend Achievers ETF","18","$890.1M","n/a","n/a","n/a","https://www.nasdaq.com/symbol/pey",
"IPKW","Invesco International BuyBack Achievers ETF","31.32","$164.44M","n/a","n/a","n/a","https://www.nasdaq.com/symbol/ipkw",
"PID","Invesco International Dividend Achievers ETF","16.31","$779.62M","n/a","n/a","n/a","https://www.nasdaq.com/symbol/pid",
"KBWB","Invesco KBW Bank ETF","48.96","$531.22M","n/a","n/a","n/a","https://www.nasdaq.com/symbol/kbwb",
"KBWD","Invesco KBW High Dividend Yield Financial ETF","21","$302.4M","n/a","n/a","n/a","https://www.nasdaq.com/symbol/kbwd",
"KBWY","Invesco KBW Premium Yield Equity REIT ETF","29.5","$321.55M","n/a","n/a","n/a","https://www.nasdaq.com/symbol/kbwy",
"KBWP","Invesco KBW Property & Casualty Insurance ETF","70.41","$95.05M","n/a","n/a","n/a","https://www.nasdaq.com/symbol/kbwp",
"KBWR","Invesco KBW Regional Banking ETF","48.56","$75.27M","n/a","n/a","n/a","https://www.nasdaq.com/symbol/kbwr",
"LDRI","Invesco LadderRite 0-5 Year Corporate Bond ETF","25.2141","$10.09M","n/a","n/a","n/a","https://www.nasdaq.com/symbol/ldri",
"PNQI","Invesco Nasdaq Internet ETF","134.45","$551.25M","n/a","n/a","n/a","https://www.nasdaq.com/symbol/pnqi",
"PDBC","Invesco Optimum Yield Diversified Commodity Strategy No K-1 ET","16.46","$2.04B","n/a","n/a","n/a","https://www.nasdaq.com/symbol/pdbc",
"QQQ","Invesco QQQ Trust, Series 1","184.93","$73.39B","n/a","n/a","n/a","https://www.nasdaq.com/symbol/qqq",
"ISDX","Invesco RAFI Strategic Developed ex-US ETF","24.99","$167.43M","n/a","n/a","n/a","https://www.nasdaq.com/symbol/isdx",
"ISDS","Invesco RAFI Strategic Developed ex-US Small Company ETF","23.17","$16.22M","n/a","n/a","n/a","https://www.nasdaq.com/symbol/isds",
"ISEM","Invesco RAFI Strategic Emerging Markets ETF","25.86","$10.34M","n/a","n/a","n/a","https://www.nasdaq.com/symbol/isem",
"IUS","Invesco RAFI Strategic US ETF","25.03","$5.01M","n/a","n/a","n/a","https://www.nasdaq.com/symbol/ius",
"IUSS","Invesco RAFI Strategic US Small Company ETF","23.1","$3.47M","n/a","n/a","n/a","https://www.nasdaq.com/symbol/iuss",
"USLB","Invesco Russell 1000 Low Beta Equal Weight ETF","32.48","$123.43M","n/a","n/a","n/a","https://www.nasdaq.com/symbol/uslb",
"PSCD","Invesco S&P SmallCap Consumer Discretionary ETF","57.4291","$28.71M","n/a","n/a","n/a","https://www.nasdaq.com/symbol/pscd",
"PSCC","Invesco S&P SmallCap Consumer Staples ETF","72.2814","$57.83M","n/a","n/a","n/a","https://www.nasdaq.com/symbol/pscc",
"PSCE","Invesco S&P SmallCap Energy ETF","8.53","$22.6M","n/a","n/a","n/a","https://www.nasdaq.com/symbol/psce",
"PSCF","Invesco S&P SmallCap Financials ETF","52.895","$129.59M","n/a","n/a","n/a","https://www.nasdaq.com/symbol/pscf",
"PSCH","Invesco S&P SmallCap Health Care ETF","114.2","$513.9M","n/a","n/a","n/a","https://www.nasdaq.com/symbol/psch",
"PSCI","Invesco S&P SmallCap Industrials ETF","64.3355","$61.12M","n/a","n/a","n/a","https://www.nasdaq.com/symbol/psci",
"PSCT","Invesco S&P SmallCap Information Technology ETF","80.54","$306.05M","n/a","n/a","n/a","https://www.nasdaq.com/symbol/psct",
"PSCM","Invesco S&P SmallCap Materials ETF","43.85","$15.35M","n/a","n/a","n/a","https://www.nasdaq.com/symbol/pscm",
"PSCU","Invesco S&P SmallCap Utilities & Communication Services ETF","51.1784","$53.74M","n/a","n/a","n/a","https://www.nasdaq.com/symbol/pscu",
"VRIG","Invesco Variable Rate Investment Grade ETF","24.83","$415.9M","n/a","n/a","n/a","https://www.nasdaq.com/symbol/vrig",
"PHO","Invesco Water Resources ETF","34.96","$996.36M","n/a","n/a","n/a","https://www.nasdaq.com/symbol/pho",
"ISTR","Investar Holding Corporation","23.22","$232.94M","2014","Finance","Major Banks","https://www.nasdaq.com/symbol/istr",
"ISBC","Investors Bancorp, Inc.","10.87","$3.03B","n/a","Finance","Major Banks","https://www.nasdaq.com/symbol/isbc",
"ITIC","Investors Title Company","162.78","$307.44M","n/a","Finance","Specialty Insurers","https://www.nasdaq.com/symbol/itic",
"NVIV","InVivo Therapeutics Holdings Corp.","0.777","$7.23M","n/a","Health Care","Medical/Dental Instruments","https://www.nasdaq.com/symbol/nviv",
"IONS","Ionis Pharmaceuticals, Inc.","64.46","$9.05B","n/a","Health Care","Major Pharmaceuticals","https://www.nasdaq.com/symbol/ions",
"IOVA","Iovance Biotherapeutics, Inc.","21.75","$2.69B","n/a","Health Care","Biotechnology: Biological Products (No Diagnostic Substances)","https://www.nasdaq.com/symbol/iova",
"IPGP","IPG Photonics Corporation","143.89","$7.65B","2006","Technology","Semiconductors","https://www.nasdaq.com/symbol/ipgp",
"IPIC","iPic Entertainment Inc.","3.3307","$38.2M","2018","Consumer Services","Restaurants","https://www.nasdaq.com/symbol/ipic",
"CLRG","IQ Chaikin U.S. Large Cap ETF","24.33","$339.4M","n/a","n/a","n/a","https://www.nasdaq.com/symbol/clrg",
"CSML","IQ Chaikin U.S. Small Cap ETF","23.94","$268.13M","n/a","n/a","n/a","https://www.nasdaq.com/symbol/csml",
"IQ","iQIYI, Inc.","18.01","$5.69B","2018","Consumer Services","Consumer Electronics/Video Chains","https://www.nasdaq.com/symbol/iq",
"IRMD","iRadimed Corporation","20.46","$228.28M","2014","Health Care","Medical/Dental Instruments","https://www.nasdaq.com/symbol/irmd",
"IRTC","iRhythm Technologies, Inc.","77.42","$1.91B","2016","Health Care","Medical/Dental Instruments","https://www.nasdaq.com/symbol/irtc",
"IRIX","IRIDEX Corporation","4.5","$61.37M","1996","Health Care","Biotechnology: Electromedical & Electrotherapeutic Apparatus","https://www.nasdaq.com/symbol/irix",
"IRDM","Iridium Communications Inc","22.04","$2.5B","n/a","Capital Goods","Telecommunications Equipment","https://www.nasdaq.com/symbol/irdm",
"IRBT","iRobot Corporation","90.58","$2.54B","2005","Consumer Durables","Consumer Electronics/Appliances","https://www.nasdaq.com/symbol/irbt",
"IRWD","Ironwood Pharmaceuticals, Inc.","10.39","$1.62B","2010","Health Care","Major Pharmaceuticals","https://www.nasdaq.com/symbol/irwd",
"IRCP","IRSA Propiedades Comerciales S.A.","19.52","$614.95M","n/a","Consumer Services","Building operators","https://www.nasdaq.com/symbol/ircp",
"SLQD","iShares 0-5 Year Investment Grade Corporate Bond ETF","50.91","$1.83B","n/a","n/a","n/a","https://www.nasdaq.com/symbol/slqd",
"ISHG","iShares 1-3 Year International Treasury Bond ETF","80.18","$68.15M","n/a","n/a","n/a","https://www.nasdaq.com/symbol/ishg",
"SHY","iShares 1-3 Year Treasury Bond ETF","84.81","$17.76B","n/a","n/a","n/a","https://www.nasdaq.com/symbol/shy",
"TLT","iShares 20+ Year Treasury Bond ETF","132.82","$14.54B","n/a","n/a","n/a","https://www.nasdaq.com/symbol/tlt",
"IEI","iShares 3-7 Year Treasury Bond ETF","125.88","$7.79B","n/a","n/a","n/a","https://www.nasdaq.com/symbol/iei",
"IEF","iShares 7-10 Year Treasury Bond ETF","110.09","$16.14B","n/a","n/a","n/a","https://www.nasdaq.com/symbol/ief",
"AIA","iShares Asia 50 ETF","60.05","$1.07B","n/a","n/a","n/a","https://www.nasdaq.com/symbol/aia",
"USIG","iShares Broad USD Investment Grade Corporate Bond ETF","56.81","$3.36B","n/a","n/a","n/a","https://www.nasdaq.com/symbol/usig",
"COMT","iShares Commodities Select Strategy ETF","32.63","$306.72M","n/a","n/a","n/a","https://www.nasdaq.com/symbol/comt",
"ISTB","iShares Core 1-5 Year USD Bond ETF","50.44","$2.72B","n/a","n/a","n/a","https://www.nasdaq.com/symbol/istb",
"IXUS","iShares Core MSCI Total International Stock ETF","58.08","$14.69B","n/a","n/a","n/a","https://www.nasdaq.com/symbol/ixus",
"IUSG","iShares Core S&P U.S. Growth ETF","62.4","$6.62B","n/a","n/a","n/a","https://www.nasdaq.com/symbol/iusg",
"IUSV","iShares Core S&P U.S. Value ETF","55.91","$5.59B","n/a","n/a","n/a","https://www.nasdaq.com/symbol/iusv",
"IUSB","iShares Core Total USD Bond Market ETF","51.64","$3.75B","n/a","n/a","n/a","https://www.nasdaq.com/symbol/iusb",
"HEWG","iShares Currency Hedged MSCI Germany ETF","27.11","$180.28M","n/a","n/a","n/a","https://www.nasdaq.com/symbol/hewg",
"SUSB","iShares ESG 1-5 Year USD Corporate Bond ETF","25.34","$100.09M","n/a","n/a","n/a","https://www.nasdaq.com/symbol/susb",
"ESGD","iShares ESG MSCI EAFE ETF","63.75","$835.13M","n/a","n/a","n/a","https://www.nasdaq.com/symbol/esgd",
"ESGE","iShares ESG MSCI EM ETF","33.58","$671.6M","n/a","n/a","n/a","https://www.nasdaq.com/symbol/esge",
"ESGU","iShares ESG MSCI USA ETF","64.07","$243.47M","n/a","n/a","n/a","https://www.nasdaq.com/symbol/esgu",
"SUSL","iShares ESG MSCI USA Leaders ETF","50.11","$1.16B","n/a","n/a","n/a","https://www.nasdaq.com/symbol/susl",
"SUSC","iShares ESG USD Corporate Bond ETF","25.71","$38.57M","n/a","n/a","n/a","https://www.nasdaq.com/symbol/susc",
"XT","iShares Exponential Technologies ETF","37.98","$2.39B","n/a","n/a","n/a","https://www.nasdaq.com/symbol/xt",
"FALN","iShares Fallen Angels USD Bond ETF","26.49","$92.72M","n/a","n/a","n/a","https://www.nasdaq.com/symbol/faln",
"IFEU","iShares FTSE EPRA/NAREIT Europe Index Fund","36.4554","$25.52M","n/a","n/a","n/a","https://www.nasdaq.com/symbol/ifeu",
"IFGL","iShares FTSE EPRA/NAREIT Global Real Estate ex-U.S. Index Fund","30.03","$411.41M","n/a","n/a","n/a","https://www.nasdaq.com/symbol/ifgl",
"BGRN","iShares Global Green Bond ETF","54.32","$27.16M","n/a","n/a","n/a","https://www.nasdaq.com/symbol/bgrn",
"IGF","iShares Global Infrastructure ETF","46.3","$3.07B","n/a","n/a","n/a","https://www.nasdaq.com/symbol/igf",
"GNMA","iShares GNMA Bond ETF","50.02","$127.55M","n/a","n/a","n/a","https://www.nasdaq.com/symbol/gnma",
"HYXE","iShares iBoxx $ High Yield ex Oil & Gas Corporate Bond ETF","51.39","$10.28M","n/a","n/a","n/a","https://www.nasdaq.com/symbol/hyxe",
"IGIB","iShares Intermediate-Term Corporate Bond ETF","56.78","$6.56B","n/a","n/a","n/a","https://www.nasdaq.com/symbol/igib",
"IGOV","iShares International Treasury Bond ETF","50.77","$997.63M","n/a","n/a","n/a","https://www.nasdaq.com/symbol/igov",
"EMB","iShares J.P. Morgan USD Emerging Markets Bond ETF","112.47","$15.67B","n/a","n/a","n/a","https://www.nasdaq.com/symbol/emb",
"MBB","iShares MBS ETF","107.46","$16.89B","n/a","n/a","n/a","https://www.nasdaq.com/symbol/mbb",
"JKI","iShares Morningstar Mid-Cap ETF","155.37","$528.26M","n/a","n/a","n/a","https://www.nasdaq.com/symbol/jki",
"ACWX","iShares MSCI ACWI ex US Index Fund","46.33","$3.67B","n/a","n/a","n/a","https://www.nasdaq.com/symbol/acwx",
"ACWI","iShares MSCI ACWI Index Fund","73.07","$10.67B","n/a","n/a","n/a","https://www.nasdaq.com/symbol/acwi",
"AAXJ","iShares MSCI All Country Asia ex Japan Index Fund","68.65","$4.04B","n/a","n/a","n/a","https://www.nasdaq.com/symbol/aaxj",
"EWZS","iShares MSCI Brazil Small-Cap ETF","16.56","$86.11M","n/a","n/a","n/a","https://www.nasdaq.com/symbol/ewzs",
"MCHI","iShares MSCI China ETF","58.05","$4.23B","n/a","n/a","n/a","https://www.nasdaq.com/symbol/mchi",
"SCZ","iShares MSCI EAFE Small-Cap ETF","56.68","$9.4B","n/a","n/a","n/a","https://www.nasdaq.com/symbol/scz",
"EEMA","iShares MSCI Emerging Markets Asia ETF","65.11","$494.84M","n/a","n/a","n/a","https://www.nasdaq.com/symbol/eema",
"EMXC","iShares MSCI Emerging Markets ex China ETF","49.5816","$29.75M","n/a","n/a","n/a","https://www.nasdaq.com/symbol/emxc",
"EUFN","iShares MSCI Europe Financials Sector Index Fund","17.88","$798.34M","n/a","n/a","n/a","https://www.nasdaq.com/symbol/eufn",
"IEUS","iShares MSCI Europe Small-Cap ETF","49.474","$148.42M","n/a","n/a","n/a","https://www.nasdaq.com/symbol/ieus",
"RING","iShares MSCI Global Gold Miners ETF","20.41","$234.72M","n/a","n/a","n/a","https://www.nasdaq.com/symbol/ring",
"SDG","iShares MSCI Global Impact ETF","57.74","$54.85M","n/a","n/a","n/a","https://www.nasdaq.com/symbol/sdg",
"EWJE","iShares MSCI Japan Equal Weighted ETF","33.19","$6.64M","n/a","n/a","n/a","https://www.nasdaq.com/symbol/ewje",
"EWJV","iShares MSCI Japan Value ETF","24.27","$7.28M","n/a","n/a","n/a","https://www.nasdaq.com/symbol/ewjv",
"ENZL","iShares MSCI New Zealand ETF","52.59","$168.29M","n/a","n/a","n/a","https://www.nasdaq.com/symbol/enzl",
"QAT","iShares MSCI Qatar ETF","17.77","$54.2M","n/a","n/a","n/a","https://www.nasdaq.com/symbol/qat",
"TUR","iShares MSCI Turkey ETF","23.39","$366.05M","n/a","n/a","n/a","https://www.nasdaq.com/symbol/tur",
"UAE","iShares MSCI UAE ETF","13.3","$45.89M","n/a","n/a","n/a","https://www.nasdaq.com/symbol/uae",
"IBB","iShares Nasdaq Biotechnology Index Fund","106.89","$7.42B","n/a","n/a","n/a","https://www.nasdaq.com/symbol/ibb",
"SOXX","iShares PHLX SOX Semiconductor Sector Index Fund","189.21","$1.4B","n/a","n/a","n/a","https://www.nasdaq.com/symbol/soxx",
"PFF","iShares Preferred and Income Securities ETF","36.86","$15.45B","n/a","n/a","n/a","https://www.nasdaq.com/symbol/pff",
"AMCA","iShares Russell 1000 Pure U.S. Revenue ETF","28.0505","$11.22M","n/a","n/a","n/a","https://www.nasdaq.com/symbol/amca",
"EMIF","iShares S&P Emerging Markets Infrastructure Index Fund","29.1218","$26.21M","n/a","n/a","n/a","https://www.nasdaq.com/symbol/emif",
"ICLN","iShares S&P Global Clean Energy Index Fund","10.5","$249.9M","n/a","n/a","n/a","https://www.nasdaq.com/symbol/icln",
"WOOD","iShares S&P Global Timber & Forestry Index Fund","59.04","$226.71M","n/a","n/a","n/a","https://www.nasdaq.com/symbol/wood",
"INDY","iShares S&P India Nifty 50 Index Fund","38.11","$950.84M","n/a","n/a","n/a","https://www.nasdaq.com/symbol/indy",
"IJT","iShares S&P Small-Cap 600 Growth ETF","177.24","$5.34B","n/a","n/a","n/a","https://www.nasdaq.com/symbol/ijt",
"DVY","iShares Select Dividend ETF","98.41","$17.23B","n/a","n/a","n/a","https://www.nasdaq.com/symbol/dvy",
"SHV","iShares Short Treasury Bond ETF","110.62","$24.54B","n/a","n/a","n/a","https://www.nasdaq.com/symbol/shv",
"IGSB","iShares Short-Term Corporate Bond ETF","53.4","$12.39B","n/a","n/a","n/a","https://www.nasdaq.com/symbol/igsb",
"ISRL","Isramco, Inc.","121.6","$330.47M","1983","Energy","Oil & Gas Production","https://www.nasdaq.com/symbol/isrl",
"ITMR","Itamar Medical Ltd.","10.215","$113.69M","n/a","Health Care","Medical/Dental Instruments","https://www.nasdaq.com/symbol/itmr",
"ITI","Iteris, Inc.","5.25","$175.29M","n/a","Capital Goods","Telecommunications Equipment","https://www.nasdaq.com/symbol/iti",
"ITRM","Iterum Therapeutics plc","6.09","$87.51M","2018","Health Care","Major Pharmaceuticals","https://www.nasdaq.com/symbol/itrm",
"ITRI","Itron, Inc.","60.4","$2.41B","1993","Capital Goods","Electrical Products","https://www.nasdaq.com/symbol/itri",
"ITRN","Ituran Location and Control Ltd.","30.6","$718.35M","2005","Technology","Electronic Components","https://www.nasdaq.com/symbol/itrn",
"ISEE","IVERIC bio, Inc.","1.26","$52.26M","2013","Health Care","Major Pharmaceuticals","https://www.nasdaq.com/symbol/isee",
"IVENC","Ivy NextShares","100.02","$45M","n/a","n/a","n/a","https://www.nasdaq.com/symbol/ivenc",
"IVFGC","Ivy NextShares","100.02","$43.01M","n/a","n/a","n/a","https://www.nasdaq.com/symbol/ivfgc",
"IVFVC","Ivy NextShares","100.02","$45.01M","n/a","n/a","n/a","https://www.nasdaq.com/symbol/ivfvc",
"IZEA","IZEA Worldwide, Inc.","0.55","$14.93M","n/a","Consumer Services","Advertising","https://www.nasdaq.com/symbol/izea",
"JJSF","J & J Snack Foods Corp.","162.42","$3.06B","1986","Consumer Non-Durables","Specialty Foods","https://www.nasdaq.com/symbol/jjsf",
"MAYS","J. W. Mays, Inc.","34","$68.54M","n/a","Consumer Services","Building operators","https://www.nasdaq.com/symbol/mays",
"JBHT","J.B. Hunt Transport Services, Inc.","87.81","$9.55B","n/a","Transportation","Trucking Freight/Courier Services","https://www.nasdaq.com/symbol/jbht",
"JCOM","j2 Global, Inc.","85.63","$4.19B","1999","Technology","Telecommunications Equipment","https://www.nasdaq.com/symbol/jcom",
"JKHY","Jack Henry & Associates, Inc.","135.65","$10.47B","1985","Technology","EDP Services","https://www.nasdaq.com/symbol/jkhy",
"JACK","Jack In The Box Inc.","80.34","$2.07B","n/a","Consumer Services","Restaurants","https://www.nasdaq.com/symbol/jack",
"JAGX","Jaguar Health, Inc.","4.96","$7.58M","2015","Health Care","Major Pharmaceuticals","https://www.nasdaq.com/symbol/jagx",
"JAKK","JAKKS Pacific, Inc.","0.62","$18.27M","1996","Consumer Non-Durables","Recreational Products/Toys","https://www.nasdaq.com/symbol/jakk",
"JRVR","James River Group Holdings, Ltd.","46.32","$1.4B","2014","Finance","Property-Casualty Insurers","https://www.nasdaq.com/symbol/jrvr",
"JSML","Janus Henderson Small Cap Growth Alpha ETF","42.1892","$31.73M","n/a","n/a","n/a","https://www.nasdaq.com/symbol/jsml",
"JSMD","Janus Henderson Small/Mid Cap Growth Alpha ETF","43.85","$81.21M","n/a","n/a","n/a","https://www.nasdaq.com/symbol/jsmd",
"JASN","Jason Industries, Inc.","0.68","$19.1M","2013","Consumer Durables","Miscellaneous manufacturing industries","https://www.nasdaq.com/symbol/jasn",
"JASNW","Jason Industries, Inc.","0.002","n/a","2013","Consumer Durables","Miscellaneous manufacturing industries","https://www.nasdaq.com/symbol/jasnw",
"JAZZ","Jazz Pharmaceuticals plc","136.5","$7.79B","2007","Health Care","Major Pharmaceuticals","https://www.nasdaq.com/symbol/jazz",
"JD","JD.com, Inc.","28.5","$41.24B","2014","Consumer Services","Other Specialty Stores","https://www.nasdaq.com/symbol/jd",
"JRSH","Jerash Holdings (US), Inc.","7.0212","$79.52M","2018","Consumer Non-Durables","Apparel","https://www.nasdaq.com/symbol/jrsh",
"JBLU","JetBlue Airways Corporation","18.31","$5.51B","2002","Transportation","Air Freight/Delivery Services","https://www.nasdaq.com/symbol/jblu",
"JCTCF","Jewett-Cameron Trading Company","8.9","$79.55M","n/a","Consumer Services","RETAIL: Building Materials","https://www.nasdaq.com/symbol/jctcf",
"JFIN","Jiayin Group Inc.","12.76","$682.66M","2019","Finance","Finance: Consumer Services","https://www.nasdaq.com/symbol/jfin",
"JMU","JMU Limited","1.29","$1.06M","2015","Technology","EDP Services","https://www.nasdaq.com/symbol/jmu",
"JBSS","John B. Sanfilippo & Son, Inc.","78.98","$694.35M","1991","Consumer Non-Durables","Specialty Foods","https://www.nasdaq.com/symbol/jbss",
"JOUT","Johnson Outdoors Inc.","75.69","$668.98M","n/a","Consumer Non-Durables","Recreational Products/Toys","https://www.nasdaq.com/symbol/jout",
"JNCE","Jounce Therapeutics, Inc.","4.43","$146.07M","2017","Health Care","Biotechnology: Biological Products (No Diagnostic Substances)","https://www.nasdaq.com/symbol/jnce",
"KALU","Kaiser Aluminum Corporation","95.85","$1.55B","n/a","Capital Goods","Metal Fabrications","https://www.nasdaq.com/symbol/kalu",
"KXIN","Kaixin Auto Holdings","2.15","$131.91M","2017","Consumer Durables","Automotive Aftermarket","https://www.nasdaq.com/symbol/kxin",
"KALA","Kala Pharmaceuticals, Inc.","5.74","$194.49M","2017","Health Care","Major Pharmaceuticals","https://www.nasdaq.com/symbol/kala",
"KLDO","Kaleido Biosciences, Inc.","12.64","$376.77M","2019","Health Care","Biotechnology: Biological Products (No Diagnostic Substances)","https://www.nasdaq.com/symbol/kldo",
"KALV","KalVista Pharmaceuticals, Inc.","20.56","$354.61M","2015","Health Care","Major Pharmaceuticals","https://www.nasdaq.com/symbol/kalv",
"KMDA","Kamada Ltd.","5.41","$218M","2013","Health Care","Major Pharmaceuticals","https://www.nasdaq.com/symbol/kmda",
"KNDI","Kandi Technologies Group, Inc.","4.7","$247.13M","n/a","Capital Goods","Auto Manufacturing","https://www.nasdaq.com/symbol/kndi",
"KPTI","Karyopharm Therapeutics Inc.","5.89","$358.49M","2013","Health Care","Major Pharmaceuticals","https://www.nasdaq.com/symbol/kpti",
"KZIA","Kazia Therapeutics Limited","2.578","$12.48M","n/a","Health Care","Major Pharmaceuticals","https://www.nasdaq.com/symbol/kzia",
"KBLM","KBL Merger Corp. IV","10.4451","$101.83M","2017","Finance","Business Services","https://www.nasdaq.com/symbol/kblm",
"KBLMR","KBL Merger Corp. IV","0.2","n/a","2017","Finance","Business Services","https://www.nasdaq.com/symbol/kblmr",
"KBLMU","KBL Merger Corp. IV","10.6","n/a","2017","Finance","Business Services","https://www.nasdaq.com/symbol/kblmu",
"KBLMW","KBL Merger Corp. IV","0.1598","n/a","2017","Finance","Business Services","https://www.nasdaq.com/symbol/kblmw",
"KBSF","KBS Fashion Group Limited","2.26","$5.86M","2013","Consumer Non-Durables","Apparel","https://www.nasdaq.com/symbol/kbsf",
"KRNY","Kearny Financial","12.81","$1.16B","n/a","Finance","Savings Institutions","https://www.nasdaq.com/symbol/krny",
"KELYA","Kelly Services, Inc.","24.7","$965M","n/a","Technology","Professional Services","https://www.nasdaq.com/symbol/kelya",
"KELYB","Kelly Services, Inc.","23.4","$914.21M","n/a","Technology","Professional Services","https://www.nasdaq.com/symbol/kelyb",
"KMPH","KemPharm, Inc.","1.56","$44.49M","2015","Health Care","Major Pharmaceuticals","https://www.nasdaq.com/symbol/kmph",
"KFFB","Kentucky First Federal Bancorp","7.5476","$63.21M","n/a","Finance","Savings Institutions","https://www.nasdaq.com/symbol/kffb",
"KEQU","Kewaunee Scientific Corporation","18.6297","$51.17M","n/a","Capital Goods","Medical Specialities","https://www.nasdaq.com/symbol/kequ",
"KTCC","Key Tronic Corporation","5","$53.8M","1983","Technology","Computer peripheral equipment","https://www.nasdaq.com/symbol/ktcc",
"KZR","Kezar Life Sciences, Inc.","7.63","$145.88M","2018","Health Care","Major Pharmaceuticals","https://www.nasdaq.com/symbol/kzr",
"KFRC","Kforce, Inc.","35.01","$889.97M","1995","Technology","Professional Services","https://www.nasdaq.com/symbol/kfrc",
"KE","Kimball Electronics, Inc.","15.47","$393.23M","n/a","Technology","Electrical Products","https://www.nasdaq.com/symbol/ke",
"KBAL","Kimball International, Inc.","16.44","$603.71M","n/a","Consumer Durables","Home Furnishings","https://www.nasdaq.com/symbol/kbal",
"KIN","Kindred Biosciences, Inc.","8.55","$333.49M","2013","Health Care","Major Pharmaceuticals","https://www.nasdaq.com/symbol/kin",
"KGJI","Kingold Jewelry Inc.","0.62","$40.99M","n/a","Miscellaneous","Business Services","https://www.nasdaq.com/symbol/kgji",
"KINS","Kingstone Companies, Inc","8.51","$91.65M","n/a","Finance","Property-Casualty Insurers","https://www.nasdaq.com/symbol/kins",
"KNSA","Kiniksa Pharmaceuticals, Ltd.","14.17","$775.16M","2018","Health Care","Major Pharmaceuticals","https://www.nasdaq.com/symbol/knsa",
"KNSL","Kinsale Capital Group, Inc.","87.36","$1.86B","2016","Finance","Property-Casualty Insurers","https://www.nasdaq.com/symbol/knsl",
"KIRK","Kirkland&#39;s, Inc.","2.36","$33.43M","2002","Consumer Services","Other Specialty Stores","https://www.nasdaq.com/symbol/kirk",
"KTOV","Kitov Pharma Ltd.","0.94","$18.27M","2015","Health Care","Major Pharmaceuticals","https://www.nasdaq.com/symbol/ktov",
"KTOVW","Kitov Pharma Ltd.","0.15","n/a","2015","Health Care","Major Pharmaceuticals","https://www.nasdaq.com/symbol/ktovw",
"KLAC","KLA-Tencor Corporation","113.07","$18.27B","1980","Capital Goods","Electronic Components","https://www.nasdaq.com/symbol/klac",
"KLXE","KLX Energy Services Holdings, Inc. ","19.08","$441.68M","n/a","Energy","Oilfield Services/Equipment","https://www.nasdaq.com/symbol/klxe",
"KOD","Kodiak Sciences Inc","11.4","$420.8M","2018","Health Care","Biotechnology: Biological Products (No Diagnostic Substances)","https://www.nasdaq.com/symbol/kod",
"KOPN","Kopin Corporation","1.24","$104.33M","1992","Technology","Semiconductors","https://www.nasdaq.com/symbol/kopn",
"KRNT","Kornit Digital Ltd.","27.47","$1.11B","2015","Capital Goods","Industrial Machinery/Components","https://www.nasdaq.com/symbol/krnt",
"KOSS","Koss Corporation","2.05","$15.18M","n/a","Consumer Non-Durables","Consumer Electronics/Appliances","https://www.nasdaq.com/symbol/koss",
"KWEB","KraneShares Trust KraneShares CSI China Internet ETF","42.21","$143.51M","n/a","n/a","n/a","https://www.nasdaq.com/symbol/kweb",
"KTOS","Kratos Defense & Security Solutions, Inc.","21.85","$2.31B","n/a","Capital Goods","Military/Government/Technical","https://www.nasdaq.com/symbol/ktos",
"KRYS","Krystal Biotech, Inc.","40.31","$582.22M","2017","Health Care","Biotechnology: Biological Products (No Diagnostic Substances)","https://www.nasdaq.com/symbol/krys",
"KLIC","Kulicke and Soffa Industries, Inc.","21.81","$1.42B","n/a","Technology","Semiconductors","https://www.nasdaq.com/symbol/klic",
"KURA","Kura Oncology, Inc.","19.55","$746.51M","n/a","Health Care","Major Pharmaceuticals","https://www.nasdaq.com/symbol/kura",
"KVHI","KVH Industries, Inc.","10.29","$183.98M","1996","Technology","Radio And Television Broadcasting And Communications Equipment","https://www.nasdaq.com/symbol/kvhi",
"FSTR","L.B. Foster Company","24","$253.95M","n/a","Basic Industries","Metal Fabrications","https://www.nasdaq.com/symbol/fstr",
"LJPC","La Jolla Pharmaceutical Company","8.49","$230.07M","1994","Health Care","Biotechnology: Biological Products (No Diagnostic Substances)","https://www.nasdaq.com/symbol/ljpc",
"LSBK","Lake Shore Bancorp, Inc.","14.85","$88.8M","n/a","Finance","Savings Institutions","https://www.nasdaq.com/symbol/lsbk",
"LBAI","Lakeland Bancorp, Inc.","15.5","$781.84M","n/a","Finance","Major Banks","https://www.nasdaq.com/symbol/lbai",
"LKFN","Lakeland Financial Corporation","45.38","$1.16B","n/a","Finance","Major Banks","https://www.nasdaq.com/symbol/lkfn",
"LAKE","Lakeland Industries, Inc.","11.07","$88.71M","1986","Health Care","Industrial Specialties","https://www.nasdaq.com/symbol/lake",
"LRCX","Lam Research Corporation","175.82","$26.36B","1984","Technology","Industrial Machinery/Components","https://www.nasdaq.com/symbol/lrcx",
"LAMR","Lamar Advertising Company","80.98","$6.93B","1996","Consumer Services","Real Estate Investment Trusts","https://www.nasdaq.com/symbol/lamr",
"LANC","Lancaster Colony Corporation","147.21","$4.05B","n/a","Consumer Non-Durables","Packaged Foods","https://www.nasdaq.com/symbol/lanc",
"LCA","Landcadia Holdings II, Inc.","9.72","$307.4M","2019","Finance","Business Services","https://www.nasdaq.com/symbol/lca",
"LCAHU","Landcadia Holdings II, Inc.","9.99","$249.75M","2019","Finance","Business Services","https://www.nasdaq.com/symbol/lcahu",
"LCAHW","Landcadia Holdings II, Inc.","0.85","n/a","2019","Finance","Business Services","https://www.nasdaq.com/symbol/lcahw",
"LNDC","Landec Corporation","9.56","$278.99M","1996","Consumer Non-Durables","Packaged Foods","https://www.nasdaq.com/symbol/lndc",
"LARK","Landmark Bancorp Inc.","23.51","$102.79M","n/a","Finance","Major Banks","https://www.nasdaq.com/symbol/lark",
"LMRK","Landmark Infrastructure Partners LP","16.25","$411.75M","2014","Consumer Services","Real Estate","https://www.nasdaq.com/symbol/lmrk",
"LMRKN","Landmark Infrastructure Partners LP","25.05","$50.1M","n/a","Consumer Services","Real Estate","https://www.nasdaq.com/symbol/lmrkn",
"LMRKO","Landmark Infrastructure Partners LP","25.131","$61.9M","n/a","Consumer Services","Real Estate","https://www.nasdaq.com/symbol/lmrko",
"LMRKP","Landmark Infrastructure Partners LP","25.42","$40.5M","n/a","Consumer Services","Real Estate","https://www.nasdaq.com/symbol/lmrkp",
"LE","Lands&#39; End, Inc.","12.12","$392.29M","n/a","Consumer Services","Clothing/Shoe/Accessory Stores","https://www.nasdaq.com/symbol/le",
"LSTR","Landstar System, Inc.","102.48","$4.12B","1993","Transportation","Trucking Freight/Courier Services","https://www.nasdaq.com/symbol/lstr",
"LNTH","Lantheus Holdings, Inc.","27.76","$1.08B","2015","Health Care","Biotechnology: In Vitro & In Vivo Diagnostic Substances","https://www.nasdaq.com/symbol/lnth",
"LTRX","Lantronix, Inc.","3.23","$72.55M","2000","Technology","Computer Communications Equipment","https://www.nasdaq.com/symbol/ltrx",
"LSCC","Lattice Semiconductor Corporation","13.65","$1.8B","n/a","Technology","Semiconductors","https://www.nasdaq.com/symbol/lscc",
"LAUR","Laureate Education, Inc.","14.89","$3.34B","2017","Consumer Services","Other Consumer Services","https://www.nasdaq.com/symbol/laur",
"LAWS","Lawson Products, Inc.","34.04","$305.3M","n/a","Consumer Durables","Industrial Specialties","https://www.nasdaq.com/symbol/laws",
"LAZY","Lazydays Holdings, Inc.","5.35","$45.32M","n/a","Consumer Durables","Automotive Aftermarket","https://www.nasdaq.com/symbol/lazy",
"LCNB","LCNB Corporation","18.57","$247.14M","n/a","Finance","Major Banks","https://www.nasdaq.com/symbol/lcnb",
"LPTX","LEAP THERAPEUTICS, INC.","1.65","$37.87M","n/a","Health Care","Major Pharmaceuticals","https://www.nasdaq.com/symbol/lptx",
"LEGH","Legacy Housing Corporation","12.31","$304.34M","2018","Basic Industries","Homebuilding","https://www.nasdaq.com/symbol/legh",
"LGCY","Legacy Reserves Inc.","0.0684","$7.85M","2007","Energy","Oil & Gas Production","https://www.nasdaq.com/symbol/lgcy",
"LTXB","LegacyTexas Financial Group, Inc.","39.49","$1.93B","n/a","Finance","Savings Institutions","https://www.nasdaq.com/symbol/ltxb",
"INFR","Legg Mason Global Infrastructure ETF","31.2682","$37.52M","n/a","n/a","n/a","https://www.nasdaq.com/symbol/infr",
"LVHD","Legg Mason Low Volatility High Dividend ETF","32.17","$669.14M","n/a","n/a","n/a","https://www.nasdaq.com/symbol/lvhd",
"SQLV","Legg Mason Small-Cap Quality Value ETF","25.245","$3.79M","n/a","n/a","n/a","https://www.nasdaq.com/symbol/sqlv",
"LACQ","Leisure Acquisition Corp.","10.17","$254.25M","2017","Finance","Business Services","https://www.nasdaq.com/symbol/lacq",
"LACQU","Leisure Acquisition Corp.","10.47","n/a","2017","Finance","Business Services","https://www.nasdaq.com/symbol/lacqu",
"LACQW","Leisure Acquisition Corp.","0.65","n/a","2017","Finance","Business Services","https://www.nasdaq.com/symbol/lacqw",
"LMAT","LeMaitre Vascular, Inc.","27.56","$542.14M","2006","Health Care","Medical/Dental Instruments","https://www.nasdaq.com/symbol/lmat",
"TREE","LendingTree, Inc.","405.57","$5.22B","n/a","Finance","Finance: Consumer Services","https://www.nasdaq.com/symbol/tree",
"LEVL","Level One Bancorp, Inc.","23.61","$183.01M","2018","Finance","Major Banks","https://www.nasdaq.com/symbol/levl",
"LXRX","Lexicon Pharmaceuticals, Inc.","5.75","$611.06M","n/a","Health Care","Major Pharmaceuticals","https://www.nasdaq.com/symbol/lxrx",
"LX","LexinFintech Holdings Ltd.","11.25","$1.98B","2017","Finance","Finance: Consumer Services","https://www.nasdaq.com/symbol/lx",
"LFAC","LF Capital Acquistion Corp.","10.15","$196.97M","2018","Finance","Business Services","https://www.nasdaq.com/symbol/lfac",
"LFACU","LF Capital Acquistion Corp.","10.4","n/a","2018","Finance","Business Services","https://www.nasdaq.com/symbol/lfacu",
"LFACW","LF Capital Acquistion Corp.","0.31","n/a","2018","Finance","Business Services","https://www.nasdaq.com/symbol/lfacw",
"LGIH","LGI Homes, Inc.","68.97","$1.58B","2013","Capital Goods","Homebuilding","https://www.nasdaq.com/symbol/lgih",
"LHCG","LHC Group","116.08","$3.66B","2005","Health Care","Medical/Nursing Services","https://www.nasdaq.com/symbol/lhcg",
"LLIT","Lianluo Smart Limited","1.07","$19.05M","n/a","Health Care","Medical/Dental Instruments","https://www.nasdaq.com/symbol/llit",
"LBRDA","Liberty Broadband Corporation","100.17","$18.17B","n/a","Consumer Services","Television Services","https://www.nasdaq.com/symbol/lbrda",
"LBRDK","Liberty Broadband Corporation","101.65","$15.52B","n/a","Consumer Services","Television Services","https://www.nasdaq.com/symbol/lbrdk",
"LEXEA","Liberty Expedia Holdings, Inc.","46.57","$2.67B","n/a","Consumer Services","Other Consumer Services","https://www.nasdaq.com/symbol/lexea",
"LEXEB","Liberty Expedia Holdings, Inc.","42.56","$2.44B","n/a","Consumer Services","Other Consumer Services","https://www.nasdaq.com/symbol/lexeb",
"LBTYA","Liberty Global plc","26.25","$19.36B","n/a","Consumer Services","Television Services","https://www.nasdaq.com/symbol/lbtya",
"LBTYB","Liberty Global plc","24.8","$18.29B","n/a","Consumer Services","Television Services","https://www.nasdaq.com/symbol/lbtyb",
"LBTYK","Liberty Global plc","25.67","$18.94B","n/a","Consumer Services","Television Services","https://www.nasdaq.com/symbol/lbtyk",
"LILA","Liberty Latin America Ltd.","18.08","$879.54M","n/a","Consumer Services","Television Services","https://www.nasdaq.com/symbol/lila",
"LILAK","Liberty Latin America Ltd.","18.15","$2.37B","n/a","Consumer Services","Television Services","https://www.nasdaq.com/symbol/lilak",
"BATRA","Liberty Media Corporation","26.93","$1.37B","n/a","Consumer Services","Broadcasting","https://www.nasdaq.com/symbol/batra",
"BATRK","Liberty Media Corporation","26.96","$1.38B","n/a","Consumer Services","Broadcasting","https://www.nasdaq.com/symbol/batrk",
"FWONA","Liberty Media Corporation","35.19","$8.13B","n/a","Consumer Services","Broadcasting","https://www.nasdaq.com/symbol/fwona",
"FWONK","Liberty Media Corporation","36.49","$8.43B","n/a","Consumer Services","Broadcasting","https://www.nasdaq.com/symbol/fwonk",
"LSXMA","Liberty Media Corporation","37.13","$11.87B","n/a","Consumer Services","Broadcasting","https://www.nasdaq.com/symbol/lsxma",
"LSXMB","Liberty Media Corporation","36.94","$11.81B","n/a","Consumer Services","Broadcasting","https://www.nasdaq.com/symbol/lsxmb",
"LSXMK","Liberty Media Corporation","37.28","$11.92B","n/a","Consumer Services","Broadcasting","https://www.nasdaq.com/symbol/lsxmk",
"LTRPA","Liberty TripAdvisor Holdings, Inc.","11.71","$879.15M","n/a","Technology","EDP Services","https://www.nasdaq.com/symbol/ltrpa",
"LTRPB","Liberty TripAdvisor Holdings, Inc.","12.4931","$937.94M","n/a","Technology","EDP Services","https://www.nasdaq.com/symbol/ltrpb",
"LCUT","Lifetime Brands, Inc.","9.15","$191.44M","1991","Capital Goods","Industrial Machinery/Components","https://www.nasdaq.com/symbol/lcut",
"LFVN","Lifevantage Corporation","11.3","$162.04M","n/a","Health Care","Major Pharmaceuticals","https://www.nasdaq.com/symbol/lfvn",
"LWAY","Lifeway Foods, Inc.","3.74","$59.07M","n/a","Consumer Non-Durables","Packaged Foods","https://www.nasdaq.com/symbol/lway",
"LGND","Ligand Pharmaceuticals Incorporated","109.55","$2.15B","n/a","Health Care","Major Pharmaceuticals","https://www.nasdaq.com/symbol/lgnd",
"LTBR","Lightbridge Corporation","0.6362","$23.21M","n/a","Consumer Services","Professional Services","https://www.nasdaq.com/symbol/ltbr",
"LPTH","LightPath Technologies, Inc.","0.8925","$23.04M","1996","Technology","Semiconductors","https://www.nasdaq.com/symbol/lpth",
"LLEX","Lilis Energy, Inc.","0.6","$55.02M","n/a","Energy","Oil & Gas Production","https://www.nasdaq.com/symbol/llex",
"LMB","Limbach Holdings, Inc.","7.81","$59.69M","n/a","Basic Industries","Engineering & Construction","https://www.nasdaq.com/symbol/lmb",
"LLNW","Limelight Networks, Inc.","2.68","$307.89M","2007","Miscellaneous","Business Services","https://www.nasdaq.com/symbol/llnw",
"LMST","Limestone Bancorp, Inc.","15.06","$112.36M","n/a","Finance","Major Banks","https://www.nasdaq.com/symbol/lmst",
"LMNR","Limoneira Co","19.01","$337.86M","n/a","Consumer Non-Durables","Farming/Seeds/Milling","https://www.nasdaq.com/symbol/lmnr",
"LINC","Lincoln Educational Services Corporation","2.25","$56.78M","2005","Consumer Services","Other Consumer Services","https://www.nasdaq.com/symbol/linc",
"LECO","Lincoln Electric Holdings, Inc.","80.16","$5.03B","n/a","Technology","Industrial Machinery/Components","https://www.nasdaq.com/symbol/leco",
"LIND","Lindblad Expeditions Holdings Inc. ","17.06","$781.48M","2013","Consumer Services","Transportation Services","https://www.nasdaq.com/symbol/lind",
"LINDW","Lindblad Expeditions Holdings Inc. ","6.55","n/a","2013","Consumer Services","Transportation Services","https://www.nasdaq.com/symbol/lindw",
"LPCN","Lipocine Inc.","1.815","$39.16M","n/a","Health Care","Major Pharmaceuticals","https://www.nasdaq.com/symbol/lpcn",
"LIQT","LiqTech International, Inc.","9.55","$195.95M","n/a","Technology","Industrial Machinery/Components","https://www.nasdaq.com/symbol/liqt",
"YVR","Liquid Media Group Ltd.","1.8","$7.42M","n/a","Consumer Non-Durables","Beverages (Production/Distribution)","https://www.nasdaq.com/symbol/yvr",
"LQDA","Liquidia Technologies, Inc.","8.38","$156.22M","2018","Health Care","Biotechnology: Biological Products (No Diagnostic Substances)","https://www.nasdaq.com/symbol/lqda",
"LQDT","Liquidity Services, Inc.","5.94","$198.97M","2006","Miscellaneous","Business Services","https://www.nasdaq.com/symbol/lqdt",
"LFUS","Littelfuse, Inc.","173.18","$4.28B","n/a","Consumer Durables","Electrical Products","https://www.nasdaq.com/symbol/lfus",
"LIVN","LivaNova PLC","72.76","$3.52B","n/a","Health Care","Biotechnology: Electromedical & Electrotherapeutic Apparatus","https://www.nasdaq.com/symbol/livn",
"LOB","Live Oak Bancshares, Inc.","16.5","$663.03M","2015","Finance","Major Banks","https://www.nasdaq.com/symbol/lob",
"LIVE","Live Ventures Incorporated","6.98","$13.28M","n/a","Finance","Finance/Investors Services","https://www.nasdaq.com/symbol/live",
"LPSN","LivePerson, Inc.","27.18","$1.76B","2000","Technology","Computer Software: Prepackaged Software","https://www.nasdaq.com/symbol/lpsn",
"LIVX","LiveXLive Media, Inc.","4.35","$227.4M","n/a","Consumer Services","Restaurants","https://www.nasdaq.com/symbol/livx",
"LKQ","LKQ Corporation","26.27","$8.25B","n/a","Consumer Services","Motor Vehicles","https://www.nasdaq.com/symbol/lkq",
"LMFA","LM Funding America, Inc.","1.2131","$3.76M","2015","Finance","Finance: Consumer Services","https://www.nasdaq.com/symbol/lmfa",
"LMFAW","LM Funding America, Inc.","0.0196","n/a","2015","Finance","Finance: Consumer Services","https://www.nasdaq.com/symbol/lmfaw",
"LOGC","LogicBio Therapeutics, Inc.","11.88","$267.23M","2018","Health Care","Biotechnology: Biological Products (No Diagnostic Substances)","https://www.nasdaq.com/symbol/logc",
"LOGI","Logitech International S.A.","38.21","$6.37B","1997","Technology","Computer peripheral equipment","https://www.nasdaq.com/symbol/logi",
"LOGM","LogMein, Inc.","70.11","$3.49B","2009","Technology","Computer Software: Prepackaged Software","https://www.nasdaq.com/symbol/logm",
"CNCR","Loncar Cancer Immunotherapy ETF","20.7019","$38.3M","n/a","n/a","n/a","https://www.nasdaq.com/symbol/cncr",
"CHNA","Loncar China BioPharma ETF","22","$3.3M","n/a","n/a","n/a","https://www.nasdaq.com/symbol/chna",
"LONE","Lonestar Resources US Inc.","2.44","$60.83M","n/a","Energy","Oil & Gas Production","https://www.nasdaq.com/symbol/lone",
"LOAC","Longevity Acquisition Corporation","10.1","$53.23M","2018","Finance","Business Services","https://www.nasdaq.com/symbol/loac",
"LOACR","Longevity Acquisition Corporation","0.2","n/a","2018","Finance","Business Services","https://www.nasdaq.com/symbol/loacr",
"LOACU","Longevity Acquisition Corporation","10.32","n/a","2018","Finance","Business Services","https://www.nasdaq.com/symbol/loacu",
"LOACW","Longevity Acquisition Corporation","0.15","n/a","2018","Finance","Business Services","https://www.nasdaq.com/symbol/loacw",
"LOOP","Loop Industries, Inc.","9.32","$363.19M","n/a","Basic Industries","Major Chemicals","https://www.nasdaq.com/symbol/loop",
"LORL","Loral Space and Communications, Inc.","33.83","$1.05B","n/a","Technology","Radio And Television Broadcasting And Communications Equipment","https://www.nasdaq.com/symbol/lorl",
"LPLA","LPL Financial Holdings Inc.","77.18","$6.44B","2010","Finance","Investment Bankers/Brokers/Service","https://www.nasdaq.com/symbol/lpla",
"LRAD","LRAD Corporation","3.15","$102.6M","n/a","Consumer Non-Durables","Consumer Electronics/Appliances","https://www.nasdaq.com/symbol/lrad",
"LYTS","LSI Industries Inc.","3.46","$89.74M","1985","Consumer Durables","Building Products","https://www.nasdaq.com/symbol/lyts",
"LK","Luckin Coffee Inc.","18.05","$4.25B","2019","Consumer Services","Restaurants","https://www.nasdaq.com/symbol/lk",
"LULU","lululemon athletica inc.","177.26","$23.09B","2007","Consumer Non-Durables","Apparel","https://www.nasdaq.com/symbol/lulu",
"LITE","Lumentum Holdings Inc.","48.3","$3.69B","n/a","Capital Goods","Telecommunications Equipment","https://www.nasdaq.com/symbol/lite",
"LMNX","Luminex Corporation","20.24","$910.34M","2000","Health Care","Medical/Dental Instruments","https://www.nasdaq.com/symbol/lmnx",
"LUNA","Luna Innovations Incorporated","4.22","$118.78M","2006","Health Care","Biotechnology: Commercial Physical & Biological Resarch","https://www.nasdaq.com/symbol/luna",
"LKCO","Luokung Technology Corp","5.94","$1.18B","n/a","Technology","EDP Services","https://www.nasdaq.com/symbol/lkco",
"LBC","Luther Burbank Corporation","10.48","$590.21M","2003","Finance","Major Banks","https://www.nasdaq.com/symbol/lbc",
"LYFT","Lyft, Inc.","64.04","$18.61B","2019","Miscellaneous","Business Services","https://www.nasdaq.com/symbol/lyft",
"MBTF","M B T Financial Corp","9.95","$229.22M","n/a","Finance","Major Banks","https://www.nasdaq.com/symbol/mbtf",
"MCBC","Macatawa Bank Corporation","9.91","$337.37M","n/a","Finance","Major Banks","https://www.nasdaq.com/symbol/mcbc",
"MFNC","Mackinac Financial Corporation","15.85","$170.24M","n/a","Finance","Major Banks","https://www.nasdaq.com/symbol/mfnc",
"MTSI","MACOM Technology Solutions Holdings, Inc.","13.53","$888.93M","2012","Technology","Semiconductors","https://www.nasdaq.com/symbol/mtsi",
"MGNX","MacroGenics, Inc.","16.42","$801.39M","2013","Health Care","Major Pharmaceuticals","https://www.nasdaq.com/symbol/mgnx",
"MDGL","Madrigal Pharmaceuticals, Inc.","98.61","$1.52B","n/a","Health Care","Major Pharmaceuticals","https://www.nasdaq.com/symbol/mdgl",
"MAGS","Magal Security Systems Ltd.","4.65","$107.62M","1993","Capital Goods","Telecommunications Equipment","https://www.nasdaq.com/symbol/mags",
"MGLN","Magellan Health, Inc.","65.76","$1.58B","n/a","Health Care","Hospital/Nursing Management","https://www.nasdaq.com/symbol/mgln",
"MGTA","Magenta Therapeutics, Inc.","14.8","$581.56M","2018","Health Care","Major Pharmaceuticals","https://www.nasdaq.com/symbol/mgta",
"MGIC","Magic Software Enterprises Ltd.","8.89","$434.64M","1991","Technology","Computer Software: Prepackaged Software","https://www.nasdaq.com/symbol/mgic",
"MGYR","Magyar Bancorp, Inc.","12.1465","$70.7M","n/a","Finance","Savings Institutions","https://www.nasdaq.com/symbol/mgyr",
"MHLD","Maiden Holdings, Ltd.","0.68","$56.47M","n/a","Finance","Property-Casualty Insurers","https://www.nasdaq.com/symbol/mhld",
"MNSB","MainStreet Bancshares, Inc.","21.49","$177.3M","n/a","Finance","Major Banks","https://www.nasdaq.com/symbol/mnsb",
"MJCO","Majesco","8.47","$363.5M","n/a","Technology","Computer Software: Prepackaged Software","https://www.nasdaq.com/symbol/mjco",
"MMYT","MakeMyTrip Limited","24.94","$1.48B","2010","Consumer Services","Transportation Services","https://www.nasdaq.com/symbol/mmyt",
"MBUU","Malibu Boats, Inc.","36.42","$759.4M","2014","Capital Goods","Marine Transportation","https://www.nasdaq.com/symbol/mbuu",
"MLVF","Malvern Bancorp, Inc.","20.65","$160.74M","n/a","Finance","Savings Institutions","https://www.nasdaq.com/symbol/mlvf",
"MAMS","MAM Software Group, Inc.","9.6","$121.1M","n/a","Technology","Computer Software: Prepackaged Software","https://www.nasdaq.com/symbol/mams",
"TUSK","Mammoth Energy Services, Inc.","6.61","$296.63M","2016","Energy","Oilfield Services/Equipment","https://www.nasdaq.com/symbol/tusk",
"MANH","Manhattan Associates, Inc.","66.88","$4.32B","1998","Technology","Computer Software: Prepackaged Software","https://www.nasdaq.com/symbol/manh",
"LOAN","Manhattan Bridge Capital, Inc","6.26","$60.47M","n/a","Consumer Services","Real Estate Investment Trusts","https://www.nasdaq.com/symbol/loan",
"MNTX","Manitex International, Inc.","5.3","$104.32M","n/a","Technology","Industrial Machinery/Components","https://www.nasdaq.com/symbol/mntx",
"MTEX","Mannatech, Incorporated","16.667","$39.92M","n/a","Consumer Durables","Specialty Chemicals","https://www.nasdaq.com/symbol/mtex",
"MNKD","MannKind Corporation","1.12","$210.32M","2004","Health Care","Major Pharmaceuticals","https://www.nasdaq.com/symbol/mnkd",
"MANT","ManTech International Corporation","64.85","$1.73B","2002","Consumer Services","Other Consumer Services","https://www.nasdaq.com/symbol/mant",
"MARA","Marathon Patent Group, Inc.","2.67","$17.05M","n/a","Miscellaneous","Multi-Sector Companies","https://www.nasdaq.com/symbol/mara",
"MCHX","Marchex, Inc.","4.24","$179.59M","2004","Miscellaneous","Business Services","https://www.nasdaq.com/symbol/mchx",
"MRIN","Marin Software Incorporated","2.67","$16.04M","n/a","Technology","EDP Services","https://www.nasdaq.com/symbol/mrin",
"MARPS","Marine Petroleum Trust","2.24","$4.48M","n/a","Energy","Oil & Gas Production","https://www.nasdaq.com/symbol/marps",
"MRNS","Marinus Pharmaceuticals, Inc.","3.67","$192.88M","2014","Health Care","Major Pharmaceuticals","https://www.nasdaq.com/symbol/mrns",
"MRKR","Marker Therapeutics, Inc.","7.64","$347.5M","n/a","Health Care","Major Pharmaceuticals","https://www.nasdaq.com/symbol/mrkr",
"MKTX","MarketAxess Holdings, Inc.","319.04","$12.03B","2004","Finance","Investment Bankers/Brokers/Service","https://www.nasdaq.com/symbol/mktx",
"MRLN","Marlin Business Services Corp.","22.8","$281.56M","2003","Finance","Major Banks","https://www.nasdaq.com/symbol/mrln",
"MAR","Marriott International","133.28","$44.38B","n/a","Consumer Services","Hotels/Resorts","https://www.nasdaq.com/symbol/mar",
"MBII","Marrone Bio Innovations, Inc.","1.4","$155.01M","2013","Basic Industries","Agricultural Chemicals","https://www.nasdaq.com/symbol/mbii",
"MRTN","Marten Transport, Ltd.","16.78","$916.36M","1986","Transportation","Trucking Freight/Courier Services","https://www.nasdaq.com/symbol/mrtn",
"MMLP","Martin Midstream Partners L.P.","6.87","$268.27M","2002","Energy","Oil Refining/Marketing","https://www.nasdaq.com/symbol/mmlp",
"MRVL","Marvell Technology Group Ltd.","23.41","$15.47B","2000","Technology","Semiconductors","https://www.nasdaq.com/symbol/mrvl",
"MASI","Masimo Corporation","144.4","$7.7B","2007","Health Care","Biotechnology: Electromedical & Electrotherapeutic Apparatus","https://www.nasdaq.com/symbol/masi",
"MCFT","MasterCraft Boat Holdings, Inc.","19.97","$373.92M","2015","Capital Goods","Marine Transportation","https://www.nasdaq.com/symbol/mcft",
"MTCH","Match Group, Inc.","67.11","$18.87B","2015","Technology","Computer Software: Programming, Data Processing","https://www.nasdaq.com/symbol/mtch",
"MTLS","Materialise NV","17.98","$950.98M","2014","Technology","Computer Software: Prepackaged Software","https://www.nasdaq.com/symbol/mtls",
"MTRX","Matrix Service Company","19.39","$519.79M","1990","Basic Industries","Engineering & Construction","https://www.nasdaq.com/symbol/mtrx",
"MAT","Mattel, Inc.","10.43","$3.6B","n/a","Consumer Non-Durables","Recreational Products/Toys","https://www.nasdaq.com/symbol/mat",
"MATW","Matthews International Corporation","33.77","$1.07B","1994","Capital Goods","Metal Fabrications","https://www.nasdaq.com/symbol/matw",
"MXIM","Maxim Integrated Products, Inc.","57.67","$15.71B","1988","Technology","Semiconductors","https://www.nasdaq.com/symbol/mxim",
"MGRC","McGrath RentCorp","60.5","$1.47B","1984","Technology","Diversified Commercial Services","https://www.nasdaq.com/symbol/mgrc",
"MDCA","MDC Partners Inc.","2.55","$183.35M","n/a","Technology","Advertising","https://www.nasdaq.com/symbol/mdca",
"MDJH","MDJM LTD","2.99","$34.75M","2019","Finance","Real Estate","https://www.nasdaq.com/symbol/mdjh",
"MDRR","Medalist Diversified REIT, Inc.","4.41","$19.78M","2018","Consumer Services","Real Estate Investment Trusts","https://www.nasdaq.com/symbol/mdrr",
"MFIN","Medallion Financial Corp.","6.35","$156.21M","n/a","Finance","Finance: Consumer Services","https://www.nasdaq.com/symbol/mfin",
"MFINL","Medallion Financial Corp.","26.25","n/a","n/a","Finance","Finance: Consumer Services","https://www.nasdaq.com/symbol/mfinl",
"MNOV","MediciNova, Inc.","9.41","$405.21M","n/a","Health Care","Major Pharmaceuticals","https://www.nasdaq.com/symbol/mnov",
"MDSO","Medidata Solutions, Inc.","90.7","$5.65B","2009","Technology","Computer Software: Prepackaged Software","https://www.nasdaq.com/symbol/mdso",
"MDGS","Medigus Ltd.","2.3","$8.73M","n/a","Health Care","Medical/Dental Instruments","https://www.nasdaq.com/symbol/mdgs",
"MDGSW","Medigus Ltd.","0.5297","n/a","n/a","Health Care","Medical/Dental Instruments","https://www.nasdaq.com/symbol/mdgsw",
"MDWD","MediWound Ltd.","3.2","$86.97M","2014","Consumer Durables","Specialty Chemicals","https://www.nasdaq.com/symbol/mdwd",
"MEDP","Medpace Holdings, Inc.","62.1","$2.22B","2016","Health Care","Biotechnology: Commercial Physical & Biological Resarch","https://www.nasdaq.com/symbol/medp",
"MEIP","MEI Pharma, Inc.","2.59","$184.64M","n/a","Health Care","Major Pharmaceuticals","https://www.nasdaq.com/symbol/meip",
"MGTX","MeiraGTx Holdings plc","22.98","$766.21M","2018","Health Care","Biotechnology: Biological Products (No Diagnostic Substances)","https://www.nasdaq.com/symbol/mgtx",
"MLCO","Melco Resorts & Entertainment Limited","21.37","$9.83B","n/a","Consumer Services","Hotels/Resorts","https://www.nasdaq.com/symbol/mlco",
"MLNT","Melinta Therapeutics, Inc.","5.96","$70.21M","2012","Health Care","Major Pharmaceuticals","https://www.nasdaq.com/symbol/mlnt",
"MLNX","Mellanox Technologies, Ltd.","111","$6.08B","2007","Technology","Semiconductors","https://www.nasdaq.com/symbol/mlnx",
"MELR","Melrose Bancorp, Inc.","17.92","$43.73M","2014","Finance","Major Banks","https://www.nasdaq.com/symbol/melr",
"MNLO","Menlo Therapeutics Inc.","6.02","$144.09M","2018","Health Care","Major Pharmaceuticals","https://www.nasdaq.com/symbol/mnlo",
"MTSL","MER Telemanagement Solutions Ltd.","1.01","$3.33M","1997","Public Utilities","Telecommunications Equipment","https://www.nasdaq.com/symbol/mtsl",
"MELI","MercadoLibre, Inc.","614.54","$30.31B","2007","Miscellaneous","Business Services","https://www.nasdaq.com/symbol/meli",
"MBWM","Mercantile Bank Corporation","31.66","$519.95M","1998","Finance","Major Banks","https://www.nasdaq.com/symbol/mbwm",
"MERC","Mercer International Inc.","14.78","$963.22M","n/a","Basic Industries","Paper","https://www.nasdaq.com/symbol/merc",
"MBIN","Merchants Bancorp","15.64","$448.93M","2017","Finance","Major Banks","https://www.nasdaq.com/symbol/mbin",
"MBINP","Merchants Bancorp","26.82","$53.64M","n/a","Finance","Major Banks","https://www.nasdaq.com/symbol/mbinp",
"MRCY","Mercury Systems Inc","66.77","$3.7B","1998","Capital Goods","Electrical Products","https://www.nasdaq.com/symbol/mrcy",
"MREO","Mereo BioPharma Group plc","2.65","$65.68M","n/a","Health Care","Major Pharmaceuticals","https://www.nasdaq.com/symbol/mreo",
"EBSB","Meridian Bancorp, Inc.","17.11","$916.11M","n/a","Finance","Major Banks","https://www.nasdaq.com/symbol/ebsb",
"VIVO","Meridian Bioscience Inc.","11.39","$485.54M","1986","Health Care","Biotechnology: In Vitro & In Vivo Diagnostic Substances","https://www.nasdaq.com/symbol/vivo",
"MRBK","Meridian Corporation","16.99","$108.85M","2017","n/a","n/a","https://www.nasdaq.com/symbol/mrbk",
"MMSI","Merit Medical Systems, Inc.","58.85","$3.24B","n/a","Health Care","Medical/Dental Instruments","https://www.nasdaq.com/symbol/mmsi",
"MACK","Merrimack Pharmaceuticals, Inc.","5.78","$77.12M","2012","Health Care","Major Pharmaceuticals","https://www.nasdaq.com/symbol/mack",
"MRSN","Mersana Therapeutics, Inc.","4.27","$203.75M","2017","Health Care","Major Pharmaceuticals","https://www.nasdaq.com/symbol/mrsn",
"MRUS","Merus N.V.","13.89","$324.74M","2016","Health Care","Major Pharmaceuticals","https://www.nasdaq.com/symbol/mrus",
"MESA","Mesa Air Group, Inc.","9.6","$276.34M","2018","Transportation","Air Freight/Delivery Services","https://www.nasdaq.com/symbol/mesa",
"MLAB","Mesa Laboratories, Inc.","238.6","$930.8M","n/a","Capital Goods","Industrial Machinery/Components","https://www.nasdaq.com/symbol/mlab",
"MESO","Mesoblast Limited","5.6","$554.54M","2015","Health Care","Biotechnology: Biological Products (No Diagnostic Substances)","https://www.nasdaq.com/symbol/meso",
"CASH","Meta Financial Group, Inc.","27.47","$1.08B","1993","Finance","Savings Institutions","https://www.nasdaq.com/symbol/cash",
"MEOH","Methanex Corporation","44.63","$3.42B","n/a","Basic Industries","Major Chemicals","https://www.nasdaq.com/symbol/meoh",
"MGEE","MGE Energy Inc.","75.26","$2.61B","n/a","Energy","Electric Utilities: Central","https://www.nasdaq.com/symbol/mgee",
"MGPI","MGP Ingredients, Inc.","61.07","$1.04B","n/a","Consumer Non-Durables","Beverages (Production/Distribution)","https://www.nasdaq.com/symbol/mgpi",
"MBOT","Microbot Medical Inc. ","4.9181","$21.19M","n/a","Health Care","Biotechnology: Biological Products (No Diagnostic Substances)","https://www.nasdaq.com/symbol/mbot",
"MCHP","Microchip Technology Incorporated","83.94","$19.97B","1993","Technology","Semiconductors","https://www.nasdaq.com/symbol/mchp",
"MU","Micron Technology, Inc.","32.68","$36.17B","n/a","Technology","Semiconductors","https://www.nasdaq.com/symbol/mu",
"MSFT","Microsoft Corporation","133.43","$1022.45B","1986","Technology","Computer Software: Prepackaged Software","https://www.nasdaq.com/symbol/msft",
"MSTR","MicroStrategy Incorporated","140.16","$1.44B","1998","Technology","Computer Software: Prepackaged Software","https://www.nasdaq.com/symbol/mstr",
"MVIS","Microvision, Inc.","0.755","$78.16M","1996","Capital Goods","Industrial Machinery/Components","https://www.nasdaq.com/symbol/mvis",
"MICT","MICT, Inc.","0.8201","$9.03M","n/a","Capital Goods","Electrical Products","https://www.nasdaq.com/symbol/mict",
"MPB","Mid Penn Bancorp","23.75","$200.98M","n/a","Finance","Major Banks","https://www.nasdaq.com/symbol/mpb",
"MTP","Midatech Pharma PLC","1.35","$276.34M","n/a","Health Care","Major Pharmaceuticals","https://www.nasdaq.com/symbol/mtp",
"MCEP","Mid-Con Energy Partners, LP","0.4499","$13.85M","2011","Energy","Oil & Gas Production","https://www.nasdaq.com/symbol/mcep",
"MBCN","Middlefield Banc Corp.","39.64","$129.1M","n/a","Finance","Major Banks","https://www.nasdaq.com/symbol/mbcn",
"MSEX","Middlesex Water Company","60.06","$989.1M","n/a","Public Utilities","Water Supply","https://www.nasdaq.com/symbol/msex",
"MSBI","Midland States Bancorp, Inc.","26.15","$629.26M","2016","Finance","Major Banks","https://www.nasdaq.com/symbol/msbi",
"MSVB","Mid-Southern Bancorp, Inc.","12.74","$45.42M","2018","Finance","Savings Institutions","https://www.nasdaq.com/symbol/msvb",
"MOFG","MidWestOne Financial Group, Inc.","26.19","$425.91M","n/a","Finance","Major Banks","https://www.nasdaq.com/symbol/mofg",
"MIST","Milestone Pharmaceuticals Inc.","22.25","$544.92M","2019","Health Care","Major Pharmaceuticals","https://www.nasdaq.com/symbol/mist",
"MLND","Millendo Therapeutics, Inc. ","11.71","$156.75M","n/a","Health Care","Major Pharmaceuticals","https://www.nasdaq.com/symbol/mlnd",
"TIGO","Millicom International Cellular S.A.","55.56","$5.62B","n/a","Public Utilities","Telecommunications Equipment","https://www.nasdaq.com/symbol/tigo",
"MIME","Mimecast Limited","45.01","$2.76B","2015","Technology","Computer Software: Prepackaged Software","https://www.nasdaq.com/symbol/mime",
"MNDO","MIND C.T.I. Ltd.","2.16","$42.8M","n/a","Technology","EDP Services","https://www.nasdaq.com/symbol/mndo",
"NERV","Minerva Neurosciences, Inc","5.57","$217.37M","2014","Health Care","Major Pharmaceuticals","https://www.nasdaq.com/symbol/nerv",
"MGEN","Miragen Therapeutics, Inc.","2.32","$71.76M","2014","Health Care","Medical Specialities","https://www.nasdaq.com/symbol/mgen",
"MRTX","Mirati Therapeutics, Inc.","102.14","$3.68B","n/a","Health Care","Major Pharmaceuticals","https://www.nasdaq.com/symbol/mrtx",
"MSON","MISONIX, Inc.","24.88","$239.87M","1992","Capital Goods","Medical Specialities","https://www.nasdaq.com/symbol/mson",
"MIND","Mitcham Industries, Inc.","3.89","$47.18M","1994","Technology","Diversified Commercial Services","https://www.nasdaq.com/symbol/mind",
"MINDP","Mitcham Industries, Inc.","24.4","$19.47M","n/a","Technology","Diversified Commercial Services","https://www.nasdaq.com/symbol/mindp",
"MITK","Mitek Systems, Inc.","9.52","$379.35M","n/a","Technology","Computer peripheral equipment","https://www.nasdaq.com/symbol/mitk",
"MKSI","MKS Instruments, Inc.","73.55","$4B","1999","Capital Goods","Industrial Machinery/Components","https://www.nasdaq.com/symbol/mksi",
"MMAC","MMA Capital Holdings, Inc.","34","$200.07M","n/a","Finance","Real Estate","https://www.nasdaq.com/symbol/mmac",
"MTC","MMTec, Inc.","10.3313","$207.35M","2019","n/a","n/a","https://www.nasdaq.com/symbol/mtc",
"MINI","Mobile Mini, Inc.","29.6","$1.33B","1994","Capital Goods","Metal Fabrications","https://www.nasdaq.com/symbol/mini",
"MOBL","MobileIron, Inc.","5.69","$618.63M","2014","Technology","Computer Software: Prepackaged Software","https://www.nasdaq.com/symbol/mobl",
"MMDM","Modern Media Acquisition Corp.","11.58","$230.82M","2017","Consumer Services","Broadcasting","https://www.nasdaq.com/symbol/mmdm",
"MMDMR","Modern Media Acquisition Corp.","0.3232","n/a","2017","Consumer Services","Broadcasting","https://www.nasdaq.com/symbol/mmdmr",
"MMDMU","Modern Media Acquisition Corp.","11.99","n/a","2017","Consumer Services","Broadcasting","https://www.nasdaq.com/symbol/mmdmu",
"MMDMW","Modern Media Acquisition Corp.","0.29","n/a","2017","Consumer Services","Broadcasting","https://www.nasdaq.com/symbol/mmdmw",
"MRNA","Moderna, Inc.","13.77","$4.53B","2018","Health Care","Biotechnology: Biological Products (No Diagnostic Substances)","https://www.nasdaq.com/symbol/mrna",
"MOGO","Mogo Finance Technology Inc.","3.62","$85.69M","n/a","Finance","Finance: Consumer Services","https://www.nasdaq.com/symbol/mogo",
"MWK","Mohawk Group Holdings, Inc.","7.07","$124.01M","2019","Consumer Durables","Home Furnishings","https://www.nasdaq.com/symbol/mwk",
"MTEM","Molecular Templates, Inc.","7.85","$288.64M","n/a","Health Care","Major Pharmaceuticals","https://www.nasdaq.com/symbol/mtem",
"MBRX","Moleculin Biotech, Inc.","1.2","$54.23M","2016","Health Care","Major Pharmaceuticals","https://www.nasdaq.com/symbol/mbrx",
"MNTA","Momenta Pharmaceuticals, Inc.","12.09","$1.19B","2004","Health Care","Biotechnology: Biological Products (No Diagnostic Substances)","https://www.nasdaq.com/symbol/mnta",
"MOMO","Momo Inc.","33.31","$6.91B","2014","Technology","Computer Software: Prepackaged Software","https://www.nasdaq.com/symbol/momo",
"MKGI","Monaker Group, Inc.","3","$32.14M","n/a","Consumer Services","Transportation Services","https://www.nasdaq.com/symbol/mkgi",
"MCRI","Monarch Casino & Resort, Inc.","41.85","$752.7M","1993","Consumer Services","Hotels/Resorts","https://www.nasdaq.com/symbol/mcri",
"MDLZ","Mondelez International, Inc.","55.48","$79.92B","n/a","Consumer Non-Durables","Packaged Foods","https://www.nasdaq.com/symbol/mdlz",
"MGI","Moneygram International, Inc.","2.29","$142.15M","n/a","Miscellaneous","Business Services","https://www.nasdaq.com/symbol/mgi",
"MDB","MongoDB, Inc.","158.59","$8.77B","2017","Technology","Computer Software: Prepackaged Software","https://www.nasdaq.com/symbol/mdb",
"MNCL","Monocle Acquisition Corporation","9.9","$220.57M","2019","Finance","Business Services","https://www.nasdaq.com/symbol/mncl",
"MNCLU","Monocle Acquisition Corporation","10.28","n/a","2019","Finance","Business Services","https://www.nasdaq.com/symbol/mnclu",
"MNCLW","Monocle Acquisition Corporation","0.35","n/a","2019","Finance","Business Services","https://www.nasdaq.com/symbol/mnclw",
"MPWR","Monolithic Power Systems, Inc.","124.25","$5.35B","2004","Technology","Semiconductors","https://www.nasdaq.com/symbol/mpwr",
"TYPE","Monotype Imaging Holdings Inc.","16.95","$701.28M","2007","Technology","EDP Services","https://www.nasdaq.com/symbol/type",
"MNRO","Monro, Inc. ","83.51","$2.77B","1991","Consumer Services","Automotive Aftermarket","https://www.nasdaq.com/symbol/mnro",
"MRCC","Monroe Capital Corporation","11.43","$233.68M","2012","n/a","n/a","https://www.nasdaq.com/symbol/mrcc",
"MRCCL","Monroe Capital Corporation","25.15","n/a","n/a","n/a","n/a","https://www.nasdaq.com/symbol/mrccl",
"MNST","Monster Beverage Corporation","63.33","$34.42B","n/a","Consumer Non-Durables","Beverages (Production/Distribution)","https://www.nasdaq.com/symbol/mnst",
"MORN","Morningstar, Inc.","141.19","$6.02B","2005","Finance","Investment Managers","https://www.nasdaq.com/symbol/morn",
"MOR","MorphoSys AG","24.79","$3.13B","2018","Health Care","Major Pharmaceuticals","https://www.nasdaq.com/symbol/mor",
"MOSY","MoSys, Inc.","0.1831","$7.9M","2001","Technology","Semiconductors","https://www.nasdaq.com/symbol/mosy",
"MTFB","Motif Bio plc","0.72","$12.33M","2016","Health Care","Major Pharmaceuticals","https://www.nasdaq.com/symbol/mtfb",
"MTFBW","Motif Bio plc","0.0509","n/a","2016","Health Care","Major Pharmaceuticals","https://www.nasdaq.com/symbol/mtfbw",
"MPAA","Motorcar Parts of America, Inc.","18.03","$339.13M","n/a","Capital Goods","Auto Parts:O.E.M.","https://www.nasdaq.com/symbol/mpaa",
"MOTS","Motus GI Holdings, Inc.","3.59","$77.01M","2018","Health Care","Medical/Dental Instruments","https://www.nasdaq.com/symbol/mots",
"MPVD","Mountain Province Diamonds Inc.","1.07","$224.82M","n/a","Basic Industries","Precious Metals","https://www.nasdaq.com/symbol/mpvd",
"MOXC","Moxian, Inc.","2.695","$36.31M","n/a","Technology","Computer Software: Programming, Data Processing","https://www.nasdaq.com/symbol/moxc",
"COOP","Mr. Cooper Group Inc.","7.22","$657.33M","n/a","Finance","Finance: Consumer Services","https://www.nasdaq.com/symbol/coop",
"MSBF","MSB Financial Corp.","15.5","$83.19M","n/a","Finance","Savings Institutions","https://www.nasdaq.com/symbol/msbf",
"MTBC","MTBC, Inc.","4.68","$56.29M","2014","Technology","Computer Software: Prepackaged Software","https://www.nasdaq.com/symbol/mtbc",
"MTBCP","MTBC, Inc.","27.8424","$18.77M","n/a","Technology","Computer Software: Prepackaged Software","https://www.nasdaq.com/symbol/mtbcp",
"MTSC","MTS Systems Corporation","57.03","$1.02B","n/a","Capital Goods","Industrial Machinery/Components","https://www.nasdaq.com/symbol/mtsc",
"MUDS","Mudrick Capital Acquisition Corporation","10.165","$264.29M","2018","Finance","Business Services","https://www.nasdaq.com/symbol/muds",
"MUDSU","Mudrick Capital Acquisition Corporation","10.47","n/a","2018","Finance","Business Services","https://www.nasdaq.com/symbol/mudsu",
"MUDSW","Mudrick Capital Acquisition Corporation","0.48","n/a","2018","Finance","Business Services","https://www.nasdaq.com/symbol/mudsw",
"LABL","Multi-Color Corporation","49.97","$1.03B","1987","Miscellaneous","Publishing","https://www.nasdaq.com/symbol/labl",
"MBIO","Mustang Bio, Inc.","3.43","$138.09M","n/a","Health Care","Major Pharmaceuticals","https://www.nasdaq.com/symbol/mbio",
"MFSF","MutualFirst Financial Inc.","31.4","$270.59M","n/a","Finance","Major Banks","https://www.nasdaq.com/symbol/mfsf",
"MVBF","MVB Financial Corp.","16.71","$194.52M","n/a","Finance","Major Banks","https://www.nasdaq.com/symbol/mvbf",
"MYSZ","My Size, Inc.","0.661","$19.75M","n/a","Technology","Computer Software: Prepackaged Software","https://www.nasdaq.com/symbol/mysz",
"MYL","Mylan N.V.","18.65","$9.61B","n/a","Health Care","Major Pharmaceuticals","https://www.nasdaq.com/symbol/myl",
"MYND","MYnd Analytics, Inc.","1.18","$14.99M","n/a","Health Care","Hospital/Nursing Management","https://www.nasdaq.com/symbol/mynd",
"MYNDW","MYnd Analytics, Inc.","0.1003","n/a","n/a","Health Care","Hospital/Nursing Management","https://www.nasdaq.com/symbol/myndw",
"MYOK","MyoKardia, Inc.","45.79","$2.11B","2015","Health Care","Major Pharmaceuticals","https://www.nasdaq.com/symbol/myok",
"MYOS","MYOS RENS Technology Inc.","1.65","$15.13M","n/a","Health Care","Major Pharmaceuticals","https://www.nasdaq.com/symbol/myos",
"MYRG","MYR Group, Inc.","35.43","$588.49M","n/a","Basic Industries","Water Supply","https://www.nasdaq.com/symbol/myrg",
"MYGN","Myriad Genetics, Inc.","22.67","$1.66B","1995","Health Care","Biotechnology: In Vitro & In Vivo Diagnostic Substances","https://www.nasdaq.com/symbol/mygn",
"NBRV","Nabriva Therapeutics plc","2.11","$153.57M","2015","Health Care","Major Pharmaceuticals","https://www.nasdaq.com/symbol/nbrv",
"NAKD","Naked Brand Group Limited","0.2347","$13.96M","n/a","Consumer Non-Durables","Apparel","https://www.nasdaq.com/symbol/nakd",
"NNDM","Nano Dimension Ltd.","0.465","$16.6M","n/a","Technology","Electrical Products","https://www.nasdaq.com/symbol/nndm",
"NANO","Nanometrics Incorporated","33.51","$827.29M","1984","Capital Goods","Industrial Machinery/Components","https://www.nasdaq.com/symbol/nano",
"NSTG","NanoString Technologies, Inc.","26.25","$919.99M","2013","Health Care","Biotechnology: Biological Products (No Diagnostic Substances)","https://www.nasdaq.com/symbol/nstg",
"NAOV","NanoVibronix, Inc.","3.06","$12.59M","n/a","Health Care","Industrial Specialties","https://www.nasdaq.com/symbol/naov",
"NH","NantHealth, Inc.","0.5833","$64.12M","2016","Technology","EDP Services","https://www.nasdaq.com/symbol/nh",
"NK","NantKwest, Inc.","1.1","$108.54M","2015","Health Care","Biotechnology: Biological Products (No Diagnostic Substances)","https://www.nasdaq.com/symbol/nk",
"NSSC","NAPCO Security Technologies, Inc.","28.18","$520.62M","n/a","Capital Goods","Telecommunications Equipment","https://www.nasdaq.com/symbol/nssc",
"NDAQ","Nasdaq, Inc.","98","$16.24B","n/a","Finance","Investment Bankers/Brokers/Service","https://www.nasdaq.com/symbol/ndaq",
"NTRA","Natera, Inc.","26.08","$1.82B","2015","Health Care","Medical Specialities","https://www.nasdaq.com/symbol/ntra",
"NATH","Nathan&#39;s Famous, Inc.","72.23","$304.14M","1993","Consumer Services","Restaurants","https://www.nasdaq.com/symbol/nath",
"NKSH","National Bankshares, Inc.","37.46","$243.7M","n/a","Finance","Major Banks","https://www.nasdaq.com/symbol/nksh",
"FIZZ","National Beverage Corp.","43.16","$2.01B","n/a","Consumer Non-Durables","Beverages (Production/Distribution)","https://www.nasdaq.com/symbol/fizz",
"NCMI","National CineMedia, Inc.","6.37","$503.02M","2007","Consumer Services","Advertising","https://www.nasdaq.com/symbol/ncmi",
"NESR","National Energy Services Reunited Corp.","8.72","$757.74M","2017","Energy","Oilfield Services/Equipment","https://www.nasdaq.com/symbol/nesr",
"NESRW","National Energy Services Reunited Corp.","0.8","n/a","2017","Energy","Oilfield Services/Equipment","https://www.nasdaq.com/symbol/nesrw",
"NGHC","National General Holdings Corp","23.41","$2.65B","n/a","Finance","Property-Casualty Insurers","https://www.nasdaq.com/symbol/nghc",
"NGHCN","National General Holdings Corp","24.71","$4.94M","n/a","Finance","Property-Casualty Insurers","https://www.nasdaq.com/symbol/nghcn",
"NGHCO","National General Holdings Corp","24.7399","$4.08M","n/a","Finance","Property-Casualty Insurers","https://www.nasdaq.com/symbol/nghco",
"NGHCP","National General Holdings Corp","25.02","$55.04M","n/a","Finance","Property-Casualty Insurers","https://www.nasdaq.com/symbol/nghcp",
"NGHCZ","National General Holdings Corp","25.82","n/a","n/a","Finance","Property-Casualty Insurers","https://www.nasdaq.com/symbol/nghcz",
"NHLD","National Holdings Corporation","2.65","$34.18M","n/a","Finance","Investment Bankers/Brokers/Service","https://www.nasdaq.com/symbol/nhld",
"NHLDW","National Holdings Corporation","0.2","n/a","n/a","Finance","Investment Bankers/Brokers/Service","https://www.nasdaq.com/symbol/nhldw",
"NATI","National Instruments Corporation","39.97","$5.27B","1995","Technology","Computer Software: Prepackaged Software","https://www.nasdaq.com/symbol/nati",
"NRC","National Research Corporation","54.44","$1.35B","n/a","Health Care","Biotechnology: Commercial Physical & Biological Resarch","https://www.nasdaq.com/symbol/nrc",
"NSEC","National Security Group, Inc.","12.41","$31.36M","n/a","Finance","Life Insurance","https://www.nasdaq.com/symbol/nsec",
"EYE","National Vision Holdings, Inc.","30.85","$2.41B","2017","Health Care","Ophthalmic Goods","https://www.nasdaq.com/symbol/eye",
"NWLI","National Western Life Group, Inc.","253.13","$920.39M","n/a","Finance","Life Insurance","https://www.nasdaq.com/symbol/nwli",
"NAII","Natural Alternatives International, Inc.","11.6","$84.2M","n/a","Consumer Durables","Specialty Chemicals","https://www.nasdaq.com/symbol/naii",
"NHTC","Natural Health Trends Corp.","7.87","$88.34M","n/a","Consumer Durables","Consumer Specialties","https://www.nasdaq.com/symbol/nhtc",
"NATR","Nature&#39;s Sunshine Products, Inc.","8.49","$163.63M","n/a","Health Care","Major Pharmaceuticals","https://www.nasdaq.com/symbol/natr",
"BABY","Natus Medical Incorporated","24.7","$839.94M","2001","Health Care","Biotechnology: Electromedical & Electrotherapeutic Apparatus","https://www.nasdaq.com/symbol/baby",
"JSM","Navient Corporation","20.74","n/a","n/a","Finance","Finance: Consumer Services","https://www.nasdaq.com/symbol/jsm",
"NAVI","Navient Corporation","12.97","$3.11B","n/a","Finance","Investment Bankers/Brokers/Service","https://www.nasdaq.com/symbol/navi",
"NMCI","Navios Maritime Containers L.P.","1.87","$64.71M","n/a","Transportation","Marine Transportation","https://www.nasdaq.com/symbol/nmci",
"NBTB","NBT Bancorp Inc.","36.04","$1.58B","n/a","Finance","Major Banks","https://www.nasdaq.com/symbol/nbtb",
"NCSM","NCS Multistage Holdings, Inc.","3.88","$181.08M","2017","Energy","Oilfield Services/Equipment","https://www.nasdaq.com/symbol/ncsm",
"NEBU","Nebula Acquisition Corporation","10.14","$348.56M","2018","Finance","Business Services","https://www.nasdaq.com/symbol/nebu",
"NEBUU","Nebula Acquisition Corporation","10.27","n/a","2018","Finance","Business Services","https://www.nasdaq.com/symbol/nebuu",
"NEBUW","Nebula Acquisition Corporation","0.9033","n/a","2018","Finance","Business Services","https://www.nasdaq.com/symbol/nebuw",
"NKTR","Nektar Therapeutics","34.62","$6.03B","n/a","Health Care","Major Pharmaceuticals","https://www.nasdaq.com/symbol/nktr",
"NMRD","Nemaura Medical Inc.","0.855","$177.83M","n/a","Health Care","Medical/Dental Instruments","https://www.nasdaq.com/symbol/nmrd",
"NEOG","Neogen Corporation","59.61","$3.11B","1989","Health Care","Biotechnology: In Vitro & In Vivo Diagnostic Substances","https://www.nasdaq.com/symbol/neog",
"NEO","NeoGenomics, Inc.","22.58","$2.16B","n/a","Health Care","Precision Instruments","https://www.nasdaq.com/symbol/neo",
"NTGN","Neon Therapeutics, Inc.","4.64","$131.46M","2018","Health Care","Biotechnology: Biological Products (No Diagnostic Substances)","https://www.nasdaq.com/symbol/ntgn",
"NEON","Neonode Inc.","2.64","$23.23M","n/a","Capital Goods","Industrial Machinery/Components","https://www.nasdaq.com/symbol/neon",
"NEOS","Neos Therapeutics, Inc.","1.23","$61.16M","2015","Health Care","Major Pharmaceuticals","https://www.nasdaq.com/symbol/neos",
"NVCN","Neovasc Inc.","0.65","$45.93M","n/a","Health Care","Medical/Dental Instruments","https://www.nasdaq.com/symbol/nvcn",
"NEPT","Neptune Wellness Solutions Inc.","4.36","$354.58M","n/a","Health Care","Major Pharmaceuticals","https://www.nasdaq.com/symbol/nept",
"UEPS","Net 1 UEPS Technologies, Inc.","3.77","$214.2M","2005","Finance","Investment Bankers/Brokers/Service","https://www.nasdaq.com/symbol/ueps",
"NETE","Net Element, Inc.","4.3","$17.69M","n/a","Technology","EDP Services","https://www.nasdaq.com/symbol/nete",
"NTAP","NetApp, Inc.","60.96","$14.63B","1995","Technology","Electronic Components","https://www.nasdaq.com/symbol/ntap",
"NTES","NetEase, Inc.","254.6","$32.58B","n/a","Miscellaneous","Business Services","https://www.nasdaq.com/symbol/ntes",
"NFLX","Netflix, Inc.","360.3","$157.53B","2002","Consumer Services","Consumer Electronics/Video Chains","https://www.nasdaq.com/symbol/nflx",
"NTGR","NETGEAR, Inc.","24.75","$779.42M","2003","Public Utilities","Telecommunications Equipment","https://www.nasdaq.com/symbol/ntgr",
"NTCT","NetScout Systems, Inc.","24.45","$1.89B","1999","Technology","EDP Services","https://www.nasdaq.com/symbol/ntct",
"NTWK","NetSol Technologies Inc.","5.56","$64.9M","n/a","Technology","Computer Software: Prepackaged Software","https://www.nasdaq.com/symbol/ntwk",
"CUR","Neuralstem, Inc.","0.2845","$5.69M","n/a","Health Care","Biotechnology: Biological Products (No Diagnostic Substances)","https://www.nasdaq.com/symbol/cur",
"NBIX","Neurocrine Biosciences, Inc.","80.83","$7.38B","1996","Health Care","Biotechnology: Biological Products (No Diagnostic Substances)","https://www.nasdaq.com/symbol/nbix",
"NURO","NeuroMetrix, Inc.","0.54","$4.76M","2004","Health Care","Medical/Dental Instruments","https://www.nasdaq.com/symbol/nuro",
"NUROW","NeuroMetrix, Inc.","0.025","n/a","n/a","Health Care","Medical/Dental Instruments","https://www.nasdaq.com/symbol/nurow",
"STIM","Neuronetics, Inc.","11.93","$218.42M","2018","Health Care","Medical/Dental Instruments","https://www.nasdaq.com/symbol/stim",
"NTRP","Neurotrope, Inc.","8.3","$107.46M","n/a","Health Care","Major Pharmaceuticals","https://www.nasdaq.com/symbol/ntrp",
"NBEV","New Age Beverages Corporation","4.38","$330.22M","n/a","Consumer Non-Durables","Beverages (Production/Distribution)","https://www.nasdaq.com/symbol/nbev",
"NFE","New Fortress Energy LLC","10.86","$1.82B","2019","Public Utilities","Oil/Gas Transmission","https://www.nasdaq.com/symbol/nfe",
"NYMT","New York Mortgage Trust, Inc.","6.13","$1.29B","n/a","Consumer Services","Real Estate Investment Trusts","https://www.nasdaq.com/symbol/nymt",
"NYMTN","New York Mortgage Trust, Inc.","24.6","$132.84M","n/a","Consumer Services","Real Estate Investment Trusts","https://www.nasdaq.com/symbol/nymtn",
"NYMTO","New York Mortgage Trust, Inc.","24.9898","$89.96M","n/a","Consumer Services","Real Estate Investment Trusts","https://www.nasdaq.com/symbol/nymto",
"NYMTP","New York Mortgage Trust, Inc.","24.6709","$74.01M","n/a","Finance","Finance: Consumer Services","https://www.nasdaq.com/symbol/nymtp",
"NEWA","Newater Technology, Inc.","5.6","$60.53M","2017","Basic Industries","Miscellaneous","https://www.nasdaq.com/symbol/newa",
"NWL","Newell Brands Inc.","14.85","$6.28B","n/a","Consumer Non-Durables","Plastic Products","https://www.nasdaq.com/symbol/nwl",
"NLNK","NewLink Genetics Corporation","1.56","$58.15M","2011","Health Care","Major Pharmaceuticals","https://www.nasdaq.com/symbol/nlnk",
"NMRK","Newmark Group, Inc.","8.74","$1.56B","2017","Finance","Real Estate","https://www.nasdaq.com/symbol/nmrk",
"NWS","News Corporation","13.66","$7.99B","n/a","Consumer Services","Newspapers/Magazines","https://www.nasdaq.com/symbol/nws",
"NWSA","News Corporation","13.25","$7.75B","n/a","Consumer Services","Newspapers/Magazines","https://www.nasdaq.com/symbol/nwsa",
"NEWT","Newtek Business Services Corp.","22.31","$426.46M","n/a","n/a","n/a","https://www.nasdaq.com/symbol/newt",
"NEWTI","Newtek Business Services Corp.","25.7","n/a","n/a","n/a","n/a","https://www.nasdaq.com/symbol/newti",
"NEWTZ","Newtek Business Services Corp.","26.6184","n/a","n/a","n/a","n/a","https://www.nasdaq.com/symbol/newtz",
"NXST","Nexstar Media Group, Inc.","98.52","$4.54B","2003","Consumer Services","Broadcasting","https://www.nasdaq.com/symbol/nxst",
"NXTC","NextCure, Inc.","14.34","$325.73M","2019","Health Care","Major Pharmaceuticals","https://www.nasdaq.com/symbol/nxtc",
"NEXT","NextDecade Corporation","6.09","$670.58M","2015","Public Utilities","Oil & Gas Production","https://www.nasdaq.com/symbol/next",
"NXGN","NextGen Healthcare, Inc.","18.71","$1.21B","n/a","Technology","EDP Services","https://www.nasdaq.com/symbol/nxgn",
"BIMI","NF Energy Saving Corporation","2.35","$17.8M","n/a","Capital Goods","Metal Fabrications","https://www.nasdaq.com/symbol/bimi",
"NGM","NGM Biopharmaceuticals, Inc.","14.42","$952.04M","2019","Health Care","Major Pharmaceuticals","https://www.nasdaq.com/symbol/ngm",
"NODK","NI Holdings, Inc.","18.19","$403.99M","2017","Finance","Property-Casualty Insurers","https://www.nasdaq.com/symbol/nodk",
"EGOV","NIC Inc.","15.8","$1.06B","1999","Miscellaneous","Business Services","https://www.nasdaq.com/symbol/egov",
"NICE","NICE Ltd","138.07","$8.6B","n/a","Technology","Computer Manufacturing","https://www.nasdaq.com/symbol/nice",
"NICK","Nicholas Financial, Inc.","9","$71.19M","n/a","Finance","Finance Companies","https://www.nasdaq.com/symbol/nick",
"NCBS","Nicolet Bankshares Inc.","61.84","$581.12M","n/a","Finance","Major Banks","https://www.nasdaq.com/symbol/ncbs",
"NIHD","NII Holdings, Inc.","1.76","$178.78M","n/a","Public Utilities","Telecommunications Equipment","https://www.nasdaq.com/symbol/nihd",
"NIU","Niu Technologies","6.12","$454.94M","2018","Capital Goods","Auto Manufacturing","https://www.nasdaq.com/symbol/niu",
"LASR","nLIGHT, Inc.","18.08","$669.05M","2018","Technology","Semiconductors","https://www.nasdaq.com/symbol/lasr",
"NMIH","NMI Holdings Inc","27.73","$1.87B","2013","Finance","Property-Casualty Insurers","https://www.nasdaq.com/symbol/nmih",
"NNBR","NN, Inc.","8.84","$374.52M","1994","Capital Goods","Metal Fabrications","https://www.nasdaq.com/symbol/nnbr",
"NDLS","Noodles & Company","6.76","$297.08M","2013","Consumer Services","Restaurants","https://www.nasdaq.com/symbol/ndls",
"NDSN","Nordson Corporation","134.54","$7.73B","n/a","Capital Goods","Industrial Machinery/Components","https://www.nasdaq.com/symbol/ndsn",
"NSYS","Nortech Systems Incorporated","4.0166","$10.78M","n/a","Capital Goods","Industrial Machinery/Components","https://www.nasdaq.com/symbol/nsys",
"NBN","Northeast Bank","19.48","$176.13M","n/a","Finance","Major Banks","https://www.nasdaq.com/symbol/nbn",
"NTIC","Northern Technologies International Corporation","24.87","$112.85M","n/a","Capital Goods","Industrial Specialties","https://www.nasdaq.com/symbol/ntic",
"NTRS","Northern Trust Corporation","85.76","$18.67B","n/a","Finance","Major Banks","https://www.nasdaq.com/symbol/ntrs",
"NTRSP","Northern Trust Corporation","25.52","$5.56B","n/a","Finance","Major Banks","https://www.nasdaq.com/symbol/ntrsp",
"NFBK","Northfield Bancorp, Inc.","15.07","$750.15M","n/a","Finance","Savings Institutions","https://www.nasdaq.com/symbol/nfbk",
"NRIM","Northrim BanCorp Inc","33.8","$231.53M","n/a","Finance","Savings Institutions","https://www.nasdaq.com/symbol/nrim",
"NWBI","Northwest Bancshares, Inc.","17.07","$1.81B","2009","Finance","Major Banks","https://www.nasdaq.com/symbol/nwbi",
"NWPX","Northwest Pipe Company","25.43","$247.56M","1995","Basic Industries","Steel/Iron Ore","https://www.nasdaq.com/symbol/nwpx",
"NCLH","Norwegian Cruise Line Holdings Ltd.","50.86","$10.96B","n/a","Consumer Services","Marine Transportation","https://www.nasdaq.com/symbol/nclh",
"NWFL","Norwood Financial Corp.","32.37","$203.57M","n/a","Finance","Major Banks","https://www.nasdaq.com/symbol/nwfl",
"NVFY","Nova Lifestyle, Inc","0.7446","$20.7M","n/a","Consumer Durables","Home Furnishings","https://www.nasdaq.com/symbol/nvfy",
"NVMI","Nova Measuring Instruments Ltd.","25.12","$702.48M","2000","Capital Goods","Electronic Components","https://www.nasdaq.com/symbol/nvmi",
"NOVN","Novan, Inc.","2.68","$69.87M","2016","Health Care","Major Pharmaceuticals","https://www.nasdaq.com/symbol/novn",
"NOVT","Novanta Inc.","90.49","$3.17B","n/a","Miscellaneous","Industrial Machinery/Components","https://www.nasdaq.com/symbol/novt",
"NVAX","Novavax, Inc.","5.62","$131.92M","n/a","Health Care","Biotechnology: Biological Products (No Diagnostic Substances)","https://www.nasdaq.com/symbol/nvax",
"NVLN","Novelion Therapeutics Inc. ","0.8229","$15.25M","n/a","Health Care","Major Pharmaceuticals","https://www.nasdaq.com/symbol/nvln",
"NVCR","NovoCure Limited","57.43","$5.5B","2015","Health Care","Medical/Dental Instruments","https://www.nasdaq.com/symbol/nvcr",
"NVUS","Novus Therapeutics, Inc.","1","$12.9M","2014","Health Care","Major Pharmaceuticals","https://www.nasdaq.com/symbol/nvus",
"NUAN","Nuance Communications, Inc.","15.76","$4.57B","n/a","Technology","Computer Software: Prepackaged Software","https://www.nasdaq.com/symbol/nuan",
"NCNA","NuCana plc","10.51","$338.8M","2017","Health Care","Major Pharmaceuticals","https://www.nasdaq.com/symbol/ncna",
"NTNX","Nutanix, Inc.","24.72","$4.6B","2016","Technology","Computer Software: Prepackaged Software","https://www.nasdaq.com/symbol/ntnx",
"NUVA","NuVasive, Inc.","57.5","$2.98B","2004","Health Care","Medical/Dental Instruments","https://www.nasdaq.com/symbol/nuva",
"NVTR","Nuvectra Corporation","3.24","$57.67M","n/a","Health Care","Medical/Dental Instruments","https://www.nasdaq.com/symbol/nvtr",
"QQQX","Nuveen NASDAQ 100 Dynamic Overwrite Fund","21.69","$845.21M","n/a","n/a","n/a","https://www.nasdaq.com/symbol/qqqx",
"NVEE","NV5 Global, Inc.","79.74","$1B","2013","Consumer Services","Other Consumer Services","https://www.nasdaq.com/symbol/nvee",
"NVEC","NVE Corporation","69.19","$335.3M","n/a","Technology","Semiconductors","https://www.nasdaq.com/symbol/nvec",
"NVDA","NVIDIA Corporation","151.48","$92.25B","1999","Technology","Semiconductors","https://www.nasdaq.com/symbol/nvda",
"NXPI","NXP Semiconductors N.V.","95.11","$27.12B","2010","Technology","Semiconductors","https://www.nasdaq.com/symbol/nxpi",
"NXTD","NXT-ID Inc.","0.761","$22.24M","n/a","Consumer Services","Diversified Commercial Services","https://www.nasdaq.com/symbol/nxtd",
"NXTDW","NXT-ID Inc.","0.0313","n/a","n/a","Consumer Services","Diversified Commercial Services","https://www.nasdaq.com/symbol/nxtdw",
"NYMX","Nymox Pharmaceutical Corporation","1.68","$114.12M","n/a","Health Care","Biotechnology: In Vitro & In Vivo Diagnostic Substances","https://www.nasdaq.com/symbol/nymx",
"OIIM","O2Micro International Limited","1.4032","$37.07M","n/a","Technology","Semiconductors","https://www.nasdaq.com/symbol/oiim",
"OVLY","Oak Valley Bancorp (CA)","19.29","$158.37M","n/a","Finance","Major Banks","https://www.nasdaq.com/symbol/ovly",
"OCSL","Oaktree Specialty Lending Corporation","5.33","$751.32M","n/a","n/a","n/a","https://www.nasdaq.com/symbol/ocsl",
"OCSLL","Oaktree Specialty Lending Corporation","25.35","n/a","n/a","n/a","n/a","https://www.nasdaq.com/symbol/ocsll",
"OCSI","Oaktree Strategic Income Corporation","8.4","$247.52M","n/a","n/a","n/a","https://www.nasdaq.com/symbol/ocsi",
"OASM","Oasmia Pharmaceutical AB","1.3328","$99.92M","2015","Health Care","Major Pharmaceuticals","https://www.nasdaq.com/symbol/oasm",
"OBLN","Obalon Therapeutics, Inc.","0.7955","$24.66M","2016","Health Care","Medical/Dental Instruments","https://www.nasdaq.com/symbol/obln",
"OBSV","ObsEva SA","11.55","$506.92M","2017","Health Care","Major Pharmaceuticals","https://www.nasdaq.com/symbol/obsv",
"OBCI","Ocean Bio-Chem, Inc.","3.5","$32.78M","n/a","Consumer Durables","Specialty Chemicals","https://www.nasdaq.com/symbol/obci",
"OPTT","Ocean Power Technologies, Inc.","1.92","$5.36M","2007","Public Utilities","Electric Utilities: Central","https://www.nasdaq.com/symbol/optt",
"OCFC","OceanFirst Financial Corp.","24.17","$1.24B","n/a","Finance","Savings Institutions","https://www.nasdaq.com/symbol/ocfc",
"OFED","Oconee Federal Financial Corp.","22.9","$131.66M","2011","Finance","Savings Institutions","https://www.nasdaq.com/symbol/ofed",
"OCUL","Ocular Therapeutix, Inc.","4.23","$181.2M","2014","Health Care","Major Pharmaceuticals","https://www.nasdaq.com/symbol/ocul",
"ODT","Odonate Therapeutics, Inc.","28.12","$752.12M","2017","Health Care","Major Pharmaceuticals","https://www.nasdaq.com/symbol/odt",
"OMEX","Odyssey Marine Exploration, Inc.","5.34","$49.25M","n/a","Consumer Services","Marine Transportation","https://www.nasdaq.com/symbol/omex",
"ODP","Office Depot, Inc.","1.83","$999.69M","n/a","Consumer Services","Other Specialty Stores","https://www.nasdaq.com/symbol/odp",
"OPI","Office Properties Income Trust","25.52","$1.23B","n/a","Finance","Real Estate","https://www.nasdaq.com/symbol/opi",
"OPINI","Office Properties Income Trust","24.69","n/a","n/a","Finance","Real Estate","https://www.nasdaq.com/symbol/opini",
"OFS","OFS Capital Corporation","11.87","$158.6M","n/a","n/a","n/a","https://www.nasdaq.com/symbol/ofs",
"OFSSL","OFS Capital Corporation","25.3165","n/a","n/a","n/a","n/a","https://www.nasdaq.com/symbol/ofssl",
"OFSSZ","OFS Capital Corporation","25.68","n/a","n/a","n/a","n/a","https://www.nasdaq.com/symbol/ofssz",
"OCCI","OFS Credit Company, Inc.","17.7079","$44.36M","2018","n/a","n/a","https://www.nasdaq.com/symbol/occi",
"OCCIP","OFS Credit Company, Inc.","25.3475","$20.28M","n/a","n/a","n/a","https://www.nasdaq.com/symbol/occip",
"OHAI","OHA Investment Corporation","1.08","$21.79M","n/a","n/a","n/a","https://www.nasdaq.com/symbol/ohai",
"OVBC","Ohio Valley Banc Corp.","36.61","$174.21M","n/a","Finance","Major Banks","https://www.nasdaq.com/symbol/ovbc",
"OHRP","Ohr Pharmaceutical, Inc.","3.55","$10.04M","n/a","Health Care","Major Pharmaceuticals","https://www.nasdaq.com/symbol/ohrp",
"OKTA","Okta, Inc.","121","$13.81B","2017","Technology","Computer Software: Prepackaged Software","https://www.nasdaq.com/symbol/okta",
"ODFL","Old Dominion Freight Line, Inc.","142.06","$11.5B","1991","Transportation","Trucking Freight/Courier Services","https://www.nasdaq.com/symbol/odfl",
"OLBK","Old Line Bancshares, Inc.","26.02","$443.37M","n/a","Finance","Major Banks","https://www.nasdaq.com/symbol/olbk",
"ONB","Old National Bancorp","16.24","$2.83B","n/a","Finance","Major Banks","https://www.nasdaq.com/symbol/onb",
"OPOF","Old Point Financial Corporation","22.29","$115.95M","n/a","Finance","Major Banks","https://www.nasdaq.com/symbol/opof",
"OSBC","Old Second Bancorp, Inc.","12.51","$374.01M","n/a","Finance","Major Banks","https://www.nasdaq.com/symbol/osbc",
"OSBCP","Old Second Bancorp, Inc.","10.8176","n/a","n/a","Finance","Major Banks","https://www.nasdaq.com/symbol/osbcp",
"OLLI","Ollie&#39;s Bargain Outlet Holdings, Inc.","86.55","$5.49B","2015","Consumer Services","Department/Specialty Retail Stores","https://www.nasdaq.com/symbol/olli",
"ZEUS","Olympic Steel, Inc.","12.7","$139.76M","1994","Basic Industries","Metal Fabrications","https://www.nasdaq.com/symbol/zeus",
"OFLX","Omega Flex, Inc.","75.1","$757.9M","n/a","Capital Goods","Industrial Specialties","https://www.nasdaq.com/symbol/oflx",
"OMER","Omeros Corporation","15.53","$761.87M","2009","Health Care","Major Pharmaceuticals","https://www.nasdaq.com/symbol/omer",
"OMCL","Omnicell, Inc.","86.39","$3.56B","2001","Technology","Computer Manufacturing","https://www.nasdaq.com/symbol/omcl",
"ON","ON Semiconductor Corporation","19.24","$7.93B","n/a","Technology","Semiconductors","https://www.nasdaq.com/symbol/on",
"OTIV","On Track Innovations Ltd","0.4211","$17.39M","n/a","Technology","Semiconductors","https://www.nasdaq.com/symbol/otiv",
"ONCY","Oncolytics Biotech Inc.","1.73","$35.12M","n/a","Health Care","Major Pharmaceuticals","https://www.nasdaq.com/symbol/oncy",
"ONTX","Onconova Therapeutics, Inc.","3.28","$19.68M","2013","Health Care","Major Pharmaceuticals","https://www.nasdaq.com/symbol/ontx",
"ONTXW","Onconova Therapeutics, Inc.","0.1498","n/a","n/a","Health Care","Major Pharmaceuticals","https://www.nasdaq.com/symbol/ontxw",
"ONCS","OncoSec Medical Incorporated","2.59","$27.5M","n/a","Health Care","Major Pharmaceuticals","https://www.nasdaq.com/symbol/oncs",
"ONCT","Oncternal Therapeutics, Inc. ","6.94","$23.85M","n/a","Health Care","Major Pharmaceuticals","https://www.nasdaq.com/symbol/onct",
"OSS","One Stop Systems, Inc.","1.75","$25.15M","2018","Technology","Computer Manufacturing","https://www.nasdaq.com/symbol/oss",
"OSPN","OneSpan Inc.","13.82","$555.76M","n/a","Technology","EDP Services","https://www.nasdaq.com/symbol/ospn",
"OSW","OneSpaWorld Holdings Limited","15.4","$941.22M","n/a","Consumer Services","Hotels/Resorts","https://www.nasdaq.com/symbol/osw",
"OPBK","OP Bancorp","9.9","$155M","2018","Finance","Major Banks","https://www.nasdaq.com/symbol/opbk",
"OTEX","Open Text Corporation","40.89","$11.03B","1996","Technology","EDP Services","https://www.nasdaq.com/symbol/otex",
"OPRA","Opera Limited","10.45","$1.14B","2018","n/a","n/a","https://www.nasdaq.com/symbol/opra",
"OPES","Opes Acquisition Corp.","10.3","$152.65M","2018","Finance","Business Services","https://www.nasdaq.com/symbol/opes",
"OPESU","Opes Acquisition Corp.","10.41","n/a","2018","Finance","Business Services","https://www.nasdaq.com/symbol/opesu",
"OPESW","Opes Acquisition Corp.","0.24","n/a","2018","Finance","Business Services","https://www.nasdaq.com/symbol/opesw",
"OPGN","OpGen, Inc.","0.4184","$7.38M","2015","Health Care","Medical Specialities","https://www.nasdaq.com/symbol/opgn",
"OPGNW","OpGen, Inc.","0.1927","n/a","2015","Health Care","Medical Specialities","https://www.nasdaq.com/symbol/opgnw",
"OPNT","Opiant Pharmaceuticals, Inc.","13.23","$52.86M","n/a","Basic Industries","Precious Metals","https://www.nasdaq.com/symbol/opnt",
"OPK","Opko Health, Inc.","2","$1.23B","n/a","Health Care","Major Pharmaceuticals","https://www.nasdaq.com/symbol/opk",
"OBAS","Optibase Ltd.","12.25","$63.9M","1999","Finance","Real Estate","https://www.nasdaq.com/symbol/obas",
"OCC","Optical Cable Corporation","3.99","$29.77M","n/a","Basic Industries","Telecommunications Equipment","https://www.nasdaq.com/symbol/occ",
"OPRX","OptimizeRx Corporation","14.7","$177.8M","n/a","Miscellaneous","Business Services","https://www.nasdaq.com/symbol/oprx",
"OPHC","OptimumBank Holdings, Inc.","3.5819","$6.66M","n/a","Finance","Major Banks","https://www.nasdaq.com/symbol/ophc",
"OPTN","OptiNose, Inc.","7.13","$294.22M","2017","Health Care","Major Pharmaceuticals","https://www.nasdaq.com/symbol/optn",
"OPB","Opus Bank","20.9","$753.62M","2014","n/a","n/a","https://www.nasdaq.com/symbol/opb",
"ORMP","Oramed Pharmaceuticals Inc.","3.55","$61.7M","n/a","Health Care","Major Pharmaceuticals","https://www.nasdaq.com/symbol/ormp",
"OSUR","OraSure Technologies, Inc.","8.76","$540.38M","n/a","Health Care","Medical/Dental Instruments","https://www.nasdaq.com/symbol/osur",
"ORBC","ORBCOMM Inc.","7.13","$568.08M","2006","Consumer Services","Telecommunications Equipment","https://www.nasdaq.com/symbol/orbc",
"ORTX","Orchard Therapeutics plc","13.36","$1.15B","2018","Health Care","Biotechnology: Biological Products (No Diagnostic Substances)","https://www.nasdaq.com/symbol/ortx",
"ORLY","O&#39;Reilly Automotive, Inc.","374.46","$29.31B","1993","Consumer Services","Other Specialty Stores","https://www.nasdaq.com/symbol/orly",
"OGI","Organigram Holdings Inc.","6.05","$947.32M","n/a","Health Care","Major Pharmaceuticals","https://www.nasdaq.com/symbol/ogi",
"ORGO","Organogenesis Holdings Inc. ","7.34","$670.26M","2016","Health Care","Major Pharmaceuticals","https://www.nasdaq.com/symbol/orgo",
"ONVO","Organovo Holdings, Inc.","0.4222","$54.98M","n/a","Health Care","Biotechnology: Biological Products (No Diagnostic Substances)","https://www.nasdaq.com/symbol/onvo",
"ORGS","Orgenesis Inc.","4.27","$68.81M","n/a","Health Care","Major Pharmaceuticals","https://www.nasdaq.com/symbol/orgs",
"SEED","Origin Agritech Limited","5.81","$1.36M","n/a","Consumer Non-Durables","Farming/Seeds/Milling","https://www.nasdaq.com/symbol/seed",
"OBNK","Origin Bancorp, Inc.","33","$783.62M","2018","Finance","Major Banks","https://www.nasdaq.com/symbol/obnk",
"OESX","Orion Energy Systems, Inc.","2.76","$82.59M","2015","Consumer Durables","Building Products","https://www.nasdaq.com/symbol/oesx",
"ORIT","Oritani Financial Corp.","16.21","$730.8M","n/a","Finance","Major Banks","https://www.nasdaq.com/symbol/orit",
"ORRF","Orrstown Financial Services Inc","21.91","$207.75M","n/a","Finance","Major Banks","https://www.nasdaq.com/symbol/orrf",
"OFIX","Orthofix Medical Inc. ","52.57","$1B","1992","Health Care","Medical/Dental Instruments","https://www.nasdaq.com/symbol/ofix",
"KIDS","OrthoPediatrics Corp.","38.78","$578.74M","2017","Health Care","Medical/Dental Instruments","https://www.nasdaq.com/symbol/kids",
"OSIS","OSI Systems, Inc.","112.05","$2.03B","1997","Technology","Semiconductors","https://www.nasdaq.com/symbol/osis",
"OSMT","Osmotica Pharmaceuticals plc","3.41","$179.09M","2018","Health Care","Major Pharmaceuticals","https://www.nasdaq.com/symbol/osmt",
"OSN","Ossen Innovation Co., Ltd.","1.99","$13.13M","2010","Basic Industries","Steel/Iron Ore","https://www.nasdaq.com/symbol/osn",
"OTEL","Otelco Inc.","15.4892","$52.83M","n/a","Public Utilities","Telecommunications Equipment","https://www.nasdaq.com/symbol/otel",
"OTIC","Otonomy, Inc.","2.57","$78.86M","2014","Health Care","Major Pharmaceuticals","https://www.nasdaq.com/symbol/otic",
"OTTW","Ottawa Bancorp, Inc.","13.25","$44.08M","n/a","Finance","Savings Institutions","https://www.nasdaq.com/symbol/ottw",
"OTTR","Otter Tail Corporation","52.36","$2.08B","n/a","Public Utilities","Electric Utilities: Central","https://www.nasdaq.com/symbol/ottr",
"OTLK","Outlook Therapeutics, Inc.","2.05","$45.3M","2016","Health Care","Biotechnology: Biological Products (No Diagnostic Substances)","https://www.nasdaq.com/symbol/otlk",
"OTLKW","Outlook Therapeutics, Inc.","0.1123","n/a","2016","Health Care","Biotechnology: Biological Products (No Diagnostic Substances)","https://www.nasdaq.com/symbol/otlkw",
"OSTK","Overstock.com, Inc.","10.76","$379.57M","2002","Consumer Services","Catalog/Specialty Distribution","https://www.nasdaq.com/symbol/ostk",
"OVID","Ovid Therapeutics Inc.","1.82","$70.42M","2017","Health Care","Major Pharmaceuticals","https://www.nasdaq.com/symbol/ovid",
"OXBR","Oxbridge Re Holdings Limited","1.34","$7.68M","2014","Finance","Property-Casualty Insurers","https://www.nasdaq.com/symbol/oxbr",
"OXBRW","Oxbridge Re Holdings Limited","0.0746","n/a","2014","Finance","Property-Casualty Insurers","https://www.nasdaq.com/symbol/oxbrw",
"OXFD","Oxford Immunotec Global PLC","13.53","$360.21M","2013","Health Care","Biotechnology: In Vitro & In Vivo Diagnostic Substances","https://www.nasdaq.com/symbol/oxfd",
"OXLC","Oxford Lane Capital Corp.","10.16","$432.29M","2011","n/a","n/a","https://www.nasdaq.com/symbol/oxlc",
"OXLCM","Oxford Lane Capital Corp.","25.3073","$69.07M","n/a","n/a","n/a","https://www.nasdaq.com/symbol/oxlcm",
"OXLCO","Oxford Lane Capital Corp.","25.4368","$91.98M","n/a","n/a","n/a","https://www.nasdaq.com/symbol/oxlco",
"OXSQ","Oxford Square Capital Corp.","6.27","$298.77M","n/a","n/a","n/a","https://www.nasdaq.com/symbol/oxsq",
"OXSQL","Oxford Square Capital Corp.","25.57","n/a","n/a","n/a","n/a","https://www.nasdaq.com/symbol/oxsql",
"OXSQZ","Oxford Square Capital Corp.","25.02","n/a","n/a","n/a","n/a","https://www.nasdaq.com/symbol/oxsqz",
"PFIN","P & F Industries, Inc.","8.2","$25.86M","n/a","Technology","Industrial Machinery/Components","https://www.nasdaq.com/symbol/pfin",
"PTSI","P.A.M. Transportation Services, Inc.","57.5","$340.22M","1986","Transportation","Trucking Freight/Courier Services","https://www.nasdaq.com/symbol/ptsi",
"PCAR","PACCAR Inc.","71.3","$24.73B","n/a","Capital Goods","Auto Manufacturing","https://www.nasdaq.com/symbol/pcar",
"HERD","Pacer Cash Cows Fund of Funds ETF","24.1173","$2.41M","n/a","n/a","n/a","https://www.nasdaq.com/symbol/herd",
"ECOW","Pacer Emerging Markets Cash Cows 100 ETF","24.0006","$3.6M","n/a","n/a","n/a","https://www.nasdaq.com/symbol/ecow",
"VETS","Pacer Military Times Best Employers ETF","28.8189","$2.88M","n/a","n/a","n/a","https://www.nasdaq.com/symbol/vets",
"PACB","Pacific Biosciences of California, Inc.","6","$916.05M","2010","Capital Goods","Biotechnology: Laboratory Analytical Instruments","https://www.nasdaq.com/symbol/pacb",
"PCB","Pacific City Financial Corporation","17.13","$274.37M","2018","Finance","Major Banks","https://www.nasdaq.com/symbol/pcb",
"PEIX","Pacific Ethanol, Inc.","0.78","$38.9M","n/a","Basic Industries","Major Chemicals","https://www.nasdaq.com/symbol/peix",
"PMBC","Pacific Mercantile Bancorp","8.32","$183.19M","2000","Finance","Major Banks","https://www.nasdaq.com/symbol/pmbc",
"PPBI","Pacific Premier Bancorp Inc","29.72","$1.86B","n/a","Finance","Major Banks","https://www.nasdaq.com/symbol/ppbi",
"PCRX","Pacira BioSciences, Inc.","43.56","$1.8B","2011","Health Care","Major Pharmaceuticals","https://www.nasdaq.com/symbol/pcrx",
"PACW","PacWest Bancorp","37.83","$4.54B","n/a","Finance","Major Banks","https://www.nasdaq.com/symbol/pacw",
"PLMR","Palomar Holdings, Inc.","23.33","$547.53M","2019","Finance","Property-Casualty Insurers","https://www.nasdaq.com/symbol/plmr",
"PAAS","Pan American Silver Corp.","13.14","$2.02B","n/a","Basic Industries","Precious Metals","https://www.nasdaq.com/symbol/paas",
"PANL","Pangaea Logistics Solutions Ltd.","3.29","$146.29M","2013","Transportation","Marine Transportation","https://www.nasdaq.com/symbol/panl",
"PZZA","Papa John&#39;s International, Inc.","42.8","$1.36B","1993","Consumer Services","Restaurants","https://www.nasdaq.com/symbol/pzza",
"PRTK","Paratek Pharmaceuticals, Inc. ","3.76","$121.88M","n/a","Health Care","Major Pharmaceuticals","https://www.nasdaq.com/symbol/prtk",
"TEUM","Pareteum Corporation","2.51","$279.84M","n/a","Technology","EDP Services","https://www.nasdaq.com/symbol/teum",
"PNRL","Paringa Resources Limited","3.27","$30.17M","n/a","n/a","n/a","https://www.nasdaq.com/symbol/pnrl",
"PCYG","Park City Group, Inc.","5.49","$109.09M","n/a","Technology","EDP Services","https://www.nasdaq.com/symbol/pcyg",
"PKBK","Parke Bancorp, Inc.","23.37","$251.46M","n/a","Finance","Major Banks","https://www.nasdaq.com/symbol/pkbk",
"PKOH","Park-Ohio Holdings Corp.","31.3","$395.38M","n/a","Capital Goods","Industrial Specialties","https://www.nasdaq.com/symbol/pkoh",
"PTNR","Partner Communications Company Ltd.","4.19","$687.12M","n/a","Public Utilities","Telecommunications Equipment","https://www.nasdaq.com/symbol/ptnr",
"PBHC","Pathfinder Bancorp, Inc.","15","$70.41M","n/a","Finance","Major Banks","https://www.nasdaq.com/symbol/pbhc",
"PATK","Patrick Industries, Inc.","44.97","$1.07B","n/a","Basic Industries","Forest Products","https://www.nasdaq.com/symbol/patk",
"PNBK","Patriot National Bancorp Inc.","15.32","$60.08M","n/a","Finance","Specialty Insurers","https://www.nasdaq.com/symbol/pnbk",
"PATI","Patriot Transportation Holding, Inc.","18.31","$61.29M","n/a","Transportation","Trucking Freight/Courier Services","https://www.nasdaq.com/symbol/pati",
"PEGI","Pattern Energy Group Inc.","23.21","$2.29B","2013","Public Utilities","Electric Utilities: Central","https://www.nasdaq.com/symbol/pegi",
"PDCO","Patterson Companies, Inc.","24.2","$2.3B","1992","Health Care","Medical Specialities","https://www.nasdaq.com/symbol/pdco",
"PTEN","Patterson-UTI Energy, Inc.","11.82","$2.46B","1993","Energy","Oil & Gas Production","https://www.nasdaq.com/symbol/pten",
"PAVM","PAVmed Inc.","1.15","$36.08M","2016","Health Care","Medical/Dental Instruments","https://www.nasdaq.com/symbol/pavm",
"PAVMW","PAVmed Inc.","0.4017","n/a","2016","Health Care","Medical/Dental Instruments","https://www.nasdaq.com/symbol/pavmw",
"PAVMZ","PAVmed Inc.","0.42","n/a","n/a","Health Care","Medical/Dental Instruments","https://www.nasdaq.com/symbol/pavmz",
"PAYX","Paychex, Inc.","84.8","$30.48B","1983","Consumer Services","Diversified Commercial Services","https://www.nasdaq.com/symbol/payx",
"PCTY","Paylocity Holding Corporation","92.57","$4.9B","2014","Technology","Computer Software: Prepackaged Software","https://www.nasdaq.com/symbol/pcty",
"PYDS","Payment Data Systems, Inc.","3.15","$53.08M","n/a","Finance","Investment Bankers/Brokers/Service","https://www.nasdaq.com/symbol/pyds",
"PYPL","PayPal Holdings, Inc.","114.44","$134.46B","n/a","Miscellaneous","Business Services","https://www.nasdaq.com/symbol/pypl",
"PAYS","Paysign, Inc.","12.22","$571.06M","n/a","Miscellaneous","Business Services","https://www.nasdaq.com/symbol/pays",
"PBBI","PB Bancorp, Inc.","11.21","$83.48M","n/a","Finance","Savings Institutions","https://www.nasdaq.com/symbol/pbbi",
"CNXN","PC Connection, Inc.","33.79","$890.68M","n/a","Consumer Services","Catalog/Specialty Distribution","https://www.nasdaq.com/symbol/cnxn",
"PCIMU","PCI Media, Inc.","n/a","n/a","n/a","n/a","n/a","https://www.nasdaq.com/symbol/pcimu",
"PCMI","PCM, Inc.","35.09","$432.58M","n/a","Consumer Services","Catalog/Specialty Distribution","https://www.nasdaq.com/symbol/pcmi",
"PCSB","PCSB Financial Corporation","19.82","$352.88M","2017","Finance","Banks","https://www.nasdaq.com/symbol/pcsb",
"PCTI","PC-Tel, Inc.","4.58","$84.35M","1999","Technology","Radio And Television Broadcasting And Communications Equipment","https://www.nasdaq.com/symbol/pcti",
"PDCE","PDC Energy, Inc.","34.16","$2.26B","n/a","Energy","Oil & Gas Production","https://www.nasdaq.com/symbol/pdce",
"PDFS","PDF Solutions, Inc.","12.56","$407.3M","2001","Technology","Computer Software: Prepackaged Software","https://www.nasdaq.com/symbol/pdfs",
"PDLI","PDL BioPharma, Inc.","3.08","$371.62M","1992","Health Care","Biotechnology: Biological Products (No Diagnostic Substances)","https://www.nasdaq.com/symbol/pdli",
"PDLB","PDL Community Bancorp","14","$255.19M","2017","Finance","Savings Institutions","https://www.nasdaq.com/symbol/pdlb",
"PDSB","PDS Biotechnology Corporation","5.83","$30.18M","2015","Health Care","Major Pharmaceuticals","https://www.nasdaq.com/symbol/pdsb",
"ATEX","pdvWireless, Inc.","46.68","$689.14M","2015","Public Utilities","Telecommunications Equipment","https://www.nasdaq.com/symbol/atex",
"SKIS","Peak Resorts, Inc.","3.87","$58.69M","2014","Consumer Services","Hotels/Resorts","https://www.nasdaq.com/symbol/skis",
"PGC","Peapack-Gladstone Financial Corporation","27.38","$532.44M","n/a","Finance","Commercial Banks","https://www.nasdaq.com/symbol/pgc",
"PEGA","Pegasystems Inc.","70.51","$5.56B","1996","Technology","EDP Services","https://www.nasdaq.com/symbol/pega",
"PENN","Penn National Gaming, Inc.","17.92","$2.1B","1994","Consumer Services","Hotels/Resorts","https://www.nasdaq.com/symbol/penn",
"PVAC","Penn Virginia Corporation","28.02","$423.26M","n/a","Energy","Oil & Gas Production","https://www.nasdaq.com/symbol/pvac",
"PFLT","PennantPark Floating Rate Capital Ltd.","11.46","$444.33M","n/a","n/a","n/a","https://www.nasdaq.com/symbol/pflt",
"PNNT","PennantPark Investment Corporation","6.23","$417.69M","2007","n/a","n/a","https://www.nasdaq.com/symbol/pnnt",
"PWOD","Penns Woods Bancorp, Inc.","40.66","$190.79M","n/a","Finance","Major Banks","https://www.nasdaq.com/symbol/pwod",
"WRLS","Pensare Acquisition Corp.","10.36","$333.43M","2017","Finance","Business Services","https://www.nasdaq.com/symbol/wrls",
"WRLSR","Pensare Acquisition Corp.","0.19","n/a","2017","Finance","Business Services","https://www.nasdaq.com/symbol/wrlsr",
"WRLSU","Pensare Acquisition Corp.","10.7","n/a","2017","Finance","Business Services","https://www.nasdaq.com/symbol/wrlsu",
"WRLSW","Pensare Acquisition Corp.","0.2","n/a","2017","Finance","Business Services","https://www.nasdaq.com/symbol/wrlsw",
"PEBO","Peoples Bancorp Inc.","31.43","$650.37M","n/a","Finance","Major Banks","https://www.nasdaq.com/symbol/pebo",
"PEBK","Peoples Bancorp of North Carolina, Inc.","27.18","$161.87M","n/a","Finance","Major Banks","https://www.nasdaq.com/symbol/pebk",
"PFIS","Peoples Financial Services Corp. ","42.12","$311.65M","n/a","Finance","Major Banks","https://www.nasdaq.com/symbol/pfis",
"PBCT","People&#39;s United Financial, Inc.","16.36","$6.52B","n/a","Finance","Savings Institutions","https://www.nasdaq.com/symbol/pbct",
"PBCTP","People&#39;s United Financial, Inc.","26.35","$263.5M","n/a","Finance","Savings Institutions","https://www.nasdaq.com/symbol/pbctp",
"PUB","People&#39;s Utah Bancorp","29.2","$549.01M","2015","Finance","Major Banks","https://www.nasdaq.com/symbol/pub",
"KPFS","Pepper Food Service Co., Ltd.","3.4","$354.87M","n/a","Consumer Services","Restaurants","https://www.nasdaq.com/symbol/kpfs",
"PEP","Pepsico, Inc.","133.81","$187.58B","n/a","Consumer Non-Durables","Beverages (Production/Distribution)","https://www.nasdaq.com/symbol/pep",
"PRCP","Perceptron, Inc.","4.79","$46.2M","1992","Capital Goods","Electronic Components","https://www.nasdaq.com/symbol/prcp",
"PRFT","Perficient, Inc.","33.59","$1.11B","1999","Technology","EDP Services","https://www.nasdaq.com/symbol/prft",
"DCIX","Performance Shipping Inc.","0.93","$24.88M","n/a","Transportation","Marine Transportation","https://www.nasdaq.com/symbol/dcix",
"PFMT","Performant Financial Corporation","1.12","$59.53M","2012","Consumer Services","Other Consumer Services","https://www.nasdaq.com/symbol/pfmt",
"PERI","Perion Network Ltd","2.85","$74.13M","n/a","Technology","EDP Services","https://www.nasdaq.com/symbol/peri",
"PESI","Perma-Fix Environmental Services, Inc.","3.955","$47.68M","n/a","Basic Industries","Environmental Services","https://www.nasdaq.com/symbol/pesi",
"PPIH","Perma-Pipe International Holdings, Inc.","9.03","$71.46M","n/a","Capital Goods","Pollution Control Equipment","https://www.nasdaq.com/symbol/ppih",
"PSNL","Personalis, Inc.","27.8","$827.08M","2019","n/a","n/a","https://www.nasdaq.com/symbol/psnl",
"PETQ","PetIQ, Inc.","30.49","$681.8M","2017","Health Care","Other Pharmaceuticals","https://www.nasdaq.com/symbol/petq",
"PETS","PetMed Express, Inc.","15.32","$308.3M","n/a","Health Care","Medical/Nursing Services","https://www.nasdaq.com/symbol/pets",
"PFSW","PFSweb, Inc.","3.79","$73.58M","1999","Miscellaneous","Business Services","https://www.nasdaq.com/symbol/pfsw",
"PGTI","PGT Innovations, Inc.","15.89","$927.14M","2006","Capital Goods","Building Products","https://www.nasdaq.com/symbol/pgti",
"PHAS","PhaseBio Pharmaceuticals, Inc.","12.42","$355.55M","2018","Health Care","Major Pharmaceuticals","https://www.nasdaq.com/symbol/phas",
"PAHC","Phibro Animal Health Corporation","30.75","$1.24B","2014","Health Care","Major Pharmaceuticals","https://www.nasdaq.com/symbol/pahc",
"PHIO","Phio Pharmaceuticals Corp.","0.3839","$9.17M","n/a","Health Care","Major Pharmaceuticals","https://www.nasdaq.com/symbol/phio",
"PHIOW","Phio Pharmaceuticals Corp.","0.0338","n/a","n/a","Health Care","Major Pharmaceuticals","https://www.nasdaq.com/symbol/phiow",
"PLAB","Photronics, Inc.","7.97","$534.51M","1987","Technology","Semiconductors","https://www.nasdaq.com/symbol/plab",
"PHUN","Phunware, Inc.","3.28","$127.55M","2016","Technology","EDP Services","https://www.nasdaq.com/symbol/phun",
"PHUNW","Phunware, Inc.","0.45","n/a","2016","Technology","EDP Services","https://www.nasdaq.com/symbol/phunw",
"PICO","PICO Holdings Inc.","11.48","$232.47M","n/a","Finance","Real Estate","https://www.nasdaq.com/symbol/pico",
"PLL","Piedmont Lithium Limited","11.46","$64.06M","n/a","n/a","n/a","https://www.nasdaq.com/symbol/pll",
"PIRS","Pieris Pharmaceuticals, Inc.","4.6","$226.6M","n/a","Health Care","Biotechnology: Commercial Physical & Biological Resarch","https://www.nasdaq.com/symbol/pirs",
"PPC","Pilgrim&#39;s Pride Corporation","25.18","$6.28B","n/a","Consumer Non-Durables","Meat/Poultry/Fish","https://www.nasdaq.com/symbol/ppc",
"PDD","Pinduoduo Inc.","20.54","$23.87B","2018","Miscellaneous","Business Services","https://www.nasdaq.com/symbol/pdd",
"PME","Pingtan Marine Enterprise Ltd.","2.4","$189.73M","n/a","n/a","n/a","https://www.nasdaq.com/symbol/pme",
"PNFP","Pinnacle Financial Partners, Inc.","55.3","$4.26B","n/a","Finance","Major Banks","https://www.nasdaq.com/symbol/pnfp",
"PT","Pintec Technology Holdings Limited","2.84","$11.95M","2018","Technology","Computer Software: Programming, Data Processing","https://www.nasdaq.com/symbol/pt",
"PPSI","Pioneer Power Solutions, Inc.","5.09","$44.42M","n/a","Consumer Durables","Electrical Products","https://www.nasdaq.com/symbol/ppsi",
"PXLW","Pixelworks, Inc.","2.84","$106.62M","2000","Technology","Semiconductors","https://www.nasdaq.com/symbol/pxlw",
"PLYA","Playa Hotels & Resorts N.V.","7.15","$932.46M","n/a","Consumer Services","Hotels/Resorts","https://www.nasdaq.com/symbol/plya",
"PLXS","Plexus Corp.","55.46","$1.67B","n/a","Technology","Electrical Products","https://www.nasdaq.com/symbol/plxs",
"PLUG","Plug Power, Inc.","2.05","$503.1M","1999","Energy","Industrial Machinery/Components","https://www.nasdaq.com/symbol/plug",
"PLBC","Plumas Bancorp","23.97","$123.53M","n/a","Finance","Finance Companies","https://www.nasdaq.com/symbol/plbc",
"PS","Pluralsight, Inc.","29.37","$2.8B","2018","Technology","Computer Software: Programming, Data Processing","https://www.nasdaq.com/symbol/ps",
"PSTI","Pluristem Therapeutics, Inc.","0.5872","$87.96M","n/a","Health Care","Biotechnology: Biological Products (No Diagnostic Substances)","https://www.nasdaq.com/symbol/psti",
"PLXP","PLx Pharma Inc.","5.98","$52.35M","2014","Health Care","Major Pharmaceuticals","https://www.nasdaq.com/symbol/plxp",
"PNTR","Pointer Telocation Ltd.","15.05","$122.81M","n/a","Technology","Radio And Television Broadcasting And Communications Equipment","https://www.nasdaq.com/symbol/pntr",
"PCOM","Points International, Ltd.","12.03","$166.22M","n/a","Miscellaneous","Business Services","https://www.nasdaq.com/symbol/pcom",
"POLA","Polar Power, Inc.","4.01","$40.67M","2016","Miscellaneous","Industrial Machinery/Components","https://www.nasdaq.com/symbol/pola",
"PTE","PolarityTE, Inc.","5.52","$138.59M","n/a","Health Care","Biotechnology: Biological Products (No Diagnostic Substances)","https://www.nasdaq.com/symbol/pte",
"POOL","Pool Corporation","184.26","$7.33B","1995","Consumer Durables","Industrial Specialties","https://www.nasdaq.com/symbol/pool",
"POPE","Pope Resources","68.7265","$299.85M","n/a","Consumer Non-Durables","Environmental Services","https://www.nasdaq.com/symbol/pope",
"BPOP","Popular, Inc.","52.06","$5.03B","n/a","Finance","Major Banks","https://www.nasdaq.com/symbol/bpop",
"BPOPM","Popular, Inc.","25.68","n/a","n/a","Finance","Major Banks","https://www.nasdaq.com/symbol/bpopm",
"BPOPN","Popular, Inc.","26.8","$321.6M","n/a","Finance","Major Banks","https://www.nasdaq.com/symbol/bpopn",
"KCAPL","Portman Ridge Finance Corporation","25.2975","n/a","n/a","n/a","n/a","https://www.nasdaq.com/symbol/kcapl",
"PTMN","Portman Ridge Finance Corporation","2.48","$92.64M","n/a","n/a","n/a","https://www.nasdaq.com/symbol/ptmn",
"PTLA","Portola Pharmaceuticals, Inc.","25.76","$1.75B","2013","Health Care","Major Pharmaceuticals","https://www.nasdaq.com/symbol/ptla",
"PPHI","Positive Physicians Holdings, Inc.","14","$67.62M","2019","Finance","Property-Casualty Insurers","https://www.nasdaq.com/symbol/pphi",
"PBPB","Potbelly Corporation","4.98","$119.24M","2013","Consumer Services","Restaurants","https://www.nasdaq.com/symbol/pbpb",
"PCH","PotlatchDeltic Corporation","37.85","$2.56B","n/a","Consumer Services","Real Estate Investment Trusts","https://www.nasdaq.com/symbol/pch",
"POWL","Powell Industries, Inc.","36.56","$422.36M","n/a","Consumer Durables","Electrical Products","https://www.nasdaq.com/symbol/powl",
"POWI","Power Integrations, Inc.","72.64","$2.13B","1997","Technology","Semiconductors","https://www.nasdaq.com/symbol/powi",
"PBTS","Powerbridge Technologies Co., Ltd.","3.49","$30.21M","2019","Technology","EDP Services","https://www.nasdaq.com/symbol/pbts",
"PRAA","PRA Group, Inc.","26.95","$1.22B","2002","Finance","Finance: Consumer Services","https://www.nasdaq.com/symbol/praa",
"PRAH","PRA Health Sciences, Inc.","95.96","$6.3B","2014","Health Care","Biotechnology: Commercial Physical & Biological Resarch","https://www.nasdaq.com/symbol/prah",
"PRPO","Precipio, Inc.","2.95","$17.46M","n/a","Capital Goods","Biotechnology: Laboratory Analytical Instruments","https://www.nasdaq.com/symbol/prpo",
"DTIL","Precision BioSciences, Inc.","13.2","$664.77M","2019","Health Care","Biotechnology: Biological Products (No Diagnostic Substances)","https://www.nasdaq.com/symbol/dtil",
"POAI","Predictive Oncology Inc.","0.553","$16.97M","n/a","Health Care","Industrial Specialties","https://www.nasdaq.com/symbol/poai",
"PFBC","Preferred Bank","45.16","$692.12M","n/a","n/a","n/a","https://www.nasdaq.com/symbol/pfbc",
"PLPC","Preformed Line Products Company","52.89","$267.54M","n/a","Basic Industries","Water Supply","https://www.nasdaq.com/symbol/plpc",
"PFBI","Premier Financial Bancorp, Inc.","14.4","$210.76M","1996","Finance","Major Banks","https://www.nasdaq.com/symbol/pfbi",
"PINC","Premier, Inc.","39.44","$2.44B","2013","Consumer Services","Other Consumer Services","https://www.nasdaq.com/symbol/pinc",
"PSDO","Presidio, Inc.","13.34","$1.1B","2017","Technology","Retail: Computer Software & Peripheral Equipment","https://www.nasdaq.com/symbol/psdo",
"PRVL","Prevail Therapeutics Inc.","15","$509.96M","2019","n/a","n/a","https://www.nasdaq.com/symbol/prvl",
"PRGX","PRGX Global, Inc.","6.12","$143.44M","1996","Consumer Services","Diversified Commercial Services","https://www.nasdaq.com/symbol/prgx",
"PSMT","PriceSmart, Inc.","50.83","$1.55B","n/a","Consumer Services","Department/Specialty Retail Stores","https://www.nasdaq.com/symbol/psmt",
"PNRG","PrimeEnergy Resources Corporation","133.21","$269.9M","n/a","Energy","Oil & Gas Production","https://www.nasdaq.com/symbol/pnrg",
"PRMW","Primo Water Corporation","12.55","$490.08M","2010","Consumer Non-Durables","Food Distributors","https://www.nasdaq.com/symbol/prmw",
"PRIM","Primoris Services Corporation","19.55","$995.73M","n/a","Basic Industries","Water Supply","https://www.nasdaq.com/symbol/prim",
"PVAL","Principal Contrarian Value Index ETF","26.51","$5.3M","n/a","n/a","n/a","https://www.nasdaq.com/symbol/pval",
"PFG","Principal Financial Group Inc","56.43","$15.72B","2001","Finance","Accident &Health Insurance","https://www.nasdaq.com/symbol/pfg",
"BTEC","Principal Healthcare Innovators Index ETF","32.91","$62.53M","n/a","n/a","n/a","https://www.nasdaq.com/symbol/btec",
"GENY","Principal Millennials Index ETF","37.6831","$20.73M","n/a","n/a","n/a","https://www.nasdaq.com/symbol/geny",
"PSET","Principal Price Setters Index ETF","37.3966","$20.57M","n/a","n/a","n/a","https://www.nasdaq.com/symbol/pset",
"PY","Principal Shareholder Yield Index ETF","31.28","$14.08M","n/a","n/a","n/a","https://www.nasdaq.com/symbol/py",
"PMOM","Principal Sustainable Momentum Index ETF","28.48","$5.7M","n/a","n/a","n/a","https://www.nasdaq.com/symbol/pmom",
"USMC","Principal U.S. Mega-Cap Multi-Factor Index ETF","29.01","$1.69B","n/a","n/a","n/a","https://www.nasdaq.com/symbol/usmc",
"PSC","Principal U.S. Small-Cap Multi-Factor Index ETF","30.56","$343.8M","n/a","n/a","n/a","https://www.nasdaq.com/symbol/psc",
"PRNB","Principia Biopharma Inc.","34.15","$815.05M","2018","Health Care","Major Pharmaceuticals","https://www.nasdaq.com/symbol/prnb",
"PRTH","Priority Technology Holdings, Inc.","6.78","$454.35M","2016","Miscellaneous","Business Services","https://www.nasdaq.com/symbol/prth",
"PDEX","Pro-Dex, Inc.","12.61","$51.86M","n/a","Health Care","Medical/Dental Instruments","https://www.nasdaq.com/symbol/pdex",
"IPDN","Professional Diversity Network, Inc.","2.37","$12.56M","2013","Technology","Computer Software: Programming, Data Processing","https://www.nasdaq.com/symbol/ipdn",
"PAAC","Proficient Alpha Acquisition Corp.","9.75","n/a","2019","n/a","n/a","https://www.nasdaq.com/symbol/paac",
"PAACR","Proficient Alpha Acquisition Corp.","0.2","n/a","2019","n/a","n/a","https://www.nasdaq.com/symbol/paacr",
"PAACU","Proficient Alpha Acquisition Corp.","10.06","n/a","2019","Finance","Business Services","https://www.nasdaq.com/symbol/paacu",
"PAACW","Proficient Alpha Acquisition Corp.","0.12","n/a","2019","n/a","n/a","https://www.nasdaq.com/symbol/paacw",
"PFIE","Profire Energy, Inc.","1.56","$73.83M","n/a","Energy","Metal Fabrications","https://www.nasdaq.com/symbol/pfie",
"PGNX","Progenics Pharmaceuticals Inc.","5.46","$471.61M","1997","Health Care","Major Pharmaceuticals","https://www.nasdaq.com/symbol/pgnx",
"PRGS","Progress Software Corporation","39.47","$1.76B","1991","Technology","Computer Software: Prepackaged Software","https://www.nasdaq.com/symbol/prgs",
"PFPT","Proofpoint, Inc.","111.22","$6.19B","2012","Technology","EDP Services","https://www.nasdaq.com/symbol/pfpt",
"PRPH","ProPhase Labs, Inc.","2.53","$29.25M","n/a","Health Care","Major Pharmaceuticals","https://www.nasdaq.com/symbol/prph",
"PRQR","ProQR Therapeutics N.V.","9.33","$362.86M","2014","Health Care","Major Pharmaceuticals","https://www.nasdaq.com/symbol/prqr",
"EQRR","ProShares Equities for Rising Rates ETF","40.17","$4.02M","n/a","n/a","n/a","https://www.nasdaq.com/symbol/eqrr",
"BIB","ProShares Ultra Nasdaq Biotechnology","49.78","$228.99M","n/a","n/a","n/a","https://www.nasdaq.com/symbol/bib",
"UBIO","Proshares UltraPro Nasdaq Biotechnology","24.43","$30.54M","n/a","n/a","n/a","https://www.nasdaq.com/symbol/ubio",
"TQQQ","ProShares UltraPro QQQ","60.09","$3.88B","n/a","n/a","n/a","https://www.nasdaq.com/symbol/tqqq",
"ZBIO","ProShares UltraPro Short NASDAQ Biotechnology","14.25","$2.01B","n/a","n/a","n/a","https://www.nasdaq.com/symbol/zbio",
"SQQQ","ProShares UltraPro Short QQQ","36.11","$1.03B","n/a","n/a","n/a","https://www.nasdaq.com/symbol/sqqq",
"BIS","ProShares UltraShort Nasdaq Biotechnology","17.72","$22.77M","n/a","n/a","n/a","https://www.nasdaq.com/symbol/bis",
"PSEC","Prospect Capital Corporation","6.5","$2.39B","2004","n/a","n/a","https://www.nasdaq.com/symbol/psec",
"PTGX","Protagonist Therapeutics, Inc.","11.55","$270.22M","2016","Health Care","Major Pharmaceuticals","https://www.nasdaq.com/symbol/ptgx",
"PTVCA","Protective Insurance Corporation","17","$249.77M","n/a","Finance","Property-Casualty Insurers","https://www.nasdaq.com/symbol/ptvca",
"PTVCB","Protective Insurance Corporation","17.18","$252.41M","n/a","Finance","Property-Casualty Insurers","https://www.nasdaq.com/symbol/ptvcb",
"PRTO","Proteon Therapeutics, Inc.","0.4321","$8.46M","2014","Health Care","Biotechnology: Biological Products (No Diagnostic Substances)","https://www.nasdaq.com/symbol/prto",
"PTI","Proteostasis Therapeutics, Inc.","1.02","$52.12M","2016","Health Care","Major Pharmaceuticals","https://www.nasdaq.com/symbol/pti",
"PRTA","Prothena Corporation plc","9.87","$393.46M","n/a","Health Care","Major Pharmaceuticals","https://www.nasdaq.com/symbol/prta",
"PRVB","Provention Bio, Inc.","12.16","$454.32M","2018","Health Care","Major Pharmaceuticals","https://www.nasdaq.com/symbol/prvb",
"PVBC","Provident Bancorp, Inc.","26.78","$257.78M","2015","Finance","Savings Institutions","https://www.nasdaq.com/symbol/pvbc",
"PROV","Provident Financial Holdings, Inc.","20.67","$154.97M","n/a","Finance","Savings Institutions","https://www.nasdaq.com/symbol/prov",
"PBIP","Prudential Bancorp, Inc.","16.78","$149.69M","n/a","Finance","Banks","https://www.nasdaq.com/symbol/pbip",
"PMD","Psychemedics Corporation","10.095","$55.6M","n/a","Health Care","Medical Specialities","https://www.nasdaq.com/symbol/pmd",
"PTC","PTC Inc.","86.06","$9.9B","n/a","Technology","Computer Software: Prepackaged Software","https://www.nasdaq.com/symbol/ptc",
"PTCT","PTC Therapeutics, Inc.","42.02","$2.46B","2013","Health Care","Major Pharmaceuticals","https://www.nasdaq.com/symbol/ptct",
"PHCF","PUHUI WEALTH INVESTMENT MANAGEMENT CO., LTD.","2.82","$32.45M","2018","Finance","Investment Managers","https://www.nasdaq.com/symbol/phcf",
"PULM","Pulmatrix, Inc.","0.9451","$17.29M","2014","Health Care","Major Pharmaceuticals","https://www.nasdaq.com/symbol/pulm",
"PLSE","Pulse Biosciences, Inc","12.94","$267.99M","2016","Health Care","Medical/Dental Instruments","https://www.nasdaq.com/symbol/plse",
"PBYI","Puma Biotechnology Inc","12.77","$493.08M","n/a","Health Care","Major Pharmaceuticals","https://www.nasdaq.com/symbol/pbyi",
"PACQ","Pure Acquisition Corp.","10.1502","$525.27M","2018","Finance","Business Services","https://www.nasdaq.com/symbol/pacq",
"PACQU","Pure Acquisition Corp.","10.7","n/a","2018","Finance","Business Services","https://www.nasdaq.com/symbol/pacqu",
"PACQW","Pure Acquisition Corp.","1.09","n/a","2018","Finance","Business Services","https://www.nasdaq.com/symbol/pacqw",
"PCYO","Pure Cycle Corporation","10.23","$243.49M","n/a","Public Utilities","Water Supply","https://www.nasdaq.com/symbol/pcyo",
"PRPL","Purple Innovation, Inc.","6.98","$375.54M","2015","Consumer Durables","Home Furnishings","https://www.nasdaq.com/symbol/prpl",
"PUYI","Puyi Inc.","8.71","$525.34M","2019","Finance","Investment Managers","https://www.nasdaq.com/symbol/puyi",
"PXS","Pyxis Tankers Inc.","1.04","$21.9M","n/a","Transportation","Marine Transportation","https://www.nasdaq.com/symbol/pxs",
"QADA","QAD Inc.","39.4","$773.75M","n/a","Technology","Computer Software: Prepackaged Software","https://www.nasdaq.com/symbol/qada",
"QADB","QAD Inc.","29.25","$574.42M","n/a","Technology","Computer Software: Prepackaged Software","https://www.nasdaq.com/symbol/qadb",
"QCRH","QCR Holdings, Inc.","33.47","$527.43M","n/a","Finance","Major Banks","https://www.nasdaq.com/symbol/qcrh",
"QGEN","Qiagen N.V.","40.37","$9.16B","n/a","Health Care","Biotechnology: Biological Products (No Diagnostic Substances)","https://www.nasdaq.com/symbol/qgen",
"QIWI","QIWI plc","19.73","$1.24B","2013","Miscellaneous","Business Services","https://www.nasdaq.com/symbol/qiwi",
"QRVO","Qorvo, Inc.","63.46","$7.56B","n/a","Technology","Semiconductors","https://www.nasdaq.com/symbol/qrvo",
"QCOM","QUALCOMM Incorporated","72.55","$88.2B","1991","Technology","Radio And Television Broadcasting And Communications Equipment","https://www.nasdaq.com/symbol/qcom",
"QBAK","Qualstar Corporation","5.92","$11.58M","2000","Technology","Electronic Components","https://www.nasdaq.com/symbol/qbak",
"QLYS","Qualys, Inc.","85.88","$3.36B","2012","Technology","Computer Software: Prepackaged Software","https://www.nasdaq.com/symbol/qlys",
"QTRX","Quanterix Corporation","32.84","$817.59M","2017","Capital Goods","Biotechnology: Laboratory Analytical Instruments","https://www.nasdaq.com/symbol/qtrx",
"QTRH","Quarterhill Inc.","1.05","$124.74M","n/a","Miscellaneous","Multi-Sector Companies","https://www.nasdaq.com/symbol/qtrh",
"QRHC","Quest Resource Holding Corporation","2.8","$42.98M","n/a","Technology","Diversified Commercial Services","https://www.nasdaq.com/symbol/qrhc",
"QUIK","QuickLogic Corporation","0.5902","$68.46M","1999","Technology","Semiconductors","https://www.nasdaq.com/symbol/quik",
"QDEL","Quidel Corporation","58.79","$2.34B","n/a","Health Care","Biotechnology: In Vitro & In Vivo Diagnostic Substances","https://www.nasdaq.com/symbol/qdel",
"QNST","QuinStreet, Inc.","15.95","$799.93M","2010","Miscellaneous","Business Services","https://www.nasdaq.com/symbol/qnst",
"QUMU","Qumu Corporation","3.71","$36.32M","n/a","Technology","Computer Software: Prepackaged Software","https://www.nasdaq.com/symbol/qumu",
"QTNT","Quotient Limited","9.31","$616.13M","2014","Health Care","Biotechnology: In Vitro & In Vivo Diagnostic Substances","https://www.nasdaq.com/symbol/qtnt",
"QRTEA","Qurate Retail, Inc.","12.27","$5.27B","n/a","Consumer Services","Catalog/Specialty Distribution","https://www.nasdaq.com/symbol/qrtea",
"QRTEB","Qurate Retail, Inc.","12.2904","$5.28B","n/a","Consumer Services","Catalog/Specialty Distribution","https://www.nasdaq.com/symbol/qrteb",
"QTT","Qutoutiao Inc.","4.06","$1.17B","2018","n/a","n/a","https://www.nasdaq.com/symbol/qtt",
"RRD","R.R. Donnelley & Sons Company","2.05","$145.14M","n/a","Miscellaneous","Publishing","https://www.nasdaq.com/symbol/rrd",
"RCM","R1 RCM Inc.","12.29","$1.36B","n/a","Consumer Services","Other Consumer Services","https://www.nasdaq.com/symbol/rcm",
"RARX","Ra Pharmaceuticals, Inc.","27.26","$1.15B","2016","Health Care","Major Pharmaceuticals","https://www.nasdaq.com/symbol/rarx",
"RADA","RADA Electronic Industries Ltd.","3.22","$122.58M","n/a","Technology","Electronic Components","https://www.nasdaq.com/symbol/rada",
"RDCM","Radcom Ltd.","8","$109.9M","1997","Technology","Computer peripheral equipment","https://www.nasdaq.com/symbol/rdcm",
"RDUS","Radius Health, Inc.","23.17","$1.07B","2014","Health Care","Major Pharmaceuticals","https://www.nasdaq.com/symbol/rdus",
"RDNT","RadNet, Inc.","13.32","$667.07M","n/a","Health Care","Medical Specialities","https://www.nasdaq.com/symbol/rdnt",
"RDWR","Radware Ltd.","24.54","$1.15B","1999","Miscellaneous","Business Services","https://www.nasdaq.com/symbol/rdwr",
"METC","Ramaco Resources, Inc.","4.9","$200.08M","2017","Energy","Coal Mining","https://www.nasdaq.com/symbol/metc",
"RMBS","Rambus, Inc.","11.5","$1.27B","1997","Technology","Semiconductors","https://www.nasdaq.com/symbol/rmbs",
"RAND","Rand Capital Corporation","2.525","$15.96M","n/a","Consumer Non-Durables","Textiles","https://www.nasdaq.com/symbol/rand",
"RNDB","Randolph Bancorp, Inc.","15","$88.4M","2016","Finance","Major Banks","https://www.nasdaq.com/symbol/rndb",
"RPD","Rapid7, Inc.","54.06","$2.61B","2015","Technology","Computer Software: Prepackaged Software","https://www.nasdaq.com/symbol/rpd",
"RTLR","Rattler Midstream LP","19.29","$2.92B","2019","Public Utilities","Natural Gas Distribution","https://www.nasdaq.com/symbol/rtlr",
"RAVE","Rave Restaurant Group, Inc.","2.79","$42.05M","n/a","Consumer Non-Durables","Food Distributors","https://www.nasdaq.com/symbol/rave",
"RAVN","Raven Industries, Inc.","34.18","$1.23B","n/a","Capital Goods","Specialty Chemicals","https://www.nasdaq.com/symbol/ravn",
"RBB","RBB Bancorp","19.71","$395.66M","2017","Finance","Major Banks","https://www.nasdaq.com/symbol/rbb",
"ROLL","RBC Bearings Incorporated","163.56","$4.06B","2005","Capital Goods","Metal Fabrications","https://www.nasdaq.com/symbol/roll",
"RICK","RCI Hospitality Holdings, Inc.","17.59","$170.46M","1995","Consumer Services","Restaurants","https://www.nasdaq.com/symbol/rick",
"RCMT","RCM Technologies, Inc.","3.35","$42.73M","n/a","Technology","Professional Services","https://www.nasdaq.com/symbol/rcmt",
"RDI","Reading International Inc","12.75","$292.78M","n/a","Consumer Services","Movies/Entertainment","https://www.nasdaq.com/symbol/rdi",
"RDIB","Reading International Inc","23.25","$533.88M","n/a","Consumer Services","Movies/Entertainment","https://www.nasdaq.com/symbol/rdib",
"BCNA","Reality Shares Nasdaq NexGen Economy China ETF","21.485","$2.15M","n/a","n/a","n/a","https://www.nasdaq.com/symbol/bcna",
"BLCN","Reality Shares Nasdaq NextGen Economy ETF","22.69","$69.2M","n/a","n/a","n/a","https://www.nasdaq.com/symbol/blcn",
"RLM","Realm Therapeutics plc","2.81","$13.1M","n/a","Health Care","Major Pharmaceuticals","https://www.nasdaq.com/symbol/rlm",
"RNWK","RealNetworks, Inc.","1.91","$72.47M","1997","Technology","EDP Services","https://www.nasdaq.com/symbol/rnwk",
"RP","RealPage, Inc.","56.93","$5.39B","2010","Technology","Computer Software: Prepackaged Software","https://www.nasdaq.com/symbol/rp",
"RETA","Reata Pharmaceuticals, Inc.","84.91","$2.55B","2016","Health Care","Major Pharmaceuticals","https://www.nasdaq.com/symbol/reta",
"RCON","Recon Technology, Ltd.","0.8094","$16.95M","2009","Energy","Oilfield Services/Equipment","https://www.nasdaq.com/symbol/rcon",
"REPH","Recro Pharma, Inc.","9.87","$218.46M","2014","Health Care","Major Pharmaceuticals","https://www.nasdaq.com/symbol/reph",
"RRBI","Red River Bancshares, Inc.","48.25","$352.24M","2019","Finance","Major Banks","https://www.nasdaq.com/symbol/rrbi",
"RRGB","Red Robin Gourmet Burgers, Inc.","31.15","$403.9M","2002","Consumer Services","Restaurants","https://www.nasdaq.com/symbol/rrgb",
"RRR","Red Rock Resorts, Inc.","20.4","$2.39B","2016","Consumer Services","Hotels/Resorts","https://www.nasdaq.com/symbol/rrr",
"RDVT","Red Violet, Inc.","12.39","$127.45M","n/a","Technology","Computer Software: Prepackaged Software","https://www.nasdaq.com/symbol/rdvt",
"RDFN","Redfin Corporation","17.34","$1.58B","2017","Finance","Real Estate","https://www.nasdaq.com/symbol/rdfn",
"RDHL","Redhill Biopharma Ltd.","6.4","$140.39M","n/a","Health Care","Major Pharmaceuticals","https://www.nasdaq.com/symbol/rdhl",
"RBZ","Reebonz Holding Limited","4.1","$19.83M","2017","Consumer Services","Catalog/Specialty Distribution","https://www.nasdaq.com/symbol/rbz",
"REED","Reeds, Inc.","3.32","$111.75M","n/a","Consumer Non-Durables","Beverages (Production/Distribution)","https://www.nasdaq.com/symbol/reed",
"REG","Regency Centers Corporation","68.02","$11.39B","1993","Consumer Services","Real Estate Investment Trusts","https://www.nasdaq.com/symbol/reg",
"REGN","Regeneron Pharmaceuticals, Inc.","312.9","$34.31B","1991","Health Care","Major Pharmaceuticals","https://www.nasdaq.com/symbol/regn",
"RGNX","REGENXBIO Inc.","50.28","$1.84B","2015","Health Care","Biotechnology: Biological Products (No Diagnostic Substances)","https://www.nasdaq.com/symbol/rgnx",
"RGLS","Regulus Therapeutics Inc.","1.21","$24.86M","2012","Health Care","Major Pharmaceuticals","https://www.nasdaq.com/symbol/rgls",
"REKR","Rekor Systems, Inc.","1.91","$36.99M","n/a","Capital Goods","Telecommunications Equipment","https://www.nasdaq.com/symbol/rekr",
"RBNC","Reliant Bancorp, Inc.","22.41","$257.64M","n/a","Finance","Major Banks","https://www.nasdaq.com/symbol/rbnc",
"RELV","Reliv&#39; International, Inc.","4.56","$7.96M","n/a","Health Care","Major Pharmaceuticals","https://www.nasdaq.com/symbol/relv",
"MARK","Remark Holdings, Inc.","0.8772","$37.72M","n/a","Consumer Services","Telecommunications Equipment","https://www.nasdaq.com/symbol/mark",
"RNST","Renasant Corporation","34.81","$2.04B","n/a","Finance","Major Banks","https://www.nasdaq.com/symbol/rnst",
"REGI","Renewable Energy Group, Inc.","15.82","$595.13M","2012","Basic Industries","Major Chemicals","https://www.nasdaq.com/symbol/regi",
"RCII","Rent-A-Center Inc.","25.32","$1.37B","1995","Technology","Diversified Commercial Services","https://www.nasdaq.com/symbol/rcii",
"RGEN","Repligen Corporation","80.47","$3.86B","1986","Health Care","Biotechnology: Biological Products (No Diagnostic Substances)","https://www.nasdaq.com/symbol/rgen",
"REPL","Replimune Group, Inc.","14.31","$452.87M","2018","Health Care","Biotechnology: Biological Products (No Diagnostic Substances)","https://www.nasdaq.com/symbol/repl",
"RBCAA","Republic Bancorp, Inc.","47.53","$995.21M","1998","Finance","Major Banks","https://www.nasdaq.com/symbol/rbcaa",
"FRBK","Republic First Bancorp, Inc.","4.71","$277.15M","n/a","Finance","Major Banks","https://www.nasdaq.com/symbol/frbk",
"REFR","Research Frontiers Incorporated","3.36","$104.13M","n/a","Miscellaneous","Multi-Sector Companies","https://www.nasdaq.com/symbol/refr",
"RESN","Resonant Inc.","2.14","$60.11M","2014","Technology","Semiconductors","https://www.nasdaq.com/symbol/resn",
"RECN","Resources Connection, Inc.","15.77","$504.96M","2000","Miscellaneous","Business Services","https://www.nasdaq.com/symbol/recn",
"HAIR","Restoration Robotics, Inc.","0.59","$24.11M","2017","Health Care","Medical/Dental Instruments","https://www.nasdaq.com/symbol/hair",
"TORC","resTORbio, Inc.","9.98","$356.72M","2018","Health Care","Major Pharmaceuticals","https://www.nasdaq.com/symbol/torc",
"ROIC","Retail Opportunity Investments Corp.","17.15","$1.96B","n/a","Consumer Services","Real Estate Investment Trusts","https://www.nasdaq.com/symbol/roic",
"RETO","ReTo Eco-Solutions, Inc.","1.03","$23.44M","2017","Capital Goods","Industrial Machinery/Components","https://www.nasdaq.com/symbol/reto",
"RTRX","Retrophin, Inc.","20.02","$829.62M","n/a","Health Care","Major Pharmaceuticals","https://www.nasdaq.com/symbol/rtrx",
"RVNC","Revance Therapeutics, Inc.","12.15","$534.68M","2014","Health Care","Major Pharmaceuticals","https://www.nasdaq.com/symbol/rvnc",
"RVEN","Reven Housing REIT, Inc.","3.85","$42.5M","n/a","Consumer Services","Real Estate Investment Trusts","https://www.nasdaq.com/symbol/rven",
"RVLT","Revolution Lighting Technologies, Inc.","0.29","$6.82M","n/a","Consumer Durables","Building Products","https://www.nasdaq.com/symbol/rvlt",
"RWLK","ReWalk Robotics Ltd.","4.2","$26.69M","2014","Health Care","Industrial Specialties","https://www.nasdaq.com/symbol/rwlk",
"REXN","Rexahn Pharmaceuticals, Inc.","5.61","$22.55M","n/a","Health Care","Major Pharmaceuticals","https://www.nasdaq.com/symbol/rexn",
"RFIL","RF Industries, Ltd.","7.89","$73.38M","n/a","Capital Goods","Electrical Products","https://www.nasdaq.com/symbol/rfil",
"RGCO","RGC Resources Inc.","28.14","$225.77M","n/a","Public Utilities","Oil & Gas Production","https://www.nasdaq.com/symbol/rgco",
"RBKB","Rhinebeck Bancorp, Inc.","10.86","$120.91M","2019","Finance","Banks","https://www.nasdaq.com/symbol/rbkb",
"RYTM","Rhythm Pharmaceuticals, Inc.","21.4","$736.85M","2017","Health Care","Major Pharmaceuticals","https://www.nasdaq.com/symbol/rytm",
"RBBN","Ribbon Communications Inc. ","4.69","$522.42M","n/a","Technology","EDP Services","https://www.nasdaq.com/symbol/rbbn",
"RIBT","RiceBran Technologies","2.94","$97.11M","n/a","Consumer Non-Durables","Packaged Foods","https://www.nasdaq.com/symbol/ribt",
"RELL","Richardson Electronics, Ltd.","5.41","$70.62M","1983","Technology","Electronic Components","https://www.nasdaq.com/symbol/rell",
"RIGL","Rigel Pharmaceuticals, Inc.","2.22","$371.17M","2000","Health Care","Major Pharmaceuticals","https://www.nasdaq.com/symbol/rigl",
"RNET","RigNet, Inc.","8.81","$173.65M","2010","Consumer Services","Telecommunications Equipment","https://www.nasdaq.com/symbol/rnet",
"RMNI","Rimini Street, Inc.","5.18","$338.59M","2015","Miscellaneous","Business Services","https://www.nasdaq.com/symbol/rmni",
"RIOT","Riot Blockchain, Inc","3.3","$52.66M","n/a","Health Care","Biotechnology: In Vitro & In Vivo Diagnostic Substances","https://www.nasdaq.com/symbol/riot",
"REDU","RISE Education Cayman Ltd","9.29","$528.5M","2017","Consumer Services","Other Consumer Services","https://www.nasdaq.com/symbol/redu",
"RTTR","Ritter Pharmaceuticals, Inc.","1.1","$9.95M","2015","Health Care","Major Pharmaceuticals","https://www.nasdaq.com/symbol/rttr",
"RVSB","Riverview Bancorp Inc","8.03","$181.66M","n/a","Finance","Savings Institutions","https://www.nasdaq.com/symbol/rvsb",
"RIVE","Riverview Financial Corporation","10.96","$100.43M","n/a","Finance","Major Banks","https://www.nasdaq.com/symbol/rive",
"RCKT","Rocket Pharmaceuticals, Inc.","15.43","$775.97M","2015","Health Care","Major Pharmaceuticals","https://www.nasdaq.com/symbol/rckt",
"RMTI","Rockwell Medical, Inc.","3.1","$199.25M","1998","Health Care","Biotechnology: Electromedical & Electrotherapeutic Apparatus","https://www.nasdaq.com/symbol/rmti",
"RCKY","Rocky Brands, Inc.","26.23","$193.94M","1993","Consumer Non-Durables","Shoe Manufacturing","https://www.nasdaq.com/symbol/rcky",
"RMCF","Rocky Mountain Chocolate Factory, Inc.","8.26","$49.25M","n/a","Consumer Non-Durables","Specialty Foods","https://www.nasdaq.com/symbol/rmcf",
"ROKU","Roku, Inc.","93.25","$10.56B","2017","Consumer Services","Television Services","https://www.nasdaq.com/symbol/roku",
"ROSE","Rosehill Resources Inc.","3.59","$158.69M","2016","Energy","Oil & Gas Production","https://www.nasdaq.com/symbol/rose",
"ROSEU","Rosehill Resources Inc.","4.18","n/a","2016","Energy","Oil & Gas Production","https://www.nasdaq.com/symbol/roseu",
"ROSEW","Rosehill Resources Inc.","0.49","n/a","2016","Energy","Oil & Gas Production","https://www.nasdaq.com/symbol/rosew",
"ROST","Ross Stores, Inc.","101.51","$37.02B","1985","Consumer Services","Clothing/Shoe/Accessory Stores","https://www.nasdaq.com/symbol/rost",
"RGLD","Royal Gold, Inc.","101.26","$6.63B","n/a","Basic Industries","Precious Metals","https://www.nasdaq.com/symbol/rgld",
"RTIX","RTI Surgical Holdings, Inc.","4.31","$318.5M","2000","Health Care","Industrial Specialties","https://www.nasdaq.com/symbol/rtix",
"RBCN","Rubicon Technology, Inc.","8.35","$22.43M","2007","Technology","Semiconductors","https://www.nasdaq.com/symbol/rbcn",
"RUBY","Rubius Therapeutics, Inc.","14.6","$1.17B","2018","Health Care","Biotechnology: Biological Products (No Diagnostic Substances)","https://www.nasdaq.com/symbol/ruby",
"RUHN","Ruhnn Holding Limited","3.1","$256.42M","2019","Consumer Services","Catalog/Specialty Distribution","https://www.nasdaq.com/symbol/ruhn",
"RMBL","RumbleOn, Inc.","4.06","$93.33M","n/a","Technology","EDP Services","https://www.nasdaq.com/symbol/rmbl",
"RUSHA","Rush Enterprises, Inc.","35.62","$1.31B","n/a","Consumer Durables","Automotive Aftermarket","https://www.nasdaq.com/symbol/rusha",
"RUSHB","Rush Enterprises, Inc.","36.03","$1.32B","n/a","Consumer Durables","Automotive Aftermarket","https://www.nasdaq.com/symbol/rushb",
"RUTH","Ruth&#39;s Hospitality Group, Inc.","22.66","$690.67M","2005","Consumer Services","Restaurants","https://www.nasdaq.com/symbol/ruth",
"RYAAY","Ryanair Holdings plc","62.23","$14.03B","1997","Transportation","Air Freight/Delivery Services","https://www.nasdaq.com/symbol/ryaay",
"STBA","S&T Bancorp, Inc.","36.82","$1.26B","n/a","Finance","Major Banks","https://www.nasdaq.com/symbol/stba",
"SANW","S&W Seed Company","2.5811","$85.89M","n/a","Consumer Non-Durables","Farming/Seeds/Milling","https://www.nasdaq.com/symbol/sanw",
"SBRA","Sabra Health Care REIT, Inc.","19.26","$3.46B","n/a","Consumer Services","Real Estate Investment Trusts","https://www.nasdaq.com/symbol/sbra",
"SABR","Sabre Corporation","22.61","$6.21B","2014","Technology","Computer Software: Programming, Data Processing","https://www.nasdaq.com/symbol/sabr",
"SAEX","SAExploration Holdings, Inc.","3.26","$13.99M","n/a","Energy","Oil & Gas Production","https://www.nasdaq.com/symbol/saex",
"SFET","Safe-T Group Ltd.","1.64","$4.38M","2018","Technology","Computer Software: Prepackaged Software","https://www.nasdaq.com/symbol/sfet",
"SAFT","Safety Insurance Group, Inc.","94.87","$1.46B","2002","Finance","Property-Casualty Insurers","https://www.nasdaq.com/symbol/saft",
"SGA","Saga Communications, Inc.","28.51","$169.81M","n/a","Consumer Services","Broadcasting","https://www.nasdaq.com/symbol/sga",
"SAGE","Sage Therapeutics, Inc.","178.2","$9.11B","2014","Health Care","Major Pharmaceuticals","https://www.nasdaq.com/symbol/sage",
"SAIA","Saia, Inc.","59.2","$1.53B","n/a","Transportation","Trucking Freight/Courier Services","https://www.nasdaq.com/symbol/saia",
"SALM","Salem Media Group, Inc.","2.4","$62.85M","1999","Consumer Services","Broadcasting","https://www.nasdaq.com/symbol/salm",
"SAL","Salisbury Bancorp, Inc.","39.11","$109.85M","n/a","Finance","Savings Institutions","https://www.nasdaq.com/symbol/sal",
"SAFM","Sanderson Farms, Inc.","131.03","$2.9B","1987","Consumer Non-Durables","Meat/Poultry/Fish","https://www.nasdaq.com/symbol/safm",
"SASR","Sandy Spring Bancorp, Inc.","33.61","$1.2B","n/a","Finance","Major Banks","https://www.nasdaq.com/symbol/sasr",
"SGMO","Sangamo Therapeutics, Inc.","9.73","$1.12B","2000","Health Care","Biotechnology: Biological Products (No Diagnostic Substances)","https://www.nasdaq.com/symbol/sgmo",
"SANM","Sanmina Corporation","29.26","$2.02B","1993","Technology","Electrical Products","https://www.nasdaq.com/symbol/sanm",
"GCVRZ","Sanofi","0.5","n/a","n/a","Health Care","Major Pharmaceuticals","https://www.nasdaq.com/symbol/gcvrz",
"SNY","Sanofi","43.49","$108.55B","n/a","Health Care","Major Pharmaceuticals","https://www.nasdaq.com/symbol/sny",
"SPNS","Sapiens International Corporation N.V.","16.29","$814.21M","1992","Technology","Computer Software: Prepackaged Software","https://www.nasdaq.com/symbol/spns",
"SRPT","Sarepta Therapeutics, Inc.","124.16","$9.21B","n/a","Health Care","Major Pharmaceuticals","https://www.nasdaq.com/symbol/srpt",
"SVRA","Savara, Inc.","2.44","$92.04M","n/a","Health Care","Major Pharmaceuticals","https://www.nasdaq.com/symbol/svra",
"SBFG","SB Financial Group, Inc.","16.5","$106.48M","n/a","Finance","Major Banks","https://www.nasdaq.com/symbol/sbfg",
"SBFGP","SB Financial Group, Inc.","16.12","$241719.4","n/a","Finance","Major Banks","https://www.nasdaq.com/symbol/sbfgp",
"SBBX","SB One Bancorp","22.28","$211.11M","n/a","Finance","Major Banks","https://www.nasdaq.com/symbol/sbbx",
"SBAC","SBA Communications Corporation","228.33","$25.86B","1999","Consumer Services","Real Estate Investment Trusts","https://www.nasdaq.com/symbol/sbac",
"SCSC","ScanSource, Inc.","32.32","$830.81M","n/a","Technology","Retail: Computer Software & Peripheral Equipment","https://www.nasdaq.com/symbol/scsc",
"SMIT","Schmitt Industries, Inc.","2.24","$9.03M","n/a","Capital Goods","Industrial Machinery/Components","https://www.nasdaq.com/symbol/smit",
"SCHN","Schnitzer Steel Industries, Inc.","24.51","$656.29M","1993","Consumer Durables","Industrial Specialties","https://www.nasdaq.com/symbol/schn",
"SRRK","Scholar Rock Holding Corporation","14.95","$392.08M","2018","Health Care","Biotechnology: Biological Products (No Diagnostic Substances)","https://www.nasdaq.com/symbol/srrk",
"SCHL","Scholastic Corporation","32.98","$1.16B","1992","Consumer Services","Books","https://www.nasdaq.com/symbol/schl",
"SAMA","Schultze Special Purpose Acquisition Corp.","9.9","$160.88M","2019","Finance","Business Services","https://www.nasdaq.com/symbol/sama",
"SAMAU","Schultze Special Purpose Acquisition Corp.","10.15","n/a","2018","Finance","Business Services","https://www.nasdaq.com/symbol/samau",
"SAMAW","Schultze Special Purpose Acquisition Corp.","0.34","n/a","2019","Finance","Business Services","https://www.nasdaq.com/symbol/samaw",
"SGMS","Scientific Games Corp","18.25","$1.7B","n/a","Technology","EDP Services","https://www.nasdaq.com/symbol/sgms",
"SCPL","SciPlay Corporation","13.49","$1.71B","2019","Technology","EDP Services","https://www.nasdaq.com/symbol/scpl",
"SCPH","scPharmaceuticals Inc.","2.97","$55.18M","2017","Health Care","Major Pharmaceuticals","https://www.nasdaq.com/symbol/scph",
"WORX","SCWorx Corp.","5.26","$34.58M","2016","Consumer Services","Services-Misc. Amusement & Recreation","https://www.nasdaq.com/symbol/worx",
"SCYX","SCYNEXIS, Inc.","1.31","$70.28M","2014","Health Care","Major Pharmaceuticals","https://www.nasdaq.com/symbol/scyx",
"SEAC","SeaChange International, Inc.","1.35","$49.42M","1996","Technology","Radio And Television Broadcasting And Communications Equipment","https://www.nasdaq.com/symbol/seac",
"SBCF","Seacoast Banking Corporation of Florida","24.13","$1.24B","n/a","Finance","Major Banks","https://www.nasdaq.com/symbol/sbcf",
"STX","Seagate Technology PLC","46.21","$12.79B","2002","Technology","Electronic Components","https://www.nasdaq.com/symbol/stx",
"SHIP","Seanergy Maritime Holdings Corp","0.6004","$5.3M","n/a","Transportation","Marine Transportation","https://www.nasdaq.com/symbol/ship",
"SHIPW","Seanergy Maritime Holdings Corp","0.023","n/a","n/a","Transportation","Marine Transportation","https://www.nasdaq.com/symbol/shipw",
"SHIPZ","Seanergy Maritime Holdings Corp","0.2","$1.2M","n/a","Transportation","Marine Transportation","https://www.nasdaq.com/symbol/shipz",
"SHOS","Sears Hometown and Outlet Stores, Inc.","2.4","$54.49M","n/a","Consumer Services","Department/Specialty Retail Stores","https://www.nasdaq.com/symbol/shos",
"SPNE","SeaSpine Holdings Corporation","13.29","$251.15M","n/a","Health Care","Medical/Dental Instruments","https://www.nasdaq.com/symbol/spne",
"SGEN","Seattle Genetics, Inc.","69.03","$11.14B","2001","Health Care","Biotechnology: Biological Products (No Diagnostic Substances)","https://www.nasdaq.com/symbol/sgen",
"EYES","Second Sight Medical Products, Inc.","0.8075","$100.29M","2014","Health Care","Biotechnology: Electromedical & Electrotherapeutic Apparatus","https://www.nasdaq.com/symbol/eyes",
"EYESW","Second Sight Medical Products, Inc.","0.1711","n/a","n/a","Health Care","Biotechnology: Electromedical & Electrotherapeutic Apparatus","https://www.nasdaq.com/symbol/eyesw",
"SECO","Secoo Holding Limited","7.15","$359.25M","2017","Consumer Services","Other Specialty Stores","https://www.nasdaq.com/symbol/seco",
"SCWX","SecureWorks Corp.","12.87","$1.05B","2016","Technology","Computer Software: Prepackaged Software","https://www.nasdaq.com/symbol/scwx",
"SNFCA","Security National Financial Corporation","4.89","$85.63M","n/a","Finance","Finance: Consumer Services","https://www.nasdaq.com/symbol/snfca",
"SEEL","Seelos Therapeutics, Inc.","2.28","$48.51M","n/a","Health Care","Major Pharmaceuticals","https://www.nasdaq.com/symbol/seel",
"SEIC","SEI Investments Company","54.02","$8.24B","1981","Finance","Investment Bankers/Brokers/Service","https://www.nasdaq.com/symbol/seic",
"SLCT","Select Bancorp, Inc.","11.4","$220.32M","n/a","Finance","Major Banks","https://www.nasdaq.com/symbol/slct",
"SIC","Select Interior Concepts, Inc.","10.41","$268.8M","n/a","Basic Industries","Homebuilding","https://www.nasdaq.com/symbol/sic",
"SELB","Selecta Biosciences, Inc.","1.92","$85.99M","2016","Health Care","Major Pharmaceuticals","https://www.nasdaq.com/symbol/selb",
"SIGI","Selective Insurance Group, Inc.","75.39","$4.47B","n/a","Finance","Property-Casualty Insurers","https://www.nasdaq.com/symbol/sigi",
"SLS","SELLAS Life Sciences Group, Inc. ","0.128","$6.6M","n/a","Health Care","Major Pharmaceuticals","https://www.nasdaq.com/symbol/sls",
"LEDS","SemiLEDS Corporation","2.99","$10.73M","2010","Technology","Semiconductors","https://www.nasdaq.com/symbol/leds",
"SMTC","Semtech Corporation","45.41","$3.03B","n/a","Technology","Semiconductors","https://www.nasdaq.com/symbol/smtc",
"SENEA","Seneca Foods Corp.","26.34","$249.7M","n/a","Consumer Non-Durables","Packaged Foods","https://www.nasdaq.com/symbol/senea",
"SENEB","Seneca Foods Corp.","26.65","$252.64M","n/a","Consumer Non-Durables","Packaged Foods","https://www.nasdaq.com/symbol/seneb",
"SNES","SenesTech, Inc.","1.47","$36.74M","2016","Basic Industries","Agricultural Chemicals","https://www.nasdaq.com/symbol/snes",
"SNH","Senior Housing Properties Trust","8.15","$1.94B","n/a","Consumer Services","Real Estate Investment Trusts","https://www.nasdaq.com/symbol/snh",
"SNHNI","Senior Housing Properties Trust","22.23","n/a","n/a","Consumer Services","Real Estate Investment Trusts","https://www.nasdaq.com/symbol/snhni",
"SNHNL","Senior Housing Properties Trust","24.5","n/a","n/a","Consumer Services","Real Estate Investment Trusts","https://www.nasdaq.com/symbol/snhnl",
"AIHS","Senmiao Technology Limited","2.81","$77.91M","2018","Finance","Finance: Consumer Services","https://www.nasdaq.com/symbol/aihs",
"SRTS","Sensus Healthcare, Inc.","5.12","$84.57M","2016","Health Care","Medical/Dental Instruments","https://www.nasdaq.com/symbol/srts",
"SRTSW","Sensus Healthcare, Inc.","0.39","n/a","2016","Health Care","Medical/Dental Instruments","https://www.nasdaq.com/symbol/srtsw",
"STNL","Sentinel Energy Services Inc.","10.17","$438.58M","2017","Finance","Business Services","https://www.nasdaq.com/symbol/stnl",
"STNLU","Sentinel Energy Services Inc.","10.28","n/a","2017","Finance","Business Services","https://www.nasdaq.com/symbol/stnlu",
"STNLW","Sentinel Energy Services Inc.","0.66","n/a","2017","Finance","Business Services","https://www.nasdaq.com/symbol/stnlw",
"SQBG","Sequential Brands Group, Inc.","0.5045","$32.62M","n/a","Consumer Non-Durables","Apparel","https://www.nasdaq.com/symbol/sqbg",
"MCRB","Seres Therapeutics, Inc.","2.79","$114.65M","2015","Health Care","Major Pharmaceuticals","https://www.nasdaq.com/symbol/mcrb",
"SREV","ServiceSource International, Inc.","0.97","$90.51M","2011","Miscellaneous","Business Services","https://www.nasdaq.com/symbol/srev",
"SFBS","ServisFirst Bancshares, Inc.","32.72","$1.75B","2014","Finance","Major Banks","https://www.nasdaq.com/symbol/sfbs",
"SESN","Sesen Bio, Inc.","1.5","$121.15M","2014","Health Care","Major Pharmaceuticals","https://www.nasdaq.com/symbol/sesn",
"SVBI","Severn Bancorp Inc","8.55","$109.23M","n/a","Finance","Major Banks","https://www.nasdaq.com/symbol/svbi",
"SGBX","SG Blocks, Inc.","0.9","$4.6M","2017","Consumer Services","RETAIL: Building Materials","https://www.nasdaq.com/symbol/sgbx",
"SGOC","SGOCO Group, Ltd","1.003","$80.27M","2010","Technology","Radio And Television Broadcasting And Communications Equipment","https://www.nasdaq.com/symbol/sgoc",
"SMED","Sharps Compliance Corp.","3.51","$56.66M","n/a","Basic Industries","Environmental Services","https://www.nasdaq.com/symbol/smed",
"SHSP","SharpSpring, Inc.","12.85","$140.43M","n/a","Technology","Computer Software: Prepackaged Software","https://www.nasdaq.com/symbol/shsp",
"SHEN","Shenandoah Telecommunications Co","38.43","$1.92B","n/a","Public Utilities","Telecommunications Equipment","https://www.nasdaq.com/symbol/shen",
"PIXY","ShiftPixy, Inc.","0.5209","$17.64M","2017","Technology","Diversified Commercial Services","https://www.nasdaq.com/symbol/pixy",
"SHLO","Shiloh Industries, Inc.","4.64","$110.25M","1993","Capital Goods","Industrial Specialties","https://www.nasdaq.com/symbol/shlo",
"TYHT","Shineco, Inc.","0.6795","$15.54M","2016","Consumer Non-Durables","Farming/Seeds/Milling","https://www.nasdaq.com/symbol/tyht",
"SWAV","ShockWave Medical, Inc.","54.56","$1.53B","2019","Health Care","Medical/Dental Instruments","https://www.nasdaq.com/symbol/swav",
"SCVL","Shoe Carnival, Inc.","26.38","$387.54M","1993","Consumer Services","Clothing/Shoe/Accessory Stores","https://www.nasdaq.com/symbol/scvl",
"SHBI","Shore Bancshares Inc","15.65","$199.99M","n/a","Finance","Major Banks","https://www.nasdaq.com/symbol/shbi",
"SSTI","ShotSpotter, Inc.","42.52","$481.37M","2017","Technology","Computer Software: Prepackaged Software","https://www.nasdaq.com/symbol/ssti",
"SFLY","Shutterfly, Inc.","50.4","$1.73B","2006","Miscellaneous","Other Consumer Services","https://www.nasdaq.com/symbol/sfly",
"SIBN","SI-BONE, Inc.","17.98","$441.65M","2018","Health Care","Medical/Dental Instruments","https://www.nasdaq.com/symbol/sibn",
"SIEB","Siebert Financial Corp.","8.51","$231.11M","n/a","Finance","Investment Bankers/Brokers/Service","https://www.nasdaq.com/symbol/sieb",
"SNNA","Sienna Biopharmaceuticals, Inc.","1.06","$32.37M","2017","Health Care","Major Pharmaceuticals","https://www.nasdaq.com/symbol/snna",
"SIEN","Sientra, Inc.","6.16","$303.17M","2014","Health Care","Industrial Specialties","https://www.nasdaq.com/symbol/sien",
"BSRR","Sierra Bancorp","25.76","$394.86M","n/a","Finance","Major Banks","https://www.nasdaq.com/symbol/bsrr",
"SRRA","Sierra Oncology, Inc.","0.5801","$43.33M","2015","Health Care","Major Pharmaceuticals","https://www.nasdaq.com/symbol/srra",
"SWIR","Sierra Wireless, Inc.","11.61","$419.7M","n/a","Technology","Radio And Television Broadcasting And Communications Equipment","https://www.nasdaq.com/symbol/swir",
"SIFY","Sify Technologies Limited","1.34","$240.05M","n/a","Technology","Computer Software: Programming, Data Processing","https://www.nasdaq.com/symbol/sify",
"SIGA","SIGA Technologies Inc.","5.43","$439.51M","n/a","Health Care","Major Pharmaceuticals","https://www.nasdaq.com/symbol/siga",
"SGLB","Sigma Labs, Inc.","1.3","$14.22M","n/a","Consumer Durables","Miscellaneous manufacturing industries","https://www.nasdaq.com/symbol/sglb",
"SGLBW","Sigma Labs, Inc.","0.4","n/a","n/a","Consumer Durables","Miscellaneous manufacturing industries","https://www.nasdaq.com/symbol/sglbw",
"SGMA","SigmaTron International, Inc.","2.85","$12.06M","1994","Technology","Electrical Products","https://www.nasdaq.com/symbol/sgma",
"SBNY","Signature Bank","116.64","$6.43B","2004","Finance","Major Banks","https://www.nasdaq.com/symbol/sbny",
"SLGN","Silgan Holdings Inc.","29.72","$3.3B","1997","Consumer Durables","Containers/Packaging","https://www.nasdaq.com/symbol/slgn",
"SILC","Silicom Ltd","31.6","$240.16M","n/a","Technology","Computer Communications Equipment","https://www.nasdaq.com/symbol/silc",
"SLAB","Silicon Laboratories, Inc.","95.45","$4.14B","2000","Technology","Semiconductors","https://www.nasdaq.com/symbol/slab",
"SIMO","Silicon Motion Technology Corporation","40.41","$1.46B","2005","Technology","Semiconductors","https://www.nasdaq.com/symbol/simo",
"SILK","Silk Road Medical, Inc.","45.7","$1.4B","2019","Health Care","Medical/Dental Instruments","https://www.nasdaq.com/symbol/silk",
"SAMG","Silvercrest Asset Management Group Inc.","13.74","$184.85M","2013","Finance","Investment Managers","https://www.nasdaq.com/symbol/samg",
"SSNT","SilverSun Technologies, Inc.","2.79","$12.56M","n/a","Miscellaneous","Business Services","https://www.nasdaq.com/symbol/ssnt",
"SFNC","Simmons First National Corporation","22.52","$2.16B","n/a","Finance","Major Banks","https://www.nasdaq.com/symbol/sfnc",
"SLP","Simulations Plus, Inc.","28.1","$492.18M","n/a","Technology","EDP Services","https://www.nasdaq.com/symbol/slp",
"SINA","Sina Corporation","40.93","$2.84B","n/a","Technology","Computer Software: Prepackaged Software","https://www.nasdaq.com/symbol/sina",
"SBGI","Sinclair Broadcast Group, Inc.","53.45","$4.88B","1995","Consumer Services","Broadcasting","https://www.nasdaq.com/symbol/sbgi",
"SINO","Sino-Global Shipping America, Ltd.","0.719","$11.21M","n/a","Transportation","Oil Refining/Marketing","https://www.nasdaq.com/symbol/sino",
"SVA","Sinovac Biotech, Ltd.","6.47","$460.25M","n/a","Health Care","Major Pharmaceuticals","https://www.nasdaq.com/symbol/sva",
"SINT","SiNtx Technologies, Inc.","0.0959","$2.09M","2014","Health Care","Medical/Dental Instruments","https://www.nasdaq.com/symbol/sint",
"SG","Sirius International Insurance Group, Ltd.","12.19","$1.41B","n/a","Finance","Property-Casualty Insurers","https://www.nasdaq.com/symbol/sg",
"SIRI","Sirius XM Holdings Inc.","5.54","$25.52B","n/a","Consumer Services","Broadcasting","https://www.nasdaq.com/symbol/siri",
"SITO","SITO Mobile, Ltd.","0.71","$18.21M","n/a","Miscellaneous","Business Services","https://www.nasdaq.com/symbol/sito",
"SKYS","Sky Solar Holdings, Ltd.","0.5","$26.22M","2014","Public Utilities","Electric Utilities: Central","https://www.nasdaq.com/symbol/skys",
"SKYW","SkyWest, Inc.","56.07","$2.86B","1986","Transportation","Air Freight/Delivery Services","https://www.nasdaq.com/symbol/skyw",
"SWKS","Skyworks Solutions, Inc.","74.32","$12.83B","n/a","Technology","Semiconductors","https://www.nasdaq.com/symbol/swks",
"SNBR","Sleep Number Corporation","38.21","$1.15B","n/a","Consumer Durables","Home Furnishings","https://www.nasdaq.com/symbol/snbr",
"SLM","SLM Corporation","9.14","$3.95B","n/a","Finance","Finance: Consumer Services","https://www.nasdaq.com/symbol/slm",
"SLMBP","SLM Corporation","59.59","$238.36M","n/a","Finance","Finance: Consumer Services","https://www.nasdaq.com/symbol/slmbp",
"SGH","SMART Global Holdings, Inc.","19.13","$438.6M","2017","Technology","Semiconductors","https://www.nasdaq.com/symbol/sgh",
"SND","Smart Sand, Inc.","2.4","$98.32M","2016","Basic Industries","Mining & Quarrying of Nonmetallic Minerals (No Fuels)","https://www.nasdaq.com/symbol/snd",
"SMBK","SmartFinancial, Inc.","21.12","$294.66M","n/a","Finance","Major Banks","https://www.nasdaq.com/symbol/smbk",
"SMSI","Smith Micro Software, Inc.","3.15","$101.01M","1995","Technology","Computer Software: Prepackaged Software","https://www.nasdaq.com/symbol/smsi",
"SMTX","SMTC Corporation","3.48","$81.27M","2000","Technology","Electrical Products","https://www.nasdaq.com/symbol/smtx",
"SRAX","Social Reality, Inc.","4.14","$51.11M","n/a","Technology","Advertising","https://www.nasdaq.com/symbol/srax",
"SCKT","Socket Mobile, Inc.","2.2315","$13.39M","n/a","Technology","Computer Manufacturing","https://www.nasdaq.com/symbol/sckt",
"GIGE","SoFi Gig Economy ETF","19.47","$4.87M","n/a","n/a","n/a","https://www.nasdaq.com/symbol/gige",
"SOHU","Sohu.com Limited ","13.65","$535.47M","n/a","Technology","EDP Services","https://www.nasdaq.com/symbol/sohu",
"SLRC","Solar Capital Ltd.","20.18","$852.82M","2010","n/a","n/a","https://www.nasdaq.com/symbol/slrc",
"SUNS","Solar Senior Capital Ltd.","15.94","$255.74M","n/a","n/a","n/a","https://www.nasdaq.com/symbol/suns",
"SEDG","SolarEdge Technologies, Inc.","59.22","$2.82B","2015","Technology","Semiconductors","https://www.nasdaq.com/symbol/sedg",
"SLNO","Soleno Therapeutics, Inc.","2.6","$82.62M","2014","Health Care","Biotechnology: Electromedical & Electrotherapeutic Apparatus","https://www.nasdaq.com/symbol/slno",
"SLNOW","Soleno Therapeutics, Inc.","0.1043","n/a","2014","Health Care","Biotechnology: Electromedical & Electrotherapeutic Apparatus","https://www.nasdaq.com/symbol/slnow",
"SLGL","Sol-Gel Technologies Ltd.","9.49","$179.84M","2018","Health Care","Major Pharmaceuticals","https://www.nasdaq.com/symbol/slgl",
"SLDB","Solid Biosciences Inc.","4.84","$171.36M","2018","Health Care","Biotechnology: Biological Products (No Diagnostic Substances)","https://www.nasdaq.com/symbol/sldb",
"SNGX","Soligenix, Inc.","0.75","$13.84M","n/a","Health Care","Major Pharmaceuticals","https://www.nasdaq.com/symbol/sngx",
"SNGXW","Soligenix, Inc.","0.14","n/a","n/a","Health Care","Major Pharmaceuticals","https://www.nasdaq.com/symbol/sngxw",
"SOLY","Soliton, Inc.","14.72","$220.94M","2019","Health Care","Medical/Dental Instruments","https://www.nasdaq.com/symbol/soly",
"SONM","Sonim Technologies, Inc.","13.04","$254.41M","2019","Public Utilities","Telecommunications Equipment","https://www.nasdaq.com/symbol/sonm",
"SNOA","Sonoma Pharmaceuticals, Inc.","7.69","$10.23M","n/a","Health Care","Major Pharmaceuticals","https://www.nasdaq.com/symbol/snoa",
"SNOAW","Sonoma Pharmaceuticals, Inc.","0.0053","n/a","n/a","Health Care","Major Pharmaceuticals","https://www.nasdaq.com/symbol/snoaw",
"SONO","Sonos, Inc.","10.89","$1.1B","2018","Consumer Non-Durables","Consumer Electronics/Appliances","https://www.nasdaq.com/symbol/sono",
"SPHS","Sophiris Bio, Inc.","0.76","$22.97M","2013","Health Care","Major Pharmaceuticals","https://www.nasdaq.com/symbol/sphs",
"SORL","SORL Auto Parts, Inc.","3.33","$64.29M","n/a","Capital Goods","Auto Parts:O.E.M.","https://www.nasdaq.com/symbol/sorl",
"SRNE","Sorrento Therapeutics, Inc.","3.56","$436.28M","n/a","Health Care","Biotechnology: Commercial Physical & Biological Resarch","https://www.nasdaq.com/symbol/srne",
"SOHO","Sotherly Hotels Inc.","7.26","$103.25M","n/a","Consumer Services","Real Estate Investment Trusts","https://www.nasdaq.com/symbol/soho",
"SOHOB","Sotherly Hotels Inc.","25.69","$41.36M","n/a","Consumer Services","Real Estate Investment Trusts","https://www.nasdaq.com/symbol/sohob",
"SOHON","Sotherly Hotels Inc.","25.95","$28.03M","n/a","Consumer Services","Real Estate Investment Trusts","https://www.nasdaq.com/symbol/sohon",
"SOHOO","Sotherly Hotels Inc.","25.62","$34.64M","n/a","Consumer Services","Real Estate Investment Trusts","https://www.nasdaq.com/symbol/sohoo",
"SFBC","Sound Financial Bancorp, Inc.","34.7067","$88.98M","n/a","Finance","Savings Institutions","https://www.nasdaq.com/symbol/sfbc",
"SMMCU","South Mountain Merger Corp.","10","n/a","2019","n/a","n/a","https://www.nasdaq.com/symbol/smmcu",
"SPFI","South Plains Financial, Inc.","16.87","$294.74M","2019","Finance","Major Banks","https://www.nasdaq.com/symbol/spfi",
"SSB","South State Corporation","72.49","$2.56B","n/a","Finance","Major Banks","https://www.nasdaq.com/symbol/ssb",
"SFST","Southern First Bancshares, Inc.","37.45","$281.09M","n/a","Finance","Major Banks","https://www.nasdaq.com/symbol/sfst",
"SMBC","Southern Missouri Bancorp, Inc.","32.83","$306.12M","n/a","Finance","Banks","https://www.nasdaq.com/symbol/smbc",
"SONA","Southern National Bancorp of Virginia, Inc.","14.58","$351.63M","n/a","Finance","Major Banks","https://www.nasdaq.com/symbol/sona",
"SBSI","Southside Bancshares, Inc.","31.51","$1.06B","n/a","Finance","Major Banks","https://www.nasdaq.com/symbol/sbsi",
"SY","So-Young International Inc.","13.03","$1.31B","2019","Technology","EDP Services","https://www.nasdaq.com/symbol/sy",
"SP","SP Plus Corporation","31.94","$729.94M","n/a","Consumer Services","Rental/Leasing Companies","https://www.nasdaq.com/symbol/sp",
"SGRP","SPAR Group, Inc.","0.6801","$14.13M","n/a","Miscellaneous","Business Services","https://www.nasdaq.com/symbol/sgrp",
"SPKE","Spark Energy, Inc.","10.52","$367.59M","2014","Public Utilities","Power Generation","https://www.nasdaq.com/symbol/spke",
"SPKEP","Spark Energy, Inc.","24.91","$92.35M","n/a","Public Utilities","Power Generation","https://www.nasdaq.com/symbol/spkep",
"ONCE","Spark Therapeutics, Inc.","100.79","$3.87B","2015","Health Care","Biotechnology: Biological Products (No Diagnostic Substances)","https://www.nasdaq.com/symbol/once",
"SPAR","Spartan Motors, Inc.","10.19","$360.22M","n/a","Capital Goods","Auto Manufacturing","https://www.nasdaq.com/symbol/spar",
"SPTN","SpartanNash Company","11.5","$417.61M","n/a","Consumer Non-Durables","Food Distributors","https://www.nasdaq.com/symbol/sptn",
"DWFI","SPDR Dorsey Wright Fixed Income Allocation ETF","23.38","$109.89M","n/a","n/a","n/a","https://www.nasdaq.com/symbol/dwfi",
"SPPI","Spectrum Pharmaceuticals, Inc.","8.42","$942.73M","n/a","Health Care","Major Pharmaceuticals","https://www.nasdaq.com/symbol/sppi",
"SPRO","Spero Therapeutics, Inc.","13.51","$236.75M","2017","Health Care","Major Pharmaceuticals","https://www.nasdaq.com/symbol/spro",
"ANY","Sphere 3D Corp.","1.52","$3.5M","n/a","Technology","EDP Services","https://www.nasdaq.com/symbol/any",
"SPEX","Spherix Incorporated","2.27","$5.06M","n/a","Miscellaneous","Multi-Sector Companies","https://www.nasdaq.com/symbol/spex",
"SPI","SPI Energy Co., Ltd.","1.9734","$28.64M","n/a","Technology","Semiconductors","https://www.nasdaq.com/symbol/spi",
"SAVE","Spirit Airlines, Inc.","46.96","$3.21B","n/a","Transportation","Air Freight/Delivery Services","https://www.nasdaq.com/symbol/save",
"STXB","Spirit of Texas Bancshares, Inc.","22.29","$307.16M","2018","Finance","Major Banks","https://www.nasdaq.com/symbol/stxb",
"SPLK","Splunk Inc.","117.99","$17.72B","2012","Technology","Computer Software: Prepackaged Software","https://www.nasdaq.com/symbol/splk",
"SPOK","Spok Holdings, Inc.","14.75","$283.26M","n/a","Public Utilities","Telecommunications Equipment","https://www.nasdaq.com/symbol/spok",
"SPWH","Sportsman&#39;s Warehouse Holdings, Inc.","3.7","$159.02M","2014","Consumer Services","Other Specialty Stores","https://www.nasdaq.com/symbol/spwh",
"SBPH","Spring Bank Pharmaceuticals, Inc.","4.1","$67.42M","2016","Health Care","Major Pharmaceuticals","https://www.nasdaq.com/symbol/sbph",
"FUND","Sprott Focus Trust, Inc.","6.49","$176.23M","n/a","Consumer Services","Miscellaneous","https://www.nasdaq.com/symbol/fund",
"SFM","Sprouts Farmers Market, Inc.","18.47","$2.18B","2013","Consumer Services","Food Chains","https://www.nasdaq.com/symbol/sfm",
"SPSC","SPS Commerce, Inc.","102.46","$1.84B","2010","Technology","Computer Software: Prepackaged Software","https://www.nasdaq.com/symbol/spsc",
"SSNC","SS&C Technologies Holdings, Inc.","57.2","$14.47B","2010","Technology","Computer Software: Prepackaged Software","https://www.nasdaq.com/symbol/ssnc",
"YGTY","SSLJ.com Limited","2.39","$23.55M","2018","Finance","Diversified Commercial Services","https://www.nasdaq.com/symbol/ygty",
"SSRM","SSR Mining Inc.","13.84","$1.68B","n/a","Basic Industries","Precious Metals","https://www.nasdaq.com/symbol/ssrm",
"STAA","STAAR Surgical Company","29.26","$1.3B","n/a","Health Care","Ophthalmic Goods","https://www.nasdaq.com/symbol/staa",
"STAF","Staffing 360 Solutions, Inc.","1.5274","$12.59M","n/a","Technology","Professional Services","https://www.nasdaq.com/symbol/staf",
"STMP","Stamps.com Inc.","40.34","$698.56M","1999","Miscellaneous","Business Services","https://www.nasdaq.com/symbol/stmp",
"STND","Standard AVB Financial Corp.","27.95","$134.54M","n/a","Finance","Major Banks","https://www.nasdaq.com/symbol/stnd",
"SBLK","Star Bulk Carriers Corp.","8.43","$773.45M","n/a","Transportation","Marine Transportation","https://www.nasdaq.com/symbol/sblk",
"SBLKZ","Star Bulk Carriers Corp.","25.6144","n/a","n/a","Transportation","Marine Transportation","https://www.nasdaq.com/symbol/sblkz",
"SBUX","Starbucks Corporation","84.25","$102.04B","1992","Consumer Services","Restaurants","https://www.nasdaq.com/symbol/sbux",
"STFC","State Auto Financial Corporation","34.25","$1.49B","1991","Finance","Property-Casualty Insurers","https://www.nasdaq.com/symbol/stfc",
"MITO","Stealth BioTherapeutics Corp.","12.691","$437.1M","2019","Health Care","Major Pharmaceuticals","https://www.nasdaq.com/symbol/mito",
"GASS","StealthGas, Inc.","3.3","$132.41M","2005","Transportation","Marine Transportation","https://www.nasdaq.com/symbol/gass",
"STCN","Steel Connect, Inc.","1.8","$111.24M","n/a","Miscellaneous","Business Services","https://www.nasdaq.com/symbol/stcn",
"STLD","Steel Dynamics, Inc.","29.87","$6.64B","1996","Basic Industries","Steel/Iron Ore","https://www.nasdaq.com/symbol/stld",
"SMRT","Stein Mart, Inc.","0.9058","$43.54M","1992","Consumer Services","Clothing/Shoe/Accessory Stores","https://www.nasdaq.com/symbol/smrt",
"STML","Stemline Therapeutics, Inc.","14.82","$647.41M","2013","Health Care","Major Pharmaceuticals","https://www.nasdaq.com/symbol/stml",
"SRCL","Stericycle, Inc.","46.89","$4.27B","1996","Basic Industries","Environmental Services","https://www.nasdaq.com/symbol/srcl",
"SBT","Sterling Bancorp, Inc.","9.71","$503.31M","2017","Finance","Savings Institutions","https://www.nasdaq.com/symbol/sbt",
"STRL","Sterling Construction Company Inc","13.01","$343.68M","n/a","Basic Industries","Military/Government/Technical","https://www.nasdaq.com/symbol/strl",
"SHOO","Steven Madden, Ltd.","31.66","$2.72B","1993","Consumer Non-Durables","Shoe Manufacturing","https://www.nasdaq.com/symbol/shoo",
"SSFN","Stewardship Financial Corp","15.37","$133.94M","n/a","Finance","Major Banks","https://www.nasdaq.com/symbol/ssfn",
"SFIX","Stitch Fix, Inc.","30.75","$3.1B","2017","Consumer Services","Catalog/Specialty Distribution","https://www.nasdaq.com/symbol/sfix",
"SYBT","Stock Yards Bancorp, Inc.","34.86","$795.6M","n/a","Finance","Major Banks","https://www.nasdaq.com/symbol/sybt",
"STOK","Stoke Therapeutics, Inc.","25.99","$817.67M","2019","n/a","n/a","https://www.nasdaq.com/symbol/stok",
"BANX","StoneCastle Financial Corp","21.9","$143.55M","n/a","n/a","n/a","https://www.nasdaq.com/symbol/banx",
"STNE","StoneCo Ltd.","28.2","$8.37B","2018","Technology","EDP Services","https://www.nasdaq.com/symbol/stne",
"SSKN","Strata Skin Sciences, Inc.","2.33","$72.51M","n/a","Health Care","Medical/Dental Instruments","https://www.nasdaq.com/symbol/sskn",
"SSYS","Stratasys, Ltd.","24.41","$1.32B","1994","Technology","Computer peripheral equipment","https://www.nasdaq.com/symbol/ssys",
"STRA","Strategic Education, Inc.","174.76","$3.83B","1996","Consumer Services","Other Consumer Services","https://www.nasdaq.com/symbol/stra",
"HNDL","Strategy Shares Nasdaq 7HANDL Index ETF","24.01","$14.41M","n/a","n/a","n/a","https://www.nasdaq.com/symbol/hndl",
"STRT","Strattec Security Corporation","23.73","$89.11M","n/a","Capital Goods","Auto Parts:O.E.M.","https://www.nasdaq.com/symbol/strt",
"STRS","Stratus Properties Inc.","27.05","$221.18M","n/a","Consumer Services","Homebuilding","https://www.nasdaq.com/symbol/strs",
"STRM","Streamline Health Solutions, Inc.","1.86","$39.19M","n/a","Technology","EDP Services","https://www.nasdaq.com/symbol/strm",
"SBBP","Strongbridge Biopharma plc","3.15","$170.64M","2015","Health Care","Major Pharmaceuticals","https://www.nasdaq.com/symbol/sbbp",
"SUMR","Summer Infant, Inc.","0.5293","$9.98M","n/a","Consumer Durables","Miscellaneous manufacturing industries","https://www.nasdaq.com/symbol/sumr",
"SMMF","Summit Financial Group, Inc.","25.85","$327.58M","n/a","Finance","Major Banks","https://www.nasdaq.com/symbol/smmf",
"SSBI","Summit State Bank","11.3339","$68.76M","2006","n/a","n/a","https://www.nasdaq.com/symbol/ssbi",
"SMMT","Summit Therapeutics plc","1.4488","$46.5M","2015","Health Care","Major Pharmaceuticals","https://www.nasdaq.com/symbol/smmt",
"WISA","Summit Wireless Technologies, Inc.","1.11","$21.72M","2018","Technology","Semiconductors","https://www.nasdaq.com/symbol/wisa",
"SNDE","Sundance Energy Australia Limited","1.856","$127.59M","n/a","Energy","Oil & Gas Production","https://www.nasdaq.com/symbol/snde",
"SNSS","Sunesis Pharmaceuticals, Inc.","0.63","$45.69M","2005","Health Care","Major Pharmaceuticals","https://www.nasdaq.com/symbol/snss",
"STKL","SunOpta, Inc.","3.15","$276.42M","n/a","Consumer Services","Farming/Seeds/Milling","https://www.nasdaq.com/symbol/stkl",
"SPWR","SunPower Corporation","10","$1.42B","2005","Technology","Semiconductors","https://www.nasdaq.com/symbol/spwr",
"RUN","Sunrun Inc.","18.3","$2.11B","2015","Capital Goods","Industrial Specialties","https://www.nasdaq.com/symbol/run",
"SUNW","Sunworks, Inc.","0.59","$15.73M","n/a","Public Utilities","Telecommunications Equipment","https://www.nasdaq.com/symbol/sunw",
"SLGG","Super League Gaming, Inc.","8.24","$68.96M","2019","Consumer Services","Services-Misc. Amusement & Recreation","https://www.nasdaq.com/symbol/slgg",
"SPCB","SuperCom, Ltd.","1.1","$16.45M","n/a","Technology","Semiconductors","https://www.nasdaq.com/symbol/spcb",
"SCON","Superconductor Technologies Inc.","0.785","$4.32M","1993","Technology","Radio And Television Broadcasting And Communications Equipment","https://www.nasdaq.com/symbol/scon",
"SGC","Superior Group of Companies, Inc.","16.75","$257.01M","n/a","Consumer Non-Durables","Apparel","https://www.nasdaq.com/symbol/sgc",
"SUPN","Supernus Pharmaceuticals, Inc.","31.18","$1.63B","2012","Health Care","Major Pharmaceuticals","https://www.nasdaq.com/symbol/supn",
"SPRT","support.com, Inc.","1.57","$29.76M","2000","Technology","EDP Services","https://www.nasdaq.com/symbol/sprt",
"SURF","Surface Oncology, Inc.","2.9","$80.75M","2018","Health Care","Biotechnology: Biological Products (No Diagnostic Substances)","https://www.nasdaq.com/symbol/surf",
"SGRY","Surgery Partners, Inc.","7.94","$392.46M","2015","Health Care","Hospital/Nursing Management","https://www.nasdaq.com/symbol/sgry",
"SRDX","Surmodics, Inc.","39.5","$532.8M","1998","Health Care","Medical/Dental Instruments","https://www.nasdaq.com/symbol/srdx",
"STRO","Sutro Biopharma, Inc.","11.67","$267.54M","2018","Health Care","Biotechnology: Biological Products (No Diagnostic Substances)","https://www.nasdaq.com/symbol/stro",
"SIVB","SVB Financial Group","214.5","$11.16B","n/a","Finance","Major Banks","https://www.nasdaq.com/symbol/sivb",
"SVMK","SVMK Inc.","16.21","$2.11B","2018","Technology","Computer Software: Programming, Data Processing","https://www.nasdaq.com/symbol/svmk",
"SYKE","Sykes Enterprises, Incorporated","26.48","$1.13B","1996","Technology","EDP Services","https://www.nasdaq.com/symbol/syke",
"SYMC","Symantec Corporation","20.8","$12.86B","1989","Technology","Computer Software: Prepackaged Software","https://www.nasdaq.com/symbol/symc",
"SYNC","Synacor, Inc.","1.55","$60.53M","2012","Technology","Computer Software: Programming, Data Processing","https://www.nasdaq.com/symbol/sync",
"SYNL","Synalloy Corporation","15.23","$136.54M","n/a","Basic Industries","Steel/Iron Ore","https://www.nasdaq.com/symbol/synl",
"SYNA","Synaptics Incorporated","27.69","$955.26M","2002","Technology","Semiconductors","https://www.nasdaq.com/symbol/syna",
"SNCR","Synchronoss Technologies, Inc.","7.5","$320.93M","2018","Technology","EDP Services","https://www.nasdaq.com/symbol/sncr",
"SNDX","Syndax Pharmaceuticals, Inc.","8.44","$228.69M","2016","Health Care","Major Pharmaceuticals","https://www.nasdaq.com/symbol/sndx",
"SYNH","Syneos Health, Inc.","48.96","$5.08B","2014","Health Care","Biotechnology: Commercial Physical & Biological Resarch","https://www.nasdaq.com/symbol/synh",
"SYBX","Synlogic, Inc.","8.9","$282.39M","2015","Health Care","Major Pharmaceuticals","https://www.nasdaq.com/symbol/sybx",
"SNPS","Synopsys, Inc.","124.64","$18.68B","1992","Technology","Computer Software: Prepackaged Software","https://www.nasdaq.com/symbol/snps",
"SES","Synthesis Energy Systems, Inc.","0.3775","$4.16M","n/a","Basic Industries","Major Chemicals","https://www.nasdaq.com/symbol/ses",
"THOR","Synthorx, Inc.","12.55","$403.38M","2018","Health Care","Major Pharmaceuticals","https://www.nasdaq.com/symbol/thor",
"SYPR","Sypris Solutions, Inc.","0.84","$17.89M","n/a","Capital Goods","Industrial Machinery/Components","https://www.nasdaq.com/symbol/sypr",
"SYRS","Syros Pharmaceuticals, Inc.","7.52","$319.11M","2016","Health Care","Major Pharmaceuticals","https://www.nasdaq.com/symbol/syrs",
"TROW","T. Rowe Price Group, Inc.","105.92","$25.05B","1986","Finance","Investment Bankers/Brokers/Service","https://www.nasdaq.com/symbol/trow",
"TTOO","T2 Biosystems, Inc.","1.7","$75.38M","2014","Health Care","Medical/Dental Instruments","https://www.nasdaq.com/symbol/ttoo",
"TRHC","Tabula Rasa HealthCare, Inc.","49.31","$1.08B","2016","Miscellaneous","Business Services","https://www.nasdaq.com/symbol/trhc",
"TCMD","Tactile Systems Technology, Inc.","53.95","$1.02B","2016","Health Care","Medical/Dental Instruments","https://www.nasdaq.com/symbol/tcmd",
"TAIT","Taitron Components Incorporated","3.05","$17.38M","1995","Technology","Electronic Components","https://www.nasdaq.com/symbol/tait",
"TLC","Taiwan Liposome Company, Ltd.","5.4","$172.92M","2018","Health Care","Major Pharmaceuticals","https://www.nasdaq.com/symbol/tlc",
"TTWO","Take-Two Interactive Software, Inc.","112.81","$12.7B","1997","Technology","Computer Software: Prepackaged Software","https://www.nasdaq.com/symbol/ttwo",
"TLND","Talend S.A.","37.57","$1.14B","2016","Technology","Computer Software: Prepackaged Software","https://www.nasdaq.com/symbol/tlnd",
"TNDM","Tandem Diabetes Care, Inc.","61.95","$3.6B","2013","Health Care","Medical/Dental Instruments","https://www.nasdaq.com/symbol/tndm",
"TLF","Tandy Leather Factory, Inc.","5.8621","$52.37M","n/a","Consumer Non-Durables","Apparel","https://www.nasdaq.com/symbol/tlf",
"TANH","Tantech Holdings Ltd.","1.48","$42.7M","2015","Basic Industries","Major Chemicals","https://www.nasdaq.com/symbol/tanh",
"TAOP","Taoping Inc.","0.742","$30.99M","n/a","Technology","Computer Software: Prepackaged Software","https://www.nasdaq.com/symbol/taop",
"TEDU","Tarena International, Inc.","2.66","$141.19M","2014","Consumer Services","Other Consumer Services","https://www.nasdaq.com/symbol/tedu",
"TH","Target Hospitality Corp.","9.13","$960.78M","2018","Consumer Services","Hotels/Resorts","https://www.nasdaq.com/symbol/th",
"THWWW","Target Hospitality Corp.","2.22","n/a","2018","Consumer Services","Hotels/Resorts","https://www.nasdaq.com/symbol/thwww",
"TRNX","Taronis Technologies, Inc.","0.1781","$5.42M","n/a","Technology","Industrial Machinery/Components","https://www.nasdaq.com/symbol/trnx",
"TATT","TAT Technologies Ltd.","5.73","$52.42M","n/a","Capital Goods","Aerospace","https://www.nasdaq.com/symbol/tatt",
"TAYD","Taylor Devices, Inc.","10.97","$38.09M","n/a","Capital Goods","Industrial Machinery/Components","https://www.nasdaq.com/symbol/tayd",
"CGBD","TCG BDC, Inc.","15.41","$934.05M","2017","n/a","n/a","https://www.nasdaq.com/symbol/cgbd",
"TCRR","TCR2 Therapeutics Inc.","14.67","$351.2M","2019","Health Care","Biotechnology: Biological Products (No Diagnostic Substances)","https://www.nasdaq.com/symbol/tcrr",
"AMTD","TD Ameritrade Holding Corporation","48.29","$26.72B","1997","Finance","Investment Bankers/Brokers/Service","https://www.nasdaq.com/symbol/amtd",
"PETZ","TDH Holdings, Inc.","0.86","$10.76M","2017","Consumer Non-Durables","Packaged Foods","https://www.nasdaq.com/symbol/petz",
"TECD","Tech Data Corporation","97.89","$3.57B","1986","Technology","Retail: Computer Software & Peripheral Equipment","https://www.nasdaq.com/symbol/tecd",
"TCCO","Technical Communications Corporation","3.9608","$7.32M","n/a","Technology","Radio And Television Broadcasting And Communications Equipment","https://www.nasdaq.com/symbol/tcco",
"TTGT","TechTarget, Inc.","20.48","$565.16M","2007","Miscellaneous","Business Services","https://www.nasdaq.com/symbol/ttgt",
"TGLS","Tecnoglass Inc.","6.27","$273.57M","2012","Consumer Durables","Electronic Components","https://www.nasdaq.com/symbol/tgls",
"TGEN","Tecogen Inc.","3.68","$91.41M","2014","Capital Goods","Industrial Machinery/Components","https://www.nasdaq.com/symbol/tgen",
"TECTP","Tectonic Financial, Inc.","10.9763","$16.46M","2019","Finance","Major Banks","https://www.nasdaq.com/symbol/tectp",
"TNAV","Telenav, Inc.","7.95","$362.86M","2010","Capital Goods","Industrial Machinery/Components","https://www.nasdaq.com/symbol/tnav",
"TLGT","Teligent, Inc.","0.6","$32.31M","n/a","Health Care","Major Pharmaceuticals","https://www.nasdaq.com/symbol/tlgt",
"TELL","Tellurian Inc.","7.63","$2.04B","n/a","Energy","Oil & Gas Production","https://www.nasdaq.com/symbol/tell",
"TENB","Tenable Holdings, Inc.","27.55","$2.66B","2018","Technology","Computer Software: Prepackaged Software","https://www.nasdaq.com/symbol/tenb",
"TENX","Tenax Therapeutics, Inc.","1.28","$7.93M","n/a","Health Care","Biotechnology: Commercial Physical & Biological Resarch","https://www.nasdaq.com/symbol/tenx",
"TZAC","Tenzing Acquisition Corp.","10.2652","$84.84M","2018","Finance","Business Services","https://www.nasdaq.com/symbol/tzac",
"TZACU","Tenzing Acquisition Corp.","10.46","n/a","2018","Finance","Business Services","https://www.nasdaq.com/symbol/tzacu",
"TZACW","Tenzing Acquisition Corp.","0.21","n/a","2018","Finance","Business Services","https://www.nasdaq.com/symbol/tzacw",
"TER","Teradyne, Inc.","45.45","$7.79B","n/a","Capital Goods","Electrical Products","https://www.nasdaq.com/symbol/ter",
"TERP","TerraForm Power, Inc.","14.35","$3B","2014","Public Utilities","Electric Utilities: Central","https://www.nasdaq.com/symbol/terp",
"TBNK","Territorial Bancorp Inc.","27.94","$269.4M","2009","Finance","Savings Institutions","https://www.nasdaq.com/symbol/tbnk",
"TSLA","Tesla, Inc. ","219.76","$39.16B","2010","Capital Goods","Auto Manufacturing","https://www.nasdaq.com/symbol/tsla",
"TESS","TESSCO Technologies Incorporated","18.26","$155.45M","1994","Technology","Electronic Components","https://www.nasdaq.com/symbol/tess",
"TTEK","Tetra Tech, Inc.","74.77","$4.1B","1991","Consumer Services","Military/Government/Technical","https://www.nasdaq.com/symbol/ttek",
"TTPH","Tetraphase Pharmaceuticals, Inc.","0.5401","$29.31M","2013","Health Care","Major Pharmaceuticals","https://www.nasdaq.com/symbol/ttph",
"TCBI","Texas Capital Bancshares, Inc.","59.28","$2.98B","2003","Finance","Major Banks","https://www.nasdaq.com/symbol/tcbi",
"TCBIL","Texas Capital Bancshares, Inc.","26.04","n/a","n/a","Finance","Major Banks","https://www.nasdaq.com/symbol/tcbil",
"TCBIP","Texas Capital Bancshares, Inc.","25.82","$154.92M","n/a","Finance","Major Banks","https://www.nasdaq.com/symbol/tcbip",
"TXN","Texas Instruments Incorporated","111.48","$104.59B","n/a","Technology","Semiconductors","https://www.nasdaq.com/symbol/txn",
"TXRH","Texas Roadhouse, Inc.","53.1","$3.81B","2004","Consumer Services","Restaurants","https://www.nasdaq.com/symbol/txrh",
"TFSL","TFS Financial Corporation","17.65","$4.94B","n/a","Finance","Savings Institutions","https://www.nasdaq.com/symbol/tfsl",
"TGTX","TG Therapeutics, Inc.","6.83","$620.41M","n/a","Health Care","Major Pharmaceuticals","https://www.nasdaq.com/symbol/tgtx",
"WTER","The Alkaline Water Company Inc.","1.63","$42.15M","n/a","Consumer Non-Durables","Food Distributors","https://www.nasdaq.com/symbol/wter",
"ANDE","The Andersons, Inc.","27.57","$896.03M","n/a","Consumer Services","Farming/Seeds/Milling","https://www.nasdaq.com/symbol/ande",
"TBBK","The Bancorp, Inc.","8.88","$501.44M","n/a","Finance","Major Banks","https://www.nasdaq.com/symbol/tbbk",
"BPRN","The Bank of Princeton","28.81","$192.72M","n/a","n/a","n/a","https://www.nasdaq.com/symbol/bprn",
"CG","The Carlyle Group L.P.","21.69","$7.37B","2012","Finance","Investment Managers","https://www.nasdaq.com/symbol/cg",
"TCGP","The Carlyle Group L.P.","24.42","$390.72M","n/a","Finance","Investment Managers","https://www.nasdaq.com/symbol/tcgp",
"CAKE","The Cheesecake Factory Incorporated","43.58","$1.97B","1992","Consumer Services","Restaurants","https://www.nasdaq.com/symbol/cake",
"CHEF","The Chefs&#39; Warehouse, Inc.","33.26","$996.29M","2011","Consumer Non-Durables","Food Distributors","https://www.nasdaq.com/symbol/chef",
"TCFC","The Community Financial Corporation","33.98","$189.69M","n/a","Finance","Major Banks","https://www.nasdaq.com/symbol/tcfc",
"DSGX","The Descartes Systems Group Inc.","36.35","$3.06B","n/a","Technology","Computer Software: Prepackaged Software","https://www.nasdaq.com/symbol/dsgx",
"DXYN","The Dixie Group, Inc.","0.6597","$10.78M","n/a","Consumer Durables","Home Furnishings","https://www.nasdaq.com/symbol/dxyn",
"ENSG","The Ensign Group, Inc.","56.57","$3B","2007","Health Care","Hospital/Nursing Management","https://www.nasdaq.com/symbol/ensg",
"XONE","The ExOne Company","7.74","$126.58M","2013","Capital Goods","Industrial Machinery/Components","https://www.nasdaq.com/symbol/xone",
"FBMS","The First Bancshares, Inc.","29.7","$510.01M","n/a","Finance","Major Banks","https://www.nasdaq.com/symbol/fbms",
"FLIC","The First of Long Island Corporation","20.39","$507.73M","n/a","Finance","Major Banks","https://www.nasdaq.com/symbol/flic",
"GT","The Goodyear Tire & Rubber Company","14.86","$3.45B","n/a","Consumer Durables","Automotive Aftermarket","https://www.nasdaq.com/symbol/gt",
"HABT","The Habit Restaurants, Inc.","9.92","$259.01M","2014","Consumer Services","Restaurants","https://www.nasdaq.com/symbol/habt",
"HCKT","The Hackett Group, Inc.","16.34","$485.95M","n/a","Consumer Services","Professional Services","https://www.nasdaq.com/symbol/hckt",
"HAIN","The Hain Celestial Group, Inc.","20.79","$2.17B","n/a","Consumer Non-Durables","Packaged Foods","https://www.nasdaq.com/symbol/hain",
"CUBA","The Herzfeld Caribbean Basin Fund, Inc.","6.23","$38.21M","n/a","n/a","n/a","https://www.nasdaq.com/symbol/cuba",
"INTG","The Intergroup Corporation","30.3781","$70.7M","n/a","Consumer Services","Building operators","https://www.nasdaq.com/symbol/intg",
"JYNT","The Joint Corp.","17.44","$240.42M","2014","Miscellaneous","Multi-Sector Companies","https://www.nasdaq.com/symbol/jynt",
"KHC","The Kraft Heinz Company","30.68","$37.43B","n/a","Consumer Non-Durables","Packaged Foods","https://www.nasdaq.com/symbol/khc",
"OLD","The Long-Term Care ETF","28.9499","$17.37M","n/a","n/a","n/a","https://www.nasdaq.com/symbol/old",
"LOVE","The Lovesac Company","29.85","$433.74M","2018","Consumer Services","Other Specialty Stores","https://www.nasdaq.com/symbol/love",
"MSG","The Madison Square Garden Company","272.47","$6.47B","2015","Consumer Services","Services-Misc. Amusement & Recreation","https://www.nasdaq.com/symbol/msg",
"MDCO","The Medicines Company","33.76","$2.49B","2000","Health Care","Major Pharmaceuticals","https://www.nasdaq.com/symbol/mdco",
"MEET","The Meet Group, Inc.","3.32","$250.61M","n/a","Consumer Services","Advertising","https://www.nasdaq.com/symbol/meet",
"MIK","The Michaels Companies, Inc.","8.63","$1.37B","2014","Consumer Services","Recreational Products/Toys","https://www.nasdaq.com/symbol/mik",
"MIDD","The Middleby Corporation","133.08","$7.41B","n/a","Technology","Industrial Machinery/Components","https://www.nasdaq.com/symbol/midd",
"SLIM","The Obesity ETF","33.95","$13.58M","n/a","n/a","n/a","https://www.nasdaq.com/symbol/slim",
"STKS","The ONE Group Hospitality, Inc.","3.16","$90.47M","n/a","Consumer Services","Restaurants","https://www.nasdaq.com/symbol/stks",
"ORG","The Organics ETF","26.37","$10.55M","n/a","n/a","n/a","https://www.nasdaq.com/symbol/org",
"PECK","The Peck Company, Inc.","6.8718","$12.5M","2016","n/a","n/a","https://www.nasdaq.com/symbol/peck",
"PECKW","The Peck Company, Inc.","0.1999","n/a","2016","n/a","n/a","https://www.nasdaq.com/symbol/peckw",
"PRSC","The Providence Service Corporation","57.74","$744.54M","2003","Consumer Services","Transportation Services","https://www.nasdaq.com/symbol/prsc",
"RMR","The RMR Group Inc.","43.28","$1.35B","n/a","Consumer Services","Professional Services","https://www.nasdaq.com/symbol/rmr",
"SMPL","The Simply Good Foods Company","23.9","$1.96B","n/a","Consumer Non-Durables","Packaged Foods","https://www.nasdaq.com/symbol/smpl",
"TSG","The Stars Group Inc.","16.14","$4.64B","n/a","Technology","Computer Software: Programming, Data Processing","https://www.nasdaq.com/symbol/tsg",
"TTD","The Trade Desk, Inc.","226.88","$10.1B","2016","Technology","Computer Software: Programming, Data Processing","https://www.nasdaq.com/symbol/ttd",
"YORW","The York Water Company","35.17","$455.3M","n/a","Public Utilities","Water Supply","https://www.nasdaq.com/symbol/yorw",
"NCTY","The9 Limited","1.2","$36.53M","2004","Miscellaneous","Business Services","https://www.nasdaq.com/symbol/ncty",
"TXMD","TherapeuticsMD, Inc.","2.46","$593.41M","n/a","Health Care","Major Pharmaceuticals","https://www.nasdaq.com/symbol/txmd",
"TRPX","Therapix Biosciences Ltd.","2.5","$8.77M","2017","Health Care","Major Pharmaceuticals","https://www.nasdaq.com/symbol/trpx",
"TBPH","Theravance Biopharma, Inc.","16.01","$898.76M","n/a","Health Care","Major Pharmaceuticals","https://www.nasdaq.com/symbol/tbph",
"TST","TheStreet, Inc.","6.1","$32.55M","n/a","Consumer Services","Newspapers/Magazines","https://www.nasdaq.com/symbol/tst",
"TCRD","THL Credit, Inc.","6.62","$210.57M","2010","n/a","n/a","https://www.nasdaq.com/symbol/tcrd",
"TBRG","Thunder Bridge Acquisition, Ltd.","10.39","$335.27M","2018","Finance","Business Services","https://www.nasdaq.com/symbol/tbrg",
"TBRGU","Thunder Bridge Acquisition, Ltd.","12.5786","n/a","2018","Finance","Business Services","https://www.nasdaq.com/symbol/tbrgu",
"TBRGW","Thunder Bridge Acquisition, Ltd.","1.96","n/a","2018","Finance","Business Services","https://www.nasdaq.com/symbol/tbrgw",
"TIBR","Tiberius Acquisition Corporation","10.3","$222.09M","2018","Finance","Business Services","https://www.nasdaq.com/symbol/tibr",
"TIBRU","Tiberius Acquisition Corporation","10.52","n/a","2018","Finance","Business Services","https://www.nasdaq.com/symbol/tibru",
"TIBRW","Tiberius Acquisition Corporation","0.35","n/a","2018","Finance","Business Services","https://www.nasdaq.com/symbol/tibrw",
"TTS","Tile Shop Hldgs, Inc.","3.9","$202.92M","n/a","Consumer Services","Home Furnishings","https://www.nasdaq.com/symbol/tts",
"TLRY","Tilray, Inc.","46.81","$3.77B","2018","Consumer Durables","Specialty Chemicals","https://www.nasdaq.com/symbol/tlry",
"TSBK","Timberland Bancorp, Inc.","26.8","$223.45M","n/a","Finance","Banks","https://www.nasdaq.com/symbol/tsbk",
"TIPT","Tiptree Inc.","6.33","$218.55M","n/a","Finance","Property-Casualty Insurers","https://www.nasdaq.com/symbol/tipt",
"TITN","Titan Machinery Inc.","18.43","$408.85M","2007","Consumer Services","Other Specialty Stores","https://www.nasdaq.com/symbol/titn",
"TMDI","Titan Medical Inc.","2.28","$71.02M","n/a","Health Care","Medical/Dental Instruments","https://www.nasdaq.com/symbol/tmdi",
"TTNP","Titan Pharmaceuticals, Inc.","1.44","$19.45M","n/a","Health Care","Biotechnology: Biological Products (No Diagnostic Substances)","https://www.nasdaq.com/symbol/ttnp",
"TVTY","Tivity Health, Inc.","16.96","$809.03M","n/a","Health Care","Hospital/Nursing Management","https://www.nasdaq.com/symbol/tvty",
"TIVO","TiVo Corporation","7.05","$880.89M","n/a","Miscellaneous","Multi-Sector Companies","https://www.nasdaq.com/symbol/tivo",
"TLSA","Tiziana Life Sciences plc","8.4612","$115.46M","2018","Health Care","Major Pharmaceuticals","https://www.nasdaq.com/symbol/tlsa",
"TKKS","TKK Symphony Acquisition Corporation","10.01","$314.81M","2018","Finance","Business Services","https://www.nasdaq.com/symbol/tkks",
"TKKSR","TKK Symphony Acquisition Corporation","0.22","n/a","2018","Finance","Business Services","https://www.nasdaq.com/symbol/tkksr",
"TKKSU","TKK Symphony Acquisition Corporation","10.27","n/a","2018","Finance","Business Services","https://www.nasdaq.com/symbol/tkksu",
"TKKSW","TKK Symphony Acquisition Corporation","0.14","n/a","2018","Finance","Business Services","https://www.nasdaq.com/symbol/tkksw",
"TMUS","T-Mobile US, Inc.","74.58","$63.71B","n/a","Public Utilities","Telecommunications Equipment","https://www.nasdaq.com/symbol/tmus",
"TMSR","TMSR Holding Company Limited","1.5","$32.65M","2015","Finance","Business Services","https://www.nasdaq.com/symbol/tmsr",
"TOCA","Tocagen Inc.","6.34","$147.54M","2017","Health Care","Major Pharmaceuticals","https://www.nasdaq.com/symbol/toca",
"TNXP","Tonix Pharmaceuticals Holding Corp.","1.36","$8.28M","n/a","Health Care","Major Pharmaceuticals","https://www.nasdaq.com/symbol/tnxp",
"TOPS","TOP Ships Inc.","0.4522","$11.29M","n/a","Transportation","Marine Transportation","https://www.nasdaq.com/symbol/tops",
"TRCH","Torchlight Energy Resources, Inc.","1.12","$80.01M","n/a","Energy","Oil & Gas Production","https://www.nasdaq.com/symbol/trch",
"TRMD","TORM plc","8.77","$648.1M","n/a","Transportation","Marine Transportation","https://www.nasdaq.com/symbol/trmd",
"TOTA","Tottenham Acquisition I Limited","10.2","$60.84M","2018","Finance","Business Services","https://www.nasdaq.com/symbol/tota",
"TOTAR","Tottenham Acquisition I Limited","0.34","n/a","2018","Finance","Business Services","https://www.nasdaq.com/symbol/totar",
"TOTAU","Tottenham Acquisition I Limited","10.25","n/a","2018","Finance","Business Services","https://www.nasdaq.com/symbol/totau",
"TOTAW","Tottenham Acquisition I Limited","0.08","n/a","2018","Finance","Business Services","https://www.nasdaq.com/symbol/totaw",
"TBLT","ToughBuilt Industries, Inc.","0.32","$5.77M","2018","Capital Goods","Industrial Machinery/Components","https://www.nasdaq.com/symbol/tblt",
"TBLTU","ToughBuilt Industries, Inc.","2.04","n/a","2018","Capital Goods","Industrial Machinery/Components","https://www.nasdaq.com/symbol/tbltu",
"TBLTW","ToughBuilt Industries, Inc.","0.0402","n/a","2018","Capital Goods","Industrial Machinery/Components","https://www.nasdaq.com/symbol/tbltw",
"TSEM","Tower Semiconductor Ltd.","14.6","$1.55B","1994","Technology","Semiconductors","https://www.nasdaq.com/symbol/tsem",
"CLUB","Town Sports International Holdings, Inc.","2.13","$59.57M","2006","Consumer Services","Hotels/Resorts","https://www.nasdaq.com/symbol/club",
"TOWN","Towne Bank","27.26","$1.98B","n/a","n/a","n/a","https://www.nasdaq.com/symbol/town",
"TPIC","TPI Composites, Inc.","24.18","$846.67M","2016","Energy","Industrial Machinery/Components","https://www.nasdaq.com/symbol/tpic",
"TCON","TRACON Pharmaceuticals, Inc.","0.76","$22.75M","2015","Health Care","Biotechnology: Biological Products (No Diagnostic Substances)","https://www.nasdaq.com/symbol/tcon",
"TSCO","Tractor Supply Company","106.63","$12.86B","1994","Consumer Services","RETAIL: Building Materials","https://www.nasdaq.com/symbol/tsco",
"TW","Tradeweb Markets Inc.","41.09","$9.13B","2019","Finance","Investment Bankers/Brokers/Service","https://www.nasdaq.com/symbol/tw",
"TWMC","Trans World Entertainment Corp.","0.2795","$10.13M","n/a","Consumer Services","Consumer Electronics/Video Chains","https://www.nasdaq.com/symbol/twmc",
"TACT","TransAct Technologies Incorporated","11.1","$82.77M","1996","Technology","Computer peripheral equipment","https://www.nasdaq.com/symbol/tact",
"TRNS","Transcat, Inc.","25.59","$186.88M","n/a","Capital Goods","Electrical Products","https://www.nasdaq.com/symbol/trns",
"TGA","TransGlobe Energy Corporation","1.4","$101.56M","n/a","Energy","Oil & Gas Production","https://www.nasdaq.com/symbol/tga",
"TBIO","Translate Bio, Inc.","12.43","$632.72M","2018","Health Care","Biotechnology: Biological Products (No Diagnostic Substances)","https://www.nasdaq.com/symbol/tbio",
"TMDX","TransMedics Group, Inc.","28","$590.62M","2019","Health Care","Biotechnology: Electromedical & Electrotherapeutic Apparatus","https://www.nasdaq.com/symbol/tmdx",
"TA","TravelCenters of America LLC","3.44","$138.97M","n/a","Consumer Durables","Automotive Aftermarket","https://www.nasdaq.com/symbol/ta",
"TANNI","TravelCenters of America LLC","25.82","n/a","n/a","Consumer Durables","Automotive Aftermarket","https://www.nasdaq.com/symbol/tanni",
"TANNL","TravelCenters of America LLC","25.13","n/a","n/a","Consumer Durables","Automotive Aftermarket","https://www.nasdaq.com/symbol/tannl",
"TANNZ","TravelCenters of America LLC","25.56","n/a","n/a","Consumer Durables","Automotive Aftermarket","https://www.nasdaq.com/symbol/tannz",
"TZOO","Travelzoo","15.66","$185.81M","n/a","Technology","EDP Services","https://www.nasdaq.com/symbol/tzoo",
"TRMT","Tremont Mortgage Trust","4.06","$33.26M","2017","Consumer Services","Real Estate Investment Trusts","https://www.nasdaq.com/symbol/trmt",
"TRVN","Trevena, Inc.","0.96","$88.66M","2014","Health Care","Major Pharmaceuticals","https://www.nasdaq.com/symbol/trvn",
"TRVI","Trevi Therapeutics, Inc.","7.9","$140.89M","2019","Health Care","Major Pharmaceuticals","https://www.nasdaq.com/symbol/trvi",
"TPCO","Tribune Publishing Company","8.26","$294.81M","n/a","Consumer Services","Newspapers/Magazines","https://www.nasdaq.com/symbol/tpco",
"TCDA","Tricida, Inc.","35.15","$1.73B","2018","Health Care","Major Pharmaceuticals","https://www.nasdaq.com/symbol/tcda",
"TCBK","TriCo Bancshares","37.41","$1.14B","n/a","Finance","Major Banks","https://www.nasdaq.com/symbol/tcbk",
"TDAC","Trident Acquisitions Corp.","10.35","$272.27M","2018","Finance","Business Services","https://www.nasdaq.com/symbol/tdac",
"TDACU","Trident Acquisitions Corp.","10.5","n/a","2018","Finance","Business Services","https://www.nasdaq.com/symbol/tdacu",
"TDACW","Trident Acquisitions Corp.","0.15","n/a","2018","Finance","Business Services","https://www.nasdaq.com/symbol/tdacw",
"TRIL","Trillium Therapeutics Inc.","0.3153","$8.84M","n/a","Health Care","Major Pharmaceuticals","https://www.nasdaq.com/symbol/tril",
"TRS","TriMas Corporation","29.97","$1.37B","2007","Capital Goods","Industrial Specialties","https://www.nasdaq.com/symbol/trs",
"TRMB","Trimble Inc.","43.65","$10.98B","1990","Capital Goods","Industrial Machinery/Components","https://www.nasdaq.com/symbol/trmb",
"TRIB","Trinity Biotech plc","1.66","$34.7M","1992","Health Care","Biotechnology: In Vitro & In Vivo Diagnostic Substances","https://www.nasdaq.com/symbol/trib",
"TMCX","Trinity Merger Corp.","10.32","$445.05M","2018","Finance","Business Services","https://www.nasdaq.com/symbol/tmcx",
"TMCXU","Trinity Merger Corp.","10.65","n/a","2018","Finance","Business Services","https://www.nasdaq.com/symbol/tmcxu",
"TMCXW","Trinity Merger Corp.","0.309","n/a","2018","Finance","Business Services","https://www.nasdaq.com/symbol/tmcxw",
"TRIP","TripAdvisor, Inc.","44.51","$6.19B","n/a","Technology","Computer Software: Programming, Data Processing","https://www.nasdaq.com/symbol/trip",
"TSC","TriState Capital Holdings, Inc.","20.72","$608.22M","2013","Finance","Major Banks","https://www.nasdaq.com/symbol/tsc",
"TSCAP","TriState Capital Holdings, Inc.","26.6","$780.83M","n/a","Finance","Major Banks","https://www.nasdaq.com/symbol/tscap",
"TSCBP","TriState Capital Holdings, Inc.","25.64","$71.79M","n/a","Finance","Major Banks","https://www.nasdaq.com/symbol/tscbp",
"TBK","Triumph Bancorp, Inc.","28.36","$757.37M","2014","Finance","Major Banks","https://www.nasdaq.com/symbol/tbk",
"TRVG","trivago N.V.","3.73","$1.31B","2016","Technology","EDP Services","https://www.nasdaq.com/symbol/trvg",
"TROV","TrovaGene, Inc.","2.48","$13.01M","n/a","Health Care","Biotechnology: Biological Products (No Diagnostic Substances)","https://www.nasdaq.com/symbol/trov",
"TRUE","TrueCar, Inc.","5.29","$556.98M","2014","Technology","Computer Software: Programming, Data Processing","https://www.nasdaq.com/symbol/true",
"TRUP","Trupanion, Inc.","33.45","$1.15B","n/a","Health Care","Medical Specialities","https://www.nasdaq.com/symbol/trup",
"TRST","TrustCo Bank Corp NY","7.56","$731.98M","n/a","Finance","Major Banks","https://www.nasdaq.com/symbol/trst",
"TRMK","Trustmark Corporation","32.38","$2.1B","n/a","Finance","Major Banks","https://www.nasdaq.com/symbol/trmk",
"TSRI","TSR, Inc.","4.67","$9.16M","n/a","Technology","EDP Services","https://www.nasdaq.com/symbol/tsri",
"TTEC","TTEC Holdings, Inc.","44.82","$2.08B","1996","Technology","Professional Services","https://www.nasdaq.com/symbol/ttec",
"TTMI","TTM Technologies, Inc.","9.63","$1.02B","2000","Technology","Electrical Products","https://www.nasdaq.com/symbol/ttmi",
"TC","TuanChe Limited","2.89","$209.01M","2018","Miscellaneous","Business Services","https://www.nasdaq.com/symbol/tc",
"TCX","Tucows Inc.","58.35","$621.95M","n/a","Technology","EDP Services","https://www.nasdaq.com/symbol/tcx",
"TUES","Tuesday Morning Corp.","1.65","$77.07M","1999","Consumer Services","Department/Specialty Retail Stores","https://www.nasdaq.com/symbol/tues",
"TOUR","Tuniu Corporation","3.13","$386.04M","2014","Consumer Services","Transportation Services","https://www.nasdaq.com/symbol/tour",
"TPTX","Turning Point Therapeutics, Inc.","42.4","$1.32B","2019","Health Care","Major Pharmaceuticals","https://www.nasdaq.com/symbol/tptx",
"HEAR","Turtle Beach Corporation","11.1","$162.4M","n/a","Capital Goods","Telecommunications Equipment","https://www.nasdaq.com/symbol/hear",
"THCB","Tuscan Holdings Corp.","9.82","$348.48M","2019","Finance","Business Services","https://www.nasdaq.com/symbol/thcb",
"THCBU","Tuscan Holdings Corp.","10.55","n/a","2019","Finance","Business Services","https://www.nasdaq.com/symbol/thcbu",
"THCBW","Tuscan Holdings Corp.","0.77","n/a","2019","Finance","Business Services","https://www.nasdaq.com/symbol/thcbw",
"BROG","Twelve Seas Investment Company","10.15","$271.81M","2018","Finance","Business Services","https://www.nasdaq.com/symbol/brog",
"BROGR","Twelve Seas Investment Company","0.265","n/a","2018","Finance","Business Services","https://www.nasdaq.com/symbol/brogr",
"BROGU","Twelve Seas Investment Company","10.6","n/a","2018","Finance","Business Services","https://www.nasdaq.com/symbol/brogu",
"BROGW","Twelve Seas Investment Company","0.24","n/a","2018","Finance","Business Services","https://www.nasdaq.com/symbol/brogw",
"TWIN","Twin Disc, Incorporated","13.75","$180.1M","n/a","Technology","Industrial Machinery/Components","https://www.nasdaq.com/symbol/twin",
"TWST","Twist Bioscience Corporation","29.4","$954.2M","2018","Health Care","Biotechnology: Biological Products (No Diagnostic Substances)","https://www.nasdaq.com/symbol/twst",
"TRCB","Two River Bancorp","14.3","$123.97M","n/a","Finance","Major Banks","https://www.nasdaq.com/symbol/trcb",
"TYME","Tyme Technologies, Inc.","1.03","$115.31M","n/a","Health Care","Major Pharmaceuticals","https://www.nasdaq.com/symbol/tyme",
"USCR","U S Concrete, Inc.","45.66","$758.7M","n/a","Capital Goods","Building Materials","https://www.nasdaq.com/symbol/uscr",
"PRTS","U.S. Auto Parts Network, Inc.","1.21","$42.98M","2007","Consumer Services","Other Specialty Stores","https://www.nasdaq.com/symbol/prts",
"USEG","U.S. Energy Corp.","0.4059","$5.46M","n/a","Energy","Oil & Gas Production","https://www.nasdaq.com/symbol/useg",
"GROW","U.S. Global Investors, Inc.","1.3352","$20.21M","n/a","Finance","Investment Managers","https://www.nasdaq.com/symbol/grow",
"USAU","U.S. Gold Corp.","1.04","$20.65M","n/a","n/a","n/a","https://www.nasdaq.com/symbol/usau",
"USWS","U.S. Well Services, Inc.","4.86","$332.32M","2017","Energy","Oilfield Services/Equipment","https://www.nasdaq.com/symbol/usws",
"USWSW","U.S. Well Services, Inc.","0.6134","n/a","2017","Energy","Oilfield Services/Equipment","https://www.nasdaq.com/symbol/uswsw",
"UBNT","Ubiquiti Networks, Inc.","127.9","$9.03B","2011","Technology","Radio And Television Broadcasting And Communications Equipment","https://www.nasdaq.com/symbol/ubnt",
"UFPT","UFP Technologies, Inc.","41.42","$307.48M","1993","Capital Goods","Containers/Packaging","https://www.nasdaq.com/symbol/ufpt",
"ULTA","Ulta Beauty, Inc.","348.69","$20.38B","2007","Consumer Services","Other Specialty Stores","https://www.nasdaq.com/symbol/ulta",
"UCTT","Ultra Clean Holdings, Inc.","12.6","$495.61M","2004","Technology","Semiconductors","https://www.nasdaq.com/symbol/uctt",
"UPL","Ultra Petroleum Corp.","0.236","$46.58M","n/a","Energy","Oil & Gas Production","https://www.nasdaq.com/symbol/upl",
"RARE","Ultragenyx Pharmaceutical Inc.","59.52","$3.42B","2014","Health Care","Major Pharmaceuticals","https://www.nasdaq.com/symbol/rare",
"ULBI","Ultralife Corporation","8.58","$135.02M","1992","Miscellaneous","Industrial Machinery/Components","https://www.nasdaq.com/symbol/ulbi",
"UMBF","UMB Financial Corporation","62.83","$3.08B","n/a","Finance","Major Banks","https://www.nasdaq.com/symbol/umbf",
"UMPQ","Umpqua Holdings Corporation","16.3","$3.59B","n/a","Finance","Savings Institutions","https://www.nasdaq.com/symbol/umpq",
"UNAM","Unico American Corporation","6.15","$32.64M","n/a","Finance","Property-Casualty Insurers","https://www.nasdaq.com/symbol/unam",
"UNB","Union Bankshares, Inc.","34.69","$154.98M","n/a","Finance","Major Banks","https://www.nasdaq.com/symbol/unb",
"QURE","uniQure N.V.","75","$2.83B","2014","Health Care","Major Pharmaceuticals","https://www.nasdaq.com/symbol/qure",
"UBCP","United Bancorp, Inc.","11.41","$65.46M","n/a","Finance","Major Banks","https://www.nasdaq.com/symbol/ubcp",
"UBOH","United Bancshares, Inc.","19.4","$63.45M","n/a","Finance","Major Banks","https://www.nasdaq.com/symbol/uboh",
"UBSI","United Bankshares, Inc.","36.22","$3.7B","n/a","Finance","Major Banks","https://www.nasdaq.com/symbol/ubsi",
"UCBI","United Community Banks, Inc.","27.63","$2.18B","n/a","Finance","Major Banks","https://www.nasdaq.com/symbol/ucbi",
"UCFC","United Community Financial Corp.","9.36","$456.72M","n/a","Finance","Banks","https://www.nasdaq.com/symbol/ucfc",
"UAL","United Continental Holdings, Inc.","85.06","$22.38B","n/a","Transportation","Air Freight/Delivery Services","https://www.nasdaq.com/symbol/ual",
"UBNK","United Financial Bancorp, Inc. ","13.77","$704.04M","n/a","Finance","Banks","https://www.nasdaq.com/symbol/ubnk",
"UFCS","United Fire Group, Inc","49.36","$1.24B","n/a","Finance","Property-Casualty Insurers","https://www.nasdaq.com/symbol/ufcs",
"UIHC","United Insurance Holdings Corp.","14.38","$621.01M","n/a","Finance","Property-Casualty Insurers","https://www.nasdaq.com/symbol/uihc",
"UNFI","United Natural Foods, Inc.","8.54","$450.1M","2019","Consumer Non-Durables","Food Distributors","https://www.nasdaq.com/symbol/unfi",
"UBFO","United Security Bancshares","10.66","$180.68M","n/a","Finance","Major Banks","https://www.nasdaq.com/symbol/ubfo",
"USLM","United States Lime & Minerals, Inc.","82.06","$460.52M","n/a","Basic Industries","Mining & Quarrying of Nonmetallic Minerals (No Fuels)","https://www.nasdaq.com/symbol/uslm",
"UTHR","United Therapeutics Corporation","77.26","$3.38B","1999","Health Care","Major Pharmaceuticals","https://www.nasdaq.com/symbol/uthr",
"UG","United-Guardian, Inc.","18.79","$86.33M","n/a","Consumer Non-Durables","Package Goods/Cosmetics","https://www.nasdaq.com/symbol/ug",
"UNIT","Uniti Group Inc.","9.38","$1.73B","n/a","Consumer Services","Real Estate Investment Trusts","https://www.nasdaq.com/symbol/unit",
"UNTY","Unity Bancorp, Inc.","20.75","$224.88M","n/a","Finance","Major Banks","https://www.nasdaq.com/symbol/unty",
"UBX","Unity Biotechnology, Inc.","8.69","$372.86M","2018","Health Care","Major Pharmaceuticals","https://www.nasdaq.com/symbol/ubx",
"OLED","Universal Display Corporation","177.87","$8.39B","n/a","Capital Goods","Electrical Products","https://www.nasdaq.com/symbol/oled",
"UEIC","Universal Electronics Inc.","38.4","$532.2M","1993","Consumer Non-Durables","Consumer Electronics/Appliances","https://www.nasdaq.com/symbol/ueic",
"UFPI","Universal Forest Products, Inc.","36.3","$2.23B","1993","Basic Industries","Forest Products","https://www.nasdaq.com/symbol/ufpi",
"ULH","Universal Logistics Holdings, Inc.","21.48","$619.46M","n/a","Transportation","Trucking Freight/Courier Services","https://www.nasdaq.com/symbol/ulh",
"USAP","Universal Stainless & Alloy Products, Inc.","14.94","$131.06M","1994","Basic Industries","Steel/Iron Ore","https://www.nasdaq.com/symbol/usap",
"UVSP","Univest Financial Corporation","25.25","$739.51M","n/a","Finance","Major Banks","https://www.nasdaq.com/symbol/uvsp",
"UMRX","Unum Therapeutics Inc.","2.32","$69.88M","2018","Health Care","Major Pharmaceuticals","https://www.nasdaq.com/symbol/umrx",
"TTTN","UP Fintech China-U.S. Internet Titans ETF","27.33","$9.67M","n/a","n/a","n/a","https://www.nasdaq.com/symbol/tttn",
"TIGR","UP Fintech Holding Limited","4.95","$657.29M","2019","Finance","Investment Bankers/Brokers/Service","https://www.nasdaq.com/symbol/tigr",
"UPLD","Upland Software, Inc.","44.18","$949.23M","2014","Technology","Computer Software: Prepackaged Software","https://www.nasdaq.com/symbol/upld",
"UPWK","Upwork Inc.","15.08","$1.62B","2018","Technology","EDP Services","https://www.nasdaq.com/symbol/upwk",
"UONE","Urban One, Inc. ","2.17","$99.37M","n/a","Consumer Services","Broadcasting","https://www.nasdaq.com/symbol/uone",
"UONEK","Urban One, Inc. ","2.03","$92.96M","n/a","Consumer Services","Broadcasting","https://www.nasdaq.com/symbol/uonek",
"URBN","Urban Outfitters, Inc.","23.11","$2.26B","1993","Consumer Services","Clothing/Shoe/Accessory Stores","https://www.nasdaq.com/symbol/urbn",
"MYT","Urban Tea, Inc.","0.59","$15.42M","n/a","Basic Industries","Major Chemicals","https://www.nasdaq.com/symbol/myt",
"URGN","UroGen Pharma Ltd.","32.86","$683.21M","2017","Health Care","Major Pharmaceuticals","https://www.nasdaq.com/symbol/urgn",
"UROV","Urovant Sciences Ltd.","7.99","$242.34M","2018","Health Care","Major Pharmaceuticals","https://www.nasdaq.com/symbol/urov",
"ECOL","US Ecology, Inc.","57.81","$1.28B","n/a","Public Utilities","Environmental Services","https://www.nasdaq.com/symbol/ecol",
"USAT","USA Technologies, Inc.","7.05","$423.01M","n/a","Miscellaneous","Office Equipment/Supplies/Services","https://www.nasdaq.com/symbol/usat",
"USATP","USA Technologies, Inc.","26.15","$11.64M","n/a","Miscellaneous","Office Equipment/Supplies/Services","https://www.nasdaq.com/symbol/usatp",
"USAK","USA Truck, Inc.","9.72","$83M","1992","Transportation","Trucking Freight/Courier Services","https://www.nasdaq.com/symbol/usak",
"UTMD","Utah Medical Products, Inc.","84.86","$315.91M","n/a","Health Care","Medical/Dental Instruments","https://www.nasdaq.com/symbol/utmd",
"UTSI","UTStarcom Holdings Corp","3.08","$109.7M","2000","Capital Goods","Telecommunications Equipment","https://www.nasdaq.com/symbol/utsi",
"UXIN","Uxin Limited","1.98","$605.87M","2018","Miscellaneous","Business Services","https://www.nasdaq.com/symbol/uxin",
"VCNX","Vaccinex, Inc.","5.06","$58.08M","2018","Health Care","Major Pharmaceuticals","https://www.nasdaq.com/symbol/vcnx",
"VLRX","Valeritas Holdings, Inc.","2.83","$15.02M","n/a","Health Care","Medical/Dental Instruments","https://www.nasdaq.com/symbol/vlrx",
"VALX","Validea Market Legends ETF","25.5199","$21.69M","n/a","n/a","n/a","https://www.nasdaq.com/symbol/valx",
"VLY","Valley National Bancorp","10.18","$3.38B","n/a","Finance","Major Banks","https://www.nasdaq.com/symbol/vly",
"VLYPO","Valley National Bancorp","25.73","$102.92M","n/a","Finance","Major Banks","https://www.nasdaq.com/symbol/vlypo",
"VLYPP","Valley National Bancorp","27.49","$126.45M","n/a","Finance","Major Banks","https://www.nasdaq.com/symbol/vlypp",
"VALU","Value Line, Inc.","26.9","$260.15M","1983","Finance","Investment Managers","https://www.nasdaq.com/symbol/valu",
"VNDA","Vanda Pharmaceuticals Inc.","14","$741.49M","2006","Health Care","Major Pharmaceuticals","https://www.nasdaq.com/symbol/vnda",
"BBH","VanEck Vectors Biotech ETF","126.78","$386.24M","n/a","n/a","n/a","https://www.nasdaq.com/symbol/bbh",
"PPH","VanEck Vectors Pharmaceutical ETF","58.24","$182.77M","n/a","n/a","n/a","https://www.nasdaq.com/symbol/pph",
"VWOB","Vanguard Emerging Markets Government Bond ETF","79.98","$1.35B","n/a","n/a","n/a","https://www.nasdaq.com/symbol/vwob",
"VNQI","Vanguard Global ex-U.S. Real Estate ETF","59","$5.96B","n/a","n/a","n/a","https://www.nasdaq.com/symbol/vnqi",
"VCIT","Vanguard Intermediate-Term Corporate Bond ETF","89.61","$25.17B","n/a","n/a","n/a","https://www.nasdaq.com/symbol/vcit",
"VGIT","Vanguard Intermediate-Term Treasury ETF","66.03","$3.99B","n/a","n/a","n/a","https://www.nasdaq.com/symbol/vgit",
"VIGI","Vanguard International Dividend Appreciation ETF","67.41","$1.16B","n/a","n/a","n/a","https://www.nasdaq.com/symbol/vigi",
"VYMI","Vanguard International High Dividend Yield ETF","60.72","$1.12B","n/a","n/a","n/a","https://www.nasdaq.com/symbol/vymi",
"VCLT","Vanguard Long-Term Corporate Bond ETF","96.2","$3.97B","n/a","n/a","n/a","https://www.nasdaq.com/symbol/vclt",
"VGLT","Vanguard Long-Treasury ETF","81.64","$1.19B","n/a","n/a","n/a","https://www.nasdaq.com/symbol/vglt",
"VMBS","Vanguard Mortgage-Backed Securities ETF","52.8","$9.04B","n/a","n/a","n/a","https://www.nasdaq.com/symbol/vmbs",
"VONE","Vanguard Russell 1000 ETF","133.5","$1.16B","n/a","n/a","n/a","https://www.nasdaq.com/symbol/vone",
"VONG","Vanguard Russell 1000 Growth ETF","160.62","$2.73B","n/a","n/a","n/a","https://www.nasdaq.com/symbol/vong",
"VONV","Vanguard Russell 1000 Value ETF","110.5","$1.9B","n/a","n/a","n/a","https://www.nasdaq.com/symbol/vonv",
"VTWO","Vanguard Russell 2000 ETF","121.57","$1.5B","n/a","n/a","n/a","https://www.nasdaq.com/symbol/vtwo",
"VTWG","Vanguard Russell 2000 Growth ETF","142.03","$294.71M","n/a","n/a","n/a","https://www.nasdaq.com/symbol/vtwg",
"VTWV","Vanguard Russell 2000 Value ETF","102.39","$245.74M","n/a","n/a","n/a","https://www.nasdaq.com/symbol/vtwv",
"VTHR","Vanguard Russell 3000 ETF","132.7","$451.18M","n/a","n/a","n/a","https://www.nasdaq.com/symbol/vthr",
"VCSH","Vanguard Short-Term Corporate Bond ETF","80.69","$24.22B","n/a","n/a","n/a","https://www.nasdaq.com/symbol/vcsh",
"VTIP","Vanguard Short-Term Inflation-Protected Securities Index Fund","49.25","$6.18B","n/a","n/a","n/a","https://www.nasdaq.com/symbol/vtip",
"VGSH","Vanguard Short-Term Treasury ETF","60.94","$5.39B","n/a","n/a","n/a","https://www.nasdaq.com/symbol/vgsh",
"BND","Vanguard Total Bond Market ETF","82.95","$41.32B","n/a","n/a","n/a","https://www.nasdaq.com/symbol/bnd",
"VTC","Vanguard Total Corporate Bond ETF","86.39","$149.02M","n/a","n/a","n/a","https://www.nasdaq.com/symbol/vtc",
"BNDX","Vanguard Total International Bond ETF","57.3","$18.07B","n/a","n/a","n/a","https://www.nasdaq.com/symbol/bndx",
"VXUS","Vanguard Total International Stock ETF","52.22","$12.83B","n/a","n/a","n/a","https://www.nasdaq.com/symbol/vxus",
"BNDW","Vanguard Total World Bond ETF","78.72","$135.79M","n/a","n/a","n/a","https://www.nasdaq.com/symbol/bndw",
"VREX","Varex Imaging Corporation","29.62","$1.13B","n/a","Capital Goods","Industrial Machinery/Components","https://www.nasdaq.com/symbol/vrex",
"VRNS","Varonis Systems, Inc.","60.06","$1.82B","2014","Technology","Computer Software: Prepackaged Software","https://www.nasdaq.com/symbol/vrns",
"VBLT","Vascular Biogenics Ltd.","1.19","$42.7M","2014","Health Care","Major Pharmaceuticals","https://www.nasdaq.com/symbol/vblt",
"VXRT","Vaxart, Inc.","0.7095","$11.2M","n/a","Health Care","Biotechnology: Biological Products (No Diagnostic Substances)","https://www.nasdaq.com/symbol/vxrt",
"VBIV","VBI Vaccines, Inc.","1.12","$109.38M","n/a","Health Care","Biotechnology: Biological Products (No Diagnostic Substances)","https://www.nasdaq.com/symbol/vbiv",
"VTIQ","VectoIQ Acquisition Corp.","10.11","$299.66M","2018","Finance","Business Services","https://www.nasdaq.com/symbol/vtiq",
"VTIQU","VectoIQ Acquisition Corp.","10.63","n/a","2018","Finance","Business Services","https://www.nasdaq.com/symbol/vtiqu",
"VTIQW","VectoIQ Acquisition Corp.","0.47","$13.93M","2018","Finance","Business Services","https://www.nasdaq.com/symbol/vtiqw",
"VECO","Veeco Instruments Inc.","10.94","$532.51M","1994","Technology","Industrial Machinery/Components","https://www.nasdaq.com/symbol/veco",
"VEON","VEON Ltd.","2.75","$4.81B","n/a","Public Utilities","Telecommunications Equipment","https://www.nasdaq.com/symbol/veon",
"VRA","Vera Bradley, Inc.","10.92","$373.62M","2010","Consumer Non-Durables","Apparel","https://www.nasdaq.com/symbol/vra",
"VCYT","Veracyte, Inc.","26.57","$1.11B","2013","Health Care","Medical Specialities","https://www.nasdaq.com/symbol/vcyt",
"VSTM","Verastem, Inc.","1.72","$127.07M","2012","Health Care","Major Pharmaceuticals","https://www.nasdaq.com/symbol/vstm",
"VERB","Verb Technology Company, Inc.","1.84","$41.05M","n/a","Consumer Services","Other Consumer Services","https://www.nasdaq.com/symbol/verb",
"VERBW","Verb Technology Company, Inc.","0.7065","n/a","n/a","Consumer Services","Other Consumer Services","https://www.nasdaq.com/symbol/verbw",
"VCEL","Vericel Corporation","17.6","$772.84M","n/a","Health Care","Biotechnology: Biological Products (No Diagnostic Substances)","https://www.nasdaq.com/symbol/vcel",
"VRNT","Verint Systems Inc.","54.51","$3.59B","2002","Technology","EDP Services","https://www.nasdaq.com/symbol/vrnt",
"VRSN","VeriSign, Inc.","207.9","$24.78B","1998","Technology","EDP Services","https://www.nasdaq.com/symbol/vrsn",
"VRSK","Verisk Analytics, Inc.","144.33","$23.62B","2009","Technology","EDP Services","https://www.nasdaq.com/symbol/vrsk",
"VBTX","Veritex Holdings, Inc.","25.48","$1.38B","2014","Finance","Major Banks","https://www.nasdaq.com/symbol/vbtx",
"VERI","Veritone, Inc.","7.91","$160.91M","2017","Technology","EDP Services","https://www.nasdaq.com/symbol/veri",
"VRML","Vermillion, Inc.","0.8801","$66.52M","n/a","Health Care","Biotechnology: In Vitro & In Vivo Diagnostic Substances","https://www.nasdaq.com/symbol/vrml",
"VRNA","Verona Pharma plc","5.86","$77.15M","2017","Health Care","Major Pharmaceuticals","https://www.nasdaq.com/symbol/vrna",
"VRRM","Verra Mobility Corporation","12.59","$2B","2017","Consumer Services","Transportation Services","https://www.nasdaq.com/symbol/vrrm",
"VRCA","Verrica Pharmaceuticals Inc.","9.5","$244.23M","2018","Health Care","Major Pharmaceuticals","https://www.nasdaq.com/symbol/vrca",
"VTNR","Vertex Energy, Inc","1.54","$62.02M","n/a","Energy","Integrated oil Companies","https://www.nasdaq.com/symbol/vtnr",
"VRTX","Vertex Pharmaceuticals Incorporated","180.15","$46.14B","1991","Health Care","Major Pharmaceuticals","https://www.nasdaq.com/symbol/vrtx",
"VERU","Veru Inc.","2.1","$131.86M","n/a","Health Care","Major Pharmaceuticals","https://www.nasdaq.com/symbol/veru",
"VIA","Viacom Inc.","34.84","$14.04B","n/a","Consumer Services","Television Services","https://www.nasdaq.com/symbol/via",
"VIAB","Viacom Inc.","29.52","$11.9B","n/a","Consumer Services","Television Services","https://www.nasdaq.com/symbol/viab",
"VSAT","ViaSat, Inc.","81.87","$4.96B","1996","Technology","Radio And Television Broadcasting And Communications Equipment","https://www.nasdaq.com/symbol/vsat",
"VIAV","Viavi Solutions Inc.","13.23","$3.02B","n/a","Technology","Semiconductors","https://www.nasdaq.com/symbol/viav",
"VICL","Vical Incorporated","0.85","$19.4M","1993","Health Care","Biotechnology: Biological Products (No Diagnostic Substances)","https://www.nasdaq.com/symbol/vicl",
"VICR","Vicor Corporation","28.07","$1.13B","n/a","Capital Goods","Industrial Machinery/Components","https://www.nasdaq.com/symbol/vicr",
"VCTR","Victory Capital Holdings, Inc.","16.78","$1.13B","2018","Finance","Investment Managers","https://www.nasdaq.com/symbol/vctr",
"CIZ","VictoryShares Developed Enhanced Volatility Wtd ETF","31.82","$117.75M","n/a","n/a","n/a","https://www.nasdaq.com/symbol/ciz",
"VSDA","VictoryShares Dividend Accelerator ETF","32.81","$16.4M","n/a","n/a","n/a","https://www.nasdaq.com/symbol/vsda",
"CEY","VictoryShares Emerging Market High Div Volatility Wtd ETF","24.32","$40.13M","n/a","n/a","n/a","https://www.nasdaq.com/symbol/cey",
"CEZ","VictoryShares Emerging Market Volatility Wtd ETF","25.764","$18.03M","n/a","n/a","n/a","https://www.nasdaq.com/symbol/cez",
"CID","VictoryShares International High Div Volatility Wtd ETF","32.5","$40.62M","n/a","n/a","n/a","https://www.nasdaq.com/symbol/cid",
"CIL","VictoryShares International Volatility Wtd ETF","37.83","$39.72M","n/a","n/a","n/a","https://www.nasdaq.com/symbol/cil",
"CFO","VictoryShares US 500 Enhanced Volatility Wtd ETF","48.27","$820.56M","n/a","n/a","n/a","https://www.nasdaq.com/symbol/cfo",
"CFA","VictoryShares US 500 Volatility Wtd ETF","51.82","$725.5M","n/a","n/a","n/a","https://www.nasdaq.com/symbol/cfa",
"CSF","VictoryShares US Discovery Enhanced Volatility Wtd ETF","37.44","$91.73M","n/a","n/a","n/a","https://www.nasdaq.com/symbol/csf",
"CDC","VictoryShares US EQ Income Enhanced Volatility Wtd ETF","45.34","$695.99M","n/a","n/a","n/a","https://www.nasdaq.com/symbol/cdc",
"CDL","VictoryShares US Large Cap High Div Volatility Wtd ETF","46.81","$327.68M","n/a","n/a","n/a","https://www.nasdaq.com/symbol/cdl",
"VSMV","VictoryShares US Multi-Factor Minimum Volatility ETF","31.04","$41.9M","n/a","n/a","n/a","https://www.nasdaq.com/symbol/vsmv",
"CSB","VictoryShares US Small Cap High Div Volatility Wtd ETF","43.02","$73.14M","n/a","n/a","n/a","https://www.nasdaq.com/symbol/csb",
"CSA","VictoryShares US Small Cap Volatility Wtd ETF","44.41","$28.87M","n/a","n/a","n/a","https://www.nasdaq.com/symbol/csa",
"VRAY","ViewRay, Inc.","8.54","$827.98M","n/a","Health Care","Biotechnology: Electromedical & Electrotherapeutic Apparatus","https://www.nasdaq.com/symbol/vray",
"VKTX","Viking Therapeutics, Inc.","8.02","$577.82M","2015","Health Care","Major Pharmaceuticals","https://www.nasdaq.com/symbol/vktx",
"VKTXW","Viking Therapeutics, Inc.","6.49","n/a","n/a","Health Care","Major Pharmaceuticals","https://www.nasdaq.com/symbol/vktxw",
"VBFC","Village Bank and Trust Financial Corp.","33.5","$48.19M","n/a","Finance","Major Banks","https://www.nasdaq.com/symbol/vbfc",
"VFF","Village Farms International, Inc.","10.85","$533.65M","n/a","Consumer Non-Durables","Farming/Seeds/Milling","https://www.nasdaq.com/symbol/vff",
"VLGEA","Village Super Market, Inc.","26.83","$386.38M","n/a","Consumer Services","Food Chains","https://www.nasdaq.com/symbol/vlgea",
"VIOT","Viomi Technology Co., Ltd","8.17","$565.91M","2018","Consumer Durables","Consumer Electronics/Appliances","https://www.nasdaq.com/symbol/viot",
"VNOM","Viper Energy Partners LP","29.42","$1.84B","2014","Energy","Oil & Gas Production","https://www.nasdaq.com/symbol/vnom",
"VIRC","Virco Manufacturing Corporation","4.4872","$69.74M","n/a","Consumer Durables","Industrial Specialties","https://www.nasdaq.com/symbol/virc",
"VTSI","VirTra, Inc.","2.34","$18.1M","n/a","Consumer Services","Services-Misc. Amusement & Recreation","https://www.nasdaq.com/symbol/vtsi",
"VIRT","Virtu Financial, Inc.","21","$4.19B","2015","Finance","Investment Bankers/Brokers/Service","https://www.nasdaq.com/symbol/virt",
"VRTS","Virtus Investment Partners, Inc.","101.02","$705.86M","n/a","Finance","Investment Managers","https://www.nasdaq.com/symbol/vrts",
"VRTSP","Virtus Investment Partners, Inc.","89.88","$103.36M","n/a","Finance","Investment Managers","https://www.nasdaq.com/symbol/vrtsp",
"BBC","Virtus LifeSci Biotech Clinical Trials ETF","27.6818","$27.68M","n/a","n/a","n/a","https://www.nasdaq.com/symbol/bbc",
"BBP","Virtus LifeSci Biotech Products ETF","39.8706","$39.87M","n/a","n/a","n/a","https://www.nasdaq.com/symbol/bbp",
"VRTU","Virtusa Corporation","42.91","$1.29B","2007","Technology","EDP Services","https://www.nasdaq.com/symbol/vrtu",
"VISL","Vislink Technologies, Inc.","1.71","$3.3M","2013","Capital Goods","Telecommunications Equipment","https://www.nasdaq.com/symbol/visl",
"VTGN","VistaGen Therapeutics, Inc.","0.7101","$29.2M","n/a","Health Care","Major Pharmaceuticals","https://www.nasdaq.com/symbol/vtgn",
"VC","Visteon Corporation","54.79","$1.55B","n/a","Capital Goods","Auto Parts:O.E.M.","https://www.nasdaq.com/symbol/vc",
"VIVE","Viveve Medical, Inc.","0.395","$18.36M","n/a","Health Care","Biotechnology: Electromedical & Electrotherapeutic Apparatus","https://www.nasdaq.com/symbol/vive",
"VVPR","VivoPower International PLC","1.49","$20.2M","n/a","Public Utilities","Power Generation","https://www.nasdaq.com/symbol/vvpr",
"VVUS","VIVUS, Inc.","3.49","$37.12M","1994","Health Care","Major Pharmaceuticals","https://www.nasdaq.com/symbol/vvus",
"VOD","Vodafone Group Plc","15.69","$41.93B","n/a","Public Utilities","Telecommunications Equipment","https://www.nasdaq.com/symbol/vod",
"VOXX","VOXX International Corporation","3.75","$90.75M","n/a","Technology","Electronic Components","https://www.nasdaq.com/symbol/voxx",
"VYGR","Voyager Therapeutics, Inc.","25.8","$950.28M","2015","Health Care","Biotechnology: Biological Products (No Diagnostic Substances)","https://www.nasdaq.com/symbol/vygr",
"VSEC","VSE Corporation","25.59","$280.73M","n/a","Consumer Services","Military/Government/Technical","https://www.nasdaq.com/symbol/vsec",
"VTVT","vTv Therapeutics Inc.","1.35","$69.81M","2015","Health Care","Major Pharmaceuticals","https://www.nasdaq.com/symbol/vtvt",
"VUZI","Vuzix Corporation","4.34","$119.79M","n/a","Technology","Radio And Television Broadcasting And Communications Equipment","https://www.nasdaq.com/symbol/vuzi",
"WAFU","Wah Fu Education Group Limited","2.55","$13.26M","2019","Consumer Services","Other Consumer Services","https://www.nasdaq.com/symbol/wafu",
"WTRH","Waitr Holdings Inc.","6.03","$462.35M","2016","Miscellaneous","Business Services","https://www.nasdaq.com/symbol/wtrh",
"WBA","Walgreens Boots Alliance, Inc.","52.95","$48.41B","n/a","Health Care","Medical/Nursing Services","https://www.nasdaq.com/symbol/wba",
"WAFD","Washington Federal, Inc.","33.07","$2.66B","n/a","Finance","Major Banks","https://www.nasdaq.com/symbol/wafd",
"WASH","Washington Trust Bancorp, Inc.","50.47","$874.38M","n/a","Finance","Major Banks","https://www.nasdaq.com/symbol/wash",
"WSBF","Waterstone Financial, Inc.","16.82","$470.66M","n/a","Finance","Savings Institutions","https://www.nasdaq.com/symbol/wsbf",
"WTRE","Watford Holdings Ltd.","27.3","$619.24M","n/a","n/a","n/a","https://www.nasdaq.com/symbol/wtre",
"WVE","WAVE Life Sciences Ltd.","25.88","$886.65M","2015","Health Care","Major Pharmaceuticals","https://www.nasdaq.com/symbol/wve",
"WSTG","Wayside Technology Group, Inc.","11.42","$51.52M","n/a","Technology","Retail: Computer Software & Peripheral Equipment","https://www.nasdaq.com/symbol/wstg",
"WCFB","WCF Bancorp, Inc.","8.5","$21.77M","n/a","Finance","Major Banks","https://www.nasdaq.com/symbol/wcfb",
"WDFC","WD-40 Company","158.15","$2.18B","1973","Basic Industries","Major Chemicals","https://www.nasdaq.com/symbol/wdfc",
"HHHH","Wealthbridge Acquisition Limited","10.1","$75.32M","2019","Finance","Business Services","https://www.nasdaq.com/symbol/hhhh",
"HHHHR","Wealthbridge Acquisition Limited","0.22","n/a","2019","Finance","Business Services","https://www.nasdaq.com/symbol/hhhhr",
"HHHHU","Wealthbridge Acquisition Limited","10.05","n/a","2019","Finance","Business Services","https://www.nasdaq.com/symbol/hhhhu",
"HHHHW","Wealthbridge Acquisition Limited","0.0801","n/a","2019","Finance","Business Services","https://www.nasdaq.com/symbol/hhhhw",
"WB","Weibo Corporation","41.57","$9.35B","2014","Technology","Computer Software: Programming, Data Processing","https://www.nasdaq.com/symbol/wb",
"WW","Weight Watchers International Inc","18.76","$1.26B","n/a","Consumer Services","Other Consumer Services","https://www.nasdaq.com/symbol/ww",
"WEBK","Wellesley Bancorp, Inc.","33.2585","$84.83M","2012","Finance","Banks","https://www.nasdaq.com/symbol/webk",
"WEN","Wendy&#39;s Company (The)","19.47","$4.49B","n/a","Consumer Services","Restaurants","https://www.nasdaq.com/symbol/wen",
"WERN","Werner Enterprises, Inc.","29.49","$2.06B","1986","Transportation","Trucking Freight/Courier Services","https://www.nasdaq.com/symbol/wern",
"WSBC","WesBanco, Inc.","36.86","$2.01B","n/a","Finance","Major Banks","https://www.nasdaq.com/symbol/wsbc",
"WTBA","West Bancorporation","20.92","$342.2M","n/a","Finance","Major Banks","https://www.nasdaq.com/symbol/wtba",
"WABC","Westamerica Bancorporation","60.05","$1.62B","n/a","Finance","Major Banks","https://www.nasdaq.com/symbol/wabc",
"WSTL","Westell Technologies, Inc.","1.78","$27.65M","1995","Public Utilities","Telecommunications Equipment","https://www.nasdaq.com/symbol/wstl",
"WINC","Western Asset Short Duration Income ETF","25.87","n/a","n/a","n/a","n/a","https://www.nasdaq.com/symbol/winc",
"WBND","Western Asset Total Return ETF","27.04","$32.45M","n/a","n/a","n/a","https://www.nasdaq.com/symbol/wbnd",
"WDC","Western Digital Corporation","41.1","$12.04B","n/a","Technology","Electronic Components","https://www.nasdaq.com/symbol/wdc",
"WNEB","Western New England Bancorp, Inc.","8.81","$237.46M","n/a","Finance","Savings Institutions","https://www.nasdaq.com/symbol/wneb",
"WPRT","Westport Fuel Systems Inc","2.52","$336.12M","n/a","Energy","Industrial Machinery/Components","https://www.nasdaq.com/symbol/wprt",
"WWR","Westwater Resources, Inc.","6.17","$9.86M","n/a","Basic Industries","Precious Metals","https://www.nasdaq.com/symbol/wwr",
"WEYS","Weyco Group, Inc.","26.15","$261.46M","n/a","Consumer Non-Durables","Apparel","https://www.nasdaq.com/symbol/weys",
"WHLR","Wheeler Real Estate Investment Trust, Inc.","1.58","$15.32M","2012","Consumer Services","Real Estate Investment Trusts","https://www.nasdaq.com/symbol/whlr",
"WHLRD","Wheeler Real Estate Investment Trust, Inc.","15","$54.01M","n/a","Consumer Services","Real Estate Investment Trusts","https://www.nasdaq.com/symbol/whlrd",
"WHLRP","Wheeler Real Estate Investment Trust, Inc.","14.1504","$10.19M","n/a","Consumer Services","Real Estate Investment Trusts","https://www.nasdaq.com/symbol/whlrp",
"WHF","WhiteHorse Finance, Inc.","13.78","$283.12M","n/a","n/a","n/a","https://www.nasdaq.com/symbol/whf",
"WHFBZ","WhiteHorse Finance, Inc.","25.9777","n/a","n/a","n/a","n/a","https://www.nasdaq.com/symbol/whfbz",
"WHLM","Wilhelmina International, Inc.","6.2","$32.14M","n/a","Consumer Services","Professional Services","https://www.nasdaq.com/symbol/whlm",
"WVVI","Willamette Valley Vineyards, Inc.","6.95","$34.5M","n/a","Consumer Non-Durables","Beverages (Production/Distribution)","https://www.nasdaq.com/symbol/wvvi",
"WVVIP","Willamette Valley Vineyards, Inc.","4.568","$21.3M","n/a","Consumer Non-Durables","Beverages (Production/Distribution)","https://www.nasdaq.com/symbol/wvvip",
"WLDN","Willdan Group, Inc.","35.36","$393.45M","2006","Consumer Services","Military/Government/Technical","https://www.nasdaq.com/symbol/wldn",
"WLFC","Willis Lease Finance Corporation","57.1","$335.48M","1996","Consumer Durables","Industrial Specialties","https://www.nasdaq.com/symbol/wlfc",
"WLTW","Willis Towers Watson Public Limited Company","192.31","$24.85B","n/a","Finance","Specialty Insurers","https://www.nasdaq.com/symbol/wltw",
"WSC","WillScot Corporation","14.19","$1.54B","2015","n/a","n/a","https://www.nasdaq.com/symbol/wsc",
"WING","Wingstop Inc.","90.66","$2.67B","2015","Consumer Services","Restaurants","https://www.nasdaq.com/symbol/wing",
"WINA","Winmark Corporation","177.08","$666.12M","n/a","Consumer Services","Other Specialty Stores","https://www.nasdaq.com/symbol/wina",
"WINS","Wins Finance Holdings Inc.","16.15","$320.38M","2014","Finance","Finance: Consumer Services","https://www.nasdaq.com/symbol/wins",
"WTFC","Wintrust Financial Corporation","71.2","$4.03B","n/a","Finance","Major Banks","https://www.nasdaq.com/symbol/wtfc",
"WTFCM","Wintrust Financial Corporation","28.45","$142.25M","n/a","Finance","Major Banks","https://www.nasdaq.com/symbol/wtfcm",
"AGND","WisdomTree Barclays Negative Duration U.S. Aggregate Bond Fund","41.545","$24.93M","n/a","n/a","n/a","https://www.nasdaq.com/symbol/agnd",
"CXSE","WisdomTree China ex-State-Owned Enterprises Fund","72.1299","$140.65M","n/a","n/a","n/a","https://www.nasdaq.com/symbol/cxse",
"EMCG","WisdomTree Emerging Markets Consumer Growth Fund","22.091","$36.45M","n/a","n/a","n/a","https://www.nasdaq.com/symbol/emcg",
"EMCB","WisdomTree Emerging Markets Corporate Bond Fund","72.19","$36.1M","n/a","n/a","n/a","https://www.nasdaq.com/symbol/emcb",
"DGRE","WisdomTree Emerging Markets Quality Dividend Growth Fund","24.27","$72.81M","n/a","n/a","n/a","https://www.nasdaq.com/symbol/dgre",
"DXGE","WisdomTree Germany Hedged Equity Fund","28.8932","$44.78M","n/a","n/a","n/a","https://www.nasdaq.com/symbol/dxge",
"HYZD","WisdomTree Interest Rate Hedged High Yield Bond Fund","23.175","$250.29M","n/a","n/a","n/a","https://www.nasdaq.com/symbol/hyzd",
"AGZD","WisdomTree Interest Rate Hedged U.S. Aggregate Bond Fund","47.565","$80.86M","n/a","n/a","n/a","https://www.nasdaq.com/symbol/agzd",
"WETF","WisdomTree Investments, Inc.","6.15","$953.58M","n/a","Finance","Investment Bankers/Brokers/Service","https://www.nasdaq.com/symbol/wetf",
"DXJS","WisdomTree Japan Hedged SmallCap Equity Fund","37.108","$63.08M","n/a","n/a","n/a","https://www.nasdaq.com/symbol/dxjs",
"GULF","WisdomTree Middle East Dividend Fund","20.1428","$22.16M","n/a","n/a","n/a","https://www.nasdaq.com/symbol/gulf",
"HYND","WisdomTree Negative Duration High Yield Bond Fund","19.2034","$34.57M","n/a","n/a","n/a","https://www.nasdaq.com/symbol/hynd",
"DGRW","WisdomTree U.S. Quality Dividend Growth Fund","43.27","$2.67B","n/a","n/a","n/a","https://www.nasdaq.com/symbol/dgrw",
"DGRS","WisdomTree U.S. SmallCap Quality Dividend Growth Fund","34.3922","$115.21M","n/a","n/a","n/a","https://www.nasdaq.com/symbol/dgrs",
"WIX","Wix.com Ltd.","139.76","$6.97B","2013","Technology","Computer Software: Programming, Data Processing","https://www.nasdaq.com/symbol/wix",
"WWD","Woodward, Inc.","111.19","$6.91B","n/a","Energy","Industrial Machinery/Components","https://www.nasdaq.com/symbol/wwd",
"WDAY","Workday, Inc.","204.52","$46.22B","n/a","Technology","EDP Services","https://www.nasdaq.com/symbol/wday",
"WKHS","Workhorse Group, Inc.","2.85","$186.55M","n/a","Capital Goods","Auto Manufacturing","https://www.nasdaq.com/symbol/wkhs",
"WRLD","World Acceptance Corporation","156.02","$1.45B","1991","Finance","Finance: Consumer Services","https://www.nasdaq.com/symbol/wrld",
"WRTC","Wrap Technologies, Inc.","6.12","$181.3M","n/a","Capital Goods","Ordnance And Accessories","https://www.nasdaq.com/symbol/wrtc",
"WMGI","Wright Medical Group N.V.","29.45","$3.71B","2011","Health Care","Industrial Specialties","https://www.nasdaq.com/symbol/wmgi",
"WSFS","WSFS Financial Corporation","40.33","$2.15B","n/a","Finance","Major Banks","https://www.nasdaq.com/symbol/wsfs",
"WVFC","WVS Financial Corp.","17.75","$34.5M","n/a","Finance","Banks","https://www.nasdaq.com/symbol/wvfc",
"WYNN","Wynn Resorts, Limited","118.96","$12.81B","2002","Consumer Services","Hotels/Resorts","https://www.nasdaq.com/symbol/wynn",
"XFOR","X4 Pharmaceuticals, Inc.","14.63","$181.72M","2017","Health Care","Biotechnology: Biological Products (No Diagnostic Substances)","https://www.nasdaq.com/symbol/xfor",
"XBIT","XBiotech Inc.","7.5","$307.21M","2015","Health Care","Major Pharmaceuticals","https://www.nasdaq.com/symbol/xbit",
"XELB","Xcel Brands, Inc","1.34","$25.35M","n/a","Miscellaneous","Multi-Sector Companies","https://www.nasdaq.com/symbol/xelb",
"XEL","Xcel Energy Inc.","60.99","$31.39B","n/a","Public Utilities","Power Generation","https://www.nasdaq.com/symbol/xel",
"XNCR","Xencor, Inc.","38.56","$2.17B","2013","Health Care","Major Pharmaceuticals","https://www.nasdaq.com/symbol/xncr",
"XBIO","Xenetic Biosciences, Inc.","9.16","$95.67M","n/a","Health Care","Major Pharmaceuticals","https://www.nasdaq.com/symbol/xbio",
"XENE","Xenon Pharmaceuticals Inc.","9.56","$246.39M","2014","Health Care","Major Pharmaceuticals","https://www.nasdaq.com/symbol/xene",
"XERS","Xeris Pharmaceuticals, Inc.","10.82","$291.49M","2018","Health Care","Major Pharmaceuticals","https://www.nasdaq.com/symbol/xers",
"XLNX","Xilinx, Inc.","109.95","$27.6B","1990","Technology","Semiconductors","https://www.nasdaq.com/symbol/xlnx",
"XOMA","XOMA Corporation","15.89","$138.63M","1986","Health Care","Major Pharmaceuticals","https://www.nasdaq.com/symbol/xoma",
"XPER","Xperi Corporation","19.4","$956.11M","n/a","Technology","Semiconductors","https://www.nasdaq.com/symbol/xper",
"XSPA","XpresSpa Group, Inc. ","1.82","$3.56M","n/a","Consumer Services","Other Consumer Services","https://www.nasdaq.com/symbol/xspa",
"XTLB","XTL Biopharmaceuticals Ltd.","2.075","$10.67M","n/a","Health Care","Major Pharmaceuticals","https://www.nasdaq.com/symbol/xtlb",
"XNET","Xunlei Limited","2.57","$173.32M","2014","Technology","Computer Software: Prepackaged Software","https://www.nasdaq.com/symbol/xnet",
"XYN","Xynomic Pharmaceuticals Holdings, Inc.","3.65","$169.22M","2017","Health Care","Major Pharmaceuticals","https://www.nasdaq.com/symbol/xyn",
"XYNPW","Xynomic Pharmaceuticals Holdings, Inc.","0.2","n/a","2017","Health Care","Major Pharmaceuticals","https://www.nasdaq.com/symbol/xynpw",
"YNDX","Yandex N.V.","37.59","$12.28B","2011","Technology","Computer Software: Programming, Data Processing","https://www.nasdaq.com/symbol/yndx",
"YRIV","Yangtze River Port and Logistics Limited ","0.5113","$90.78M","n/a","Finance","Real Estate","https://www.nasdaq.com/symbol/yriv",
"YTRA","Yatra Online, Inc.","4.1","$186.15M","n/a","Consumer Services","Transportation Services","https://www.nasdaq.com/symbol/ytra",
"YTEN","Yield10 Bioscience, Inc.","0.86","$10.75M","n/a","Basic Industries","Containers/Packaging","https://www.nasdaq.com/symbol/yten",
"YIN","Yintech Investment Holdings Limited","4.1201","$294.31M","2016","Finance","Investment Bankers/Brokers/Service","https://www.nasdaq.com/symbol/yin",
"YMAB","Y-mAbs Therapeutics, Inc.","22.5","$769.36M","2018","Health Care","Major Pharmaceuticals","https://www.nasdaq.com/symbol/ymab",
"YOGA","YogaWorks, Inc.","0.7251","$12.18M","2017","Consumer Services","Other Consumer Services","https://www.nasdaq.com/symbol/yoga",
"YGYI","Youngevity International, Inc.","5.5","$158.9M","n/a","Consumer Services","Catalog/Specialty Distribution","https://www.nasdaq.com/symbol/ygyi",
"YRCW","YRC Worldwide, Inc.","3.68","$127.23M","n/a","Transportation","Trucking Freight/Courier Services","https://www.nasdaq.com/symbol/yrcw",
"YJ","Yunji Inc.","10.4","$2.24B","2019","Consumer Services","Other Specialty Stores","https://www.nasdaq.com/symbol/yj",
"YY","YY Inc.","68.7","$5.42B","2012","Technology","EDP Services","https://www.nasdaq.com/symbol/yy",
"ZFGN","Zafgen, Inc.","1.28","$47.78M","2014","Health Care","Major Pharmaceuticals","https://www.nasdaq.com/symbol/zfgn",
"ZAGG","ZAGG Inc","6.49","$188.64M","n/a","Consumer Services","Other Specialty Stores","https://www.nasdaq.com/symbol/zagg",
"ZLAB","Zai Lab Limited","34.7","$2.02B","2017","Health Care","Major Pharmaceuticals","https://www.nasdaq.com/symbol/zlab",
"ZEAL","Zealand Pharma A/S","21.05","$668.35M","2017","Health Care","Major Pharmaceuticals","https://www.nasdaq.com/symbol/zeal",
"ZBRA","Zebra Technologies Corporation","197.53","$10.66B","1991","Technology","Industrial Machinery/Components","https://www.nasdaq.com/symbol/zbra",
"Z","Zillow Group, Inc.","43.02","$6.05B","n/a","Miscellaneous","Business Services","https://www.nasdaq.com/symbol/z",
"ZG","Zillow Group, Inc.","42.19","$8.66B","2011","Miscellaneous","Business Services","https://www.nasdaq.com/symbol/zg",
"ZN","Zion Oil & Gas Inc","0.36","$26.27M","n/a","Energy","Oil & Gas Production","https://www.nasdaq.com/symbol/zn",
"ZNWAA","Zion Oil & Gas Inc","n/a","n/a","n/a","Energy","Oil & Gas Production","https://www.nasdaq.com/symbol/znwaa",
"ZION","Zions Bancorporation N.A.","43.99","$8.03B","n/a","Finance","Major Banks","https://www.nasdaq.com/symbol/zion",
"ZIONW","Zions Bancorporation N.A.","11.6","n/a","n/a","Finance","Major Banks","https://www.nasdaq.com/symbol/zionw",
"ZIOP","ZIOPHARM Oncology Inc","5.63","$914.28M","n/a","Health Care","Major Pharmaceuticals","https://www.nasdaq.com/symbol/ziop",
"ZIXI","Zix Corporation","9.24","$513.26M","n/a","Technology","EDP Services","https://www.nasdaq.com/symbol/zixi",
"ZKIN","ZK International Group Co., Ltd","1.4198","$23.51M","2017","Capital Goods","Metal Fabrications","https://www.nasdaq.com/symbol/zkin",
"ZGNX","Zogenix, Inc.","39.51","$1.68B","2010","Health Care","Major Pharmaceuticals","https://www.nasdaq.com/symbol/zgnx",
"ZM","Zoom Video Communications, Inc.","85.03","$23.17B","2019","Technology","Computer Software: Programming, Data Processing","https://www.nasdaq.com/symbol/zm",
"ZSAN","Zosano Pharma Corporation","3.13","$55.47M","2015","Health Care","Major Pharmaceuticals","https://www.nasdaq.com/symbol/zsan",
"ZVO","Zovio Inc.","3.28","$99.11M","n/a","Consumer Services","Other Consumer Services","https://www.nasdaq.com/symbol/zvo",
"ZS","Zscaler, Inc.","73.82","$9.28B","2018","Technology","EDP Services","https://www.nasdaq.com/symbol/zs",
"ZUMZ","Zumiez Inc.","24.83","$639.15M","2005","Consumer Services","Clothing/Shoe/Accessory Stores","https://www.nasdaq.com/symbol/zumz",
"ZYNE","Zynerba Pharmaceuticals, Inc.","12.55","$264.49M","2015","Health Care","Major Pharmaceuticals","https://www.nasdaq.com/symbol/zyne",
"ZYXI","Zynex, Inc.","10.5","$338.57M","n/a","Health Care","Biotechnology: Electromedical & Electrotherapeutic Apparatus","https://www.nasdaq.com/symbol/zyxi",
"ZNGA","Zynga Inc.","5.87","$5.49B","2011","Technology","EDP Services","https://www.nasdaq.com/symbol/znga",
