A,75.750,74.823,1.012385
AA,23.130,26.615,0.869058
AABA,70.260,69.201,1.015300
AAC,1.080,1.902,0.567762
AAL,32.460,32.902,0.986576
AAMC,12.600,26.688,0.472127
AAME,2.390,2.556,0.934932
AAN,64.240,53.431,1.202293
AAOI,9.850,12.815,0.768619
AAON,49.710,43.558,1.141225
AAP,160.620,161.717,0.993217
AAPL,204.230,182.525,1.118915
AAT,47.620,44.623,1.067156
AAU,0.610,0.608,1.003642
AAWW,42.320,46.925,0.901870
AAXN,64.060,58.175,1.101168
AB,30.210,29.151,1.036337
ABB,19.440,19.419,1.001093
ABBV,72.990,80.236,0.909691
ABC,87.970,79.785,1.102594
ABCB,39.360,36.794,1.069738
ABEO,4.560,6.857,0.665041
ABEV,4.970,4.529,1.097315
ABG,83.910,74.041,1.133297
ABIL,0.929,1.622,0.572874
ABIO,6.940,7.393,0.938709
ABM,40.730,36.410,1.118635
ABMD,261.470,297.687,0.878340
ABR,12.330,12.509,0.985678
ABT,85.420,76.735,1.113177
ABTX,33.520,35.238,0.951252
ABUS,2.250,3.173,0.709028
AC,39.270,39.647,0.990489
ACA,37.290,32.434,1.149715
ACAD,27.140,24.344,1.114834
ACAM,9.750,0.000,
ACB,7.540,7.848,0.960771
ACBI,17.690,17.893,0.988673
ACC,47.600,45.907,1.036878
ACCO,7.870,8.405,0.936369
ACER,3.410,20.703,0.164712
ACGL,37.980,32.341,1.174350
ACH,8.450,9.342,0.904556
ACHC,34.620,30.376,1.139714
ACHN,2.710,2.681,1.010647
ACHV,2.010,2.731,0.735996
ACIA,48.140,49.921,0.964325
ACIU,5.370,5.795,0.926667
ACIW,34.860,31.810,1.095887
ACLS,15.160,18.914,0.801540
ACM,37.290,31.644,1.178415
ACMR,16.480,14.448,1.140629
ACN,191.390,168.540,1.135578
ACNB,38.100,37.572,1.014041
ACOR,7.360,12.493,0.589138
ACRE,14.940,14.798,1.009605
ACRS,2.360,5.947,0.396855
ACRX,2.450,2.929,0.836330
ACST,1.420,0.976,1.454986
ACTG,2.890,3.100,0.932189
ACTT,9.800,0.000,
ACTTW,0.000,0.000,
ACU,21.390,18.465,1.158434
ACY,7.300,10.232,0.713433
ADAP,3.700,4.363,0.848000
ADBE,303.980,265.354,1.145562
ADC,65.200,65.579,0.994224
ADES,13.000,11.899,1.092563
ADI,112.860,104.245,1.082642
ADIL,1.840,3.547,0.518801
ADM,41.940,42.034,0.997773
ADMA,3.590,3.935,0.912272
ADMP,1.280,2.210,0.579105
ADMS,6.000,7.330,0.818515
ADNT,23.610,19.128,1.234320
ADOM,0.271,0.335,0.809140
ADP,164.840,153.778,1.071935
ADRO,1.540,3.196,0.481813
ADS,148.250,160.192,0.925452
ADSK,172.230,158.606,1.085901
ADSW,32.170,28.763,1.118437
ADT,6.220,6.753,0.921044
ADTN,15.360,14.826,1.036042
ADUS,77.260,67.039,1.152465
ADVM,12.160,6.291,1.932829
ADXS,1.790,4.300,0.416302
AE,33.300,37.556,0.886682
AEE,76.450,71.722,1.065919
AEG,5.140,4.987,1.030628
AEGN,18.220,17.552,1.038059
AEHR,1.590,1.502,1.058330
AEIS,55.290,51.089,1.082226
AEL,27.410,29.334,0.934404
AEM,51.570,43.181,1.194263
AEMD,0.380,0.866,0.438977
AEO,17.140,20.262,0.845938
AEP,89.840,82.926,1.083378
AER,51.160,47.057,1.087200
AERI,25.960,40.664,0.638396
AES,17.120,16.825,1.017563
AETI,0.760,0.796,0.954188
AEY,1.690,1.395,1.211635
AEYE,7.860,9.162,0.857864
AEZS,2.900,3.660,0.792416
AFG,105.750,98.198,1.076905
AFH,0.730,4.046,0.180407
AFI,10.220,12.889,0.792933
AFIN,11.250,11.194,1.004999
AFINP,25.160,0.000,
AFL,56.810,49.990,1.136431
AFMD,2.910,3.454,0.842555
AG,7.780,6.326,1.229854
AGBAU,10.038,0.000,
AGCO,77.660,68.076,1.140783
AGE,3.270,3.953,0.827241
AGEN,2.690,2.951,0.911652
AGFS,1.770,3.239,0.546425
AGI,5.990,4.779,1.253338
AGIO,45.790,55.309,0.827898
AGLE,6.580,7.589,0.867070
AGM,73.220,72.969,1.003442
AGMH,17.750,21.537,0.824167
AGN,167.690,142.296,1.178458
AGNC,17.000,17.597,0.966047
AGNCB,25.543,25.481,1.002446
AGNCN,26.130,25.814,1.012223
AGO,44.360,42.818,1.036003
AGR,51.090,50.088,1.020012
AGRO,7.010,6.972,1.005475
AGRX,1.530,1.224,1.249525
AGS,20.530,22.984,0.893225
AGTC,3.780,3.770,1.002774
AGX,41.200,45.618,0.903152
AGYS,22.600,19.597,1.153214
AHC,3.640,3.869,0.940903
AHH,16.900,15.679,1.077895
AHPI,1.720,1.810,0.950116
AHT,2.770,4.729,0.585803
AI,6.440,7.758,0.830077
AIG,54.610,46.426,1.176274
AIHS,2.300,4.106,0.560209
AIMC,34.250,32.347,1.058823
AIMT,20.780,22.048,0.942485
AIN,82.330,73.126,1.125868
AINC,27.800,51.838,0.536287
AIR,37.910,34.746,1.091074
AIRG,14.500,13.082,1.108418
AIRI,1.050,1.112,0.944452
AIRT,18.050,19.085,0.945762
AIT,61.220,58.184,1.052173
AITB,5.487,4.966,1.104846
AIV,51.090,49.238,1.037608
AIZ,110.120,97.975,1.123960
AIZP,114.330,105.638,1.082283
AJG,90.590,80.427,1.126367
AJRD,46.820,37.296,1.255349
AJX,13.750,13.342,1.030593
AKAM,81.700,72.646,1.124634
AKBA,4.380,6.195,0.707061
AKCA,22.230,26.812,0.829102
AKER,0.435,0.894,0.486623
AKG,0.640,0.652,0.981733
AKR,27.570,27.725,0.994424
AKRX,5.070,3.873,1.308993
AKS,2.270,2.561,0.886296
AKTS,5.820,6.635,0.877101
AKTX,2.030,2.555,0.794566
AL,41.450,37.080,1.117851
ALAC,10.100,9.967,1.013311
ALB,70.510,77.490,0.909921
ALBO,31.870,30.122,1.058029
ALC,60.860,35.447,1.716921
ALCO,30.290,28.676,1.056294
ALDR,11.400,12.443,0.916160
ALDX,5.960,7.944,0.750222
ALE,86.070,80.584,1.068072
ALEC,19.060,0.000,
ALEX,23.420,23.228,1.008255
ALG,96.710,94.720,1.021009
ALGN,273.290,269.483,1.014128
ALGR,10.050,9.942,1.010826
ALGT,144.730,133.309,1.085669
ALIM,0.880,0.968,0.909077
ALJJ,1.560,1.559,1.000636
ALK,64.070,61.020,1.049989
ALKS,22.720,29.925,0.759221
ALL,104.490,94.160,1.109708
ALLE,110.990,93.793,1.183353
ALLK,42.410,41.067,1.032704
ALLO,26.780,28.337,0.945056
ALLT,7.830,7.284,1.074918
ALLY,31.510,27.818,1.132735
ALNA,4.950,6.273,0.789104
ALNY,72.190,79.673,0.906081
ALO,0.800,0.751,1.065257
ALOT,25.950,22.545,1.151010
ALPN,4.300,5.900,0.728874
ALRM,52.310,60.705,0.861714
ALRN,0.700,1.396,0.501479
ALSK,1.690,1.770,0.954720
ALSN,46.000,46.310,0.993316
ALT,2.420,2.791,0.867087
ALTM,3.660,6.130,0.597101
ALTR,41.570,35.516,1.170470
ALV,67.750,74.934,0.904128
ALX,374.560,363.983,1.029058
ALXN,130.300,126.156,1.032851
ALYA,2.750,2.930,0.938493
AM,11.920,12.848,0.927775
AMAG,10.000,12.783,0.782309
AMAL,17.820,17.403,1.023976
AMAT,43.980,40.034,1.098569
AMBA,44.500,42.137,1.056088
AMBC,17.080,18.014,0.948161
AMBO,3.460,5.384,0.642703
AMBR,13.050,10.089,1.293536
AMC,9.400,13.599,0.691235
AMCI,9.940,8.588,1.157438
AMCR,11.610,10.695,1.085597
AMCX,56.160,58.677,0.957102
AMD,31.500,25.657,1.227734
AME,91.090,80.930,1.125544
AMED,122.010,121.813,1.001614
AMEH,15.840,18.596,0.851812
AMG,91.050,101.653,0.895696
AMGN,185.940,185.136,1.004345
AMH,25.120,22.945,1.094783
AMID,5.220,4.674,1.116878
AMKR,7.400,7.995,0.925592
AMN,54.440,53.163,1.024016
AMNB,37.870,34.802,1.088159
AMOT,37.400,38.768,0.964717
AMOV,14.880,14.855,1.001686
AMP,150.120,134.188,1.118731
AMPE,0.430,0.542,0.793492
AMPH,20.880,21.588,0.967220
AMR,0.151,0.471,0.320756
AMRB,12.300,13.102,0.938816
AMRC,14.670,15.442,0.950026
AMRH,0.360,0.317,1.134472
AMRK,12.810,12.303,1.041175
AMRN,23.160,18.181,1.273869
AMRS,3.430,3.918,0.875512
AMRX,6.660,11.599,0.574198
AMS,2.950,2.728,1.081463
AMSC,9.640,11.991,0.803957
AMSF,64.380,59.665,1.079018
AMSWA,13.380,12.192,1.097422
AMT,209.040,188.288,1.110214
AMTB,19.390,16.064,1.207066
AMTBB,15.480,12.481,1.240331
AMTD,51.230,52.817,0.969954
AMTX,0.902,0.933,0.966972
AMWD,84.370,79.202,1.065254
AMX,14.950,14.916,1.002293
AMZN,1942.910,1763.923,1.101471
AN,42.010,38.106,1.102444
ANAB,53.760,69.876,0.769367
ANAT,124.020,126.250,0.982333
ANCN,4.452,0.000,
ANDA,9.910,0.000,
ANDE,27.270,31.981,0.852682
ANDX,36.860,35.238,1.046027
ANET,270.740,264.297,1.024376
ANF,17.150,22.522,0.761481
ANFI,0.720,1.093,0.658889
ANGI,12.930,15.722,0.822391
ANGO,20.430,20.978,0.973863
ANH,3.710,4.147,0.894585
ANIK,41.160,35.472,1.160365
ANIP,83.430,65.152,1.280546
ANIX,3.650,4.453,0.819747
ANSS,209.510,180.033,1.163734
ANTE,1.600,1.976,0.809735
ANTM,284.060,280.642,1.012179
ANY,1.510,2.419,0.624162
AOBC,9.100,10.489,0.867537
AON,197.580,171.957,1.149009
AOS,47.010,49.140,0.956650
AOSL,8.940,10.668,0.837983
AP,3.850,3.759,1.024310
APA,27.180,31.582,0.860613
APAM,27.820,25.535,1.089470
APC,71.040,56.523,1.256826
APD,230.580,190.399,1.211038
APDN,0.520,0.572,0.908873
APEI,29.540,30.620,0.964731
APEN,3.170,3.513,0.902447
APH,98.320,92.789,1.059608
APHA,6.850,8.070,0.848791
APLE,15.810,16.061,0.984349
APLS,25.440,18.195,1.398183
APLT,8.120,0.000,
APM,23.750,18.046,1.316071
APO,35.780,30.171,1.185913
APOG,43.260,36.976,1.169959
APOP,0.541,1.227,0.440850
APPF,103.080,81.070,1.271494
APPN,36.350,33.913,1.071866
APPS,5.260,3.413,1.541108
APRN,7.300,14.833,0.492148
APT,3.370,3.729,0.903670
APTO,3.010,2.048,1.469497
APTS,15.290,15.597,0.980310
APTV,79.190,77.688,1.019337
APTX,3.760,5.577,0.674195
APU,34.840,32.078,1.086087
APVO,0.880,1.093,0.804842
APWC,2.110,2.213,0.953368
APY,31.970,36.290,0.880961
APYX,7.240,0.000,
AQ,13.150,10.195,1.289814
AQMS,1.860,2.444,0.761009
AQN,12.320,11.307,1.089574
AQST,4.910,6.003,0.817912
AQUA,14.300,12.451,1.148482
AQXP,2.360,2.534,0.931491
AR,5.540,8.249,0.671565
ARA,7.280,9.054,0.804027
ARAV,5.720,5.681,1.006809
ARAY,3.810,4.257,0.894992
ARC,2.060,2.295,0.897439
ARCB,27.240,32.411,0.840460
ARCE,44.760,31.525,1.419827
ARCH,90.990,89.756,1.013753
ARCI,4.090,3.336,1.226176
ARCO,7.510,7.552,0.994390
ARCT,9.540,6.299,1.514598
ARCW,0.290,0.798,0.363610
ARD,17.780,13.547,1.312458
ARDS,10.300,9.486,1.085851
ARDX,2.700,2.782,0.970570
ARE,145.000,137.787,1.052351
AREC,3.536,5.456,0.648055
ARES,27.120,23.617,1.148317
AREX,0.330,0.615,0.536352
ARGO,74.550,70.742,1.053834
ARGX,140.420,122.339,1.147792
ARI,18.440,18.281,1.008690
ARKR,20.200,19.658,1.027579
ARL,16.140,12.734,1.267514
ARLO,4.340,4.841,0.896539
ARLP,17.690,18.672,0.947389
ARMK,36.310,31.783,1.142441
ARMP,3.860,3.793,1.017773
ARNA,61.890,48.968,1.263884
ARNC,26.100,20.467,1.275217
AROC,10.420,9.675,1.077032
AROW,34.450,33.576,1.026020
ARPO,0.900,1.887,0.476988
ARQL,11.270,5.557,2.027981
ARR,18.850,19.622,0.960672
ARRY,46.870,24.945,1.878908
ARTNA,36.710,36.589,1.003296
ARTW,2.150,2.067,1.040297
ARTX,1.890,2.810,0.672616
ARVN,26.970,19.405,1.389851
ARW,71.230,74.907,0.950907
ARWR,26.530,19.323,1.372952
ARYA,10.130,9.860,1.027425
ASB,21.440,21.793,0.983824
ASC,8.600,6.271,1.371310
ASCMA,0.930,0.745,1.247619
ASFI,7.300,5.186,1.407711
ASGN,58.900,61.057,0.964676
ASH,79.170,77.067,1.027286
ASIX,25.260,28.986,0.871463
ASLN,3.370,3.694,0.912301
ASM,0.580,0.573,1.011852
ASMB,14.680,18.394,0.798094
ASML,209.750,188.090,1.115158
ASNA,0.500,1.628,0.307079
ASND,112.380,103.256,1.088367
ASPN,6.940,3.825,1.814506
ASPS,21.920,23.125,0.947881
ASPU,4.290,4.666,0.919468
ASR,163.770,164.885,0.993239
ASRT,3.340,4.096,0.815500
ASRV,4.100,4.127,0.993507
ASRVP,29.040,29.272,0.992075
ASTC,2.620,4.018,0.652076
ASTE,31.540,35.214,0.895675
ASUR,9.590,6.474,1.481317
ASV,6.890,2.868,2.402134
ASX,4.190,4.050,1.034646
ASYS,5.940,5.514,1.077234
AT,2.440,2.457,0.993041
ATAI,2.530,1.621,1.560699
ATAX,7.010,6.729,1.041711
ATEC,4.270,2.890,1.477626
ATEN,7.120,6.668,1.067772
ATEX,47.980,40.932,1.172199
ATGE,45.540,46.929,0.970397
ATH,44.240,42.959,1.029808
ATHE,1.300,1.626,0.799643
ATHM,85.560,90.717,0.943148
ATHX,1.620,1.583,1.023289
ATI,25.250,25.258,0.999665
ATIF,2.930,0.000,
ATIS,1.670,1.337,1.249258
ATKR,25.830,23.392,1.104228
ATLC,4.060,3.563,1.139570
ATLO,27.100,26.711,1.014561
ATNI,59.900,63.145,0.948606
ATNM,0.248,0.425,0.583268
ATNX,19.600,13.220,1.482654
ATO,107.110,99.982,1.071298
ATOM,4.510,3.652,1.234922
ATOS,2.290,2.284,1.002607
ATR,124.610,107.321,1.161100
ATRA,19.740,32.278,0.611565
ATRC,31.410,29.819,1.053352
ATRI,817.650,833.961,0.980441
ATRO,40.870,34.985,1.168214
ATRS,3.390,3.065,1.106132
ATSG,23.580,22.998,1.025285
ATTO,2.440,3.498,0.697508
ATU,24.080,23.916,1.006846
ATUS,24.640,21.961,1.121974
ATV,19.800,26.315,0.752430
ATVI,48.150,45.674,1.054216
ATXI,6.230,5.424,1.148654
AU,17.740,13.535,1.310702
AUB,35.400,33.989,1.041502
AUBN,33.380,34.943,0.955262
AUDC,15.670,14.170,1.105857
AUG,1.680,1.356,1.238952
AUMN,0.290,0.285,1.016319
AUO,2.970,3.505,0.847444
AUPH,6.450,6.501,0.992191
AUTL,16.540,25.193,0.656521
AUTO,3.790,3.531,1.073283
AUY,2.530,2.395,1.056351
AVA,44.580,41.956,1.062533
AVAL,8.230,7.396,1.112770
AVAV,56.310,70.035,0.804028
AVB,207.870,196.699,1.056791
AVCO,2.410,3.659,0.658618
AVD,15.510,16.371,0.947407
AVDL,2.220,2.009,1.105107
AVDR,20.080,0.000,
AVEO,0.680,0.951,0.715387
AVGO,282.660,281.062,1.005686
AVGR,2.950,5.327,0.553820
AVH,4.030,4.143,0.972820
AVID,9.940,6.744,1.473893
AVLR,79.560,55.753,1.426997
AVNS,44.000,43.747,1.005776
AVNW,13.330,13.708,0.972402
AVP,4.040,2.929,1.379415
AVRO,15.280,16.601,0.920452
AVT,44.760,43.331,1.032975
AVTR,19.180,0.000,
AVX,16.350,16.911,0.966849
AVXL,3.470,2.754,1.260192
AVY,120.480,106.419,1.132129
AVYA,11.540,15.333,0.752645
AWI,99.830,79.818,1.250714
AWK,117.960,104.401,1.129871
AWR,75.820,70.374,1.077387
AWRE,3.270,3.506,0.932597
AWSM,2.230,2.522,0.884197
AWX,2.550,2.572,0.991335
AX,26.990,29.493,0.915143
AXAS,1.070,1.232,0.868410
AXDX,23.470,19.112,1.228045
AXE,59.580,58.576,1.017140
AXGN,19.890,19.854,1.001838
AXGT,6.420,8.672,0.740319
AXL,11.740,13.614,0.862340
AXLA,9.260,0.000,
AXNX,40.800,23.572,1.730868
AXP,125.400,111.416,1.125509
AXR,6.650,5.832,1.140308
AXS,61.000,56.794,1.074052
AXSM,27.040,14.843,1.821775
AXTA,30.290,26.191,1.156511
AXTI,4.120,4.465,0.922803
AXU,1.160,1.111,1.043681
AY,23.180,20.174,1.149014
AYI,130.690,130.784,0.999280
AYR,21.210,20.028,1.059000
AYTU,1.850,1.571,1.177485
AYX,115.980,82.183,1.411240
AZN,40.940,39.335,1.040794
AZO,1130.310,977.487,1.156343
AZPN,127.970,106.742,1.198871
AZRE,10.590,10.858,0.975277
AZRX,1.450,2.137,0.678596
AZUL,38.050,29.538,1.288190
AZZ,46.100,44.453,1.037040
B,55.980,55.620,1.006474
BA,355.860,372.752,0.954682
BABA,173.300,169.812,1.020542
BABY,25.630,27.703,0.925164
BAC,29.260,28.482,1.027330
BAH,67.980,56.833,1.196133
BAM,48.800,45.480,1.072994
BANC,14.260,14.473,0.985305
BAND,75.460,62.773,1.202105
BANF,56.670,54.776,1.034581
BANFP,26.830,26.772,1.002176
BANR,55.280,55.137,1.002590
BAP,238.370,233.475,1.020967
BAS,1.910,3.668,0.520772
BASI,2.000,1.775,1.126736
BATRA,28.060,27.451,1.022180
BATRK,28.070,27.412,1.024002
BAX,82.010,75.233,1.090075
BB,7.410,8.482,0.873648
BBAR,12.040,10.618,1.133906
BBBY,11.470,14.769,0.776630
BBCP,5.490,7.014,0.782763
BBD,10.240,9.319,1.098840
BBDO,9.140,9.033,1.011831
BBGI,3.110,3.895,0.798561
BBL,49.370,46.352,1.065118
BBSI,81.630,73.292,1.113760
BBT,49.940,48.765,1.024086
BBU,39.230,36.614,1.071447
BBVA,5.680,5.830,0.974322
BBW,5.670,5.313,1.067214
BBX,4.570,5.581,0.818828
BBY,71.890,65.967,1.089788
BC,45.210,49.153,0.919780
BCBP,13.020,12.444,1.046258
BCC,28.340,26.436,1.072019
BCE,46.220,44.105,1.047962
BCEI,20.660,22.325,0.925428
BCH,29.450,29.860,0.986264
BCLI,4.180,3.836,1.089733
BCML,23.370,22.518,1.037815
BCO,84.660,76.899,1.100923
BCOM,1.500,3.132,0.479000
BCOR,29.710,30.899,0.961512
BCOV,10.410,8.861,1.174822
BCOW,9.250,0.000,
BCPC,99.500,91.718,1.084846
BCRH,6.410,6.848,0.936100
BCRX,3.730,7.176,0.519803
BCS,7.840,8.166,0.960057
BCTF,15.700,15.236,1.030461
BCYC,9.000,0.000,
BDC,56.370,55.781,1.010552
BDGE,29.390,29.873,0.983840
BDL,23.000,24.382,0.943331
BDN,14.560,15.115,0.963284
BDR,0.960,1.054,0.910710
BDSI,4.620,4.584,1.007810
BDX,254.200,240.234,1.058136
BE,12.810,12.219,1.048327
BEAT,48.950,60.087,0.814654
BECN,36.910,35.558,1.038009
BEDU,10.180,10.619,0.958679
BELFA,15.270,18.794,0.812475
BELFB,16.500,21.842,0.755413
BEN,35.290,32.801,1.075880
BEP,35.980,31.033,1.159415
BERY,54.360,52.017,1.045049
BEST,5.400,5.179,1.042655
BFAM,154.800,127.254,1.216467
BFC,69.780,59.948,1.164008
BFIN,14.090,14.812,0.951262
BFRA,18.220,14.070,1.294969
BFS,56.860,53.669,1.059452
BFST,25.760,24.519,1.050620
BG,56.610,53.293,1.062244
BGCP,5.470,5.548,0.985992
BGFV,1.990,2.976,0.668590
BGG,10.000,12.084,0.827564
BGI,1.170,0.999,1.171073
BGNE,127.910,130.942,0.976844
BGS,21.420,24.605,0.870570
BGSF,18.590,21.972,0.846074
BH,102.500,124.385,0.824056
BHB,26.180,25.072,1.044177
BHC,25.280,23.738,1.064969
BHE,25.080,25.541,0.981954
BHF,37.100,37.854,0.980076
BHGE,24.550,24.615,0.997339
BHLB,31.470,29.400,1.070403
BHP,56.610,52.716,1.073864
BHR,9.510,11.532,0.824657
BHTG,1.850,2.414,0.766494
BHVN,42.920,49.361,0.869512
BID,58.500,41.437,1.411797
BIDU,116.290,153.711,0.756547
BIG,27.060,32.743,0.826448
BIIB,234.250,271.667,0.862269
BILI,16.740,16.751,0.999339
BIMI,2.670,6.340,0.421151
BIO,313.330,284.579,1.101032
BIOC,1.040,1.188,0.875691
BIOL,1.720,1.899,0.905518
BIOS,2.610,2.672,0.976914
BIOX,5.400,6.481,0.833177
BIP,43.840,40.623,1.079196
BIQI,0.700,1.669,0.419430
BITA,10.570,15.217,0.694617
BJ,25.950,25.960,0.999600
BJRI,44.680,47.873,0.933312
BK,44.530,49.031,0.908208
BKD,8.160,6.984,1.168467
BKE,16.950,17.934,0.945146
BKEP,1.330,1.336,0.995714
BKEPP,5.200,5.326,0.976309
BKH,79.390,72.106,1.101019
BKI,60.640,53.721,1.128787
BKJ,13.890,13.356,1.039997
BKNG,1924.750,1792.238,1.073937
BKS,6.610,5.814,1.137007
BKSC,19.320,18.532,1.042535
BKTI,4.000,4.121,0.970694
BKU,33.670,34.338,0.980544
BKYI,1.270,1.172,1.083702
BL,49.540,48.287,1.025949
BLBD,19.390,18.533,1.046247
BLCM,1.760,2.977,0.591270
BLD,81.500,66.510,1.225382
BLDP,4.230,3.448,1.226929
BLDR,16.970,14.082,1.205125
BLFS,15.710,16.559,0.948707
BLIN,2.430,8.785,0.276619
BLK,478.690,436.300,1.097157
BLKB,84.160,76.269,1.103462
BLL,71.770,57.910,1.239342
BLMN,18.150,19.629,0.924670
BLNK,2.690,2.714,0.991210
BLPH,0.626,0.685,0.913288
BLRX,0.340,0.427,0.796923
BLUE,127.830,133.695,0.956128
BLW,15.100,14.625,1.032460
BLX,20.870,19.847,1.051547
BMA,72.520,51.991,1.394857
BMCH,21.670,19.069,1.136408
BMI,59.340,55.443,1.070283
BMLP,47.380,47.336,1.000924
BMO,77.180,75.050,1.028379
BMRA,2.690,2.416,1.113256
BMRC,42.620,42.203,1.009885
BMRN,82.000,88.779,0.923639
BMTC,38.060,37.572,1.012999
BMY,45.890,48.181,0.952441
BNED,3.390,4.562,0.743147
BNFT,25.780,41.767,0.617239
BNGO,2.370,3.886,0.609841
BNS,54.270,54.007,1.004876
BNSO,2.650,2.655,0.998275
BNTC,0.770,1.592,0.483705
BOCH,10.760,10.845,0.992138
BOH,83.090,79.247,1.048494
BOKF,77.080,82.133,0.938482
BOLD,36.220,33.469,1.082195
BOMN,23.800,24.766,0.960985
BOOM,60.120,53.466,1.124443
BOOT,34.990,27.695,1.263400
BOSC,2.840,2.734,1.038754
BOTJ,14.760,14.167,1.041834
BOX,17.450,19.771,0.882627
BOXL,2.985,2.934,1.017298
BP,41.030,42.193,0.972428
BPFH,12.180,11.335,1.074566
BPL,41.180,35.112,1.172834
BPMC,95.790,78.251,1.224142
BPMP,15.670,15.357,1.020400
BPMX,0.637,1.954,0.326036
BPOP,56.040,53.777,1.042078
BPOPN,27.000,26.488,1.019344
BPR,19.310,19.350,0.997945
BPRAP,24.980,24.536,1.018107
BPT,15.050,22.132,0.680000
BPTH,13.500,12.420,1.086936
BPY,19.330,19.355,0.998730
BPYPP,25.160,0.000,
BR,132.450,110.817,1.195209
BRAC,10.300,10.193,1.010485
BRC,49.380,46.937,1.052053
BREW,15.000,15.018,0.998806
BRFS,8.910,6.669,1.336077
BRG,11.990,10.870,1.103044
BRID,34.350,25.990,1.321662
BRKL,15.390,14.935,1.030457
BRKR,50.980,39.281,1.297821
BRKS,39.560,33.057,1.196728
BRN,1.050,1.321,0.794581
BRO,34.760,30.221,1.150185
BROG,10.160,10.018,1.014147
BRPA,10.400,10.339,1.005889
BRPM,9.750,0.000,
BRQS,2.820,3.950,0.713925
BRSS,43.970,36.817,1.194284
BRT,13.110,13.344,0.982438
BRX,18.190,17.469,1.041245
BRY,10.420,11.260,0.925387
BSAC,30.110,30.086,1.000797
BSBR,12.460,11.889,1.048040
BSET,13.010,17.460,0.745122
BSGM,8.710,6.220,1.400323
BSIG,11.960,12.706,0.941308
BSM,15.350,17.020,0.901884
BSMX,7.880,7.276,1.083008
BSQR,1.210,1.840,0.657636
BSRR,27.070,25.800,1.049225
BSTC,60.200,64.264,0.936768
BSVN,17.800,16.481,1.080022
BSX,42.620,38.384,1.110357
BT,12.720,14.389,0.883994
BTAI,11.380,9.119,1.247931
BTE,1.470,1.772,0.829400
BTG,2.980,2.861,1.041763
BTI,37.520,37.014,1.013663
BTN,3.300,2.169,1.521379
BTU,23.500,28.731,0.817919
BTX,1.110,1.187,0.935293
BUD,92.710,81.343,1.139742
BURG,0.970,1.545,0.627754
BURL,175.510,162.617,1.079283
BUSE,26.780,25.748,1.040065
BV,18.890,15.310,1.233809
BVN,16.580,16.107,1.029389
BVSN,1.400,1.408,0.994631
BVXV,5.820,5.787,1.005659
BW,0.349,0.461,0.757075
BWA,40.770,39.713,1.026609
BWAY,10.273,0.000,
BWB,11.670,10.918,1.068898
BWEN,2.270,1.737,1.306949
BWFG,28.950,29.248,0.989806
BWMC,9.820,0.000,
BWXT,52.210,48.479,1.076958
BX,47.210,36.847,1.281251
BXC,19.150,25.349,0.755442
BXG,11.780,13.407,0.878624
BXMT,35.600,34.735,1.024895
BXP,131.870,130.987,1.006744
BY,19.540,18.940,1.031671
BYD,27.570,27.175,1.014540
BYFC,1.550,1.334,1.162212
BYND,152.630,0.000,
BYSI,20.060,17.606,1.139409
BZH,9.960,11.340,0.878271
BZUN,54.240,39.407,1.376394
C,71.400,64.448,1.107868
CAAP,8.220,7.684,1.069696
CAAS,2.460,2.859,0.860461
CABO,1218.640,1003.246,1.214697
CAC,45.300,42.643,1.062305
CACC,489.800,452.400,1.082671
CACI,214.670,184.186,1.165509
CADC,3.500,3.038,1.152242
CADE,20.340,19.741,1.030359
CAE,27.670,22.748,1.216386
CAG,28.060,25.967,1.080614
CAH,48.230,47.990,1.005001
CAI,24.100,23.946,1.006417
CAJ,29.510,28.623,1.030990
CAKE,44.010,46.180,0.953005
CAL,19.390,25.664,0.755525
CALA,4.480,5.392,0.830892
CALM,42.850,42.318,1.012582
CALX,6.670,7.768,0.858683
CAMP,11.290,12.930,0.873194
CAMT,8.490,8.620,0.984893
CANF,2.930,11.268,0.260025
CANG,6.640,7.063,0.940113
CAPL,16.370,16.902,0.968499
CAPR,3.680,4.609,0.798516
CAR,34.970,31.688,1.103559
CARA,21.810,18.099,1.205038
CARB,25.520,25.064,1.018201
CARG,36.130,38.155,0.946920
CARO,35.560,35.051,1.014529
CARS,21.300,22.678,0.939232
CART,7.670,8.148,0.941307
CARV,3.060,3.382,0.904896
CASA,6.360,9.165,0.693953
CASH,28.180,23.703,1.188899
CASI,3.060,3.348,0.913953
CASS,48.050,49.021,0.980188
CASY,159.000,134.261,1.184264
CAT,135.490,132.443,1.023009
CATB,7.460,6.592,1.131599
CATC,81.490,81.146,1.004242
CATM,28.080,30.932,0.907791
CATO,12.890,14.141,0.911544
CATS,18.330,14.009,1.308458
CATY,36.320,36.055,1.007360
CB,149.620,138.868,1.077425
CBAN,16.940,16.544,1.023952
CBAT,0.950,0.955,0.994566
CBAY,7.040,10.793,0.652269
CBB,4.670,8.229,0.567536
CBD,24.070,23.561,1.021597
CBFV,24.760,24.212,1.022624
CBIO,9.310,8.427,1.104819
CBL,1.050,1.625,0.645987
CBLI,1.520,1.501,1.012612
CBLK,17.450,14.852,1.174963
CBM,47.150,41.525,1.135464
CBMB,13.580,13.151,1.032598
CBMG,14.300,17.159,0.833367
CBNK,12.380,11.686,1.059405
CBPO,94.820,88.019,1.077264
CBPX,26.310,25.712,1.023249
CBRE,52.770,48.285,1.092883
CBRL,172.950,164.276,1.052803
CBS,52.010,49.055,1.060241
CBSH,60.650,59.694,1.016023
CBSHP,26.150,26.125,1.000955
CBT,47.600,45.019,1.057340
CBTX,28.910,30.816,0.938143
CBU,66.120,62.852,1.051994
CBZ,20.000,20.108,0.994621
CC,21.250,32.416,0.655537
CCB,15.350,15.989,0.960021
CCBG,24.920,23.721,1.050553
CCC,15.430,12.566,1.227951
CCCL,0.930,1.424,0.652929
CCEP,57.900,51.196,1.130949
CCF,109.210,97.577,1.119218
CCH,10.100,9.910,1.019132
CCI,134.230,123.004,1.091270
CCIH,0.880,1.110,0.792956
CCJ,10.810,11.359,0.951674
CCK,63.330,54.913,1.153270
CCL,46.910,53.509,0.876671
CCLP,3.590,3.016,1.190457
CCM,2.400,2.803,0.856256
CCMP,110.030,108.134,1.017535
CCNE,27.640,26.398,1.047057
CCNI,5.760,4.775,1.206389
CCO,4.650,5.218,0.891065
CCOI,61.660,53.412,1.154426
CCR,16.000,17.259,0.927078
CCRC,9.890,11.239,0.879940
CCRN,9.090,8.143,1.116279
CCS,26.440,24.530,1.077870
CCU,28.410,27.641,1.027827
CCXI,8.890,11.411,0.779099
CDAY,51.860,47.293,1.096563
CDE,4.270,4.170,1.023981
CDEV,7.520,10.046,0.748571
CDK,51.180,53.768,0.951866
CDLX,29.580,18.352,1.611835
CDMO,5.980,4.160,1.437658
CDMOP,27.490,25.905,1.061170
CDNA,35.340,30.601,1.154850
CDNS,74.410,60.077,1.238583
CDOR,8.750,8.924,0.980556
CDR,2.590,3.194,0.811019
CDTX,1.630,2.379,0.685292
CDW,113.790,97.300,1.169478
CDXC,4.350,3.943,1.103249
CDXS,18.590,19.271,0.964685
CDZI,12.310,10.150,1.212835
CE,105.630,100.953,1.046329
CEA,30.170,31.440,0.959599
CECE,9.500,7.935,1.197279
CECO,19.340,16.442,1.176290
CEI,0.120,0.424,0.283294
CEIX,25.940,32.209,0.805376
CEL,2.790,4.322,0.645582
CELC,22.840,22.026,1.036933
CELG,93.700,90.703,1.033038
CELH,4.050,3.973,1.019446
CELP,7.380,7.239,1.019541
CEMI,5.780,6.574,0.879256
CENT,28.360,30.419,0.932307
CENTA,25.690,27.556,0.932290
CENX,6.830,7.978,0.856119
CEO,170.980,171.257,0.998384
CEPU,9.310,9.209,1.011000
CEQP,36.430,34.053,1.069808
CERC,5.400,5.185,1.041389
CERN,74.500,61.839,1.204743
CERS,5.400,5.761,0.937264
CETV,4.330,3.668,1.180401
CETX,2.450,4.066,0.602630
CETXP,1.000,1.608,0.621761
CEVA,24.750,25.715,0.962480
CF,46.300,43.019,1.076272
CFBI,9.924,10.325,0.961139
CFBK,12.050,12.525,0.962073
CFFA,10.040,0.000,
CFFI,53.950,50.712,1.063846
CFFN,13.820,13.394,1.031802
CFG,35.890,34.661,1.035449
CFMS,3.740,2.245,1.666242
CFR,94.830,98.080,0.966865
CFRX,0.529,0.537,0.985354
CFX,27.020,26.614,1.015259
CG,23.660,19.435,1.217384
CGA,5.280,0.721,7.320915
CGC,40.160,43.422,0.924879
CGEN,3.790,3.467,1.093229
CGIX,0.170,0.239,0.710367
CGNX,44.440,47.684,0.931966
CHA,50.020,52.558,0.951713
CHAC,9.800,0.000,
CHAP,4.920,5.747,0.856027
CHCI,2.800,2.375,1.179118
CHCO,77.260,75.484,1.023523
CHCT,40.740,35.266,1.155229
CHD,74.330,70.169,1.059307
CHDN,118.380,95.292,1.242292
CHE,371.320,321.394,1.155340
CHEF,34.670,32.872,1.054702
CHEK,2.210,2.467,0.896002
CHFC,42.200,42.223,0.999449
CHFS,2.890,5.451,0.530208
CHGG,40.550,36.957,1.097225
CHH,89.040,80.620,1.104442
CHK,1.850,2.611,0.708439
CHKE,0.000,0.000,
CHKP,119.560,116.899,1.022764
CHKR,1.010,1.350,0.748190
CHL,45.420,49.180,0.923539
CHMA,7.690,5.512,1.395016
CHMG,49.000,46.060,1.063840
CHMI,15.840,17.594,0.900312
CHNR,1.600,1.716,0.932426
CHRA,5.460,6.445,0.847133
CHRS,22.740,15.468,1.470087
CHRW,84.900,85.832,0.989146
CHS,3.460,4.559,0.758899
CHSCL,27.390,27.314,1.002774
CHSCM,26.070,25.935,1.005212
CHSCN,26.400,26.471,0.997301
CHSCO,27.360,27.472,0.995915
CHSCP,28.140,28.486,0.987842
CHSP,28.410,28.526,0.995943
CHT,36.720,35.367,1.038264
CHTR,401.680,352.318,1.140106
CHU,10.930,11.617,0.940861
CHUY,22.780,21.617,1.053781
CHWY,34.270,0.000,
CI,163.440,169.736,0.962906
CIA,7.320,7.012,1.043904
CIB,51.010,48.124,1.059966
CIC,10.220,10.176,1.004359
CIDM,1.330,1.482,0.897491
CIEN,42.990,38.647,1.112362
CIFS,2.020,2.130,0.948493
CIG,3.880,3.653,1.062236
CIGI,72.000,65.012,1.107482
CIM,19.090,18.808,1.014997
CINF,107.830,89.587,1.203638
CINR,17.300,22.490,0.769223
CIO,12.420,11.581,1.072482
CIR,46.070,34.116,1.350392
CISN,11.060,12.307,0.898640
CIT,52.220,48.701,1.072247
CIVB,22.150,20.887,1.060479
CIVBP,69.000,67.815,1.017472
CIX,15.870,14.952,1.061408
CIZN,20.510,21.311,0.962414
CJ,11.560,14.751,0.783668
CJJD,1.090,1.845,0.590774
CKH,47.360,43.259,1.094795
CKPT,3.260,3.515,0.927361
CKX,9.880,10.225,0.966234
CL,73.140,67.811,1.078583
CLAR,14.520,12.380,1.172881
CLB,53.450,62.401,0.856560
CLBK,15.310,15.445,0.991257
CLBS,2.510,3.620,0.693414
CLCT,22.500,17.195,1.308529
CLDB,23.050,22.302,1.033540
CLDC,0.987,1.125,0.877583
CLDR,5.240,10.835,0.483609
CLDT,18.760,19.537,0.960228
CLDX,2.750,4.234,0.649485
CLF,10.860,9.911,1.095804
CLFD,13.350,13.591,0.982257
CLGN,4.460,5.237,0.851693
CLGX,43.190,38.855,1.111563
CLH,71.420,65.527,1.089928
CLI,23.600,21.920,1.076631
CLIR,1.230,1.014,1.213511
CLLS,16.180,17.699,0.914180
CLMT,4.180,3.651,1.145014
CLNC,15.580,16.022,0.972414
CLNE,2.510,2.550,0.984491
CLNY,5.130,5.354,0.958195
CLPR,11.510,12.915,0.891225
CLPS,5.959,7.980,0.746699
CLR,41.050,43.546,0.942687
CLRB,2.140,2.139,1.000571
CLRO,2.400,1.992,1.205106
CLS,6.930,8.074,0.858265
CLSD,1.075,1.245,0.863232
CLSN,1.740,2.075,0.838755
CLUB,2.260,4.479,0.504593
CLVS,14.200,21.222,0.669125
CLW,19.780,23.550,0.839929
CLWT,4.060,3.791,1.070938
CLX,155.770,153.950,1.011824
CLXT,10.840,14.383,0.753693
CM,79.920,81.514,0.980444
CMA,72.980,76.819,0.950020
CMC,17.810,16.465,1.081666
CMCL,6.000,5.805,1.033571
CMCM,3.690,5.946,0.620550
CMCO,41.500,36.471,1.137898
CMCSA,43.280,39.909,1.084473
CMCT,20.480,18.660,1.097535
CMCTP,26.800,26.738,1.002321
CMD,79.090,73.172,1.080881
CME,202.810,181.355,1.118306
CMG,739.540,641.110,1.153530
CMI,169.150,156.836,1.078513
CMLS,17.910,16.386,1.093032
CMO,8.440,8.104,1.041484
CMP,54.840,52.772,1.039195
CMPR,93.440,91.009,1.026713
CMRE,5.480,5.246,1.044508
CMRX,4.030,2.724,1.479542
CMS,58.720,54.454,1.078348
CMT,7.300,7.722,0.945297
CMTL,27.990,24.567,1.139311
CNA,47.960,44.970,1.066483
CNAC,10.331,10.227,1.010150
CNACU,10.400,0.000,
CNAT,0.310,1.399,0.221634
CNBKA,90.480,81.608,1.108716
CNC,51.480,57.113,0.901378
CNCE,12.190,12.683,0.961137
CNDT,9.860,11.939,0.825838
CNET,1.400,1.587,0.882282
CNF,5.860,5.789,1.012277
CNFR,3.988,4.306,0.926069
CNHI,10.590,10.126,1.045867
CNI,94.840,87.837,1.079726
CNK,37.160,39.126,0.949744
CNMD,87.400,77.444,1.128560
CNNE,29.160,23.745,1.228054
CNO,17.280,16.701,1.034660
CNOB,22.630,21.002,1.077505
CNP,29.440,29.952,0.982909
CNQ,26.690,27.493,0.970801
CNR,5.880,6.436,0.913650
CNS,52.790,44.080,1.197602
CNSL,5.380,8.316,0.646949
CNST,10.050,9.940,1.011066
CNTF,0.550,0.961,0.572325
CNTY,9.700,8.687,1.116637
CNX,7.360,9.964,0.738627
CNXM,14.270,15.392,0.927110
CNXN,34.860,35.320,0.986985
CO,5.720,6.567,0.870968
COCP,2.230,2.751,0.810504
CODA,13.100,10.232,1.280299
CODI,19.760,16.234,1.217212
CODX,0.830,1.062,0.781297
COE,7.020,6.480,1.083341
COF,92.540,85.384,1.083809
COG,23.640,25.159,0.939627
COHN,4.760,6.805,0.699521
COHR,134.390,130.463,1.030099
COHU,15.290,16.253,0.940746
COKE,318.400,270.736,1.176053
COLB,36.700,35.866,1.023241
COLD,34.480,30.250,1.139840
COLL,12.900,14.672,0.879245
COLM,100.720,97.602,1.031945
COMM,15.700,20.414,0.769083
CONE,60.080,55.561,1.081333
CONN,17.840,21.584,0.826542
COO,332.730,290.613,1.144925
COOP,8.140,10.811,0.752927
COP,59.900,64.532,0.928227
COR,120.290,106.277,1.131848
CORE,40.810,34.485,1.183404
CORR,40.360,37.479,1.076859
CORT,10.870,11.776,0.923091
CORV,2.330,2.855,0.816167
COST,268.250,234.476,1.144039
COT,13.220,14.473,0.913412
COTY,11.550,10.818,1.067633
COUP,137.460,97.041,1.416511
COWN,16.870,15.704,1.074261
CP,238.510,212.040,1.124834
CPA,103.340,88.334,1.169872
CPAC,9.000,9.458,0.951558
CPAH,1.500,1.600,0.937545
CPB,41.570,37.326,1.113698
CPE,6.490,7.422,0.874447
CPF,30.470,28.571,1.066466
CPG,3.130,3.326,0.941083
CPHC,12.430,14.213,0.874539
CPHI,0.310,0.306,1.011961
CPIX,6.380,5.953,1.071733
CPK,94.860,90.724,1.045593
CPL,16.510,15.512,1.064344
CPLG,13.000,12.768,1.018181
CPLP,10.400,13.062,0.796222
CPRI,34.750,41.832,0.830698
CPRT,74.600,61.681,1.209450
CPRX,3.920,3.612,1.085299
CPS,45.460,55.659,0.816753
CPSH,1.130,1.367,0.826383
CPSI,27.450,28.309,0.969643
CPSS,3.810,3.715,1.025583
CPST,0.810,0.849,0.954227
CPT,107.430,99.358,1.081241
CQP,42.980,41.784,1.028630
CR,84.550,82.434,1.025665
CRAI,38.630,43.918,0.879600
CRAY,34.680,27.259,1.272222
CRBP,6.840,7.201,0.949819
CRC,18.470,21.292,0.867481
CRCM,11.290,18.520,0.609621
CREE,59.580,56.034,1.063289
CREG,0.420,0.773,0.543676
CRESY,11.530,11.500,1.002569
CREX,2.190,2.357,0.929018
CRH,33.610,31.211,1.076862
CRHM,2.900,2.973,0.975403
CRI,94.520,93.125,1.014974
CRIS,1.790,1.471,1.216613
CRK,5.670,6.143,0.923040
CRL,142.440,133.316,1.068436
CRM,154.580,155.365,0.994949
CRMD,9.190,8.383,1.096219
CRMT,85.150,84.719,1.005084
CRNT,2.570,3.590,0.715832
CRNX,24.850,24.802,1.001945
CRON,15.290,17.214,0.888220
CROX,20.330,25.110,0.809650
CRR,1.200,3.130,0.383415
CRS,47.730,45.645,1.045683
CRSA,9.800,0.000,
CRSP,47.590,37.395,1.272618
CRT,12.490,12.042,1.037204
CRTO,18.110,22.387,0.808940
CRTX,37.580,0.000,
CRUS,44.180,40.981,1.078065
CRVL,88.710,69.465,1.277044
CRVS,6.500,4.098,1.586163
CRWD,67.210,0.000,
CRWS,4.460,5.216,0.855006
CRY,30.480,29.120,1.046700
CRZO,9.810,11.635,0.843154
CS,12.250,12.030,1.018301
CSBR,7.760,9.278,0.836427
CSCO,56.600,51.876,1.091064
CSFL,23.510,23.984,0.980219
CSGP,564.180,463.060,1.218373
CSGS,49.220,42.226,1.165636
CSII,42.750,36.398,1.174502
CSIQ,22.320,20.110,1.109883
CSL,139.350,125.014,1.114673
CSLT,3.050,3.281,0.929489
CSOD,59.600,54.710,1.089389
CSPI,14.930,11.893,1.255355
CSS,5.000,6.916,0.722934
CSSE,7.500,8.364,0.896659
CSSEP,24.850,25.017,0.993341
CSTE,15.530,15.255,1.017999
CSTM,10.110,8.895,1.136598
CSTR,15.250,15.496,0.984099
CSU,5.300,5.140,1.031067
CSV,19.020,19.079,0.996923
CSWC,21.070,21.453,0.982148
CSWI,68.060,58.429,1.164823
CSX,78.400,73.336,1.069053
CTAC,10.000,9.862,1.013971
CTAS,239.530,207.719,1.153142
CTB,31.600,31.271,1.010506
CTBI,42.320,41.458,1.020786
CTEK,4.880,4.749,1.027501
CTG,4.070,4.269,0.953400
CTHR,1.530,1.257,1.216940
CTIB,3.150,3.052,1.032270
CTIC,0.810,0.978,0.828531
CTK,9.090,10.222,0.889273
CTL,11.770,12.587,0.935079
CTLT,55.460,42.616,1.301376
CTMX,11.230,12.611,0.890488
CTO,60.310,59.777,1.008910
CTRA,49.110,58.275,0.842733
CTRC,3.170,3.814,0.831122
CTRE,24.250,23.013,1.053736
CTRL,23.780,19.611,1.212581
CTRM,4.120,0.000,
CTRN,15.160,18.682,0.811467
CTRP,38.570,37.125,1.038936
CTRV,3.870,14.499,0.266923
CTS,27.930,28.944,0.964955
CTSH,64.710,67.558,0.957849
CTSO,6.930,7.315,0.947339
CTST,4.940,6.874,0.718617
CTT,10.720,9.528,1.125085
CTVA,28.640,0.000,
CTWS,69.880,68.255,1.023801
CTXR,1.001,1.150,0.870521
CTXS,99.830,100.832,0.990064
CUB,67.000,58.981,1.135959
CUBE,34.350,31.648,1.085368
CUBI,20.820,20.359,1.022628
CUE,8.040,7.301,1.101151
CUI,0.880,1.245,0.707096
CUK,45.710,52.625,0.868592
CULP,19.020,18.853,1.008847
CUO,15.720,17.357,0.905693
CUR,0.310,0.436,0.711084
CURO,11.150,10.762,1.036018
CUTR,20.580,16.901,1.217680
CUZ,37.260,36.952,1.008333
CVA,18.100,16.946,1.068097
CVBF,21.110,21.569,0.978705
CVCO,155.720,136.930,1.137227
CVCY,21.100,19.776,1.066940
CVE,8.950,8.627,1.037410
CVEO,1.600,2.000,0.799847
CVET,25.020,0.000,
CVGI,7.850,7.617,1.030545
CVGW,96.190,87.329,1.101468
CVI,51.150,42.411,1.206042
CVIA,1.650,4.385,0.376260
CVLT,51.100,58.532,0.873034
CVLY,22.930,21.964,1.043986
CVM,8.420,4.557,1.847760
CVNA,65.790,53.206,1.236523
CVR,26.720,28.824,0.927016
CVRS,3.180,1.960,1.622323
CVS,55.570,57.817,0.961128
CVTI,14.650,19.605,0.747245
CVU,8.010,6.997,1.144823
CVV,3.700,3.911,0.946015
CVX,123.540,119.512,1.033705
CW,127.320,114.606,1.110933
CWBC,9.870,10.057,0.981374
CWBR,1.670,2.777,0.601297
CWCO,14.530,13.073,1.111459
CWEN,17.180,15.497,1.108595
CWH,12.240,13.372,0.915357
CWK,18.100,17.673,1.024136
CWST,41.230,35.132,1.173585
CWT,51.370,50.249,1.022306
CX,4.300,4.718,0.911400
CXDC,2.230,2.382,0.936344
CXO,100.930,109.951,0.917954
CXP,21.320,21.817,0.977198
CXW,20.260,20.559,0.985467
CY,22.310,16.451,1.356174
CYAD,12.940,19.932,0.649201
CYAN,2.860,3.252,0.879422
CYBE,12.350,18.156,0.680209
CYBR,128.490,110.967,1.157913
CYCC,0.580,0.732,0.792449
CYCCP,5.860,5.241,1.118190
CYCN,12.150,0.000,
CYD,15.810,15.693,1.007467
CYH,2.830,3.579,0.790823
CYOU,9.280,16.861,0.550368
CYRN,1.740,2.194,0.793221
CYRX,19.290,13.503,1.428590
CYTK,11.020,8.542,1.290087
CYTX,0.230,0.278,0.827520
CZFC,25.680,24.170,1.062474
CZNC,26.150,26.441,0.988986
CZR,12.180,9.116,1.336130
CZWI,10.820,11.549,0.936871
CZZ,13.830,11.669,1.185191
D,77.900,74.689,1.042998
DAC,8.820,11.867,0.743222
DAIO,4.210,5.288,0.796128
DAKT,6.540,7.327,0.892540
DAL,58.700,52.984,1.107879
DAN,19.160,17.723,1.081101
DAR,19.940,20.735,0.961671
DARE,0.810,0.968,0.836678
DATA,169.820,129.902,1.307293
DAVA,40.250,29.778,1.351679
DAVE,4.990,4.873,1.023998
DB,8.030,8.208,0.978266
DBD,9.570,8.617,1.110573
DBI,19.220,23.171,0.829499
DBVT,10.400,8.259,1.259220
DBX,25.160,23.191,1.084893
DCAR,1.130,2.222,0.508484
DCI,49.870,49.458,1.008321
DCIX,1.040,0.979,1.062383
DCO,45.870,42.882,1.069672
DCOM,19.150,19.059,1.004762
DCP,30.630,31.433,0.974466
DCPH,22.920,24.630,0.930587
DD,73.740,75.946,0.970954
DDD,8.920,10.592,0.842140
DDMX,10.040,0.000,
DDMXU,10.250,10.091,1.015734
DDS,65.170,66.194,0.984528
DE,163.420,157.642,1.036651
DEA,18.490,17.859,1.035350
DEACU,10.060,0.000,
DECK,176.920,146.811,1.205083
DEI,40.820,39.424,1.035411
DELL,52.370,56.470,0.927395
DENN,21.620,18.525,1.167064
DEO,172.630,160.415,1.076144
DERM,9.010,9.494,0.948978
DESP,13.700,14.640,0.935797
DEST,1.370,2.227,0.615108
DF,1.100,2.765,0.397792
DFBH,10.090,9.997,1.009301
DFFN,2.450,3.345,0.732528
DFIN,13.880,14.521,0.955832
DFRG,8.070,7.252,1.112810
DFS,80.200,72.899,1.100153
DG,139.950,121.604,1.150863
DGICA,14.860,13.789,1.077682
DGICB,14.500,12.663,1.145057
DGII,12.660,12.276,1.031278
DGLD,36.240,44.682,0.811071
DGLY,1.470,3.346,0.439367
DGSE,1.250,0.564,2.216132
DGX,103.260,91.607,1.127209
DHI,43.480,41.659,1.043720
DHIL,138.700,145.244,0.954945
DHR,144.450,124.819,1.157278
DHT,6.040,4.887,1.235830
DHX,3.990,2.897,1.377167
DIN,103.380,88.022,1.174479
DIOD,36.840,35.554,1.036171
DIS,142.450,122.643,1.161499
DISCA,31.260,28.442,1.099088
DISCB,35.950,33.373,1.077211
DISCK,28.720,26.620,1.078907
DISH,39.970,33.101,1.207514
DIT,95.830,92.669,1.034111
DJCO,235.470,221.270,1.064173
DK,40.400,35.425,1.140429
DKL,33.690,31.162,1.081114
DKS,36.740,35.999,1.020582
DL,5.250,6.557,0.800640
DLA,22.850,22.486,1.016193
DLB,65.030,63.799,1.019300
DLHC,5.230,5.654,0.925039
DLNG,1.420,2.472,0.574402
DLPH,18.450,19.367,0.952654
DLPN,1.010,1.397,0.722887
DLR,121.040,115.303,1.049755
DLTH,13.940,19.845,0.702459
DLTR,109.640,101.676,1.078327
DLX,41.020,43.325,0.946808
DMAC,4.670,3.556,1.313162
DMLP,18.400,18.073,1.018095
DMPI,1.530,3.267,0.468297
DMRC,46.580,35.221,1.322518
DNBF,45.160,38.624,1.169220
DNJR,3.230,7.394,0.436843
DNKN,81.560,73.104,1.115665
DNLI,20.760,21.616,0.960398
DNN,0.520,0.520,1.000734
DNOW,14.680,14.063,1.043898
DNR,1.220,1.878,0.649596
DO,8.790,10.019,0.877299
DOC,17.510,17.938,0.976143
DOCU,52.160,51.940,1.004228
DOGZ,2.890,3.416,0.846025
DOMO,28.370,32.274,0.879043
DOOO,37.250,29.966,1.243058
DOOR,52.940,52.322,1.011812
DORM,87.990,86.965,1.011782
DOV,102.740,91.126,1.127450
DOVA,16.110,9.028,1.784483
DOW,49.310,0.000,
DOX,62.840,57.192,1.098754
DPHC,9.720,0.000,
DPLO,5.970,7.859,0.759616
DPW,0.230,0.968,0.237637
DPZ,278.260,266.741,1.043183
DQ,43.540,35.360,1.231324
DRAD,6.210,7.228,0.859202
DRD,2.920,2.124,1.374735
DRE,32.610,30.054,1.085065
DRH,10.370,10.410,0.996143
DRI,123.640,114.266,1.082038
DRIO,0.474,0.690,0.687238
DRNA,14.740,12.589,1.170863
DRQ,46.040,41.298,1.114832
DRRX,0.670,0.645,1.037961
DRYS,3.820,4.616,0.827496
DS,4.810,4.672,1.029575
DSGX,37.320,35.514,1.050850
DSKE,3.610,4.569,0.790119
DSLV,30.330,29.571,1.025659
DSPG,13.660,13.660,0.999994
DSS,0.499,1.023,0.487726
DSSI,12.640,0.000,
DSWL,2.580,2.979,0.866038
DSX,3.640,3.076,1.183285
DTE,130.870,122.412,1.069093
DTEA,1.292,1.355,0.953157
DTIL,14.150,0.000,
DTSS,1.300,2.600,0.499916
DUK,89.680,88.261,1.016082
DVA,58.270,53.594,1.087246
DVAX,3.990,7.666,0.520452
DVCR,3.500,3.530,0.991523
DVD,2.040,2.026,1.006667
DVN,27.900,28.675,0.972979
DWSN,2.360,3.016,0.782406
DX,16.600,17.879,0.928479
DXC,56.460,60.534,0.932699
DXCM,146.990,133.118,1.104208
DXF,2.160,2.794,0.773220
DXLG,1.830,2.202,0.831011
DXPE,37.420,36.441,1.026872
DXR,8.450,11.834,0.714023
DXYN,0.600,0.861,0.696500
DY,58.140,53.119,1.094517
DYAI,5.820,3.481,1.671864
DYNT,1.790,2.043,0.876041
DYSL,1.050,1.027,1.022145
DZSI,12.870,12.307,1.045770
E,32.660,33.408,0.977605
EA,93.600,94.785,0.987501
EAF,11.520,12.434,0.926466
EARN,10.800,11.371,0.949792
EARS,2.640,6.116,0.431632
EAST,4.500,5.614,0.801556
EAT,39.420,42.990,0.916964
EB,16.460,23.233,0.708462
EBAY,39.800,36.097,1.102591
EBF,20.590,20.167,1.020993
EBIX,51.430,50.998,1.008477
EBMT,16.310,17.049,0.956667
EBR,9.470,8.848,1.070260
EBS,45.490,53.272,0.853914
EBSB,19.000,16.420,1.157125
EBTC,31.290,30.519,1.025265
EC,18.760,19.053,0.984627
ECA,4.940,6.478,0.762534
ECHO,19.600,22.715,0.862876
ECL,197.070,174.415,1.129890
ECOL,61.080,59.978,1.018365
ECOM,9.200,11.083,0.830079
ECOR,1.790,5.482,0.326531
ECPG,34.530,31.101,1.110268
ECT,1.700,1.796,0.946290
ED,88.810,83.091,1.068826
EDAP,2.800,3.235,0.865441
EDIT,24.060,23.245,1.035056
EDN,20.100,22.243,0.903668
EDNT,2.090,4.291,0.487085
EDRY,8.080,7.804,1.035401
EDSA,7.060,6.646,1.062325
EDTX,9.900,9.968,0.993139
EDTXU,10.220,10.151,1.006791
EDU,95.880,82.339,1.164454
EDUC,7.160,8.117,0.882138
EE,66.160,57.783,1.144971
EEFT,167.410,139.020,1.204219
EEI,11.060,11.242,0.983852
EEX,11.100,12.702,0.873890
EFBI,15.800,15.694,1.006737
EFC,18.090,17.395,1.039938
EFII,36.940,31.113,1.187268
EFOI,0.430,0.764,0.562737
EFSC,41.690,42.258,0.986558
EFX,138.060,116.328,1.186813
EGAN,7.980,9.159,0.871259
EGBN,55.120,54.410,1.013056
EGHT,24.700,21.454,1.151323
EGI,0.320,0.368,0.868988
EGLE,5.650,4.861,1.162387
EGO,6.260,4.094,1.529135
EGOV,16.470,16.114,1.022075
EGP,119.020,108.410,1.097869
EGRX,56.420,48.437,1.164804
EGY,1.660,2.000,0.829905
EHC,63.820,62.334,1.023839
EHTH,87.290,61.544,1.418330
EIDX,36.620,21.885,1.673295
EIG,44.520,42.081,1.057954
EIGI,4.890,6.302,0.775937
EIGR,10.100,12.326,0.819424
EIX,67.180,61.001,1.101300
EKSO,1.260,1.895,0.664969
EL,185.350,159.134,1.164743
ELAN,34.190,31.713,1.078113
ELF,14.160,10.604,1.335330
ELGX,7.510,6.747,1.113134
ELLO,13.000,8.853,1.468509
ELMD,5.490,5.438,1.009616
ELOX,9.730,11.298,0.861207
ELP,12.510,10.204,1.225938
ELS,124.890,112.783,1.107343
ELSE,3.230,3.489,0.925805
ELTK,3.940,2.583,1.525101
ELVT,4.230,4.466,0.947215
ELY,17.820,16.490,1.080640
EMAN,0.460,0.711,0.647400
EMCF,32.350,31.147,1.038625
EMCI,36.010,33.196,1.084756
EME,89.200,74.652,1.194885
EMKR,3.320,3.967,0.836932
EML,27.680,26.942,1.027399
EMMS,5.960,3.847,1.549219
EMN,77.850,77.597,1.003257
EMR,65.400,66.222,0.987593
EMX,1.230,1.184,1.038610
ENB,36.390,36.107,1.007824
ENBL,14.260,14.192,1.004792
ENDP,4.340,7.721,0.562071
ENFC,29.820,25.672,1.161595
ENG,0.880,0.762,1.154647
ENIA,8.530,8.997,0.948107
ENIC,4.700,4.994,0.941078
ENLC,10.540,11.172,0.943457
ENLV,22.000,8.518,2.582912
ENOB,4.700,6.631,0.708840
ENPH,19.640,10.845,1.810941
ENR,39.970,45.224,0.883816
ENS,66.330,70.428,0.941819
ENSG,57.800,50.072,1.154336
ENSV,0.390,0.466,0.836321
ENT,0.650,1.475,0.440735
ENTA,84.940,89.274,0.951449
ENTG,36.260,35.512,1.021066
ENTX,3.280,3.943,0.831912
ENV,70.140,63.074,1.112028
ENVA,22.520,23.628,0.953097
ENZ,3.650,3.390,1.076551
EOG,88.570,93.828,0.943962
EOLS,14.910,20.305,0.734320
EPAM,180.110,160.688,1.120867
EPAY,43.630,47.230,0.923786
EPC,28.050,38.258,0.733175
EPD,29.380,28.310,1.037785
EPIX,2.470,2.986,0.827310
EPM,6.580,7.002,0.939703
EPR,76.080,75.164,1.012186
EPRT,20.330,18.343,1.108303
EPSN,4.050,4.212,0.961559
EPZM,13.360,11.937,1.119236
EQ,5.500,7.206,0.763250
EQBK,28.000,29.659,0.944057
EQC,33.080,32.237,1.026149
EQH,21.830,20.256,1.077720
EQIX,518.180,444.049,1.166944
EQM,43.850,44.314,0.989535
EQNR,19.850,21.725,0.913712
EQR,77.920,74.162,1.050672
EQT,15.470,19.244,0.803895
ERA,8.560,9.668,0.885436
ERF,7.500,8.342,0.899025
ERI,49.570,47.128,1.051826
ERIC,9.400,9.356,1.004724
ERIE,265.030,185.231,1.430806
ERII,10.500,8.910,1.178411
ERJ,20.390,20.086,1.015141
EROS,1.780,7.957,0.223710
ERYP,7.000,7.729,0.905627
ES,76.990,71.080,1.083149
ESBK,15.590,17.264,0.903053
ESCA,11.390,11.660,0.976863
ESE,82.380,70.506,1.168408
ESEA,0.640,0.687,0.931763
ESGR,177.450,173.405,1.023327
ESGRO,25.670,25.267,1.015933
ESGRP,26.200,25.451,1.029434
ESI,10.380,10.777,0.963181
ESLT,150.240,135.380,1.109763
ESNT,49.130,44.061,1.115055
ESP,24.750,24.853,0.995841
ESPR,47.230,45.922,1.028490
ESQ,24.350,23.003,1.058550
ESRT,15.250,15.383,0.991336
ESS,301.100,280.411,1.073780
ESSA,15.250,15.559,0.980130
ESTA,20.900,25.099,0.832715
ESTC,78.490,82.119,0.955804
ESTE,6.640,6.449,1.029604
ESTR,0.990,1.478,0.670039
ESV,8.910,14.271,0.624360
ESXB,8.130,7.630,1.065563
ET,14.600,14.773,0.988276
ETFC,46.150,47.536,0.970839
ETH,20.960,20.045,1.045661
ETM,6.160,6.353,0.969636
ETN,81.810,78.512,1.042006
ETON,7.720,7.339,1.051880
ETR,104.340,94.100,1.108822
ETRN,19.190,20.353,0.942838
ETSY,63.380,62.199,1.018991
ETTX,6.400,6.176,1.036239
EURN,8.940,8.457,1.057167
EV,43.820,40.220,1.089520
EVA,31.010,30.719,1.009463
EVBG,93.760,72.454,1.294066
EVBN,35.320,35.344,0.999328
EVC,3.180,3.345,0.950662
EVER,13.480,8.459,1.593618
EVFM,4.720,4.411,1.070043
EVGN,1.600,1.973,0.810894
EVH,7.630,13.751,0.554863
EVI,36.520,36.739,0.994031
EVK,2.400,3.642,0.659009
EVLO,8.040,9.030,0.890388
EVLV,0.430,0.461,0.933698
EVOK,0.685,1.507,0.454481
EVOL,0.830,1.146,0.724191
EVOP,28.910,27.481,1.052009
EVR,89.660,88.029,1.018527
EVRG,61.530,57.795,1.064634
EVRI,12.100,9.244,1.309005
EVSI,4.710,7.789,0.604673
EVTC,32.970,28.951,1.138818
EW,188.300,176.117,1.069178
EWBC,47.140,49.245,0.957252
EXAS,118.050,93.088,1.268161
EXC,49.200,48.544,1.013509
EXEL,21.120,21.793,0.969126
EXFO,4.060,3.779,1.074465
EXK,2.000,2.197,0.910228
EXLS,66.520,60.006,1.108561
EXP,89.390,80.146,1.115334
EXPD,75.370,73.754,1.021908
EXPE,135.120,122.480,1.103201
EXPI,10.400,10.402,0.999824
EXPO,58.750,55.474,1.059052
EXPR,2.610,4.187,0.623298
EXR,108.500,100.603,1.078499
EXTN,13.860,16.169,0.857212
EXTR,6.500,6.908,0.940988
EYE,30.050,30.008,1.001407
EYEG,0.250,0.359,0.696038
EYEN,4.070,4.857,0.837997
EYES,0.787,0.833,0.944588
EYPT,1.630,2.007,0.812117
EZPW,9.760,9.549,1.022145
F,10.200,9.228,1.105330
FAF,54.230,51.939,1.044109
FAMI,1.750,3.032,0.577151
FANG,107.410,103.283,1.039961
FANH,32.710,26.724,1.223977
FARM,17.440,21.271,0.819905
FARO,49.000,47.310,1.035723
FAST,32.090,31.452,1.020289
FAT,4.092,5.073,0.806654
FATE,21.120,16.944,1.246472
FB,196.400,170.932,1.148993
FBC,33.610,32.225,1.042995
FBHS,56.520,48.551,1.164135
FBIO,1.520,1.705,0.891595
FBIOP,20.954,19.367,1.081944
FBIZ,24.830,21.951,1.131152
FBK,36.890,34.971,1.054872
FBM,17.340,12.144,1.427833
FBMS,30.750,31.033,0.990889
FBNC,36.710,36.523,1.005108
FBP,11.040,10.611,1.040430
FBSS,21.120,20.776,1.016575
FC,34.030,27.428,1.240692
FCAP,51.960,49.084,1.058588
FCAU,14.120,14.902,0.947549
FCBC,33.310,33.907,0.982399
FCBP,22.580,21.779,1.036789
FCCO,19.890,19.117,1.040455
FCCY,18.240,18.733,0.973676
FCEL,0.800,3.718,0.215191
FCF,13.580,13.249,1.024988
FCFS,102.200,89.300,1.144453
FCN,85.210,76.466,1.114353
FCNCA,458.780,426.136,1.076605
FCPT,27.920,28.086,0.994094
FCSC,1.900,2.003,0.948696
FCX,11.290,11.820,0.955167
FDBC,67.000,60.481,1.107780
FDC,28.180,24.813,1.135707
FDEF,28.450,28.639,0.993414
FDP,27.250,28.302,0.962838
FDS,295.450,250.724,1.178387
FDX,161.970,175.107,0.924977
FE,43.730,40.885,1.069577
FEDU,1.840,2.151,0.855222
FEIM,12.000,11.608,1.033755
FELE,46.600,48.108,0.968660
FELP,0.720,2.147,0.335337
FENC,4.090,5.361,0.762929
FENG,3.120,3.829,0.814849
FET,3.050,5.041,0.605076
FEYE,15.180,16.041,0.946321
FF,11.720,14.603,0.802568
FFBC,24.590,24.917,0.986872
FFBW,10.200,10.546,0.967227
FFG,64.480,66.089,0.975654
FFHL,2.000,2.288,0.874120
FFIC,22.570,22.256,1.014114
FFIN,30.990,30.270,1.023799
FFIV,147.660,155.123,0.951892
FFNW,13.920,15.672,0.888183
FFWM,14.020,14.073,0.996255
FG,8.740,8.138,1.074022
FGBI,20.800,21.238,0.979356
FGEN,44.330,48.712,0.910050
FGP,1.020,1.190,0.857143
FHB,25.750,26.051,0.988458
FHL,10.790,9.585,1.125713
FHN,15.030,14.588,1.030308
FI,5.710,6.021,0.948337
FIBK,39.840,39.855,0.999630
FICO,332.430,263.096,1.263531
FII,33.280,29.728,1.119497
FIS,126.800,112.281,1.129312
FISI,28.770,27.962,1.028883
FISV,94.460,85.099,1.110001
FIT,4.390,5.498,0.798415
FITB,28.350,26.981,1.050722
FITBI,27.720,27.676,1.001583
FIVE,127.470,125.792,1.013342
FIVN,51.700,50.650,1.020727
FIX,51.780,50.536,1.024617
FIXX,18.220,23.131,0.787672
FIZZ,45.470,60.913,0.746472
FL,42.060,54.605,0.770259
FLDM,11.590,11.591,0.999954
FLEX,9.800,9.801,0.999899
FLGT,6.272,5.326,1.177523
FLIC,21.660,21.916,0.988321
FLIR,54.510,49.552,1.100062
FLKS,0.533,0.418,1.276448
FLL,1.750,2.160,0.810157
FLMN,8.290,8.201,1.010816
FLNT,5.570,5.357,1.039801
FLO,23.750,21.124,1.124295
FLOW,39.790,34.982,1.137443
FLR,32.370,34.857,0.928639
FLS,53.000,46.436,1.141349
FLT,291.770,239.642,1.217525
FLWS,19.260,17.541,1.097995
FLXN,11.120,12.389,0.897603
FLXS,17.060,22.219,0.767827
FMAO,28.600,30.696,0.931712
FMBH,34.340,33.911,1.012656
FMBI,20.880,21.206,0.984611
FMC,84.690,75.944,1.115157
FMCI,10.060,9.910,1.015121
FMNB,14.850,13.993,1.061212
FMS,39.940,38.367,1.040996
FMX,97.440,93.983,1.036787
FN,51.100,53.494,0.955252
FNB,11.820,11.485,1.029131
FNCB,8.230,7.978,1.031595
FND,41.950,38.317,1.094825
FNF,41.000,37.051,1.106574
FNHC,14.310,16.669,0.858491
FNJN,2.330,2.804,0.830852
FNKO,21.720,19.750,1.099755
FNLC,26.610,26.019,1.022708
FNSR,23.210,22.850,1.015758
FNV,83.660,75.063,1.114532
FNWB,16.410,15.887,1.032923
FOCS,27.800,31.791,0.874466
FOE,15.820,16.777,0.942965
FOLD,11.860,12.381,0.957950
FOMX,2.290,3.331,0.687530
FONR,21.930,21.058,1.041397
FOR,19.880,17.427,1.140782
FORD,1.130,1.436,0.786849
FORK,2.110,2.638,0.799781
FORM,15.790,15.695,1.006026
FORR,47.970,47.308,1.013985
FORTY,49.500,44.077,1.123036
FOSL,10.940,14.020,0.780335
FOX,36.560,41.479,0.881402
FOXA,36.600,41.799,0.875628
FOXF,84.160,69.120,1.217591
FPAC,10.260,9.936,1.032655
FPAY,1.090,0.880,1.239066
FPH,8.050,7.724,1.042272
FPI,6.750,6.073,1.111523
FPRX,6.120,10.303,0.594007
FR,37.520,34.194,1.097267
FRAC,6.650,9.568,0.695052
FRAF,38.300,36.545,1.048015
FRAN,4.980,8.240,0.604403
FRBK,4.870,5.585,0.871984
FRD,6.230,7.498,0.830861
FRED,0.530,1.837,0.288462
FRGI,13.140,14.041,0.935806
FRME,38.230,37.385,1.022589
FRO,8.030,6.966,1.152749
FRPH,53.900,49.603,1.086623
FRPT,45.830,41.815,1.096027
FRSX,1.820,1.466,1.241228
FRT,130.930,131.482,0.995805
FRTA,5.250,4.819,1.089401
FSB,28.650,29.143,0.983092
FSBC,17.530,17.471,1.003395
FSBW,50.920,49.559,1.027472
FSCT,35.870,36.041,0.995262
FSFG,60.900,54.703,1.113290
FSI,4.130,2.517,1.640678
FSLR,66.840,55.379,1.206964
FSLY,21.100,0.000,
FSM,2.850,3.283,0.868014
FSP,7.640,7.363,1.037570
FSS,26.720,24.528,1.089353
FSTR,26.410,20.438,1.292185
FSV,97.580,86.336,1.130229
FTAC,9.900,0.000,
FTCH,19.930,22.581,0.882613
FTDR,44.330,34.633,1.280000
FTEK,1.390,1.626,0.854602
FTEO,6.533,10.156,0.643256
FTFT,1.220,1.036,1.177225
FTI,25.150,23.137,1.087013
FTK,3.180,3.016,1.054339
FTNT,78.890,80.705,0.977510
FTNW,1.060,1.642,0.645521
FTR,1.770,2.219,0.797736
FTS,39.950,36.689,1.088871
FTSI,5.840,8.470,0.689474
FTSV,10.530,15.118,0.696499
FTV,80.980,79.613,1.017168
FUL,47.170,46.889,1.005991
FULT,16.570,16.374,1.011953
FUN,47.980,52.316,0.917123
FUNC,19.680,17.760,1.108099
FUND,6.680,6.669,1.001660
FUSB,9.310,9.515,0.978498
FUV,3.180,3.653,0.870416
FVCB,19.130,17.494,1.093498
FVE,0.450,0.699,0.643629
FVRR,27.250,0.000,
FWONA,35.600,34.029,1.046152
FWONK,37.340,34.950,1.068383
FWP,0.998,1.118,0.892440
FWRD,59.210,61.145,0.968359
FXNC,20.490,20.327,1.008022
G,38.530,33.984,1.133757
GABC,30.680,29.768,1.030634
GAIA,7.350,9.470,0.776173
GALT,3.960,4.523,0.875456
GASS,3.550,3.289,1.079403
GATX,77.940,75.402,1.033655
GBCI,41.140,41.419,0.993271
GBL,19.940,19.657,1.014416
GBLI,31.080,32.543,0.955031
GBR,1.800,1.887,0.953961
GBT,54.910,53.121,1.033684
GBX,28.910,35.604,0.811985
GCAP,4.200,5.675,0.740153
GCBC,28.800,30.492,0.944501
GCI,8.480,9.761,0.868723
GCO,42.590,44.878,0.949009
GCP,23.110,26.756,0.863745
GD,182.280,170.393,1.069761
GDDY,71.710,72.664,0.986876
GDEN,14.490,15.939,0.909082
GDI,34.490,28.774,1.198634
GDOT,49.400,61.945,0.797483
GDP,11.980,13.113,0.913572
GDS,38.690,33.296,1.162014
GE,10.500,9.636,1.089702
GEC,4.270,3.816,1.119053
GEL,21.850,21.870,0.999103
GEMP,0.760,1.093,0.695567
GEN,1.240,1.367,0.907131
GENC,13.210,12.609,1.047689
GENE,0.650,0.789,0.823899
GEO,20.890,21.221,0.984420
GEOS,15.460,14.140,1.093376
GERN,1.400,1.496,0.935523
GES,16.330,19.144,0.853000
GEVO,2.270,2.268,1.000808
GFED,23.190,22.790,1.017552
GFF,16.570,16.437,1.008062
GFI,5.180,4.089,1.266811
GFN,8.140,9.305,0.874759
GFNCP,102.500,101.937,1.005521
GGAL,36.400,29.206,1.246328
GGB,3.980,3.881,1.025471
GGG,50.880,47.838,1.063596
GH,86.000,66.031,1.302416
GHC,721.890,684.488,1.054642
GHDX,58.390,66.290,0.880832
GHG,13.110,12.908,1.015630
GHL,14.130,21.357,0.661604
GHM,20.260,21.317,0.950418
GHSI,1.230,0.000,
GIB,77.590,69.471,1.116875
GIFI,6.880,8.666,0.793883
GIG,10.370,10.229,1.013738
GIGM,2.520,2.647,0.952123
GIII,28.970,34.115,0.849178
GIL,38.910,35.775,1.087625
GILD,68.530,66.110,1.036608
GILT,8.230,8.767,0.938745
GIS,54.180,48.475,1.117692
GKOS,78.030,69.246,1.126855
GLAC,10.190,10.077,1.011200
GLAD,9.440,9.033,1.045007
GLADN,25.649,25.327,1.012722
GLBS,2.330,3.256,0.715696
GLBZ,10.520,10.908,0.964462
GLDD,11.280,9.083,1.241821
GLDI,8.970,8.642,1.037939
GLG,0.470,1.447,0.324908
GLIBA,63.140,54.905,1.149989
GLIBP,25.400,25.034,1.014639
GLMD,6.990,7.584,0.921644
GLNG,18.120,20.467,0.885337
GLOB,104.590,77.700,1.346077
GLOG,14.340,16.182,0.886179
GLOP,21.480,21.566,0.996018
GLOW,1.100,1.322,0.832082
GLP,20.410,19.142,1.066264
GLPG,134.990,110.158,1.225425
GLPI,39.880,37.945,1.051009
GLRE,8.520,10.379,0.820912
GLT,16.530,14.140,1.168993
GLUU,7.160,9.201,0.778209
GLW,33.610,32.428,1.036445
GLYC,11.970,11.653,1.027239
GM,38.500,37.664,1.022187
GMDA,4.900,9.806,0.499685
GME,5.520,9.993,0.552401
GMED,41.300,44.186,0.934694
GMHI,10.100,0.000,
GMHIW,1.300,0.000,
GMLP,11.550,12.417,0.930180
GMLPP,25.040,24.787,1.010209
GMO,0.350,0.268,1.305152
GMRE,10.690,10.138,1.054431
GMS,22.890,18.075,1.266398
GNC,1.580,2.330,0.678134
GNCA,3.830,4.989,0.767629
GNE,11.800,8.850,1.333287
GNFT,19.340,25.947,0.745356
GNK,9.870,8.235,1.198482
GNL,20.120,19.061,1.055538
GNLN,8.320,0.000,
GNMK,6.490,6.762,0.959810
GNMX,0.180,0.223,0.808642
GNPX,1.180,1.575,0.749155
GNRC,71.110,55.694,1.276799
GNTX,24.380,21.831,1.116765
GNTY,31.010,29.586,1.048134
GNUS,1.440,2.001,0.719635
GNW,3.800,3.965,0.958432
GOGL,6.370,5.394,1.180948
GOGO,4.270,4.474,0.954507
GOL,21.000,13.706,1.532164
GOLD,15.800,13.183,1.198488
GOLF,26.360,24.113,1.093184
GOOD,21.660,20.681,1.047346
GOODM,25.441,25.285,1.006159
GOODO,27.000,26.469,1.020070
GOODP,26.700,26.321,1.014388
GOOG,1131.590,1135.269,0.996759
GOOGL,1132.670,1140.703,0.992958
GOOS,40.790,47.592,0.857084
GORO,3.230,3.832,0.842821
GOSS,20.920,0.000,
GPAQ,10.330,10.219,1.010866
GPC,105.600,103.394,1.021339
GPI,81.510,68.157,1.195920
GPK,14.270,12.782,1.116408
GPL,0.780,0.821,0.950512
GPMT,19.060,18.945,1.006044
GPN,162.490,135.351,1.200512
GPOR,4.630,7.071,0.654767
GPP,14.050,15.045,0.933874
GPRE,10.510,14.746,0.712716
GPRK,18.220,17.204,1.059044
GPRO,5.550,5.927,0.936462
GPS,18.300,23.822,0.768198
GPX,15.630,14.176,1.102565
GRA,79.200,74.196,1.067445
GRAF,9.980,9.846,1.013591
GRAM,3.170,3.200,0.990554
GRBK,9.120,8.777,1.039050
GRC,32.450,33.050,0.981843
GRFS,21.670,19.134,1.132527
GRIF,38.690,35.361,1.094141
GRIN,4.910,5.487,0.894829
GRMN,79.750,78.294,1.018596
GRNQ,1.130,2.558,0.441676
GROW,1.780,1.231,1.446077
GRPN,3.580,3.519,1.017244
GRSH,10.040,9.896,1.014567
GRTS,11.480,12.425,0.923912
GRUB,77.860,72.924,1.067685
GRVY,44.000,58.381,0.753670
GS,207.900,195.109,1.065560
GSAT,0.480,0.542,0.885260
GSB,9.140,6.876,1.329241
GSBC,60.920,54.962,1.108401
GSH,17.730,19.351,0.916250
GSHD,49.140,32.191,1.526525
GSIT,8.680,7.821,1.109779
GSK,40.850,40.041,1.020214
GSKY,11.340,12.166,0.932080
GSL,8.150,3.841,2.121594
GSM,1.890,2.067,0.914257
GSS,4.070,3.782,1.076133
GSUM,2.860,3.071,0.931378
GSV,1.010,1.118,0.903510
GSX,10.600,1.573,6.738814
GT,15.030,18.106,0.830103
GTE,1.510,2.213,0.682480
GTES,11.230,14.137,0.794389
GTHX,27.890,20.302,1.373742
GTIM,1.870,2.323,0.805001
GTLS,73.530,80.840,0.909579
GTN,16.910,19.053,0.887543
GTS,25.030,22.578,1.108586
GTT,18.010,29.641,0.607595
GTX,15.090,15.922,0.947719
GTY,30.810,31.835,0.967811
GTYH,6.510,9.055,0.718926
GURE,0.960,1.098,0.874001
GV,2.320,2.475,0.937504
GVA,47.050,44.131,1.066135
GVP,2.200,2.641,0.833141
GWB,36.160,34.150,1.058846
GWGH,7.470,10.690,0.698762
GWPH,172.000,159.940,1.075400
GWR,108.980,86.658,1.257594
GWRE,102.210,95.604,1.069102
GWRS,10.250,9.754,1.050895
GWW,269.530,288.042,0.935730
GYRO,18.440,18.736,0.984180
H,77.520,73.193,1.059117
HA,28.000,28.023,0.999194
HABT,10.210,10.906,0.936183
HAE,120.620,95.549,1.262384
HAFC,22.530,21.914,1.028129
HAIN,22.370,20.548,1.088662
HAIR,0.580,0.685,0.846866
HAL,23.030,27.850,0.826944
HALL,14.720,11.191,1.315380
HALO,17.330,16.170,1.071768
HARP,13.700,0.000,
HAS,106.920,93.036,1.149235
HASI,28.350,24.994,1.134253
HAYN,31.600,32.105,0.984258
HBAN,13.920,13.405,1.038380
HBANN,25.845,26.066,0.991515
HBANO,26.120,26.048,1.002758
HBB,17.880,21.608,0.827474
HBCP,37.810,35.845,1.054821
HBI,17.380,16.825,1.032998
HBIO,1.900,3.228,0.588625
HBM,5.240,6.002,0.873033
HBMD,15.200,14.167,1.072949
HBNC,16.490,16.432,1.003531
HBP,2.600,2.615,0.994075
HCA,138.530,130.336,1.062865
HCAC,9.900,0.000,
HCC,25.510,27.776,0.918425
HCCH,10.110,9.962,1.014841
HCCI,26.330,26.003,1.012559
HCFT,3.420,3.397,1.006673
HCHC,2.250,2.762,0.814564
HCI,41.840,43.838,0.954431
HCKT,16.680,16.608,1.004325
HCM,22.570,7.428,3.038687
HCP,32.680,30.764,1.062287
HCR,2.390,3.604,0.663144
HCSG,30.220,35.569,0.849623
HD,211.460,191.696,1.103099
HDB,129.790,112.624,1.152421
HDS,39.950,42.115,0.948604
HDSN,0.880,1.467,0.599886
HE,44.350,40.025,1.108046
HEAR,10.840,12.781,0.848145
HEB,4.100,7.369,0.556407
HEBT,1.630,0.955,1.706370
HEI,135.920,99.999,1.359219
HELE,132.200,123.705,1.068675
HEP,28.050,28.208,0.994387
HES,63.010,58.229,1.082111
HESM,19.920,20.842,0.955760
HEXO,5.200,6.337,0.820565
HF,45.600,43.950,1.037534
HFBC,19.530,19.233,1.015431
HFBL,32.620,32.206,1.012842
HFC,45.830,48.840,0.938364
HFFG,19.780,14.900,1.327490
HFWA,30.110,30.648,0.982438
HGSH,0.840,1.005,0.836043
HGV,32.210,30.145,1.068509
HHC,130.080,108.412,1.199864
HHHH,10.020,0.000,
HHR,17.100,0.000,
HHS,2.730,3.269,0.835018
HI,39.980,41.057,0.973757
HIBB,18.750,19.197,0.976695
HIG,56.950,50.241,1.133536
HIHO,2.720,2.995,0.908331
HII,230.530,209.887,1.098352
HIIQ,26.170,29.993,0.872546
HIL,2.680,2.908,0.921446
HIMX,3.520,3.501,1.005561
HIVE,4.430,3.870,1.144613
HIW,43.000,44.320,0.970220
HJLI,0.970,1.704,0.569320
HK,0.190,1.147,0.165613
HL,1.720,2.158,0.797141
HLF,42.990,52.162,0.824167
HLG,59.050,45.763,1.290340
HLI,45.700,45.238,1.010216
HLIO,45.670,43.233,1.056368
HLIT,5.880,5.417,1.085391
HLNE,59.490,45.971,1.294086
HLT,100.600,84.779,1.186611
HLTH,0.150,0.298,0.502558
HLX,8.650,7.466,1.158545
HMC,26.160,27.271,0.959274
HMG,13.170,14.008,0.940166
HMHC,5.650,7.747,0.729284
HMI,10.030,11.828,0.847981
HMLP,17.910,18.102,0.989419
HMN,42.100,39.022,1.078889
HMNF,21.000,21.064,0.996945
HMST,30.290,27.318,1.108777
HMSY,33.960,30.760,1.104020
HMTV,13.140,13.620,0.964758
HMY,2.230,1.906,1.169690
HNGR,17.130,19.515,0.877802
HNI,34.990,37.059,0.944174
HNNA,9.650,9.987,0.966254
HNP,24.290,24.511,0.990975
HNRG,5.760,5.403,1.066004
HOFT,21.320,27.869,0.765020
HOG,36.020,36.304,0.992178
HOLI,18.950,19.885,0.952960
HOLX,47.960,45.637,1.050906
HOMB,19.690,18.565,1.060591
HOME,7.130,19.476,0.366100
HON,176.590,158.663,1.112990
HONE,19.060,17.186,1.109065
HOOK,6.720,0.000,
HOPE,14.020,13.749,1.019721
HOS,1.200,1.424,0.842444
HOTH,5.300,0.000,
HOV,8.180,14.054,0.582026
HOVNP,3.010,2.939,1.024315
HP,50.030,54.461,0.918631
HPE,15.170,15.227,0.996255
HPJ,4.500,3.166,1.421270
HPP,34.160,33.299,1.025845
HPQ,21.160,20.493,1.032549
HPR,1.750,2.423,0.722343
HPT,25.260,25.938,0.973863
HQY,64.650,69.495,0.930277
HR,32.370,31.478,1.028332
HRB,28.830,25.833,1.116022
HRC,105.890,100.748,1.051039
HRL,41.500,41.674,0.995831
HROW,7.910,5.829,1.356971
HRS,184.960,167.112,1.106801
HRTG,16.150,14.780,1.092665
HRTX,18.330,22.921,0.799712
HSBC,42.080,41.741,1.008116
HSC,27.000,23.066,1.170541
HSDT,2.170,5.150,0.421365
HSGX,0.200,0.165,1.211617
HSIC,69.160,63.400,1.090851
HSII,29.300,35.276,0.830599
HSKA,81.180,84.019,0.966207
HSON,12.450,14.519,0.857470
HST,18.410,18.600,0.989777
HSTM,26.030,26.213,0.993011
HSY,138.260,118.413,1.167610
HT,16.880,17.824,0.947051
HTA,27.630,27.911,0.989935
HTBI,25.310,25.889,0.977629
HTBK,12.290,12.629,0.973121
HTBX,0.690,1.113,0.619874
HTGM,1.520,2.350,0.646872
HTH,21.720,19.407,1.119200
HTHT,35.660,35.689,0.999198
HTLD,18.310,19.412,0.943232
HTLF,45.000,45.230,0.994922
HTZ,16.310,14.780,1.103486
HUBB,129.140,118.246,1.092130
HUBG,41.240,42.151,0.978393
HUBS,176.400,165.930,1.063100
HUD,14.140,14.427,0.980126
HUM,264.650,270.659,0.977797
HUN,20.480,21.644,0.946219
HURC,36.090,38.537,0.936506
HURN,50.580,49.224,1.027558
HUSA,0.210,0.222,0.944712
HUYA,25.990,22.613,1.149348
HVBC,14.898,15.614,0.954157
HVT,17.510,20.489,0.854621
HWBK,27.000,24.200,1.115716
HWC,39.870,40.898,0.974869
HWCC,5.460,5.792,0.942744
HWKN,42.290,39.683,1.065696
HX,2.470,2.816,0.877002
HXL,81.390,70.051,1.161868
HY,54.210,61.413,0.882707
HYGS,14.880,8.724,1.705586
HYRE,3.890,4.724,0.823447
HZN,3.690,2.716,1.358448
HZNP,24.350,24.435,0.996532
HZO,16.830,18.097,0.929995
I,21.380,20.304,1.052976
IAC,227.660,214.836,1.059692
IAG,3.350,3.218,1.041113
IART,54.900,51.179,1.072715
IBA,52.900,47.850,1.105529
IBCP,22.100,22.026,1.003362
IBIO,0.690,0.830,0.831172
IBKC,76.270,74.887,1.018462
IBM,141.380,135.068,1.046730
IBN,12.560,11.030,1.138681
IBOC,37.840,38.405,0.985297
IBP,57.560,47.818,1.203727
IBTX,56.650,53.966,1.049733
ICAD,6.260,5.273,1.187288
ICBK,17.520,17.742,0.987486
ICCC,6.440,6.741,0.955284
ICCH,13.610,13.918,0.977848
ICD,1.440,2.803,0.513753
ICE,89.520,78.556,1.139575
ICFI,78.250,72.676,1.076697
ICHR,24.390,21.835,1.117036
ICL,5.190,5.421,0.957335
ICLK,3.790,4.163,0.910413
ICLR,154.310,138.546,1.113784
ICON,0.830,1.518,0.546904
ICPT,80.460,98.553,0.816415
ICUI,251.460,235.905,1.065938
IDA,104.020,98.992,1.050788
IDCC,65.720,67.944,0.967274
IDEX,2.370,1.640,1.445122
IDN,5.500,3.491,1.575587
IDRA,2.610,2.814,0.927490
IDSA,0.910,1.238,0.734821
IDSY,5.690,5.831,0.975807
IDT,11.150,7.120,1.566028
IDXG,0.710,0.831,0.854479
IDXX,278.490,227.400,1.224669
IDYA,8.010,0.000,
IEA,2.810,5.493,0.511591
IEC,6.200,6.870,0.902505
IEP,75.040,70.924,1.058033
IESC,18.790,17.871,1.051438
IEX,171.730,149.501,1.148687
IFF,145.120,135.979,1.067223
IFMK,1.280,1.124,1.139061
IGC,1.600,1.294,1.236797
IGLD,0.300,0.655,0.457935
IGT,13.330,14.444,0.922891
IHC,39.200,37.130,1.055739
IHG,68.180,62.430,1.092109
IHT,1.580,1.639,0.964043
III,3.140,3.734,0.840963
IIIN,21.390,21.099,1.013814
IIIV,29.160,24.167,1.206614
IIN,23.340,25.162,0.927593
IIPR,130.160,80.478,1.617341
IIVI,37.130,36.635,1.013525
IKNX,7.120,7.992,0.890884
ILMN,378.230,313.988,1.204599
ILPT,21.580,20.239,1.066278
IMAC,4.292,0.000,
IMAX,20.440,21.843,0.935767
IMGN,2.390,3.330,0.717767
IMH,3.030,3.690,0.821172
IMI,1.170,1.119,1.045641
IMKTA,31.760,29.379,1.081027
IMMP,1.760,2.048,0.859561
IMMR,7.570,8.762,0.863967
IMMU,14.150,15.519,0.911803
IMO,27.490,27.584,0.996577
IMOS,15.480,16.370,0.945659
IMRN,3.010,5.798,0.519147
IMTE,8.540,9.059,0.942728
IMUX,11.970,10.948,1.093349
IMV,3.060,4.266,0.717269
IMXI,14.520,12.137,1.196328
INAP,3.150,4.421,0.712547
INBK,21.440,21.149,1.013759
INCY,85.280,80.534,1.058937
INDB,75.670,78.249,0.967043
INFI,1.730,1.535,1.127064
INFN,2.990,4.137,0.722782
INFO,64.620,55.051,1.173819
INFU,4.450,4.302,1.034516
INFY,10.690,10.566,1.011762
ING,11.780,11.962,0.984818
INGN,65.890,99.524,0.662054
INGR,83.230,89.965,0.925137
INMB,9.560,0.000,
INN,11.630,11.395,1.020606
INNT,1.150,1.819,0.632226
INO,3.020,3.731,0.809453
INOD,0.950,1.263,0.752327
INOV,14.900,13.594,1.096099
INPX,0.525,1.327,0.395636
INS,30.290,27.333,1.108182
INSE,9.000,7.116,1.264808
INSG,4.870,4.878,0.998263
INSM,24.920,26.537,0.939049
INSP,63.880,53.969,1.183637
INST,43.310,42.498,1.019095
INSU,9.850,0.000,
INSUU,10.334,0.000,
INSUW,0.930,0.000,
INSW,19.040,18.093,1.052346
INT,36.070,28.895,1.248301
INTC,48.080,50.007,0.961471
INTG,30.650,31.145,0.984113
INTL,39.820,38.812,1.025974
INTT,4.760,6.404,0.743333
INTU,270.540,242.510,1.115583
INUV,0.350,1.088,0.321551
INVA,14.400,15.191,0.947940
INVE,4.960,5.056,0.980933
INVH,27.400,24.012,1.141111
INWK,3.850,4.032,0.954883
INXN,76.840,66.747,1.151219
IO,8.370,10.910,0.767202
IONS,64.570,67.235,0.960365
IOR,12.910,11.304,1.142077
IOSP,94.220,79.481,1.185439
IOTS,8.400,6.394,1.313769
IOVA,24.530,12.718,1.928783
IP,43.870,45.079,0.973170
IPAR,64.330,69.659,0.923504
IPDN,2.210,2.284,0.967484
IPG,23.360,22.224,1.051096
IPGP,149.000,145.966,1.020788
IPHI,51.740,43.256,1.196144
IPHS,28.630,29.783,0.961282
IPI,3.380,3.459,0.977159
IPIC,3.200,4.394,0.728223
IPLDP,25.240,25.077,1.006517
IPOA,10.430,10.202,1.022304
IPWR,0.350,0.383,0.914130
IQ,20.210,21.208,0.952960
IQV,160.900,137.066,1.173885
IR,124.810,110.642,1.128054
IRBT,90.310,102.973,0.877024
IRCP,21.000,20.103,1.044609
IRDM,24.190,23.142,1.045300
IRET,60.530,58.670,1.031708
IRIX,4.200,4.732,0.887548
IRM,31.590,33.910,0.931594
IRMD,19.600,24.659,0.794841
IROQ,20.720,20.415,1.014965
IRS,10.120,11.475,0.881949
IRT,11.950,10.639,1.123265
IRTC,78.330,78.772,0.994390
IRWD,10.460,11.105,0.941949
ISBC,11.290,11.641,0.969836
ISCA,44.760,43.877,1.020119
ISDR,11.000,12.194,0.902051
ISEE,1.270,1.375,0.923401
ISIG,1.060,1.261,0.840608
ISNS,5.240,5.026,1.042651
ISR,0.410,0.403,1.016657
ISRG,537.250,522.597,1.028038
ISRL,123.900,116.231,1.065979
ISSC,5.000,3.359,1.488670
ISTR,23.620,23.475,1.006177
IT,168.970,147.802,1.143222
ITCB,12.260,13.344,0.918741
ITCI,13.460,12.794,1.052046
ITGR,82.900,78.390,1.057530
ITI,5.290,4.476,1.181972
ITIC,164.340,165.772,0.991362
ITMR,9.950,6.981,1.425263
ITP,0.680,0.869,0.782846
ITRI,62.630,54.423,1.150801
ITRM,6.640,6.731,0.986521
ITRN,30.570,33.774,0.905125
ITT,65.360,57.881,1.129221
ITUB,9.720,9.183,1.058445
ITW,147.980,144.480,1.024223
IVAC,5.220,5.464,0.955296
IVC,5.360,6.739,0.795333
IVR,16.280,15.955,1.020372
IVZ,20.970,19.704,1.064240
IX,75.340,72.705,1.036237
IZEA,0.526,1.097,0.479399
JACK,81.330,80.347,1.012228
JAG,8.820,9.947,0.886732
JAGX,4.190,14.821,0.282709
JAKK,0.740,1.273,0.581384
JASN,0.660,1.469,0.449236
JAX,10.680,9.956,1.072741
JAZZ,141.070,132.517,1.064543
JBGS,40.000,40.059,0.998533
JBHT,90.860,98.570,0.921779
JBL,31.540,27.773,1.135643
JBLU,19.190,17.516,1.095597
JBSS,80.640,71.323,1.130624
JBT,122.880,96.389,1.274828
JCAP,20.480,21.104,0.970448
JCI,41.870,36.427,1.149433
JCOM,89.430,83.074,1.076511
JCP,1.160,1.285,0.902858
JCS,3.030,2.705,1.120037
JCTCF,8.410,7.791,1.079505
JD,31.030,27.118,1.144253
JE,4.210,3.627,1.160780
JEC,84.710,73.150,1.158033
JEF,21.420,19.418,1.103091
JELD,21.520,19.054,1.129437
JFIN,14.930,0.000,
JFK,9.880,0.000,
JFKKU,10.850,0.000,
JFKKW,0.400,0.000,
JG,5.090,7.264,0.700719
JHG,22.010,22.892,0.961465
JHX,13.270,12.567,1.055951
JILL,2.100,4.376,0.479866
JJSF,163.800,156.154,1.048967
JKHY,137.150,135.129,1.014954
JKS,23.160,18.209,1.271919
JLL,139.600,145.587,0.958878
JMEI,2.420,2.396,1.009907
JMIA,26.070,0.000,
JMP,3.950,4.085,0.966925
JMU,1.220,1.318,0.925951
JNCE,4.570,5.023,0.909833
JNJ,140.570,136.162,1.032377
JNPR,27.360,26.838,1.019464
JOB,0.850,1.204,0.705774
JOBS,75.960,74.496,1.019652
JOE,18.080,16.070,1.125056
JOUT,75.700,71.133,1.064207
JP,2.430,3.631,0.669295
JPM,113.490,106.685,1.063788
JRJC,0.890,1.130,0.787292
JRSH,7.060,6.921,1.020091
JRVR,47.970,41.437,1.157669
JT,3.920,5.157,0.760117
JVA,4.160,5.207,0.798921
JWN,31.980,41.369,0.773040
JYNT,19.170,13.886,1.380517
K,55.770,56.652,0.984434
KAI,91.400,87.947,1.039257
KALA,6.370,6.811,0.935232
KALU,96.440,99.280,0.971399
KALV,18.740,22.424,0.835696
KAMN,63.480,59.454,1.067720
KAR,24.900,20.316,1.225626
KB,37.620,39.513,0.952098
KBAL,16.970,15.430,1.099795
KBH,25.960,23.937,1.084533
KBLM,10.460,10.338,1.011786
KBR,24.960,20.276,1.230992
KBSF,2.590,3.555,0.728497
KDMN,2.020,2.355,0.857569
KDP,30.080,27.767,1.083287
KE,15.720,15.783,0.996029
KEG,2.900,2.921,0.992891
KELYA,26.190,23.442,1.117204
KELYB,25.490,23.026,1.107004
KEM,19.360,17.965,1.077653
KEN,20.390,19.126,1.066106
KEP,11.120,13.206,0.842010
KEQU,18.670,24.779,0.753463
KEX,77.450,76.433,1.013303
KEY,18.000,16.779,1.072759
KEYS,91.470,81.154,1.127113
KFFB,7.620,7.606,1.001897
KFRC,35.430,35.214,1.006137
KFS,2.620,2.452,1.068555
KFY,39.100,45.275,0.863603
KGC,3.830,3.363,1.138717
KGJI,0.610,0.783,0.779382
KHC,30.990,36.073,0.859097
KIDS,36.990,39.059,0.947023
KIM,18.450,17.596,1.048514
KIN,8.240,9.383,0.878175
KINS,8.980,13.389,0.670699
KIQ,1.500,0.940,1.596523
KIRK,2.160,7.115,0.303589
KKR,25.940,23.358,1.110561
KL,42.070,33.318,1.262689
KLAC,117.900,111.381,1.058532
KLDO,9.080,0.000,
KLIC,22.540,22.016,1.023814
KLXE,19.220,25.180,0.763309
KMB,137.060,122.906,1.115162
KMDA,5.710,5.649,1.010742
KMI,21.110,19.384,1.089057
KMPH,1.600,1.917,0.834601
KMPR,90.140,81.039,1.112309
KMT,35.030,36.332,0.964156
KMX,88.480,70.438,1.256147
KN,18.300,16.550,1.105766
KNDI,4.790,5.568,0.860223
KNL,23.450,20.292,1.155620
KNOP,19.590,19.031,1.029357
KNSA,15.010,17.479,0.858737
KNSL,95.780,71.628,1.337189
KNX,33.590,31.752,1.057879
KO,52.110,48.020,1.085183
KOD,13.220,8.278,1.597075
KODK,2.380,2.742,0.868009
KOF,62.980,63.318,0.994660
KOOL,3.350,3.060,1.094935
KOP,29.250,25.636,1.140952
KOPN,1.180,1.269,0.929804
KOS,6.020,5.930,1.015138
KOSS,2.000,2.026,0.987375
KPFS,3.250,4.382,0.741751
KPTI,8.810,6.455,1.364800
KR,21.750,25.741,0.844963
KRA,31.690,30.025,1.055471
KRC,76.120,73.658,1.033430
KREF,20.020,20.182,0.991989
KRG,15.340,15.764,0.973119
KRNT,30.550,24.523,1.245770
KRNY,13.870,13.287,1.043888
KRO,15.260,13.845,1.102194
KRP,16.050,16.922,0.948496
KRYS,44.700,28.531,1.566717
KSS,48.280,63.554,0.759665
KSU,122.940,113.803,1.080292
KT,12.420,12.902,0.962608
KTB,29.830,629.402,0.047394
KTCC,5.090,5.869,0.867313
KTOS,24.090,17.441,1.381265
KTOV,0.970,1.083,0.895496
KURA,19.800,16.078,1.231513
KVHI,10.800,10.427,1.035725
KW,20.690,20.721,0.998515
KWR,198.740,200.434,0.991550
KXIN,2.020,7.369,0.274114
KZIA,2.570,3.148,0.816467
KZR,7.100,17.394,0.408187
L,55.690,49.394,1.127459
LABL,50.010,48.087,1.039980
LAC,4.120,3.759,1.096123
LACQ,10.160,10.022,1.013764
LAD,122.370,99.137,1.234358
LADR,16.900,16.840,1.003554
LAIX,10.410,10.417,0.999355
LAKE,11.220,11.605,0.966815
LAMR,82.570,78.139,1.056712
LANC,148.840,155.469,0.957363
LAND,11.630,12.173,0.955380
LANDP,25.940,25.719,1.008592
LARK,23.940,23.775,1.006922
LASR,18.570,20.977,0.885248
LAUR,15.920,15.540,1.024481
LAWS,38.400,32.418,1.184543
LAZ,34.740,36.652,0.947824
LAZY,5.160,5.407,0.954402
LB,27.790,25.838,1.075534
LBAI,16.400,15.853,1.034501
LBC,11.270,10.205,1.104381
LBRDA,105.240,91.633,1.148497
LBRDK,106.630,91.907,1.160191
LBRT,15.820,15.275,1.035666
LBTYA,27.650,25.392,1.088916
LBTYB,27.470,25.189,1.090575
LBTYK,26.920,24.673,1.091086
LBY,1.880,3.249,0.578584
LC,3.070,3.109,0.987429
LCA,9.750,0.000,
LCAHU,10.050,0.000,
LCI,6.030,7.217,0.835489
LCII,89.520,83.531,1.071697
LCNB,18.530,16.883,1.097550
LCUT,9.760,9.644,1.012047
LDL,19.550,23.322,0.838259
LDOS,82.020,66.897,1.226072
LE,11.700,15.888,0.736408
LEA,135.030,142.657,0.946534
LEAF,6.960,7.782,0.894417
LECO,82.030,83.791,0.978989
LEDS,3.120,3.165,0.985746
LEE,2.200,2.761,0.796925
LEG,38.900,40.550,0.959308
LEGH,12.570,12.690,0.990571
LEJU,1.300,1.571,0.827667
LEN,48.280,48.929,0.986743
LEU,3.430,2.990,1.147187
LEVI,22.270,0.000,
LEVL,24.350,23.929,1.017600
LEXEA,48.560,43.612,1.113465
LEXEB,47.900,43.644,1.097511
LFAC,10.190,10.022,1.016778
LFC,12.710,12.597,1.008969
LFUS,177.470,182.526,0.972301
LFVN,12.980,13.177,0.985076
LGC,10.100,10.014,1.008623
LGCY,0.040,0.000,
LGIH,70.130,63.573,1.103139
LGL,8.130,7.378,1.101911
LGND,116.970,119.988,0.974850
LH,177.780,153.126,1.161001
LHC,10.200,10.093,1.010568
LHCG,122.830,109.769,1.118985
LIFE,5.046,6.904,0.730915
LII,288.050,256.157,1.124508
LILA,17.450,18.523,0.942067
LILAK,17.410,18.512,0.940452
LIN,202.430,177.110,1.142959
LINC,2.190,2.918,0.750628
LIND,17.120,15.072,1.135894
LION,30.970,29.434,1.052175
LIQT,9.960,8.280,1.202943
LITB,1.440,1.209,1.190834
LITE,53.150,50.557,1.051298
LIVE,7.200,7.448,0.966681
LIVN,72.710,82.935,0.876709
LIVX,3.380,5.108,0.661646
LJPC,9.590,7.169,1.337688
LK,19.590,0.000,
LKCO,6.650,0.000,
LKFN,46.650,45.978,1.014624
LKQ,26.640,27.360,0.973687
LKSD,3.620,6.745,0.536709
LL,11.740,11.153,1.052605
LLEX,0.610,1.301,0.468708
LLIT,1.020,1.386,0.735712
LLL,245.170,215.952,1.135299
LLNW,2.620,2.923,0.896253
LLY,112.820,119.339,0.945371
LM,37.960,31.704,1.197338
LMAT,28.300,27.187,1.040926
LMB,8.890,7.194,1.235801
LMFA,1.180,1.362,0.866567
LMNR,19.620,21.841,0.898295
LMNX,20.580,23.411,0.879091
LMRK,16.470,15.159,1.086491
LMRKN,25.112,24.270,1.034692
LMRKO,25.180,24.558,1.025348
LMRKP,25.080,24.963,1.004670
LMST,15.160,14.853,1.020650
LMT,369.920,314.632,1.175723
LN,29.940,33.577,0.891679
LNC,66.220,61.482,1.077062
LND,4.310,4.101,1.050926
LNDC,10.240,11.112,0.921502
LNG,68.770,65.897,1.043592
LNN,83.060,87.224,0.952257
LNT,49.950,46.261,1.079742
LNTH,28.720,22.740,1.262951
LOAC,10.130,10.025,1.010501
LOAN,6.560,6.171,1.063012
LOB,17.150,15.911,1.077856
LOCO,10.670,13.271,0.804012
LODE,0.180,0.184,0.975993
LOGC,11.200,11.307,0.990521
LOGI,39.530,37.459,1.055293
LOGM,75.350,81.071,0.929431
LOMA,12.000,11.230,1.068581
LONE,2.260,3.958,0.570971
LOOP,12.160,8.733,1.392384
LOPE,118.100,111.197,1.062078
LORL,35.070,37.060,0.946297
LOV,11.500,11.737,0.979805
LOVE,29.130,30.607,0.951739
LOW,104.220,102.447,1.017305
LPCN,1.930,1.798,1.073155
LPG,9.100,6.958,1.307758
LPI,2.910,3.283,0.886308
LPL,7.450,8.385,0.888495
LPLA,84.030,75.511,1.112817
LPSN,28.680,26.605,1.077982
LPT,51.550,47.742,1.079773
LPTH,1.000,1.423,0.702714
LPTX,1.940,1.835,1.057027
LPX,26.600,24.472,1.086950
LQDA,8.240,12.746,0.646464
LQDT,6.150,6.875,0.894570
LRAD,3.750,2.880,1.302187
LRCX,183.640,177.731,1.033245
LRN,31.550,31.166,1.012335
LSBK,15.160,15.325,0.989206
LSCC,15.070,11.671,1.291219
LSI,98.790,96.181,1.027131
LSTR,108.470,105.812,1.025121
LSXMA,39.020,38.811,1.005395
LSXMB,36.940,38.682,0.954968
LSXMK,39.170,38.963,1.005303
LTBR,0.670,0.725,0.924284
LTC,46.510,45.101,1.031231
LTHM,7.220,10.923,0.661001
LTM,9.590,10.483,0.914816
LTRPA,12.640,14.391,0.878350
LTRPB,0.000,0.000,
LTRX,3.280,3.168,1.035224
LTS,3.320,3.170,1.047445
LTXB,42.150,39.045,1.079527
LUB,1.140,1.428,0.798225
LULU,183.210,159.880,1.145923
LUNA,4.580,3.935,1.163835
LUV,51.880,52.130,0.995201
LVS,61.840,60.283,1.025830
LW,64.340,68.311,0.941864
LWAY,3.270,2.439,1.340919
LX,11.920,11.272,1.057475
LXFR,25.180,22.204,1.134020
LXRX,6.290,6.062,1.037575
LXU,4.050,5.843,0.693140
LYB,87.420,85.840,1.018402
LYFT,59.390,0.000,
LYG,2.890,3.057,0.945293
LYL,1.000,1.379,0.725376
LYTS,4.070,3.326,1.223597
LYV,69.660,60.514,1.151138
LZB,31.590,31.977,0.987902
M,21.700,24.032,0.902958
MA,272.140,233.094,1.167513
MAA,121.260,107.880,1.124030
MAC,33.280,41.474,0.802440
MACK,5.810,5.884,0.987467
MAG,10.370,9.624,1.077569
MAGS,5.180,5.043,1.027187
MAMS,11.060,8.700,1.271240
MAN,96.170,84.936,1.132270
MANH,70.360,57.882,1.215578
MANT,66.310,57.933,1.144593
MANU,18.260,19.165,0.952784
MAR,142.010,125.383,1.132614
MARA,2.760,2.408,1.146208
MARK,0.870,1.565,0.555761
MARPS,2.190,2.278,0.961299
MAS,39.840,37.033,1.075798
MASI,149.870,131.458,1.140061
MAT,11.630,12.448,0.934297
MATW,35.000,38.531,0.908356
MATX,38.550,36.192,1.065142
MAXR,9.800,6.261,1.565285
MAYS,35.000,38.097,0.918709
MBCN,41.390,41.396,0.999865
MBI,9.310,9.545,0.975337
MBII,1.450,1.532,0.946626
MBIN,17.090,20.504,0.833488
MBINP,27.250,0.000,
MBIO,3.500,3.765,0.929709
MBOT,5.120,7.001,0.731365
MBRX,1.190,1.258,0.945682
MBT,8.960,8.051,1.112875
MBTF,10.410,10.219,1.018728
MBUU,40.030,40.366,0.991683
MBWM,32.740,32.841,0.996923
MC,34.270,39.127,0.875869
MCB,44.100,37.831,1.165723
MCBC,10.260,10.255,1.000439
MCD,211.240,190.213,1.110544
MCEP,0.420,0.795,0.528327
MCF,1.630,3.060,0.532759
MCFT,21.010,22.319,0.941347
MCHP,89.230,85.712,1.041049
MCHX,4.770,4.412,1.081221
MCK,140.030,124.177,1.127668
MCO,201.430,177.113,1.137299
MCRB,3.100,5.320,0.582677
MCRI,44.310,43.223,1.025155
MCRN,14.180,13.291,1.066919
MCS,33.370,38.841,0.859135
MCY,64.810,54.137,1.197144
MD,25.240,30.045,0.840068
MDB,155.900,124.153,1.255707
MDC,33.010,30.760,1.073158
MDCA,2.600,2.652,0.980370
MDCO,36.970,28.245,1.308895
MDGL,101.640,115.022,0.883658
MDGS,2.325,2.719,0.855046
MDJH,2.609,0.000,
MDLY,2.440,3.300,0.739382
MDLZ,55.500,48.941,1.134020
MDP,55.940,55.624,1.005688
MDR,9.150,8.113,1.127812
MDRR,4.800,6.865,0.699156
MDRX,11.570,10.604,1.091101
MDSO,90.660,80.095,1.131901
MDT,98.110,90.646,1.082345
MDU,26.300,25.540,1.029745
MDWD,3.250,4.553,0.713864
MEC,14.820,4.744,3.123881
MED,122.400,132.477,0.923935
MEDP,64.590,58.702,1.100303
MEET,3.490,4.938,0.706784
MEI,28.380,27.572,1.029289
MEIP,2.300,2.872,0.800968
MELI,638.180,479.203,1.331752
MELR,17.770,18.578,0.956516
MEOH,45.400,52.859,0.858896
MERC,15.030,14.338,1.048262
MESA,9.640,9.009,1.069995
MESO,5.330,4.910,1.085455
MET,50.700,45.669,1.110168
METC,5.330,5.749,0.927043
MFA,7.250,7.254,0.999453
MFAC,10.080,9.930,1.015098
MFC,18.580,17.014,1.092014
MFG,2.890,3.042,0.949990
MFGP,26.390,23.329,1.131228
MFIN,6.120,6.325,0.967665
MFNC,15.990,15.542,1.028821
MFSF,32.580,29.848,1.091524
MG,15.050,14.364,1.047738
MGA,48.210,49.753,0.968987
MGEE,73.850,66.282,1.114175
MGEN,2.240,2.823,0.793467
MGI,2.420,2.258,1.071557
MGIC,9.180,8.627,1.064089
MGLN,74.190,65.745,1.128457
MGM,29.230,27.051,1.080549
MGNX,16.350,17.117,0.955207
MGP,31.150,30.875,1.008911
MGPI,68.990,71.220,0.968684
MGRC,62.930,56.719,1.109514
MGTA,13.760,12.999,1.058555
MGTX,26.950,17.581,1.532926
MGY,11.340,12.167,0.932010
MGYR,12.180,11.789,1.033139
MHH,4.930,6.069,0.812344
MHK,151.400,134.518,1.125497
MHLD,0.710,0.927,0.765640
MHO,28.590,27.043,1.057218
MIC,41.140,40.913,1.005541
MICR,2.700,2.725,0.990701
MICT,0.764,1.050,0.727714
MIDD,138.400,127.100,1.088906
MIK,7.970,12.003,0.663977
MIME,46.880,44.649,1.049960
MIND,3.950,3.845,1.027380
MINDP,24.400,23.868,1.022308
MINI,30.330,34.162,0.887833
MIST,22.470,0.000,
MITK,10.000,10.905,0.916995
MITO,12.770,0.000,
MIXT,15.640,16.777,0.932244
MJCO,9.190,7.757,1.184797
MKC,161.440,145.021,1.113220
MKGI,2.840,2.490,1.140790
MKL,1116.400,1034.087,1.079599
MKSI,78.020,82.101,0.950298
MKTX,341.900,259.444,1.317817
MLAB,240.840,229.401,1.049866
MLCO,23.530,22.145,1.062551
MLHR,44.690,36.479,1.225103
MLI,29.170,29.192,0.999247
MLM,230.840,201.995,1.142800
MLND,12.550,13.093,0.958503
MLNT,7.170,4.673,1.534304
MLNX,112.160,107.761,1.040826
MLP,10.250,11.059,0.926872
MLR,30.910,30.832,1.002533
MLSS,0.420,0.366,1.148164
MLVF,21.810,20.564,1.060581
MMAC,32.700,30.400,1.075650
MMC,102.750,92.134,1.115219
MMDM,11.950,10.464,1.142042
MMI,31.090,37.033,0.839525
MMLP,7.000,10.272,0.681460
MMM,172.000,191.965,0.895998
MMP,64.840,61.250,1.058608
MMS,73.930,71.258,1.037495
MMSI,58.700,57.028,1.029320
MMYT,27.580,26.214,1.052105
MN,1.800,2.109,0.853575
MNCL,9.930,0.000,
MNDO,2.200,2.276,0.966563
MNI,2.520,4.510,0.558730
MNK,8.640,17.510,0.493439
MNKD,1.150,1.462,0.786397
MNLO,5.400,6.675,0.809049
MNOV,9.600,9.613,0.998666
MNR,13.820,13.488,1.024613
MNRL,20.930,0.000,
MNRO,87.020,79.562,1.093740
MNSB,22.970,21.838,1.051850
MNST,65.920,58.646,1.124024
MNTA,12.210,12.956,0.942391
MNTX,6.000,7.000,0.857152
MO,48.780,51.590,0.945526
MOBL,6.230,5.314,1.172331
MOD,14.460,14.094,1.025998
MODN,20.470,17.223,1.188518
MOFG,28.000,28.273,0.990340
MOGO,3.150,2.828,1.113982
MOGU,2.850,11.368,0.250697
MOH,143.570,135.806,1.057167
MOMO,35.020,32.524,1.076732
MOR,25.320,25.496,0.993107
MORN,146.410,129.334,1.132030
MOS,24.800,27.366,0.906228
MOSC,10.186,10.061,1.012444
MOSY,0.190,0.191,0.997195
MOTS,3.010,3.885,0.774842
MOV,27.180,32.256,0.842631
MOXC,2.270,2.507,0.905614
MPAA,19.360,19.576,0.988941
MPB,25.580,24.338,1.051034
MPC,54.870,58.636,0.935769
MPLX,32.510,32.638,0.996064
MPO,5.710,8.915,0.640480
MPV,16.010,15.612,1.025489
MPVD,0.940,1.064,0.883231
MPW,18.290,17.878,1.023022
MPWR,137.120,133.347,1.028293
MPX,15.390,14.852,1.036225
MR,5.430,12.762,0.425481
MRAM,6.090,7.346,0.828997
MRC,16.810,16.474,1.020369
MRCY,69.610,63.411,1.097761
MREO,2.510,0.000,
MRIN,2.530,4.461,0.567187
MRK,85.600,79.440,1.077540
MRKR,8.150,5.933,1.373572
MRLN,23.080,22.725,1.015640
MRNA,14.960,19.762,0.757024
MRNS,4.460,3.963,1.125286
MRO,13.760,15.792,0.871307
MRSN,4.030,4.825,0.835253
MRTN,18.150,18.467,0.982833
MRTX,107.070,73.337,1.459966
MRUS,14.550,13.554,1.073448
MRVL,24.300,21.042,1.154859
MS,44.210,43.293,1.021173
MSA,104.290,102.733,1.015156
MSB,30.710,29.156,1.053285
MSBF,15.700,17.239,0.910725
MSBI,26.400,25.048,1.053972
MSC,20.550,17.317,1.186678
MSCI,242.290,199.608,1.213829
MSEX,62.280,57.272,1.087447
MSFT,137.060,118.346,1.158125
MSG,284.820,290.847,0.979276
MSGN,20.900,22.452,0.930869
MSI,170.650,140.621,1.213544
MSL,11.800,11.531,1.023309
MSM,73.950,79.461,0.930646
MSN,1.030,1.267,0.812684
MSON,25.930,19.936,1.300660
MSTR,140.240,139.558,1.004886
MSVB,12.650,12.557,1.007401
MT,17.290,20.396,0.847717
MTB,174.010,164.634,1.056950
MTBC,4.890,4.666,1.047954
MTBCP,27.340,27.026,1.011626
MTCH,72.280,59.218,1.220579
MTD,859.910,704.462,1.220662
MTDR,19.060,18.743,1.016910
MTEM,7.820,6.090,1.283976
MTEX,16.510,18.104,0.911970
MTFB,0.656,3.672,0.178640
MTG,13.910,13.135,1.058975
MTH,52.230,46.664,1.119281
MTL,2.110,2.142,0.985173
MTLS,17.500,17.029,1.027672
MTN,223.080,213.618,1.044294
MTNB,0.870,1.004,0.866600
MTOR,23.310,21.394,1.089583
MTP,1.320,2.184,0.604436
MTR,11.120,12.489,0.890388
MTRN,66.130,57.565,1.148797
MTRX,20.380,20.024,1.017757
MTSC,57.850,53.105,1.089347
MTSI,15.160,16.169,0.937618
MTSL,1.130,1.586,0.712368
MTW,16.760,16.599,1.009699
MTX,53.390,57.474,0.928944
MTZ,52.220,47.192,1.106544
MU,39.420,38.251,1.030549
MUDS,10.190,10.053,1.013647
MUFG,4.840,4.987,0.970445
MUR,24.790,27.202,0.911328
MUSA,85.390,81.360,1.049528
MUX,1.700,1.624,1.046867
MVBF,16.890,16.408,1.029375
MVIS,0.810,0.915,0.884840
MVO,7.880,7.926,0.994183
MWA,9.760,9.989,0.977059
MWK,7.640,187.323,0.040785
MX,10.210,8.172,1.249402
MXC,4.030,4.093,0.984542
MXIM,60.200,55.457,1.085530
MXL,23.980,23.034,1.041068
MYE,19.080,17.502,1.090181
MYFW,13.110,13.316,0.984528
MYGN,27.650,29.263,0.944885
MYL,19.490,25.437,0.766220
MYND,1.620,1.351,1.199539
MYO,0.750,1.213,0.618547
MYOK,49.170,47.536,1.034372
MYOS,1.420,1.477,0.961289
MYOV,8.690,17.338,0.501204
MYRG,37.260,33.662,1.106897
MYSZ,0.656,0.753,0.871482
MYT,0.610,1.375,0.443654
NAII,11.750,11.820,0.994065
NAK,0.560,0.644,0.868988
NAKD,0.152,0.424,0.358418
NANO,33.790,30.744,1.099075
NAOV,2.800,3.585,0.781005
NAT,2.260,2.133,1.059780
NATH,76.640,69.861,1.097037
NATI,42.330,43.952,0.963105
NATR,8.910,8.900,1.001141
NAV,33.890,33.081,1.024444
NAVB,0.600,2.376,0.252522
NAVI,14.100,12.227,1.153183
NBEV,4.500,5.528,0.814019
NBHC,36.890,34.815,1.059616
NBIX,85.190,82.610,1.031226
NBL,21.920,23.058,0.950630
NBLX,33.880,33.794,1.002548
NBN,21.250,20.392,1.042068
NBR,2.650,3.115,0.850670
NBRV,2.430,2.302,1.055716
NBTB,37.730,36.981,1.020260
NBY,1.650,1.219,1.353730
NC,53.680,41.837,1.283088
NCBS,63.560,58.002,1.095827
NCI,23.420,22.770,1.028560
NCLH,51.950,53.304,0.974599
NCMI,7.000,7.074,0.989479
NCNA,9.790,13.699,0.714649
NCR,31.170,28.617,1.089218
NCSM,3.180,4.588,0.693110
NCTY,1.220,1.478,0.825303
NDAQ,101.050,88.906,1.136599
NDLS,8.070,7.231,1.116041
NDRA,1.550,1.752,0.884695
NDSN,138.660,133.878,1.035718
NE,1.780,2.697,0.660080
NEBU,10.100,10.013,1.008686
NEE,208.110,190.098,1.094748
NEM,38.420,33.995,1.130167
NEN,60.200,60.574,0.993831
NEO,23.280,19.625,1.186272
NEOG,61.270,59.637,1.027375
NEON,2.790,2.865,0.973835
NEOS,1.430,2.056,0.695412
NEP,49.440,44.972,1.099344
NEPT,4.430,3.739,1.184830
NERV,6.820,6.854,0.995088
NES,5.050,8.318,0.607086
NESR,8.290,9.155,0.905490
NETE,4.460,5.480,0.813835
NEU,402.140,417.228,0.963837
NEW,6.770,6.894,0.982007
NEWA,5.400,6.543,0.825282
NEWM,9.330,11.323,0.823960
NEWR,91.480,98.213,0.931448
NEXA,9.500,10.691,0.888560
NEXT,5.930,4.918,1.205659
NFBK,15.780,14.666,1.075967
NFC,10.110,9.941,1.016954
NFE,11.420,11.560,0.987857
NFG,53.710,57.228,0.938523
NFJ,12.520,12.004,1.043028
NFLX,380.550,352.425,1.079804
NG,5.560,4.151,1.339316
NGD,0.920,0.884,1.040760
NGG,53.880,53.760,1.002228
NGHC,23.020,24.187,0.951738
NGHCN,23.940,22.253,1.075801
NGHCO,24.120,22.487,1.072633
NGHCP,24.440,23.285,1.049612
NGL,15.080,13.310,1.132983
NGM,13.750,23.750,0.578958
NGS,16.160,17.048,0.947936
NGVC,10.040,12.754,0.787201
NGVT,103.870,100.184,1.036791
NH,0.550,0.715,0.769428
NHC,80.530,78.311,1.028333
NHI,79.440,78.528,1.011615
NHLD,2.670,3.069,0.870075
NHTC,7.550,12.651,0.596780
NI,29.450,27.571,1.068161
NICE,142.850,124.161,1.150524
NICK,9.100,9.620,0.945901
NIHD,1.850,2.928,0.631910
NINE,15.960,21.810,0.731767
NIO,3.260,5.468,0.596194
NIU,6.040,8.004,0.754640
NJR,49.880,48.420,1.030153
NK,1.100,1.197,0.918659
NKE,86.820,83.201,1.043499
NKSH,38.180,39.195,0.974105
NKTR,35.140,36.328,0.967289
NL,4.140,3.844,1.076883
NLNK,1.460,1.656,0.881626
NLS,2.060,5.812,0.354435
NLSN,23.020,24.902,0.924438
NLY,9.180,9.838,0.933093
NM,4.760,3.126,1.522735
NMCI,2.350,2.331,1.008101
NMIH,28.900,25.292,1.142658
NMM,15.790,14.218,1.110551
NMR,3.550,3.696,0.960490
NMRD,0.910,0.997,0.912717
NMRK,9.310,8.934,1.042090
NNA,6.370,6.384,0.997871
NNBR,9.430,8.743,1.078599
NNDM,0.515,0.780,0.660360
NNI,60.950,56.262,1.083319
NNN,54.120,52.554,1.029804
NNVC,0.240,0.288,0.833510
NOA,10.500,11.268,0.931847
NOAH,44.740,47.096,0.949977
NOC,325.200,285.810,1.137819
NODK,17.930,16.286,1.100944
NOG,1.980,2.389,0.828928
NOK,5.060,5.668,0.892729
NOMD,22.130,20.089,1.101581
NOV,21.940,26.093,0.840839
NOVN,2.930,1.518,1.930628
NOVT,92.160,80.253,1.148369
NOW,294.530,241.689,1.218634
NP,67.570,64.708,1.044230
NPK,95.580,108.727,0.879082
NPO,64.170,65.466,0.980203
NPTN,4.340,6.079,0.713905
NR,7.180,8.082,0.888421
NRC,56.330,43.082,1.307507
NRCG,11.670,8.920,1.308247
NRE,16.900,16.895,1.000271
NRG,36.090,39.382,0.916402
NRIM,36.210,35.243,1.027452
NRP,36.000,39.864,0.903080
NRT,7.300,6.849,1.065884
NRZ,15.560,16.311,0.953936
NS,28.070,26.429,1.062103
NSA,29.130,28.474,1.023037
NSC,200.940,185.481,1.083345
NSEC,11.130,12.145,0.916435
NSIT,59.040,52.996,1.114052
NSP,127.150,117.055,1.086245
NSPR,3.530,6.292,0.561018
NSSC,25.630,22.641,1.132021
NSTG,29.130,24.665,1.181031
NSYS,4.000,4.265,0.937942
NTAP,62.410,65.778,0.948793
NTB,34.260,36.250,0.945101
NTCT,26.240,26.618,0.985796
NTEC,3.940,6.633,0.593981
NTES,261.500,251.866,1.038251
NTGN,4.500,5.385,0.835684
NTGR,25.950,32.422,0.800392
NTIC,12.000,13.645,0.879413
NTIP,2.430,2.462,0.987192
NTLA,15.930,15.292,1.041722
NTN,3.820,3.330,1.147226
NTNX,26.390,39.807,0.662955
NTP,10.000,9.443,1.059039
NTR,53.510,52.075,1.027553
NTRA,26.320,19.029,1.383140
NTRP,7.480,5.552,1.347188
NTRS,93.920,91.011,1.031967
NTRSP,25.370,25.683,0.987802
NTWK,5.720,6.719,0.851277
NTZ,2.460,4.438,0.554340
NUAN,16.080,16.443,0.977939
NUE,55.310,56.612,0.977002
NURO,0.430,0.864,0.497571
NUS,47.130,55.521,0.848865
NUVA,56.680,55.992,1.012282
NVAX,5.130,19.498,0.263102
NVCN,4.990,5.468,0.912656
NVCR,64.280,49.470,1.299373
NVDA,160.230,160.009,1.001380
NVEC,68.840,89.153,0.772153
NVEE,82.360,70.252,1.172344
NVFY,0.740,0.771,0.960182
NVGS,9.850,10.311,0.955284
NVIV,0.780,1.341,0.581626
NVLN,0.760,1.108,0.685817
NVMI,25.850,25.447,1.015836
NVO,50.590,49.279,1.026605
NVR,3348.000,2926.702,1.143950
NVRO,63.530,54.660,1.162274
NVS,90.440,82.630,1.094523
NVT,25.350,25.602,0.990172
NVTA,23.890,19.414,1.230528
NVTR,2.870,9.778,0.293506
NVUS,0.890,2.954,0.301276
NWBI,17.700,17.433,1.015335
NWE,73.380,68.296,1.074440
NWFL,35.190,31.697,1.110207
NWHM,4.420,5.227,0.845630
NWL,15.320,16.641,0.920614
NWLI,260.430,279.161,0.932904
NWN,69.950,65.220,1.072516
NWPX,25.650,24.279,1.056458
NWS,13.910,12.609,1.103206
NWSA,13.460,12.410,1.084643
NX,18.580,16.331,1.137709
NXE,1.590,1.643,0.967486
NXGN,20.030,18.019,1.111623
NXPI,96.530,92.172,1.047281
NXRT,42.880,37.991,1.128700
NXST,110.100,99.643,1.104944
NXTC,16.630,0.000,
NXTD,0.703,0.923,0.761754
NYCB,10.210,11.040,0.924832
NYMT,6.230,6.155,1.012204
NYMTN,24.480,23.572,1.038513
NYMTO,24.641,24.233,1.016827
NYMTP,24.360,24.006,1.014764
NYMX,1.440,1.905,0.755830
NYNY,10.360,11.728,0.883361
NYT,34.680,31.366,1.105668
O,69.990,69.308,1.009843
OAK,50.180,46.488,1.079416
OAS,5.190,5.809,0.893393
OASM,2.010,2.251,0.892873
OBAS,11.800,10.346,1.140543
OBCI,3.400,3.422,0.993576
OBE,1.060,2.197,0.482421
OBLN,0.605,1.243,0.486708
OBNK,34.910,34.381,1.015373
OBSV,11.200,12.678,0.883406
OC,57.580,50.084,1.149659
OCC,3.890,4.371,0.890036
OCFC,25.490,24.413,1.044127
OCN,2.140,1.824,1.173069
OCUL,5.150,3.891,1.323700
OCX,2.130,3.599,0.591780
ODC,34.530,29.919,1.154130
ODFL,150.040,142.852,1.050315
ODP,2.170,2.703,0.802773
ODT,37.060,21.099,1.756455
OEC,20.460,22.411,0.912954
OESX,3.090,1.493,2.069479
OFC,27.500,26.482,1.038445
OFED,23.460,25.237,0.929581
OFG,24.060,19.690,1.221940
OFIX,51.000,54.492,0.935917
OFLX,76.300,75.911,1.005126
OGE,43.650,41.864,1.042672
OGEN,0.480,0.687,0.698511
OGI,6.560,3.208,2.044637
OGS,91.390,86.261,1.059454
OHI,37.770,36.751,1.027732
OHRP,3.700,2.619,1.412790
OI,17.470,18.533,0.942632
OII,19.850,16.608,1.195201
OIIM,1.380,1.527,0.903810
OIS,16.690,17.344,0.962277
OKE,70.280,65.925,1.066064
OKTA,127.710,94.322,1.353986
OLBK,26.630,26.451,1.006759
OLED,190.400,145.524,1.308372
OLLI,84.740,86.977,0.974279
OLN,21.740,22.947,0.947406
OLP,29.280,28.236,1.036981
OMAB,50.150,46.913,1.069011
OMC,84.750,77.150,1.098503
OMCL,86.280,77.982,1.106407
OMER,14.690,16.073,0.913965
OMEX,5.750,5.633,1.020829
OMF,34.700,31.714,1.094152
OMI,3.300,4.825,0.683889
OMN,9.950,7.347,1.354262
OMP,22.300,19.719,1.130862
ON,20.070,20.531,0.977528
ONB,16.900,16.669,1.013885
ONCE,103.070,90.127,1.143608
ONCS,2.480,5.210,0.475966
ONCT,5.920,7.493,0.790065
ONCY,1.690,1.910,0.885029
ONDK,4.050,5.482,0.738804
ONE,8.070,8.254,0.977748
ONTX,2.840,3.376,0.841148
ONVO,0.480,0.904,0.530947
OOMA,10.780,13.754,0.783778
OPBK,9.900,9.397,1.053568
OPES,10.350,10.163,1.018418
OPGN,0.377,0.908,0.415219
OPHC,3.670,3.735,0.982507
OPI,27.910,28.238,0.988376
OPK,2.360,2.599,0.908039
OPNT,13.480,13.338,1.010645
OPOF,22.200,21.803,1.018210
OPRX,16.050,13.278,1.208751
OPTN,6.800,8.186,0.830711
OPTT,1.910,4.250,0.449412
OPY,27.990,26.559,1.053898
OR,10.330,10.420,0.991341
ORA,63.490,57.598,1.102304
ORAN,15.660,15.659,1.000078
ORBC,7.850,7.562,1.038119
ORC,6.350,6.642,0.956062
ORCL,59.280,52.567,1.127693
ORGO,7.910,14.995,0.527492
ORGS,4.230,4.728,0.894739
ORI,23.150,21.436,1.079977
ORIT,17.720,16.755,1.057607
ORLY,386.040,371.240,1.039868
ORMP,3.280,3.408,0.962437
ORN,3.100,3.341,0.927847
ORRF,21.890,20.126,1.087671
ORTX,13.350,16.178,0.825206
OSB,25.050,25.445,0.984495
OSBC,12.860,13.312,0.966013
OSG,1.990,1.915,1.038978
OSIS,117.030,92.661,1.262993
OSK,83.290,76.198,1.093076
OSMT,3.770,5.312,0.709685
OSN,1.950,1.839,1.060223
OSPN,13.770,16.289,0.845355
OSS,2.110,2.197,0.960597
OSTK,14.720,15.211,0.967697
OSUR,9.130,10.366,0.880761
OSW,14.870,12.333,1.205711
OTEL,14.900,16.337,0.912043
OTEX,42.000,38.191,1.099736
OTIC,2.560,2.448,1.045794
OTIV,0.470,0.633,0.742971
OTLK,2.290,2.100,1.090587
OTTR,52.750,50.090,1.053104
OTTW,13.040,13.466,0.968374
OUT,26.300,23.032,1.141902
OVBC,37.500,37.032,1.012628
OVID,2.710,2.157,1.256184
OVLY,19.500,18.625,1.046973
OXBR,1.110,1.098,1.011077
OXFD,13.840,15.435,0.896692
OXM,72.930,76.448,0.953982
OXY,49.280,60.642,0.812636
OZK,29.850,30.420,0.981272
OZM,24.310,15.777,1.540886
PAA,24.690,23.689,1.042262
PAAS,12.910,13.043,0.989799
PAC,107.720,95.846,1.123886
PACB,6.110,7.096,0.861073
PACD,11.240,14.329,0.784444
PACK,9.050,10.005,0.904543
PACQ,10.160,10.030,1.012980
PACW,38.750,38.571,1.004653
PAG,47.930,44.836,1.068999
PAGP,25.400,23.849,1.065013
PAGS,40.510,28.141,1.439545
PAHC,32.320,31.278,1.033306
PAM,33.920,29.941,1.132892
PANL,3.550,3.305,1.074205
PANW,209.420,222.118,0.942833
PAR,26.260,25.054,1.048150
PARR,21.590,18.065,1.195131
PATI,17.120,18.783,0.911455
PATK,48.320,44.077,1.096259
PAVM,1.090,1.094,0.996580
PAYC,239.300,184.345,1.298107
PAYS,14.450,7.937,1.820669
PAYX,85.310,78.953,1.080523
PB,68.410,69.965,0.977774
PBA,37.590,35.818,1.049483
PBBI,11.800,11.214,1.052216
PBCT,17.000,16.583,1.025133
PBCTP,26.600,25.162,1.057160
PBF,29.330,31.641,0.926953
PBFX,21.020,21.115,0.995503
PBH,31.660,29.316,1.079944
PBHC,14.930,14.363,1.039495
PBI,4.400,6.071,0.724712
PBIP,18.300,17.687,1.034666
PBPB,5.060,7.537,0.671393
PBR,15.680,15.494,1.011992
PBT,5.770,6.793,0.849368
PBTS,3.640,0.000,
PBYI,12.220,26.163,0.467078
PCAR,70.610,67.396,1.047694
PCB,16.950,16.891,1.003498
PCG,21.790,18.447,1.181206
PCH,40.320,36.621,1.100999
PCMI,34.820,28.597,1.217593
PCOM,10.720,11.671,0.918511
PCRX,43.260,40.872,1.058438
PCSB,20.060,19.720,1.017241
PCTI,5.180,4.983,1.039587
PCTY,101.370,86.262,1.175140
PCYG,5.030,7.126,0.705870
PCYO,10.650,9.973,1.067902
PD,47.690,0.000,
PDCE,34.090,36.861,0.924822
PDCO,22.530,22.135,1.017868
PDD,20.290,24.034,0.844219
PDEX,13.110,13.936,0.940711
PDFS,13.450,11.918,1.128507
PDLB,14.180,13.639,1.039630
PDLI,3.110,3.292,0.944806
PDM,20.300,20.090,1.010438
PDS,1.870,2.208,0.847061
PDSB,6.130,7.370,0.831725
PE,18.390,18.676,0.984668
PEB,28.580,30.734,0.929904
PEBK,28.710,27.366,1.049120
PEBO,32.610,31.952,1.020604
PED,1.950,1.976,0.986732
PEG,59.570,57.667,1.033003
PEGA,73.380,65.033,1.128356
PEGI,23.350,21.613,1.080377
PEI,6.520,6.520,0.999965
PEIX,0.780,1.080,0.721967
PEN,162.680,143.796,1.131325
PENN,19.640,21.673,0.906185
PEP,133.020,121.291,1.096703
PER,1.730,2.170,0.797375
PERI,2.970,2.986,0.994530
PES,0.250,1.364,0.183248
PESI,3.830,3.653,1.048438
PETQ,34.960,28.913,1.209162
PETS,15.560,20.978,0.741715
PETX,5.160,4.474,1.153319
PETZ,0.780,0.760,1.026873
PFBI,15.810,15.764,1.002891
PFE,43.920,42.118,1.042795
PFG,58.810,52.372,1.122929
PFGC,41.470,38.299,1.082791
PFIE,1.620,1.669,0.970592
PFIN,8.150,8.192,0.994875
PFIS,44.200,43.641,1.012809
PFMT,1.190,1.859,0.640127
PFNX,7.330,5.403,1.356774
PFPT,124.560,113.424,1.098185
PFS,24.670,25.679,0.960716
PFSI,22.920,22.088,1.037663
PFSW,4.210,5.092,0.826728
PG,113.150,102.116,1.108054
PGC,28.680,27.557,1.040737
PGNX,5.860,4.698,1.247214
PGR,83.990,73.014,1.150330
PGRE,14.220,14.218,1.000150
PGTI,17.110,15.569,1.099005
PH,166.630,168.709,0.987678
PHAS,12.920,8.220,1.571718
PHCF,2.790,0.000,
PHG,44.430,39.667,1.120070
PHI,25.040,23.151,1.081588
PHIO,0.380,0.407,0.933678
PHM,31.940,29.279,1.090898
PHUN,2.180,42.892,0.050825
PHX,12.520,15.045,0.832198
PI,33.510,20.782,1.612481
PICO,11.640,10.617,1.096353
PIH,5.200,5.131,1.013466
PIHPP,24.991,23.623,1.057922
PII,84.190,87.725,0.959706
PINC,39.200,36.616,1.070558
PINS,27.250,0.000,
PIR,6.420,15.281,0.420123
PIRS,4.650,3.379,1.376019
PIXY,0.630,1.100,0.572874
PJC,75.020,73.172,1.025260
PJT,40.850,41.716,0.979247
PK,27.850,29.795,0.934736
PKBK,23.510,21.285,1.104559
PKD,19.060,0.000,
PKE,16.780,17.411,0.963772
PKG,99.790,95.585,1.043990
PKI,98.460,91.525,1.075774
PKOH,32.680,33.131,0.986374
PKX,52.510,55.586,0.944668
PLAB,8.490,9.471,0.896414
PLAG,4.900,3.720,1.317123
PLAN,52.970,37.763,1.402697
PLAY,40.580,49.536,0.819208
PLBC,24.100,24.321,0.990910
PLCE,100.060,96.610,1.035707
PLD,82.430,72.202,1.141656
PLG,1.480,1.516,0.976037
PLM,0.480,0.606,0.792638
PLMR,24.200,0.000,
PLNT,76.240,67.987,1.121387
PLOW,39.140,37.665,1.039175
PLPC,56.610,54.371,1.041186
PLSE,13.070,14.530,0.899537
PLT,37.590,44.521,0.844312
PLUG,2.350,2.105,1.116207
PLUS,72.860,82.492,0.883238
PLX,0.450,0.434,1.037304
PLXP,6.830,5.132,1.330917
PLXS,59.360,57.597,1.030610
PLYA,7.850,7.868,0.997768
PLYM,18.340,16.642,1.102047
PM,80.120,81.195,0.986761
PMBC,8.330,7.965,1.045830
PMD,10.180,14.120,0.720971
PMT,22.160,20.682,1.071448
PMTS,2.690,2.953,0.910792
PNBK,14.820,15.207,0.974525
PNC,141.570,128.175,1.104505
PNFP,57.800,55.597,1.039621
PNM,51.060,45.795,1.114964
PNR,38.180,39.650,0.962924
PNRG,129.950,127.674,1.017827
PNTR,15.030,14.503,1.036372
PNW,95.290,92.712,1.027811
POAI,0.711,0.760,0.935649
PODD,119.850,94.642,1.266354
POL,30.970,29.678,1.043541
POLA,4.550,4.599,0.989278
POOL,192.580,168.338,1.144010
POPE,70.900,67.878,1.044514
POR,55.010,50.886,1.081051
POST,108.220,103.540,1.045205
POWI,79.310,70.641,1.122726
POWL,37.150,31.518,1.178674
PPBI,31.120,28.960,1.074589
PPC,26.730,22.758,1.174519
PPDF,4.450,4.489,0.991395
PPG,117.960,110.662,1.065953
PPHI,14.000,0.000,
PPIH,8.980,8.867,1.012733
PPL,31.010,30.974,1.001171
PPSI,5.600,5.155,1.086366
PQG,16.490,15.548,1.060570
PRA,37.520,38.780,0.967500
PRAA,28.770,28.486,1.009955
PRAH,98.650,99.627,0.990197
PRCP,4.170,6.802,0.613063
PRFT,34.630,28.559,1.212580
PRGO,50.170,47.115,1.064847
PRGS,40.750,39.921,1.020756
PRGX,6.770,8.039,0.842184
PRI,124.990,119.172,1.048819
PRIM,21.230,20.730,1.024105
PRK,99.850,96.205,1.037885
PRLB,111.000,109.971,1.009353
PRMW,13.210,13.892,0.950877
PRNB,37.660,31.621,1.190969
PRO,65.650,45.680,1.437157
PROV,21.360,19.369,1.102814
PRPH,2.020,2.991,0.675465
PRPL,6.640,5.831,1.138764
PRPO,3.400,3.846,0.883932
PRQR,9.230,13.267,0.695718
PRS,26.560,25.554,1.039384
PRSC,57.100,64.778,0.881466
PRSP,23.730,21.265,1.115940
PRT,8.350,8.553,0.976302
PRTA,10.130,11.301,0.896381
PRTH,7.330,6.559,1.117486
PRTK,3.940,5.535,0.711809
PRTO,0.421,1.602,0.262753
PRTS,1.210,1.060,1.141427
PRTY,7.090,8.947,0.792409
PRU,102.740,95.850,1.071888
PRVB,11.180,4.116,2.716501
PS,31.300,30.706,1.019349
PSA,245.220,219.788,1.115711
PSB,172.850,152.955,1.130069
PSDO,14.030,14.600,0.960959
PSMT,51.050,58.805,0.868125
PSN,36.940,10.555,3.499624
PSO,10.540,11.066,0.952478
PSTG,15.340,19.080,0.803990
PSTI,0.590,0.817,0.722269
PSTL,15.770,0.000,
PSV,2.840,3.590,0.791110
PSX,96.800,92.303,1.048725
PSXP,50.310,49.901,1.008190
PT,3.250,8.852,0.367146
PTC,92.830,89.014,1.042867
PTCT,44.070,36.743,1.199418
PTE,5.520,11.025,0.500696
PTEN,11.460,12.880,0.889767
PTGX,12.840,9.959,1.289335
PTI,0.988,2.260,0.437074
PTLA,26.380,29.728,0.887392
PTN,1.030,1.043,0.987847
PTNR,4.150,4.417,0.939514
PTR,54.500,62.022,0.878715
PTSI,60.400,51.945,1.162773
PTVCA,16.550,18.068,0.915983
PTVCB,17.810,18.151,0.981205
PUB,30.060,28.903,1.040042
PUK,44.660,41.344,1.080218
PULM,0.936,1.395,0.671067
PUMP,20.390,19.451,1.048284
PUYI,8.540,0.000,
PVAC,29.060,44.978,0.646099
PVBC,28.130,23.622,1.190840
PVG,10.080,8.285,1.216685
PVH,92.820,109.170,0.850234
PVL,2.700,2.833,0.952933
PVT,10.190,7623.057,0.001337
PVTL,10.580,18.325,0.577362
PW,5.940,5.812,1.021946
PWOD,44.000,41.341,1.064327
PWR,38.580,36.391,1.060166
PXD,146.520,146.947,0.997093
PXLW,2.990,3.592,0.832391
PXS,1.050,1.140,0.920892
PYDS,3.054,2.703,1.129560
PYPL,117.160,102.862,1.138997
PYX,15.360,19.510,0.787289
PZG,0.863,0.861,1.002021
PZN,8.710,8.974,0.970535
PZZA,46.380,46.585,0.995600
QADA,42.340,43.600,0.971111
QADB,30.990,31.851,0.972968
QBAK,5.640,5.786,0.974684
QCOM,76.660,64.000,1.197810
QCRH,34.600,34.160,1.012887
QD,8.050,6.131,1.312985
QDEL,58.400,59.911,0.974786
QEP,7.290,7.569,0.963148
QES,1.790,3.966,0.451337
QFIN,11.440,15.529,0.736666
QGEN,40.260,38.473,1.046451
QHC,1.400,2.154,0.649848
QIWI,20.210,15.443,1.308660
QLYS,88.400,84.647,1.044337
QNST,15.940,15.242,1.045796
QRHC,2.740,1.946,1.407773
QRTEA,12.810,17.132,0.747734
QRTEB,12.550,17.200,0.729667
QRVO,68.970,67.764,1.017792
QSR,70.260,64.142,1.095388
QTNT,9.370,8.815,1.062966
QTRH,1.210,1.059,1.142167
QTRX,31.490,24.260,1.298009
QTS,45.820,43.595,1.051050
QTWO,77.290,67.334,1.147857
QUAD,7.730,11.789,0.655700
QUIK,0.580,0.771,0.752203
QUMU,4.480,2.867,1.562513
QUOT,11.530,10.243,1.125691
QURE,75.770,54.379,1.393357
R,55.720,58.682,0.949520
RACE,165.610,133.570,1.239878
RAD,9.110,11.908,0.765001
RADA,3.520,3.082,1.142093
RAIL,5.910,6.878,0.859231
RAMP,47.960,51.476,0.931697
RAND,2.700,2.795,0.965971
RARE,59.510,60.077,0.990557
RARX,32.470,22.460,1.445711
RAVE,2.950,1.707,1.728541
RAVN,35.880,37.206,0.964360
RBA,33.760,34.634,0.974768
RBB,19.500,19.469,1.001598
RBBN,4.900,5.107,0.959420
RBC,81.490,79.570,1.024131
RBCAA,51.490,44.800,1.149340
RBCN,8.380,8.092,1.035554
RBKB,10.930,0.000,
RBNC,23.380,22.357,1.045735
RBS,5.770,6.257,0.922231
RBZ,3.830,4.569,0.838329
RC,14.980,15.014,0.997737
RCI,54.630,53.044,1.029894
RCII,27.430,21.214,1.293020
RCKT,13.650,16.496,0.827456
RCKY,27.680,26.326,1.051431
RCL,115.400,117.316,0.983665
RCM,12.900,10.220,1.262231
RCMT,3.450,3.827,0.901394
RCON,0.780,0.926,0.842305
RCUS,8.700,10.360,0.839762
RDCM,7.890,8.034,0.982043
RDFN,17.780,18.599,0.955957
RDHL,6.660,7.712,0.863596
RDI,13.270,15.052,0.881625
RDIB,26.000,26.147,0.994390
RDN,24.090,21.104,1.141467
RDNT,13.800,12.944,1.066127
RDUS,24.620,20.104,1.224611
RDVT,11.590,8.687,1.334239
RDWR,24.590,24.634,0.998221
RDY,37.940,38.616,0.982503
RE,254.510,229.409,1.109415
RECN,16.000,16.256,0.984250
REDU,9.660,9.523,1.014336
REED,3.730,3.074,1.213354
REFR,3.340,2.573,1.298030
REG,68.480,65.444,1.046393
REGI,15.830,21.929,0.721862
REGN,307.000,369.856,0.830053
REI,3.340,5.124,0.651887
REKR,1.900,0.853,2.226277
RELL,5.560,6.539,0.850232
RELV,4.380,4.429,0.988986
RELX,24.570,22.450,1.094443
RENN,0.990,1.485,0.666513
REPH,10.520,8.610,1.221827
REPL,13.680,13.420,1.019400
RES,6.980,9.982,0.699228
RESI,12.200,10.634,1.147217
RESN,2.130,2.759,0.772027
RETA,89.840,84.273,1.066059
RETO,1.800,1.688,1.066621
REV,19.280,22.893,0.842183
REVG,14.060,10.693,1.314938
REX,71.720,76.808,0.933758
REXN,5.310,6.994,0.759201
REXR,41.550,35.911,1.157032
REZI,21.950,21.610,1.015744
RF,15.210,15.000,1.014021
RFIL,7.840,7.462,1.050691
RFL,22.470,16.114,1.394458
RFP,7.010,7.673,0.913650
RGA,158.670,146.992,1.079445
RGCO,30.450,27.783,1.095980
RGEN,84.460,63.355,1.333117
RGLD,104.680,89.085,1.175059
RGLS,1.320,1.124,1.174170
RGNX,47.600,49.510,0.961423
RGR,54.980,53.845,1.021070
RGS,17.220,18.631,0.924285
RH,122.580,119.436,1.026320
RHE,1.750,1.630,1.073881
RHI,57.910,61.304,0.944641
RHP,81.330,80.564,1.009506
RHT,187.710,181.967,1.031560
RIBT,3.280,3.163,1.037098
RICK,17.090,21.192,0.806437
RIG,6.160,7.908,0.778911
RIGL,2.560,2.279,1.123183
RILY,20.490,17.538,1.168339
RIO,60.050,57.433,1.045564
RIOT,2.800,3.239,0.864483
RIVE,10.290,11.191,0.919483
RJF,85.610,82.815,1.033755
RKDA,3.100,5.158,0.600957
RL,110.990,118.797,0.934281
RLGT,5.930,5.984,0.990918
RLGY,6.550,12.205,0.536667
RLH,7.140,8.078,0.883897
RLI,88.030,75.845,1.160654
RLJ,17.920,18.136,0.988080
RLM,2.900,3.013,0.962601
RM,25.960,25.719,1.009388
RMAX,31.700,36.784,0.861796
RMBL,4.470,5.142,0.869237
RMBS,12.150,10.526,1.154281
RMCF,8.480,9.043,0.937705
RMD,124.330,107.689,1.154528
RMED,3.570,5.395,0.661700
RMG,9.790,4.993,1.960571
RMNI,5.240,5.210,1.005824
RMR,49.420,59.315,0.833186
RMTI,2.990,4.297,0.695756
RNDB,14.950,14.888,1.004150
RNET,10.560,11.525,0.916278
RNG,118.150,106.574,1.108621
RNGR,7.975,7.220,1.104612
RNR,183.180,152.816,1.198694
RNST,36.080,35.293,1.022291
RNWK,1.760,2.603,0.676248
ROAD,14.630,12.330,1.186537
ROAN,1.590,6.021,0.264096
ROCK,40.160,38.480,1.043663
ROG,174.310,148.788,1.171531
ROIC,17.500,17.180,1.018599
ROK,159.390,168.850,0.943974
ROKU,98.110,67.080,1.462574
ROL,37.190,38.707,0.960806
ROLL,166.010,138.713,1.196792
ROP,376.080,329.583,1.141078
ROSE,3.460,3.409,1.014890
ROST,100.880,94.523,1.067259
ROX,0.490,0.704,0.695902
ROYT,2.210,2.047,1.079778
RP,61.600,58.766,1.048219
RPAI,11.970,12.180,0.982752
RPD,59.530,47.734,1.247132
RPLA,9.710,17.715,0.548120
RPM,62.240,58.051,1.072169
RPT,12.020,12.357,0.972696
RRBI,48.740,0.000,
RRC,6.290,9.646,0.652061
RRD,2.100,4.136,0.507724
RRGB,30.170,30.654,0.984205
RRR,21.650,24.835,0.871755
RRTS,10.030,11.174,0.897646
RS,93.940,86.395,1.087334
RSG,87.500,80.230,1.090619
RST,23.090,20.777,1.111316
RTEC,27.460,23.243,1.181432
RTIX,4.220,4.769,0.884880
RTLR,19.380,0.000,
RTN,173.650,176.490,0.983907
RTRX,20.180,20.924,0.964441
RTTR,1.075,0.826,1.301417
RTW,1.840,2.527,0.728130
RUBI,6.420,5.633,1.139748
RUBY,15.220,15.736,0.967193
RUHN,3.500,0.000,
RUN,20.210,15.094,1.338918
RUSHA,36.220,39.373,0.919929
RUSHB,37.630,39.595,0.950383
RUTH,22.720,24.339,0.933475
RVEN,3.850,3.718,1.035343
RVI,34.550,31.977,1.080453
RVLT,0.260,0.353,0.737229
RVNC,12.770,14.970,0.853046
RVP,0.700,0.706,0.991458
RVSB,8.500,7.665,1.108964
RWGE,10.230,10.087,1.014151
RWLK,4.350,5.059,0.859878
RWT,16.480,15.993,1.030423
RXN,29.850,26.897,1.109785
RY,80.870,76.819,1.052738
RYAAY,67.660,71.461,0.946813
RYAM,6.180,11.742,0.526296
RYB,6.700,7.282,0.920117
RYI,7.970,8.230,0.968426
RYN,31.230,30.094,1.037755
RYTM,21.100,26.793,0.787522
S,7.040,6.269,1.123039
SA,13.310,12.752,1.043747
SABR,23.130,21.843,1.058910
SACH,5.130,4.571,1.122223
SAEX,3.480,3.609,0.964315
SAFE,30.990,22.877,1.354616
SAFM,142.430,130.611,1.090488
SAFT,97.320,89.443,1.088062
SAGE,177.080,157.065,1.127428
SAH,23.270,17.264,1.347906
SAIA,64.540,62.850,1.026894
SAIC,87.980,74.597,1.179400
SAIL,20.160,25.303,0.796732
SAL,39.500,40.227,0.981923
SALM,2.420,2.453,0.986618
SALT,5.690,4.682,1.215415
SAM,386.510,296.885,1.301884
SAMA,9.910,0.000,
SAMG,14.050,14.068,0.998730
SAN,4.690,4.713,0.995028
SAND,5.540,5.316,1.042071
SANM,30.340,29.765,1.019319
SANW,2.830,2.617,1.081413
SAP,138.160,115.913,1.191926
SASR,35.590,33.364,1.066722
SATS,45.570,40.077,1.137058
SAUC,0.690,0.929,0.743094
SAVA,1.450,1.139,1.272697
SAVE,50.870,54.127,0.939822
SB,1.900,1.610,1.179789
SBAC,232.610,196.671,1.182737
SBBP,3.180,4.258,0.746880
SBBX,22.800,22.206,1.026759
SBCF,25.670,26.922,0.953482
SBFG,16.660,17.868,0.932376
SBFGP,16.500,17.979,0.917740
SBGI,57.310,42.283,1.355392
SBGL,4.450,3.865,1.151506
SBH,12.500,16.946,0.737639
SBLK,10.560,8.115,1.301325
SBNY,124.520,124.874,0.997163
SBOW,12.840,19.901,0.645182
SBPH,5.030,8.476,0.593433
SBR,47.750,45.721,1.044381
SBRA,20.300,19.183,1.058226
SBS,12.810,10.980,1.166667
SBSI,32.740,33.780,0.969221
SBT,10.100,9.484,1.064998
SBUX,87.790,73.814,1.189342
SC,25.500,21.158,1.205243
SCCO,38.160,35.979,1.060607
SCHL,33.040,39.074,0.845584
SCHN,24.910,23.764,1.048205
SCHW,40.860,44.165,0.925171
SCI,47.260,42.542,1.110893
SCKT,2.340,2.105,1.111780
SCL,91.920,87.796,1.046968
SCON,0.840,1.355,0.620153
SCOR,5.300,15.099,0.351016
SCPH,3.510,3.366,1.042748
SCPL,13.020,0.000,
SCS,17.260,16.609,1.039224
SCSC,32.770,35.528,0.922367
SCVL,28.790,33.528,0.858697
SCWX,12.560,17.828,0.704515
SCX,6.750,7.077,0.953832
SCYX,1.290,1.274,1.012383
SD,6.720,7.878,0.853023
SDI,19.990,17.683,1.130436
SDLP,4.020,8.765,0.458644
SDPI,0.990,1.292,0.766263
SDR,0.640,0.925,0.691978
SDRL,4.500,7.717,0.583121
SDT,0.630,0.915,0.688726
SE,35.710,22.528,1.585105
SEAC,1.400,1.434,0.976311
SEAS,32.010,26.556,1.205386
SEB,4134.880,4063.216,1.017637
SECO,7.430,8.714,0.852661
SEDG,63.150,45.577,1.385567
SEE,44.330,42.640,1.039629
SEED,6.000,6.423,0.934191
SEEL,2.070,3.478,0.595115
SEIC,56.630,52.019,1.088633
SELB,1.740,2.194,0.792918
SELF,3.870,3.873,0.999212
SEM,15.580,14.830,1.050541
SEMG,12.290,14.414,0.852654
SENEA,28.370,26.678,1.063404
SENEB,27.870,27.115,1.027834
SENS,1.830,2.371,0.771953
SERV,52.700,46.658,1.129504
SES,0.350,0.564,0.620097
SESN,1.230,1.195,1.028888
SF,59.680,54.034,1.104481
SFBC,34.110,34.368,0.992493
SFBS,34.380,33.722,1.019518
SFE,11.990,10.912,1.098830
SFET,1.690,2.360,0.716241
SFIX,31.010,25.815,1.201248
SFL,12.690,12.338,1.028554
SFLY,50.550,44.886,1.126187
SFM,18.850,22.045,0.855071
SFNC,23.730,24.909,0.952673
SFST,38.770,35.934,1.078923
SFUN,0.660,1.370,0.481725
SG,12.040,13.370,0.900518
SGA,30.670,32.078,0.956104
SGB,20.310,20.654,0.983332
SGBX,0.720,1.871,0.384719
SGC,18.010,17.205,1.046782
SGEN,69.050,70.214,0.983417
SGH,24.340,23.195,1.049366
SGLB,1.300,1.622,0.801245
SGMA,2.570,2.720,0.944933
SGMO,11.400,10.464,1.089500
SGMS,19.990,22.083,0.905238
SGOC,1.000,1.070,0.934180
SGRP,0.690,0.653,1.057069
SGRY,7.900,11.129,0.709827
SGU,9.960,9.626,1.034727
SHAK,73.570,56.723,1.296995
SHBI,16.300,15.399,1.058499
SHEN,39.640,43.983,0.901256
SHG,37.790,38.079,0.992398
SHI,38.650,46.296,0.834842
SHIP,0.640,4.658,0.137395
SHIPZ,0.200,0.000,
SHLL,9.750,0.000,
SHLO,5.180,5.611,0.923125
SHLX,21.550,19.833,1.086582
SHO,13.820,14.226,0.971485
SHOO,33.600,32.756,1.025770
SHOP,313.720,219.986,1.426092
SHOS,2.530,2.229,1.135229
SHSP,13.530,15.460,0.875162
SHW,466.140,433.165,1.076126
SIBN,19.120,18.328,1.043186
SIC,11.910,11.021,1.080680
SID,4.310,3.586,1.202040
SIEB,9.070,11.116,0.815911
SIEN,5.580,9.138,0.610621
SIF,3.020,3.048,0.990858
SIFY,1.400,1.507,0.928749
SIG,17.310,24.405,0.709289
SIGA,5.710,6.129,0.931566
SIGI,77.850,67.267,1.157328
SILC,32.170,34.533,0.931577
SILK,44.970,21.631,2.078947
SILV,3.910,3.458,1.130799
SIM,8.340,8.961,0.930724
SIMO,44.610,39.617,1.126020
SINA,43.910,55.691,0.788457
SINO,0.720,0.836,0.861449
SINT,0.112,0.198,0.565613
SIRI,5.910,5.820,1.015437
SITC,13.450,13.160,1.022025
SITE,69.500,59.956,1.159181
SITO,0.750,1.486,0.504648
SIVB,222.900,230.714,0.966133
SIX,53.180,54.013,0.984577
SJI,34.270,31.309,1.094589
SJM,119.490,113.155,1.055987
SJR,20.560,20.270,1.014311
SJT,3.530,4.682,0.753917
SJW,63.750,60.710,1.050079
SKIS,4.900,4.468,1.096661
SKM,24.860,24.898,0.998464
SKT,16.340,19.663,0.831019
SKX,32.750,30.271,1.081905
SKY,26.750,20.634,1.296415
SKYS,0.495,0.659,0.750973
SKYW,62.310,55.279,1.127200
SLAB,103.550,90.117,1.149063
SLB,39.570,41.553,0.952280
SLCA,13.000,13.867,0.937476
SLCT,11.500,11.685,0.984132
SLDB,5.190,12.038,0.431140
SLF,42.200,38.445,1.097669
SLG,81.000,87.876,0.921754
SLGG,8.250,0.000,
SLGL,9.120,7.264,1.255516
SLGN,31.530,28.688,1.099056
SLM,9.740,10.070,0.967185
SLMBP,58.850,64.464,0.912915
SLNO,2.540,2.053,1.237076
SLP,29.040,22.297,1.302425
SLS,0.230,1.023,0.224784
SLVO,6.610,6.732,0.981880
SM,11.600,15.963,0.726702
SMAR,51.500,38.667,1.331887
SMBC,33.310,33.582,0.991908
SMBK,22.530,19.913,1.131445
SMED,3.550,3.543,1.002090
SMFG,7.070,7.100,0.995828
SMG,100.830,82.321,1.224841
SMHI,13.870,13.556,1.023190
SMIT,2.230,2.469,0.903309
SMLP,7.530,9.839,0.765327
SMMF,27.060,24.641,1.098160
SMMT,1.290,1.635,0.788755
SMP,45.110,48.475,0.930575
SMPL,27.740,21.428,1.294576
SMRT,0.830,1.014,0.818503
SMSI,3.170,2.549,1.243510
SMTA,8.540,7.462,1.144514
SMTC,49.020,49.952,0.981342
SMTS,1.320,1.566,0.842982
SMTX,3.910,4.129,0.946889
SNA,161.700,160.457,1.007746
SNAP,15.230,10.413,1.462652
SNBR,40.790,39.307,1.037740
SNCR,8.410,6.761,1.243942
SND,2.240,3.235,0.692467
SNDE,1.700,2.725,0.623743
SNDR,18.030,20.262,0.889830
SNDX,9.310,6.535,1.424662
SNE,55.030,48.165,1.142537
SNES,1.725,1.224,1.409270
SNFCA,5.100,5.096,1.000875
SNGX,0.790,0.845,0.935292
SNH,8.590,10.496,0.818428
SNMP,2.290,2.368,0.967242
SNN,43.170,39.986,1.079615
SNNA,0.819,2.095,0.390885
SNOA,7.460,7.578,0.984456
SNP,67.250,76.827,0.875343
SNPS,135.400,109.994,1.230971
SNR,6.820,5.637,1.209842
SNSS,0.650,0.862,0.754207
SNV,35.060,35.599,0.984853
SNX,102.020,96.696,1.055054
SNY,43.380,42.714,1.015582
SO,56.360,51.282,1.099017
SOGO,4.120,5.465,0.753925
SOHO,7.160,6.841,1.046643
SOHOB,25.482,25.121,1.014377
SOHON,25.683,0.000,
SOHOO,25.100,24.620,1.019492
SOHU,13.870,17.443,0.795152
SOI,13.780,15.824,0.870822
SOL,1.290,1.559,0.827652
SOLO,2.360,2.782,0.848362
SOLY,11.430,0.000,
SON,66.380,60.381,1.099350
SONA,15.490,14.888,1.040461
SONM,11.560,0.000,
SONO,10.890,10.898,0.999279
SORL,3.730,3.152,1.183267
SP,33.380,33.271,1.003283
SPAQ,10.000,9.826,1.017721
SPAR,10.310,8.902,1.158129
SPB,53.550,56.064,0.955155
SPCB,1.080,1.431,0.754520
SPEX,2.330,3.286,0.709012
SPFI,16.980,5.780,2.937608
SPG,162.960,174.387,0.934475
SPGI,237.000,206.286,1.148891
SPH,23.960,22.635,1.058539
SPHS,0.940,0.968,0.971519
SPI,2.192,2.815,0.778650
SPKE,11.450,9.394,1.218837
SPKEP,24.580,23.453,1.048070
SPLK,130.320,125.504,1.038370
SPLP,13.600,13.881,0.979773
SPN,1.250,3.534,0.353748
SPNE,13.030,14.729,0.884644
SPNS,16.290,14.349,1.135246
SPOK,15.480,14.372,1.077130
SPOT,146.310,136.898,1.068753
SPPI,8.570,9.754,0.878575
SPR,78.800,85.693,0.919563
SPRO,11.650,11.233,1.037090
SPRT,1.560,2.188,0.712851
SPSC,102.370,100.746,1.016123
SPTN,11.540,16.531,0.698067
SPWH,4.190,4.778,0.876975
SPWR,11.990,7.140,1.679379
SPXC,33.500,32.834,1.020280
SQ,74.310,70.885,1.048319
SQBG,0.480,0.967,0.496447
SQM,30.120,37.238,0.808846
SQNS,0.950,1.018,0.933538
SR,85.490,80.887,1.056912
SRAX,5.260,3.775,1.393482
SRC,44.600,40.203,1.109377
SRCE,46.650,45.533,1.024525
SRCI,4.710,5.148,0.914929
SRCL,48.040,47.833,1.004328
SRDX,41.180,46.373,0.888024
SRE,138.380,124.628,1.110340
SREV,0.940,1.016,0.925239
SRG,44.270,42.581,1.039662
SRI,31.460,28.463,1.105295
SRLP,18.520,17.835,1.038379
SRNE,2.410,3.083,0.781751
SRPT,150.800,125.443,1.202141
SRRA,0.565,1.375,0.410898
SRRK,15.460,18.096,0.854344
SRT,7.860,7.554,1.040492
SRTS,5.470,6.744,0.811115
SSB,75.210,69.479,1.082478
SSD,66.420,61.503,1.079946
SSFN,15.570,9.989,1.558773
SSI,0.760,0.970,0.783505
SSKN,2.450,2.754,0.889576
SSL,24.420,29.528,0.827003
SSNC,58.020,57.682,1.005856
SSNT,3.030,2.819,1.074963
SSP,15.630,19.082,0.819084
SSRM,13.220,12.573,1.051468
SSTI,43.720,44.539,0.981608
SSTK,38.380,41.604,0.922515
SSW,10.190,9.182,1.109809
SSY,1.500,1.425,1.052885
SSYS,27.970,23.898,1.170371
ST,48.000,47.473,1.011095
STAA,29.420,31.980,0.919939
STAF,1.740,1.701,1.023070
STAG,30.610,28.641,1.068736
STAR,12.820,9.548,1.342644
STAY,17.100,17.466,0.979069
STBA,38.000,39.291,0.967137
STC,39.780,42.592,0.933972
STCN,1.800,1.866,0.964693
STE,152.780,126.092,1.211651
STFC,36.070,33.994,1.061073
STG,2.400,3.600,0.666712
STI,63.960,61.781,1.035278
STIM,12.950,15.323,0.845161
STKL,3.620,3.765,0.961517
STKS,3.170,3.161,1.002697
STL,21.430,19.794,1.082645
STLD,30.600,32.865,0.931072
STM,17.690,16.220,1.090598
STML,14.480,12.891,1.123282
STMP,46.330,98.039,0.472569
STN,24.570,23.876,1.029082
STND,27.750,28.750,0.965220
STNE,29.350,28.073,1.045475
STNG,30.380,22.331,1.360469
STNL,10.170,10.084,1.008563
STON,1.680,3.026,0.555099
STOR,34.110,32.603,1.046209
STRA,181.210,143.647,1.261497
STRL,13.970,13.041,1.071206
STRM,1.600,1.203,1.329865
STRO,11.760,10.702,1.098869
STRS,29.860,25.845,1.155337
STRT,23.540,29.259,0.804526
STT,56.800,65.337,0.869341
STWD,22.930,22.227,1.031645
STX,47.250,45.360,1.041674
STXB,22.450,21.891,1.025556
STZ,197.490,182.088,1.084585
SU,31.450,32.145,0.978373
SUI,133.010,117.830,1.128834
SUM,19.360,16.048,1.206414
SUMR,0.520,0.780,0.666928
SUN,32.400,30.211,1.072471
SUNW,0.552,0.647,0.853289
SUP,3.590,4.918,0.730003
SUPN,32.580,35.556,0.916304
SUPV,8.340,7.536,1.106695
SURF,2.680,4.381,0.611766
SUZ,17.200,21.451,0.801839
SVA,6.470,0.000,
SVBI,8.640,8.741,0.988446
SVM,2.460,2.346,1.048494
SVMK,16.660,15.538,1.072209
SVRA,2.730,8.037,0.339681
SVT,10.100,11.478,0.879966
SWAV,54.000,0.000,
SWCH,13.300,10.290,1.292459
SWI,18.680,18.108,1.031579
SWIR,12.090,13.146,0.919648
SWK,146.520,135.721,1.079564
SWKS,80.330,78.093,1.028651
SWM,33.330,33.751,0.987524
SWN,2.950,4.050,0.728450
SWX,91.540,82.585,1.108432
SXC,8.260,8.934,0.924514
SXCP,12.410,12.539,0.989718
SXI,73.130,72.999,1.001794
SXT,73.650,66.807,1.102427
SXTC,3.140,0.000,
SY,15.020,5.652,2.657474
SYBT,35.920,34.751,1.033644
SYBX,8.970,8.158,1.099548
SYF,35.610,31.925,1.115433
SYK,208.560,185.532,1.124117
SYKE,27.300,27.466,0.993955
SYMC,25.000,21.620,1.156324
SYN,0.560,0.616,0.909722
SYNA,30.010,35.861,0.836846
SYNC,1.500,1.663,0.902080
SYNH,50.660,47.412,1.068498
SYNL,16.110,16.155,0.997207
SYPR,0.800,0.987,0.810142
SYRS,8.550,6.981,1.224828
SYX,21.160,22.352,0.946666
SYY,71.750,68.125,1.053206
T,34.300,31.139,1.101518
TA,3.730,4.160,0.896668
TAC,6.330,6.184,1.023539
TACO,13.220,10.728,1.232288
TACT,11.740,9.690,1.211549
TAIT,2.840,2.848,0.997159
TAK,17.840,19.048,0.936573
TAL,38.250,34.288,1.115555
TALO,25.410,23.816,1.066928
TANH,1.490,1.584,0.940743
TAOP,0.740,0.996,0.742721
TAP,56.850,59.834,0.950127
TARO,84.500,98.480,0.858039
TAST,9.680,9.466,1.022604
TAT,0.760,0.973,0.780863
TATT,5.690,6.324,0.899795
TAYD,11.210,12.009,0.933502
TBBK,9.110,8.907,1.022736
TBI,21.950,23.200,0.946130
TBIO,11.510,9.169,1.255326
TBK,29.100,30.428,0.956341
TBLT,0.462,1.377,0.335397
TBNK,29.920,27.756,1.077946
TBPH,17.220,22.625,0.761106
TBRG,10.300,10.201,1.009681
TC,4.230,5.904,0.716513
TCBI,61.300,59.225,1.035033
TCBIP,25.910,25.656,1.009908
TCBK,39.060,38.306,1.019679
TCCO,3.830,3.474,1.102509
TCDA,35.740,29.481,1.212310
TCF,21.350,21.284,1.003113
TCFC,33.100,30.229,1.094983
TCGP,24.330,22.957,1.059809
TCI,26.820,30.703,0.873540
TCMD,57.160,57.905,0.987126
TCO,41.100,49.010,0.838596
TCON,0.619,0.919,0.673765
TCP,38.760,35.033,1.106388
TCRR,14.170,0.000,
TCS,7.730,7.264,1.064190
TCX,62.480,71.768,0.870585
TD,59.410,55.729,1.066056
TDAC,10.380,10.185,1.019183
TDC,37.250,41.654,0.894273
TDG,497.080,436.699,1.138267
TDOC,68.280,59.637,1.144935
TDS,31.610,32.565,0.970677
TDW,22.400,22.653,0.988846
TDY,277.210,238.476,1.162425
TEAM,135.110,111.617,1.210481
TECD,104.210,99.381,1.048596
TECH,214.810,190.539,1.127378
TECK,22.080,22.461,0.983048
TECTP,10.800,0.000,
TEDU,1.990,5.144,0.386858
TEF,8.400,8.435,0.995837
TEL,95.390,85.618,1.114137
TELL,7.520,9.032,0.832554
TEN,10.370,23.488,0.441502
TENB,29.200,28.828,1.012909
TENX,1.370,1.459,0.938680
TEO,17.740,15.494,1.144984
TER,46.910,41.398,1.133144
TERP,14.560,13.024,1.117939
TESS,18.710,16.656,1.123322
TEUM,2.840,3.577,0.793905
TEVA,9.470,14.656,0.646150
TEX,29.060,31.065,0.935454
TFSL,18.050,16.900,1.068028
TFX,334.150,290.984,1.148347
TG,16.700,16.880,0.989323
TGA,1.350,1.804,0.748191
TGB,0.520,0.582,0.892792
TGC,0.860,0.975,0.881672
TGE,21.690,23.613,0.918554
TGEN,3.460,3.758,0.920819
TGH,9.960,10.793,0.922816
TGI,23.240,20.076,1.157582
TGLS,6.880,7.541,0.912310
TGNA,15.680,14.039,1.116882
TGP,14.330,13.863,1.033694
TGS,14.730,13.860,1.062800
TGT,88.640,77.062,1.150238
TGTX,8.570,6.512,1.316081
TH,9.420,10.087,0.933911
THC,19.350,23.571,0.820924
THCB,9.955,0.000,
THFF,40.400,41.266,0.979012
THG,129.610,118.547,1.093322
THM,0.590,0.530,1.113208
THO,58.220,61.614,0.944921
THOR,14.380,16.498,0.871624
THR,25.960,24.338,1.066641
THRM,40.630,40.475,1.003827
THS,56.280,58.380,0.964035
TI,5.630,5.589,1.007403
TIBR,10.210,10.043,1.016629
TIF,94.480,95.220,0.992232
TIGO,57.350,0.000,
TIGR,5.030,0.000,
TILE,15.340,15.995,0.959075
TIPT,6.300,6.072,1.037630
TISI,15.040,15.929,0.944176
TITN,19.370,17.616,1.099553
TIVO,7.120,9.119,0.780813
TJX,54.430,51.428,1.058374
TK,3.380,3.798,0.890028
TKAT,0.690,0.710,0.972176
TKC,5.640,5.752,0.980609
TKKS,10.030,9.893,1.013811
TKR,49.810,45.155,1.103077
TLC,5.070,5.848,0.866904
TLF,5.690,5.751,0.989355
TLGT,0.720,1.144,0.629303
TLK,30.060,27.206,1.104915
TLND,37.380,44.296,0.843865
TLRA,7.480,5.833,1.282330
TLRD,5.710,9.329,0.612069
TLRY,46.980,61.617,0.762447
TLSA,6.700,6.973,0.960800
TLYS,7.940,10.871,0.730364
TM,126.570,121.499,1.041734
TMCX,10.320,10.193,1.012432
TMDI,2.340,2.830,0.826922
TMDX,26.060,0.000,
TME,15.460,15.806,0.978089
TMHC,21.140,18.887,1.119264
TMK,91.770,84.520,1.085778
TMO,300.650,262.646,1.144696
TMP,82.250,78.483,1.047993
TMQ,3.060,2.425,1.261796
TMSR,1.420,1.882,0.754645
TMST,7.770,10.161,0.764672
TMUS,76.230,72.048,1.058045
TNAV,8.430,6.152,1.370239
TNC,61.130,60.898,1.003811
TNDM,64.820,58.308,1.111690
TNET,69.150,58.192,1.188306
TNK,1.280,1.082,1.182928
TNP,3.360,3.202,1.049274
TNXP,1.260,2.045,0.616194
TOCA,6.160,8.967,0.686926
TOL,36.790,36.571,1.005982
TOO,1.370,1.262,1.085460
TOPS,0.450,0.757,0.594734
TORC,10.270,8.182,1.255150
TOT,55.370,55.065,1.005548
TOTA,10.270,10.077,1.019119
TOUR,3.160,4.380,0.721533
TOWR,19.020,23.070,0.824439
TPB,51.760,43.225,1.197446
TPC,14.530,16.996,0.854925
TPCO,8.290,10.947,0.757289
TPGH,10.375,10.222,1.014969
TPH,12.190,12.813,0.951385
TPHS,3.820,4.121,0.926944
TPIC,24.520,27.408,0.894616
TPL,800.000,752.139,1.063634
TPR,30.240,33.026,0.915650
TPRE,10.620,10.640,0.998099
TPTX,42.570,0.000,
TPX,74.940,59.454,1.260463
TR,38.380,36.913,1.039751
TRC,18.150,17.702,1.025318
TRCB,14.520,15.400,0.942848
TRCH,1.300,1.272,1.022331
TRCO,46.410,46.098,1.006778
TREC,9.570,9.192,1.041142
TREE,415.300,342.185,1.213673
TREX,72.770,68.665,1.059788
TRGP,40.250,40.649,0.990173
TRHC,51.360,54.648,0.939837
TRI,66.120,58.008,1.139852
TRIB,1.700,2.528,0.672403
TRIL,0.350,0.867,0.403499
TRIP,47.570,51.624,0.921471
TRK,18.530,16.916,1.095406
TRMB,45.420,39.797,1.141296
TRMD,8.930,7.427,1.202354
TRMK,33.440,33.130,1.009350
TRMT,4.190,7.932,0.528249
TRN,20.280,21.958,0.923594
TRNE,9.780,0.000,
TRNO,49.720,42.720,1.163847
TRNS,25.650,23.495,1.091723
TRNX,0.210,1.349,0.155635
TROV,2.400,3.358,0.714790
TROW,110.420,100.933,1.093998
TROX,12.950,11.390,1.136939
TRP,49.840,45.409,1.097591
TRPX,2.460,3.533,0.696277
TRQ,1.230,1.528,0.805086
TRS,30.770,30.120,1.021573
TRST,7.910,7.818,1.011805
TRT,2.860,3.127,0.914742
TRTN,33.010,32.420,1.018206
TRTX,19.520,19.609,0.995461
TRU,74.750,65.286,1.144955
TRUE,5.490,7.208,0.761604
TRUP,35.170,30.716,1.144999
TRV,154.090,136.327,1.130293
TRVG,4.110,4.772,0.861235
TRVI,7.790,104.633,0.074450
TRVN,1.030,1.235,0.833853
TRWH,29.130,0.000,
TRX,1.120,0.656,1.707039
TRXC,1.310,2.105,0.622384
TS,26.440,26.164,1.010553
TSBK,29.040,27.754,1.046320
TSC,21.530,21.518,1.000564
TSCAP,26.797,26.318,1.018218
TSCBP,25.950,0.000,
TSCO,110.470,97.289,1.135479
TSE,40.600,45.439,0.893510
TSEM,16.500,16.325,1.010722
TSG,16.930,17.441,0.970689
TSLA,233.100,267.011,0.872997
TSM,39.930,39.645,1.007180
TSN,82.630,69.576,1.187627
TSQ,5.610,5.663,0.990685
TSRI,4.600,5.073,0.906793
TSS,131.160,100.799,1.301204
TST,6.130,15.941,0.384538
TSU,15.880,15.303,1.037707
TTC,66.880,66.605,1.004133
TTD,237.770,189.449,1.255058
TTEC,45.300,36.318,1.247323
TTEK,82.430,62.164,1.326003
TTGT,21.010,16.888,1.244094
TTI,1.590,2.135,0.744691
TTM,11.640,12.998,0.895506
TTMI,10.000,11.191,0.893600
TTNP,1.258,1.384,0.908984
TTOO,1.680,2.832,0.593208
TTPH,0.510,1.074,0.474989
TTS,4.140,5.561,0.744451
TTWO,117.230,100.602,1.165282
TU,37.550,36.141,1.038986
TUES,1.680,2.001,0.839711
TUFN,27.710,0.000,
TUP,18.730,26.304,0.712072
TURN,1.940,1.928,1.006256
TUSK,7.500,16.691,0.449340
TV,8.760,10.763,0.813919
TVIX,15.580,30.627,0.508693
TVTY,16.640,20.261,0.821298
TW,46.320,0.000,
TWI,4.620,5.492,0.841261
TWIN,14.220,16.218,0.876823
TWLO,140.270,122.712,1.143082
TWMC,0.290,0.437,0.664277
TWNK,14.700,12.571,1.169352
TWO,12.770,13.519,0.944607
TWOU,38.510,55.237,0.697182
TWST,28.410,24.620,1.153929
TWTR,36.250,34.162,1.061116
TX,22.400,26.862,0.833880
TXMD,2.750,4.358,0.630999
TXN,115.750,107.725,1.074492
TXRH,54.550,59.181,0.921756
TXT,53.150,51.079,1.040539
TYHT,0.690,0.798,0.864471
TYL,221.990,207.498,1.069842
TYME,1.450,2.013,0.720184
TYPE,17.430,17.838,0.977135
TZAC,10.270,10.104,1.016402
TZOO,14.910,14.914,0.999744
UA,22.650,19.860,1.140470
UAA,25.900,22.211,1.166073
UAL,90.590,84.644,1.070243
UAMY,0.570,0.561,1.016887
UAN,3.640,3.735,0.974595
UAVS,0.320,0.409,0.783112
UBA,21.330,21.222,1.005068
UBCP,11.500,11.178,1.028777
UBER,43.530,0.000,
UBFO,11.340,10.396,1.090833
UBNK,14.200,14.386,0.987090
UBNT,133.030,134.707,0.987550
UBOH,22.500,22.294,1.009245
UBP,17.100,16.840,1.015412
UBS,12.140,12.439,0.975938
UBSI,37.400,36.684,1.019523
UBX,8.450,10.025,0.842915
UCBI,28.620,26.582,1.076678
UCFC,9.590,9.383,1.022089
UCTT,13.900,11.743,1.183694
UDR,46.000,44.171,1.041398
UE,17.380,18.663,0.931259
UEC,1.340,1.347,0.995125
UEIC,40.870,35.338,1.156532
UEPS,4.180,3.872,1.079528
UFAB,2.844,4.099,0.693762
UFCS,49.900,48.008,1.039413
UFI,18.790,20.532,0.915151
UFPI,37.610,32.389,1.161205
UFPT,41.830,35.437,1.180414
UFS,42.840,46.262,0.926036
UG,19.970,19.401,1.029349
UGI,52.900,53.900,0.981443
UGLD,117.430,98.796,1.188613
UGP,5.140,10.446,0.492039
UHAL,376.650,371.445,1.014014
UHS,131.380,128.492,1.022475
UHT,88.660,76.741,1.155322
UIHC,14.880,15.532,0.958009
UIS,9.850,11.532,0.854180
UL,63.270,57.346,1.103307
ULBI,8.250,8.959,0.920853
ULH,22.700,21.058,1.077963
ULTA,344.950,323.042,1.067817
UMBF,65.730,65.876,0.997790
UMC,2.210,1.950,1.133156
UMH,12.750,13.372,0.953459
UMPQ,17.070,17.209,0.991900
UMRX,2.400,3.757,0.638869
UN,61.620,57.448,1.072626
UNAM,5.900,6.038,0.977105
UNB,37.000,42.063,0.879635
UNF,190.780,152.272,1.252889
UNFI,9.580,12.335,0.776625
UNH,246.990,247.552,0.997729
UNIT,9.240,12.714,0.726764
UNM,34.600,34.584,1.000450
UNP,170.030,165.723,1.025992
UNT,8.540,13.584,0.628686
UNTY,21.660,20.504,1.056373
UNVR,21.880,21.619,1.012069
UONE,2.260,2.188,1.033080
UONEK,2.170,1.972,1.100201
UPL,0.265,0.567,0.467221
UPLD,46.320,39.880,1.161478
UPS,102.420,104.766,0.977608
UPWK,15.810,18.717,0.844686
UQM,1.660,1.570,1.057376
URBN,23.600,28.833,0.818512
URG,0.940,0.800,1.175561
URGN,35.030,39.327,0.890746
URI,132.920,124.964,1.063664
UROV,7.900,9.103,0.867870
USAC,18.090,16.178,1.118163
USAK,9.500,14.875,0.638657
USAP,15.680,16.027,0.978329
USAS,2.330,1.780,1.309045
USAT,7.540,5.382,1.401050
USATP,25.830,20.958,1.232455
USB,53.680,50.799,1.056720
USCR,51.180,42.611,1.201101
USDP,11.750,10.973,1.070765
USEG,0.450,0.649,0.693285
USFD,36.670,35.273,1.039604
USLM,81.750,76.559,1.067803
USLV,61.600,67.663,0.910392
USM,47.040,49.411,0.952016
USNA,61.530,91.512,0.672372
USOI,20.917,22.185,0.942860
USPH,125.020,111.429,1.121970
USWS,5.170,7.342,0.704191
USX,5.300,6.845,0.774309
UTHR,80.010,104.162,0.768134
UTI,3.700,3.475,1.064596
UTL,60.540,54.657,1.107625
UTMD,86.700,85.964,1.008563
UTSI,3.080,3.377,0.912170
UTX,132.540,126.589,1.047014
UUU,1.280,1.266,1.010790
UUUU,3.040,3.009,1.010325
UVE,28.960,32.535,0.890117
UVSP,26.420,24.725,1.068569
UVV,61.330,56.833,1.079124
UXIN,2.360,3.259,0.724181
V,176.660,154.228,1.145447
VAC,98.690,93.839,1.051700
VALE,13.120,12.900,1.017018
VALU,26.920,22.863,1.177449
VAPO,20.950,18.368,1.140584
VAR,139.440,132.235,1.054486
VBFC,33.080,32.895,1.005637
VBIV,0.953,1.773,0.537514
VBLT,1.300,1.338,0.971915
VBTX,26.390,25.527,1.033794
VC,55.190,67.505,0.817575
VCEL,18.960,17.680,1.072380
VCNX,5.200,5.438,0.956151
VCRA,31.740,33.711,0.941545
VCTR,18.540,14.390,1.288361
VCYT,28.570,22.067,1.294721
VEC,41.450,31.425,1.319006
VECO,12.260,11.175,1.097058
VEDL,9.680,9.989,0.969080
VEEV,170.050,129.722,1.310880
VEON,2.920,2.452,1.190909
VER,9.160,8.321,1.100790
VERB,2.020,6.096,0.331376
VERI,8.170,6.507,1.255544
VERU,2.330,1.582,1.473047
VET,21.710,23.753,0.913982
VFC,87.810,81.956,1.071431
VFF,11.530,204.003,0.056519
VG,12.610,10.240,1.231464
VGR,9.740,10.397,0.936827
VGZ,0.770,0.669,1.151353
VHC,6.170,5.659,1.090327
VHI,2.550,2.690,0.948117
VIA,36.130,33.905,1.065614
VIAB,31.370,28.958,1.083281
VIAV,14.080,12.335,1.141506
VICI,22.320,21.694,1.028836
VICL,0.840,1.059,0.793138
VICR,31.800,34.451,0.923054
VIIX,9.960,13.197,0.754720
VIOT,9.030,9.687,0.932146
VIPS,8.690,7.570,1.147883
VIRC,4.750,4.217,1.126265
VIRT,22.310,24.490,0.910993
VISI,4.500,4.178,1.077106
VISL,1.600,3.049,0.524800
VIV,13.260,12.383,1.070831
VIVE,0.365,0.790,0.462083
VIVO,11.890,14.295,0.831788
VJET,1.890,2.031,0.930685
VKTX,8.210,8.429,0.974017
VLGEA,25.320,27.599,0.917424
VLO,81.840,82.391,0.993308
VLRS,9.890,8.547,1.157066
VLRX,2.770,6.308,0.439126
VLY,10.900,10.202,1.068380
VLYPO,25.420,24.745,1.027261
VLYPP,27.270,26.765,1.018855
VMC,139.760,118.168,1.182721
VMI,127.740,126.459,1.010133
VMW,169.180,174.551,0.969229
VNCE,14.340,12.937,1.108427
VNDA,13.930,19.278,0.722579
VNE,16.550,24.065,0.687717
VNET,8.050,8.291,0.970951
VNO,65.520,66.973,0.978307
VNOM,31.170,31.326,0.995017
VNRX,3.110,2.994,1.038887
VNTR,5.280,5.357,0.985622
VOC,5.180,5.118,1.012156
VOD,16.830,17.854,0.942668
VOXX,4.060,4.469,0.908448
VOYA,56.880,50.486,1.126657
VPG,40.600,35.676,1.138012
VRA,11.420,10.997,1.038470
VRAY,8.700,7.887,1.103099
VRCA,11.110,10.432,1.064959
VREX,30.870,30.227,1.021261
VRML,0.860,0.982,0.876050
VRNA,5.230,6.369,0.821210
VRNS,62.670,60.618,1.033854
VRNT,55.340,54.266,1.019794
VRRM,13.390,11.863,1.128700
VRS,19.230,21.554,0.892163
VRSK,148.870,131.514,1.131974
VRSN,217.330,184.260,1.179476
VRTS,107.380,102.805,1.044504
VRTSP,94.910,90.923,1.043845
VRTU,44.910,48.858,0.919193
VRTV,18.350,26.446,0.693878
VRTX,178.340,179.335,0.994454
VSAT,82.560,78.293,1.054504
VSEC,27.070,30.461,0.888675
VSH,16.380,18.705,0.875696
VSI,3.750,5.451,0.687958
VSLR,7.990,5.510,1.450010
VSM,51.620,45.559,1.133036
VST,22.540,25.007,0.901341
VSTM,1.400,2.561,0.546598
VSTO,8.820,9.204,0.958322
VTGN,0.700,1.158,0.604483
VTIQ,10.130,9.984,1.014638
VTIQW,0.460,0.481,0.956145
VTNR,1.510,1.412,1.069579
VTR,69.790,63.233,1.103688
VTSI,2.430,3.514,0.691581
VTVT,1.430,1.940,0.737171
VUZI,3.110,3.453,0.900692
VVI,68.400,58.078,1.177725
VVPR,1.465,1.173,1.249040
VVUS,3.870,4.010,0.965124
VVV,20.470,19.161,1.068291
VXRT,0.710,1.360,0.522000
VYGR,27.520,18.129,1.518009
VZ,58.310,57.118,1.020869
W,145.150,139.539,1.040209
WAAS,19.040,19.828,0.960269
WAB,73.740,71.498,1.031356
WABC,62.560,61.958,1.009717
WAFD,35.160,30.912,1.137426
WAFU,3.050,0.000,
WAGE,50.690,40.097,1.264193
WAIR,11.070,8.965,1.234828
WAL,45.110,44.265,1.019099
WASH,52.570,51.044,1.029903
WAT,220.230,222.155,0.991333
WATT,4.370,5.985,0.730201
WB,43.920,58.555,0.750065
WBA,55.190,60.608,0.910600
WBAI,10.400,12.230,0.850394
WBC,132.070,127.281,1.037622
WBK,19.920,18.891,1.054445
WBS,47.420,51.747,0.916385
WBT,16.240,15.417,1.053371
WCC,50.390,52.409,0.961479
WCFB,8.470,8.150,1.039244
WCG,282.550,266.851,1.058831
WCN,96.890,87.347,1.109257
WD,55.660,51.750,1.075549
WDAY,216.010,192.022,1.124926
WDC,48.520,45.226,1.072842
WDFC,163.020,170.000,0.958943
WDR,16.820,17.509,0.960648
WEBK,33.250,32.086,1.036269
WEC,85.020,77.273,1.100257
WEI,8.890,10.217,0.870078
WELL,84.220,76.885,1.095406
WEN,19.810,17.927,1.105064
WERN,30.990,32.657,0.948967
WES,31.950,31.193,1.024264
WETF,6.280,6.813,0.921832
WEX,210.240,185.050,1.136128
WEYS,26.660,29.522,0.903054
WF,35.570,37.714,0.943163
WFC,47.770,47.894,0.997405
WGO,38.380,32.619,1.176609
WH,60.300,52.675,1.144750
WHD,31.250,34.166,0.914643
WHG,33.840,34.687,0.975579
WHLM,6.000,5.935,1.010945
WHLR,1.500,1.718,0.873108
WHLRD,15.370,13.533,1.135749
WHLRP,13.986,12.175,1.148773
WHR,144.660,132.880,1.088650
WIFI,18.580,21.917,0.847728
WILC,10.220,8.544,1.196219
WINA,172.120,171.565,1.003233
WING,95.120,75.235,1.264306
WINS,13.850,22.174,0.624605
WIRE,57.650,55.584,1.037168
WISA,1.260,2.170,0.580768
WIT,4.290,4.781,0.897275
WIX,143.710,121.929,1.178639
WK,59.450,48.842,1.217185
WKHS,2.800,1.245,2.248831
WLDN,34.850,35.820,0.972933
WLFC,58.330,45.448,1.283457
WLH,18.930,15.910,1.189806
WLK,69.730,69.339,1.005642
WLKP,24.180,22.988,1.051842
WLL,17.010,24.582,0.691964
WLTW,195.840,173.787,1.126898
WM,116.480,103.191,1.128777
WMB,28.350,27.205,1.042098
WMC,9.960,9.970,0.998974
WMGI,26.680,30.269,0.881427
WMK,36.550,42.987,0.850258
WMS,33.000,27.215,1.212572
WMT,111.980,100.537,1.113815
WNC,15.560,14.455,1.076430
WNEB,9.560,9.496,1.006720
WNS,59.680,53.115,1.123589
WOR,40.100,37.627,1.065736
WORK,35.520,0.000,
WORX,5.140,5.705,0.900999
WOW,7.880,8.115,0.971046
WP,128.430,104.909,1.224201
WPC,82.980,77.144,1.075658
WPG,3.850,4.957,0.776712
WPM,23.460,21.743,1.078992
WPP,62.600,58.266,1.074382
WPRT,2.820,1.868,1.509624
WPX,10.880,12.417,0.876216
WRB,67.460,57.469,1.173846
WRI,27.740,28.302,0.980133
WRK,38.070,37.902,1.004439
WRLD,167.200,125.766,1.329450
WRLS,10.380,10.279,1.009839
WRN,0.650,0.592,1.097718
WRTC,5.630,5.669,0.993201
WSBC,38.420,39.261,0.978577
WSBF,17.080,16.612,1.028173
WSFS,42.390,41.433,1.023087
WSM,64.840,56.395,1.149753
WSO,163.730,150.521,1.087752
WSR,12.900,12.859,1.003224
WST,124.000,111.206,1.115049
WSTG,11.210,11.329,0.989469
WSTL,1.800,2.060,0.873657
WTBA,21.690,21.233,1.021513
WTER,2.080,2.603,0.799113
WTFC,73.170,72.140,1.014274
WTFCM,28.164,27.833,1.011875
WTI,4.570,5.357,0.853086
WTM,1059.500,936.238,1.131657
WTR,41.610,37.162,1.119695
WTRH,6.170,10.110,0.610310
WTS,91.610,80.795,1.133858
WTT,1.640,1.604,1.022366
WTTR,10.650,10.469,1.017274
WU,20.350,18.753,1.085161
WUBA,62.370,63.519,0.981913
WVE,26.700,34.146,0.781929
WVFC,17.350,16.742,1.036345
WVVI,6.950,7.093,0.979790
WVVIP,4.587,4.690,0.978054
WW,19.740,23.942,0.824485
WWD,115.170,97.871,1.176749
WWE,75.150,82.537,0.910504
WWR,5.900,6.984,0.844783
WWW,27.790,33.142,0.838525
WY,26.610,25.263,1.053314
WYND,45.590,42.314,1.077424
WYNN,132.810,123.776,1.072990
WYY,0.430,0.453,0.948796
X,14.750,18.186,0.811069
XAN,11.340,10.810,1.049044
XBIO,12.250,18.522,0.661373
XBIT,7.770,8.307,0.935336
XEC,59.130,67.469,0.876399
XEL,60.690,55.388,1.095729
XELA,2.020,3.299,0.612341
XELB,2.160,1.429,1.511383
XENE,10.160,8.994,1.129646
XENT,21.560,28.678,0.751795
XERS,12.160,11.767,1.033383
XFOR,15.170,17.515,0.866129
XHR,21.380,20.306,1.052889
XIN,4.240,4.581,0.925610
XLNX,116.110,113.910,1.019311
XLRN,41.820,42.641,0.980755
XNCR,43.940,33.451,1.313572
XNET,2.610,3.371,0.774218
XOG,4.110,4.236,0.970318
XOM,76.130,76.625,0.993535
XOMA,15.120,14.333,1.054893
XON,7.730,6.201,1.246621
XONE,8.760,8.686,1.008560
XPER,20.730,22.328,0.928436
XPL,0.330,0.335,0.985861
XPO,56.710,57.178,0.991807
XRAY,57.800,48.970,1.180314
XRF,0.405,0.936,0.432858
XRX,36.440,30.748,1.185135
XSPA,1.540,2.920,0.527356
XTLB,1.890,2.223,0.850094
XTNT,2.700,2.966,0.910354
XXII,1.950,2.123,0.918455
XYF,3.580,5.183,0.690702
XYL,82.840,76.353,1.084967
XYN,3.120,8.455,0.369015
Y,705.920,645.296,1.093948
YCBD,5.210,4.981,1.046002
YELP,34.920,35.326,0.988506
YETI,30.320,25.242,1.201177
YEXT,20.190,19.310,1.045552
YGTY,1.404,2.730,0.514247
YGYI,5.750,6.198,0.927739
YI,5.360,7.709,0.695256
YIN,4.100,5.921,0.692408
YJ,10.820,0.000,
YMAB,22.740,22.378,1.016179
YNDX,39.200,35.130,1.115851
YOGA,0.627,0.728,0.861219
YORW,36.620,33.929,1.079317
YPF,18.150,15.086,1.203075
YRCW,3.780,5.972,0.632972
YRD,13.180,13.581,0.970463
YRIV,0.515,1.195,0.431028
YTEN,0.870,1.046,0.831837
YTRA,3.560,4.472,0.796081
YUM,110.240,99.509,1.107841
YUMA,3.050,0.223,13.684625
YUMC,44.390,41.357,1.073342
YVR,1.850,2.768,0.668423
YY,70.440,74.095,0.950669
Z,48.420,37.959,1.275597
ZAGG,7.280,9.155,0.795177
ZAYO,33.170,29.223,1.135048
ZBH,117.810,118.456,0.994543
ZBRA,217.040,194.735,1.114540
ZDGE,1.830,2.035,0.899226
ZEAL,22.280,17.647,1.262557
ZEN,91.940,79.610,1.154883
ZEUS,13.290,16.257,0.817497
ZFGN,1.240,3.207,0.386642
ZG,47.910,37.525,1.276737
ZGNX,47.720,43.815,1.089118
ZION,46.210,46.786,0.987682
ZIOP,5.880,3.717,1.581976
ZIV,76.700,71.752,1.068962
ZIXI,9.700,7.936,1.222262
ZKIN,1.390,1.535,0.905344
ZLAB,36.290,28.545,1.271328
ZM,91.880,0.000,
ZN,0.330,0.537,0.614761
ZNGA,6.260,5.352,1.169626
ZNH,35.910,37.445,0.959008
ZOM,0.250,0.592,0.422395
ZS,83.060,62.341,1.332348
ZSAN,3.320,3.402,0.975835
ZTO,19.870,18.542,1.071604
ZTS,114.180,98.077,1.164183
ZUMZ,25.910,23.927,1.082866
ZUO,16.110,20.056,0.803250
ZVO,3.720,0.000,
ZYME,23.600,17.066,1.382901
ZYNE,15.440,8.332,1.853083
ZYXI,9.370,5.747,1.630279
