A,68.700,75.165,0.913984
AA,23.110,26.252,0.880304
AABA,70.260,70.013,1.003531
AAC,0.959,1.849,0.518554
AAL,33.080,32.989,1.002763
AAMC,11.700,25.221,0.463902
AAME,2.410,2.539,0.949361
AAN,63.300,54.914,1.152720
AAOI,9.620,12.383,0.776878
AAON,51.170,44.718,1.144274
AAP,156.930,161.567,0.971301
AAPL,202.590,186.392,1.086903
AAT,45.820,45.159,1.014644
AAU,0.640,0.602,1.063150
AAWW,42.740,46.845,0.912361
AAXN,65.920,59.537,1.107212
AB,30.220,29.372,1.028880
ABB,18.960,19.395,0.977570
ABBV,68.540,78.749,0.870361
ABC,85.520,80.822,1.058132
ABCB,37.780,37.202,1.015539
ABEO,3.740,6.631,0.564005
ABEV,4.800,4.579,1.048157
ABG,84.440,75.253,1.122075
ABIL,0.869,1.543,0.563055
ABIO,6.900,7.444,0.926963
ABM,41.360,37.053,1.116242
ABMD,260.470,293.167,0.888468
ABR,12.110,12.637,0.958313
ABT,87.490,77.954,1.122336
ABTX,33.510,35.212,0.951667
ABUS,1.730,3.040,0.568993
AC,38.650,39.828,0.970415
ACA,36.440,33.043,1.102799
ACAD,25.700,25.041,1.026317
ACAM,9.750,0.000,
ACB,6.840,7.992,0.855825
ACBI,17.080,17.896,0.954422
ACC,47.780,46.454,1.028553
ACCO,7.870,8.431,0.933410
ACER,3.090,19.307,0.160045
ACGL,37.580,33.240,1.130568
ACH,8.350,9.358,0.892240
ACHC,31.680,30.885,1.025747
ACHN,2.380,2.737,0.869679
ACHV,1.890,2.774,0.681222
ACIA,64.750,51.748,1.251258
ACIU,5.600,5.443,1.028878
ACIW,33.950,32.353,1.049348
ACLS,15.330,18.721,0.818873
ACM,36.510,32.365,1.128064
ACMR,18.260,14.946,1.221735
ACN,193.930,172.493,1.124280
ACNB,37.200,37.522,0.991407
ACOR,6.900,11.786,0.585443
ACRE,14.850,14.920,0.995278
ACRS,1.990,5.545,0.358870
ACRX,2.720,2.943,0.924378
ACST,1.710,1.020,1.677224
ACTG,2.820,3.083,0.914814
ACTT,9.800,0.000,
ACTTW,0.780,0.000,
ACU,20.070,18.889,1.062523
ACY,8.150,10.157,0.802388
ADAP,3.270,4.201,0.778359
ADBE,306.870,271.429,1.130571
ADC,63.160,66.032,0.956502
ADES,12.520,12.068,1.037466
ADI,115.780,106.512,1.087011
ADIL,1.960,3.228,0.607156
ADM,40.250,41.996,0.958413
ADMA,3.890,4.019,0.967891
ADMP,1.170,2.132,0.548784
ADMS,6.000,7.093,0.845884
ADNT,21.980,19.555,1.124025
ADOM,0.250,0.333,0.750441
ADP,166.460,156.434,1.064091
ADRO,1.420,3.095,0.458765
ADS,151.560,159.577,0.949759
ADSK,169.310,161.790,1.046482
ADSW,32.340,29.413,1.099503
ADT,6.230,6.731,0.925559
ADTN,11.530,15.103,0.763402
ADUS,76.770,67.887,1.130853
ADVM,13.970,7.178,1.946096
ADXS,1.270,4.084,0.310993
AE,31.530,36.951,0.853296
AEE,75.980,72.629,1.046140
AEG,5.050,5.015,1.007063
AEGN,17.930,17.619,1.017625
AEHR,1.590,1.509,1.053726
AEIS,55.560,51.867,1.071198
AEL,26.530,29.221,0.907895
AEM,53.550,44.092,1.214498
AEMD,0.300,0.776,0.386431
AEO,18.220,20.110,0.906027
AEP,90.280,84.211,1.072072
AER,50.850,47.755,1.064818
AERI,23.120,39.664,0.582892
AES,17.220,17.023,1.011597
AETI,0.900,0.810,1.111530
AEY,1.710,1.416,1.207927
AEYE,6.950,9.087,0.764808
AEZS,2.500,3.617,0.691089
AFG,103.790,99.310,1.045110
AFH,0.580,3.419,0.169632
AFI,8.740,12.635,0.691702
AFIN,11.570,11.043,1.047732
AFINP,25.550,0.000,
AFL,55.000,50.835,1.081941
AFMD,3.100,3.433,0.902996
AG,9.900,6.514,1.519917
AGBAU,10.020,0.000,
AGCO,75.750,69.512,1.089735
AGE,2.810,3.925,0.715972
AGEN,2.460,2.932,0.838978
AGFS,1.570,3.068,0.511706
AGI,6.750,4.975,1.356773
AGIO,46.770,55.105,0.848751
AGLE,7.000,7.482,0.935638
AGM,74.070,73.733,1.004565
AGMH,16.900,20.680,0.817216
AGN,163.160,144.245,1.131129
AGNC,17.340,17.557,0.987643
AGNCB,25.920,25.513,1.015970
AGNCN,26.130,25.856,1.010605
AGO,43.680,43.211,1.010859
AGR,49.170,50.160,0.980260
AGRO,6.790,6.964,0.975008
AGRX,1.280,1.274,1.004415
AGS,19.410,22.773,0.852312
AGTC,3.880,3.847,1.008692
AGX,40.880,45.768,0.893203
AGYS,22.960,20.241,1.134323
AHC,3.670,3.851,0.952963
AHH,16.690,15.870,1.051700
AHPI,1.640,1.804,0.909299
AHT,2.470,4.595,0.537554
AI,6.510,7.668,0.849032
AIG,55.940,47.630,1.174474
AIHS,1.140,3.941,0.289270
AIMC,33.680,32.894,1.023882
AIMT,18.340,21.635,0.847708
AIN,78.890,74.412,1.060178
AINC,30.520,50.091,0.609295
AIR,42.160,34.981,1.205221
AIRG,13.290,13.386,0.992849
AIRI,1.050,1.129,0.929832
AIRT,17.510,19.110,0.916268
AIT,57.280,58.509,0.978987
AITB,5.370,5.028,1.067990
AIV,49.620,49.838,0.995621
AIZ,111.160,99.590,1.116178
AIZP,115.350,106.884,1.079207
AJG,91.810,81.882,1.121247
AJRD,44.510,38.114,1.167804
AJX,13.620,13.450,1.012651
AKAM,83.450,74.300,1.123148
AKBA,3.880,6.053,0.640966
AKCA,22.000,26.227,0.838822
AKER,0.420,0.835,0.503293
AKG,0.790,0.655,1.206458
AKR,26.820,27.932,0.960200
AKRX,3.840,3.936,0.975564
AKS,2.410,2.540,0.948790
AKTS,5.520,6.650,0.830123
AKTX,2.250,2.572,0.874912
AL,40.920,37.750,1.083969
ALAC,10.120,9.993,1.012758
ALB,74.470,77.139,0.965399
ALBO,28.220,30.538,0.924099
ALC,60.080,38.952,1.542421
ALCO,31.400,28.761,1.091765
ALDR,9.820,12.462,0.788009
ALDX,5.270,7.690,0.685323
ALE,85.920,81.492,1.054334
ALEC,18.840,0.000,
ALEX,23.120,23.531,0.982544
ALG,97.600,96.179,1.014772
ALGN,281.210,275.789,1.019655
ALGR,10.100,9.964,1.013676
ALGT,143.890,136.299,1.055691
ALIM,0.870,0.971,0.896413
ALJJ,1.600,1.581,1.011778
ALK,63.490,61.259,1.036417
ALKS,23.270,29.391,0.791733
ALL,101.410,95.796,1.058603
ALLE,107.590,96.025,1.120433
ALLK,31.580,40.065,0.788209
ALLO,28.010,28.375,0.987130
ALLT,7.670,7.415,1.034363
ALLY,33.050,28.480,1.160470
ALNA,4.530,6.132,0.738782
ALNY,75.370,79.368,0.949630
ALO,0.900,0.741,1.214337
ALOT,24.540,23.031,1.065524
ALPN,4.720,5.890,0.801336
ALRM,52.200,60.634,0.860902
ALRN,0.542,1.365,0.397103
ALSK,1.870,1.785,1.047597
ALSN,45.920,46.419,0.989260
ALT,2.350,2.790,0.842305
ALTM,3.540,5.789,0.611552
ALTR,41.400,36.598,1.131216
ALV,71.890,74.650,0.963031
ALX,371.970,369.570,1.006494
ALXN,120.800,127.657,0.946287
ALYA,2.830,2.938,0.963185
AM,10.980,12.810,0.857133
AMAG,8.740,12.294,0.710896
AMAL,17.200,17.256,0.996727
AMAT,47.810,41.002,1.166054
AMBA,48.220,42.915,1.123613
AMBC,17.520,17.987,0.974048
AMBO,2.840,5.192,0.547021
AMBR,13.050,10.454,1.248366
AMC,10.540,13.312,0.791786
AMCI,9.980,9.332,1.069450
AMCR,11.270,10.834,1.040283
AMCX,54.300,58.536,0.927639
AMD,32.510,26.746,1.215494
AME,88.710,82.614,1.073794
AMED,127.750,122.363,1.044026
AMEH,15.330,18.279,0.838653
AMG,88.370,100.822,0.876491
AMGN,178.390,183.867,0.970211
AMH,24.880,23.369,1.064658
AMID,5.240,4.779,1.096427
AMKR,7.620,8.053,0.946279
AMN,54.460,52.993,1.027692
AMNB,36.360,35.287,1.030407
AMOT,40.170,38.272,1.049587
AMOV,14.950,14.865,1.005741
AMP,148.660,137.335,1.082462
AMPE,0.420,0.540,0.778218
AMPH,19.380,21.558,0.898957
AMR,0.154,0.394,0.390500
AMRB,13.170,13.022,1.011361
AMRC,14.110,15.434,0.914235
AMRH,0.349,0.329,1.062393
AMRK,12.081,12.325,0.980207
AMRN,18.080,18.736,0.964993
AMRS,3.010,3.866,0.778546
AMRX,3.400,10.858,0.313126
AMS,2.890,2.769,1.043868
AMSC,8.940,11.853,0.754260
AMSF,65.030,60.389,1.076857
AMSWA,13.300,12.410,1.071743
AMT,205.560,192.126,1.069925
AMTB,17.650,16.424,1.074639
AMTBB,13.610,12.746,1.067758
AMTD,51.590,52.880,0.975602
AMTX,1.000,0.952,1.050193
AMWD,82.500,80.886,1.019956
AMX,14.930,14.923,1.000496
AMZN,1964.520,1796.574,1.093481
AN,42.050,38.528,1.091420
ANAB,54.560,68.962,0.791157
ANAT,123.070,125.901,0.977516
ANCN,4.250,0.000,
ANDA,9.920,0.000,
ANDE,26.360,31.596,0.834274
ANDX,35.130,35.335,0.994191
ANET,282.740,269.266,1.050039
ANF,18.600,22.355,0.832041
ANFI,0.690,1.105,0.624456
ANGI,13.090,15.560,0.841235
ANGO,21.190,21.044,1.006958
ANH,3.850,4.118,0.934951
ANIK,40.620,36.012,1.127972
ANIP,80.750,67.679,1.193138
ANIX,4.350,4.473,0.972556
ANSS,208.100,184.924,1.125327
ANTE,1.580,1.988,0.794946
ANTM,302.120,284.119,1.063358
ANY,1.650,2.282,0.723137
AOBC,9.390,10.200,0.920554
AON,194.910,175.939,1.107825
AOS,43.580,49.170,0.886307
AOSL,9.230,10.562,0.873882
AP,3.600,3.755,0.958692
APA,24.030,31.400,0.765281
APAM,28.940,26.014,1.112489
APC,73.380,58.560,1.253069
APD,224.530,195.573,1.148065
APDN,0.340,0.576,0.590481
APEI,31.440,30.796,1.020911
APEN,3.000,3.477,0.862731
APH,96.640,94.176,1.026164
APHA,6.390,8.095,0.789365
APLE,15.420,16.141,0.955341
APLS,27.190,19.194,1.416596
APLT,9.410,0.000,
APM,21.950,18.626,1.178485
APO,34.230,30.928,1.106774
APOG,40.390,37.833,1.067600
APOP,0.510,1.066,0.478287
APPF,106.740,84.683,1.260470
APPN,36.010,34.647,1.039334
APPS,5.050,3.657,1.380934
APRN,8.290,14.290,0.580134
APT,3.600,3.706,0.971470
APTO,2.940,2.105,1.396599
APTS,14.380,15.591,0.922332
APTV,80.090,78.808,1.016272
APTX,3.720,4.491,0.828282
APU,33.700,32.690,1.030884
APVO,0.868,1.048,0.828317
APWC,2.090,2.225,0.939374
APY,30.290,36.395,0.832249
APYX,6.310,6.563,0.961381
AQ,13.160,10.546,1.247917
AQMS,1.920,2.448,0.784162
AQN,12.540,11.482,1.092124
AQST,4.110,5.781,0.710899
AQUA,13.640,12.764,1.068620
AQXP,2.430,2.543,0.955722
AR,4.910,7.874,0.623598
ARA,7.080,8.700,0.813800
ARAV,5.350,5.835,0.916860
ARAY,3.980,4.270,0.932184
ARC,1.850,2.261,0.818391
ARCB,26.360,31.672,0.832293
ARCE,44.500,33.280,1.337155
ARCH,86.690,90.157,0.961545
ARCI,4.000,3.479,1.149829
ARCO,7.970,7.536,1.057650
ARCT,10.770,6.637,1.622809
ARCW,0.250,0.752,0.332386
ARD,17.360,14.114,1.230027
ARDS,9.810,9.484,1.034360
ARDX,2.500,2.821,0.886105
ARE,141.580,140.091,1.010632
AREC,3.216,4.958,0.648682
ARES,28.130,24.374,1.154118
AREX,0.280,0.557,0.502328
ARGO,71.270,71.208,1.000869
ARGX,148.020,125.324,1.181098
ARI,18.590,18.400,1.010351
ARKR,20.110,19.779,1.016742
ARL,16.270,13.035,1.248226
ARLO,4.040,4.459,0.905938
ARLP,16.960,18.625,0.910598
ARMK,35.820,32.293,1.109220
ARMP,3.600,3.804,0.946418
ARNA,61.820,50.498,1.224205
ARNC,25.180,21.015,1.198190
AROC,10.250,9.827,1.043002
AROW,33.650,33.643,1.000222
ARPO,0.815,1.794,0.454414
ARQL,10.570,6.148,1.719275
ARR,18.440,19.444,0.948362
ARRY,46.490,27.300,1.702954
ARTNA,35.760,36.746,0.973172
ARTW,2.110,2.072,1.018497
ARTX,1.740,2.739,0.635178
ARVN,24.410,20.220,1.207248
ARW,67.670,74.805,0.904614
ARWR,29.170,20.417,1.428702
ARYA,9.990,9.878,1.011338
ASB,20.570,21.846,0.941580
ASC,7.840,6.528,1.200907
ASCMA,0.730,0.777,0.939483
ASFI,7.500,5.426,1.382206
ASGN,60.370,61.279,0.985172
ASH,76.110,77.465,0.982502
ASIX,24.850,28.872,0.860710
ASLN,3.220,3.651,0.881934
ASM,0.680,0.570,1.193942
ASMB,13.000,17.700,0.734463
ASML,223.620,192.339,1.162632
ASNA,0.520,1.458,0.356705
ASND,114.890,106.952,1.074219
ASPN,6.390,4.146,1.541134
ASPS,20.900,22.995,0.908880
ASPU,4.410,4.617,0.955221
ASR,162.260,165.124,0.982657
ASRT,3.000,4.032,0.744065
ASRV,4.100,4.130,0.992699
ASRVP,29.550,29.304,1.008385
ASTC,2.530,3.841,0.658605
ASTE,30.770,35.044,0.878046
ASUR,8.900,6.788,1.311193
ASV,6.910,3.193,2.164129
ASX,4.400,4.097,1.073911
ASYS,5.880,5.607,1.048699
AT,2.480,2.477,1.001017
ATAI,2.630,1.747,1.505155
ATAX,7.020,6.833,1.027371
ATEC,4.490,3.068,1.463268
ATEN,7.570,6.743,1.122599
ATEX,43.360,41.515,1.044445
ATGE,47.410,46.831,1.012374
ATH,42.150,43.087,0.978246
ATHE,1.140,1.597,0.713965
ATHM,82.000,91.081,0.900298
ATHX,1.420,1.587,0.894585
ATI,25.260,25.399,0.994539
ATIF,3.130,0.000,
ATIS,1.700,1.459,1.164871
ATKR,25.770,23.740,1.085513
ATLC,4.610,3.638,1.267068
ATLO,27.200,26.797,1.015024
ATNI,58.260,61.976,0.940039
ATNM,0.239,0.411,0.582049
ATNX,19.060,13.793,1.381847
ATO,107.270,101.188,1.060108
ATOM,4.540,3.777,1.201946
ATOS,2.040,2.357,0.865611
ATR,123.400,109.713,1.124750
ATRA,15.130,31.049,0.487301
ATRC,31.150,29.914,1.041333
ATRI,768.000,838.766,0.915631
ATRO,37.910,35.637,1.063770
ATRS,3.100,3.084,1.005198
ATSG,23.460,23.060,1.017353
ATTO,2.390,3.366,0.710083
ATU,22.250,24.021,0.926291
ATUS,25.480,22.582,1.128322
ATV,18.830,26.011,0.723923
ATVI,45.140,45.565,0.990667
ATXI,6.180,5.481,1.127585
AU,19.210,13.971,1.374984
AUB,36.100,34.386,1.049831
AUBN,37.600,34.997,1.074368
AUDC,16.000,14.578,1.097526
AUG,1.710,1.409,1.213416
AUMN,0.230,0.286,0.803895
AUO,2.830,3.419,0.827689
AUPH,6.300,6.469,0.973863
AUTL,15.240,23.886,0.638025
AUTO,3.580,3.560,1.005596
AUY,2.850,2.414,1.180479
AVA,45.830,42.203,1.085940
AVAL,8.110,7.538,1.075935
AVAV,54.270,68.927,0.787355
AVB,206.830,199.587,1.036289
AVCO,2.170,3.601,0.602548
AVD,14.640,16.280,0.899242
AVDL,2.310,1.971,1.172180
AVDR,18.970,0.000,
AVEO,0.710,0.863,0.823025
AVGO,290.000,283.943,1.021330
AVGR,2.370,5.329,0.444761
AVH,4.330,4.132,1.048019
AVID,9.950,7.151,1.391400
AVLR,83.830,59.530,1.408208
AVNS,40.050,43.695,0.916583
AVNW,12.860,13.681,0.939975
AVP,3.970,3.104,1.279196
AVRO,21.990,16.761,1.311963
AVT,43.510,43.792,0.993550
AVTR,18.410,0.000,
AVX,15.850,16.925,0.936491
AVXL,2.540,2.855,0.889762
AVY,113.860,108.278,1.051552
AVYA,10.740,15.030,0.714571
AWI,97.710,82.660,1.182078
AWK,114.980,106.482,1.079807
AWR,76.020,71.161,1.068280
AWRE,3.180,3.475,0.914997
AWSM,1.890,2.542,0.743469
AWX,2.450,2.552,0.960209
AX,26.520,29.552,0.897409
AXAS,0.960,1.211,0.792788
AXDX,18.670,19.605,0.952314
AXE,56.920,58.759,0.968701
AXGN,19.410,19.970,0.971973
AXGT,7.090,8.563,0.827964
AXL,11.680,13.588,0.859557
AXLA,7.710,0.000,
AXNX,37.730,25.478,1.480880
AXP,124.820,113.742,1.097392
AXR,6.060,5.824,1.040459
AXS,59.910,57.416,1.043441
AXSM,24.850,16.469,1.508930
AXTA,30.150,26.657,1.131037
AXTI,3.950,4.435,0.890666
AXU,1.590,1.133,1.403099
AY,23.010,20.431,1.126209
AYI,131.200,131.880,0.994841
AYR,20.570,20.249,1.015848
AYTU,1.700,1.643,1.034659
AYX,117.250,86.301,1.358617
AZN,40.120,39.516,1.015290
AZO,1172.250,1002.536,1.169285
AZPN,134.050,110.488,1.213254
AZRE,10.700,11.004,0.972405
AZRX,1.050,2.102,0.499515
AZUL,39.520,30.395,1.300212
AZZ,45.240,44.801,1.009808
B,52.790,55.574,0.949901
BA,377.360,375.274,1.005559
BABA,172.990,172.048,1.005476
BABY,26.250,27.127,0.967683
BAC,29.400,28.799,1.020863
BAH,66.640,58.571,1.137771
BAM,48.070,46.207,1.040327
BANC,13.750,14.476,0.949856
BAND,76.770,65.598,1.170308
BANF,58.020,55.105,1.052890
BANFP,27.020,26.769,1.009388
BANR,54.050,55.165,0.979787
BAP,230.550,234.276,0.984097
BAS,1.880,3.440,0.546475
BASI,1.970,1.828,1.077897
BATRA,28.320,27.684,1.022963
BATRK,28.230,27.640,1.021343
BAX,83.100,76.476,1.086622
BB,7.080,8.473,0.835552
BBAR,11.170,10.625,1.051253
BBBY,9.900,14.674,0.674643
BBCP,4.440,6.781,0.654795
BBD,9.980,9.420,1.059467
BBDO,9.060,9.010,1.005524
BBGI,3.070,3.817,0.804388
BBL,50.790,46.971,1.081314
BBSI,85.390,75.377,1.132842
BBT,50.650,49.182,1.029850
BBU,38.750,37.149,1.043096
BBVA,5.350,5.833,0.917223
BBW,4.940,5.402,0.914466
BBX,4.480,5.487,0.816483
BBY,74.710,67.451,1.107620
BC,45.720,49.058,0.931958
BCBP,12.770,12.608,1.012885
BCC,26.110,26.608,0.981266
BCE,45.620,44.548,1.024069
BCEI,21.210,22.224,0.954395
BCH,29.530,29.873,0.988531
BCLI,3.990,3.898,1.023498
BCML,21.900,22.538,0.971692
BCO,87.720,78.485,1.117667
BCOM,1.650,2.780,0.593444
BCOR,28.960,31.087,0.931578
BCOV,11.380,9.155,1.243000
BCOW,9.334,9.536,0.978787
BCPC,97.720,93.197,1.048526
BCRH,6.410,6.866,0.933623
BCRX,3.390,6.809,0.497903
BCS,7.770,8.169,0.951183
BCTF,15.400,15.293,1.006994
BCYC,9.150,0.000,
BDC,53.900,56.522,0.953619
BDGE,28.510,30.074,0.947994
BDL,22.520,24.211,0.930144
BDN,14.350,15.225,0.942559
BDR,0.930,1.041,0.893706
BDSI,3.810,4.611,0.826327
BDX,250.840,242.603,1.033954
BE,11.000,12.293,0.894848
BEAT,45.270,59.102,0.765964
BECN,35.410,35.815,0.988680
BEDU,9.300,10.567,0.880065
BELFA,14.080,18.717,0.752253
BELFB,15.630,21.657,0.721719
BEN,35.510,33.196,1.069711
BEP,36.090,31.714,1.137973
BERY,53.650,52.452,1.022833
BEST,4.920,5.242,0.938548
BFAM,151.100,130.486,1.157980
BFC,58.010,61.282,0.946604
BFIN,13.520,14.708,0.919208
BFRA,16.700,14.447,1.155955
BFS,53.180,54.168,0.981764
BFST,25.160,24.630,1.021515
BG,55.570,53.432,1.040005
BGCP,5.720,5.546,1.031425
BGFV,1.890,2.902,0.651313
BGG,9.650,11.792,0.818352
BGI,1.000,1.006,0.993930
BGNE,124.360,129.999,0.956619
BGS,19.280,23.925,0.805856
BGSF,18.220,21.819,0.835052
BH,99.550,122.965,0.809583
BHB,24.430,25.217,0.968790
BHC,23.180,23.962,0.967359
BHE,24.820,25.788,0.962457
BHF,37.560,38.273,0.981371
BHGE,23.560,24.799,0.950038
BHLB,30.850,29.651,1.040445
BHP,58.300,53.418,1.091394
BHR,9.450,11.559,0.817539
BHTG,1.800,2.385,0.754852
BHVN,44.100,49.927,0.883295
BID,57.930,42.866,1.351434
BIDU,112.250,150.034,0.748163
BIG,26.180,32.442,0.806973
BIIB,231.270,265.523,0.870999
BILI,15.540,16.879,0.920670
BIMI,2.430,5.198,0.467459
BIO,315.180,290.504,1.084943
BIOC,1.030,1.198,0.859810
BIOL,1.580,1.949,0.810860
BIOS,2.850,2.605,1.093874
BIOX,6.280,6.154,1.020540
BIP,43.640,41.246,1.058049
BIQI,0.690,1.637,0.421458
BITA,11.130,14.465,0.769446
BJ,24.580,26.090,0.942129
BJRI,40.920,47.063,0.869477
BK,45.270,48.756,0.928501
BKD,7.610,7.056,1.078533
BKE,19.900,17.857,1.114417
BKEP,1.320,1.336,0.988227
BKEPP,5.240,5.331,0.982875
BKH,79.560,73.445,1.083254
BKI,61.920,54.988,1.126062
BKJ,13.800,13.403,1.029599
BKNG,1882.090,1805.995,1.042134
BKS,6.690,5.781,1.157241
BKSC,18.900,18.569,1.017833
BKTI,4.060,4.125,0.984361
BKU,32.360,34.427,0.939957
BKYI,1.210,1.200,1.008077
BL,48.260,48.892,0.987068
BLBD,19.050,18.595,1.024463
BLCM,1.600,2.856,0.560218
BLD,79.900,69.153,1.155417
BLDP,3.990,3.540,1.127070
BLDR,16.350,14.458,1.130843
BLFS,17.530,16.956,1.033864
BLIN,2.220,7.961,0.278876
BLK,473.240,442.743,1.068882
BLKB,82.540,77.780,1.061201
BLL,70.700,59.770,1.182862
BLMN,17.840,19.548,0.912607
BLNK,2.540,2.779,0.913882
BLPH,0.649,0.666,0.974955
BLRX,4.050,6.161,0.657345
BLUE,138.120,135.936,1.016068
BLW,15.160,14.734,1.028899
BLX,21.490,20.099,1.069191
BMA,65.820,53.856,1.222156
BMCH,21.040,19.472,1.080506
BMI,52.960,55.985,0.945961
BMLP,49.275,47.695,1.033124
BMO,75.550,75.763,0.997187
BMRA,2.980,2.485,1.199361
BMRC,42.480,42.260,1.005206
BMRN,81.570,88.410,0.922636
BMTC,36.200,37.699,0.960236
BMY,43.330,47.858,0.905384
BNED,4.100,4.514,0.908291
BNFT,26.380,40.159,0.656891
BNGO,2.650,3.700,0.716142
BNS,53.120,54.177,0.980495
BNSO,2.510,2.687,0.934279
BNTC,0.695,1.538,0.451789
BOCH,10.640,10.814,0.983899
BOH,81.670,80.159,1.018845
BOKF,77.470,82.252,0.941860
BOLD,37.900,34.478,1.099254
BOMN,22.940,24.693,0.928995
BOOM,60.450,55.520,1.088788
BOOT,33.020,28.891,1.142905
BOSC,2.640,2.776,0.950867
BOTJ,14.610,14.282,1.023000
BOX,16.750,19.693,0.850567
BOXL,2.880,3.046,0.945640
BP,39.230,42.281,0.927832
BPFH,11.590,11.394,1.017164
BPL,41.350,35.954,1.150077
BPMC,97.750,81.322,1.202008
BPMP,15.850,15.347,1.032779
BPMX,0.423,1.772,0.238707
BPOP,54.920,54.337,1.010725
BPOPN,27.520,26.620,1.033827
BPR,18.710,19.540,0.957530
BPRAP,25.190,24.747,1.017916
BPT,13.010,21.461,0.606223
BPTH,13.720,13.179,1.041026
BPY,18.750,19.545,0.959338
BPYPP,25.420,0.000,
BR,133.120,113.551,1.172341
BRAC,10.295,10.210,1.008278
BRC,50.500,47.415,1.065073
BREW,15.630,15.094,1.035492
BRFS,8.840,6.893,1.282536
BRG,11.410,11.034,1.034036
BRID,34.430,27.097,1.270619
BRKL,14.840,15.006,0.988921
BRKR,48.350,40.752,1.186448
BRKS,39.440,34.030,1.158983
BRN,1.000,1.293,0.773546
BRO,34.700,30.792,1.126903
BROG,10.190,10.045,1.014482
BRPA,10.415,10.356,1.005679
BRPM,9.790,0.000,
BRQS,2.500,3.882,0.644004
BRSS,43.990,38.190,1.151879
BRT,13.560,13.464,1.007110
BRX,17.740,17.718,1.001249
BRY,10.250,11.317,0.905752
BSAC,30.050,30.076,0.999142
BSBR,12.420,11.908,1.043028
BSET,12.850,16.844,0.762877
BSGM,8.100,6.539,1.238772
BSIG,11.130,12.743,0.873448
BSM,14.890,16.971,0.877399
BSMX,7.380,7.382,0.999752
BSQR,1.180,1.797,0.656809
BSRR,25.840,25.946,0.995916
BSTC,60.870,64.381,0.945470
BSVN,18.000,16.804,1.071171
BSX,42.250,38.978,1.083957
BT,12.020,14.172,0.848157
BTAI,10.540,9.548,1.103867
BTE,1.440,1.743,0.826317
BTG,3.310,2.879,1.149549
BTI,38.420,37.409,1.027021
BTN,2.450,2.274,1.077303
BTU,22.740,28.123,0.808598
BTX,1.100,1.195,0.920120
BUD,94.280,83.016,1.135681
BURG,0.760,1.504,0.505227
BURL,179.950,163.841,1.098319
BUSE,25.920,25.831,1.003431
BV,17.800,15.824,1.124903
BVN,17.130,16.132,1.061876
BVSN,1.360,1.425,0.954309
BVXV,6.350,5.869,1.081911
BW,0.330,0.446,0.739543
BWA,40.040,39.992,1.001199
BWAY,10.177,0.000,
BWB,11.500,11.001,1.045331
BWEN,2.110,1.795,1.175412
BWFG,27.580,29.223,0.943793
BWMC,9.830,0.000,
BWXT,52.990,49.512,1.070256
BX,45.630,38.017,1.200237
BXC,19.730,24.947,0.790886
BXG,10.790,13.275,0.812776
BXMT,35.600,35.018,1.016628
BXP,128.070,132.386,0.967397
BY,18.580,19.082,0.973717
BYD,25.480,27.480,0.927230
BYFC,1.900,1.386,1.370897
BYND,176.790,0.000,
BYSI,16.330,17.610,0.927293
BZH,10.540,11.327,0.930531
BZUN,51.260,41.060,1.248419
C,70.920,65.769,1.078326
CAAP,8.070,7.804,1.034079
CAAS,2.280,2.836,0.803832
CABO,1210.180,1033.204,1.171288
CAC,43.860,43.202,1.015231
CACC,481.830,459.291,1.049073
CACI,210.640,189.277,1.112867
CADC,3.500,3.112,1.124767
CADE,19.610,19.954,0.982777
CAE,26.910,23.395,1.150244
CAG,28.900,26.481,1.091333
CAH,44.990,48.090,0.935529
CAI,22.540,23.941,0.941496
CAJ,28.540,28.739,0.993089
CAKE,43.950,46.147,0.952383
CAL,18.010,24.855,0.724602
CALA,4.120,5.396,0.763508
CALM,39.380,42.146,0.934364
CALX,7.030,7.570,0.928666
CAMP,10.720,12.745,0.841087
CAMT,8.600,8.733,0.984747
CANF,3.230,10.098,0.319865
CANG,7.200,7.026,1.024816
CAPL,16.970,17.002,0.998119
CAPR,5.640,4.576,1.232406
CAR,35.800,32.604,1.098031
CARA,25.910,18.839,1.375355
CARB,24.840,24.968,0.994858
CARG,35.610,38.366,0.928154
CARO,34.190,35.376,0.966467
CARS,20.010,22.579,0.886215
CART,10.170,8.246,1.233378
CARV,3.300,3.382,0.975824
CASA,6.640,8.659,0.766804
CASH,26.670,24.251,1.099735
CASI,3.100,3.277,0.946113
CASS,48.110,48.649,0.988921
CASY,164.800,136.702,1.205539
CAT,136.230,133.077,1.023696
CATB,7.110,6.801,1.045401
CATC,79.770,80.936,0.985596
CATM,28.160,30.995,0.908542
CATO,13.970,14.074,0.992607
CATS,18.050,14.738,1.224743
CATY,36.340,36.134,1.005713
CB,148.280,140.558,1.054936
CBAN,16.680,16.680,1.000023
CBAT,0.980,0.998,0.981949
CBAY,6.220,10.627,0.585315
CBB,4.070,7.939,0.512644
CBD,24.280,23.760,1.021879
CBFV,24.150,24.235,0.996507
CBIO,8.270,8.403,0.984229
CBL,0.920,1.548,0.594309
CBLI,1.490,1.521,0.979329
CBLK,18.460,15.209,1.213754
CBM,44.990,41.843,1.075222
CBMB,13.730,13.230,1.037775
CBMG,14.380,16.820,0.854942
CBNK,12.190,11.763,1.036302
CBPO,93.000,89.375,1.040562
CBPX,24.910,25.673,0.970269
CBRE,52.110,49.204,1.059059
CBRL,170.190,165.222,1.030069
CBS,50.700,49.541,1.023389
CBSH,58.340,59.825,0.975186
CBSHP,26.080,26.175,0.996363
CBT,45.070,45.135,0.998552
CBTX,29.150,30.706,0.949320
CBU,64.420,63.254,1.018437
CBZ,21.580,20.156,1.070635
CC,18.810,31.583,0.595583
CCB,15.110,15.991,0.944920
CCBG,24.650,23.809,1.035329
CCC,15.540,12.998,1.195525
CCCL,0.830,1.382,0.600685
CCEP,56.610,52.054,1.087522
CCF,100.470,97.903,1.026219
CCH,10.120,9.946,1.017453
CCI,125.480,124.907,1.004590
CCIH,0.880,1.093,0.805478
CCJ,10.230,11.274,0.907394
CCK,59.500,56.255,1.057677
CCL,45.090,53.199,0.847572
CCLP,3.530,3.093,1.141408
CCM,2.710,2.740,0.988941
CCMP,111.860,109.523,1.021335
CCNE,26.550,26.644,0.996462
CCNI,5.720,4.878,1.172626
CCO,4.240,5.148,0.823679
CCOI,62.580,54.626,1.145604
CCR,15.600,17.202,0.906877
CCRC,11.070,11.082,0.998900
CCRN,8.910,8.235,1.081932
CCS,26.330,25.128,1.047815
CCU,28.640,27.880,1.027277
CCXI,8.160,11.180,0.729890
CDAY,48.260,48.427,0.996548
CDE,4.630,4.154,1.114576
CDEV,6.240,9.659,0.646024
CDK,51.400,53.933,0.953040
CDLX,27.700,19.621,1.411742
CDMO,6.110,4.294,1.422875
CDMOP,27.500,26.029,1.056534
CDNA,31.720,31.414,1.009744
CDNS,72.920,62.463,1.167419
CDOR,8.270,8.992,0.919685
CDR,2.390,3.144,0.760093
CDTX,1.640,2.295,0.714609
CDW,112.510,99.884,1.126405
CDXC,4.410,4.021,1.096619
CDXS,18.530,19.460,0.952206
CDZI,10.610,10.233,1.036821
CE,107.060,102.075,1.048833
CEA,29.000,31.592,0.917941
CECE,8.870,8.109,1.093825
CECO,19.860,17.045,1.165180
CEI,2.120,8.590,0.246799
CEIX,23.620,31.646,0.746383
CEL,3.240,4.118,0.786801
CELC,22.600,22.023,1.026208
CELG,90.200,91.844,0.982100
CELH,4.760,4.035,1.179711
CELP,7.300,7.308,0.998935
CEMI,6.000,6.565,0.913985
CENT,28.010,29.789,0.940277
CENTA,25.380,26.990,0.940362
CENX,7.390,7.904,0.934991
CEO,167.940,172.288,0.974761
CEPU,9.180,9.219,0.995728
CEQP,36.860,34.592,1.065562
CERC,4.600,5.300,0.867981
CERN,72.830,63.558,1.145874
CERS,5.520,5.772,0.956381
CETV,4.240,3.773,1.123781
CETX,2.020,3.827,0.527806
CETXP,1.000,1.578,0.633530
CEVA,25.410,25.900,0.981064
CF,47.160,43.226,1.091011
CFBI,9.940,10.240,0.970665
CFBK,12.170,12.537,0.970731
CFFA,10.000,0.000,
CFFI,50.320,50.620,0.994076
CFFN,13.770,13.435,1.024973
CFG,36.830,34.994,1.052453
CFMS,3.080,2.479,1.242280
CFR,92.150,98.213,0.938265
CFRX,0.477,0.478,0.997972
CFX,27.330,27.060,1.009975
CG,23.030,20.000,1.151491
CGA,4.630,1.049,4.414981
CGC,35.490,43.965,0.807238
CGEN,3.360,3.542,0.948723
CGIX,0.170,0.229,0.741592
CGNX,42.310,47.959,0.882210
CHA,47.670,52.365,0.910345
CHAC,10.650,0.000,
CHAP,4.180,5.647,0.740153
CHCI,2.550,2.438,1.046064
CHCO,73.730,75.997,0.970169
CHCT,40.230,36.128,1.113540
CHD,75.520,70.896,1.065226
CHDN,115.830,97.993,1.182019
CHE,370.840,328.761,1.127994
CHEF,34.230,33.043,1.035921
CHEK,2.180,2.446,0.891343
CHFC,41.050,42.425,0.967592
CHFS,2.750,5.086,0.540656
CHGG,43.330,38.033,1.139270
CHH,86.950,81.859,1.062198
CHK,1.620,2.570,0.630463
CHKE,0.519,0.725,0.715413
CHKP,116.080,117.915,0.984440
CHKR,1.000,1.335,0.749214
CHL,44.920,48.883,0.918926
CHMA,6.300,5.765,1.092744
CHMG,48.750,46.596,1.046221
CHMI,15.810,17.423,0.907446
CHNR,1.530,1.709,0.895136
CHRA,5.290,6.248,0.846627
CHRS,17.680,16.174,1.093117
CHRW,83.650,85.845,0.974428
CHS,3.260,4.364,0.747092
CHSCL,27.800,27.423,1.013748
CHSCM,26.760,26.065,1.026668
CHSCN,27.330,26.594,1.027676
CHSCO,27.740,27.570,1.006166
CHSCP,28.090,28.587,0.982624
CHSP,27.840,28.749,0.968366
CHT,36.290,35.473,1.023021
CHTR,409.790,361.298,1.134217
CHU,10.500,11.610,0.904399
CHUY,23.130,21.893,1.056507
CHWY,30.690,0.000,
CI,173.690,168.433,1.031211
CIA,7.300,6.992,1.044064
CIB,52.510,49.007,1.071489
CIC,9.510,10.182,0.934026
CIDM,1.220,1.527,0.798701
CIEN,43.040,39.332,1.094279
CIFS,1.990,2.204,0.902879
CIG,3.840,3.678,1.044041
CIGI,75.380,66.319,1.136627
CIM,19.120,18.885,1.012454
CINF,106.740,91.977,1.160508
CINR,17.150,22.109,0.775704
CIO,12.000,11.681,1.027344
CIR,38.740,35.481,1.091866
CISN,10.460,12.221,0.855920
CIT,50.440,49.559,1.017778
CIVB,21.520,21.204,1.014893
CIVBP,69.000,68.647,1.005140
CIX,16.080,15.127,1.062988
CIZN,20.750,21.271,0.975496
CJ,10.460,14.523,0.720234
CJJD,1.090,1.766,0.617177
CKH,48.100,43.914,1.095316
CKPT,2.870,3.567,0.804496
CKX,9.650,10.175,0.948449
CL,72.700,68.857,1.055816
CLAR,14.510,12.701,1.142437
CLB,54.350,61.653,0.881543
CLBK,15.520,15.452,1.004377
CLBS,2.890,3.506,0.824204
CLCT,22.050,18.034,1.222687
CLDB,22.810,22.502,1.013695
CLDC,0.890,1.122,0.793383
CLDR,5.660,10.388,0.544883
CLDT,18.320,19.551,0.937033
CLDX,2.360,4.158,0.567620
CLF,11.300,10.098,1.118989
CLFD,13.250,13.802,0.960012
CLGN,4.400,5.233,0.840795
CLGX,45.250,39.632,1.141759
CLH,70.990,66.949,1.060357
CLI,23.160,22.211,1.042723
CLIR,1.250,1.032,1.211348
CLLS,15.230,17.570,0.866815
CLMT,4.690,3.786,1.238864
CLNC,15.740,15.978,0.985075
CLNE,2.740,2.611,1.049409
CLNY,5.020,5.356,0.937261
CLPR,10.490,12.765,0.821781
CLPS,5.426,8.133,0.667132
CLR,36.260,43.205,0.839263
CLRB,2.100,2.172,0.966824
CLRO,2.010,2.063,0.974428
CLS,6.670,7.907,0.843513
CLSD,1.150,1.245,0.923853
CLSN,1.800,2.081,0.864972
CLUB,1.900,4.164,0.456279
CLVS,10.950,20.655,0.530151
CLW,18.210,22.905,0.795040
CLWT,4.140,3.899,1.061788
CLX,161.860,154.372,1.048504
CLXT,10.250,14.352,0.714191
CM,78.620,81.676,0.962580
CMA,70.670,76.880,0.919221
CMC,18.240,16.588,1.099614
CMCL,6.110,5.824,1.049096
CMCM,3.350,5.740,0.583647
CMCO,40.740,37.243,1.093909
CMCSA,44.060,40.598,1.085281
CMCT,20.030,19.008,1.053774
CMCTP,25.870,26.450,0.978080
CMD,79.160,73.577,1.075873
CME,204.850,182.962,1.119630
CMG,746.520,663.355,1.125370
CMI,172.800,159.494,1.083424
CMLS,17.160,16.842,1.018857
CMO,9.030,8.243,1.095437
CMP,55.620,53.631,1.037090
CMPR,89.770,89.689,1.000899
CMRE,5.440,5.306,1.025160
CMRX,3.690,2.795,1.320016
CMS,58.260,55.192,1.055589
CMT,7.000,7.672,0.912456
CMTL,27.110,24.823,1.092123
CNA,47.600,45.268,1.051504
CNAC,10.390,10.238,1.014887
CNACU,10.250,0.000,
CNAT,0.320,1.285,0.248975
CNBKA,83.310,82.883,1.005156
CNC,52.660,56.767,0.927651
CNCE,10.750,12.513,0.859092
CNDT,9.100,11.801,0.771137
CNET,1.280,1.578,0.811067
CNF,5.610,5.802,0.966974
CNFR,3.400,4.288,0.792889
CNHI,10.280,10.208,1.007014
CNI,91.650,89.174,1.027767
CNK,36.970,39.119,0.945059
CNMD,84.290,79.269,1.063346
CNNE,28.190,24.602,1.145857
CNO,16.420,16.790,0.977963
CNOB,22.620,21.293,1.062303
CNP,28.640,29.984,0.955177
CNQ,26.080,27.616,0.944371
CNR,5.750,6.309,0.911439
CNS,51.530,45.401,1.134986
CNSL,4.950,7.899,0.626625
CNST,9.690,10.278,0.942817
CNTF,0.510,0.927,0.550284
CNTY,9.320,8.847,1.053453
CNX,7.140,9.595,0.744164
CNXM,14.290,15.190,0.940765
CNXN,33.090,35.605,0.929351
CO,5.630,6.539,0.860997
COCP,2.170,2.638,0.822588
CODA,13.510,10.742,1.257650
CODI,18.900,16.685,1.132720
CODX,1.120,1.038,1.079062
COE,6.200,6.443,0.962249
COF,90.650,86.335,1.049978
COG,22.320,25.143,0.887723
COHN,5.040,6.492,0.776324
COHR,136.040,132.524,1.026529
COHU,14.030,16.101,0.871375
COKE,291.270,279.854,1.040793
COLB,35.620,35.782,0.995462
COLD,33.180,30.890,1.074124
COLL,10.350,14.279,0.724840
COLM,103.960,99.018,1.049915
COMM,14.640,20.253,0.722858
CONE,58.210,56.141,1.036855
CONN,18.950,21.485,0.882000
COO,331.520,296.693,1.117385
COOP,7.590,10.450,0.726337
COP,60.330,64.282,0.938521
COR,114.070,108.580,1.050560
CORE,37.940,35.528,1.067894
CORR,39.860,37.958,1.050120
CORT,11.000,11.557,0.951765
CORV,1.940,2.834,0.684497
COST,281.510,239.970,1.173107
COT,12.280,14.362,0.855058
COTY,11.070,11.139,0.993784
COUP,143.910,102.876,1.398870
COWN,16.060,15.867,1.012167
CP,237.820,216.468,1.098637
CPA,101.650,89.835,1.131521
CPAC,8.750,9.376,0.933254
CPAH,1.510,1.613,0.936201
CPB,41.270,37.931,1.088031
CPE,4.870,7.308,0.666371
CPF,29.880,28.929,1.032879
CPG,3.120,3.326,0.938055
CPHC,12.750,14.076,0.905800
CPHI,0.280,0.310,0.903671
CPIX,5.670,5.921,0.957610
CPK,91.070,91.623,0.993963
CPL,16.420,15.629,1.050631
CPLG,12.060,12.745,0.946222
CPLP,11.150,12.713,0.877088
CPRI,36.330,41.579,0.873762
CPRT,77.510,63.826,1.214393
CPRX,4.050,3.754,1.078770
CPS,46.520,54.121,0.859559
CPSH,1.000,1.351,0.740071
CPSI,26.990,28.428,0.949403
CPSS,3.620,3.736,0.969042
CPST,0.740,0.853,0.867783
CPT,106.100,101.037,1.050108
CQP,43.190,42.280,1.021520
CR,85.410,83.244,1.026018
CRAI,38.220,43.634,0.875932
CRAY,34.550,28.250,1.223009
CRBP,6.050,7.174,0.843372
CRC,14.620,21.201,0.689605
CRCM,10.720,17.804,0.602108
CREE,58.140,57.295,1.014741
CREG,0.380,0.743,0.511666
CRESY,10.760,11.404,0.943493
CREX,2.270,2.350,0.965832
CRH,33.020,31.686,1.042110
CRHM,2.740,2.947,0.929752
CRI,90.740,93.916,0.966178
CRIS,2.300,1.577,1.458727
CRK,6.010,6.161,0.975468
CRL,135.640,135.148,1.003642
CRM,156.750,156.724,1.000168
CRMD,9.060,8.494,1.066582
CRMT,85.800,85.800,0.999997
CRNT,2.750,3.503,0.785012
CRNX,23.760,24.506,0.969539
CRON,14.970,17.470,0.856905
CROX,23.130,24.598,0.940320
CRR,1.030,2.908,0.354221
CRS,46.860,46.218,1.013890
CRSA,9.780,0.000,
CRSP,49.040,38.768,1.264960
CRT,11.570,12.048,0.960288
CRTO,17.560,21.943,0.800264
CRTX,41.900,0.000,
CRUS,45.390,41.779,1.086435
CRVL,90.870,71.542,1.270163
CRVS,6.050,4.217,1.434817
CRWD,83.520,0.000,
CRWS,4.600,5.121,0.898304
CRY,30.070,29.325,1.025420
CRZO,9.450,11.499,0.821826
CS,12.240,12.107,1.010945
CSBR,7.680,9.229,0.832152
CSCO,57.360,52.972,1.082832
CSFL,23.320,24.085,0.968217
CSGP,582.950,481.333,1.211115
CSGS,48.600,43.477,1.117842
CSII,44.320,37.637,1.177578
CSIQ,20.940,20.504,1.021281
CSL,129.840,127.507,1.018300
CSLT,2.850,3.340,0.853215
CSOD,59.980,55.474,1.081220
CSPI,14.150,12.234,1.156659
CSS,5.300,6.532,0.811354
CSSE,8.670,8.359,1.037208
CSSEP,24.996,25.044,0.998064
CSTE,14.870,15.344,0.969086
CSTM,10.220,9.116,1.121093
CSTR,14.930,15.503,0.963041
CSU,4.730,4.992,0.947591
CSV,18.090,19.268,0.938865
CSWC,21.130,21.540,0.980966
CSWI,68.550,60.026,1.142012
CSX,70.310,74.339,0.945798
CTAC,10.070,9.892,1.017949
CTAS,257.850,213.453,1.207996
CTB,30.550,31.141,0.981036
CTBI,40.730,41.507,0.981271
CTEK,4.780,4.755,1.005185
CTG,4.040,4.253,0.949855
CTHR,1.560,1.312,1.189038
CTIB,2.950,3.053,0.966294
CTIC,0.760,0.956,0.795081
CTK,7.900,10.201,0.774463
CTL,11.370,12.289,0.925252
CTLT,54.300,44.335,1.224765
CTMX,11.620,12.309,0.944059
CTO,63.110,60.236,1.047720
CTRA,39.140,56.726,0.689986
CTRC,2.600,3.789,0.686278
CTRE,23.160,23.422,0.988818
CTRL,23.840,20.028,1.190360
CTRM,4.110,0.000,
CTRN,15.530,18.287,0.849236
CTRP,38.160,37.812,1.009204
CTRV,3.560,13.104,0.271677
CTS,28.390,29.065,0.976772
CTSH,65.140,67.691,0.962311
CTSO,7.490,7.246,1.033729
CTST,2.770,6.698,0.413545
CTT,9.900,9.729,1.017576
CTVA,27.390,0.000,
CTWS,69.570,68.527,1.015214
CTXR,1.060,1.144,0.926184
CTXS,101.210,100.637,1.005697
CUB,66.500,59.869,1.110763
CUBE,33.300,32.109,1.037095
CUBI,19.740,20.440,0.965764
CUE,7.550,7.447,1.013797
CUI,0.782,1.200,0.651613
CUK,43.910,52.253,0.840330
CULP,18.290,18.827,0.971488
CUO,15.760,17.714,0.889678
CUR,5.900,8.716,0.676914
CURO,10.370,10.791,0.960966
CUTR,24.120,17.543,1.374933
CUZ,36.500,37.349,0.977260
CVA,17.540,17.232,1.017870
CVBF,20.370,21.556,0.944996
CVCO,158.440,138.599,1.143156
CVCY,20.420,19.924,1.024916
CVE,9.510,8.771,1.084294
CVEO,1.530,1.996,0.766375
CVET,24.720,0.000,
CVGI,7.660,7.740,0.989693
CVGW,90.930,88.759,1.024459
CVI,53.960,43.743,1.233565
CVIA,1.800,4.215,0.427066
CVLT,49.740,57.899,0.859080
CVLY,22.770,22.023,1.033913
CVM,6.570,4.891,1.343181
CVNA,57.910,55.570,1.042110
CVR,26.750,28.453,0.940138
CVRS,2.670,2.106,1.267788
CVS,55.940,57.071,0.980181
CVTI,14.760,19.187,0.769279
CVU,7.610,7.094,1.072788
CVV,3.610,3.905,0.924537
CVX,125.040,120.585,1.036947
CW,127.130,116.401,1.092171
CWBC,9.900,10.039,0.986108
CWBR,1.550,2.624,0.590760
CWCO,14.340,13.269,1.080689
CWEN,17.860,15.535,1.149631
CWH,10.860,13.234,0.820630
CWK,18.880,17.967,1.050787
CWST,42.150,36.137,1.166379
CWT,52.600,50.662,1.038244
CX,3.760,4.641,0.810252
CXDC,2.200,2.395,0.918566
CXO,101.620,109.132,0.931165
CXP,20.750,21.951,0.945291
CXW,16.630,20.563,0.808747
CY,22.280,17.185,1.296459
CYAD,14.400,19.444,0.740598
CYAN,2.630,3.227,0.815089
CYBE,11.920,17.687,0.673943
CYBR,139.460,115.665,1.205727
CYCC,0.530,0.725,0.731381
CYCCP,5.060,5.179,0.977108
CYCN,11.980,0.000,
CYD,14.690,15.814,0.928930
CYH,2.190,3.516,0.622889
CYOU,8.870,16.196,0.547668
CYRN,1.690,2.107,0.802138
CYRX,19.250,14.276,1.348392
CYTK,11.140,8.868,1.256157
CYTX,0.240,0.272,0.881413
CZFC,25.680,24.483,1.048889
CZNC,25.180,26.434,0.952573
CZR,11.800,9.482,1.244475
CZWI,10.670,11.528,0.925559
CZZ,14.390,12.047,1.194509
D,76.850,75.123,1.022984
DAC,8.510,11.647,0.730668
DAIO,4.300,5.215,0.824623
DAKT,6.220,7.235,0.859696
DAL,60.910,53.928,1.129461
DAN,18.590,18.014,1.031999
DAR,19.760,20.759,0.951862
DARE,0.799,0.972,0.822159
DATA,172.590,133.831,1.289609
DAVA,38.990,31.027,1.256628
DAVE,4.800,4.913,0.976944
DB,7.720,8.157,0.946477
DBD,9.670,9.117,1.060707
DBI,18.810,22.637,0.830923
DBVT,9.950,8.505,1.169863
DBX,24.430,23.503,1.039460
DCAR,1.120,2.190,0.511505
DCI,48.340,49.846,0.969792
DCIX,1.000,0.997,1.002832
DCO,42.880,43.516,0.985374
DCOM,18.840,19.177,0.982422
DCP,29.960,31.594,0.948291
DCPH,20.650,24.529,0.841847
DD,71.570,75.477,0.948233
DDD,8.740,10.471,0.834650
DDMX,10.040,9.896,1.014553
DDMXU,10.160,10.106,1.005333
DDS,79.350,66.344,1.196043
DE,165.610,158.629,1.044010
DEA,18.460,18.047,1.022862
DEACU,10.060,0.000,
DECK,174.240,150.645,1.156625
DEI,39.750,39.936,0.995332
DELL,56.800,57.093,0.994860
DENN,21.580,18.886,1.142630
DEO,170.610,162.827,1.047801
DERM,8.380,9.610,0.871981
DESP,13.750,14.704,0.935131
DEST,0.990,2.103,0.470830
DF,1.170,2.517,0.464821
DFBH,10.250,10.029,1.022067
DFFN,2.520,3.356,0.750836
DFIN,13.360,14.456,0.924157
DFRG,7.970,7.276,1.095435
DFS,81.740,74.467,1.097674
DG,141.280,123.987,1.139476
DGICA,14.510,13.865,1.046557
DGICB,14.500,12.868,1.126785
DGII,13.010,12.436,1.046122
DGLD,34.450,43.827,0.786043
DGLY,1.230,3.231,0.380706
DGSE,1.170,0.618,1.892923
DGX,99.280,93.034,1.067134
DHI,45.000,42.303,1.063763
DHIL,139.800,144.284,0.968924
DHR,141.610,127.852,1.107605
DHT,5.840,5.021,1.163046
DHX,3.500,3.054,1.146078
DIN,95.500,89.921,1.062042
DIOD,37.450,35.931,1.042280
DIS,139.850,125.179,1.117200
DISCA,31.460,28.888,1.089030
DISCB,36.500,33.455,1.091012
DISCK,29.000,27.014,1.073510
DISH,40.890,34.173,1.196549
DIT,93.200,92.641,1.006033
DJCO,230.430,221.490,1.040365
DK,39.410,35.944,1.096443
DKL,31.890,31.355,1.017069
DKS,37.130,36.351,1.021441
DL,5.030,6.427,0.782577
DLA,19.630,22.739,0.863263
DLB,65.200,64.000,1.018745
DLHC,5.370,5.680,0.945397
DLNG,1.440,2.289,0.629064
DLPH,17.740,19.536,0.908044
DLPN,1.120,1.397,0.801573
DLR,117.730,116.474,1.010783
DLTH,13.030,18.966,0.687032
DLTR,108.200,103.059,1.049889
DLX,41.540,43.403,0.957077
DMAC,3.650,3.625,1.006996
DMLP,19.500,18.337,1.063449
DMPI,1.280,3.084,0.415015
DMRC,44.030,37.436,1.176140
DNBF,44.720,39.839,1.122507
DNJR,2.690,7.063,0.380856
DNKN,80.100,74.238,1.078956
DNLI,20.820,21.656,0.961412
DNN,0.470,0.521,0.901332
DNOW,12.040,14.121,0.852617
DNR,1.110,1.815,0.611506
DO,7.940,9.876,0.803961
DOC,16.920,18.050,0.937400
DOCU,52.420,52.821,0.992414
DOGZ,2.890,3.339,0.865477
DOMO,27.170,32.994,0.823490
DOOO,34.290,30.696,1.117077
DOOR,52.330,52.679,0.993372
DORM,82.090,86.355,0.950609
DOV,98.120,93.104,1.053872
DOVA,16.020,9.648,1.660439
DOW,51.520,0.000,
DOX,63.530,57.548,1.103952
DPHC,9.770,0.000,
DPLO,5.300,7.273,0.728763
DPW,0.190,0.803,0.236485
DPZ,257.930,268.405,0.960973
DQ,44.150,36.661,1.204277
DRAD,5.310,7.189,0.738588
DRD,3.130,2.190,1.429473
DRE,32.960,30.603,1.077019
DRH,9.900,10.481,0.944526
DRI,124.410,115.937,1.073087
DRIO,0.400,0.662,0.604362
DRNA,15.100,12.854,1.174769
DRQ,47.230,42.306,1.116381
DRRX,0.730,0.655,1.114699
DRYS,4.090,4.473,0.914317
DS,4.750,4.723,1.005640
DSGX,36.870,36.270,1.016551
DSKE,3.550,4.543,0.781505
DSLV,23.980,29.569,0.810993
DSPG,15.050,13.878,1.084443
DSS,0.417,0.997,0.418338
DSSI,12.050,0.000,
DSWL,2.800,2.956,0.947241
DSX,3.720,3.100,1.200030
DTE,128.790,123.991,1.038704
DTEA,1.481,1.369,1.081588
DTIL,13.910,0.000,
DTSS,1.220,2.402,0.507904
DUK,88.450,88.553,0.998834
DVA,56.050,53.849,1.040875
DVAX,3.660,7.226,0.506475
DVCR,3.700,3.571,1.036016
DVD,1.950,2.027,0.961930
DVN,26.340,28.922,0.910728
DWSN,2.430,2.929,0.829503
DX,17.100,17.796,0.960872
DXC,55.930,60.519,0.924168
DXCM,152.580,135.092,1.129449
DXF,1.960,2.778,0.705656
DXLG,1.810,2.175,0.832286
DXPE,31.370,36.748,0.853653
DXR,8.110,11.659,0.695595
DXYN,0.590,0.843,0.700027
DY,53.120,53.086,1.000640
DYAI,5.090,3.749,1.357665
DYNT,1.530,1.966,0.778399
DYSL,1.080,1.040,1.038157
DZSI,11.240,12.192,0.921934
E,32.020,33.457,0.957049
EA,87.500,95.367,0.917510
EAF,10.640,12.357,0.861049
EARN,11.210,11.405,0.982906
EARS,2.650,5.620,0.471546
EAST,4.400,5.481,0.802758
EAT,39.620,42.415,0.934094
EB,17.090,22.221,0.769079
EBAY,40.210,36.918,1.089179
EBF,19.850,20.202,0.982595
EBIX,43.780,51.249,0.854253
EBMT,15.870,17.028,0.931981
EBR,10.480,9.045,1.158676
EBS,44.150,52.005,0.848960
EBSB,18.460,16.734,1.103145
EBTC,28.210,30.322,0.930341
EC,18.940,19.180,0.987491
ECA,4.550,6.372,0.714063
ECHO,19.130,22.586,0.846981
ECL,197.280,178.343,1.106180
ECOL,62.240,59.778,1.041179
ECOM,9.160,10.925,0.838418
ECOR,1.250,5.101,0.245038
ECPG,33.740,31.788,1.061417
ECT,1.710,1.810,0.944991
ED,87.240,84.041,1.038062
EDAP,2.600,3.285,0.791430
EDIT,23.850,23.320,1.022747
EDN,19.180,21.739,0.882300
EDNT,2.220,4.085,0.543424
EDRY,7.724,7.734,0.998703
EDSA,4.570,6.621,0.690181
EDTX,10.080,9.987,1.009333
EDTXU,10.280,10.172,1.010589
EDU,97.000,85.152,1.139142
EDUC,6.730,7.918,0.849919
EE,66.320,59.051,1.123099
EEFT,165.110,144.021,1.146433
EEI,10.950,11.130,0.983868
EEX,11.180,12.613,0.886362
EFBI,15.850,15.734,1.007363
EFC,17.580,17.594,0.999223
EFII,36.980,32.006,1.155402
EFOI,0.430,0.745,0.577388
EFSC,39.900,42.390,0.941256
EFX,137.300,119.631,1.147695
EGAN,7.860,9.255,0.849225
EGBN,39.630,54.537,0.726665
EGHT,24.670,21.934,1.124739
EGI,0.260,0.358,0.725453
EGLE,5.190,4.912,1.056616
EGO,7.680,4.392,1.748458
EGOV,17.010,16.434,1.035080
EGP,116.570,110.509,1.054843
EGRX,53.850,49.542,1.086947
EGY,1.730,2.005,0.862794
EHC,65.510,62.448,1.049038
EHTH,86.840,65.436,1.327095
EIDX,34.850,23.766,1.466350
EIG,43.710,42.211,1.035503
EIGI,4.230,6.139,0.688994
EIGR,10.770,12.329,0.873528
EIX,70.170,61.953,1.132633
EKSO,1.215,1.877,0.647441
EL,190.830,163.573,1.166633
ELAN,32.500,31.829,1.021074
ELF,16.670,11.155,1.494382
ELGX,6.680,6.746,0.990201
ELLO,12.900,9.184,1.404645
ELMD,5.310,5.457,0.973140
ELOX,8.240,11.024,0.747457
ELP,13.160,10.585,1.243264
ELS,122.790,115.053,1.067251
ELSE,3.300,3.468,0.951658
ELTK,4.070,2.712,1.500831
ELVT,4.240,4.434,0.956155
ELY,18.170,16.667,1.090162
EMAN,0.440,0.673,0.653811
EMCF,31.970,31.358,1.019526
EMCI,36.010,33.520,1.074272
EME,83.400,76.640,1.088205
EMKR,2.830,3.857,0.733814
EML,27.000,27.074,0.997251
EMMS,5.680,4.018,1.413553
EMN,78.680,77.806,1.011228
EMR,65.290,66.590,0.980475
EMX,1.300,1.195,1.088179
ENB,35.830,36.397,0.984417
ENBL,14.070,14.181,0.992157
ENDP,3.270,7.381,0.443039
ENFC,29.870,26.327,1.134579
ENG,0.950,0.781,1.215688
ENIA,8.440,8.930,0.945096
ENIC,4.550,4.973,0.914931
ENLC,10.190,11.161,0.913026
ENLV,27.987,12.608,2.219769
ENOB,4.870,6.442,0.756010
ENPH,20.810,11.990,1.735569
ENR,39.470,44.742,0.882178
ENS,66.120,69.475,0.951704
ENSG,58.780,51.468,1.142079
ENSV,0.450,0.466,0.964717
ENT,0.750,1.355,0.553521
ENTA,82.000,90.180,0.909291
ENTG,38.050,36.147,1.052639
ENTX,3.650,3.943,0.925575
ENV,71.910,64.731,1.110903
ENVA,21.290,23.715,0.897751
ENZ,3.660,3.457,1.058785
EOG,87.040,93.513,0.930779
EOLS,19.000,20.532,0.925392
EPAM,192.870,166.240,1.160192
EPAY,42.000,46.837,0.896726
EPC,28.580,37.565,0.760825
EPD,30.200,28.636,1.054607
EPIX,2.790,2.995,0.931543
EPM,6.200,6.939,0.893450
EPR,73.230,75.959,0.964071
EPRT,20.640,18.810,1.097266
EPSN,3.840,4.169,0.920998
EPZM,12.730,12.372,1.028919
EQ,5.510,6.953,0.792501
EQBK,24.630,28.981,0.849872
EQC,32.750,32.493,1.007910
EQH,22.420,20.663,1.085052
EQIX,506.610,456.461,1.109865
EQM,40.940,44.204,0.926156
EQNR,19.010,21.546,0.882313
EQR,77.150,75.172,1.026315
EQT,15.450,18.922,0.816530
ERA,8.460,9.602,0.881096
ERF,6.620,8.259,0.801534
ERI,44.520,47.687,0.933584
ERIC,8.850,9.398,0.941734
ERIE,263.700,195.240,1.350643
ERII,11.560,9.209,1.255345
ERJ,20.580,19.934,1.032420
EROS,1.580,7.418,0.212988
ERYP,6.823,7.691,0.887088
ES,76.770,72.067,1.065263
ESBK,15.430,17.085,0.903146
ESCA,11.520,11.627,0.990828
ESE,82.420,71.797,1.147957
ESEA,0.630,0.680,0.925847
ESGR,172.140,173.923,0.989746
ESGRO,26.290,25.435,1.033598
ESGRP,26.710,25.645,1.041538
ESI,9.950,10.702,0.929694
ESLT,152.340,138.091,1.103187
ESNT,46.980,45.080,1.042154
ESP,24.270,24.819,0.977886
ESPR,43.100,46.100,0.934916
ESQ,23.900,23.228,1.028932
ESRT,14.600,15.428,0.946354
ESS,294.900,285.068,1.034489
ESSA,15.240,15.506,0.982843
ESTA,23.080,24.782,0.931316
ESTC,98.810,83.642,1.181342
ESTE,4.780,6.487,0.736882
ESTR,0.900,1.383,0.650544
ESV,7.670,13.682,0.560588
ESXB,7.830,7.662,1.021939
ET,15.100,14.845,1.017206
ETFC,47.350,47.586,0.995045
ETH,20.630,20.224,1.020096
ETM,5.730,6.328,0.905454
ETN,79.860,79.393,1.005878
ETON,6.580,7.459,0.882164
ETR,105.600,95.603,1.104564
ETRN,17.530,20.213,0.867248
ETSY,65.850,63.395,1.038734
ETTX,6.300,6.296,1.000594
EURN,8.890,8.584,1.035651
EV,44.340,40.860,1.085159
EVA,30.410,30.879,0.984802
EVBG,98.090,75.641,1.296789
EVBN,35.410,35.551,0.996041
EVC,3.390,3.355,1.010559
EVER,14.470,9.168,1.578294
EVFM,4.920,4.477,1.098886
EVGN,1.510,1.927,0.783437
EVH,6.650,12.782,0.520251
EVI,36.690,36.860,0.995388
EVK,3.210,3.572,0.898679
EVLO,7.860,8.604,0.913524
EVLV,0.430,0.459,0.937028
EVOK,1.090,1.391,0.783575
EVOL,0.820,1.115,0.735502
EVOP,30.420,27.908,1.090001
EVR,87.190,89.065,0.978948
EVRG,60.790,58.173,1.044994
EVRI,11.630,9.753,1.192410
EVSI,5.740,7.476,0.767746
EVTC,32.360,29.290,1.104805
EW,194.330,179.193,1.084475
EWBC,46.930,49.305,0.951839
EXAS,114.880,96.782,1.186992
EXC,47.570,48.846,0.973867
EXEL,21.270,21.798,0.975760
EXFO,3.770,3.840,0.981654
EXK,2.360,2.183,1.081319
EXLS,63.660,60.950,1.044456
EXP,86.010,81.843,1.050919
EXPD,74.980,74.253,1.009787
EXPE,135.100,124.093,1.088699
EXPI,11.150,10.643,1.047669
EXPO,66.510,56.233,1.182768
EXPR,2.450,3.974,0.616453
EXR,108.690,102.261,1.062867
EXTN,12.160,15.719,0.773586
EXTR,7.000,6.959,1.005846
EYE,31.700,30.209,1.049345
EYEG,0.227,0.340,0.667782
EYEN,3.190,4.881,0.653620
EYES,0.900,0.823,1.093590
EYPT,1.470,1.967,0.747322
EZPW,9.690,9.673,1.001728
F,10.200,9.394,1.085812
FAF,55.150,52.661,1.047269
FAMI,1.450,2.818,0.514574
FANG,104.610,103.855,1.007269
FANH,33.560,27.574,1.217080
FARM,16.610,20.745,0.800662
FARO,48.020,47.821,1.004157
FAST,30.370,31.811,0.954708
FAT,3.900,4.986,0.782115
FATE,21.370,17.460,1.223924
FB,198.360,175.812,1.128248
FBC,33.160,32.638,1.015986
FBHS,53.650,49.759,1.078197
FBIO,1.370,1.742,0.786253
FBIOP,21.538,19.794,1.088094
FBIZ,22.590,22.218,1.016763
FBK,36.800,35.083,1.048937
FBM,16.680,12.767,1.306475
FBMS,29.870,31.009,0.963264
FBNC,35.180,36.719,0.958095
FBP,10.990,10.789,1.018644
FBSS,21.000,20.967,1.001562
FC,35.090,28.390,1.235995
FCAP,54.960,50.084,1.097360
FCAU,13.370,14.819,0.902229
FCBC,31.760,33.962,0.935153
FCBP,22.760,21.841,1.042092
FCCO,19.660,19.125,1.027947
FCCY,18.200,18.633,0.976771
FCEL,0.350,3.239,0.108065
FCF,13.150,13.305,0.988313
FCFS,103.290,91.568,1.128012
FCN,93.150,78.408,1.188017
FCNCA,459.510,431.502,1.064907
FCPT,26.720,28.227,0.946598
FCSC,1.800,2.014,0.893791
FCX,11.490,11.844,0.970083
FDBC,66.750,60.633,1.100881
FDC,28.770,25.655,1.121424
FDEF,27.270,28.813,0.946459
FDP,24.950,28.013,0.890661
FDS,279.810,257.459,1.086815
FDX,167.130,175.143,0.954248
FE,43.490,41.354,1.051641
FEDU,1.850,2.098,0.881779
FEIM,12.100,11.741,1.030617
FELE,45.610,48.250,0.945283
FELP,0.570,1.932,0.295047
FENC,3.850,5.157,0.746566
FENG,2.820,3.814,0.739358
FET,2.450,4.889,0.501124
FEYE,15.370,15.982,0.961703
FF,11.990,14.278,0.839766
FFBC,24.170,24.911,0.970272
FFBW,10.100,10.550,0.957390
FFG,63.860,65.821,0.970205
FFHL,1.890,2.265,0.834339
FFIC,22.180,22.268,0.996044
FFIN,30.860,30.341,1.017120
FFIV,147.970,153.802,0.962082
FFNW,14.390,15.568,0.924308
FFWM,13.810,14.104,0.979138
FG,8.010,8.233,0.972908
FGBI,22.250,21.144,1.052284
FGEN,46.230,48.686,0.949561
FGP,0.870,1.196,0.727360
FHB,25.710,26.217,0.980649
FHL,11.170,10.230,1.091895
FHN,15.950,14.718,1.083740
FI,5.600,6.032,0.928314
FIBK,38.810,39.980,0.970745
FICO,340.630,274.637,1.240291
FII,33.260,30.279,1.098445
FIS,129.740,114.356,1.134529
FISI,28.030,28.091,0.997818
FISV,95.390,86.741,1.099708
FIT,4.330,5.424,0.798308
FITB,27.940,27.254,1.025166
FITBI,28.320,27.824,1.017833
FIVE,125.410,127.085,0.986817
FIVN,47.470,51.146,0.928134
FIX,52.200,51.155,1.020423
FIXX,20.800,22.834,0.910939
FIZZ,42.060,58.475,0.719283
FL,42.040,53.636,0.783800
FLDM,11.490,11.783,0.975167
FLEX,9.780,9.950,0.982907
FLGT,6.191,5.511,1.123416
FLIC,21.320,21.985,0.969750
FLIR,54.050,50.367,1.073120
FLKS,0.607,0.440,1.380264
FLL,1.840,2.135,0.861811
FLMN,7.960,8.161,0.975426
FLNT,5.380,5.487,0.980427
FLO,23.490,21.494,1.092888
FLOW,38.390,35.568,1.079352
FLR,31.690,34.728,0.912522
FLS,51.280,47.452,1.080671
FLT,288.830,247.705,1.166026
FLWS,19.130,18.063,1.059046
FLXN,10.850,12.266,0.884579
FLXS,16.870,21.675,0.778334
FMAO,28.010,29.949,0.935259
FMBH,33.390,34.005,0.981911
FMBI,20.380,21.197,0.961456
FMC,83.370,77.250,1.079224
FMCI,10.060,9.938,1.012251
FMNB,14.210,14.106,1.007360
FMS,37.630,38.800,0.969845
FMX,94.120,94.554,0.995414
FN,52.370,53.529,0.978342
FNB,11.740,11.594,1.012629
FNCB,7.530,7.926,0.950007
FND,39.650,39.380,1.006848
FNF,42.710,37.794,1.130068
FNHC,12.540,16.182,0.774929
FNJN,2.250,2.777,0.810309
FNKO,23.860,20.371,1.171260
FNLC,25.770,25.983,0.991812
FNSR,23.110,22.986,1.005413
FNV,90.220,76.334,1.181914
FNWB,16.050,15.956,1.005884
FOCS,28.540,31.960,0.892993
FOE,14.710,16.697,0.881011
FOLD,12.730,12.529,1.016048
FOMX,2.310,3.221,0.717255
FONR,22.390,21.148,1.058717
FOR,19.410,17.867,1.086378
FORD,1.070,1.422,0.752429
FORK,2.060,2.508,0.821382
FORM,15.370,15.821,0.971471
FORR,48.810,47.674,1.023831
FORTY,54.870,45.343,1.210098
FOSL,10.610,13.570,0.781894
FOX,36.450,40.607,0.897633
FOXA,36.430,40.902,0.890667
FOXF,80.640,70.711,1.140419
FPAC,10.300,9.984,1.031692
FPAY,1.670,0.926,1.802653
FPH,7.470,7.752,0.963596
FPI,6.230,6.156,1.011940
FPRX,5.590,10.036,0.557010
FR,36.880,34.851,1.058208
FRAC,5.850,9.400,0.622361
FRAF,36.490,36.984,0.986646
FRAN,3.190,7.810,0.408451
FRBK,4.610,5.473,0.842250
FRD,6.110,7.399,0.825795
FRED,0.420,1.698,0.247414
FRGI,11.070,13.718,0.806950
FRME,37.540,37.546,0.999831
FRO,7.780,7.138,1.089951
FRPH,49.620,49.841,0.995571
FRPT,44.330,42.722,1.037637
FRSX,1.810,1.477,1.225375
FRT,127.870,132.370,0.966006
FRTA,6.360,4.933,1.289362
FSB,28.000,29.185,0.959391
FSBC,17.330,17.526,0.988841
FSBW,48.560,49.943,0.972316
FSCT,38.440,36.921,1.041151
FSFG,59.680,55.363,1.077978
FSI,3.860,2.726,1.416133
FSLR,66.530,57.010,1.166990
FSLY,21.890,0.000,
FSM,3.740,3.236,1.155601
FSP,7.490,7.449,1.005441
FSS,27.950,25.032,1.116585
FSTR,26.370,21.188,1.244598
FSV,96.370,88.434,1.089737
FTAC,9.950,0.000,
FTCH,21.200,22.749,0.931924
FTDR,46.050,36.042,1.277690
FTEK,1.230,1.634,0.752979
FTEO,6.510,9.681,0.672460
FTFT,1.190,1.078,1.104115
FTI,25.110,23.460,1.070325
FTK,2.970,3.158,0.940419
FTNT,87.360,81.742,1.068731
FTNW,1.090,1.502,0.725832
FTR,1.310,2.150,0.609302
FTS,39.500,37.184,1.062286
FTSI,4.670,8.312,0.561808
FTSV,8.500,14.655,0.580023
FTV,78.510,80.566,0.974475
FUL,47.960,47.185,1.016435
FULT,16.630,16.420,1.012818
FUN,49.850,52.302,0.953119
FUNC,19.670,18.032,1.090821
FUND,6.760,6.726,1.005051
FUSB,9.140,9.603,0.951811
FUV,2.980,3.671,0.811662
FVCB,18.350,17.614,1.041766
FVE,0.460,0.689,0.667331
FVRR,24.880,0.000,
FWONA,36.500,34.501,1.057948
FWONK,38.530,35.496,1.085485
FWP,0.935,1.124,0.831704
FWRD,59.800,61.443,0.973258
FXNC,19.310,20.415,0.945889
G,38.510,34.845,1.105167
GABC,29.360,29.822,0.984516
GAIA,7.010,9.185,0.763242
GALT,4.000,4.512,0.886483
GASS,3.870,3.349,1.155698
GATX,75.120,75.791,0.991151
GBCI,39.150,41.341,0.946998
GBL,19.760,19.808,0.997557
GBLI,27.410,31.932,0.858389
GBR,1.750,1.903,0.919390
GBT,55.560,54.224,1.024638
GBX,28.120,34.726,0.809760
GCAP,5.090,5.529,0.920650
GCBC,27.990,30.277,0.924463
GCI,9.460,9.698,0.975503
GCO,39.980,44.501,0.898415
GCP,22.090,26.542,0.832264
GD,183.850,172.389,1.066483
GDDY,72.400,73.354,0.987001
GDEN,14.150,15.734,0.899332
GDI,33.530,29.681,1.129673
GDOT,47.750,59.657,0.800410
GDP,11.290,12.926,0.873411
GDS,39.740,34.436,1.154024
GE,10.040,9.816,1.022870
GEC,4.160,3.878,1.072798
GEL,23.070,22.096,1.044079
GEMP,0.740,1.087,0.680993
GEN,1.170,1.357,0.862278
GENC,12.810,12.713,1.007608
GENE,0.630,0.786,0.801340
GEO,17.240,21.148,0.815221
GEOS,15.920,14.465,1.100550
GERN,1.230,1.512,0.813418
GES,16.640,18.755,0.887214
GEVO,2.430,2.270,1.070521
GFED,23.960,22.934,1.044731
GFF,15.710,16.817,0.934164
GFI,5.660,4.227,1.339125
GFN,7.440,9.087,0.818750
GFNCP,105.140,102.212,1.028646
GGAL,34.900,29.743,1.173371
GGB,3.790,3.874,0.978402
GGG,50.290,48.496,1.036991
GH,93.650,69.975,1.338327
GHC,728.770,690.278,1.055763
GHDX,55.970,65.590,0.853330
GHG,12.390,12.891,0.961119
GHL,14.980,20.540,0.729320
GHM,19.600,21.020,0.932442
GHSI,1.610,0.000,
GIB,78.750,70.753,1.113032
GIFI,7.050,8.581,0.821554
GIG,10.348,10.250,1.009555
GIGM,2.520,2.614,0.964192
GIII,27.280,34.005,0.802232
GIL,39.420,36.438,1.081828
GILD,65.040,66.204,0.982413
GILT,8.400,8.743,0.960788
GIS,52.770,49.517,1.065694
GKOS,75.140,70.867,1.060291
GLAC,10.218,10.103,1.011413
GLAD,9.390,9.165,1.024546
GLADN,25.550,25.402,1.005845
GLBS,2.370,3.191,0.742733
GLBZ,10.400,10.925,0.951955
GLDD,11.060,9.403,1.176176
GLDI,8.950,8.676,1.031574
GLG,0.380,1.345,0.282424
GLIBA,63.490,56.531,1.123102
GLIBP,25.760,25.132,1.024988
GLMD,6.240,7.472,0.835145
GLNG,17.310,20.087,0.861767
GLOB,104.600,81.518,1.283147
GLOG,14.150,15.958,0.886693
GLOP,21.220,21.620,0.981505
GLOW,0.940,1.301,0.722695
GLP,19.900,19.404,1.025539
GLPG,183.400,114.785,1.597765
GLPI,37.660,38.416,0.980318
GLRE,8.490,10.326,0.822230
GLT,16.130,14.578,1.106472
GLUU,7.410,9.129,0.811664
GLW,33.110,32.693,1.012744
GLYC,11.170,11.818,0.945155
GM,39.480,38.038,1.037905
GMDA,4.320,9.387,0.460225
GME,4.320,9.278,0.465613
GMED,42.630,44.227,0.963882
GMHI,10.060,0.000,
GMHIW,1.400,0.000,
GMLP,11.600,12.389,0.936343
GMLPP,25.290,24.846,1.017869
GMO,0.360,0.278,1.297030
GMRE,10.320,10.262,1.005683
GMS,22.410,18.555,1.207768
GNC,1.870,2.274,0.822461
GNCA,3.630,5.002,0.725774
GNE,10.910,9.187,1.187594
GNFT,18.340,25.157,0.729023
GNK,10.410,8.379,1.242413
GNL,18.810,19.122,0.983673
GNLN,7.920,0.000,
GNMK,6.160,6.846,0.899812
GNMX,0.190,0.205,0.925279
GNPX,1.180,1.558,0.757463
GNRC,71.110,57.190,1.243401
GNTX,25.820,22.084,1.169162
GNTY,30.870,29.627,1.041945
GNUS,1.110,1.920,0.578189
GNW,3.760,3.898,0.964575
GOGL,6.690,5.399,1.239012
GOGO,4.220,4.560,0.925485
GOL,20.480,14.312,1.430991
GOLD,17.210,13.453,1.279300
GOLF,26.220,24.498,1.070287
GOOD,21.000,20.898,1.004902
GOODM,25.375,25.418,0.998311
GOODO,27.320,26.583,1.027728
GOODP,26.690,26.438,1.009522
GOOG,1130.100,1141.823,0.989733
GOOGL,1131.550,1146.630,0.986849
GOOS,44.240,47.427,0.932805
GORO,3.670,3.777,0.971547
GOSS,19.000,0.000,
GPAQ,10.350,10.243,1.010408
GPC,95.180,103.976,0.915401
GPI,83.340,70.162,1.187816
GPK,14.250,13.028,1.093822
GPL,0.920,0.830,1.108944
GPMT,19.140,18.994,1.007692
GPN,164.730,139.960,1.176978
GPOR,3.660,6.829,0.535931
GPP,14.380,15.041,0.956070
GPRE,10.460,14.532,0.719807
GPRK,18.110,17.436,1.038677
GPRO,5.030,5.995,0.838974
GPS,18.780,23.271,0.807021
GPX,15.390,14.392,1.069357
GRA,76.720,75.080,1.021843
GRAF,9.950,9.873,1.007755
GRAM,2.920,3.205,0.911066
GRBK,9.520,8.909,1.068591
GRC,31.040,32.952,0.941981
GRFS,22.120,19.377,1.141549
GRIF,34.530,35.656,0.968418
GRIN,6.317,5.459,1.157120
GRMN,81.080,79.544,1.019307
GRNQ,1.130,2.295,0.492429
GROW,1.780,1.267,1.404868
GRPN,3.380,3.527,0.958398
GRSH,10.030,9.924,1.010712
GRTS,10.120,11.986,0.844289
GRUB,75.350,72.799,1.035044
GRVY,41.690,58.257,0.715625
GS,213.520,198.141,1.077615
GSAT,0.400,0.527,0.759310
GSB,10.040,7.264,1.382193
GSBC,58.430,55.814,1.046872
GSH,16.410,19.198,0.854796
GSHD,44.370,33.652,1.318478
GSIT,8.130,8.029,1.012588
GSK,40.960,40.225,1.018264
GSKY,12.320,12.319,1.000062
GSL,8.110,6.495,1.248557
GSM,1.700,2.057,0.826621
GSS,4.490,3.869,1.160413
GSUM,3.020,3.142,0.961050
GSV,1.090,1.096,0.994498
GSX,10.340,2.312,4.472643
GT,14.790,17.647,0.838102
GTE,1.590,2.155,0.737806
GTES,10.500,13.915,0.754563
GTHX,25.700,20.813,1.234802
GTIM,2.030,2.288,0.887232
GTLS,76.700,81.335,0.943008
GTN,17.760,19.252,0.922513
GTS,26.000,23.137,1.123721
GTT,13.360,28.916,0.462020
GTX,14.450,16.073,0.898999
GTY,30.050,31.945,0.940674
GTYH,6.540,8.793,0.743777
GURE,0.930,1.106,0.840903
GV,2.250,2.472,0.910144
GVA,41.870,44.273,0.945722
GVP,2.250,2.631,0.855265
GWB,32.800,34.331,0.955409
GWGH,8.950,10.639,0.841224
GWPH,165.460,164.715,1.004524
GWR,109.600,89.329,1.226923
GWRE,101.660,97.196,1.045928
GWRS,12.200,9.834,1.240622
GWW,267.220,287.142,0.930619
GYRO,19.100,18.789,1.016564
H,77.530,74.005,1.047638
HA,27.330,28.047,0.974432
HABT,10.120,10.846,0.933077
HAE,121.950,97.339,1.252840
HAFC,21.670,22.045,0.982994
HAIN,20.770,20.896,0.993969
HAIR,0.635,0.681,0.932755
HAL,21.750,27.456,0.792180
HALL,14.040,11.498,1.221088
HALO,16.290,16.325,0.997840
HARP,14.300,0.000,
HAS,107.660,95.060,1.132550
HASI,27.530,25.570,1.076636
HAYN,31.090,32.315,0.962082
HBAN,13.880,13.522,1.026471
HBANN,26.140,26.160,0.999225
HBANO,26.730,26.147,1.022287
HBB,16.270,21.016,0.774174
HBCP,35.770,35.909,0.996125
HBI,16.530,17.106,0.966313
HBIO,1.950,3.119,0.625184
HBM,5.460,6.012,0.908117
HBMD,14.460,14.157,1.021379
HBNC,16.100,16.440,0.979332
HBP,2.290,2.657,0.861817
HCA,139.480,131.465,1.060965
HCAC,10.000,0.000,
HCC,25.500,27.893,0.914201
HCCH,10.120,9.982,1.013778
HCCI,27.370,26.229,1.043501
HCFT,3.380,3.430,0.985554
HCHC,2.020,2.712,0.744926
HCI,39.890,43.142,0.924628
HCKT,16.500,16.635,0.991910
HCM,20.830,26.508,0.785798
HCP,31.740,31.110,1.020251
HCR,1.920,3.474,0.552658
HCSG,30.310,34.819,0.870496
HD,213.040,194.797,1.093649
HDB,123.360,114.367,1.078628
HDS,39.280,42.302,0.928568
HDSN,0.660,1.439,0.458625
HE,44.310,40.682,1.089172
HEAR,10.000,12.414,0.805529
HEB,3.950,7.009,0.563573
HEBT,1.810,1.016,1.781857
HEI,137.130,104.588,1.311141
HELE,147.970,125.118,1.182646
HEP,29.240,28.152,1.038653
HES,60.610,59.491,1.018812
HESM,20.280,20.979,0.966663
HEXO,4.910,6.180,0.794459
HF,45.600,44.833,1.017103
HFBC,19.510,19.564,0.997253
HFBL,32.070,32.384,0.990307
HFC,48.530,48.532,0.999962
HFFG,21.310,15.357,1.387653
HFWA,28.810,30.574,0.942305
HGSH,0.840,0.996,0.843606
HGV,32.010,30.510,1.049167
HHC,130.300,110.708,1.176973
HHHH,10.080,0.000,
HHR,18.490,0.000,
HHS,2.720,3.245,0.838242
HI,34.280,40.940,0.837314
HIBB,19.840,19.535,1.015639
HIG,57.110,51.282,1.113655
HIHO,2.200,2.965,0.741942
HII,230.020,212.953,1.080144
HIIQ,22.410,29.581,0.757583
HIL,3.160,2.880,1.097048
HIMX,2.990,3.473,0.860933
HIVE,4.430,3.953,1.120544
HIW,42.590,44.595,0.955042
HJLI,0.980,1.663,0.589451
HK,0.170,1.024,0.165996
HL,1.890,2.098,0.900819
HLF,40.970,50.873,0.805333
HLG,57.760,46.363,1.245832
HLI,43.660,45.641,0.956593
HLIO,45.840,44.119,1.039003
HLIT,7.710,5.617,1.372688
HLNE,57.880,47.703,1.213332
HLT,94.530,86.918,1.087581
HLTH,0.160,0.278,0.575666
HLX,8.080,7.632,1.058649
HMC,25.880,27.185,0.951997
HMG,13.170,13.985,0.941736
HMHC,5.540,7.433,0.745304
HMI,10.440,11.855,0.880661
HMLP,17.520,18.201,0.962573
HMN,41.640,39.322,1.058941
HMNF,20.920,21.125,0.990283
HMST,27.790,27.785,1.000181
HMSY,33.070,31.124,1.062528
HMTV,12.470,13.669,0.912298
HMY,2.560,1.951,1.311896
HNGR,16.720,19.361,0.863592
HNI,33.970,36.888,0.920895
HNNA,10.000,9.924,1.007692
HNP,23.230,24.399,0.952100
HNRG,5.660,5.448,1.038925
HOFT,20.880,27.372,0.762832
HOG,34.850,36.380,0.957954
HOLI,17.780,19.892,0.893824
HOLX,48.270,46.189,1.045054
HOMB,19.220,18.734,1.025952
HOME,6.020,18.434,0.326574
HON,172.990,161.775,1.069324
HONE,18.720,17.405,1.075536
HOOK,7.540,0.000,
HOPE,14.330,13.867,1.033398
HOS,1.010,1.392,0.725503
HOTH,4.500,0.000,
HOV,6.630,13.223,0.501403
HOVNP,3.000,3.000,0.999847
HP,51.280,54.562,0.939847
HPE,14.840,15.322,0.968567
HPJ,4.450,3.331,1.335908
HPP,34.160,33.766,1.011654
HPQ,21.390,20.519,1.042471
HPR,1.360,2.329,0.583882
HPT,24.560,25.981,0.945323
HQY,79.180,70.594,1.121633
HR,31.910,31.773,1.004322
HRB,28.020,26.063,1.075082
HRC,105.100,102.043,1.029957
HRL,41.260,41.598,0.991876
HROW,7.820,6.001,1.303168
HRS,184.960,171.084,1.081109
HRTG,14.080,14.834,0.949153
HRTX,18.450,22.389,0.824048
HSBC,41.340,41.778,0.989510
HSC,25.070,23.445,1.069302
HSDT,2.360,4.636,0.509023
HSGX,0.200,0.169,1.185038
HSIC,67.500,64.122,1.052673
HSII,29.990,35.098,0.854455
HSKA,80.210,83.320,0.962669
HSON,11.340,14.341,0.790740
HST,17.670,18.689,0.945491
HSTM,26.700,26.375,1.012327
HSY,145.180,121.050,1.199337
HT,16.430,17.764,0.924918
HTA,27.290,28.093,0.971417
HTBI,25.050,25.795,0.971117
HTBK,11.940,12.637,0.944831
HTBX,0.610,1.078,0.566095
HTGM,1.490,2.267,0.657117
HTH,21.630,19.656,1.100426
HTHT,32.420,36.004,0.900458
HTLD,19.930,19.411,1.026714
HTLF,43.800,45.173,0.969601
HTZ,14.900,15.003,0.993104
HUBB,125.480,120.285,1.043185
HUBG,40.140,42.255,0.949954
HUBS,180.120,169.705,1.061372
HUD,13.550,14.249,0.950954
HUM,281.670,270.632,1.040788
HUN,20.730,21.633,0.958273
HURC,34.620,38.437,0.900698
HURN,54.490,49.460,1.101709
HUSA,0.230,0.224,1.027626
HUYA,21.660,23.121,0.936817
HVBC,14.420,15.567,0.926322
HVT,18.070,20.390,0.886205
HWBK,26.170,24.554,1.065802
HWC,40.370,41.137,0.981353
HWCC,4.680,5.771,0.810909
HWKN,43.160,39.711,1.086849
HX,2.230,2.795,0.797733
HXL,80.180,71.763,1.117284
HY,53.430,60.556,0.882317
HYGS,14.910,9.445,1.578556
HYRE,3.330,4.763,0.699075
HZN,3.940,2.878,1.369144
HZNP,24.100,24.695,0.975920
HZO,16.570,17.909,0.925217
I,20.950,20.139,1.040266
IAC,238.220,218.681,1.089348
IAG,3.780,3.204,1.179815
IART,54.430,51.902,1.048707
IBA,51.040,48.728,1.047457
IBCP,21.650,22.023,0.983047
IBIO,0.720,0.825,0.872283
IBKC,77.090,75.545,1.020458
IBM,149.680,137.108,1.091695
IBN,11.820,11.168,1.058387
IBOC,36.550,38.595,0.947007
IBP,53.070,49.317,1.076092
IBTX,56.180,54.549,1.029901
ICAD,6.610,5.472,1.207988
ICBK,17.420,17.696,0.984382
ICCC,6.150,6.684,0.920101
ICCH,12.750,13.869,0.919331
ICD,1.340,2.647,0.506171
ICE,90.770,79.851,1.136741
ICFI,81.930,73.906,1.108573
ICHR,24.400,22.364,1.091063
ICL,5.110,5.377,0.950381
ICLK,3.520,4.186,0.840929
ICLR,152.630,140.314,1.087773
ICON,0.930,1.506,0.617674
ICPT,68.640,96.212,0.713426
ICUI,251.650,237.426,1.059911
IDA,102.500,99.890,1.026127
IDCC,64.990,67.827,0.958167
IDEX,1.660,1.708,0.971801
IDN,5.530,3.750,1.474607
IDRA,2.520,2.749,0.916669
IDSA,0.980,1.225,0.799726
IDSY,6.050,5.838,1.036284
IDT,10.720,7.455,1.438013
IDXG,0.840,0.819,1.025823
IDXX,284.690,234.779,1.212585
IDYA,7.830,0.000,
IEA,2.420,5.036,0.480537
IEC,5.750,6.855,0.838808
IEP,75.130,71.954,1.044145
IESC,18.220,18.038,1.010089
IEX,164.460,152.492,1.078486
IFF,142.430,136.616,1.042558
IFMK,1.830,1.173,1.560752
IGC,1.400,1.380,1.014493
IGLD,0.340,0.550,0.618611
IGT,13.030,14.313,0.910353
IHC,37.560,37.227,1.008957
IHG,69.560,63.336,1.098274
IHT,1.510,1.626,0.928773
III,2.750,3.633,0.756907
IIIN,19.000,20.813,0.912895
IIIV,27.720,24.489,1.131915
IIN,17.880,24.725,0.723140
IIPR,123.320,86.618,1.423730
IIVI,37.360,37.000,1.009728
IKNX,7.250,7.905,0.917101
ILMN,293.200,316.257,0.927094
ILPT,20.450,20.362,1.004308
IMAC,3.050,0.000,
IMAX,20.370,21.935,0.928661
IMGN,2.330,3.127,0.745027
IMH,3.170,3.627,0.874069
IMI,1.170,1.125,1.040176
IMKTA,31.950,29.684,1.076341
IMMP,1.690,2.021,0.836097
IMMR,7.450,8.629,0.863329
IMMU,14.930,15.413,0.968659
IMO,27.840,27.749,1.003279
IMOS,16.720,16.358,1.022115
IMRN,3.050,5.539,0.550683
IMTE,7.717,9.145,0.843806
IMUX,13.550,11.248,1.204657
IMV,3.000,4.105,0.730741
IMXI,14.090,12.324,1.143332
INAP,2.970,4.305,0.689889
INBK,19.810,21.062,0.940574
INCY,80.540,81.490,0.988346
INDB,74.060,78.367,0.945041
INFI,1.610,1.568,1.026976
INFN,3.420,4.051,0.844206
INFO,65.050,56.333,1.154749
INFU,4.550,4.390,1.036519
INFY,11.390,10.678,1.066670
ING,11.290,12.006,0.940397
INGN,58.670,94.405,0.621468
INGR,81.000,89.042,0.909685
INMB,9.350,0.000,
INN,11.230,11.511,0.975557
INNT,1.100,1.720,0.639549
INO,2.790,3.616,0.771467
INOD,1.150,1.225,0.938512
INOV,14.540,13.657,1.064672
INPX,0.456,1.108,0.411629
INS,40.290,29.066,1.386136
INSE,8.130,7.385,1.100923
INSG,5.130,4.912,1.044401
INSM,22.140,26.977,0.820712
INSP,67.710,55.821,1.212980
INST,41.610,42.819,0.971775
INSU,9.850,0.000,
INSUU,10.450,0.000,
INSUW,0.930,0.000,
INSW,17.580,18.151,0.968538
INT,35.920,29.932,1.200042
INTC,50.270,50.164,1.002112
INTG,30.860,31.015,0.995018
INTL,38.950,38.979,0.999256
INTT,4.560,6.236,0.731225
INTU,279.320,248.635,1.123414
INUV,0.310,1.028,0.301530
INVA,13.440,14.883,0.903022
INVE,4.860,5.119,0.949488
INVH,27.030,24.606,1.098521
INWK,3.660,3.994,0.916434
INXN,75.500,68.425,1.103390
IO,9.610,11.106,0.865284
IONS,68.760,68.149,1.008967
IOR,12.060,11.392,1.058653
IOSP,91.230,81.805,1.115213
IOTS,8.450,6.669,1.267128
IOVA,25.470,13.887,1.834046
IP,43.240,45.154,0.957616
IPAR,66.700,69.780,0.955868
IPDN,2.280,2.377,0.959152
IPG,22.800,22.396,1.018044
IPGP,131.600,147.418,0.892701
IPHI,59.820,45.270,1.321414
IPHS,27.690,29.994,0.923181
IPI,3.560,3.504,1.016057
IPIC,2.649,4.344,0.609767
IPLDP,25.490,25.194,1.011738
IPOA,10.490,10.244,1.024032
IPWR,0.353,0.388,0.910923
IQ,18.700,21.445,0.872001
IQV,155.850,140.223,1.111441
IR,124.700,113.182,1.101770
IRBT,90.440,103.524,0.873612
IRCP,21.000,20.374,1.030704
IRDM,23.720,23.538,1.007735
IRET,59.700,59.318,1.006446
IRIX,3.650,4.671,0.781380
IRM,30.060,32.995,0.911050
IRMD,18.280,24.192,0.755632
IROQ,21.180,20.496,1.033386
IRS,10.350,11.269,0.918417
IRT,11.910,10.836,1.099157
IRTC,81.800,79.468,1.029351
IRWD,10.720,11.205,0.956758
ISBC,11.170,11.664,0.957631
ISCA,45.310,44.002,1.029719
ISDR,10.450,12.111,0.862858
ISEE,1.160,1.372,0.845199
ISIG,1.050,1.223,0.858829
ISNS,5.050,5.037,1.002652
ISR,0.410,0.408,1.003925
ISRG,528.810,526.298,1.004772
ISRL,121.480,116.421,1.043453
ISSC,5.330,3.566,1.494691
ISTR,23.300,23.456,0.993346
IT,165.790,151.015,1.097837
ITCB,12.220,13.207,0.925255
ITCI,11.820,12.751,0.926992
ITGR,81.300,78.790,1.031860
ITI,5.250,4.603,1.140585
ITIC,160.450,164.650,0.974491
ITMR,9.720,7.701,1.262234
ITP,0.690,0.873,0.790260
ITRI,59.820,55.369,1.080392
ITRM,6.680,6.801,0.982168
ITRN,29.730,33.552,0.886080
ITT,63.650,59.040,1.078085
ITUB,9.680,9.187,1.053686
ITW,151.280,146.161,1.035020
IVAC,4.890,5.435,0.899680
IVC,4.460,6.755,0.660233
IVR,16.410,16.061,1.021730
IVZ,19.770,19.936,0.991683
IX,77.170,72.887,1.058756
IZEA,0.437,1.045,0.418209
JACK,77.000,80.288,0.959048
JAG,7.570,9.836,0.769607
JAGX,1.960,13.517,0.145001
JAKK,0.830,1.200,0.691843
JASN,0.480,1.394,0.344378
JAX,11.240,10.150,1.107431
JAZZ,136.620,133.397,1.024163
JBGS,39.040,40.399,0.966364
JBHT,103.740,98.545,1.052715
JBL,30.250,28.267,1.070169
JBLU,18.910,17.712,1.067634
JBSS,85.230,73.156,1.165040
JBT,121.830,100.112,1.216943
JCAP,19.840,21.134,0.938787
JCI,41.320,37.242,1.109510
JCOM,89.010,84.545,1.052815
JCP,0.900,1.282,0.701827
JCS,3.340,2.770,1.205643
JCTCF,8.230,7.915,1.039733
JD,30.990,27.779,1.115577
JE,4.400,3.692,1.191771
JEC,83.910,75.089,1.117474
JEF,20.970,19.669,1.066161
JELD,20.580,19.502,1.055256
JFIN,9.550,0.000,
JFK,9.880,0.000,
JFKKU,10.990,0.000,
JFKKW,0.350,0.000,
JG,5.520,7.169,0.770006
JHG,22.690,23.022,0.985570
JHX,13.300,12.730,1.044782
JILL,2.160,4.214,0.512627
JJSF,164.070,157.559,1.041325
JKHY,141.600,136.240,1.039344
JKS,20.230,18.974,1.066223
JLL,140.710,146.369,0.961336
JMEI,2.310,2.432,0.949901
JMIA,22.720,0.000,
JMP,3.700,4.054,0.912600
JMU,1.260,1.362,0.924887
JNCE,4.130,5.045,0.818663
JNJ,130.310,136.763,0.952815
JNPR,27.020,26.806,1.007991
JOB,0.640,1.198,0.534217
JOBS,79.610,75.616,1.052813
JOE,17.830,16.407,1.086710
JOUT,68.730,71.927,0.955549
JP,2.080,3.482,0.597426
JPM,113.540,107.823,1.053019
JRJC,0.860,1.130,0.761319
JRSH,7.010,6.996,1.001983
JRVR,47.230,42.334,1.115641
JT,3.640,5.098,0.713971
JVA,4.210,5.236,0.803997
JWN,29.720,40.083,0.741465
JYNT,19.440,14.735,1.319335
K,56.580,56.501,1.001402
KAI,87.170,88.505,0.984916
KALA,5.570,6.847,0.813547
KALU,95.630,99.478,0.961321
KALV,17.550,22.274,0.787910
KAMN,60.450,59.859,1.009877
KAR,25.130,20.849,1.205319
KB,38.210,39.194,0.974902
KBAL,17.460,15.634,1.116804
KBH,26.640,24.407,1.091472
KBLM,10.460,10.359,1.009740
KBR,25.830,20.963,1.232195
KBSF,2.750,3.508,0.783953
KDMN,2.480,2.369,1.046852
KDP,27.630,27.994,0.986998
KE,15.490,15.768,0.982397
KEG,2.840,2.971,0.955811
KELYA,26.480,23.830,1.111208
KELYB,25.200,23.281,1.082442
KEM,19.310,18.041,1.070363
KEN,20.235,19.448,1.040456
KEP,10.950,12.889,0.849551
KEQU,18.450,23.825,0.774413
KEX,75.860,77.045,0.984616
KEY,17.450,16.955,1.029202
KEYS,87.460,83.182,1.051430
KFFB,7.640,7.643,0.999670
KFRC,35.820,35.552,1.007547
KFS,2.620,2.473,1.059583
KFY,39.240,45.156,0.868986
KGC,4.310,3.429,1.256895
KGJI,0.640,0.770,0.831251
KHC,31.540,35.042,0.900051
KIDS,34.830,39.230,0.887851
KIM,17.890,17.845,1.002532
KIN,6.780,9.101,0.744946
KINS,8.850,12.745,0.694371
KIQ,1.420,1.015,1.398752
KIRK,1.740,6.513,0.267159
KKR,25.140,23.798,1.056387
KL,46.480,34.676,1.340392
KLAC,131.960,113.894,1.158620
KLDO,8.310,0.000,
KLIC,21.950,22.130,0.991877
KLXE,17.270,24.670,0.700054
KMB,135.740,124.777,1.087863
KMDA,5.940,5.708,1.040572
KMI,20.500,19.746,1.038199
KMPH,1.470,1.875,0.783847
KMPR,86.450,82.611,1.046467
KMT,34.190,36.367,0.940139
KMX,84.840,72.223,1.174700
KN,17.370,16.902,1.027662
KNDI,5.300,5.645,0.938890
KNL,22.900,20.743,1.103964
KNOP,20.020,19.152,1.045335
KNSA,13.590,16.621,0.817656
KNSL,90.770,74.535,1.217809
KNX,36.980,32.312,1.144456
KO,51.390,48.387,1.062060
KOD,14.550,8.721,1.668476
KODK,2.450,2.721,0.900432
KOF,61.520,63.257,0.972533
KOOL,3.340,3.101,1.077048
KOP,26.390,26.291,1.003783
KOPN,1.100,1.268,0.867550
KOS,5.720,6.032,0.948338
KOSS,1.980,2.025,0.977686
KPFS,3.010,4.188,0.718770
KPTI,8.300,6.326,1.312141
KR,21.690,25.284,0.857856
KRA,30.010,30.515,0.983442
KRC,76.180,74.692,1.019923
KREF,20.090,20.226,0.993271
KRG,15.180,15.825,0.959249
KRNT,29.470,25.417,1.159463
KRNY,13.560,13.330,1.017243
KRO,13.630,13.999,0.973635
KRP,16.070,17.064,0.941738
KRYS,49.410,30.247,1.633525
KSS,49.330,62.144,0.793808
KSU,123.430,115.583,1.067891
KT,11.910,12.713,0.936827
KTB,29.490,570.733,0.051670
KTCC,4.980,5.802,0.858282
KTOS,24.070,18.202,1.322350
KTOV,0.940,1.089,0.863540
KURA,19.050,16.474,1.156364
KVHI,10.240,10.403,0.984362
KW,20.730,20.878,0.992892
KWR,183.720,200.869,0.914628
KXIN,1.505,6.730,0.223616
KZIA,2.830,3.181,0.889681
KZR,5.820,16.163,0.360089
L,53.840,50.118,1.074268
LABL,50.010,49.093,1.018686
LAC,3.960,3.818,1.037167
LACQ,10.200,10.049,1.015057
LAD,117.030,102.072,1.146539
LADR,16.680,16.909,0.986479
LAIX,9.850,10.563,0.932529
LAKE,10.150,11.599,0.875081
LAMR,79.400,79.003,1.005027
LANC,150.170,153.522,0.978167
LAND,11.330,12.150,0.932513
LANDP,25.851,25.759,1.003561
LARK,24.870,23.775,1.046059
LASR,15.200,20.872,0.728238
LAUR,16.480,15.620,1.055050
LAWS,37.640,32.893,1.144309
LAZ,36.390,36.525,0.996290
LAZY,5.132,5.348,0.959664
LB,25.840,25.788,1.002013
LBAI,16.000,15.933,1.004197
LBC,10.890,10.337,1.053487
LBRDA,104.560,94.059,1.111648
LBRDK,105.710,94.412,1.119666
LBRT,12.990,15.342,0.846688
LBTYA,27.650,25.821,1.070850
LBTYB,27.470,25.614,1.072471
LBTYK,27.050,25.105,1.077463
LBY,1.560,3.062,0.509461
LC,15.230,15.681,0.971254
LCA,9.750,0.000,
LCAHU,10.050,0.000,
LCI,5.980,7.197,0.830926
LCII,91.170,85.032,1.072191
LCNB,17.770,17.088,1.039896
LCUT,9.520,9.615,0.990131
LDL,19.330,23.148,0.835058
LDOS,79.590,69.058,1.152507
LE,10.830,15.579,0.695176
LEA,132.190,142.780,0.925829
LEAF,6.550,7.738,0.846512
LECO,84.790,84.064,1.008641
LEDS,2.570,3.158,0.813901
LEE,1.950,2.754,0.708147
LEG,39.630,40.707,0.973540
LEGH,12.500,12.750,0.980401
LEJU,1.240,1.561,0.794413
LEN,46.270,49.378,0.937052
LEU,3.500,3.104,1.127533
LEVI,18.750,0.000,
LEVL,23.550,23.965,0.982694
LEXEA,48.660,44.322,1.097875
LEXEB,47.900,44.238,1.082781
LFAC,10.200,10.053,1.014615
LFC,13.170,12.770,1.031293
LFUS,175.000,182.421,0.959317
LFVN,10.860,13.069,0.830993
LGC,10.120,10.036,1.008345
LGCY,0.017,0.000,
LGIH,71.540,65.277,1.095941
LGL,8.450,7.517,1.124070
LGND,113.550,118.325,0.959644
LH,173.240,156.772,1.105047
LHC,10.250,10.131,1.011745
LHCG,122.840,111.991,1.096869
LIFE,3.900,6.708,0.581429
LII,278.900,261.292,1.067388
LILA,16.520,18.644,0.886054
LILAK,16.610,18.630,0.891562
LIN,203.380,180.598,1.126148
LINC,2.010,2.867,0.701038
LIND,18.280,15.427,1.184963
LION,30.970,29.759,1.040688
LIQT,8.850,8.557,1.034229
LITB,1.450,1.247,1.162983
LITE,53.750,51.403,1.045659
LIVE,6.820,7.410,0.920435
LIVN,71.820,81.571,0.880463
LIVX,2.530,4.896,0.516729
LJPC,8.720,7.249,1.202974
LK,20.050,0.000,
LKCO,9.500,0.000,
LKFN,44.390,46.269,0.959396
LKQ,24.940,27.503,0.906813
LKSD,3.430,6.449,0.531827
LL,10.220,11.260,0.907650
LLEX,0.440,1.228,0.358168
LLIT,1.060,1.379,0.768711
LLL,245.170,221.623,1.106247
LLNW,2.360,2.925,0.806869
LLY,106.790,118.945,0.897811
LM,38.090,32.622,1.167634
LMAT,30.420,27.651,1.100160
LMB,8.930,7.527,1.186408
LMFA,1.220,1.356,0.900014
LMNR,18.920,21.759,0.869516
LMNX,19.950,23.141,0.862112
LMRK,16.780,15.460,1.085416
LMRKN,25.010,24.583,1.017381
LMRKO,25.290,24.848,1.017797
LMRKP,25.560,25.162,1.015835
LMST,15.110,14.954,1.010434
LMT,356.960,322.210,1.107850
LN,28.380,33.051,0.858683
LNC,65.880,62.501,1.054067
LND,4.240,4.110,1.031688
LNDC,10.500,11.043,0.950824
LNG,67.010,66.398,1.009213
LNN,86.800,86.719,1.000937
LNT,49.930,46.898,1.064645
LNTH,28.260,23.675,1.193666
LOAC,10.190,10.036,1.015342
LOAN,6.290,6.210,1.012858
LOB,16.380,16.015,1.022803
LOCO,10.260,12.886,0.796195
LODE,0.170,0.186,0.911584
LOGC,12.700,11.511,1.103337
LOGI,39.010,38.042,1.025454
LOGM,75.960,80.520,0.943367
LOMA,12.330,11.289,1.092250
LONE,2.500,3.822,0.654071
LOOP,11.640,8.983,1.295815
LOPE,126.470,113.169,1.117534
LORL,34.600,36.834,0.939341
LOV,9.570,11.933,0.801995
LOVE,23.790,30.816,0.772011
LOW,102.500,103.293,0.992321
LPCN,1.830,1.828,1.000939
LPG,9.380,7.223,1.298579
LPI,2.940,3.212,0.915409
LPL,7.170,8.297,0.864181
LPLA,85.370,77.238,1.105279
LPSN,32.150,27.475,1.170137
LPT,50.770,48.444,1.048020
LPTH,0.870,1.376,0.632429
LPTX,1.950,1.800,1.083545
LPX,26.030,24.753,1.051610
LQDA,7.750,11.731,0.660635
LQDT,6.080,6.804,0.893626
LRAD,4.030,2.990,1.347929
LRCX,198.470,181.687,1.092375
LRN,30.200,31.654,0.954060
LSBK,15.000,15.322,0.979005
LSCC,16.370,12.369,1.323461
LSI,97.230,96.781,1.004643
LSTR,110.360,106.587,1.035397
LSXMA,39.610,38.962,1.016624
LSXMB,39.820,38.806,1.026124
LSXMK,39.740,39.115,1.015991
LTBR,0.670,0.728,0.920407
LTC,46.640,45.512,1.024792
LTHM,6.990,10.378,0.673524
LTM,9.710,10.418,0.932026
LTRPA,11.890,14.086,0.844103
LTRPB,12.916,14.537,0.888500
LTRX,3.470,3.205,1.082696
LTS,2.940,3.196,0.919935
LTXB,41.940,39.655,1.057635
LUB,1.190,1.410,0.843880
LULU,187.940,164.431,1.142972
LUNA,4.990,4.057,1.229989
LUV,52.020,52.498,0.990900
LVS,63.920,60.991,1.048017
LW,68.570,67.867,1.010358
LWAY,3.250,2.517,1.291247
LX,11.340,11.547,0.982078
LXFR,21.440,22.594,0.948929
LXRX,5.280,5.978,0.883202
LXU,3.230,5.647,0.572006
LYB,85.920,85.880,1.000461
LYFT,67.450,0.000,
LYG,2.800,3.074,0.910806
LYL,0.940,1.342,0.700403
LYTS,3.830,3.356,1.141099
LYV,70.290,62.033,1.133114
LZB,32.260,32.240,1.000634
M,22.100,23.409,0.944096
MA,275.600,239.667,1.149930
MAA,119.050,109.931,1.082949
MAC,32.260,40.624,0.794120
MACK,5.350,5.976,0.895186
MAG,11.370,9.843,1.155120
MAGS,4.940,5.071,0.974227
MAMS,10.937,8.919,1.226228
MAN,90.210,86.774,1.039597
MANH,71.130,59.994,1.185613
MANT,67.420,59.004,1.142636
MANU,18.000,19.122,0.941310
MAR,137.730,127.947,1.076465
MARA,2.180,2.472,0.881964
MARK,0.910,1.532,0.594090
MARPS,2.030,2.303,0.881380
MAS,37.850,37.655,1.005188
MASI,153.400,134.903,1.137117
MAT,11.990,12.545,0.955751
MATW,33.360,37.918,0.879788
MATX,39.630,36.641,1.081567
MAXR,8.180,6.211,1.316923
MAYS,35.210,37.866,0.929865
MBCN,41.890,41.197,1.016832
MBI,9.550,9.575,0.997393
MBII,1.420,1.530,0.928290
MBIN,16.820,20.215,0.832073
MBINP,27.000,0.000,
MBIO,3.250,3.784,0.858791
MBOT,5.030,7.248,0.694027
MBRX,1.180,1.261,0.936117
MBT,8.320,8.132,1.023111
MBTF,10.270,10.263,1.000662
MBUU,35.210,40.494,0.869506
MBWM,31.970,33.029,0.967926
MC,35.960,39.049,0.920889
MCB,42.630,38.762,1.099782
MCBC,9.980,10.280,0.970860
MCD,213.870,192.912,1.108638
MCEP,0.410,0.756,0.541978
MCF,1.420,2.902,0.489398
MCFT,18.690,22.371,0.835446
MCHP,92.310,87.155,1.059148
MCHX,4.350,4.545,0.957039
MCK,138.900,126.213,1.100521
MCO,200.890,181.658,1.105867
MCRB,3.100,5.149,0.602098
MCRI,43.660,43.592,1.001550
MCRN,16.850,13.542,1.244314
MCS,32.520,38.271,0.849735
MCY,63.130,55.123,1.145248
MD,23.630,29.346,0.805228
MDB,164.000,129.910,1.262408
MDC,37.390,31.337,1.193154
MDCA,2.460,2.639,0.932330
MDCO,36.060,29.609,1.217876
MDGL,91.810,114.056,0.804958
MDGS,2.412,2.695,0.894948
MDJH,2.513,3.284,0.765247
MDLY,2.450,3.193,0.767223
MDLZ,54.890,50.024,1.097269
MDP,53.380,55.751,0.957470
MDR,10.430,8.319,1.253709
MDRR,4.390,6.535,0.671771
MDRX,10.950,10.698,1.023598
MDSO,90.750,81.994,1.106795
MDT,100.800,91.648,1.099857
MDU,26.210,25.708,1.019511
MDWD,3.710,4.482,0.827809
MEC,15.190,5.883,2.582170
MED,113.740,131.957,0.861949
MEDP,62.380,59.384,1.050453
MEET,3.540,4.826,0.733522
MEI,28.800,27.885,1.032823
MEIP,1.840,2.831,0.649966
MELI,626.700,503.998,1.243456
MELR,19.100,18.574,1.028329
MEOH,43.230,52.193,0.828277
MERC,13.150,14.558,0.903301
MESA,10.090,9.189,1.098051
MESO,5.250,4.974,1.055576
MET,49.720,46.309,1.073652
METC,5.140,5.768,0.891192
MFA,7.210,7.285,0.989772
MFAC,10.100,9.958,1.014235
MFC,18.620,17.305,1.075973
MFG,2.900,3.027,0.958134
MFGP,20.440,23.650,0.864279
MFIN,5.080,6.414,0.792059
MFNC,15.200,15.682,0.969237
MFSF,32.140,30.209,1.063913
MG,14.890,14.365,1.036561
MGA,48.190,49.824,0.967204
MGEE,73.140,67.381,1.085474
MGEN,2.250,2.723,0.826301
MGI,2.190,2.262,0.968111
MGIC,8.990,8.721,1.030864
MGLN,69.960,66.750,1.048093
MGM,28.590,27.306,1.047036
MGNX,14.690,17.300,0.849125
MGP,29.520,31.123,0.948491
MGPI,67.530,71.897,0.939261
MGRC,63.760,57.748,1.104109
MGTA,12.820,13.577,0.944221
MGTX,27.030,18.997,1.422849
MGY,10.800,12.119,0.891156
MGYR,11.940,11.778,1.013760
MHH,5.190,5.972,0.869102
MHK,152.980,136.778,1.118453
MHLD,0.500,0.853,0.586235
MHO,29.630,27.541,1.075842
MIC,41.180,41.154,1.000621
MICR,2.600,2.718,0.956661
MICT,0.760,1.040,0.730984
MIDD,136.830,129.585,1.055911
MIK,7.810,11.530,0.677368
MIME,48.230,45.805,1.052937
MIND,4.200,3.898,1.077429
MINDP,23.670,23.977,0.987183
MINI,33.360,34.135,0.977310
MIST,19.450,0.000,
MITK,10.730,10.864,0.987641
MITO,11.350,0.000,
MIXT,15.250,16.780,0.908812
MJCO,9.690,7.964,1.216794
MKC,158.750,146.572,1.083088
MKGI,2.250,2.571,0.875167
MKL,1090.200,1040.090,1.048178
MKSI,79.200,82.972,0.954542
MKTX,367.030,270.612,1.356294
MLAB,225.050,231.330,0.972854
MLCO,24.420,22.548,1.083007
MLHR,44.880,37.485,1.197290
MLI,27.830,29.521,0.942707
MLM,224.320,205.995,1.088957
MLND,10.510,13.327,0.788627
MLNT,3.870,4.641,0.833915
MLNX,111.550,109.576,1.018013
MLP,11.130,11.120,1.000927
MLR,30.540,31.089,0.982343
MLSS,0.390,0.372,1.048000
MLVF,21.830,20.683,1.055453
MMAC,31.700,30.895,1.026067
MMC,100.600,93.825,1.072212
MMDM,10.570,10.545,1.002341
MMI,31.310,36.762,0.851688
MMLP,6.850,9.963,0.687572
MMM,172.610,190.495,0.906111
MMP,65.420,61.762,1.059224
MMS,72.930,71.840,1.015170
MMSI,55.020,57.327,0.959757
MMYT,27.850,26.433,1.053626
MN,1.550,2.086,0.743092
MNCL,9.940,0.000,
MNDO,2.170,2.262,0.959237
MNI,2.480,4.117,0.602444
MNK,6.920,16.799,0.411923
MNKD,1.070,1.457,0.734143
MNLO,4.320,6.685,0.646219
MNOV,9.710,9.690,1.002064
MNR,13.660,13.594,1.004846
MNRL,20.150,0.000,
MNRO,76.500,80.520,0.950073
MNSB,22.750,22.245,1.022704
MNST,63.260,59.770,1.058388
MNTA,9.600,12.944,0.741641
MNTX,6.190,6.971,0.887965
MO,50.530,51.611,0.979062
MOBL,6.510,5.440,1.196658
MOD,14.340,14.317,1.001573
MODN,20.030,17.743,1.128907
MOFG,27.580,28.445,0.969592
MOGO,2.850,2.892,0.985633
MOGU,2.590,10.063,0.257384
MOH,140.380,137.536,1.020675
MOMO,35.060,33.192,1.056272
MOR,27.950,25.437,1.098798
MORN,153.940,132.593,1.160999
MOS,24.220,26.866,0.901523
MOSC,10.240,10.089,1.014965
MOSY,0.180,0.191,0.941693
MOTS,2.980,3.855,0.772944
MOV,25.970,31.787,0.817008
MOXC,1.990,2.510,0.792867
MPAA,17.860,19.602,0.911154
MPB,26.680,24.488,1.089502
MPC,55.240,58.185,0.949382
MPLX,30.930,32.633,0.947808
MPO,5.040,8.729,0.577380
MPV,16.180,15.686,1.031461
MPVD,0.980,1.031,0.950752
MPW,17.490,18.033,0.969881
MPWR,144.950,135.323,1.071142
MPX,13.490,14.630,0.922078
MR,4.280,12.025,0.355918
MRAM,6.590,7.374,0.893697
MRC,15.210,16.681,0.911825
MRCY,71.950,65.292,1.101965
MREO,2.320,0.000,
MRIN,2.230,4.196,0.531464
MRK,81.390,79.964,1.017831
MRKR,6.330,6.133,1.032164
MRLN,22.370,22.676,0.986494
MRNA,14.110,19.649,0.718108
MRNS,3.890,4.052,0.960132
MRO,13.660,15.675,0.871458
MRSN,4.200,4.799,0.875209
MRTN,20.230,18.610,1.087054
MRTX,106.000,77.756,1.363240
MRUS,15.000,13.616,1.101610
MRVL,25.920,21.734,1.192612
MS,44.390,43.556,1.019138
MSA,107.020,103.512,1.033887
MSB,29.090,29.492,0.986362
MSBF,15.890,17.083,0.930170
MSBI,25.770,25.300,1.018589
MSC,19.500,17.595,1.108248
MSCI,240.980,206.744,1.165597
MSEX,59.450,57.799,1.028559
MSFT,136.620,121.076,1.128384
MSG,282.600,292.339,0.966686
MSGN,19.040,22.156,0.859342
MSI,168.910,144.883,1.165838
MSL,11.870,11.598,1.023424
MSM,71.340,79.064,0.902311
MSN,1.070,1.239,0.863594
MSON,21.720,20.530,1.057972
MSTR,121.750,139.100,0.875270
MSVB,12.569,12.618,0.996094
MT,16.760,20.057,0.835630
MTB,162.870,166.468,0.978387
MTBC,4.646,4.729,0.982498
MTBCP,27.700,27.141,1.020596
MTCH,76.020,61.509,1.235918
MTD,813.850,726.377,1.120423
MTDR,17.660,18.856,0.936570
MTEM,7.400,6.333,1.168543
MTEX,15.280,17.885,0.854353
MTFB,0.676,3.156,0.214173
MTG,13.290,13.354,0.995193
MTH,54.310,47.839,1.135277
MTL,1.970,2.138,0.921580
MTLS,18.150,16.886,1.074882
MTN,225.710,214.669,1.051430
MTNB,0.720,1.016,0.708608
MTOR,23.660,21.836,1.083519
MTP,1.860,2.162,0.860488
MTR,11.220,12.437,0.902167
MTRN,63.240,58.999,1.071891
MTRX,18.290,20.088,0.910493
MTSC,54.990,54.199,1.014587
MTSI,17.590,16.264,1.081511
MTSL,1.000,1.530,0.653432
MTW,17.430,16.740,1.041233
MTX,51.920,57.493,0.903064
MTZ,49.780,47.838,1.040602
MU,45.520,39.037,1.166075
MUDS,10.240,10.079,1.016013
MUFG,4.790,4.973,0.963250
MUR,21.570,27.050,0.797405
MUSA,85.190,82.049,1.038278
MUX,1.870,1.615,1.157922
MVBF,16.630,16.333,1.018200
MVIS,0.750,0.925,0.810644
MVO,7.750,7.966,0.972937
MWA,9.690,10.015,0.967523
MWK,7.500,171.539,0.043722
MX,10.270,8.442,1.216539
MXC,3.950,4.171,0.947091
MXIM,62.080,56.306,1.102548
MXL,24.800,23.567,1.052304
MYE,17.460,17.713,0.985693
MYFW,13.410,13.437,0.997989
MYGN,28.510,29.042,0.981693
MYL,18.100,24.702,0.732732
MYND,6.860,1.546,4.436556
MYO,0.770,1.153,0.667660
MYOK,53.520,47.941,1.116371
MYOS,1.740,1.490,1.168043
MYOV,8.410,16.705,0.503457
MYRG,36.290,34.242,1.059812
MYSZ,0.615,0.737,0.834931
MYT,0.570,1.350,0.422363
NAII,10.510,11.894,0.883635
NAK,0.510,0.635,0.803294
NAKD,0.142,0.373,0.380522
NANO,33.630,31.189,1.078275
NAOV,2.950,3.566,0.827357
NAT,2.100,2.144,0.979666
NATH,74.600,70.448,1.058933
NATI,43.150,43.763,0.985995
NATR,9.060,8.969,1.010094
NAV,31.070,33.467,0.928389
NAVB,0.590,2.233,0.264176
NAVI,13.550,12.521,1.082150
NBEV,4.050,5.424,0.746691
NBHC,34.110,35.081,0.972321
NBIX,85.710,83.421,1.027437
NBL,21.190,23.158,0.915009
NBLX,31.400,33.891,0.926502
NBN,21.010,20.655,1.017163
NBR,2.250,3.116,0.722143
NBRV,2.440,2.357,1.035238
NBTB,37.210,37.143,1.001804
NBY,1.150,1.250,0.919719
NC,51.880,43.257,1.199345
NCBS,63.250,58.980,1.072400
NCI,24.010,22.727,1.056445
NCLH,48.600,53.806,0.903237
NCMI,6.800,7.084,0.959955
NCNA,9.260,13.248,0.698959
NCR,29.880,29.115,1.026260
NCSM,2.910,4.396,0.661972
NCTY,1.090,1.486,0.733272
NDAQ,101.730,90.618,1.122626
NDLS,7.700,7.306,1.053902
NDRA,1.460,1.724,0.847037
NDSN,137.510,135.299,1.016342
NE,1.910,2.611,0.731523
NEBU,10.160,10.037,1.012255
NEE,209.730,192.924,1.087111
NEM,39.290,34.347,1.143910
NEN,59.540,60.998,0.976105
NEO,23.850,20.388,1.169783
NEOG,63.970,60.134,1.063790
NEON,2.900,2.939,0.986830
NEOS,1.410,2.013,0.700322
NEP,50.630,45.519,1.112273
NEPT,6.130,3.890,1.575835
NERV,6.530,6.821,0.957339
NES,5.150,8.069,0.638232
NESR,8.150,9.122,0.893476
NETE,3.750,5.320,0.704897
NEU,414.190,417.630,0.991763
NEW,5.600,6.881,0.813854
NEWA,6.070,6.570,0.923841
NEWM,9.810,11.101,0.883729
NEWR,87.410,98.886,0.883951
NEXA,9.200,10.484,0.877530
NEXT,5.150,4.981,1.033867
NFBK,15.620,14.806,1.054943
NFC,10.130,9.966,1.016461
NFE,12.450,11.779,1.056958
NFG,48.500,57.205,0.847824
NFJ,12.530,12.123,1.033548
NFLX,315.100,357.992,0.880188
NG,6.290,4.308,1.460069
NGD,1.420,0.906,1.566484
NGG,51.880,54.005,0.960646
NGHC,22.460,24.089,0.932378
NGHCN,24.140,22.495,1.073108
NGHCO,24.130,22.725,1.061834
NGHCP,25.000,23.511,1.063328
NGL,15.040,13.691,1.098545
NGM,14.030,22.332,0.628234
NGS,16.130,16.924,0.953095
NGVC,9.290,12.302,0.755158
NGVT,101.230,101.550,0.996849
NH,0.557,0.710,0.784541
NHC,83.930,78.657,1.067040
NHI,78.500,78.785,0.996380
NHLD,2.790,3.054,0.913611
NHTC,7.020,11.825,0.593648
NI,29.200,27.856,1.048236
NICE,149.000,127.168,1.171677
NICK,8.630,9.498,0.908582
NIHD,1.810,2.721,0.665198
NINE,13.520,21.140,0.639532
NIO,3.370,5.244,0.642699
NIU,6.000,7.925,0.757138
NJR,49.840,48.791,1.021506
NK,1.230,1.191,1.032957
NKE,86.550,84.215,1.027725
NKSH,36.300,39.189,0.926284
NKTR,31.970,36.125,0.884974
NL,4.960,3.886,1.276517
NLNK,1.610,1.651,0.975081
NLS,2.060,5.114,0.402848
NLSN,23.500,24.809,0.947225
NLY,9.340,9.789,0.954146
NM,6.270,3.286,1.908166
NMCI,2.320,2.268,1.022728
NMIH,26.520,26.032,1.018765
NMM,18.060,14.328,1.260434
NMR,3.430,3.666,0.935636
NMRD,0.880,0.994,0.885210
NMRK,9.920,9.022,1.099536
NNA,6.500,6.561,0.990727
NNBR,8.030,8.858,0.906531
NNDM,0.380,0.721,0.526823
NNI,60.250,56.752,1.061635
NNN,51.690,52.964,0.975941
NNVC,0.250,0.287,0.870779
NOA,10.310,11.351,0.908303
NOAH,32.900,46.275,0.710968
NOC,322.160,291.697,1.104434
NODK,16.660,16.398,1.016003
NOG,1.590,2.332,0.681733
NOK,5.140,5.606,0.916807
NOMD,22.730,20.468,1.110492
NOV,20.990,25.681,0.817324
NOVN,2.690,1.651,1.629805
NOVT,84.560,82.055,1.030522
NOW,289.740,250.485,1.156717
NP,63.930,65.056,0.982686
NPK,90.880,106.870,0.850378
NPO,62.070,65.546,0.946969
NPTN,4.760,5.922,0.803816
NR,6.650,8.031,0.828026
NRC,58.950,44.543,1.323439
NRCG,11.970,9.226,1.297476
NRE,17.030,17.031,0.999946
NRG,35.140,39.099,0.898741
NRIM,36.160,35.390,1.021755
NRP,31.600,39.515,0.799686
NRT,7.370,6.934,1.062860
NRZ,15.180,16.343,0.928826
NS,28.190,26.861,1.049465
NSA,29.020,28.774,1.008537
NSC,195.190,189.113,1.032136
NSEC,11.580,12.038,0.961965
NSIT,56.090,54.190,1.035055
NSP,135.330,120.006,1.127690
NSPR,3.150,5.898,0.534092
NSSC,26.010,23.458,1.108771
NSTG,31.780,25.669,1.238062
NSYS,3.650,4.251,0.858654
NTAP,59.420,65.817,0.902812
NTB,33.280,36.350,0.915553
NTCT,25.840,26.768,0.965342
NTEC,2.990,6.308,0.474029
NTES,243.780,253.137,0.963035
NTGN,3.570,5.320,0.671024
NTGR,26.610,31.801,0.836764
NTIC,11.400,13.450,0.847600
NTIP,2.390,2.466,0.969169
NTLA,17.100,15.510,1.102520
NTN,3.180,3.437,0.925281
NTNX,24.790,38.512,0.643700
NTP,10.150,9.541,1.063822
NTR,51.490,52.335,0.983856
NTRA,26.100,20.047,1.301919
NTRP,5.950,5.758,1.033422
NTRS,92.860,91.548,1.014330
NTRSP,25.510,25.706,0.992380
NTWK,5.790,6.657,0.869758
NTZ,2.180,4.280,0.509382
NUAN,16.330,16.624,0.982303
NUE,56.710,56.725,0.999736
NURO,0.400,0.831,0.481131
NUS,40.990,54.182,0.756519
NUVA,58.120,56.731,1.024487
NVAX,4.610,16.696,0.276116
NVCN,3.720,5.316,0.699820
NVCR,69.390,51.968,1.335250
NVDA,168.440,162.157,1.038745
NVEC,69.240,87.725,0.789286
NVEE,81.470,71.700,1.136259
NVFY,0.840,0.787,1.067520
NVGS,10.260,10.349,0.991414
NVIV,0.650,1.275,0.509880
NVLN,0.690,1.091,0.632186
NVMI,26.030,25.656,1.014585
NVO,47.990,49.395,0.971548
NVR,3520.010,3003.369,1.172020
NVRO,61.660,56.570,1.089983
NVS,93.560,83.704,1.117750
NVT,24.190,25.770,0.938697
NVTA,24.220,20.289,1.193763
NVTR,2.120,8.772,0.241666
NVUS,0.888,2.869,0.309554
NWBI,17.500,17.455,1.002607
NWE,71.590,69.325,1.032666
NWFL,34.600,31.866,1.085785
NWHM,4.340,5.100,0.850968
NWL,14.330,16.320,0.878051
NWLI,263.540,276.420,0.953404
NWN,71.040,66.081,1.075038
NWPX,23.460,24.419,0.960709
NWS,13.510,12.747,1.059855
NWSA,13.140,12.533,1.048396
NX,17.850,16.624,1.073761
NXE,1.640,1.630,1.006182
NXGN,19.580,18.363,1.066271
NXPI,97.960,93.798,1.044367
NXRT,41.100,38.513,1.067164
NXST,103.950,101.684,1.022290
NXTC,19.090,0.000,
NXTD,0.645,0.918,0.702848
NYCB,10.610,11.095,0.956277
NYMT,6.080,6.166,0.986011
NYMTN,24.850,23.755,1.046091
NYMTO,24.842,24.404,1.017960
NYMTP,24.780,24.167,1.025361
NYMX,1.620,1.911,0.847930
NYNY,9.630,11.698,0.823184
NYT,34.650,32.301,1.072738
O,68.740,69.869,0.983838
OAK,49.850,47.233,1.055408
OAS,4.600,5.732,0.802450
OASM,2.010,2.171,0.925821
OBAS,11.550,10.533,1.096508
OBCI,3.550,3.440,1.031862
OBE,0.980,2.034,0.481889
OBLN,0.605,1.135,0.533219
OBNK,34.330,34.322,1.000240
OBSV,10.050,12.460,0.806584
OC,55.250,50.974,1.083895
OCC,3.920,4.380,0.894930
OCFC,25.300,24.599,1.028506
OCN,2.000,1.871,1.069039
OCUL,4.560,3.965,1.149986
OCX,2.060,3.638,0.566172
ODC,34.980,30.441,1.149123
ODFL,155.200,144.761,1.072114
ODP,1.990,2.658,0.748679
ODT,33.170,22.756,1.457606
OEC,18.330,21.883,0.837620
OESX,2.920,1.658,1.761466
OFC,26.670,26.881,0.992142
OFED,24.000,25.111,0.955745
OFG,23.300,20.229,1.151807
OFIX,50.490,54.504,0.926347
OFLX,71.310,77.337,0.922066
OGE,42.740,42.167,1.013577
OGEN,0.460,0.656,0.701595
OGI,6.330,3.551,1.782694
OGS,90.610,87.279,1.038159
OHI,36.400,36.893,0.986650
OHRP,4.180,2.763,1.512777
OI,17.080,18.483,0.924094
OII,17.900,17.032,1.050978
OIIM,1.360,1.513,0.898890
OIS,13.410,17.269,0.776522
OKE,68.530,66.984,1.023077
OKTA,136.190,99.753,1.365267
OLBK,26.160,26.377,0.991767
OLED,205.920,153.997,1.337169
OLLI,86.780,88.164,0.984307
OLN,21.150,22.965,0.920983
OLP,28.050,28.520,0.983518
OMAB,51.440,47.686,1.078723
OMC,79.760,77.881,1.024126
OMCL,68.680,79.045,0.868873
OMER,14.650,16.326,0.897365
OMEX,5.400,5.766,0.936521
OMF,34.490,32.390,1.064840
OMI,2.640,4.561,0.578841
OMN,10.000,7.544,1.325629
OMP,21.730,20.026,1.085113
ON,20.220,20.785,0.972819
ONB,16.780,16.745,1.002074
ONCE,96.850,94.518,1.024672
ONCS,2.440,4.881,0.499891
ONCT,4.580,7.421,0.617136
ONCY,1.620,1.875,0.864088
ONDK,3.960,5.304,0.746654
ONE,8.330,8.254,1.009221
ONTX,2.300,3.395,0.677368
ONVO,0.460,0.864,0.532285
OOMA,11.950,13.532,0.883083
OPBK,9.930,9.476,1.047933
OPES,10.340,10.190,1.014706
OPGN,0.338,0.826,0.409333
OPHC,3.210,3.757,0.854487
OPI,26.240,27.959,0.938522
OPK,2.070,2.508,0.825505
OPNT,13.100,13.288,0.985885
OPOF,22.300,21.895,1.018474
OPRX,15.000,13.538,1.108022
OPTN,6.060,8.193,0.739654
OPTT,1.970,3.842,0.512766
OPY,29.930,26.879,1.113505
OR,11.520,10.555,1.091375
ORA,63.150,58.391,1.081495
ORAN,14.740,15.589,0.945566
ORBC,7.820,7.520,1.039830
ORC,6.630,6.634,0.999356
ORCL,57.540,53.547,1.074574
ORGO,6.150,13.132,0.468328
ORGS,4.320,4.694,0.920390
ORI,23.070,21.619,1.067098
ORIT,17.340,16.925,1.024545
ORLY,396.820,375.385,1.057102
ORMP,3.870,3.420,1.131554
ORN,3.510,3.276,1.071568
ORRF,21.440,20.346,1.053768
ORTX,13.800,16.110,0.856623
OSB,23.630,25.191,0.938039
OSBC,12.520,13.264,0.943894
OSG,1.920,1.924,0.998056
OSIS,109.530,95.698,1.144533
OSK,81.880,77.772,1.052823
OSMT,3.580,4.990,0.717468
OSN,2.310,1.902,1.214277
OSPN,15.360,16.420,0.935466
OSS,1.630,2.175,0.749365
OSTK,17.540,15.464,1.134283
OSUR,8.540,10.142,0.842076
OSW,15.300,12.721,1.202751
OTEL,14.800,16.222,0.912359
OTEX,42.730,38.928,1.097678
OTIC,2.510,2.499,1.004432
OTIV,0.430,0.614,0.700709
OTLK,2.450,4.376,0.559919
OTTR,51.920,50.409,1.029968
OTTW,13.320,13.447,0.990565
OUT,26.240,23.616,1.111088
OVBC,37.900,37.096,1.021683
OVID,2.350,2.136,1.099975
OVLY,19.190,18.685,1.027000
OXBR,1.050,1.116,0.941169
OXFD,13.130,15.418,0.851605
OXM,69.430,76.234,0.910743
OXY,52.330,59.711,0.876384
OZK,29.300,30.801,0.951261
OZM,22.810,16.789,1.358621
PAA,24.600,23.891,1.029660
PAAS,15.350,12.959,1.184462
PAC,104.280,97.345,1.071246
PACB,5.330,6.985,0.763026
PACD,8.280,14.036,0.589898
PACK,7.970,9.893,0.805615
PACQ,10.170,10.054,1.011553
PACW,37.630,38.815,0.969466
PAG,44.110,45.076,0.978566
PAGP,24.750,24.088,1.027485
PAGS,45.640,29.947,1.524036
PAHC,30.060,31.154,0.964895
PAM,33.260,29.985,1.109225
PANL,3.480,3.342,1.041240
PANW,222.260,224.509,0.989983
PAR,25.060,25.408,0.986321
PARR,22.260,18.629,1.194930
PATI,16.800,18.614,0.902533
PATK,43.190,45.089,0.957883
PAVM,1.070,1.097,0.975713
PAYC,232.810,193.357,1.204039
PAYS,17.500,8.912,1.963698
PAYX,84.560,80.458,1.050989
PB,67.820,70.173,0.966465
PBA,38.080,36.342,1.047837
PBBI,11.390,11.259,1.011655
PBCT,16.330,16.721,0.976594
PBCTP,27.250,25.460,1.070290
PBF,27.830,31.298,0.889183
PBFX,21.620,21.183,1.020646
PBH,32.090,29.336,1.093862
PBHC,13.850,14.349,0.965208
PBI,3.950,5.903,0.669102
PBIP,18.000,17.730,1.015233
PBPB,4.440,7.264,0.611230
PBR,15.990,15.644,1.022139
PBT,5.270,6.735,0.782440
PBTS,3.620,0.000,
PBYI,10.200,25.323,0.402791
PCAR,69.330,68.357,1.014233
PCB,16.850,17.044,0.988633
PCG,17.790,18.294,0.972439
PCH,38.120,37.117,1.027030
PCMI,34.730,29.861,1.163044
PCOM,11.940,11.785,1.013195
PCRX,39.880,41.005,0.972571
PCSB,19.570,19.718,0.992501
PCTI,4.540,5.017,0.904947
PCTY,104.840,89.564,1.170557
PCYG,4.990,7.005,0.712306
PCYO,10.870,10.046,1.082003
PD,46.290,0.000,
PDCE,29.440,36.782,0.800392
PDCO,20.280,22.210,0.913118
PDD,20.050,23.779,0.843186
PDEX,14.120,14.063,1.004028
PDFS,12.840,12.228,1.050087
PDLB,14.190,13.752,1.031828
PDLI,3.140,3.305,0.950174
PDM,20.030,20.310,0.986221
PDS,1.700,2.194,0.775013
PDSB,6.240,7.275,0.857764
PE,16.520,18.703,0.883282
PEB,26.780,30.618,0.874657
PEBK,27.330,27.552,0.991927
PEBO,31.750,32.055,0.990500
PED,1.670,2.048,0.815342
PEG,60.180,58.356,1.031263
PEGA,75.540,67.109,1.125626
PEGI,23.530,21.935,1.072728
PEI,5.900,6.512,0.905958
PEIX,0.640,1.053,0.607668
PEN,176.140,147.445,1.194611
PENN,17.910,21.478,0.833861
PEP,130.090,123.092,1.056848
PER,1.750,2.146,0.815488
PERI,4.040,3.054,1.323067
PES,0.220,1.267,0.173635
PESI,3.820,3.732,1.023647
PETQ,36.000,29.724,1.211156
PETS,16.230,20.402,0.795499
PETX,4.920,4.384,1.122271
PETZ,0.560,0.759,0.737909
PFBI,15.200,15.776,0.963492
PFE,42.770,42.119,1.015450
PFG,59.370,53.443,1.110913
PFGC,42.300,39.068,1.082719
PFIE,1.500,1.662,0.902452
PFIN,8.100,8.212,0.986363
PFIS,44.990,43.666,1.030320
PFMT,1.320,1.815,0.727380
PFNX,5.930,5.603,1.058351
PFPT,123.620,116.352,1.062469
PFS,24.610,25.673,0.958610
PFSI,23.420,22.253,1.052425
PFSW,3.780,4.961,0.761979
PG,115.010,103.884,1.107100
PGC,28.010,27.724,1.010306
PGNX,5.260,4.784,1.099400
PGR,79.980,74.746,1.070027
PGRE,13.660,14.322,0.953804
PGTI,15.980,15.580,1.025659
PH,169.610,169.853,0.998567
PHAS,10.030,8.809,1.138578
PHCF,2.490,3.488,0.713932
PHG,43.510,40.392,1.077206
PHI,23.270,23.289,0.999197
PHIO,0.400,0.411,0.973272
PHM,33.230,29.726,1.117887
PHUN,2.010,38.054,0.052819
PHX,11.620,14.773,0.786583
PI,34.860,22.234,1.567858
PICO,10.770,10.736,1.003164
PIH,5.100,5.202,0.980425
PIHPP,25.210,24.063,1.047680
PII,84.260,88.205,0.955276
PINC,39.180,36.761,1.065810
PINS,25.560,0.000,
PIR,3.840,14.974,0.256446
PIRS,4.580,3.504,1.306947
PIXY,0.629,1.022,0.615510
PJC,76.140,73.791,1.031840
PJT,36.840,41.546,0.886729
PK,26.340,29.816,0.883406
PKBK,23.770,21.649,1.097949
PKD,17.650,0.000,
PKE,16.370,17.119,0.956226
PKG,99.900,96.587,1.034298
PKI,93.830,92.870,1.010333
PKOH,30.490,33.125,0.920454
PKX,50.160,55.238,0.908075
PLAB,8.750,9.360,0.934860
PLAG,4.320,3.871,1.115949
PLAN,56.540,40.057,1.411474
PLAY,41.080,49.080,0.837000
PLBC,24.110,24.433,0.986775
PLCE,99.370,97.124,1.023129
PLD,80.740,73.918,1.092284
PLG,1.450,1.510,0.960313
PLM,0.400,0.575,0.695606
PLMR,26.450,0.000,
PLNT,74.170,69.622,1.065317
PLOW,39.580,37.979,1.042159
PLPC,57.210,54.382,1.052001
PLSE,12.390,14.557,0.851118
PLT,36.650,44.692,0.820055
PLUG,2.310,2.176,1.061752
PLUS,73.120,82.559,0.885670
PLX,0.390,0.437,0.891934
PLXP,6.200,5.446,1.138402
PLXS,56.050,58.147,0.963936
PLYA,7.340,7.900,0.929087
PLYM,18.950,16.998,1.114861
PM,88.730,82.322,1.077839
PMBC,8.230,8.029,1.025072
PMD,8.810,13.604,0.647598
PMT,21.890,20.921,1.046325
PMTS,2.700,2.965,0.910661
PNBK,14.850,15.243,0.974244
PNC,138.830,129.799,1.069576
PNFP,58.820,56.292,1.044910
PNM,49.620,46.496,1.067181
PNR,37.380,39.583,0.944353
PNRG,116.400,131.360,0.886113
PNTR,15.050,14.674,1.025615
PNW,93.590,93.442,1.001587
POAI,0.675,0.763,0.884445
PODD,121.170,98.103,1.235136
POL,30.410,29.736,1.022652
POLA,4.600,4.575,1.005406
POOL,191.240,171.198,1.117067
POPE,69.150,68.193,1.014028
POR,54.610,51.657,1.057167
POST,110.980,104.756,1.059414
POWI,83.040,72.154,1.150869
POWL,36.810,32.257,1.141131
PPBI,30.770,29.317,1.049569
PPC,26.240,23.547,1.114373
PPDF,3.990,4.537,0.879387
PPG,117.510,111.864,1.050471
PPHI,12.590,0.000,
PPIH,8.890,8.881,1.001032
PPL,30.170,31.110,0.969785
PPSI,5.590,5.171,1.081099
PQG,15.820,15.635,1.011810
PRA,37.710,38.668,0.975213
PRAA,28.530,28.640,0.996159
PRAH,99.480,100.145,0.993356
PRCP,3.680,6.486,0.567347
PRFT,35.300,29.499,1.196660
PRGO,51.560,47.815,1.078315
PRGS,41.250,40.369,1.021812
PRGX,6.500,7.857,0.827318
PRI,121.140,121.032,1.000892
PRIM,20.050,20.793,0.964282
PRK,97.150,96.978,1.001771
PRLB,106.980,109.602,0.976078
PRMW,13.760,13.823,0.995455
PRNB,38.580,32.412,1.190312
PRO,66.080,48.416,1.364839
PROV,21.400,19.812,1.080163
PRPH,2.100,2.895,0.725513
PRPL,6.440,5.916,1.088616
PRPO,3.030,3.896,0.777814
PRQR,8.550,12.663,0.675205
PRS,27.160,25.761,1.054298
PRSC,54.270,64.455,0.841989
PRSP,23.400,21.735,1.076584
PRT,7.900,8.529,0.926283
PRTA,9.860,11.229,0.878113
PRTH,7.500,6.606,1.135270
PRTK,3.320,5.379,0.617170
PRTO,0.415,1.453,0.285664
PRTS,1.220,1.076,1.133877
PRTY,5.970,8.647,0.690429
PRU,101.020,97.201,1.039292
PRVB,11.900,4.867,2.444789
PS,29.570,31.234,0.946735
PSA,244.080,223.519,1.091987
PSB,171.910,156.203,1.100555
PSDO,13.710,14.622,0.937639
PSMT,61.690,58.697,1.050993
PSN,36.840,13.363,2.756776
PSO,10.960,10.948,1.001102
PSTG,15.800,19.030,0.830255
PSTI,0.600,0.788,0.761112
PSTL,15.610,0.000,
PSV,2.868,3.460,0.829004
PSX,101.960,93.136,1.094743
PSXP,51.720,50.368,1.026845
PT,2.960,8.327,0.355463
PTC,87.990,89.548,0.982602
PTCT,43.020,37.397,1.150368
PTE,5.330,10.345,0.515211
PTEN,10.770,12.870,0.836830
PTGX,13.140,10.449,1.257582
PTI,0.906,2.073,0.437135
PTLA,26.640,30.217,0.881625
PTN,1.000,1.061,0.942582
PTNR,4.550,4.399,1.034306
PTR,55.100,61.408,0.897271
PTSI,54.720,53.293,1.026777
PTVCA,16.600,18.068,0.918731
PTVCB,16.430,18.211,0.902195
PUB,28.690,28.828,0.995202
PUK,43.180,41.978,1.028636
PULM,0.897,1.239,0.724167
PUMP,17.230,19.872,0.867053
PUYI,10.500,0.000,
PVAC,30.050,42.996,0.698901
PVBC,28.040,24.061,1.165368
PVG,11.380,8.473,1.343154
PVH,88.250,108.703,0.811843
PVL,2.660,2.877,0.924493
PVT,10.190,6425.362,0.001586
PVTL,10.090,17.837,0.565665
PW,8.750,5.926,1.476536
PWOD,44.810,41.644,1.076030
PWR,37.840,36.934,1.024537
PXD,138.070,147.254,0.937632
PXLW,2.960,3.586,0.825478
PXS,1.055,1.144,0.921834
PYDS,3.054,2.800,1.090555
PYPL,118.630,105.397,1.125556
PYX,15.110,19.695,0.767201
PZG,0.978,0.860,1.137846
PZN,7.800,8.908,0.875638
PZZA,45.410,46.902,0.968196
QADA,42.010,43.784,0.959489
QADB,33.250,32.021,1.038374
QBAK,5.580,5.778,0.965793
QCOM,75.000,65.428,1.146295
QCRH,33.920,34.245,0.990497
QD,8.020,6.424,1.248464
QDEL,56.970,60.517,0.941395
QEP,5.320,7.555,0.704201
QES,1.970,3.820,0.515712
QFIN,11.210,15.322,0.731646
QGEN,39.540,38.849,1.017783
QHC,1.520,2.021,0.752191
QIWI,19.670,15.902,1.236959
QLYS,87.800,85.685,1.024687
QNST,16.020,15.172,1.055925
QRHC,2.370,2.030,1.167751
QRTEA,12.920,16.578,0.779363
QRTEB,12.570,16.694,0.752970
QRVO,71.290,68.545,1.040047
QSR,73.020,65.545,1.114051
QTNT,10.460,9.112,1.147910
QTRH,1.230,1.075,1.144308
QTRX,31.270,25.171,1.242326
QTS,44.610,44.256,1.007995
QTWO,79.980,69.620,1.148805
QUAD,7.540,11.400,0.661412
QUIK,0.520,0.749,0.694677
QUMU,3.790,3.030,1.250731
QUOT,11.100,10.280,1.079726
QURE,72.370,57.678,1.254727
R,58.500,59.115,0.989600
RACE,166.500,138.474,1.202395
RAD,6.790,11.390,0.596157
RADA,3.370,3.146,1.071217
RAIL,5.410,6.777,0.798331
RAMP,49.720,52.209,0.952333
RAND,2.650,2.819,0.939996
RARE,62.100,61.252,1.013851
RARX,33.530,23.395,1.433200
RAVE,2.460,1.856,1.325191
RAVN,35.010,37.116,0.943268
RBA,36.180,34.721,1.042035
RBB,19.390,19.567,0.990966
RBBN,4.910,5.091,0.964420
RBC,80.350,80.312,1.000473
RBCAA,48.260,45.568,1.059078
RBCN,8.460,8.124,1.041402
RBKB,10.900,0.000,
RBNC,23.570,22.384,1.053007
RBS,5.790,6.272,0.923153
RBZ,2.810,4.674,0.601184
RC,15.000,15.086,0.994267
RCI,53.280,53.163,1.002208
RCII,26.050,22.039,1.181987
RCKT,12.530,16.330,0.767278
RCKY,29.530,26.508,1.113996
RCL,110.150,118.245,0.931541
RCM,12.720,10.579,1.202399
RCMT,3.300,3.818,0.864289
RCON,0.770,0.926,0.831438
RCUS,8.170,10.233,0.798417
RDCM,7.120,8.043,0.885211
RDFN,16.980,18.778,0.904234
RDHL,8.100,7.805,1.037777
RDI,13.010,14.900,0.873159
RDIB,22.560,25.821,0.873696
RDN,23.330,21.647,1.077758
RDNT,14.750,13.226,1.115199
RDUS,22.440,20.592,1.089720
RDVT,12.640,9.087,1.390997
RDWR,24.680,24.770,0.996382
RDY,37.720,38.679,0.975202
RE,252.010,232.588,1.083504
RECN,16.660,16.342,1.019465
REDU,9.010,9.603,0.938202
REED,3.350,3.152,1.062977
REFR,2.790,2.678,1.041995
REG,65.010,66.185,0.982251
REGI,15.550,21.138,0.735644
REGN,298.110,363.362,0.820421
REI,2.970,4.946,0.600519
REKR,3.030,0.984,3.079698
RELL,5.600,6.328,0.884932
RELV,4.450,4.436,1.003184
RELX,24.340,22.739,1.070393
RENN,0.860,1.445,0.595203
REPH,9.930,8.800,1.128362
REPL,12.110,13.642,0.887701
RES,6.360,9.682,0.656859
RESI,11.770,10.855,1.084243
RESN,2.350,2.831,0.830154
RETA,87.170,86.232,1.010876
RETO,1.301,1.685,0.772110
REV,19.940,22.423,0.889260
REVG,13.690,11.159,1.226845
REX,79.750,77.403,1.030316
REXN,5.240,6.525,0.803051
REXR,41.140,36.865,1.115949
REZI,19.220,21.628,0.888672
RF,15.130,15.081,1.003275
RFIL,7.310,7.480,0.977253
RFL,20.870,17.098,1.220591
RFP,6.870,7.563,0.908317
RGA,156.520,148.331,1.055204
RGCO,28.120,27.730,1.014050
RGEN,86.800,65.928,1.316587
RGLD,117.790,91.091,1.293105
RGLS,1.210,1.132,1.068631
RGNX,49.130,49.776,0.987023
RGR,54.940,53.945,1.018445
RGS,18.380,18.652,0.985406
RH,124.810,119.515,1.044302
RHE,2.130,1.663,1.280612
RHI,57.640,61.417,0.938506
RHP,75.350,81.148,0.928547
RHT,187.710,182.971,1.025902
RIBT,2.590,3.155,0.820949
RICK,14.650,20.868,0.702042
RIG,5.800,7.792,0.744391
RIGL,2.410,2.294,1.050441
RILY,18.870,17.912,1.053512
RIO,61.110,58.342,1.047453
RIOT,1.980,3.289,0.601991
RIVE,10.500,11.149,0.941794
RJF,84.820,83.603,1.014555
RKDA,3.020,5.140,0.587575
RL,110.270,119.284,0.924433
RLGT,5.330,6.071,0.877901
RLGY,5.260,11.419,0.460645
RLH,6.820,7.981,0.854506
RLI,88.960,77.378,1.149685
RLJ,17.050,18.191,0.937297
RLM,2.770,3.075,0.900779
RM,26.140,25.854,1.011045
RMAX,28.870,36.629,0.788168
RMBL,4.480,5.036,0.889623
RMBS,12.530,10.842,1.155701
RMCF,8.420,9.019,0.933536
RMD,123.460,108.604,1.136788
RMED,2.740,4.981,0.550142
RMG,9.821,5.743,1.709993
RMNI,5.100,5.200,0.980834
RMR,48.570,58.803,0.825975
RMTI,3.020,4.308,0.701006
RNDB,15.010,14.962,1.003196
RNET,9.010,11.225,0.802697
RNG,121.010,109.558,1.104528
RNGR,6.970,7.349,0.948484
RNR,180.120,156.882,1.148127
RNST,34.620,35.553,0.973746
RNWK,1.620,2.540,0.637738
ROAD,13.750,12.688,1.083726
ROAN,1.220,5.448,0.223916
ROCK,39.290,38.756,1.013772
ROG,156.680,153.569,1.020255
ROIC,17.590,17.308,1.016283
ROK,159.950,169.427,0.944066
ROKU,106.850,72.468,1.474453
ROL,37.820,38.778,0.975304
ROLL,161.630,141.255,1.144242
ROP,374.570,338.042,1.108057
ROSE,3.060,3.432,0.891533
ROST,106.610,95.964,1.110938
ROX,0.570,0.682,0.835235
ROYT,2.150,2.079,1.034033
RP,63.210,59.837,1.056376
RPAI,11.480,12.234,0.938347
RPD,62.770,49.998,1.255442
RPLA,9.850,16.684,0.590376
RPM,62.290,58.505,1.064690
RPT,11.420,12.327,0.926414
RRBI,48.000,0.000,
RRC,5.290,9.289,0.569462
RRD,2.000,3.966,0.504302
RRGB,34.300,30.797,1.113727
RRR,22.120,24.863,0.889671
RRTS,10.480,11.015,0.951387
RS,93.300,87.883,1.061635
RSG,87.110,81.351,1.070798
RST,23.100,21.315,1.083757
RTEC,27.040,23.735,1.139259
RTIX,4.100,4.805,0.853230
RTLR,19.050,0.000,
RTN,178.570,178.219,1.001970
RTRX,21.210,20.784,1.020509
RTTR,0.990,0.846,1.170192
RTW,1.730,2.449,0.706343
RUBI,7.180,5.865,1.224283
RUBY,15.080,15.623,0.965259
RUHN,3.660,0.000,
RUN,19.770,15.792,1.251889
RUSHA,34.030,39.330,0.865233
RUSHB,36.360,39.613,0.917892
RUTH,22.550,24.279,0.928780
RVEN,4.080,3.762,1.084636
RVI,36.020,32.632,1.103809
RVLT,0.330,0.345,0.956416
RVNC,12.600,14.411,0.874335
RVP,0.710,0.710,0.999463
RVSB,8.220,7.730,1.063368
RWGE,10.250,10.117,1.013132
RWLK,4.060,5.010,0.810311
RWT,16.570,16.078,1.030605
RXN,28.240,27.304,1.034285
RY,80.320,77.601,1.035034
RYAAY,64.310,70.904,0.906998
RYAM,5.040,11.272,0.447123
RYB,6.400,7.294,0.877437
RYI,8.010,8.329,0.961690
RYN,29.420,30.216,0.973668
RYTM,21.390,26.319,0.812725
S,6.950,6.339,1.096307
SA,14.270,12.818,1.113290
SABR,23.070,21.946,1.051215
SACH,5.290,4.672,1.132313
SAEX,3.450,3.688,0.935559
SAFE,32.980,23.953,1.376869
SAFM,129.980,132.991,0.977362
SAFT,95.470,90.637,1.053320
SAGE,184.540,163.073,1.131643
SAH,23.730,17.945,1.322371
SAIA,65.230,63.527,1.026813
SAIC,85.330,76.376,1.117229
SAIL,20.660,24.994,0.826604
SAL,38.110,40.365,0.944136
SALM,2.140,2.447,0.874396
SALT,6.230,4.693,1.327623
SAM,387.580,308.206,1.257534
SAMA,9.890,9.807,1.008440
SAMG,14.200,14.129,1.004997
SAN,4.430,4.710,0.940521
SAND,6.520,5.402,1.206998
SANM,30.680,30.222,1.015140
SANW,2.980,2.691,1.107524
SAP,124.630,118.578,1.051041
SASR,35.280,33.578,1.050690
SATS,45.790,40.707,1.124861
SAUC,0.790,0.904,0.873776
SAVA,1.340,1.172,1.142913
SAVE,50.890,53.644,0.948663
SB,2.260,1.617,1.397498
SBAC,228.400,201.971,1.130857
SBBP,2.770,4.132,0.670392
SBBX,22.400,22.335,1.002912
SBCF,25.620,26.848,0.954263
SBFG,16.420,17.836,0.920589
SBFGP,16.500,17.877,0.922962
SBGI,55.890,44.520,1.255397
SBGL,5.180,4.017,1.289439
SBH,12.180,16.550,0.735945
SBLK,10.650,8.188,1.300742
SBNY,123.870,126.292,0.980825
SBOW,11.870,19.006,0.624526
SBPH,5.120,8.032,0.637427
SBR,45.970,46.292,0.993051
SBRA,19.980,19.435,1.028036
SBS,13.960,11.303,1.235039
SBSI,32.210,33.736,0.954776
SBT,9.930,9.689,1.024905
SBUX,90.300,75.787,1.191493
SC,25.400,21.709,1.170038
SCCO,37.630,36.456,1.032211
SCHL,32.740,38.494,0.850528
SCHN,25.430,23.956,1.061535
SCHW,42.720,44.057,0.969649
SCI,46.790,43.049,1.086895
SCKT,2.310,2.147,1.075870
SCL,92.950,89.039,1.043923
SCON,0.950,1.322,0.718534
SCOR,3.840,14.294,0.268638
SCPH,5.210,3.393,1.535732
SCPL,10.560,0.000,
SCS,16.830,16.741,1.005340
SCSC,32.200,35.311,0.911889
SCVL,26.860,32.872,0.817120
SCWX,12.990,17.559,0.739811
SCX,6.130,7.146,0.857782
SCYX,1.230,1.324,0.929132
SD,6.460,7.765,0.831975
SDI,20.470,18.150,1.127847
SDLP,3.140,7.693,0.408148
SDPI,0.970,1.267,0.765298
SDR,0.630,0.902,0.698223
SDRL,3.680,7.242,0.508116
SDT,0.610,0.895,0.681593
SE,34.650,24.326,1.424427
SEAC,1.700,1.452,1.170996
SEAS,33.370,27.266,1.223853
SEB,4113.990,4097.130,1.004115
SECO,7.580,8.583,0.883112
SEDG,63.370,47.610,1.331036
SEE,43.180,43.255,0.998276
SEED,5.800,6.448,0.899438
SEEL,1.950,3.114,0.626241
SEIC,56.570,52.792,1.071561
SELB,1.690,2.122,0.796281
SELF,4.180,3.876,1.078338
SEM,16.100,14.864,1.083190
SEMG,11.790,14.188,0.830996
SENEA,28.840,26.618,1.083464
SENEB,30.000,27.066,1.108394
SENS,1.150,2.283,0.503779
SERV,53.550,47.948,1.116831
SES,0.620,0.540,1.148798
SESN,1.260,1.209,1.042249
SF,58.650,55.315,1.060299
SFBC,34.800,34.436,1.010560
SFBS,33.000,33.763,0.977409
SFE,11.390,11.129,1.023466
SFET,1.500,2.263,0.662844
SFIX,26.900,26.585,1.011856
SFL,12.850,12.460,1.031262
SFLY,50.670,45.486,1.113966
SFM,18.170,21.648,0.839353
SFNC,23.440,24.795,0.945336
SFST,37.420,36.322,1.030219
SFUN,2.310,6.492,0.355848
SG,11.410,13.233,0.862215
SGA,30.460,31.812,0.957503
SGB,20.600,20.628,0.998664
SGBX,0.800,1.714,0.466796
SGC,16.130,17.123,0.942005
SGEN,75.070,70.774,1.060704
SGH,31.090,23.241,1.337696
SGLB,1.240,1.594,0.777713
SGMA,2.570,2.722,0.944270
SGMO,11.600,10.473,1.107661
SGMS,17.920,22.124,0.809970
SGOC,0.990,1.074,0.921552
SGRP,0.710,0.664,1.069449
SGRY,6.940,10.887,0.637443
SGU,9.670,9.651,1.002009
SHAK,74.170,58.826,1.260841
SHBI,16.000,15.507,1.031821
SHEN,37.740,43.407,0.869452
SHG,38.380,38.254,1.003299
SHI,36.510,45.730,0.798375
SHIP,0.640,4.056,0.157784
SHIPZ,0.220,0.000,
SHLL,9.800,0.000,
SHLO,5.090,5.525,0.921222
SHLX,21.370,20.080,1.064247
SHO,13.150,14.236,0.923688
SHOO,33.510,32.899,1.018569
SHOP,330.000,233.867,1.411060
SHOS,2.510,2.269,1.106210
SHSP,10.250,15.322,0.668963
SHW,456.600,438.510,1.041254
SIBN,19.730,18.285,1.078997
SIC,11.070,11.310,0.978806
SID,4.630,3.746,1.236000
SIEB,10.920,10.909,1.001050
SIEN,5.880,8.550,0.687713
SIF,2.880,2.999,0.960244
SIFY,1.470,1.505,0.976868
SIG,18.630,23.217,0.802413
SIGA,5.440,5.985,0.909003
SIGI,75.200,68.551,1.096998
SILC,30.000,34.218,0.876727
SILK,41.700,24.673,1.690103
SILV,4.810,3.551,1.354400
SIM,8.410,8.858,0.949374
SIMO,41.150,40.216,1.023232
SINA,40.440,54.520,0.741745
SINO,0.700,0.827,0.845941
SINT,0.089,0.190,0.468666
SIRI,6.060,5.823,1.040691
SITC,13.010,13.281,0.979624
SITE,67.760,60.897,1.112697
SITO,0.780,1.461,0.533856
SIVB,219.310,232.102,0.944887
SIX,52.250,53.706,0.972885
SJI,33.060,31.731,1.041871
SJM,114.300,114.662,0.996844
SJR,19.530,20.369,0.958792
SJT,3.410,4.567,0.746707
SJW,64.770,61.295,1.056698
SKIS,5.100,4.483,1.137623
SKM,24.260,24.679,0.983034
SKT,15.990,19.300,0.828491
SKX,39.010,31.074,1.255404
SKY,27.250,21.587,1.262319
SKYS,0.510,0.653,0.781166
SKYW,59.570,56.434,1.055578
SLAB,104.020,91.974,1.130972
SLB,38.710,41.648,0.929446
SLCA,11.230,13.937,0.805763
SLCT,11.310,11.621,0.973213
SLDB,4.760,10.204,0.466492
SLF,42.390,39.094,1.084313
SLG,81.470,87.902,0.926825
SLGG,8.160,0.000,
SLGL,9.800,7.571,1.294426
SLGN,30.150,29.190,1.032877
SLM,9.610,10.133,0.948381
SLMBP,59.060,64.428,0.916685
SLNO,2.780,2.138,1.300513
SLP,34.230,23.199,1.475499
SLS,0.130,0.927,0.140165
SLVO,6.900,6.719,1.026937
SM,9.900,15.490,0.639125
SMAR,53.240,40.856,1.303103
SMBC,32.200,33.498,0.961258
SMBK,22.280,20.267,1.099310
SMED,3.580,3.561,1.005208
SMFG,7.010,7.118,0.984857
SMG,103.000,85.166,1.209401
SMHI,13.160,13.662,0.963230
SMIT,2.040,2.419,0.843321
SMLP,7.360,9.520,0.773097
SMMF,25.870,25.141,1.028981
SMMT,1.310,1.632,0.802628
SMP,44.890,48.141,0.932465
SMPL,27.630,22.047,1.253217
SMRT,0.860,0.988,0.870701
SMSI,3.230,2.642,1.222778
SMTA,8.360,7.541,1.108551
SMTC,49.280,50.136,0.982924
SMTS,1.280,1.515,0.844638
SMTX,3.830,4.095,0.935383
SNA,150.000,160.923,0.932122
SNAP,14.020,11.113,1.261606
SNBR,40.150,39.928,1.005560
SNCR,7.370,6.878,1.071530
SND,2.460,3.241,0.759116
SNDE,1.620,2.648,0.611832
SNDR,18.810,20.161,0.933004
SNDX,9.090,6.856,1.325855
SNE,53.660,48.606,1.103978
SNES,1.350,1.285,1.050815
SNFCA,5.110,5.108,1.000433
SNGX,1.140,0.850,1.341900
SNH,8.100,10.222,0.792398
SNMP,2.230,2.372,0.940020
SNN,43.170,40.512,1.065621
SNNA,0.796,1.945,0.409314
SNOA,6.180,7.595,0.813656
SNP,66.290,76.284,0.868988
SNPS,134.990,113.935,1.184799
SNR,6.880,5.831,1.179809
SNSS,0.800,0.889,0.899803
SNV,36.280,35.764,1.014442
SNX,95.380,97.749,0.975767
SNY,41.950,42.672,0.983086
SO,55.270,52.152,1.059779
SOGO,3.830,5.332,0.718276
SOHO,6.800,6.920,0.982648
SOHOB,25.376,25.192,1.007296
SOHON,25.814,0.000,
SOHOO,25.130,24.842,1.011610
SOHU,12.930,17.093,0.756444
SOI,13.090,15.887,0.823963
SOL,1.180,1.557,0.757819
SOLO,2.880,2.897,0.994019
SOLY,12.080,0.000,
SON,60.920,61.269,0.994304
SONA,15.080,14.996,1.005599
SONM,13.420,0.000,
SONO,10.790,10.938,0.986461
SORL,3.660,3.262,1.121911
SP,33.830,33.488,1.010203
SPAQ,10.000,9.853,1.014914
SPAR,11.930,9.131,1.306474
SPB,51.690,56.472,0.915329
SPCB,1.100,1.404,0.783578
SPEX,2.370,3.251,0.728983
SPFI,17.420,7.074,2.462688
SPG,156.440,173.840,0.899910
SPGI,239.930,211.379,1.135071
SPH,23.840,22.916,1.040341
SPHS,1.030,0.972,1.060104
SPI,2.100,2.916,0.720240
SPKE,11.170,9.665,1.155748
SPKEP,24.800,23.793,1.042310
SPLK,138.140,127.613,1.082496
SPLP,14.000,13.891,1.007825
SPN,0.820,3.334,0.245970
SPNE,12.730,14.420,0.882825
SPNS,15.670,14.722,1.064389
SPOK,14.610,14.489,1.008345
SPOT,144.110,139.383,1.033913
SPPI,7.850,9.639,0.814418
SPR,78.540,85.839,0.914971
SPRO,9.920,11.504,0.862317
SPRT,1.520,2.117,0.717938
SPSC,100.600,102.210,0.984249
SPTN,11.450,16.011,0.715141
SPWH,4.260,4.769,0.893268
SPWR,10.990,7.631,1.440266
SPXC,34.420,33.308,1.033387
SQ,78.510,72.434,1.083887
SQBG,0.510,0.941,0.541849
SQM,30.800,36.505,0.843709
SQNS,0.940,1.020,0.921224
SR,84.950,81.780,1.038760
SRAX,4.310,3.976,1.083875
SRC,43.600,40.864,1.066967
SRCE,44.840,45.781,0.979447
SRCI,4.000,5.087,0.786385
SRCL,45.610,48.449,0.941404
SRDX,39.060,45.804,0.852760
SRE,140.050,126.915,1.103492
SREV,0.930,1.010,0.920583
SRG,40.370,43.208,0.934324
SRI,31.490,28.911,1.089217
SRLP,17.910,17.937,0.998468
SRNE,2.600,3.083,0.843278
SRPT,149.260,128.609,1.160571
SRRA,0.550,1.316,0.417810
SRRK,13.150,17.569,0.748492
SRT,6.600,7.566,0.872311
SRTS,5.280,6.572,0.803403
SSB,75.650,70.579,1.071854
SSD,63.500,62.214,1.020667
SSFN,15.450,10.497,1.471889
SSI,0.740,0.963,0.768511
SSKN,2.650,2.732,0.969937
SSL,23.970,29.038,0.825457
SSNC,58.180,58.671,0.991638
SSNT,2.990,2.862,1.044702
SSP,15.020,18.976,0.791534
SSRM,15.860,12.724,1.246436
SSTI,38.000,45.141,0.841814
SSTK,38.850,41.795,0.929536
SSW,9.960,9.310,1.069870
SSY,1.530,1.452,1.053786
SSYS,28.450,24.698,1.151907
ST,46.450,47.669,0.974420
STAA,31.050,31.963,0.971434
STAF,1.730,1.706,1.013914
STAG,29.980,29.084,1.030817
STAR,12.680,9.815,1.291965
STAY,16.030,17.537,0.914050
STBA,37.340,39.187,0.952872
STC,38.330,42.427,0.903434
STCN,1.750,1.871,0.935142
STE,146.250,129.434,1.129922
STFC,35.540,34.087,1.042616
STG,2.090,3.509,0.595601
STI,65.390,62.675,1.043326
STIM,12.480,14.884,0.838482
STKL,3.050,3.702,0.823797
STKS,3.090,3.170,0.974698
STL,21.150,20.121,1.051133
STLD,31.470,32.785,0.959900
STM,18.190,16.553,1.098891
STML,13.470,13.170,1.022776
STMP,45.300,89.545,0.505892
STN,24.090,24.012,1.003236
STND,27.860,28.559,0.975535
STNE,34.790,29.135,1.194095
STNG,27.840,23.089,1.205757
STNL,10.190,10.096,1.009331
STON,1.890,2.990,0.632091
STOR,33.600,33.044,1.016836
STRA,185.840,149.100,1.246414
STRL,12.130,13.169,0.921097
STRM,1.390,1.245,1.116500
STRO,11.160,10.775,1.035720
STRS,28.700,26.179,1.096318
STRT,22.110,28.601,0.773038
STT,60.080,64.671,0.929016
STWD,23.040,22.453,1.026124
STX,47.300,45.996,1.028350
STXB,22.380,21.876,1.023050
STZ,201.570,184.862,1.090378
SU,31.150,32.360,0.962615
SUI,131.390,120.397,1.091305
SUM,18.500,16.451,1.124537
SUMR,0.480,0.737,0.651269
SUN,33.390,30.620,1.090464
SUNW,0.530,0.664,0.798496
SUP,2.640,4.748,0.556049
SUPN,32.020,35.404,0.904414
SUPV,7.590,7.494,1.012876
SURF,2.740,4.220,0.649219
SUZ,17.590,21.248,0.827860
SVA,6.470,6.477,0.998901
SVBI,8.550,8.794,0.972299
SVM,3.050,2.381,1.280958
SVMK,17.020,15.857,1.073352
SVRA,2.490,7.647,0.325614
SVT,9.950,11.406,0.872357
SWAV,50.280,0.000,
SWCH,13.200,10.748,1.228134
SWI,18.150,18.457,0.983386
SWIR,11.760,12.981,0.905924
SWK,143.550,137.318,1.045383
SWKS,81.320,79.201,1.026751
SWM,33.860,34.255,0.988468
SWN,2.440,3.956,0.616839
SWX,89.120,83.705,1.064698
SXC,8.980,8.911,1.007735
SXCP,12.410,12.621,0.983306
SXI,68.940,73.108,0.942982
SXT,67.000,67.986,0.985493
SXTC,2.820,4.962,0.568338
SY,14.150,6.783,2.086105
SYBT,34.950,34.883,1.001915
SYBX,7.060,8.179,0.863206
SYF,35.050,32.769,1.069601
SYK,208.020,189.452,1.098010
SYKE,28.020,27.613,1.014735
SYMC,22.270,22.006,1.012016
SYN,0.540,0.611,0.883808
SYNA,31.460,35.375,0.889341
SYNC,1.510,1.656,0.911777
SYNH,48.210,47.979,1.004806
SYNL,16.040,16.148,0.993325
SYPR,0.830,0.980,0.846939
SYRS,7.400,7.131,1.037690
SYX,20.670,22.189,0.931558
SYY,70.860,68.870,1.028898
T,32.790,31.427,1.043354
TA,3.490,4.135,0.844007
TAC,6.140,6.324,0.970968
TACO,12.460,10.913,1.141800
TACT,11.920,9.926,1.200911
TAIT,3.100,2.940,1.054449
TAK,17.380,19.045,0.912566
TAL,36.180,35.028,1.032879
TALO,22.600,24.280,0.930798
TANH,1.470,1.559,0.942815
TAOP,0.710,0.958,0.740938
TAP,54.590,59.533,0.916971
TARO,83.560,98.051,0.852213
TAST,8.880,9.394,0.945295
TAT,0.770,0.945,0.814650
TATT,5.690,6.290,0.904578
TAYD,11.050,11.943,0.925224
TBBK,9.070,8.975,1.010641
TBI,21.680,23.136,0.937051
TBIO,9.280,9.381,0.989186
TBK,30.330,30.310,1.000657
TBLT,0.390,1.323,0.294756
TBNK,29.860,28.025,1.065461
TBPH,17.560,21.964,0.799480
TBRG,11.850,10.354,1.144521
TC,5.060,5.781,0.875282
TCBI,58.860,59.769,0.984791
TCBIP,25.930,25.748,1.007056
TCBK,37.100,38.572,0.961842
TCCO,2.510,3.500,0.717143
TCDA,33.380,30.291,1.101978
TCF,20.870,21.343,0.977822
TCFC,32.400,30.478,1.063069
TCGP,24.930,23.255,1.072020
TCI,26.480,30.462,0.869280
TCMD,53.590,58.317,0.918941
TCO,39.880,48.553,0.821376
TCON,0.556,0.906,0.613485
TCP,39.480,35.546,1.110658
TCRR,10.790,0.000,
TCS,6.550,7.410,0.883977
TCX,50.820,71.122,0.714547
TD,58.790,56.356,1.043198
TDAC,10.386,10.214,1.016834
TDC,35.150,41.470,0.847604
TDG,483.590,448.261,1.078812
TDOC,68.550,61.083,1.122236
TDS,32.700,32.383,1.009776
TDW,21.470,22.783,0.942351
TDY,278.090,243.715,1.141044
TEAM,134.160,115.266,1.163914
TECD,99.820,100.576,0.992487
TECH,209.470,195.610,1.070856
TECK,22.200,22.484,0.987357
TECTP,10.760,0.000,
TEDU,1.740,4.766,0.365049
TEF,8.160,8.409,0.970397
TEL,88.710,86.871,1.021167
TELL,7.260,9.040,0.803091
TEN,9.060,22.033,0.411208
TENB,30.520,29.424,1.037244
TENX,1.400,1.477,0.947735
TEO,17.550,15.685,1.118939
TER,45.960,42.524,1.080798
TERP,14.580,13.281,1.097772
TESS,17.500,17.132,1.021495
TEUM,3.140,3.673,0.854857
TEVA,7.910,14.035,0.563602
TEX,30.700,31.207,0.983751
TFSL,18.250,17.031,1.071585
TFX,335.050,297.162,1.127501
TG,16.610,16.914,0.982006
TGA,1.450,1.768,0.820058
TGB,0.490,0.579,0.846053
TGC,0.660,0.962,0.686190
TGE,21.530,23.471,0.917305
TGEN,3.430,3.753,0.913835
TGH,9.430,10.694,0.881793
TGI,22.330,20.882,1.069355
TGLS,7.460,7.486,0.996482
TGNA,15.310,14.380,1.064701
TGP,14.970,14.115,1.060594
TGS,15.200,13.898,1.093675
TGT,88.010,78.620,1.119441
TGTX,7.740,6.783,1.141143
TH,8.820,10.020,0.880283
THC,18.080,23.584,0.766620
THCB,9.950,0.000,
THFF,39.480,41.228,0.957591
THG,128.930,119.796,1.076242
THM,0.610,0.533,1.145006
THO,58.350,61.886,0.942855
THOR,16.540,16.511,1.001752
THR,25.650,24.658,1.040243
THRM,39.040,40.402,0.966282
THS,57.090,58.637,0.973609
TI,5.630,5.590,1.007211
TIBR,10.290,10.075,1.021338
TIF,92.670,96.050,0.964810
TIGO,55.800,59.357,0.940073
TIGR,4.680,0.000,
TILE,15.330,16.028,0.956469
TIPT,6.290,6.123,1.027201
TISI,15.100,15.917,0.948665
TITN,20.140,18.034,1.116810
TIVO,7.230,8.914,0.811073
TJX,54.640,52.202,1.046708
TK,4.440,3.839,1.156641
TKAT,0.543,0.709,0.765595
TKC,5.770,5.756,1.002440
TKKS,10.070,9.924,1.014707
TKR,47.680,45.898,1.038821
TLC,5.100,5.763,0.885006
TLF,5.750,5.762,0.997933
TLGT,0.680,1.091,0.623111
TLK,30.190,27.480,1.098608
TLND,34.790,44.198,0.787137
TLRA,7.900,6.202,1.273864
TLRD,5.280,8.688,0.607702
TLRY,43.590,59.346,0.734501
TLSA,6.970,6.975,0.999245
TLYS,8.240,10.628,0.775298
TM,130.170,122.199,1.065231
TMCX,10.330,10.221,1.010703
TMDI,2.150,2.871,0.748930
TMDX,25.930,0.000,
TME,14.360,15.983,0.898464
TMHC,21.930,19.219,1.141071
TMK,91.040,85.646,1.062978
TMO,289.820,267.781,1.082303
TMP,79.810,78.750,1.013464
TMQ,2.370,2.489,0.952245
TMSR,1.320,1.880,0.701982
TMST,6.930,9.993,0.693455
TMUS,77.430,72.969,1.061136
TNAV,8.600,6.502,1.322689
TNC,65.750,61.732,1.065084
TNDM,64.620,60.372,1.070361
TNET,71.720,60.409,1.187236
TNK,1.260,1.105,1.140153
TNP,3.420,3.240,1.055580
TNXP,0.590,1.952,0.302221
TOCA,5.690,8.756,0.649804
TOL,36.100,36.742,0.982535
TOO,1.220,1.258,0.969782
TOPS,0.470,0.724,0.648788
TORC,10.010,8.291,1.207334
TOT,54.500,55.217,0.987006
TOTA,10.270,10.105,1.016340
TOUR,3.150,4.239,0.743034
TOWR,30.780,23.157,1.329195
TPB,53.550,45.079,1.187902
TPC,13.410,16.781,0.799126
TPCO,8.230,10.652,0.772615
TPGH,10.310,10.246,1.006213
TPH,12.660,12.870,0.983665
TPHS,3.960,4.074,0.972134
TPIC,26.220,27.380,0.957644
TPL,761.500,767.564,0.992100
TPR,30.300,32.684,0.927069
TPRE,10.260,10.699,0.958974
TPTX,41.020,0.000,
TPX,77.220,61.963,1.246236
TR,37.640,37.293,1.009314
TRC,17.590,17.754,0.990769
TRCB,13.750,15.364,0.894947
TRCH,1.580,1.335,1.183961
TRCO,46.340,46.175,1.003582
TREC,9.500,9.302,1.021313
TREE,410.210,356.744,1.149873
TREX,69.870,69.267,1.008702
TRGP,39.710,40.770,0.973990
TRHC,54.780,53.942,1.015531
TRI,67.670,59.488,1.137534
TRIB,2.200,2.518,0.873598
TRIL,0.351,0.752,0.466727
TRIP,44.870,50.926,0.881081
TRK,18.890,17.099,1.104757
TRMB,43.980,40.674,1.081269
TRMD,8.300,7.627,1.088223
TRMK,32.360,33.428,0.968064
TRMT,4.790,7.560,0.633557
TRN,19.680,21.855,0.900482
TRNE,9.760,0.000,
TRNO,48.750,43.810,1.112750
TRNS,24.080,23.917,1.006808
TRNX,0.310,1.000,0.310095
TROV,2.110,3.275,0.644373
TROW,108.470,102.300,1.060310
TROX,11.830,11.647,1.015750
TRP,50.530,46.356,1.090052
TRPX,2.390,3.444,0.693908
TRQ,0.630,1.474,0.427395
TRS,30.760,30.422,1.011114
TRST,8.170,7.895,1.034897
TRT,2.890,3.144,0.919332
TRTN,32.520,32.422,1.003018
TRTX,19.600,19.684,0.995738
TRU,75.020,66.736,1.124134
TRUE,5.170,6.904,0.748836
TRUP,33.240,31.321,1.061254
TRV,150.230,138.985,1.080911
TRVG,4.060,4.635,0.875980
TRVI,6.500,93.726,0.069351
TRVN,1.020,1.274,0.800335
TRWH,27.940,0.000,
TRX,0.990,0.712,1.391374
TRXC,1.390,2.019,0.688353
TS,25.110,26.477,0.948380
TSBK,25.380,27.967,0.907500
TSC,19.910,21.549,0.923937
TSCAP,26.750,26.376,1.014191
TSCBP,26.078,0.000,
TSCO,112.470,99.434,1.131103
TSE,37.700,44.782,0.841865
TSEM,16.400,16.470,0.995768
TSG,15.830,17.360,0.911890
TSLA,258.180,260.833,0.989828
TSM,43.830,40.067,1.093928
TSN,80.800,71.574,1.128905
TSQ,5.540,5.687,0.974200
TSRI,4.460,5.043,0.884358
TSS,132.550,104.710,1.265883
TST,6.200,14.841,0.417770
TSU,16.250,15.299,1.062166
TTC,72.350,67.491,1.071995
TTD,235.310,198.752,1.183936
TTEC,47.240,37.539,1.258412
TTEK,84.990,64.615,1.315338
TTGT,21.990,17.577,1.251081
TTI,1.520,2.120,0.716929
TTM,11.280,12.924,0.872823
TTMI,9.480,11.176,0.848279
TTNP,1.240,1.538,0.806221
TTOO,1.640,2.692,0.609302
TTPH,0.400,1.007,0.397379
TTS,4.080,5.442,0.749758
TTWO,116.060,101.499,1.143455
TU,36.920,36.426,1.013563
TUES,1.660,1.993,0.833020
TUFN,26.170,0.000,
TUP,17.970,25.096,0.716041
TURN,1.980,1.938,1.021623
TUSK,6.410,15.704,0.408177
TV,9.150,10.503,0.871188
TVIX,15.000,26.846,0.558743
TVTY,15.840,19.639,0.806574
TW,49.500,0.000,
TWI,4.030,5.412,0.744654
TWIN,13.220,16.058,0.823245
TWLO,145.620,126.839,1.148070
TWMC,0.310,0.411,0.754412
TWNK,14.340,12.841,1.116743
TWO,13.190,13.495,0.977429
TWOU,39.140,54.330,0.720416
TWST,30.260,24.956,1.212525
TWTR,36.770,34.730,1.058751
TX,22.740,26.446,0.859854
TXMD,2.250,4.223,0.532790
TXN,117.260,109.502,1.070849
TXRH,54.030,58.635,0.921466
TXT,49.140,51.494,0.954291
TYHT,0.659,0.804,0.820010
TYL,221.020,210.630,1.049329
TYME,1.230,1.863,0.660201
TYPE,16.730,17.927,0.933212
TZAC,10.260,10.136,1.012269
TZOO,14.240,15.289,0.931397
UA,23.950,20.394,1.174389
UAA,26.950,22.873,1.178239
UAL,93.830,85.346,1.099405
UAMY,0.640,0.562,1.139440
UAN,3.700,3.742,0.988820
UAVS,0.290,0.392,0.740690
UBA,21.280,21.345,0.996942
UBCP,11.400,11.182,1.019469
UBER,43.180,0.000,
UBFO,10.990,10.480,1.048618
UBNK,14.110,14.320,0.985309
UBNT,133.440,137.075,0.973482
UBOH,21.520,22.407,0.960413
UBP,16.700,16.922,0.986873
UBS,11.970,12.393,0.965864
UBSI,36.590,37.022,0.988330
UBX,7.510,9.403,0.798683
UCBI,27.970,27.007,1.035671
UCFC,9.260,9.408,0.984283
UCTT,13.880,12.122,1.145056
UDR,45.430,44.724,1.015795
UE,16.500,18.630,0.885690
UEC,1.060,1.341,0.790324
UEIC,41.710,36.465,1.143833
UEPS,4.050,3.821,1.059871
UFAB,2.740,3.939,0.695535
UFCS,48.320,47.570,1.015766
UFI,18.160,20.119,0.902650
UFPI,35.920,33.138,1.083949
UFPT,41.890,36.216,1.156658
UFS,41.210,46.658,0.883234
UG,19.960,19.466,1.025372
UGI,50.280,53.818,0.934268
UGLD,123.390,100.685,1.225503
UGP,5.380,9.799,0.549048
UHAL,376.170,374.691,1.003947
UHS,132.630,129.478,1.024347
UHT,88.000,78.733,1.117702
UIHC,12.820,15.364,0.834395
UIS,9.820,11.397,0.861594
UL,62.360,58.166,1.072109
ULBI,8.310,9.036,0.919675
ULH,21.660,21.263,1.018650
ULTA,357.000,330.519,1.080120
UMBF,64.460,66.052,0.975892
UMC,2.150,1.985,1.083228
UMH,12.190,13.409,0.909121
UMPQ,16.800,17.207,0.976345
UMRX,2.610,3.611,0.722762
UN,60.160,58.004,1.037172
UNAM,5.900,6.031,0.978317
UNB,34.180,41.065,0.832344
UNF,188.800,155.991,1.210327
UNFI,9.210,12.206,0.754573
UNH,256.650,248.695,1.031986
UNIT,8.370,12.101,0.691679
UNM,32.950,34.778,0.947431
UNP,175.300,168.025,1.043294
UNT,7.590,12.956,0.585810
UNTY,21.000,20.638,1.017543
UNVR,20.510,21.809,0.940417
UONE,2.230,2.196,1.015433
UONEK,2.200,2.001,1.099580
UPL,0.193,0.519,0.372066
UPLD,46.670,41.354,1.128539
UPS,103.310,105.234,0.981714
UPWK,17.040,18.564,0.917930
UQM,1.670,1.625,1.027861
URBN,22.770,28.105,0.810164
URG,0.630,0.808,0.779394
URGN,31.860,38.183,0.834395
URI,118.980,126.577,0.939984
UROV,8.570,9.259,0.925585
USAC,18.440,16.527,1.115774
USAK,9.340,14.420,0.647729
USAP,16.840,15.976,1.054089
USAS,2.900,1.837,1.578838
USAT,6.700,5.600,1.196477
USATP,26.390,21.595,1.222066
USB,55.000,51.360,1.070864
USCR,47.700,43.803,1.088956
USDP,11.750,11.064,1.061988
USEG,0.570,0.629,0.905530
USFD,35.210,35.559,0.990196
USLM,84.430,77.527,1.089036
USLV,77.120,67.130,1.148817
USM,47.890,48.840,0.980540
USNA,62.650,87.351,0.717224
USOI,20.310,22.278,0.911658
USPH,125.770,113.137,1.111665
USWS,3.500,7.172,0.487979
USX,4.560,6.745,0.676075
UTHR,75.320,101.640,0.741045
UTI,3.760,3.469,1.083764
UTL,59.270,55.459,1.068719
UTMD,86.150,86.199,0.999426
UTSI,3.030,3.395,0.892399
UTX,132.390,128.459,1.030603
UUU,1.260,1.275,0.988324
UUUU,1.970,2.970,0.663385
UVE,25.600,31.765,0.805923
UVSP,25.700,25.006,1.027752
UVV,60.540,57.281,1.056895
UXIN,2.400,3.127,0.767391
V,179.240,157.690,1.136658
VAC,95.880,95.695,1.001930
VALE,14.040,12.914,1.087163
VALU,26.960,22.961,1.174177
VAPO,18.380,18.525,0.992183
VAR,132.800,133.649,0.993646
VBFC,33.550,33.128,1.012740
VBIV,0.804,1.717,0.468244
VBLT,1.340,1.365,0.981839
VBTX,26.100,25.827,1.010581
VC,58.410,66.957,0.872348
VCEL,18.730,17.827,1.050670
VCNX,4.090,5.479,0.746527
VCRA,27.720,32.926,0.841879
VCTR,17.940,15.010,1.195234
VCYT,29.850,23.204,1.286412
VEC,42.650,32.945,1.294577
VECO,11.800,11.481,1.027786
VEDL,9.470,9.870,0.959495
VEEV,169.490,135.936,1.246839
VEON,3.030,2.503,1.210669
VER,8.820,8.460,1.042572
VERB,2.120,5.893,0.359752
VERI,7.800,6.769,1.152343
VERU,2.130,1.648,1.292224
VET,19.980,23.696,0.843182
VFC,87.340,83.467,1.046407
VFF,10.180,152.102,0.066929
VG,12.540,10.541,1.189684
VGR,9.540,10.352,0.921603
VGZ,0.860,0.688,1.250805
VHC,7.010,5.974,1.173484
VHI,2.390,2.713,0.880976
VIA,35.090,34.326,1.022268
VIAB,30.490,29.265,1.041863
VIAV,14.260,12.670,1.125507
VICI,21.640,21.929,0.986804
VICL,0.720,1.031,0.698305
VICR,32.980,33.944,0.971608
VIIX,9.900,12.505,0.791691
VIOT,9.020,9.773,0.922975
VIPS,7.510,7.735,0.970897
VIRC,4.100,4.223,0.970861
VIRT,21.990,24.134,0.911161
VISI,4.550,4.329,1.050975
VISL,1.160,2.919,0.397406
VIV,14.270,12.492,1.142367
VIVE,0.423,0.737,0.574121
VIVO,11.580,13.908,0.832636
VJET,1.800,2.022,0.890214
VKTX,8.250,8.451,0.976261
VLGEA,25.020,27.507,0.909596
VLO,83.650,82.971,1.008183
VLRS,9.900,8.858,1.117632
VLRX,2.670,5.967,0.447428
VLY,10.700,10.313,1.037551
VLYPO,25.650,24.970,1.027245
VLYPP,27.500,27.005,1.018320
VMC,136.010,120.955,1.124472
VMI,129.190,127.662,1.011973
VMW,179.500,176.537,1.016781
VNCE,12.920,13.201,0.978720
VNDA,12.990,18.222,0.712881
VNE,16.340,23.304,0.701173
VNET,7.140,8.190,0.871836
VNO,63.920,67.208,0.951079
VNOM,30.210,31.583,0.956535
VNRX,3.500,3.082,1.135519
VNTR,4.140,5.336,0.775891
VOC,5.620,5.241,1.072363
VOD,16.110,17.595,0.915611
VOXX,4.670,4.488,1.040443
VOYA,56.310,51.698,1.089217
VPG,40.090,36.440,1.100162
VRA,11.380,11.179,1.017972
VRAY,9.440,8.104,1.164806
VRCA,10.360,10.533,0.983602
VREX,30.660,30.701,0.998675
VRML,0.780,1.017,0.766657
VRNA,4.030,5.995,0.672253
VRNS,68.250,61.625,1.107507
VRNT,55.480,55.212,1.004846
VRRM,13.790,12.167,1.133406
VRS,17.060,21.130,0.807365
VRSK,151.430,134.688,1.124298
VRSN,214.210,189.378,1.131123
VRTS,108.060,104.953,1.029602
VRTSP,94.000,92.238,1.019104
VRTU,43.830,48.971,0.895027
VRTV,16.670,25.733,0.647803
VRTX,174.130,179.757,0.968699
VSAT,81.290,80.100,1.014858
VSEC,25.790,30.036,0.858638
VSH,16.020,18.572,0.862586
VSI,4.340,5.381,0.806508
VSLR,8.160,5.824,1.400996
VSM,51.850,47.387,1.094174
VST,21.830,24.957,0.874696
VSTM,1.430,2.389,0.598594
VSTO,7.510,8.948,0.839321
VTGN,0.620,1.087,0.570165
VTIQ,10.160,10.016,1.014348
VTIQW,0.450,0.479,0.938908
VTNR,1.460,1.436,1.016897
VTR,66.920,64.055,1.044728
VTSI,2.340,3.436,0.681113
VTVT,1.400,1.857,0.753957
VUZI,2.450,3.280,0.746864
VVI,70.340,59.518,1.181822
VVPR,1.340,1.229,1.090175
VVUS,3.400,4.082,0.832959
VVV,20.150,19.187,1.050210
VXRT,0.720,1.263,0.570116
VYGR,24.320,19.367,1.255733
VZ,56.590,57.167,0.989905
W,145.380,143.751,1.011330
WAAS,18.340,19.672,0.932305
WAB,70.060,71.532,0.979423
WABC,61.360,62.200,0.986493
WAFD,34.980,31.506,1.110255
WAFU,3.320,0.000,
WAGE,51.050,41.885,1.218812
WAIR,10.800,9.182,1.176177
WAL,46.000,44.551,1.032530
WASH,51.180,51.233,0.998973
WAT,213.720,224.358,0.952586
WATT,4.200,5.784,0.726087
WB,40.390,57.212,0.705972
WBA,54.440,59.521,0.914628
WBAI,10.860,12.375,0.877600
WBC,132.460,129.208,1.025166
WBK,19.680,19.025,1.034406
WBS,49.520,51.542,0.960762
WBT,16.710,15.777,1.059140
WCC,48.450,52.468,0.923424
WCFB,8.680,8.181,1.060986
WCG,286.870,270.690,1.059774
WCN,94.580,89.013,1.062539
WD,55.850,52.648,1.060819
WDAY,214.240,196.311,1.091330
WDC,52.460,46.371,1.131309
WDFC,177.710,169.487,1.048519
WDR,16.880,17.426,0.968644
WEBK,31.900,32.384,0.985062
WEC,86.310,78.623,1.097765
WEI,8.430,10.155,0.830124
WELL,83.050,78.083,1.063610
WEN,19.160,18.191,1.053251
WERN,32.750,32.719,1.000950
WES,30.350,31.325,0.968871
WETF,6.450,6.788,0.950225
WEX,216.570,190.588,1.136327
WEYS,23.770,29.178,0.814644
WF,35.460,37.235,0.952317
WFC,46.030,47.868,0.961612
WGO,39.330,33.624,1.169699
WH,58.790,53.731,1.094164
WHD,30.760,34.377,0.894784
WHG,32.320,34.478,0.937407
WHLM,5.680,5.936,0.956856
WHLR,1.730,1.766,0.979429
WHLRD,15.020,13.868,1.083096
WHLRP,14.400,12.605,1.142361
WHR,148.190,135.405,1.094422
WIFI,17.710,21.668,0.817328
WILC,10.230,8.782,1.164834
WINA,166.510,172.461,0.965491
WING,95.570,77.536,1.232582
WINS,14.000,21.171,0.661267
WIRE,54.770,55.965,0.978652
WISA,1.120,1.985,0.564243
WIT,4.170,4.711,0.885092
WIX,145.840,125.819,1.159129
WK,57.510,50.612,1.136299
WKHS,3.450,1.455,2.371097
WLDN,35.060,35.827,0.978603
WLFC,60.750,47.366,1.282556
WLH,19.030,16.487,1.154252
WLK,68.440,69.263,0.988121
WLKP,23.920,23.027,1.038797
WLL,15.660,23.937,0.654227
WLTW,195.880,177.241,1.105164
WM,116.790,105.287,1.109257
WMB,27.570,27.590,0.999261
WMC,10.020,10.060,0.995994
WMGI,27.140,30.199,0.898698
WMK,36.220,42.146,0.859396
WMS,32.320,27.799,1.162619
WMT,113.900,102.094,1.115636
WNC,15.180,14.571,1.041796
WNEB,9.010,9.452,0.953231
WNS,62.860,54.474,1.153947
WOR,39.660,37.906,1.046267
WORK,31.300,0.000,
WORX,4.000,5.770,0.693235
WOW,7.310,8.122,0.899993
WP,131.410,109.020,1.205379
WPC,83.840,78.517,1.067793
WPG,3.360,4.839,0.694324
WPM,26.730,22.156,1.206431
WPP,57.560,58.640,0.981583
WPRT,2.910,1.980,1.469867
WPX,10.280,12.306,0.835363
WRB,66.840,58.950,1.133838
WRI,26.860,28.472,0.943368
WRK,36.230,37.712,0.960697
WRLD,167.360,130.547,1.281988
WRLS,10.380,10.298,1.007965
WRN,0.660,0.603,1.093738
WRTC,5.100,5.833,0.874294
WSBC,37.560,39.275,0.956334
WSBF,16.860,16.623,1.014287
WSFS,39.720,41.554,0.955865
WSM,69.260,57.572,1.203025
WSO,155.250,152.091,1.020774
WSR,12.530,12.848,0.975219
WST,121.410,113.077,1.073697
WSTG,11.230,11.413,0.984007
WSTL,1.870,2.047,0.913420
WTBA,21.190,21.357,0.992162
WTER,1.800,2.526,0.712473
WTFC,66.780,72.208,0.924829
WTFCM,28.290,28.014,1.009870
WTI,4.830,5.356,0.901787
WTM,1043.000,950.236,1.097622
WTR,41.000,37.768,1.085586
WTRH,5.230,9.683,0.540115
WTS,90.810,82.734,1.097620
WTT,1.550,1.598,0.970046
WTTR,9.730,10.733,0.906590
WU,20.400,19.012,1.073007
WUBA,57.220,63.685,0.898478
WVE,23.160,32.946,0.702971
WVFC,17.240,16.931,1.018265
WVVI,6.740,7.075,0.952696
WVVIP,4.720,4.689,1.006547
WW,24.780,22.835,1.085175
WWD,115.870,101.006,1.147156
WWE,70.230,82.229,0.854079
WWR,4.790,6.747,0.709951
WWW,27.110,32.744,0.827929
WY,25.090,25.495,0.984128
WYND,45.780,43.025,1.064028
WYNN,134.650,125.964,1.068958
WYY,0.440,0.454,0.968902
X,15.070,17.789,0.847156
XAN,11.360,10.909,1.041312
XBIO,4.850,17.563,0.276152
XBIT,7.140,8.475,0.842527
XEC,49.410,66.613,0.741746
XEL,60.770,56.329,1.078837
XELA,2.380,3.171,0.750653
XELB,2.400,1.548,1.550072
XENE,10.020,9.238,1.084658
XENT,20.510,28.211,0.727031
XERS,12.280,11.353,1.081669
XFOR,13.510,17.206,0.785169
XHR,20.820,20.596,1.010893
XIN,4.270,4.589,0.930453
XLNX,122.700,116.430,1.053851
XLRN,42.330,42.418,0.997927
XNCR,44.590,34.050,1.309527
XNET,2.210,3.291,0.671468
XOG,3.990,4.204,0.949017
XOM,74.990,77.092,0.972731
XOMA,18.900,14.662,1.289028
XON,7.450,6.230,1.195753
XONE,7.770,8.783,0.884635
XPER,20.860,22.423,0.930308
XPL,0.320,0.340,0.942234
XPO,62.010,57.179,1.084492
XRAY,56.670,50.384,1.124754
XRF,0.368,0.881,0.417685
XRX,34.290,31.863,1.076155
XSPA,1.350,2.775,0.486533
XTLB,1.950,2.237,0.871635
XTNT,2.850,3.021,0.943399
XXII,1.930,2.069,0.932986
XYF,3.020,5.067,0.596047
XYL,80.870,77.496,1.043543
XYN,1.200,7.873,0.152418
Y,693.120,651.665,1.063614
YCBD,4.100,5.083,0.806585
YELP,34.080,35.362,0.963741
YETI,32.870,26.540,1.238504
YEXT,20.590,19.743,1.042927
YGTY,1.050,2.703,0.388442
YGYI,5.080,6.196,0.819839
YI,4.550,7.527,0.604495
YIN,4.420,5.799,0.762200
YJ,10.850,0.000,
YMAB,22.780,22.543,1.010504
YNDX,39.000,36.000,1.083336
YOGA,0.473,0.729,0.648895
YORW,35.780,34.247,1.044769
YPF,17.290,15.403,1.122488
YRCW,3.230,5.958,0.542155
YRD,11.550,13.682,0.844204
YRIV,0.469,0.959,0.488822
YTEN,0.950,1.044,0.909855
YTRA,4.390,4.437,0.989368
YUM,112.530,101.058,1.113522
YUMA,2.680,0.439,6.109458
YUMC,44.340,42.138,1.052251
YVR,1.650,2.741,0.602022
YY,64.990,74.441,0.873046
Z,47.060,39.299,1.197500
ZAGG,7.450,8.923,0.834923
ZAYO,33.540,29.958,1.119553
ZBH,123.450,119.923,1.029414
ZBRA,182.150,198.018,0.919864
ZDGE,1.600,1.968,0.812958
ZEAL,22.470,18.332,1.225694
ZEN,90.690,82.145,1.104023
ZEUS,12.290,15.973,0.769406
ZFGN,1.150,2.909,0.395324
ZG,46.770,38.844,1.204057
ZGNX,47.950,44.373,1.080622
ZION,46.100,47.059,0.979629
ZIOP,5.480,3.995,1.371701
ZIV,74.540,72.831,1.023462
ZIXI,9.210,8.237,1.118071
ZKIN,1.293,1.521,0.850073
ZLAB,35.590,29.559,1.204029
ZM,93.380,0.000,
ZN,0.340,0.532,0.638566
ZNGA,6.280,5.522,1.137272
ZNH,34.330,37.727,0.909967
ZOM,0.250,0.517,0.483516
ZS,82.680,65.479,1.262695
ZSAN,3.240,3.463,0.935529
ZTO,19.660,18.805,1.045443
ZTS,114.090,100.293,1.137567
ZUMZ,24.650,24.253,1.016383
ZUO,15.310,19.848,0.771347
ZVO,4.020,0.000,
ZYME,24.290,17.798,1.364753
ZYNE,10.800,9.073,1.190348
ZYXI,7.730,6.160,1.254886
