A,69.500,75.137,0.924972
AA,23.130,26.028,0.888647
AABA,71.010,70.306,1.010017
AAC,0.988,1.783,0.554020
AAL,31.240,33.005,0.946527
AAMC,11.000,24.520,0.448622
AAME,2.310,2.532,0.912355
AAN,64.080,55.563,1.153292
AAOI,9.310,12.123,0.767987
AAON,51.760,45.314,1.142264
AAP,152.620,161.342,0.945941
AAPL,207.740,188.478,1.102195
AAT,46.940,45.382,1.034321
AAU,0.760,0.600,1.266344
AAWW,45.680,46.692,0.978331
AAXN,69.500,60.222,1.154068
AB,29.740,29.402,1.011494
ABB,18.680,19.384,0.963702
ABBV,67.760,78.034,0.868344
ABC,86.120,81.171,1.060972
ABCB,39.760,37.329,1.065132
ABEO,3.180,6.493,0.489737
ABEV,5.240,4.589,1.141897
ABG,89.500,75.953,1.178359
ABIL,0.777,1.496,0.519398
ABIO,6.800,7.431,0.915115
ABM,42.010,37.317,1.125755
ABMD,272.660,291.109,0.936625
ABR,12.110,12.666,0.956124
ABT,87.750,78.661,1.115540
ABTX,35.290,35.154,1.003872
ABUS,1.800,2.968,0.606497
AC,36.830,39.773,0.926016
ACA,36.450,33.308,1.094344
ACAD,23.340,25.124,0.929007
ACAM,9.770,0.000,
ACB,6.410,7.983,0.802959
ACBI,18.290,17.877,1.023084
ACC,46.740,46.621,1.002549
ACCO,8.130,8.416,0.966049
ACER,2.850,18.498,0.154074
ACGL,38.200,33.635,1.135738
ACH,8.290,9.350,0.886638
ACHC,33.200,31.005,1.070799
ACHN,4.650,2.795,1.663526
ACHV,1.850,2.797,0.661490
ACIA,65.100,52.608,1.237443
ACIU,5.490,5.225,1.050741
ACIW,33.510,32.557,1.029273
ACLS,15.970,18.614,0.857979
ACM,36.880,32.648,1.129614
ACMR,17.790,15.238,1.167463
ACN,196.930,174.326,1.129662
ACNB,37.600,37.496,1.002771
ACOR,6.780,11.404,0.594506
ACRE,15.190,14.953,1.015862
ACRS,1.750,5.360,0.326511
ACRX,2.440,2.951,0.826883
ACST,2.310,1.059,2.181287
ACTG,2.750,3.070,0.895632
ACTT,9.780,0.000,
ACTTW,0.880,0.000,
ACU,21.040,19.093,1.101998
ACY,8.050,10.090,0.797856
ADAP,3.180,4.124,0.771145
ADBE,311.270,274.070,1.135733
ADC,67.230,66.196,1.015614
ADES,12.970,12.141,1.068302
ADI,121.800,107.774,1.130145
ADIL,1.870,3.018,0.619691
ADM,40.590,41.894,0.968876
ADMA,3.640,4.032,0.902790
ADMP,1.180,2.078,0.567975
ADMS,6.010,6.985,0.860368
ADNT,23.640,19.755,1.196638
ADOM,0.247,0.332,0.743241
ADP,169.270,157.793,1.072736
ADRO,1.360,3.037,0.447875
ADS,158.870,159.112,0.998481
ADSK,167.990,163.105,1.029948
ADSW,32.400,29.705,1.090724
ADT,6.300,6.696,0.940899
ADTN,11.430,15.087,0.757620
ADUS,80.680,68.491,1.177960
ADVM,13.780,7.591,1.815364
ADXS,0.659,3.928,0.167765
AE,32.280,36.614,0.881629
AEE,76.590,73.022,1.048861
AEG,5.000,5.016,0.996774
AEGN,18.700,17.630,1.060678
AEHR,1.460,1.519,0.961250
AEIS,59.560,52.369,1.137307
AEL,26.200,29.081,0.900937
AEM,53.750,44.631,1.204330
AEMD,0.300,0.737,0.407001
AEO,17.530,20.025,0.875427
AEP,88.950,84.760,1.049435
AER,50.860,47.964,1.060369
AERI,22.800,38.897,0.586163
AES,16.940,17.082,0.991706
AETI,0.890,0.812,1.096595
AEY,1.710,1.428,1.197210
AEYE,6.500,9.009,0.721463
AEZS,2.470,3.566,0.692662
AFG,103.670,99.667,1.040160
AFH,0.510,3.073,0.165983
AFI,8.540,12.480,0.684320
AFIN,11.720,10.982,1.067173
AFINP,25.750,0.000,
AFL,53.890,51.137,1.053826
AFMD,2.990,3.412,0.876391
AG,9.820,6.682,1.469690
AGBAU,10.020,0.000,
AGCO,75.790,70.033,1.082201
AGE,2.550,3.852,0.661970
AGEN,2.400,2.897,0.828415
AGFS,1.550,2.975,0.521002
AGI,6.630,5.079,1.305295
AGIO,45.590,54.757,0.832587
AGLE,8.360,7.439,1.123829
AGM,75.720,73.914,1.024428
AGMH,16.900,20.212,0.836154
AGN,160.980,144.595,1.113313
AGNC,17.410,17.537,0.992783
AGNCB,25.860,25.541,1.012488
AGNCN,26.120,25.883,1.009161
AGO,43.830,43.376,1.010471
AGR,48.970,50.162,0.976239
AGRO,6.890,6.953,0.990932
AGRX,1.300,1.294,1.004791
AGS,18.940,22.543,0.840162
AGTC,3.950,3.881,1.017861
AGX,41.340,45.828,0.902059
AGYS,24.100,20.595,1.170215
AHC,3.650,3.829,0.953174
AHH,16.780,15.948,1.052153
AHPI,1.550,1.789,0.866513
AHT,2.600,4.514,0.575931
AI,6.610,7.614,0.868185
AIG,57.270,48.175,1.188797
AIHS,1.380,3.833,0.360074
AIMC,28.450,33.070,0.860284
AIMT,18.790,21.435,0.876621
AIN,79.040,74.852,1.055945
AINC,33.710,49.340,0.683213
AIR,42.270,35.145,1.202720
AIRG,13.240,13.457,0.983868
AIRI,1.080,1.133,0.953177
AIRT,18.800,19.032,0.987819
AIT,60.640,58.551,1.035684
AITB,5.250,5.054,1.038825
AIV,49.840,49.981,0.997173
AIZ,114.420,100.316,1.140600
AIZP,117.810,107.451,1.096403
AJG,92.330,82.598,1.117817
AJRD,43.390,38.365,1.130966
AJX,13.980,13.497,1.035790
AKAM,83.920,75.048,1.118213
AKBA,3.890,5.967,0.651900
AKCA,22.050,25.888,0.851761
AKER,0.420,0.799,0.525737
AKG,0.780,0.659,1.183461
AKR,27.710,27.989,0.990023
AKRX,3.480,3.933,0.884895
AKS,2.480,2.531,0.979912
AKTS,5.600,6.635,0.844014
AKTX,1.940,2.572,0.754346
AL,42.140,37.953,1.110310
ALAC,10.120,10.003,1.011730
ALB,74.580,77.103,0.967281
ALBO,26.940,30.684,0.877981
ALC,59.360,40.645,1.460463
ALCO,31.560,28.811,1.095412
ALDR,10.430,12.421,0.839726
ALDX,5.350,7.550,0.708613
ALE,86.590,81.926,1.056932
ALEC,20.990,0.000,
ALEX,23.450,23.590,0.994072
ALG,99.400,96.769,1.027191
ALGN,198.840,277.435,0.716707
ALGR,10.090,9.973,1.011711
ALGT,152.630,137.395,1.110883
ALIM,0.910,0.972,0.936155
ALJJ,1.750,1.592,1.099099
ALK,64.920,61.261,1.059731
ALKS,20.560,28.970,0.709711
ALL,102.930,96.477,1.066889
ALLE,105.260,96.993,1.085232
ALLK,33.920,39.630,0.855917
ALLO,29.360,28.370,1.034882
ALLT,7.650,7.464,1.024976
ALLY,33.730,28.803,1.171066
ALNA,4.030,5.959,0.676257
ALNY,76.360,79.102,0.965342
ALO,0.850,0.741,1.146992
ALOT,23.860,23.189,1.028932
ALPN,4.670,5.847,0.798759
ALRM,51.090,60.430,0.845434
ALRN,0.485,1.337,0.362726
ALSK,1.940,1.788,1.084863
ALSN,46.280,46.378,0.997895
ALT,2.410,2.770,0.870024
ALTM,3.560,5.600,0.635662
ALTR,42.870,37.081,1.156125
ALV,74.270,74.545,0.996313
ALX,375.500,371.883,1.009726
ALXN,114.630,127.975,0.895725
ALYA,2.920,2.938,0.993868
AM,9.450,12.747,0.741350
AMAG,8.510,11.998,0.709275
AMAL,16.910,17.184,0.984048
AMAT,50.740,41.650,1.218261
AMBA,49.590,43.417,1.142189
AMBC,17.930,17.950,0.998873
AMBO,3.040,5.079,0.598512
AMBR,13.050,10.635,1.227102
AMC,11.250,13.182,0.853442
AMCI,9.980,9.705,1.028308
AMCR,10.960,10.887,1.006675
AMCX,52.810,58.144,0.908262
AMD,34.020,27.260,1.247986
AME,89.280,83.337,1.071315
AMED,135.830,122.639,1.107558
AMEH,14.760,18.145,0.813432
AMG,90.050,100.260,0.898163
AMGN,175.340,182.948,0.958414
AMH,24.970,23.522,1.061553
AMID,5.240,4.830,1.084989
AMKR,8.200,8.080,1.014880
AMN,55.820,52.757,1.058051
AMNB,36.580,35.409,1.033066
AMOT,39.710,38.097,1.042347
AMOV,14.040,14.820,0.947388
AMP,149.930,138.601,1.081742
AMPE,0.410,0.536,0.764446
AMPH,19.720,21.469,0.918540
AMR,0.140,0.355,0.394731
AMRB,13.260,13.010,1.019204
AMRC,14.300,15.406,0.928231
AMRH,0.311,0.332,0.936230
AMRK,12.100,12.331,0.981253
AMRN,18.320,18.783,0.975375
AMRS,2.820,3.837,0.734872
AMRX,3.650,10.505,0.347440
AMS,3.010,2.788,1.079562
AMSC,8.810,11.737,0.750641
AMSF,65.550,60.779,1.078496
AMSWA,13.520,12.515,1.080307
AMT,204.590,193.761,1.055886
AMTB,17.980,16.587,1.083985
AMTBB,13.710,12.812,1.070085
AMTD,52.050,52.864,0.984605
AMTX,0.990,0.956,1.035532
AMWD,85.630,81.483,1.050893
AMX,14.170,14.876,0.952515
AMZN,1943.050,1808.700,1.074280
AN,48.900,38.897,1.257156
ANAB,54.680,68.336,0.800166
ANAT,123.250,125.591,0.981362
ANCN,3.580,0.000,
ANDA,9.920,0.000,
ANDE,26.820,31.312,0.856529
ANDX,34.310,35.272,0.972733
ANET,272.980,271.438,1.005682
ANF,18.130,22.301,0.812974
ANFI,0.670,1.099,0.609683
ANGI,13.960,15.491,0.901182
ANGO,20.890,21.067,0.991619
ANH,3.930,4.100,0.958501
ANIK,55.850,36.466,1.531553
ANIP,84.260,68.788,1.224920
ANIX,4.700,4.488,1.047162
ANSS,213.150,187.108,1.139180
ANTE,1.440,1.970,0.730880
ANTM,299.980,285.579,1.050427
ANY,1.524,2.224,0.685144
AOBC,9.360,10.046,0.931669
AON,194.560,177.681,1.094998
AOS,44.880,49.111,0.913848
AOSL,10.640,10.546,1.008947
AP,3.620,3.733,0.969636
APA,23.930,31.124,0.768872
APAM,29.930,26.278,1.138955
APC,73.620,59.559,1.236088
APD,230.550,198.323,1.162496
APDN,0.280,0.570,0.491491
APEI,32.410,30.876,1.049697
APEN,2.890,3.466,0.833807
APH,95.280,94.712,1.005997
APHA,5.500,8.064,0.682027
APLE,15.640,16.141,0.968957
APLS,28.760,19.717,1.458649
APLT,8.750,0.000,
APM,22.380,18.896,1.184389
APO,36.140,31.254,1.156330
APOG,41.150,38.129,1.079233
APOP,0.550,0.977,0.562877
APPF,105.800,86.348,1.225273
APPN,39.890,34.951,1.141300
APPS,5.220,3.774,1.383299
APRN,9.750,13.922,0.700333
APT,3.470,3.685,0.941763
APTO,2.410,2.122,1.135607
APTS,14.240,15.505,0.918398
APTV,82.400,79.259,1.039625
APTX,3.730,4.136,0.901864
APU,33.800,32.853,1.028828
APVO,0.861,1.021,0.843575
APWC,2.050,2.229,0.919503
APY,31.860,36.378,0.875798
APYX,6.890,6.497,1.060517
AQ,13.150,10.730,1.225545
AQMS,1.840,2.436,0.755304
AQN,12.510,11.558,1.082373
AQST,3.650,5.634,0.647808
AQUA,14.080,12.929,1.089043
AQXP,2.730,2.554,1.068963
AR,4.130,7.643,0.540338
ARA,8.070,8.517,0.947489
ARAV,5.680,5.898,0.963058
ARAY,4.090,4.274,0.957041
ARC,1.820,2.229,0.816395
ARCB,27.970,31.270,0.894474
ARCE,44.760,34.163,1.310193
ARCH,91.480,90.393,1.012026
ARCI,4.100,3.538,1.158867
ARCO,8.150,7.509,1.085429
ARCT,11.560,6.885,1.679133
ARCW,0.220,0.726,0.303177
ARD,16.930,14.344,1.180318
ARDS,9.440,9.504,0.993309
ARDX,2.380,2.823,0.843139
ARE,143.460,140.912,1.018085
AREC,3.030,4.701,0.644539
ARES,29.330,24.722,1.186397
AREX,0.270,0.525,0.513800
ARGO,68.770,71.362,0.963683
ARGX,142.500,126.842,1.123445
ARI,18.580,18.439,1.007651
ARKR,20.290,19.831,1.023146
ARL,15.930,13.189,1.207817
ARLO,4.330,4.323,1.001731
ARLP,17.130,18.600,0.920979
ARMK,36.990,32.495,1.138330
ARMP,3.380,3.797,0.890153
ARNA,63.030,51.244,1.230008
ARNC,25.740,21.228,1.212553
AROC,10.690,9.868,1.083290
AROW,33.700,33.666,1.001002
ARPO,0.780,1.711,0.455784
ARQL,10.400,6.413,1.621808
ARR,18.040,19.346,0.932491
ARRY,47.290,28.432,1.663294
ARTNA,34.870,36.785,0.947934
ARTW,2.110,2.075,1.016961
ARTX,1.860,2.688,0.691941
ARVN,27.610,20.574,1.341972
ARW,71.710,74.693,0.960061
ARWR,29.520,20.985,1.406709
ARYA,9.990,9.886,1.010503
ASB,21.540,21.862,0.985293
ASC,7.670,6.635,1.156077
ASCMA,1.070,0.791,1.352992
ASFI,7.510,5.548,1.353712
ASGN,63.630,61.372,1.036786
ASH,79.620,77.582,1.026271
ASIX,26.260,28.787,0.912202
ASLN,3.105,3.638,0.853491
ASM,0.770,0.574,1.342606
ASMB,12.100,17.383,0.696080
ASML,230.850,195.073,1.183401
ASNA,0.440,1.357,0.324257
ASND,116.430,108.634,1.071763
ASPN,6.810,4.311,1.579814
ASPS,20.740,22.894,0.905915
ASPU,4.160,4.588,0.906783
ASR,153.960,164.422,0.936370
ASRT,3.140,3.987,0.787465
ASRV,4.100,4.131,0.992553
ASRVP,29.950,29.340,1.020777
ASTC,2.500,3.765,0.663937
ASTE,33.090,34.893,0.948316
ASUR,9.130,6.908,1.321566
ASV,7.010,3.337,2.100814
ASX,4.380,4.125,1.061828
ASYS,6.040,5.655,1.067988
AT,2.390,2.477,0.965046
ATAI,2.600,1.809,1.437313
ATAX,7.040,6.876,1.023835
ATEC,5.170,3.181,1.625123
ATEN,7.470,6.784,1.101113
ATEX,45.170,41.734,1.082332
ATGE,48.660,46.850,1.038637
ATH,42.510,43.094,0.986449
ATHE,1.120,1.578,0.709787
ATHM,85.240,91.602,0.930544
ATHX,1.500,1.588,0.944666
ATI,22.870,25.357,0.901912
ATIF,3.302,0.000,
ATIS,1.600,1.515,1.055866
ATKR,27.100,23.912,1.133330
ATLC,4.900,3.690,1.327749
ATLO,27.670,26.866,1.029925
ATNI,57.960,61.268,0.946011
ATNM,0.250,0.403,0.619655
ATNX,18.640,14.072,1.324582
ATO,108.130,101.743,1.062774
ATOM,5.160,3.857,1.337968
ATOS,2.020,2.385,0.847001
ATR,124.490,110.814,1.123411
ATRA,14.700,30.250,0.485945
ATRC,31.710,29.976,1.057842
ATRI,751.900,839.584,0.895562
ATRO,37.820,35.922,1.052830
ATRS,3.200,3.091,1.035241
ATSG,23.980,23.077,1.039129
ATTO,2.240,3.298,0.679259
ATU,22.960,24.045,0.954881
ATUS,26.420,22.894,1.154004
ATV,17.450,25.812,0.676035
ATVI,47.990,45.553,1.053506
ATXI,6.110,5.485,1.114022
AU,18.410,14.210,1.295573
AUB,38.120,34.580,1.102376
AUBN,39.100,35.159,1.112095
AUDC,18.790,14.788,1.270604
AUG,1.660,1.439,1.153781
AUMN,0.240,0.283,0.846983
AUO,2.660,3.368,0.789783
AUPH,6.220,6.422,0.968559
AUTL,13.750,23.185,0.593050
AUTO,3.360,3.557,0.944712
AUY,2.900,2.431,1.193116
AVA,45.730,42.383,1.078969
AVAL,7.920,7.584,1.044329
AVAV,54.220,68.180,0.795251
AVB,208.380,200.595,1.038811
AVCO,2.020,3.538,0.570942
AVD,14.050,16.179,0.868417
AVDL,2.410,1.950,1.235607
AVDR,18.700,0.000,
AVEO,0.640,0.814,0.786418
AVGO,300.920,285.753,1.053077
AVGR,2.360,5.293,0.445851
AVH,3.920,4.108,0.954214
AVID,10.020,7.349,1.363421
AVLR,86.420,61.234,1.411298
AVNS,41.980,43.585,0.963183
AVNW,12.810,13.638,0.939265
AVP,4.050,3.181,1.273371
AVRO,22.480,17.109,1.313892
AVT,45.500,43.931,1.035715
AVTR,18.010,0.000,
AVX,15.690,16.925,0.927054
AVXL,2.550,2.880,0.885311
AVY,117.190,109.108,1.074075
AVYA,11.410,14.856,0.768030
AWI,99.330,83.997,1.182547
AWK,115.090,107.366,1.071940
AWR,76.750,71.601,1.071918
AWRE,3.120,3.455,0.902929
AWSM,2.010,2.542,0.790768
AWX,2.490,2.532,0.983300
AX,27.560,29.535,0.933134
AXAS,0.870,1.194,0.728615
AXDX,19.440,19.736,0.985023
AXE,63.240,58.824,1.075064
AXGN,17.590,20.058,0.876956
AXGT,6.570,8.485,0.774342
AXL,12.520,13.538,0.924819
AXLA,8.080,0.000,
AXNX,37.730,26.353,1.431729
AXP,126.780,114.828,1.104087
AXR,6.040,5.813,1.039027
AXS,61.730,57.669,1.070412
AXSM,27.690,17.177,1.612073
AXTA,30.870,26.869,1.148917
AXTI,4.270,4.439,0.961927
AXU,1.680,1.161,1.447419
AY,23.150,20.600,1.123778
AYI,135.500,132.425,1.023217
AYR,21.150,20.296,1.042064
AYTU,1.630,1.670,0.976271
AYX,121.520,88.251,1.376979
AZN,43.510,39.720,1.095420
AZO,1146.180,1015.185,1.129035
AZPN,137.990,112.298,1.228788
AZRE,10.800,11.083,0.974482
AZRX,1.000,2.052,0.487302
AZUL,40.920,30.772,1.329778
AZZ,46.960,44.841,1.047254
B,52.050,55.461,0.938495
BA,345.000,375.536,0.918687
BABA,178.740,172.998,1.033189
BABY,26.750,26.875,0.995336
BAC,30.770,28.915,1.064144
BAH,69.200,59.376,1.165452
BAM,49.490,46.505,1.064180
BANC,15.210,14.475,1.050802
BAND,80.340,66.996,1.199169
BANF,59.100,55.321,1.068302
BANFP,27.190,26.789,1.014960
BANR,58.360,55.237,1.056542
BAP,229.590,234.157,0.980497
BAS,1.670,3.299,0.506225
BASI,1.970,1.853,1.063417
BATRA,28.630,27.797,1.029975
BATRK,28.570,27.751,1.029530
BAX,85.150,77.104,1.104346
BB,7.370,8.460,0.871111
BBAR,11.870,10.562,1.123891
BBBY,9.980,14.466,0.689877
BBCP,3.950,6.637,0.595107
BBD,9.600,9.443,1.016667
BBDO,8.780,8.972,0.978552
BBGI,3.250,3.762,0.863906
BBL,48.570,47.288,1.027120
BBSI,90.340,76.509,1.180782
BBT,51.650,49.349,1.046619
BBU,39.090,37.305,1.047863
BBVA,5.370,5.817,0.923213
BBW,4.490,5.394,0.832352
BBX,4.510,5.424,0.831459
BBY,77.750,68.216,1.139755
BC,47.860,48.943,0.977871
BCBP,12.960,12.683,1.021854
BCC,27.080,26.645,1.016324
BCE,45.570,44.696,1.019557
BCEI,22.070,22.162,0.995867
BCH,29.200,29.822,0.979131
BCLI,4.080,3.919,1.041080
BCML,22.470,22.555,0.996236
BCO,92.800,79.263,1.170787
BCOM,1.580,2.639,0.598779
BCOR,30.210,31.140,0.970140
BCOV,11.790,9.323,1.264649
BCOW,9.400,9.513,0.988079
BCPC,101.630,93.912,1.082178
BCRH,7.750,6.857,1.130178
BCRX,3.230,6.590,0.490114
BCS,7.870,8.154,0.965138
BCTF,15.210,15.324,0.992590
BCYC,8.450,0.000,
BDC,56.620,56.692,0.998725
BDGE,29.220,30.125,0.969960
BDL,22.700,24.140,0.940336
BDN,14.700,15.255,0.963640
BDR,0.910,1.033,0.880754
BDSI,3.720,4.597,0.809233
BDX,254.390,243.516,1.044653
BE,10.650,12.220,0.871549
BEAT,44.380,58.264,0.761711
BECN,37.440,35.921,1.042292
BEDU,9.420,10.494,0.897626
BELFA,15.720,18.645,0.843113
BELFB,17.200,21.549,0.798178
BEN,34.960,33.356,1.048072
BEP,35.890,32.017,1.120980
BERY,54.480,52.590,1.035934
BEST,4.810,5.248,0.916604
BFAM,156.850,132.114,1.187228
BFC,57.140,61.647,0.926889
BFIN,13.750,14.664,0.937653
BFRA,15.350,14.513,1.057681
BFS,54.100,54.282,0.996654
BFST,25.010,24.703,1.012410
BG,56.930,53.551,1.063100
BGCP,5.480,5.524,0.992123
BGFV,1.680,2.836,0.592329
BGG,9.720,11.629,0.835868
BGI,1.000,1.006,0.993779
BGNE,132.790,129.563,1.024906
BGS,18.230,23.494,0.775954
BGSF,18.100,21.655,0.835821
BH,92.720,121.894,0.760660
BHB,25.230,25.263,0.998698
BHC,23.810,24.004,0.991935
BHE,27.380,25.899,1.057190
BHF,39.300,38.428,1.022683
BHGE,24.840,24.848,0.999674
BHLB,32.420,29.774,1.088879
BHP,56.130,53.787,1.043557
BHR,9.220,11.537,0.799140
BHTG,2.390,2.375,1.006141
BHVN,44.650,50.234,0.888833
BID,58.790,43.531,1.350527
BIDU,114.220,148.026,0.771619
BIG,25.580,32.235,0.793550
BIIB,238.210,261.877,0.909624
BILI,15.960,16.881,0.945451
BIMI,2.460,4.744,0.518553
BIO,324.380,293.597,1.104849
BIOC,1.020,1.160,0.879368
BIOL,1.680,1.965,0.854846
BIOS,2.790,2.570,1.085700
BIOX,6.060,6.006,1.009014
BIP,44.200,41.485,1.065446
BIQI,0.690,1.601,0.430921
BITA,11.310,14.159,0.798763
BJ,23.870,26.081,0.915239
BJRI,39.750,46.522,0.854431
BK,47.600,48.654,0.978333
BKD,7.840,7.049,1.112213
BKE,20.880,17.953,1.163048
BKEP,1.270,1.320,0.962455
BKEPP,5.390,5.338,1.009811
BKH,79.520,74.023,1.074257
BKI,63.140,55.558,1.136465
BKJ,13.820,13.418,1.029947
BKNG,1966.850,1814.728,1.083826
BKS,6.550,5.793,1.130650
BKSC,19.130,18.592,1.028955
BKTI,3.940,4.108,0.959083
BKU,34.700,34.472,1.006619
BKYI,1.210,1.213,0.997483
BL,47.190,49.031,0.962449
BLBD,20.830,18.606,1.119506
BLCM,1.520,2.783,0.546223
BLD,81.100,70.376,1.152382
BLDP,4.140,3.576,1.157659
BLDR,17.340,14.634,1.184896
BLFS,19.260,17.212,1.118998
BLIN,2.090,7.534,0.277393
BLK,478.170,445.488,1.073362
BLKB,86.980,78.435,1.108939
BLL,72.140,60.645,1.189555
BLMN,17.810,19.483,0.914146
BLNK,2.660,2.812,0.946092
BLPH,0.627,0.654,0.958335
BLRX,3.890,5.972,0.651350
BLUE,139.740,136.726,1.022045
BLW,15.230,14.777,1.030627
BLX,21.360,20.219,1.056440
BMA,70.860,54.387,1.302875
BMCH,21.740,19.660,1.105820
BMI,53.360,56.038,0.952215
BMLP,49.661,47.881,1.037178
BMO,75.910,75.949,0.999487
BMRA,2.990,2.516,1.188488
BMRC,43.970,42.287,1.039795
BMRN,81.110,87.870,0.923067
BMTC,37.540,37.688,0.996071
BMY,45.370,47.670,0.951742
BNED,3.500,4.452,0.786112
BNFT,26.240,39.198,0.669427
BNGO,2.750,3.631,0.757321
BNS,53.580,54.145,0.989569
BNSO,2.530,2.693,0.939401
BNTC,0.533,1.507,0.353715
BOCH,10.840,10.807,1.003080
BOH,85.040,80.575,1.055414
BOKF,83.510,82.322,1.014434
BOLD,39.650,35.023,1.132109
BOMN,21.820,24.585,0.887529
BOOM,51.480,56.435,0.912202
BOOT,32.820,29.327,1.119119
BOSC,2.670,2.794,0.955760
BOTJ,14.750,14.337,1.028832
BOX,16.970,19.601,0.865762
BOXL,2.630,3.084,0.852920
BP,38.980,42.242,0.922789
BPFH,11.690,11.414,1.024156
BPL,41.690,36.329,1.147556
BPMC,99.980,82.614,1.210213
BPMP,16.290,15.329,1.062691
BPMX,0.430,1.677,0.256484
BPOP,58.290,54.580,1.067971
BPOPN,27.770,26.703,1.039977
BPR,19.110,19.592,0.975414
BPRAP,25.150,24.836,1.012639
BPT,9.080,20.951,0.433394
BPTH,13.750,13.582,1.012359
BPY,19.170,19.596,0.978240
BPYPP,25.880,0.000,
BR,134.400,114.870,1.170023
BRAC,10.275,10.218,1.005544
BRC,51.040,47.604,1.072185
BREW,16.160,15.100,1.070177
BRFS,8.970,6.999,1.281596
BRG,11.760,11.087,1.060707
BRID,35.870,27.630,1.298237
BRKL,14.650,15.029,0.974811
BRKR,48.320,41.317,1.169492
BRKS,41.510,34.545,1.201609
BRN,1.030,1.281,0.803777
BRO,36.390,31.088,1.170556
BROG,10.210,10.057,1.015185
BRPA,10.480,10.367,1.010935
BRPM,9.770,0.000,
BRQS,2.600,3.800,0.684290
BRSS,43.990,38.802,1.133698
BRT,13.630,13.488,1.010555
BRX,18.310,17.807,1.028242
BRY,10.500,11.323,0.927355
BSAC,29.700,30.021,0.989323
BSBR,11.980,11.886,1.007919
BSET,12.650,16.531,0.765229
BSGM,8.280,6.675,1.240422
BSIG,11.150,12.727,0.876062
BSM,14.930,16.932,0.881755
BSMX,7.450,7.416,1.004622
BSQR,1.180,1.760,0.670455
BSRR,26.040,25.955,1.003288
BSTC,59.750,64.286,0.929444
BSVN,18.610,16.918,1.100001
BSX,42.080,39.217,1.073014
BT,12.130,14.064,0.862469
BTAI,11.000,9.744,1.128867
BTE,1.440,1.722,0.836281
BTG,3.290,2.896,1.136008
BTI,37.280,37.605,0.991371
BTN,2.670,2.307,1.157489
BTU,22.780,27.764,0.820492
BTX,1.240,1.198,1.034913
BUD,100.490,83.971,1.196722
BURG,0.860,1.480,0.581201
BURL,181.000,164.433,1.100750
BUSE,27.000,25.852,1.044404
BV,18.700,15.990,1.169481
BVN,16.050,16.197,0.990913
BVSN,1.250,1.418,0.881466
BVXV,6.460,5.920,1.091125
BW,3.660,0.582,6.289073
BWA,39.160,40.038,0.978061
BWAY,10.440,0.000,
BWB,11.950,11.045,1.081934
BWEN,2.060,1.815,1.134771
BWFG,28.700,29.190,0.983229
BWMC,10.000,0.000,
BWXT,53.600,49.957,1.072914
BX,49.260,38.653,1.274414
BXC,20.140,24.665,0.816545
BXG,10.370,13.157,0.788158
BXMT,35.390,35.106,1.008076
BXP,131.300,132.799,0.988713
BY,18.470,19.128,0.965603
BYD,27.000,27.500,0.981818
BYFC,1.900,1.413,1.344315
BYND,234.900,0.000,
BYSI,16.840,17.511,0.961685
BZH,11.320,11.292,1.002454
BZUN,49.910,41.852,1.192547
C,72.160,66.211,1.089843
CAAP,7.650,7.838,0.975984
CAAS,2.180,2.810,0.775801
CABO,1218.220,1046.967,1.163570
CAC,44.890,43.426,1.033714
CACC,492.500,461.846,1.066373
CACI,217.320,191.691,1.133698
CADC,4.000,3.127,1.278985
CADE,16.980,19.900,0.853253
CAE,26.960,23.674,1.138807
CAG,29.160,26.770,1.089285
CAH,45.120,47.973,0.940528
CAI,22.810,23.898,0.954473
CAJ,28.080,28.749,0.976714
CAKE,43.850,46.072,0.951778
CAL,18.310,24.408,0.750170
CALA,4.160,5.388,0.772144
CALM,39.060,42.003,0.929929
CALX,6.520,7.466,0.873307
CAMP,11.470,12.632,0.908034
CAMT,9.720,8.832,1.100526
CANF,2.950,9.500,0.310526
CANG,6.290,7.007,0.897641
CAPL,17.600,17.037,1.033026
CAPR,4.920,4.521,1.088220
CAR,36.060,32.977,1.093491
CARA,23.040,19.195,1.200344
CARB,18.010,24.777,0.726890
CARG,36.590,38.362,0.953813
CARO,35.510,35.464,1.001311
CARS,20.010,22.464,0.890766
CART,9.860,8.324,1.184487
CARV,3.390,3.377,1.003865
CASA,6.770,8.384,0.807479
CASH,28.010,24.477,1.144331
CASI,3.190,3.250,0.981400
CASS,50.450,48.487,1.040480
CASY,163.550,137.862,1.186335
CAT,132.920,133.169,0.998131
CATB,6.820,6.845,0.996309
CATC,79.750,81.052,0.983935
CATM,28.740,30.954,0.928469
CATO,14.040,14.037,1.000228
CATS,17.400,15.022,1.158314
CATY,37.450,36.163,1.035583
CB,152.970,141.256,1.082924
CBAN,16.450,16.717,0.984000
CBAT,0.980,1.011,0.969125
CBAY,6.380,10.514,0.606836
CBB,3.650,7.752,0.470824
CBD,24.100,23.752,1.014632
CBFV,24.650,24.234,1.017161
CBIO,8.040,8.403,0.956821
CBL,1.000,1.499,0.667278
CBLI,1.460,1.525,0.957545
CBLK,18.940,15.388,1.230798
CBM,43.820,41.869,1.046588
CBMB,13.970,13.279,1.052000
CBMG,13.920,16.655,0.835795
CBNK,12.130,11.787,1.029071
CBPO,96.000,89.942,1.067355
CBPX,25.280,25.650,0.985590
CBRE,52.880,49.578,1.066597
CBRL,173.000,165.283,1.046691
CBS,51.850,49.649,1.044334
CBSH,60.590,59.847,1.012420
CBSHP,26.100,26.192,0.996491
CBT,45.950,45.152,1.017681
CBTX,30.790,30.637,1.004978
CBU,65.670,63.350,1.036619
CBZ,22.650,20.219,1.120254
CC,19.490,31.034,0.628018
CCB,15.870,16.004,0.991601
CCBG,25.790,23.863,1.080768
CCC,16.270,13.230,1.229781
CCCL,0.890,1.348,0.660380
CCEP,57.330,52.459,1.092853
CCF,102.030,98.096,1.040105
CCH,10.140,9.963,1.017722
CCI,130.580,125.725,1.038615
CCIH,0.880,1.082,0.813665
CCJ,9.220,11.181,0.824591
CCK,64.500,56.872,1.134129
CCL,47.270,52.959,0.892582
CCLP,3.440,3.114,1.104672
CCM,2.700,2.722,0.991979
CCMP,122.570,110.469,1.109543
CCNE,28.220,26.768,1.054258
CCNI,5.760,4.929,1.168538
CCO,3.340,5.078,0.657708
CCOI,63.510,55.185,1.150849
CCR,15.720,17.141,0.917100
CCRC,11.030,11.069,0.996464
CCRN,9.650,8.252,1.169437
CCS,27.530,25.314,1.087535
CCU,28.050,27.935,1.004099
CCXI,7.740,11.015,0.702651
CDAY,52.980,48.979,1.081695
CDE,4.660,4.154,1.121798
CDEV,5.690,9.373,0.607045
CDK,53.720,54.036,0.994153
CDLX,29.060,20.099,1.445815
CDMO,6.580,4.371,1.505274
CDMOP,26.982,26.083,1.034451
CDNA,32.280,31.753,1.016610
CDNS,75.910,63.604,1.193488
CDOR,10.980,9.087,1.208296
CDR,2.510,3.109,0.807272
CDTX,1.600,2.243,0.713362
CDW,114.440,101.156,1.131323
CDXC,4.650,4.067,1.143385
CDXS,18.570,19.544,0.950150
CDZI,10.600,10.248,1.034324
CE,111.160,102.660,1.082794
CEA,28.440,31.572,0.900796
CECE,8.990,8.175,1.099751
CECO,19.440,17.322,1.122288
CEI,1.110,7.910,0.140322
CEIX,22.330,31.263,0.714255
CEL,2.970,4.025,0.737937
CELC,21.150,21.980,0.962258
CELG,92.760,91.979,1.008495
CELH,5.040,4.085,1.233932
CELP,7.710,7.338,1.050649
CEMI,6.100,6.538,0.933016
CENT,29.900,29.442,1.015559
CENTA,27.150,26.673,1.017902
CENX,7.330,7.863,0.932253
CEO,166.820,172.552,0.966779
CEPU,9.150,9.174,0.997396
CEQP,35.540,34.799,1.021305
CERC,4.310,5.299,0.813295
CERN,73.110,64.268,1.137585
CERS,5.890,5.776,1.019812
CETV,4.680,3.822,1.224348
CETX,1.930,3.673,0.525483
CETXP,1.002,1.562,0.641564
CEVA,28.140,26.015,1.081682
CF,48.150,43.408,1.109240
CFBI,9.950,10.208,0.974732
CFBK,12.050,12.533,0.961428
CFFA,10.020,0.000,
CFFI,54.380,50.660,1.073431
CFFN,14.080,13.452,1.046656
CFG,37.680,35.143,1.072201
CFMS,2.780,2.561,1.085724
CFR,95.460,98.148,0.972612
CFRX,0.445,0.473,0.940485
CFX,28.490,27.293,1.043858
CG,24.960,20.262,1.231863
CGA,4.430,1.197,3.700140
CGC,34.820,43.726,0.796316
CGEN,3.410,3.556,0.958873
CGIX,0.150,0.225,0.667006
CGNX,42.160,48.021,0.877948
CHA,45.580,52.155,0.873927
CHAC,10.550,0.000,
CHAP,3.870,5.499,0.703793
CHCI,2.290,2.451,0.934286
CHCO,77.180,76.259,1.012071
CHCT,41.690,36.518,1.141640
CHD,75.840,71.191,1.065300
CHDN,120.030,99.213,1.209819
CHE,386.010,332.283,1.161689
CHEF,36.280,33.048,1.097797
CHEK,2.090,2.421,0.863356
CHFC,43.430,42.468,1.022650
CHFS,2.750,4.830,0.569394
CHGG,43.480,38.429,1.131446
CHH,87.890,82.362,1.067122
CHK,1.650,2.526,0.653120
CHKE,0.519,0.717,0.723840
CHKP,112.490,118.254,0.951258
CHKR,1.040,1.323,0.786287
CHL,43.480,48.601,0.894640
CHMA,5.460,5.874,0.929543
CHMG,45.130,46.786,0.964614
CHMI,15.420,17.306,0.891042
CHNR,1.500,1.702,0.881561
CHRA,5.510,6.188,0.890420
CHRS,16.690,16.380,1.018914
CHRW,85.120,85.799,0.992086
CHS,3.160,4.256,0.742556
CHSCL,27.620,27.441,1.006540
CHSCM,26.380,26.099,1.010748
CHSCN,27.210,26.627,1.021892
CHSCO,27.720,27.589,1.004759
CHSCP,28.200,28.606,0.985822
CHSP,28.100,28.783,0.976282
CHT,34.750,35.505,0.978749
CHTR,398.790,365.581,1.090840
CHU,10.020,11.578,0.865411
CHUY,23.220,21.990,1.055920
CHWY,32.450,0.000,
CI,167.300,167.466,0.999008
CIA,7.480,6.986,1.070696
CIB,51.010,49.317,1.034332
CIC,8.760,10.141,0.863816
CIDM,1.190,1.543,0.771198
CIEN,45.940,39.612,1.159759
CIFS,2.200,2.241,0.981601
CIG,3.690,3.680,1.002821
CIGI,77.170,66.950,1.152646
CIM,19.190,18.914,1.014594
CINF,107.830,93.098,1.158247
CINR,16.990,21.835,0.778092
CIO,12.280,11.719,1.047891
CIR,40.000,35.969,1.112068
CISN,10.650,12.137,0.877475
CIT,50.760,49.858,1.018099
CIVB,22.100,21.347,1.035262
CIVBP,69.000,69.038,0.999447
CIX,16.470,15.221,1.082085
CIZN,21.550,21.249,1.014161
CJ,9.500,14.317,0.663525
CJJD,1.090,1.727,0.631060
CKH,49.700,44.207,1.124248
CKPT,2.630,3.537,0.743571
CKX,9.950,10.141,0.981211
CL,73.690,69.250,1.064121
CLAR,14.170,12.860,1.101860
CLB,53.030,61.102,0.867888
CLBK,15.590,15.471,1.007662
CLBS,2.960,3.430,0.862916
CLCT,23.150,18.394,1.258596
CLDB,23.250,22.668,1.025681
CLDC,0.848,1.115,0.760621
CLDR,6.010,10.158,0.591624
CLDT,18.680,19.512,0.957372
CLDX,2.240,4.088,0.547943
CLF,10.900,10.188,1.069885
CLFD,13.350,13.902,0.960305
CLGN,3.860,5.210,0.740870
CLGX,45.470,40.029,1.135926
CLH,73.100,67.562,1.081966
CLI,23.530,22.328,1.053822
CLIR,1.240,1.032,1.201657
CLLS,15.400,17.502,0.879923
CLMT,4.630,3.834,1.207674
CLNC,16.060,15.951,1.006829
CLNE,2.680,2.638,1.015886
CLNY,5.660,5.345,1.058971
CLPR,10.940,12.661,0.864050
CLPS,5.450,8.128,0.670542
CLR,35.420,42.801,0.827549
CLRB,2.150,2.182,0.985376
CLRO,2.020,2.085,0.968949
CLS,7.020,7.824,0.897269
CLSD,1.130,1.244,0.908622
CLSN,1.750,2.070,0.845473
CLUB,1.630,3.999,0.407617
CLVS,10.790,20.191,0.534389
CLW,18.910,22.465,0.841755
CLWT,4.350,3.947,1.101990
CLX,166.330,154.818,1.074356
CLXT,9.580,14.266,0.671522
CM,78.680,81.595,0.964280
CMA,73.070,76.725,0.952359
CMC,18.050,16.671,1.082744
CMCL,6.250,5.837,1.070795
CMCM,3.420,5.630,0.607452
CMCO,40.690,37.557,1.083413
CMCSA,44.630,40.928,1.090455
CMCT,20.520,19.127,1.072832
CMCTP,25.870,26.292,0.983944
CMD,82.030,73.645,1.113859
CME,201.070,183.811,1.093898
CMG,779.860,672.985,1.158807
CMI,174.740,160.746,1.087054
CMLS,15.520,16.993,0.913308
CMO,8.850,8.311,1.064806
CMP,56.730,54.037,1.049836
CMPR,94.680,88.784,1.066406
CMRE,6.010,5.336,1.126402
CMRX,3.500,2.817,1.242581
CMS,58.690,55.500,1.057473
CMT,6.980,7.617,0.916414
CMTL,29.080,24.939,1.166038
CNA,48.570,45.379,1.070319
CNAC,10.400,10.243,1.015364
CNACU,10.250,0.000,
CNAT,0.310,1.225,0.253006
CNBKA,82.660,83.190,0.993628
CNC,53.420,56.421,0.946811
CNCE,10.410,12.371,0.841469
CNDT,9.250,11.691,0.791197
CNET,1.380,1.563,0.882715
CNF,5.520,5.799,0.951887
CNFR,3.470,4.235,0.819456
CNHI,10.480,10.235,1.023957
CNI,94.860,89.621,1.058453
CNK,38.850,39.046,0.994977
CNMD,86.700,80.007,1.083659
CNNE,27.830,24.984,1.113921
CNO,16.660,16.774,0.993233
CNOB,22.890,21.409,1.069157
CNP,28.800,29.955,0.961438
CNQ,24.940,27.542,0.905522
CNR,6.200,6.246,0.992558
CNS,52.350,46.051,1.136781
CNSL,4.730,7.665,0.617063
CNST,9.920,10.405,0.953342
CNTF,0.540,0.900,0.600204
CNTY,9.730,8.913,1.091620
CNX,6.490,9.367,0.692845
CNXM,14.500,15.086,0.961144
CNXN,33.450,35.683,0.937434
CO,5.420,6.529,0.830200
COCP,2.080,2.569,0.809603
CODA,12.880,11.008,1.170062
CODI,19.510,16.859,1.157261
CODX,1.330,1.043,1.274916
COE,6.074,6.398,0.949425
COF,98.080,86.838,1.129464
COG,19.160,25.018,0.765841
COHN,4.860,6.355,0.764720
COHR,147.280,133.670,1.101821
COHU,15.700,16.027,0.979577
COKE,293.000,283.217,1.034542
COLB,37.340,35.736,1.044875
COLD,33.600,31.102,1.080304
COLL,10.640,14.075,0.755973
COLM,103.920,99.833,1.040938
COMM,14.930,20.092,0.743078
CONE,55.820,56.384,0.989999
CONN,19.770,21.502,0.919443
COO,337.980,299.363,1.128996
COOP,7.740,10.205,0.758449
COP,58.750,64.036,0.917446
COR,105.180,109.303,0.962277
CORE,38.070,35.905,1.060292
CORR,40.620,38.186,1.063735
CORT,11.300,11.406,0.990717
CORV,1.900,2.819,0.674106
COST,281.370,242.642,1.159609
COT,12.850,14.269,0.900582
COTY,11.100,11.281,0.983916
COUP,146.170,105.754,1.382167
COWN,17.990,15.942,1.128456
CP,238.270,218.183,1.092065
CPA,103.600,90.469,1.145141
CPAC,8.860,9.356,0.946983
CPAH,1.510,1.615,0.935272
CPB,40.960,38.143,1.073846
CPE,4.870,7.185,0.677769
CPF,28.980,29.059,0.997297
CPG,3.080,3.318,0.928330
CPHC,12.250,13.968,0.876989
CPHI,0.300,0.310,0.967266
CPIX,5.750,5.915,0.972174
CPK,92.810,91.918,1.009709
CPL,16.590,15.677,1.058226
CPLG,12.020,12.725,0.944611
CPLP,11.310,12.526,0.902909
CPRI,36.080,41.419,0.871098
CPRT,79.430,64.944,1.223059
CPRX,4.900,3.831,1.279118
CPS,49.970,53.269,0.938065
CPSH,1.000,1.339,0.746907
CPSI,26.600,28.419,0.935986
CPSS,3.660,3.735,0.979930
CPST,0.730,0.847,0.861997
CPT,105.910,101.669,1.041711
CQP,46.470,42.521,1.092862
CR,85.970,83.612,1.028205
CRAI,43.060,43.582,0.988023
CRAY,34.640,28.736,1.205442
CRBP,6.090,7.103,0.857369
CRC,15.140,20.982,0.721564
CRCM,11.530,17.373,0.663674
CREE,63.020,57.837,1.089605
CREG,0.360,0.723,0.497941
CRESY,10.380,11.295,0.919000
CREX,2.370,2.343,1.011435
CRH,33.490,31.876,1.050643
CRHM,2.720,2.931,0.928110
CRI,95.400,94.420,1.010382
CRIS,2.340,1.629,1.436255
CRK,6.350,6.149,1.032636
CRL,139.930,135.942,1.029335
CRM,159.970,157.120,1.018141
CRMD,8.900,8.491,1.048132
CRMT,88.660,86.470,1.025330
CRNT,2.940,3.462,0.849168
CRNX,22.030,24.480,0.899904
CRON,14.900,17.529,0.850001
CROX,23.670,24.334,0.972705
CRR,1.010,2.761,0.365750
CRS,47.250,46.422,1.017842
CRSA,9.800,0.000,
CRSP,51.920,39.327,1.320207
CRT,11.150,11.985,0.930309
CRTO,18.490,21.673,0.853145
CRTX,35.110,0.000,
CRUS,48.630,42.243,1.151193
CRVL,92.680,72.684,1.275103
CRVS,4.340,4.242,1.023069
CRWD,92.880,0.000,
CRWS,4.580,5.079,0.901697
CRY,30.250,29.421,1.028177
CRZO,9.700,11.420,0.849376
CS,12.050,12.120,0.994224
CSBR,6.910,9.136,0.756352
CSCO,56.530,53.483,1.056969
CSFL,24.270,24.108,1.006706
CSGP,634.260,490.773,1.292370
CSGS,51.840,44.092,1.175736
CSII,45.700,38.347,1.191760
CSIQ,20.410,20.602,0.990692
CSL,142.010,128.693,1.103481
CSLT,2.890,3.352,0.862117
CSOD,61.720,55.782,1.106456
CSPI,13.980,12.397,1.127676
CSS,4.870,6.335,0.768685
CSSE,8.490,8.366,1.014845
CSSEP,25.250,25.056,1.007750
CSTE,14.640,15.351,0.953694
CSTM,12.660,9.259,1.367250
CSTR,15.840,15.510,1.021292
CSU,5.390,4.886,1.103093
CSV,19.150,19.319,0.991252
CSWC,20.650,21.533,0.959004
CSWI,70.490,60.765,1.160048
CSX,68.960,74.511,0.925503
CTAC,10.070,9.908,1.016396
CTAS,261.690,216.605,1.208141
CTB,30.470,31.054,0.981195
CTBI,42.150,41.507,1.015498
CTEK,4.690,4.754,0.986481
CTG,4.330,4.255,1.017562
CTHR,1.510,1.336,1.130537
CTIB,3.230,3.046,1.060503
CTIC,0.740,0.935,0.791412
CTK,8.120,10.031,0.809467
CTL,11.750,12.112,0.970083
CTLT,57.260,45.156,1.268050
CTMX,10.180,12.055,0.844471
CTO,61.980,60.293,1.027978
CTRA,38.290,55.766,0.686613
CTRC,2.710,3.765,0.719809
CTRE,23.330,23.537,0.991211
CTRL,23.860,20.215,1.180341
CTRM,4.050,0.000,
CTRN,14.740,18.065,0.815954
CTRP,39.190,38.166,1.026821
CTRV,2.930,12.328,0.237663
CTS,32.320,29.173,1.107872
CTSH,66.400,67.703,0.980761
CTSO,7.020,7.239,0.969700
CTST,2.280,6.551,0.348055
CTT,9.990,9.792,1.020206
CTVA,28.480,0.000,
CTWS,69.930,68.725,1.017530
CTXR,1.180,1.144,1.031104
CTXS,95.590,100.332,0.952734
CUB,67.990,60.187,1.129644
CUBE,33.360,32.270,1.033777
CUBI,20.570,20.445,1.006090
CUE,7.400,7.484,0.988750
CUI,0.780,1.166,0.668984
CUK,45.890,51.972,0.882980
CULP,17.580,18.793,0.935467
CUO,15.600,17.875,0.872711
CUR,2.390,8.622,0.277191
CURO,10.430,10.724,0.972622
CUTR,25.550,17.952,1.423259
CUZ,35.430,37.439,0.946341
CVA,16.810,17.309,0.971145
CVBF,21.640,21.520,1.005569
CVCO,162.910,139.142,1.170822
CVCY,21.060,20.019,1.052016
CVE,9.210,8.822,1.044037
CVEO,1.660,1.977,0.839452
CVET,23.480,0.000,
CVGI,8.240,7.787,1.058150
CVGW,90.180,89.154,1.011505
CVI,55.170,44.396,1.242683
CVIA,1.680,4.083,0.411480
CVLT,50.310,57.478,0.875285
CVLY,23.080,22.029,1.047724
CVM,7.100,5.029,1.411809
CVNA,66.450,56.633,1.173341
CVR,26.420,28.278,0.934280
CVRS,2.740,2.166,1.265121
CVS,55.540,56.739,0.978863
CVTI,16.010,18.955,0.844610
CVU,7.490,7.112,1.053197
CVV,3.640,3.890,0.935678
CVX,123.720,121.098,1.021649
CW,128.940,117.177,1.100383
CWBC,9.710,10.027,0.968427
CWBR,1.450,2.523,0.574631
CWCO,14.300,13.339,1.072062
CWEN,18.050,15.660,1.152584
CWH,11.040,13.115,0.841796
CWK,19.720,18.093,1.089926
CWST,43.420,36.587,1.186759
CWT,53.020,50.933,1.040979
CX,3.630,4.579,0.792709
CXDC,2.010,2.368,0.848730
CXO,97.130,108.271,0.897101
CXP,21.910,21.985,0.996576
CXW,16.180,20.447,0.791307
CY,22.880,17.552,1.303579
CYAD,13.610,19.119,0.711875
CYAN,2.510,3.204,0.783422
CYBE,13.000,17.433,0.745703
CYBR,146.940,118.199,1.243153
CYCC,0.540,0.718,0.752153
CYCCP,5.060,5.158,0.981012
CYCN,9.770,0.000,
CYD,14.180,15.808,0.897013
CYH,2.150,3.446,0.623879
CYOU,8.510,15.837,0.537346
CYRN,1.710,2.069,0.826483
CYRX,20.270,14.689,1.379900
CYTK,12.140,9.048,1.341765
CYTX,0.210,0.269,0.780647
CZFC,25.680,24.647,1.041895
CZNC,25.960,26.493,0.979888
CZR,11.990,9.602,1.248760
CZWI,10.760,11.522,0.933836
CZZ,14.610,12.211,1.196478
D,75.150,75.370,0.997085
DAC,8.530,11.478,0.743140
DAIO,4.400,5.170,0.851076
DAKT,6.300,7.191,0.876133
DAL,62.160,54.479,1.141000
DAN,19.510,18.121,1.076661
DAR,20.430,20.738,0.985165
DARE,0.800,0.969,0.825197
DATA,176.140,135.926,1.295853
DAVA,38.310,31.605,1.212154
DAVE,4.510,4.919,0.916909
DB,7.930,8.122,0.976317
DBD,13.890,9.400,1.477588
DBI,18.040,22.323,0.808153
DBVT,9.730,8.589,1.132803
DBX,24.630,23.582,1.044431
DCAR,0.880,2.145,0.410322
DCI,49.730,49.971,0.995185
DCIX,1.000,1.001,0.999313
DCO,43.530,43.760,0.994739
DCOM,20.400,19.241,1.060236
DCP,29.600,31.507,0.939462
DCPH,21.480,24.392,0.880620
DD,73.210,75.248,0.972916
DDD,9.070,10.382,0.873603
DDMX,10.020,9.905,1.011658
DDMXU,10.160,10.112,1.004703
DDS,77.370,66.864,1.157123
DE,170.390,158.993,1.071680
DEA,18.590,18.107,1.026652
DEACU,10.090,0.000,
DECK,159.520,152.908,1.043238
DEI,41.320,40.126,1.029755
DELL,55.280,57.565,0.960297
DENN,21.950,19.032,1.153331
DEO,165.080,163.820,1.007691
DERM,8.510,9.662,0.880778
DESP,13.680,14.678,0.932026
DEST,0.880,2.019,0.435858
DF,1.250,2.386,0.523916
DFBH,10.250,10.042,1.020743
DFFN,2.180,3.354,0.649991
DFIN,13.900,14.393,0.965733
DFRG,7.970,7.268,1.096562
DFS,92.910,75.428,1.231775
DG,137.970,124.936,1.104329
DGICA,14.150,13.887,1.018931
DGICB,13.000,12.934,1.005141
DGII,13.250,12.495,1.060408
DGLD,35.110,43.403,0.808928
DGLY,1.270,3.162,0.401695
DGSE,0.970,0.640,1.515987
DGX,101.280,93.686,1.081055
DHI,44.500,42.526,1.046409
DHIL,138.570,143.558,0.965256
DHR,142.280,129.286,1.100502
DHT,5.910,5.085,1.162251
DHX,3.530,3.112,1.134324
DIN,90.780,90.393,1.004282
DIOD,42.970,36.280,1.184404
DIS,144.650,126.343,1.144898
DISCA,31.470,29.046,1.083461
DISCB,36.500,33.512,1.089148
DISCK,29.260,27.160,1.077314
DISH,39.510,34.658,1.140008
DIT,98.000,92.581,1.058533
DJCO,230.300,221.966,1.037547
DK,42.010,36.266,1.158394
DKL,32.710,31.462,1.039680
DKS,37.490,36.516,1.026668
DL,5.150,6.362,0.809496
DLA,18.650,22.727,0.820592
DLB,66.250,64.081,1.033849
DLHC,5.140,5.682,0.904541
DLNG,1.460,2.187,0.667486
DLPH,18.830,19.644,0.958553
DLPN,1.020,1.386,0.735712
DLR,111.530,116.800,0.954876
DLTH,12.460,18.538,0.672116
DLTR,106.100,103.463,1.025483
DLX,44.000,43.386,1.014158
DMAC,3.600,3.625,0.992991
DMLP,18.790,18.461,1.017801
DMPI,1.660,2.979,0.557214
DMRC,48.550,38.451,1.262641
DNBF,45.600,40.370,1.129562
DNJR,1.410,6.800,0.207352
DNKN,82.600,74.740,1.105163
DNLI,21.180,21.646,0.978467
DNN,0.440,0.520,0.846900
DNOW,12.540,14.088,0.890128
DNR,1.050,1.774,0.591791
DO,7.910,9.748,0.811485
DOC,17.160,18.072,0.949552
DOCU,54.680,53.181,1.028193
DOGZ,2.837,3.305,0.858381
DOMO,30.220,33.215,0.909835
DOOO,35.380,30.899,1.145026
DOOR,54.440,52.737,1.032295
DORM,84.760,86.006,0.985518
DOV,98.210,93.862,1.046329
DOVA,15.530,9.944,1.561709
DOW,49.110,0.000,
DOX,64.430,57.708,1.116489
DPHC,9.770,0.000,
DPLO,5.190,6.970,0.744644
DPW,0.140,0.723,0.193705
DPZ,259.060,268.773,0.963861
DQ,43.100,37.293,1.155723
DRAD,5.470,7.108,0.769603
DRD,3.210,2.227,1.441090
DRE,33.460,30.810,1.086025
DRH,10.020,10.486,0.955571
DRI,125.960,116.612,1.080166
DRIO,0.495,0.648,0.763304
DRNA,14.500,13.015,1.114076
DRQ,52.050,42.771,1.216935
DRRX,0.980,0.668,1.466362
DRYS,3.930,4.399,0.893352
DS,5.140,4.747,1.082888
DSGX,38.140,36.605,1.041948
DSKE,3.790,4.537,0.835350
DSLV,23.230,29.394,0.790298
DSPG,15.810,14.007,1.128701
DSS,0.415,0.979,0.423968
DSSI,12.060,0.000,
DSWL,2.710,2.944,0.920669
DSX,3.660,3.113,1.175695
DTE,129.370,124.632,1.038018
DTEA,1.540,1.372,1.122405
DTIL,12.960,0.000,
DTSS,1.166,2.299,0.507110
DUK,86.910,88.646,0.980421
DVA,59.400,53.950,1.101026
DVAX,2.800,6.901,0.405752
DVCR,3.310,3.569,0.927409
DVD,2.000,2.025,0.987450
DVN,25.540,28.915,0.883294
DWSN,2.330,2.874,0.810682
DX,16.960,17.737,0.956192
DXC,56.640,60.347,0.938577
DXCM,153.770,135.381,1.135830
DXF,1.960,2.750,0.712787
DXLG,1.780,2.146,0.829409
DXPE,32.610,36.767,0.886940
DXR,8.240,11.421,0.721478
DXYN,0.560,0.830,0.674947
DY,57.050,52.984,1.076745
DYAI,5.740,3.873,1.481889
DYNT,1.600,1.922,0.832274
DYSL,1.110,1.041,1.066290
DZSI,10.560,12.107,0.872232
E,31.780,33.430,0.950637
EA,89.510,95.342,0.938826
EAF,11.360,12.269,0.925939
EARN,11.330,11.412,0.992789
EARS,2.830,5.392,0.524834
EAST,4.200,5.395,0.778532
EAT,39.920,42.101,0.948193
EB,17.560,21.712,0.808781
EBAY,41.230,37.321,1.104745
EBF,20.020,20.210,0.990591
EBIX,45.250,51.035,0.886644
EBMT,16.850,16.985,0.992081
EBR,10.140,9.116,1.112280
EBS,44.410,51.224,0.866969
EBSB,18.340,16.857,1.087954
EBTC,29.000,30.156,0.961667
EC,18.430,19.188,0.960495
ECA,4.200,6.282,0.668562
ECHO,21.420,22.503,0.951881
ECL,199.620,180.190,1.107828
ECOL,62.880,59.688,1.053483
ECOM,9.470,10.856,0.872308
ECOR,1.400,4.963,0.282069
ECPG,35.290,32.063,1.100631
ECT,1.700,1.810,0.939187
ED,86.340,84.444,1.022458
EDAP,3.100,3.300,0.939437
EDIT,26.180,23.298,1.123686
EDN,19.210,21.416,0.896976
EDNT,2.040,3.975,0.513152
EDRY,8.216,7.721,1.064092
EDSA,4.930,6.538,0.754043
EDTX,10.060,9.996,1.006446
EDTXU,10.280,10.183,1.009513
EDU,105.000,86.784,1.209903
EDUC,6.650,7.871,0.844924
EE,66.310,59.694,1.110825
EEFT,157.500,146.009,1.078699
EEI,10.960,11.094,0.987897
EEX,11.220,12.531,0.895358
EFBI,15.882,15.749,1.008445
EFC,17.920,17.681,1.013500
EFII,36.970,32.449,1.139321
EFOI,0.400,0.732,0.546688
EFSC,42.820,42.483,1.007939
EFX,142.340,121.240,1.174031
EGAN,8.100,9.302,0.870739
EGBN,40.720,54.090,0.752818
EGHT,26.270,22.145,1.186287
EGI,0.260,0.353,0.737229
EGLE,4.500,4.914,0.915813
EGO,7.880,4.576,1.721930
EGOV,18.440,16.587,1.111743
EGP,120.900,111.395,1.085322
EGRX,55.500,50.044,1.109016
EGY,1.660,1.999,0.830380
EHC,67.530,62.482,1.080796
EHTH,108.400,67.256,1.611762
EIDX,33.460,24.650,1.357416
EIG,44.970,42.238,1.064692
EIGI,4.520,6.030,0.749595
EIGR,11.190,12.251,0.913407
EIX,70.950,62.501,1.135189
EKSO,1.200,1.861,0.644719
EL,190.870,166.027,1.149631
ELAN,33.160,31.876,1.040280
ELF,16.900,11.474,1.472860
ELGX,6.670,6.716,0.993112
ELLO,13.110,9.362,1.400298
ELMD,5.370,5.467,0.982267
ELOX,8.020,10.881,0.737050
ELP,12.720,10.740,1.184383
ELS,123.750,115.959,1.067187
ELSE,3.400,3.462,0.982052
ELTK,3.720,2.756,1.349618
ELVT,4.210,4.414,0.953873
ELY,18.540,16.739,1.107588
EMAN,0.420,0.654,0.642082
EMCF,34.070,31.505,1.081401
EMCI,35.920,33.685,1.066339
EME,84.120,77.406,1.086737
EMKR,3.000,3.792,0.791079
EML,26.270,27.113,0.968911
EMMS,5.580,4.085,1.366088
EMN,77.650,77.921,0.996523
EMR,66.660,66.777,0.998246
EMX,1.380,1.203,1.147300
ENB,33.600,36.375,0.923708
ENBL,13.730,14.153,0.970083
ENDP,3.040,7.135,0.426098
ENFC,29.830,26.609,1.121062
ENG,0.990,0.790,1.252801
ENIA,8.400,8.866,0.947412
ENIC,4.480,4.945,0.906001
ENLC,9.560,11.118,0.859866
ENLV,21.070,13.149,1.602363
ENOB,4.890,6.297,0.776619
ENPH,20.800,12.528,1.660340
ENR,40.440,44.451,0.909761
ENS,67.180,68.943,0.974426
ENSG,59.460,52.142,1.140348
ENSV,0.478,0.466,1.025382
ENT,0.690,1.291,0.534504
ENTA,77.870,90.419,0.861213
ENTG,43.980,36.626,1.200788
ENTX,3.750,3.954,0.948399
ENV,72.990,65.516,1.114072
ENVA,25.230,23.717,1.063779
ENZ,3.930,3.474,1.131122
EOG,84.290,93.059,0.905767
EOLS,17.650,20.585,0.857403
EPAM,200.820,168.679,1.190544
EPAY,44.140,46.625,0.946694
EPC,29.530,37.188,0.794080
EPD,30.210,28.754,1.050651
EPIX,2.650,2.953,0.897502
EPM,6.040,6.884,0.877459
EPR,74.530,76.154,0.978669
EPRT,20.340,19.041,1.068205
EPSN,3.910,4.153,0.941441
EPZM,13.410,12.504,1.072466
EQ,4.560,6.736,0.676934
EQBK,26.880,28.666,0.937680
EQC,33.500,32.583,1.028130
EQH,22.720,20.819,1.091326
EQIX,488.810,461.098,1.060101
EQM,40.750,44.040,0.925297
EQNR,18.310,21.405,0.855406
EQR,78.560,75.525,1.040182
EQT,14.310,18.713,0.764710
ERA,8.970,9.547,0.939545
ERF,6.200,8.156,0.760174
ERI,45.830,47.770,0.959386
ERIC,9.000,9.411,0.956321
ERIE,235.440,199.877,1.177922
ERII,11.320,9.354,1.210211
ERJ,20.610,19.844,1.038619
EROS,1.670,7.128,0.234274
ERYP,5.960,7.623,0.781794
ES,76.240,72.453,1.052269
ESBK,15.100,16.976,0.889477
ESCA,11.660,11.609,1.004373
ESE,83.890,72.508,1.156972
ESEA,0.630,0.675,0.933386
ESGR,174.710,174.104,1.003482
ESGRO,26.270,25.515,1.029583
ESGRP,26.520,25.738,1.030393
ESI,10.220,10.656,0.959109
ESLT,158.610,139.407,1.137745
ESNT,45.730,45.453,1.006098
ESP,25.300,24.792,1.020478
ESPR,41.770,46.066,0.906746
ESQ,24.940,23.304,1.070213
ESRT,14.170,15.412,0.919410
ESS,304.070,286.735,1.060457
ESSA,15.310,15.496,0.988014
ESTA,24.630,24.659,0.998811
ESTC,102.590,84.640,1.212069
ESTE,4.390,6.418,0.684004
ESTR,0.873,1.331,0.655853
ESV,7.270,13.304,0.546435
ESXB,7.860,7.678,1.023682
ET,14.720,14.850,0.991256
ETFC,49.500,47.603,1.039856
ETH,20.890,20.309,1.028584
ETM,5.690,6.271,0.907375
ETN,81.570,79.822,1.021904
ETON,6.260,7.467,0.838361
ETR,103.690,96.314,1.076588
ETRN,17.680,20.093,0.879903
ETSY,70.860,63.978,1.107569
ETTX,6.400,6.336,1.010157
EURN,8.830,8.633,1.022858
EV,45.760,41.152,1.111978
EVA,30.510,30.922,0.986682
EVBG,102.510,77.316,1.325849
EVBN,35.750,35.629,1.003385
EVC,3.280,3.346,0.980154
EVER,15.180,9.512,1.595888
EVFM,4.990,4.521,1.103682
EVGN,1.450,1.900,0.763189
EVH,6.740,12.335,0.546394
EVI,35.550,36.938,0.962433
EVK,3.290,3.546,0.927838
EVLO,6.900,8.383,0.823104
EVLV,0.430,0.454,0.947270
EVOK,0.984,1.328,0.741113
EVOL,0.820,1.097,0.747374
EVOP,30.890,28.155,1.097130
EVR,89.390,89.314,1.000849
EVRG,60.720,58.337,1.040850
EVRI,12.380,9.959,1.243143
EVSI,6.000,7.326,0.818948
EVTC,31.380,29.424,1.066491
EW,212.850,181.098,1.175333
EWBC,49.080,49.290,0.995735
EXAS,117.920,98.362,1.198832
EXC,45.820,48.867,0.937655
EXEL,20.800,21.708,0.958185
EXFO,3.990,3.857,1.034354
EXK,2.400,2.195,1.093299
EXLS,67.450,61.360,1.099258
EXP,89.210,82.721,1.078447
EXPD,76.190,74.555,1.021927
EXPE,139.420,124.932,1.115967
EXPI,10.420,10.662,0.977304
EXPO,68.350,56.823,1.202858
EXPR,2.370,3.867,0.612935
EXR,110.260,102.973,1.070768
EXTN,12.560,15.466,0.812082
EXTR,7.160,6.990,1.024264
EYE,32.340,30.230,1.069814
EYEG,0.214,0.329,0.650667
EYEN,3.130,4.897,0.639127
EYES,0.854,0.823,1.037937
EYPT,1.450,1.934,0.749576
EZPW,9.840,9.712,1.013141
F,9.570,9.442,1.013517
FAF,57.820,53.011,1.090709
FAMI,1.400,2.719,0.514850
FANG,101.990,103.785,0.982701
FANH,32.760,27.983,1.170693
FARM,16.620,20.450,0.812723
FARO,52.960,48.124,1.100493
FAST,31.630,31.962,0.989604
FAT,3.910,4.921,0.794491
FATE,22.500,17.675,1.272971
FB,199.750,177.918,1.122709
FBC,34.830,32.842,1.060540
FBHS,55.530,50.223,1.105679
FBIO,1.270,1.745,0.727587
FBIOP,21.593,19.972,1.081186
FBIZ,24.160,22.308,1.082996
FBK,38.410,35.113,1.093890
FBM,17.500,13.064,1.339523
FBMS,32.540,31.019,1.049024
FBNC,37.530,36.748,1.021280
FBP,10.930,10.851,1.007302
FBSS,20.590,21.033,0.978950
FC,36.770,28.839,1.275016
FCAP,54.090,50.559,1.069846
FCAU,13.700,14.718,0.930851
FCBC,33.360,33.934,0.983077
FCBP,22.510,21.877,1.028919
FCCO,19.600,19.137,1.024168
FCCY,18.180,18.579,0.978544
FCEL,0.380,3.005,0.126445
FCF,13.660,13.317,1.025725
FCFS,103.230,92.507,1.115913
FCN,102.620,79.544,1.290110
FCNCA,466.710,433.668,1.076192
FCPT,27.050,28.249,0.957545
FCSC,1.840,2.010,0.915597
FCX,11.560,11.839,0.976421
FDBC,65.300,60.824,1.073594
FDC,31.690,26.047,1.216635
FDEF,28.500,28.864,0.987382
FDP,26.770,27.846,0.961355
FDS,283.560,260.231,1.089647
FDX,174.940,175.237,0.998303
FE,44.060,41.559,1.060181
FEDU,1.780,2.067,0.861100
FEIM,11.810,11.790,1.001729
FELE,47.150,48.303,0.976130
FELP,0.480,1.825,0.263071
FENC,4.040,5.039,0.801697
FENG,2.910,3.801,0.765620
FET,2.380,4.788,0.497114
FEYE,15.950,15.953,0.999794
FF,11.890,14.096,0.843495
FFBC,25.410,24.897,1.020620
FFBW,10.100,10.547,0.957604
FFG,63.370,65.591,0.966143
FFHL,1.960,2.253,0.869931
FFIC,20.720,22.227,0.932215
FFIN,32.790,30.402,1.078553
FFIV,153.810,153.309,1.003270
FFNW,14.620,15.515,0.942316
FFWM,15.170,14.108,1.075290
FG,8.280,8.251,1.003488
FGBI,21.650,21.172,1.022572
FGEN,48.040,48.613,0.988217
FGP,0.780,1.182,0.660078
FHB,27.150,26.286,1.032862
FHL,11.400,10.562,1.079304
FHN,16.390,14.781,1.108851
FI,5.720,6.027,0.948999
FIBK,40.140,40.028,1.002786
FICO,352.670,279.858,1.260177
FII,35.560,30.604,1.161950
FIS,135.610,115.429,1.174835
FISI,29.020,28.131,1.031591
FISV,102.300,87.606,1.167723
FIT,4.350,5.359,0.811717
FITB,30.040,27.390,1.096760
FITBI,28.400,27.885,1.018465
FIVE,121.560,127.260,0.955207
FIVN,48.100,51.232,0.938858
FIX,41.640,51.247,0.812530
FIXX,17.710,22.689,0.780541
FIZZ,42.610,57.029,0.747163
FL,43.240,53.102,0.814281
FLDM,11.910,11.898,1.001039
FLEX,11.260,10.040,1.121523
FLGT,6.250,5.607,1.114698
FLIC,21.990,22.013,0.998949
FLIR,51.420,50.675,1.014692
FLKS,13.690,0.947,14.463406
FLL,1.760,2.116,0.831716
FLMN,7.900,8.141,0.970398
FLNT,5.490,5.526,0.993452
FLO,23.850,21.657,1.101256
FLOW,40.800,35.867,1.137545
FLR,32.950,34.573,0.953050
FLS,51.900,47.851,1.084608
FLT,287.230,251.420,1.142432
FLWS,19.380,18.303,1.058835
FLXN,9.990,12.136,0.823143
FLXS,16.790,21.363,0.785939
FMAO,28.570,29.792,0.958985
FMBH,33.690,34.023,0.990215
FMBI,21.470,21.174,1.013959
FMC,85.570,77.866,1.098945
FMCI,10.130,9.952,1.017903
FMNB,14.380,14.162,1.015389
FMS,37.590,38.939,0.965363
FMX,91.600,94.477,0.969549
FN,54.570,53.497,1.020064
FNB,12.070,11.623,1.038440
FNCB,7.840,7.882,0.994721
FND,38.730,39.727,0.974907
FNF,43.330,38.125,1.136510
FNHC,12.050,15.905,0.757640
FNJN,2.120,2.752,0.770225
FNKO,24.250,20.676,1.172843
FNLC,25.990,25.988,1.000094
FNSR,24.020,23.071,1.041117
FNV,89.330,77.090,1.158778
FNWB,16.200,15.986,1.013394
FOCS,29.490,32.046,0.920228
FOE,14.940,16.635,0.898108
FOLD,12.720,12.558,1.012911
FOMX,2.110,3.154,0.668917
FONR,23.240,21.218,1.095292
FOR,20.640,18.034,1.144502
FORD,1.080,1.409,0.766331
FORK,2.200,2.451,0.897749
FORM,16.510,15.924,1.036817
FORR,50.260,47.907,1.049107
FORTY,56.000,45.994,1.217551
FOSL,10.560,13.297,0.794145
FOX,37.490,40.175,0.933165
FOXA,37.210,40.448,0.919948
FOXF,86.420,71.517,1.208377
FPAC,10.370,10.009,1.036119
FPAY,1.670,0.966,1.728724
FPH,7.530,7.748,0.971862
FPI,6.050,6.163,0.981681
FPRX,5.140,9.857,0.521464
FR,38.300,35.125,1.090407
FRAC,5.300,9.276,0.571393
FRAF,36.360,37.110,0.979788
FRAN,3.170,7.558,0.419439
FRBK,4.680,5.415,0.864309
FRD,6.220,7.340,0.847403
FRED,0.360,1.606,0.224091
FRGI,10.410,13.515,0.770227
FRME,38.320,37.571,1.019923
FRO,8.050,7.231,1.113193
FRPH,50.040,49.900,1.002810
FRPT,43.900,42.992,1.021119
FRSX,1.820,1.478,1.231254
FRT,130.780,132.580,0.986423
FRTA,6.900,5.013,1.376511
FSB,29.240,29.181,1.002022
FSBC,18.490,17.575,1.052047
FSBW,49.420,50.090,0.986633
FSCT,38.720,37.386,1.035685
FSFG,59.800,55.709,1.073444
FSI,3.240,2.811,1.152615
FSLR,65.020,57.719,1.126498
FSLY,24.680,0.000,
FSM,3.910,3.249,1.203586
FSP,7.800,7.480,1.042749
FSS,28.450,25.282,1.125301
FSTR,26.160,21.481,1.217799
FSV,105.110,89.502,1.174391
FTAC,9.910,0.000,
FTCH,22.000,22.849,0.962862
FTDR,46.750,36.746,1.272238
FTEK,1.110,1.629,0.681556
FTEO,6.480,9.400,0.689370
FTFT,1.110,1.084,1.024014
FTI,28.510,23.616,1.207227
FTK,3.170,3.176,0.998077
FTNT,85.360,82.255,1.037742
FTNW,1.010,1.450,0.696717
FTR,1.310,2.100,0.623810
FTS,39.420,37.375,1.054730
FTSI,4.180,8.198,0.509856
FTSV,9.150,14.398,0.635487
FTV,78.450,80.966,0.968920
FUL,49.330,47.368,1.041420
FULT,17.160,16.443,1.043636
FUN,50.520,52.152,0.968706
FUNC,20.460,18.137,1.128084
FUND,6.870,6.745,1.018526
FUSB,8.750,9.639,0.907741
FUV,3.180,3.659,0.869177
FVCB,17.500,17.600,0.994316
FVE,0.460,0.679,0.677459
FVRR,25.200,0.000,
FWONA,37.580,34.747,1.081522
FWONK,39.710,35.783,1.109734
FWP,0.935,1.120,0.834958
FWRD,63.530,61.595,1.031414
FXNC,19.300,20.459,0.943353
G,40.410,35.278,1.145475
GABC,30.670,29.794,1.029416
GAIA,6.060,8.988,0.674266
GALT,3.800,4.484,0.847507
GASS,4.070,3.390,1.200752
GATX,77.130,75.992,1.014981
GBCI,40.890,41.248,0.991313
GBL,19.900,19.879,1.001071
GBLI,26.930,31.675,0.850207
GBR,1.710,1.898,0.900977
GBT,57.300,54.619,1.049087
GBX,28.550,34.300,0.832354
GCAP,4.700,5.472,0.858849
GCBC,27.140,30.140,0.900467
GCI,9.770,9.644,1.013020
GCO,40.120,44.225,0.907175
GCP,22.270,26.443,0.842194
GD,189.730,173.265,1.095027
GDDY,74.800,73.793,1.013645
GDEN,14.520,15.560,0.933153
GDI,33.100,30.118,1.099015
GDOT,49.100,58.409,0.840626
GDP,11.140,12.795,0.870686
GDS,40.150,34.903,1.150324
GE,10.510,9.888,1.062893
GEC,4.160,3.905,1.065166
GEL,23.510,22.195,1.059264
GEMP,0.820,1.079,0.759818
GEN,1.170,1.340,0.872886
GENC,12.980,12.745,1.018442
GENE,0.630,0.779,0.808325
GEO,16.500,20.962,0.787142
GEOS,15.380,14.543,1.057588
GERN,1.210,1.515,0.798539
GES,16.800,18.572,0.904603
GEVO,2.600,2.266,1.147419
GFED,23.870,23.007,1.037496
GFF,16.290,16.950,0.961036
GFI,5.410,4.297,1.258966
GFN,7.610,8.949,0.850352
GFNCP,104.920,102.396,1.024651
GGAL,37.420,29.842,1.253932
GGB,3.600,3.859,0.932901
GGG,48.830,48.784,1.000945
GH,96.970,72.033,1.346188
GHC,737.390,692.886,1.064230
GHDX,68.660,65.304,1.051385
GHG,11.730,12.866,0.911725
GHL,15.280,20.010,0.763609
GHM,20.970,20.928,1.002024
GHSI,1.250,0.000,
GIB,80.300,71.313,1.126020
GIFI,6.930,8.519,0.813468
GIG,10.370,10.257,1.010993
GIGM,2.550,2.599,0.981086
GIII,28.870,33.828,0.853429
GIL,39.380,36.725,1.072291
GILD,66.920,66.135,1.011863
GILT,8.290,8.718,0.950896
GIS,53.640,49.932,1.074266
GKOS,76.240,71.480,1.066589
GLAC,10.230,10.114,1.011457
GLAD,9.480,9.200,1.030478
GLADN,25.525,25.421,1.004090
GLBS,2.340,3.141,0.745006
GLBZ,10.910,10.942,0.997035
GLDD,10.640,9.546,1.114653
GLDI,8.996,8.692,1.034981
GLG,0.350,1.271,0.275392
GLIBA,60.350,57.256,1.054035
GLIBP,26.010,25.189,1.032599
GLMD,6.095,7.373,0.826646
GLNG,17.010,19.884,0.855447
GLOB,110.730,83.197,1.330944
GLOG,14.160,15.830,0.894483
GLOP,21.940,21.646,1.013584
GLOW,0.990,1.291,0.766580
GLP,20.170,19.527,1.032915
GLPG,180.250,117.754,1.530739
GLPI,37.390,38.517,0.970736
GLRE,8.530,10.276,0.830062
GLT,16.950,14.773,1.147347
GLUU,7.680,9.051,0.848526
GLW,33.790,32.825,1.029407
GLYC,9.180,11.773,0.779742
GM,40.770,38.150,1.068676
GMDA,3.770,9.128,0.413011
GME,4.010,8.834,0.453926
GMED,44.340,44.274,1.001498
GMHI,10.050,0.000,
GMHIW,1.400,0.000,
GMLP,11.950,12.345,0.968000
GMLPP,25.450,24.860,1.023722
GMO,0.370,0.281,1.316762
GMRE,10.300,10.294,1.000601
GMS,23.030,18.734,1.229308
GNC,2.030,2.232,0.909473
GNCA,3.570,4.957,0.720127
GNE,10.790,9.250,1.166525
GNFT,17.580,24.723,0.711082
GNK,9.980,8.449,1.181204
GNL,19.330,19.094,1.012337
GNLN,7.760,0.000,
GNMK,6.350,6.854,0.926532
GNMX,0.180,0.205,0.879851
GNPX,1.007,1.540,0.654016
GNRC,73.500,57.922,1.268952
GNTX,27.570,22.263,1.238392
GNTY,30.960,29.645,1.044358
GNUS,0.830,1.859,0.446532
GNW,4.050,3.861,1.048870
GOGL,6.470,5.402,1.197640
GOGO,4.140,4.574,0.905122
GOL,21.440,14.600,1.468493
GOLD,17.060,13.649,1.249901
GOLF,26.180,24.625,1.063142
GOOD,21.160,20.962,1.009450
GOODM,25.210,25.423,0.991631
GOODO,26.770,26.614,1.005854
GOODP,27.010,26.485,1.019833
GOOG,1250.410,1145.294,1.091780
GOOGL,1245.220,1149.813,1.082976
GOOS,45.610,47.317,0.963930
GORO,3.750,3.756,0.998496
GOSS,21.150,0.000,
GPAQ,10.360,10.255,1.010268
GPC,97.910,104.009,0.941362
GPI,86.720,71.171,1.218475
GPK,15.160,13.156,1.152283
GPL,0.870,0.839,1.036562
GPMT,19.170,18.999,1.008984
GPN,169.640,141.987,1.194753
GPOR,3.290,6.639,0.495545
GPP,14.390,15.029,0.957483
GPRE,10.450,14.412,0.725076
GPRK,18.150,17.514,1.036325
GPRO,5.400,6.008,0.898754
GPS,19.540,23.038,0.848146
GPX,16.310,14.463,1.127695
GRA,71.000,75.349,0.942284
GRAF,10.030,9.886,1.014531
GRAM,2.940,3.197,0.919474
GRBK,9.610,8.954,1.073285
GRC,32.870,32.886,0.999526
GRFS,22.540,19.503,1.155698
GRIF,37.680,35.770,1.053390
GRIN,6.230,5.446,1.143989
GRMN,78.290,80.042,0.978112
GRNQ,1.100,2.182,0.504239
GROW,1.730,1.283,1.348828
GRPN,3.510,3.518,0.997635
GRSH,10.030,9.938,1.009307
GRTS,10.550,11.717,0.900429
GRUB,74.640,72.628,1.027705
GRVY,42.290,58.124,0.727580
GS,222.140,199.407,1.114001
GSAT,0.460,0.517,0.889578
GSB,13.070,7.502,1.742312
GSBC,59.710,56.179,1.062844
GSH,16.830,19.086,0.881800
GSHD,46.350,34.351,1.349312
GSIT,8.340,8.086,1.031438
GSK,41.910,40.324,1.039336
GSKY,12.100,12.392,0.976450
GSL,7.700,6.564,1.173043
GSM,1.500,2.029,0.739445
GSS,4.210,3.907,1.077673
GSUM,2.950,3.190,0.924623
GSV,1.030,1.088,0.946944
GSX,13.000,2.767,4.697477
GT,14.160,17.441,0.811866
GTE,1.600,2.124,0.753388
GTES,10.780,13.772,0.782727
GTHX,26.450,21.068,1.255430
GTIM,1.910,2.266,0.842884
GTLS,75.420,81.563,0.924685
GTN,17.840,19.293,0.924685
GTS,24.540,23.406,1.048437
GTT,13.270,28.475,0.466023
GTX,14.790,16.096,0.918843
GTY,30.120,31.929,0.943356
GTYH,6.900,8.668,0.795994
GURE,0.910,1.105,0.823899
GV,2.300,2.459,0.935511
GVA,44.640,44.279,1.008144
GVP,2.260,2.609,0.866128
GWB,33.930,34.320,0.988636
GWGH,9.930,10.691,0.928855
GWPH,166.310,166.034,1.001662
GWR,109.530,90.562,1.209446
GWRE,103.630,97.927,1.058239
GWRS,12.170,9.919,1.226885
GWW,299.800,287.182,1.043938
GYRO,18.330,18.804,0.974770
H,78.360,74.401,1.053214
HA,27.110,27.899,0.971717
HABT,9.700,10.796,0.898475
HAE,123.250,98.266,1.254242
HAFC,21.590,22.076,0.978004
HAIN,20.560,20.986,0.979692
HAIR,0.702,0.675,1.039424
HAL,23.030,27.188,0.847057
HALL,15.120,11.663,1.296376
HALO,16.790,16.348,1.027022
HARP,14.990,0.000,
HAS,123.670,96.273,1.284580
HASI,27.890,25.804,1.080841
HAYN,30.700,32.315,0.950033
HBAN,14.610,13.570,1.076652
HBANN,26.740,26.226,1.019616
HBANO,26.500,26.189,1.011869
HBB,15.760,20.579,0.765823
HBCP,37.480,35.939,1.042878
HBI,16.160,17.195,0.939819
HBIO,2.700,3.073,0.878605
HBM,4.880,5.999,0.813416
HBMD,14.700,14.125,1.040705
HBNC,17.410,16.444,1.058732
HBP,2.730,2.679,1.018976
HCA,145.060,131.887,1.099885
HCAC,9.960,0.000,
HCC,25.090,27.928,0.898384
HCCH,10.140,9.995,1.014541
HCCI,28.730,26.340,1.090718
HCFT,3.330,3.431,0.970629
HCHC,1.980,2.657,0.745216
HCI,40.310,42.834,0.941067
HCKT,16.850,16.583,1.016093
HCM,20.680,26.459,0.781593
HCP,32.080,31.207,1.027986
HCR,1.810,3.393,0.533527
HCSG,24.860,34.203,0.726829
HD,216.910,196.209,1.105504
HDB,115.160,114.905,1.002221
HDS,40.940,42.363,0.966399
HDSN,0.610,1.419,0.429739
HE,44.560,41.007,1.086649
HEAR,10.090,12.191,0.827634
HEB,2.750,6.750,0.407421
HEBT,1.935,1.057,1.830587
HEI,138.680,106.866,1.297694
HELE,152.000,126.438,1.202166
HEP,28.400,28.151,1.008837
HES,59.830,59.826,1.000070
HESM,20.320,21.001,0.967570
HEXO,3.990,6.074,0.656893
HF,45.600,45.113,1.010804
HFBC,19.530,19.571,0.997894
HFBL,34.060,32.456,1.049407
HFC,49.600,48.357,1.025698
HFFG,23.190,15.743,1.473016
HFWA,28.220,30.490,0.925535
HGSH,0.880,0.989,0.889712
HGV,32.700,30.625,1.067740
HHC,132.410,111.760,1.184775
HHHH,10.060,0.000,
HHR,18.200,0.000,
HHS,2.820,3.231,0.872694
HI,34.630,40.737,0.850093
HIBB,18.310,19.650,0.931789
HIG,58.140,51.754,1.123385
HIHO,2.160,2.935,0.736013
HII,233.970,214.323,1.091672
HIIQ,21.760,29.167,0.746060
HIL,3.050,2.876,1.060433
HIMX,3.210,3.451,0.930064
HIVE,4.440,3.991,1.112505
HIW,45.090,44.666,1.009487
HJLI,1.050,1.644,0.638662
HK,0.085,0.956,0.088879
HL,1.880,2.073,0.906842
HLF,41.520,50.232,0.826560
HLG,61.800,46.941,1.316559
HLI,46.820,45.728,1.023887
HLIO,46.470,44.562,1.042826
HLIT,7.760,5.728,1.354763
HLNE,60.540,48.589,1.245963
HLT,97.210,87.817,1.106957
HLTH,0.140,0.266,0.526104
HLX,8.620,7.696,1.120013
HMC,25.750,27.055,0.951756
HMG,13.860,13.985,0.991092
HMHC,5.860,7.263,0.806883
HMI,10.050,11.862,0.847239
HMLP,18.380,18.243,1.007490
HMN,43.340,39.450,1.098597
HMNF,21.260,21.167,1.004385
HMST,28.920,27.889,1.036973
HMSY,34.240,31.315,1.093402
HMTV,12.480,13.668,0.913096
HMY,2.470,1.977,1.249305
HNGR,16.750,19.228,0.871111
HNI,34.070,36.683,0.928778
HNNA,10.200,9.915,1.028772
HNP,22.900,24.292,0.942692
HNRG,5.580,5.468,1.020409
HOFT,20.740,27.071,0.766140
HOG,35.900,36.328,0.988226
HOLI,17.930,19.831,0.904161
HOLX,49.490,46.425,1.066021
HOMB,19.840,18.792,1.055782
HOME,6.110,17.870,0.341917
HON,173.610,163.143,1.064162
HONE,19.140,17.520,1.092475
HOOK,6.610,0.000,
HOPE,14.640,13.902,1.053081
HOS,0.930,1.370,0.678643
HOTH,6.390,0.000,
HOV,6.260,12.777,0.489933
HOVNP,3.000,3.034,0.988704
HP,48.060,54.429,0.882989
HPE,14.630,15.332,0.954214
HPJ,4.450,3.409,1.305277
HPP,35.190,33.929,1.037163
HPQ,21.520,20.536,1.047934
HPR,1.270,2.264,0.561037
HPT,24.450,25.936,0.942715
HQY,81.540,71.502,1.140390
HR,32.000,31.848,1.004763
HRB,27.450,26.152,1.049649
HRC,106.980,102.509,1.043620
HRL,41.380,41.523,0.996553
HROW,7.810,6.071,1.286494
HRS,184.960,172.884,1.069851
HRTG,13.520,14.792,0.913980
HRTX,17.740,22.056,0.804304
HSBC,41.050,41.774,0.982662
HSC,25.570,23.586,1.084130
HSDT,2.120,4.399,0.481969
HSGX,0.192,0.170,1.127387
HSIC,67.800,64.306,1.054329
HSII,30.700,34.990,0.877388
HSKA,80.310,82.900,0.968755
HSON,10.550,14.234,0.741201
HST,17.610,18.695,0.941973
HSTM,27.600,26.461,1.043033
HSY,152.980,122.645,1.247336
HT,16.500,17.730,0.930630
HTA,26.820,28.118,0.953837
HTBI,25.910,25.752,1.006142
HTBK,12.400,12.621,0.982526
HTBX,0.560,1.047,0.534967
HTGM,1.390,2.231,0.622935
HTH,22.500,19.781,1.137442
HTHT,33.820,36.060,0.937883
HTLD,19.980,19.440,1.027758
HTLF,46.270,45.130,1.025255
HTZ,16.050,15.053,1.066246
HUBB,125.970,121.084,1.040349
HUBG,40.940,42.230,0.969451
HUBS,185.180,171.162,1.081899
HUD,13.350,14.223,0.938617
HUM,276.870,270.271,1.024416
HUN,20.570,21.626,0.951148
HURC,34.700,38.367,0.904414
HURN,54.840,49.692,1.103602
HUSA,0.220,0.225,0.978608
HUYA,22.000,23.227,0.947182
HVBC,14.450,15.542,0.929712
HVT,18.430,20.346,0.905841
HWBK,26.160,24.683,1.059859
HWC,41.720,41.217,1.012214
HWCC,4.560,5.736,0.794954
HWKN,44.180,39.749,1.111487
HX,2.210,2.775,0.796320
HXL,83.420,72.613,1.148828
HY,55.060,60.037,0.917108
HYGS,14.900,9.789,1.522151
HYRE,3.030,4.725,0.641337
HZN,5.250,2.982,1.760302
HZNP,24.410,24.772,0.985403
HZO,15.410,17.691,0.871053
I,21.710,20.066,1.081924
IAC,244.380,220.767,1.106958
IAG,3.680,3.216,1.144295
IART,63.270,52.438,1.206564
IBA,52.950,48.983,1.080995
IBCP,21.740,21.985,0.988841
IBIO,0.710,0.820,0.866176
IBKC,78.350,75.750,1.034323
IBM,151.360,138.211,1.095137
IBN,11.860,11.216,1.057429
IBOC,37.910,38.657,0.980676
IBP,53.170,49.856,1.066481
IBTX,56.950,54.755,1.040096
ICAD,6.660,5.563,1.197250
ICBK,18.020,17.681,1.019165
ICCC,6.090,6.646,0.916347
ICCH,13.230,13.864,0.954272
ICD,1.280,2.567,0.498617
ICE,89.590,80.472,1.113304
ICFI,84.880,74.635,1.137267
ICHR,26.070,22.652,1.150869
ICL,5.190,5.356,0.968987
ICLK,3.600,4.180,0.861201
ICLR,161.100,141.185,1.141053
ICON,0.910,1.495,0.608804
ICPT,63.990,94.505,0.677106
ICUI,254.690,238.277,1.068881
IDA,102.270,100.205,1.020607
IDCC,66.150,67.604,0.978498
IDEX,1.730,1.727,1.001857
IDN,5.720,3.872,1.477278
IDRA,2.540,2.730,0.930403
IDSA,0.920,1.215,0.756988
IDSY,6.000,5.835,1.028190
IDT,10.100,7.574,1.333488
IDXG,0.890,0.814,1.092997
IDXX,283.940,238.245,1.191800
IDYA,6.770,0.000,
IEA,2.520,4.804,0.524600
IEC,6.110,6.820,0.895854
IEP,77.010,72.321,1.064837
IESC,17.910,18.093,0.989904
IEX,168.810,153.656,1.098620
IFF,146.320,137.022,1.067859
IFMK,2.050,1.209,1.696312
IGC,1.230,1.412,0.870926
IGLD,0.320,0.518,0.618107
IGT,13.830,14.241,0.971171
IHC,38.070,37.295,1.020771
IHG,70.170,63.810,1.099663
IHT,1.570,1.619,0.969867
III,2.750,3.579,0.768320
IIIN,20.050,20.648,0.971045
IIIV,28.510,24.627,1.157682
IIN,17.800,24.366,0.730525
IIPR,107.730,88.658,1.215123
IIVI,40.410,37.226,1.085540
IKNX,6.970,7.838,0.889282
ILMN,300.900,316.097,0.951924
ILPT,20.730,20.413,1.015538
IMAC,3.500,0.000,
IMAX,21.450,21.982,0.975786
IMGN,2.350,3.016,0.779249
IMH,3.300,3.582,0.921257
IMI,1.160,1.125,1.031146
IMKTA,31.770,29.746,1.068055
IMMP,1.610,1.997,0.806231
IMMR,7.600,8.554,0.888476
IMMU,15.280,15.312,0.997941
IMO,27.310,27.773,0.983343
IMOS,18.100,16.420,1.102289
IMRN,3.680,5.377,0.684350
IMTE,7.167,9.178,0.780888
IMUX,13.100,11.394,1.149777
IMV,2.820,4.005,0.704033
IMXI,14.070,12.413,1.133509
INAP,3.140,4.215,0.744884
INBK,21.130,20.947,1.008724
INCY,80.150,81.613,0.982075
INDB,77.770,78.477,0.990994
INFI,1.590,1.580,1.006621
INFN,3.700,4.028,0.918462
INFO,65.460,56.888,1.150683
INFU,4.630,4.433,1.044355
INFY,11.480,10.716,1.071307
ING,11.560,12.006,0.962880
INGN,61.350,91.217,0.672575
INGR,79.130,88.346,0.895678
INMB,9.220,0.000,
INN,11.380,11.543,0.985874
INNT,1.070,1.677,0.638050
INO,2.780,3.538,0.785853
INOD,1.330,1.217,1.093242
INOV,15.300,13.679,1.118465
INPX,0.383,1.025,0.373508
INS,47.720,30.092,1.585800
INSE,7.660,7.459,1.026888
INSG,5.280,4.889,1.079873
INSM,23.060,26.935,0.856144
INSP,67.800,56.504,1.199906
INST,40.690,42.925,0.947943
INSU,9.850,0.000,
INSUU,10.390,0.000,
INSUW,0.930,0.000,
INSW,17.400,18.145,0.958964
INT,39.640,30.438,1.302332
INTC,51.590,50.296,1.025727
INTG,29.700,31.013,0.957668
INTL,39.970,39.013,1.024535
INTT,4.610,6.126,0.752536
INTU,283.770,251.436,1.128597
INUV,0.280,0.992,0.282154
INVA,11.470,14.619,0.784587
INVE,4.900,5.100,0.960698
INVH,27.370,24.858,1.101067
INWK,3.890,3.963,0.981510
INXN,73.920,69.098,1.069778
IO,9.830,11.162,0.880644
IONS,63.930,68.420,0.934377
IOR,12.060,11.435,1.054646
IOSP,93.850,82.915,1.131889
IOTS,8.100,6.794,1.192167
IOVA,24.900,14.500,1.717268
IP,45.300,45.139,1.003567
IPAR,68.620,70.072,0.979279
IPDN,2.160,2.409,0.896606
IPG,23.070,22.416,1.029164
IPGP,141.190,147.899,0.954638
IPHI,62.650,46.311,1.352824
IPHS,27.610,30.012,0.919961
IPI,3.530,3.522,1.002319
IPIC,2.180,4.273,0.510148
IPLDP,25.520,25.219,1.011932
IPOA,10.470,10.260,1.020483
IPWR,0.360,0.389,0.926304
IQ,19.010,21.512,0.883692
IQV,159.880,141.579,1.129262
IR,122.580,114.299,1.072452
IRBT,74.510,103.345,0.720984
IRCP,21.290,20.355,1.045941
IRDM,26.000,23.751,1.094688
IRET,62.120,59.483,1.044328
IRIX,3.570,4.618,0.773110
IRM,29.910,32.858,0.910271
IRMD,18.290,23.905,0.765128
IROQ,21.700,20.545,1.056208
IRS,10.100,11.118,0.908436
IRT,12.060,10.914,1.105029
IRTC,78.360,79.424,0.986601
IRWD,10.410,11.195,0.929864
ISBC,11.270,11.650,0.967414
ISCA,45.400,44.063,1.030342
ISDR,10.450,12.028,0.868788
ISEE,1.180,1.364,0.864967
ISIG,1.000,1.203,0.831271
ISNS,4.900,5.034,0.973387
ISR,0.370,0.408,0.906151
ISRG,527.630,527.077,1.001050
ISRL,121.200,116.620,1.039273
ISSC,5.600,3.688,1.518432
ISTR,24.260,23.458,1.034210
IT,171.040,152.554,1.121176
ITCB,11.930,13.107,0.910231
ITCI,8.370,12.596,0.664503
ITGR,85.780,78.955,1.086446
ITI,5.260,4.648,1.131610
ITIC,165.250,164.332,1.005584
ITMR,10.000,8.062,1.240427
ITP,0.700,0.875,0.799826
ITRI,62.870,55.724,1.128237
ITRM,6.500,6.826,0.952309
ITRN,29.610,33.467,0.884748
ITT,64.200,59.546,1.078162
ITUB,9.700,9.176,1.057146
ITW,155.630,147.143,1.057677
IVAC,4.900,5.419,0.904212
IVC,4.400,6.734,0.653441
IVR,16.500,16.093,1.025297
IVZ,19.610,20.004,0.980320
IX,76.650,72.886,1.051644
IZEA,0.398,1.008,0.394764
JACK,75.760,80.098,0.945836
JAG,7.090,9.734,0.728411
JAGX,1.740,12.863,0.135267
JAKK,0.870,1.156,0.752426
JASN,0.460,1.356,0.339111
JAX,11.110,10.233,1.085706
JAZZ,138.050,133.685,1.032652
JBGS,39.350,40.494,0.971744
JBHT,102.940,98.741,1.042524
JBL,31.120,28.499,1.091950
JBLU,19.380,17.791,1.089315
JBSS,85.490,74.039,1.154666
JBT,121.510,101.840,1.193143
JCAP,19.850,21.097,0.940894
JCI,41.200,37.590,1.096045
JCOM,91.560,85.238,1.074163
JCP,0.790,1.263,0.625468
JCS,3.360,2.807,1.197193
JCTCF,7.900,7.960,0.992424
JD,31.550,28.134,1.121422
JE,3.600,3.695,0.974320
JEC,84.960,76.031,1.117433
JEF,21.600,19.736,1.094462
JELD,22.010,19.681,1.118364
JFIN,14.950,0.000,
JFK,9.904,0.000,
JFKKU,10.750,0.000,
JFKKW,0.270,0.000,
JG,5.590,7.129,0.784146
JHG,22.960,23.082,0.994722
JHX,13.810,12.824,1.076890
JILL,2.090,4.112,0.508308
JJSF,163.870,158.183,1.035951
JKHY,140.260,136.628,1.026579
JKS,19.540,19.260,1.014530
JLL,144.330,146.606,0.984472
JMEI,2.440,2.445,0.998033
JMIA,19.660,0.000,
JMP,3.600,4.021,0.895301
JMU,1.200,1.381,0.869104
JNCE,4.870,5.031,0.967970
JNJ,130.730,136.798,0.955641
JNPR,26.680,26.759,0.997050
JOB,0.600,1.175,0.510788
JOBS,83.790,76.249,1.098906
JOE,18.530,16.550,1.119668
JOUT,68.470,72.101,0.949637
JP,2.040,3.406,0.598924
JPM,116.220,108.369,1.072451
JRJC,0.850,1.124,0.755940
JRSH,6.985,7.011,0.996296
JRVR,48.080,42.705,1.125858
JT,3.770,5.041,0.747937
JVA,4.000,5.224,0.765657
JWN,30.500,39.440,0.773318
JYNT,20.420,15.216,1.341969
K,58.730,56.465,1.040118
KAI,86.760,88.655,0.978625
KALA,5.660,6.828,0.828938
KALU,96.410,99.466,0.969274
KALV,16.920,22.215,0.761631
KAMN,63.410,60.030,1.056309
KAR,26.720,21.131,1.264481
KB,36.940,39.059,0.945760
KBAL,17.540,15.740,1.114326
KBH,26.810,24.627,1.088658
KBLM,10.480,10.368,1.010769
KBR,26.310,21.321,1.233982
KBSF,2.700,3.463,0.779590
KDMN,2.500,2.374,1.053156
KDP,28.100,28.045,1.001949
KE,16.110,15.761,1.022119
KEG,3.160,3.009,1.050047
KELYA,27.900,24.004,1.162293
KELYB,28.000,23.474,1.192791
KEM,20.880,18.135,1.151367
KEN,20.500,19.536,1.049319
KEP,11.380,12.738,0.893357
KEQU,18.110,23.275,0.778094
KEX,76.270,77.363,0.985867
KEY,18.510,17.022,1.087403
KEYS,90.800,84.023,1.080660
KFFB,7.720,7.671,1.006439
KFRC,37.130,35.707,1.039840
KFS,2.710,2.486,1.089924
KFY,39.900,45.000,0.886674
KGC,4.240,3.470,1.221875
KGJI,0.690,0.766,0.901017
KHC,31.850,34.479,0.923744
KIDS,34.900,39.325,0.887474
KIM,18.740,17.938,1.044722
KIN,6.720,8.922,0.753192
KINS,8.380,12.450,0.673080
KIQ,1.140,1.044,1.092146
KIRK,1.630,6.176,0.263904
KKR,27.300,24.006,1.137236
KL,44.530,35.385,1.258461
KLAC,139.450,115.698,1.205297
KLDO,7.490,0.000,
KLIC,23.300,22.191,1.049994
KLXE,16.070,24.264,0.662299
KMB,137.170,125.519,1.092821
KMDA,5.780,5.728,1.009049
KMI,20.850,19.872,1.049196
KMPH,1.380,1.828,0.755034
KMPR,87.750,83.185,1.054872
KMT,34.870,36.344,0.959452
KMX,91.170,73.120,1.246852
KN,20.010,17.094,1.170614
KNDI,5.380,5.652,0.951865
KNL,24.890,20.937,1.188781
KNOP,19.490,19.192,1.015548
KNSA,12.520,16.260,0.770006
KNSL,90.670,75.774,1.196584
KNX,36.830,32.608,1.129493
KO,54.170,48.620,1.114147
KOD,12.700,8.914,1.424706
KODK,2.400,2.696,0.890172
KOF,60.300,63.067,0.956130
KOOL,2.930,3.095,0.946817
KOP,26.990,26.523,1.017620
KOPN,1.120,1.259,0.889320
KOS,5.650,6.055,0.933037
KOSS,1.990,2.020,0.984925
KPFS,3.010,4.086,0.736629
KPTI,8.680,6.280,1.382189
KR,21.480,24.998,0.859263
KRA,31.690,30.715,1.031752
KRC,80.040,75.101,1.065765
KREF,20.060,20.225,0.991836
KRG,15.650,15.820,0.989268
KRNT,30.760,25.816,1.191501
KRNY,13.860,13.350,1.038196
KRO,13.730,14.043,0.977686
KRP,16.100,17.098,0.941605
KRYS,46.470,31.161,1.491306
KSS,52.300,61.517,0.850172
KSU,124.460,116.403,1.069217
KT,11.910,12.626,0.943324
KTB,29.920,541.366,0.055268
KTCC,4.930,5.754,0.856732
KTOS,24.480,18.573,1.318038
KTOV,0.868,1.061,0.817943
KURA,19.380,16.582,1.168765
KVHI,10.220,10.381,0.984521
KW,21.260,20.959,1.014343
KWR,189.310,200.961,0.942024
KXIN,1.520,6.401,0.237455
KZIA,2.600,3.182,0.817002
KZR,5.710,15.516,0.368005
L,54.840,50.415,1.087766
LABL,50.010,49.361,1.013140
LAC,3.820,3.839,0.995088
LACQ,10.200,10.059,1.013979
LAD,135.120,103.699,1.303001
LADR,16.880,16.915,0.997938
LAIX,9.500,10.604,0.895917
LAKE,10.500,11.554,0.908791
LAMR,79.880,79.254,1.007902
LANC,152.470,152.637,0.998903
LAND,11.510,12.143,0.947834
LANDP,25.850,25.767,1.003213
LARK,23.500,23.818,0.986661
LASR,17.180,20.831,0.824745
LAUR,16.490,15.665,1.052634
LAWS,41.330,33.300,1.241127
LAZ,38.600,36.510,1.057256
LAZY,5.250,5.297,0.991153
LB,26.400,25.755,1.025054
LBAI,16.570,15.956,1.038469
LBC,11.210,10.389,1.078985
LBRDA,100.930,95.127,1.061000
LBRDK,102.370,95.523,1.071677
LBRT,13.750,15.339,0.896412
LBTYA,27.790,26.052,1.066723
LBTYB,27.470,25.826,1.063652
LBTYK,27.250,25.335,1.075572
LBY,1.520,2.937,0.517504
LC,14.760,15.659,0.942602
LCA,9.780,0.000,
LCAHU,10.020,0.000,
LCI,6.550,7.169,0.913606
LCII,91.650,85.535,1.071488
LCNB,18.160,17.164,1.058040
LCUT,8.700,9.548,0.911170
LDL,20.300,23.024,0.881701
LDOS,82.430,70.036,1.176967
LE,11.050,15.400,0.717525
LEA,130.680,142.223,0.918837
LEAF,6.740,7.690,0.876463
LECO,86.830,84.297,1.030051
LEDS,2.550,3.152,0.809112
LEE,2.060,2.737,0.752685
LEG,39.310,40.752,0.964623
LEGH,12.670,12.754,0.993437
LEJU,1.230,1.545,0.796026
LEN,47.630,49.427,0.963643
LEU,3.210,3.146,1.020309
LEVI,19.370,0.000,
LEVL,23.590,23.908,0.986702
LEXEA,50.420,44.692,1.128157
LEXEB,47.900,44.522,1.075865
LFAC,10.210,10.068,1.014092
LFC,13.080,12.837,1.018922
LFUS,186.470,182.511,1.021695
LFVN,11.310,12.962,0.872521
LGC,10.170,10.046,1.012362
LGCY,0.017,0.000,
LGIH,72.480,65.799,1.101543
LGL,8.070,7.568,1.066394
LGND,108.090,117.805,0.917531
LH,166.530,158.310,1.051923
LHC,9.220,10.136,0.909672
LHCG,124.270,112.796,1.101721
LIFE,3.470,6.546,0.530119
LII,263.060,262.806,1.000967
LILA,16.680,18.650,0.894346
LILAK,16.870,18.639,0.905095
LIN,200.960,182.308,1.102309
LINC,2.070,2.835,0.730169
LIND,18.710,15.651,1.195434
LION,30.970,29.861,1.037131
LIQT,8.860,8.601,1.030141
LITB,1.470,1.274,1.154012
LITE,58.900,51.854,1.135877
LIVE,6.600,7.380,0.894290
LIVN,73.000,80.912,0.902211
LIVX,2.760,4.737,0.582635
LJPC,8.450,7.324,1.153758
LK,24.920,0.000,
LKCO,9.220,7.816,1.179603
LKFN,45.110,46.314,0.974007
LKQ,27.730,27.496,1.008515
LKSD,1.410,6.211,0.227028
LL,10.140,11.218,0.903916
LLEX,0.380,1.176,0.323247
LLIT,0.880,1.366,0.644058
LLL,245.170,224.232,1.093375
LLNW,2.490,2.908,0.856232
LLY,108.270,118.610,0.912820
LM,38.880,33.026,1.177267
LMAT,32.600,28.013,1.163737
LMB,8.810,7.669,1.148853
LMFA,1.139,1.343,0.847846
LMNR,19.130,21.645,0.883818
LMNX,21.060,22.955,0.917446
LMRK,17.210,15.560,1.106019
LMRKN,25.350,24.729,1.025117
LMRKO,25.330,24.922,1.016367
LMRKP,25.900,25.243,1.026011
LMST,15.160,14.992,1.011228
LMT,369.460,325.581,1.134770
LN,32.520,32.797,0.991549
LNC,66.640,62.875,1.059889
LND,4.310,4.106,1.049637
LNDC,10.660,11.006,0.968540
LNG,66.500,66.495,1.000081
LNN,91.460,86.791,1.053794
LNT,49.790,47.188,1.055132
LNTH,22.770,24.045,0.946967
LOAC,10.180,10.042,1.013721
LOAN,6.290,6.221,1.011018
LOB,20.370,16.095,1.265602
LOCO,10.150,12.646,0.802621
LODE,0.160,0.188,0.853073
LOGC,12.630,11.676,1.081661
LOGI,41.300,38.346,1.077043
LOGM,78.410,80.051,0.979497
LOMA,12.200,11.264,1.083092
LONE,2.400,3.739,0.641868
LOOP,12.630,9.109,1.386479
LOPE,126.950,114.502,1.108719
LORL,36.280,36.734,0.987654
LOV,9.000,11.932,0.754275
LOVE,22.110,30.784,0.718221
LOW,103.530,103.586,0.999456
LPCN,1.850,1.836,1.007839
LPG,9.750,7.347,1.327054
LPI,2.700,3.170,0.851858
LPL,6.600,8.222,0.802689
LPLA,86.840,77.952,1.114020
LPSN,32.870,27.967,1.175329
LPT,52.670,48.771,1.079950
LPTH,0.770,1.340,0.574627
LPTX,2.190,1.774,1.234339
LPX,26.590,24.855,1.069826
LQDA,7.360,11.376,0.646948
LQDT,6.520,6.724,0.969621
LRAD,4.110,3.051,1.347103
LRCX,210.750,184.362,1.143134
LRN,30.610,31.865,0.960630
LSBK,14.750,15.309,0.963480
LSCC,16.680,12.722,1.311108
LSI,97.130,96.977,1.001578
LSTR,113.880,107.038,1.063920
LSXMA,40.780,39.030,1.044845
LSXMB,39.570,38.890,1.017478
LSXMK,41.040,39.185,1.047345
LTBR,0.670,0.726,0.922826
LTC,46.320,45.613,1.015494
LTHM,6.700,10.120,0.662065
LTM,9.910,10.347,0.957763
LTRPA,12.310,13.911,0.884912
LTRPB,12.415,14.385,0.863036
LTRX,3.500,3.207,1.091355
LTS,3.010,3.194,0.942536
LTXB,42.950,39.870,1.077259
LUB,1.150,1.390,0.827384
LULU,190.610,166.343,1.145887
LUNA,4.980,4.118,1.209276
LUV,53.250,52.669,1.011034
LVS,63.160,61.272,1.030815
LW,64.680,67.692,0.955502
LWAY,3.440,2.550,1.349020
LX,10.780,11.619,0.927784
LXFR,20.820,22.660,0.918781
LXRX,5.690,5.900,0.964382
LXU,3.980,5.531,0.719611
LYB,85.340,85.885,0.993649
LYFT,65.520,0.000,
LYG,2.740,3.072,0.891954
LYL,0.980,1.326,0.739129
LYTS,3.750,3.365,1.114476
LYV,73.540,62.722,1.172484
LZB,31.680,32.312,0.980441
M,22.870,23.324,0.980549
MA,282.070,242.830,1.161597
MAA,118.740,110.714,1.072492
MAC,32.770,40.136,0.816464
MACK,6.050,5.999,1.008487
MAG,11.340,9.967,1.137708
MAGS,4.700,5.060,0.928840
MAMS,11.040,9.024,1.223363
MAN,94.130,87.538,1.075301
MANH,88.440,61.317,1.442344
MANT,68.290,59.518,1.147376
MANU,18.030,19.074,0.945248
MAR,140.270,129.107,1.086461
MARA,2.120,2.496,0.849504
MARK,0.860,1.503,0.572343
MARPS,2.080,2.310,0.900284
MAS,41.500,37.963,1.093164
MASI,159.870,136.494,1.171264
MAT,14.170,12.551,1.128974
MATW,34.650,37.542,0.922974
MATX,40.700,36.917,1.102466
MAXR,7.580,6.297,1.203700
MAYS,35.500,37.689,0.941912
MBCN,41.150,41.108,1.001016
MBI,9.510,9.578,0.992859
MBII,1.370,1.529,0.896230
MBIN,17.030,20.046,0.849545
MBINP,27.246,0.000,
MBIO,3.210,3.781,0.848906
MBOT,6.700,7.188,0.932137
MBRX,1.130,1.252,0.902352
MBT,8.320,8.147,1.021222
MBTF,10.540,10.271,1.026206
MBUU,30.470,40.227,0.757450
MBWM,33.720,33.085,1.019182
MC,35.740,38.880,0.919228
MCB,44.000,39.143,1.124080
MCBC,10.210,10.295,0.991725
MCD,215.580,194.188,1.110164
MCEP,0.360,0.733,0.491199
MCF,1.350,2.809,0.480649
MCFT,16.600,22.216,0.747211
MCHP,98.110,87.976,1.115194
MCHX,4.460,4.581,0.973556
MCK,138.950,126.819,1.095654
MCO,203.400,183.548,1.108158
MCRB,2.850,5.029,0.566673
MCRI,47.710,43.720,1.091270
MCRN,16.950,13.688,1.238323
MCS,34.680,37.901,0.915005
MCY,62.150,55.501,1.119803
MD,23.840,28.876,0.825596
MDB,158.060,133.043,1.188038
MDC,37.380,31.590,1.183286
MDCA,2.440,2.619,0.931542
MDCO,36.940,30.247,1.221283
MDGL,84.400,112.993,0.746952
MDGS,2.370,2.689,0.881509
MDJH,2.826,3.233,0.874129
MDLY,2.380,3.134,0.759481
MDLZ,54.810,50.480,1.085777
MDP,55.190,55.735,0.990225
MDR,10.240,8.391,1.220301
MDRR,4.408,6.349,0.694333
MDRX,10.540,10.661,0.988679
MDSO,91.220,82.881,1.100614
MDT,102.550,92.256,1.111581
MDU,25.900,25.772,1.004958
MDWD,3.230,4.448,0.726130
MEC,14.400,6.426,2.240907
MED,114.580,131.917,0.868579
MEDP,63.760,59.488,1.071821
MEET,3.570,4.752,0.751217
MEI,30.480,28.056,1.086412
MEIP,1.660,2.788,0.595340
MELI,654.710,515.575,1.269863
MELR,18.100,18.576,0.974354
MEOH,41.800,51.667,0.809031
MERC,12.480,14.568,0.856698
MESA,10.140,9.273,1.093455
MESO,5.400,4.996,1.080842
MET,50.690,46.534,1.089314
METC,5.080,5.756,0.882518
MFA,7.250,7.291,0.994326
MFAC,10.100,9.972,1.012807
MFC,18.490,17.415,1.061735
MFG,2.890,3.016,0.958237
MFGP,21.260,23.717,0.896417
MFIN,4.670,6.403,0.729366
MFNC,15.650,15.733,0.994721
MFSF,32.430,30.394,1.066985
MG,15.000,14.349,1.045374
MGA,50.190,49.802,1.007796
MGEE,74.160,67.925,1.091800
MGEN,2.020,2.674,0.755550
MGI,2.420,2.264,1.069063
MGIC,9.090,8.761,1.037554
MGLN,68.630,66.985,1.024559
MGM,30.470,27.375,1.113042
MGNX,14.230,17.325,0.821369
MGP,29.150,31.135,0.936244
MGPI,69.510,72.029,0.965033
MGRC,64.970,58.260,1.115175
MGTA,13.170,13.820,0.952988
MGTX,27.990,19.650,1.424461
MGY,10.790,12.068,0.894088
MGYR,11.900,11.770,1.011032
MHH,5.490,5.924,0.926803
MHK,128.840,137.713,0.935570
MHLD,0.510,0.821,0.621488
MHO,34.060,27.794,1.225432
MIC,41.660,41.171,1.011889
MICR,2.350,2.707,0.868235
MICT,0.703,1.029,0.682985
MIDD,138.030,130.575,1.057091
MIK,7.200,11.205,0.642559
MIME,50.880,46.405,1.096426
MIND,4.160,3.914,1.062880
MINDP,23.550,24.021,0.980393
MINI,34.690,34.074,1.018084
MIST,17.530,0.000,
MITK,10.320,10.849,0.951219
MITO,12.515,0.000,
MIXT,15.640,16.791,0.931477
MJCO,9.700,8.035,1.207150
MKC,162.570,147.328,1.103459
MKGI,2.090,2.560,0.816552
MKL,1121.240,1042.149,1.075892
MKSI,87.570,83.516,1.048542
MKTX,347.940,275.965,1.260812
MLAB,233.120,231.930,1.005133
MLCO,23.960,22.724,1.054372
MLHR,45.680,37.949,1.203711
MLI,30.970,29.708,1.042485
MLM,223.820,207.763,1.077287
MLND,10.680,13.387,0.797814
MLNT,4.090,4.600,0.889116
MLNX,113.700,110.674,1.027346
MLP,10.760,11.116,0.967978
MLR,30.900,31.190,0.990695
MLSS,0.410,0.372,1.101066
MLVF,21.580,20.722,1.041410
MMAC,31.640,31.095,1.017536
MMC,102.450,94.588,1.083116
MMDM,10.900,10.564,1.031819
MMI,33.150,36.590,0.905997
MMLP,5.850,9.758,0.599531
MMM,173.980,189.955,0.915902
MMP,66.170,61.947,1.068169
MMS,74.570,72.024,1.035356
MMSI,41.000,57.272,0.715877
MMYT,27.720,26.529,1.044909
MN,1.520,2.063,0.736745
MNCL,10.070,0.000,
MNDO,2.200,2.252,0.976717
MNI,2.270,3.917,0.579533
MNK,6.710,16.293,0.411830
MNKD,1.100,1.447,0.760181
MNLO,3.890,6.635,0.586261
MNOV,9.360,9.682,0.966698
MNR,13.700,13.624,1.005581
MNRL,20.750,0.000,
MNRO,82.860,80.873,1.024575
MNSB,22.600,22.418,1.008121
MNST,65.200,60.155,1.083873
MNTA,10.590,12.904,0.820683
MNTX,6.340,6.945,0.912952
MO,49.860,51.684,0.964709
MOBL,7.050,5.522,1.276644
MOD,14.480,14.389,1.006292
MODN,21.840,17.998,1.213483
MOFG,30.600,28.551,1.071758
MOGO,3.050,2.918,1.045376
MOGU,2.620,9.587,0.273290
MOH,139.860,137.699,1.015691
MOMO,34.800,33.496,1.038917
MOR,29.750,25.432,1.169807
MORN,155.200,134.275,1.155837
MOS,24.310,26.595,0.914078
MOSC,10.250,10.100,1.014812
MOSY,0.180,0.192,0.939442
MOTS,3.010,3.803,0.791555
MOV,25.180,31.480,0.799867
MOXC,1.900,2.502,0.759341
MPAA,18.270,19.538,0.935086
MPB,26.080,24.586,1.060775
MPC,56.840,57.862,0.982335
MPLX,30.200,32.551,0.927777
MPO,4.690,8.559,0.547966
MPV,16.700,15.714,1.062775
MPVD,1.000,1.020,0.980759
MPW,17.820,18.070,0.986186
MPWR,150.980,136.353,1.107271
MPX,14.570,14.484,1.005908
MR,3.350,11.564,0.289698
MRAM,6.910,7.389,0.935129
MRC,15.850,16.690,0.949666
MRCY,70.990,66.171,1.072823
MREO,2.740,0.000,
MRIN,2.140,4.043,0.529333
MRK,81.430,80.233,1.014922
MRKR,5.370,6.123,0.876981
MRLN,23.080,22.648,1.019088
MRNA,14.120,19.548,0.722307
MRNS,1.120,3.988,0.280873
MRO,13.750,15.597,0.881579
MRSN,3.700,4.786,0.773059
MRTN,20.180,18.695,1.079422
MRTX,98.650,79.164,1.246145
MRUS,15.560,13.671,1.138162
MRVL,27.330,22.113,1.235917
MS,45.740,43.645,1.048004
MSA,105.680,103.867,1.017453
MSB,27.470,29.458,0.932499
MSBF,15.850,17.006,0.932018
MSBI,26.560,25.408,1.045352
MSC,20.950,17.759,1.179698
MSCI,237.270,209.729,1.131318
MSEX,61.430,58.018,1.058812
MSFT,141.340,122.439,1.154368
MSG,289.380,292.821,0.988250
MSGN,18.990,21.985,0.863769
MSI,170.100,146.961,1.157451
MSL,12.260,11.628,1.054364
MSM,71.820,78.741,0.912106
MSN,1.040,1.225,0.848636
MSON,23.740,20.761,1.143503
MSTR,123.320,138.665,0.889335
MSVB,12.610,12.641,0.997543
MT,17.000,19.880,0.855147
MTB,164.950,166.813,0.988832
MTBC,4.720,4.736,0.996538
MTBCP,27.823,27.194,1.023123
MTCH,77.190,62.710,1.230912
MTD,775.110,734.887,1.054733
MTDR,16.650,18.786,0.886297
MTEM,6.860,6.433,1.066342
MTEX,17.000,17.779,0.956184
MTFB,0.640,2.804,0.228234
MTG,12.750,13.426,0.949653
MTH,64.810,48.510,1.336020
MTL,1.920,2.121,0.905334
MTLS,20.050,16.912,1.185576
MTN,248.730,216.914,1.146678
MTNB,0.769,1.006,0.764158
MTOR,23.900,22.034,1.084674
MTP,1.726,2.162,0.798422
MTR,11.190,12.371,0.904552
MTRN,63.050,59.599,1.057895
MTRX,18.290,20.037,0.912810
MTSC,56.850,54.598,1.041252
MTSI,19.700,16.354,1.204623
MTSL,1.010,1.498,0.674329
MTW,17.810,16.835,1.057908
MTX,54.480,57.497,0.947525
MTZ,51.920,48.076,1.079954
MU,47.490,39.535,1.201211
MUDS,10.250,10.092,1.015621
MUFG,4.850,4.957,0.978350
MUR,22.260,26.865,0.828591
MUSA,85.700,82.255,1.041888
MUX,1.820,1.618,1.124729
MVBF,16.910,16.302,1.037287
MVIS,0.670,0.922,0.726633
MVO,7.900,7.984,0.989473
MWA,10.100,10.027,1.007255
MWK,7.270,163.646,0.044425
MX,10.520,8.593,1.224234
MXC,4.214,4.195,1.004535
MXIM,64.570,56.765,1.137507
MXL,23.210,23.824,0.974241
MYE,18.010,17.775,1.013236
MYFW,14.150,13.451,1.051979
MYGN,28.930,29.015,0.997059
MYL,18.460,24.282,0.760232
MYND,5.460,1.700,3.211736
MYO,0.743,1.119,0.663963
MYOK,54.900,48.265,1.137469
MYOS,1.550,1.489,1.040764
MYOV,7.220,16.312,0.442609
MYRG,37.190,34.485,1.078451
MYSZ,0.591,0.726,0.814375
MYT,0.509,1.332,0.382226
NAII,10.350,11.880,0.871235
NAK,0.580,0.631,0.918742
NAKD,0.096,0.345,0.278303
NANO,35.200,31.433,1.119838
NAOV,3.090,3.554,0.869488
NAT,2.110,2.147,0.982791
NATH,72.040,70.484,1.022083
NATI,45.200,43.682,1.034761
NATR,9.070,9.013,1.006344
NAV,32.040,33.506,0.956239
NAVB,0.590,2.152,0.274146
NAVI,14.080,12.659,1.112258
NBEV,3.720,5.308,0.700852
NBHC,37.040,35.186,1.052697
NBIX,87.480,83.385,1.049106
NBL,20.750,23.097,0.898399
NBLX,31.040,33.856,0.916828
NBN,21.200,20.754,1.021469
NBR,2.200,3.096,0.710640
NBRV,2.350,2.374,0.989839
NBTB,38.630,37.198,1.038490
NBY,1.020,1.253,0.813813
NC,51.580,43.846,1.176402
NCBS,65.480,59.453,1.101369
NCI,24.190,22.688,1.066198
NCLH,49.040,53.907,0.909707
NCMI,7.120,7.081,1.005563
NCNA,8.110,12.975,0.625067
NCR,31.810,29.306,1.085431
NCSM,3.160,4.281,0.738107
NCTY,1.040,1.483,0.701400
NDAQ,98.060,91.296,1.074087
NDLS,7.430,7.319,1.015229
NDRA,1.540,1.707,0.902260
NDSN,141.830,135.974,1.043067
NE,1.940,2.559,0.758152
NEBU,10.160,10.042,1.011793
NEE,209.170,194.235,1.076893
NEM,37.280,34.603,1.077371
NEN,60.250,61.145,0.985364
NEO,23.470,20.694,1.134151
NEOG,70.150,60.453,1.160413
NEON,2.800,2.945,0.950604
NEOS,1.280,1.978,0.647138
NEP,49.130,45.791,1.072909
NEPT,5.970,3.981,1.499799
NERV,6.480,6.789,0.954516
NES,5.040,7.863,0.640997
NESR,8.150,9.108,0.894801
NETE,3.660,5.223,0.700719
NEU,423.570,418.369,1.012432
NEW,5.850,6.894,0.848624
NEWA,5.895,6.568,0.897597
NEWM,10.340,10.992,0.940653
NEWR,94.770,98.999,0.957280
NEXA,9.090,10.443,0.870441
NEXT,5.010,4.997,1.002597
NFBK,16.080,14.873,1.081144
NFC,10.190,9.980,1.021042
NFE,12.260,11.913,1.029163
NFG,46.070,56.928,0.809270
NFJ,12.510,12.159,1.028867
NFLX,335.780,356.987,0.940595
NG,6.280,4.404,1.426036
NGD,1.400,0.920,1.521487
NGG,52.280,54.045,0.967334
NGHC,23.190,24.051,0.964204
NGHCN,24.490,22.588,1.084212
NGHCO,24.630,22.814,1.079617
NGHCP,24.900,23.586,1.055719
NGL,15.180,13.863,1.095009
NGM,13.550,21.602,0.627265
NGS,16.070,16.861,0.953096
NGVC,8.950,12.033,0.743780
NGVT,100.200,102.067,0.981706
NH,0.540,0.703,0.767620
NHC,85.870,78.979,1.087250
NHI,79.240,78.824,1.005277
NHLD,2.670,3.032,0.880523
NHTC,7.060,11.485,0.614741
NI,29.500,27.970,1.054704
NICE,150.590,128.839,1.168821
NICK,8.610,9.414,0.914591
NIHD,1.780,2.591,0.686995
NINE,12.950,20.716,0.625127
NIO,3.510,5.120,0.685578
NIU,6.380,7.848,0.812976
NJR,50.120,48.964,1.023611
NK,1.260,1.185,1.062853
NKE,87.540,84.577,1.035037
NKSH,36.520,39.133,0.933223
NKTR,31.120,35.672,0.872401
NL,4.680,3.908,1.197445
NLNK,1.560,1.654,0.943447
NLS,1.750,4.750,0.368421
NLSN,23.550,24.744,0.951735
NLY,9.600,9.767,0.982853
NM,7.070,3.456,2.045519
NMCI,2.200,2.234,0.984653
NMIH,24.630,26.295,0.936673
NMM,17.280,14.354,1.203887
NMR,3.270,3.638,0.898936
NMRD,0.865,0.988,0.875865
NMRK,9.850,9.022,1.091805
NNA,6.390,6.622,0.965012
NNBR,8.410,8.856,0.949644
NNDM,0.402,0.688,0.584225
NNI,62.510,57.057,1.095572
NNN,52.250,53.064,0.984663
NNVC,0.230,0.286,0.804754
NOA,10.000,11.342,0.881650
NOAH,33.170,45.832,0.723738
NOC,352.520,294.771,1.195913
NODK,16.620,16.438,1.011101
NOG,1.570,2.298,0.683266
NOK,5.720,5.582,1.024711
NOMD,22.570,20.651,1.092946
NOV,21.720,25.387,0.855547
NOVN,2.590,1.695,1.528361
NOVT,88.690,82.809,1.071014
NOW,289.330,254.397,1.137316
NP,63.850,64.995,0.982381
NPK,92.520,105.761,0.874801
NPO,67.210,65.602,1.024509
NPTN,4.890,5.836,0.837854
NR,7.100,7.989,0.888755
NRC,65.340,45.499,1.436087
NRCG,12.100,9.332,1.296612
NRE,17.010,17.062,0.996940
NRG,34.460,38.881,0.886305
NRIM,37.310,35.455,1.052328
NRP,31.690,39.289,0.806578
NRT,7.270,6.975,1.042231
NRZ,15.540,16.323,0.952037
NS,28.530,26.999,1.056717
NSA,29.530,28.877,1.022607
NSC,189.990,190.165,0.999081
NSEC,11.870,11.995,0.989557
NSIT,55.670,54.665,1.018391
NSP,144.630,121.694,1.188475
NSPR,3.160,5.689,0.555420
NSSC,27.660,23.869,1.158806
NSTG,32.730,26.084,1.254790
NSYS,3.880,4.232,0.916778
NTAP,59.110,65.703,0.899657
NTB,32.580,36.345,0.896420
NTCT,26.270,26.783,0.980864
NTEC,0.480,6.017,0.079776
NTES,238.960,252.949,0.944698
NTGN,3.270,5.250,0.622857
NTGR,34.250,31.506,1.087093
NTIC,11.160,13.342,0.836464
NTIP,2.480,2.460,1.008005
NTLA,18.330,15.646,1.171520
NTN,3.000,3.445,0.870876
NTNX,24.500,37.622,0.651222
NTP,10.370,9.592,1.081059
NTR,50.830,52.389,0.970246
NTRA,27.030,20.532,1.316483
NTRP,5.230,5.808,0.900418
NTRS,99.640,91.927,1.083906
NTRSP,25.390,25.692,0.988231
NTWK,5.850,6.599,0.886497
NTZ,2.030,4.167,0.487123
NUAN,16.840,16.680,1.009606
NUE,56.160,56.713,0.990247
NURO,0.370,0.800,0.462721
NUS,40.900,53.334,0.766861
NUVA,59.090,57.234,1.032436
NVAX,4.250,15.250,0.278689
NVCN,2.720,5.179,0.525158
NVCR,78.910,53.081,1.486585
NVDA,175.070,163.107,1.073346
NVEC,69.430,86.853,0.799394
NVEE,82.050,72.350,1.134073
NVFY,0.850,0.792,1.073253
NVGS,10.600,10.401,1.019096
NVIV,0.560,1.237,0.452700
NVLN,0.670,1.079,0.621205
NVMI,28.240,25.839,1.092908
NVO,48.840,49.456,0.987538
NVR,3309.810,3035.738,1.090282
NVRO,65.410,57.434,1.138873
NVS,93.190,84.260,1.105985
NVT,24.930,25.819,0.965568
NVTA,25.660,20.694,1.239947
NVTR,2.120,8.290,0.255720
NVUS,0.900,2.817,0.319466
NWBI,17.150,17.429,0.984005
NWE,71.170,69.712,1.020916
NWFL,35.030,32.014,1.094223
NWHM,4.330,4.998,0.866384
NWL,14.200,16.079,0.883135
NWLI,267.870,275.048,0.973901
NWN,71.520,66.534,1.074943
NWPX,24.280,24.478,0.991904
NWS,13.700,12.792,1.071002
NWSA,13.430,12.574,1.068099
NX,18.440,16.730,1.102207
NXE,1.400,1.618,0.865503
NXGN,16.310,18.421,0.885396
NXPI,102.360,94.681,1.081099
NXRT,42.510,38.696,1.098551
NXST,101.550,102.399,0.991708
NXTC,19.770,0.000,
NXTD,0.503,0.895,0.562026
NYCB,10.870,11.117,0.977813
NYMT,6.110,6.165,0.991146
NYMTN,24.940,23.842,1.046064
NYMTO,24.970,24.473,1.020288
NYMTP,24.970,24.242,1.030028
NYMX,1.720,1.901,0.904900
NYNY,10.180,11.585,0.878754
NYT,35.460,32.682,1.084994
O,69.540,70.048,0.992742
OAK,50.680,47.589,1.064962
OAS,4.510,5.661,0.796680
OASM,1.749,2.115,0.826885
OBAS,11.800,10.629,1.110146
OBCI,3.590,3.444,1.042471
OBE,0.950,1.941,0.489440
OBLN,6.500,1.373,4.735554
OBNK,33.910,34.287,0.989006
OBSV,9.830,12.333,0.797057
OC,58.100,51.364,1.131138
OCC,3.900,4.395,0.887287
OCFC,25.710,24.704,1.040714
OCN,2.010,1.875,1.071804
OCUL,4.860,3.988,1.218791
OCX,1.930,3.651,0.528690
ODC,35.180,30.705,1.145755
ODFL,164.840,146.076,1.128456
ODP,2.000,2.620,0.763403
ODT,38.020,23.498,1.618035
OEC,20.150,21.598,0.932946
OESX,2.890,1.733,1.667577
OFC,26.920,27.013,0.996547
OFED,24.000,25.049,0.958128
OFG,23.200,20.422,1.136031
OFIX,49.870,54.474,0.915478
OFLX,75.250,77.847,0.966637
OGE,42.560,42.271,1.006839
OGEN,0.450,0.636,0.708023
OGI,5.900,3.703,1.593399
OGS,90.820,87.730,1.035216
OHI,36.990,36.864,1.003409
OHRP,3.990,2.819,1.415430
OI,17.700,18.437,0.960017
OII,16.080,17.109,0.939835
OIIM,1.360,1.505,0.903677
OIS,13.910,17.136,0.811722
OKE,68.490,67.289,1.017847
OKTA,140.530,102.245,1.374450
OLBK,28.440,26.344,1.079576
OLED,213.860,158.412,1.350020
OLLI,88.910,88.631,1.003153
OLN,21.350,22.921,0.931457
OLP,28.470,28.609,0.995133
OMAB,50.160,47.891,1.047377
OMC,81.690,78.086,1.046156
OMCL,75.250,79.247,0.949566
OMER,15.410,16.407,0.939223
OMEX,4.910,5.731,0.856758
OMF,35.980,32.678,1.101049
OMI,2.670,4.374,0.610419
OMN,9.950,7.616,1.306507
OMP,21.750,20.138,1.080051
ON,22.040,20.924,1.053314
ONB,17.690,16.794,1.053349
ONCE,98.080,96.573,1.015607
ONCS,2.230,4.703,0.474214
ONCT,4.990,7.350,0.678883
ONCY,1.600,1.857,0.861559
ONDK,3.960,5.183,0.764017
ONE,7.220,8.230,0.877237
ONTX,2.630,3.404,0.772714
ONVO,0.440,0.840,0.523905
OOMA,12.200,13.428,0.908528
OPBK,9.750,9.492,1.027191
OPES,10.300,10.202,1.009601
OPGN,0.368,0.773,0.475795
OPHC,3.400,3.747,0.907369
OPI,27.500,27.713,0.992320
OPK,2.130,2.445,0.871343
OPNT,12.310,13.219,0.931219
OPOF,22.570,21.975,1.027071
OPRX,15.590,13.674,1.140091
OPTN,5.990,8.146,0.735338
OPTT,1.690,3.642,0.464081
OPY,29.290,26.947,1.086966
OR,12.060,10.667,1.130539
ORA,64.390,58.752,1.095954
ORAN,14.800,15.562,0.951035
ORBC,8.100,7.496,1.080539
ORC,6.820,6.635,1.027900
ORCL,58.500,53.917,1.085007
ORGO,5.110,8.433,0.605987
ORGS,4.590,4.676,0.981602
ORI,22.840,21.684,1.053309
ORIT,17.980,16.997,1.057828
ORLY,383.790,377.119,1.017689
ORMP,3.780,3.432,1.101428
ORN,4.110,3.239,1.268997
ORRF,21.890,20.426,1.071684
ORTX,13.450,16.122,0.834280
OSB,24.090,25.037,0.962184
OSBC,13.250,13.220,1.002258
OSG,1.930,1.920,1.005368
OSIS,113.360,97.085,1.167635
OSK,84.680,78.356,1.080704
OSMT,3.300,4.795,0.688222
OSN,2.470,1.939,1.273697
OSPN,14.970,16.473,0.908786
OSS,1.630,2.146,0.759599
OSTK,20.050,15.637,1.282232
OSUR,8.620,10.015,0.860706
OSW,15.950,12.938,1.232819
OTEL,14.880,16.155,0.921071
OTEX,44.060,39.277,1.121769
OTIC,2.750,2.524,1.089623
OTIV,0.370,0.599,0.617374
OTLK,2.350,4.261,0.551487
OTTR,53.210,50.592,1.051757
OTTW,13.210,13.437,0.983110
OUT,27.150,23.872,1.137302
OVBC,36.780,37.157,0.989849
OVID,2.120,2.090,1.014447
OVLY,19.090,18.723,1.019582
OXBR,1.040,1.115,0.932365
OXFD,12.710,15.336,0.828784
OXM,72.230,76.073,0.949478
OXY,51.590,59.183,0.871702
OZK,30.990,30.930,1.001937
OZM,24.170,17.248,1.401321
PAA,24.600,23.941,1.027533
PAAS,15.690,13.002,1.206781
PAC,96.320,97.617,0.986712
PACB,5.240,6.911,0.758196
PACD,8.340,13.795,0.604559
PACK,7.190,9.789,0.734485
PACQ,10.170,10.064,1.010540
PACW,38.990,38.855,1.003474
PAG,46.500,45.103,1.030971
PAGP,24.490,24.143,1.014383
PAGS,48.320,30.926,1.562426
PAHC,29.000,31.033,0.934483
PAM,33.510,29.849,1.122653
PANL,3.400,3.360,1.011811
PANW,227.030,225.466,1.006939
PAR,25.960,25.518,1.017323
PARR,22.690,18.877,1.201995
PATI,17.600,18.540,0.949277
PATK,46.210,45.420,1.017388
PAVM,1.060,1.100,0.963389
PAYC,235.200,197.365,1.191699
PAYS,14.030,9.287,1.510673
PAYX,86.580,81.113,1.067399
PB,69.750,70.182,0.993849
PBA,36.760,36.505,1.006984
PBBI,11.450,11.273,1.015696
PBCT,16.770,16.757,1.000775
PBCTP,27.160,25.551,1.062979
PBF,28.380,31.026,0.914729
PBFX,21.500,21.198,1.014224
PBH,33.510,29.486,1.136459
PBHC,13.690,14.326,0.955629
PBI,3.920,5.780,0.678183
PBIP,18.340,17.736,1.034062
PBPB,4.380,7.114,0.615730
PBR,15.070,15.658,0.962442
PBT,5.240,6.672,0.785400
PBTS,3.434,0.000,
PBYI,9.200,24.765,0.371495
PCAR,71.670,68.765,1.042239
PCB,16.930,17.108,0.989577
PCG,18.700,18.647,1.002845
PCH,38.460,37.264,1.032100
PCMI,34.970,30.436,1.148961
PCOM,11.770,11.854,0.992948
PCRX,43.970,41.141,1.068760
PCSB,19.840,19.708,1.006713
PCTI,4.740,5.011,0.946007
PCTY,107.110,91.188,1.174610
PCYG,5.110,6.914,0.739108
PCYO,11.005,10.102,1.089419
PD,45.680,0.000,
PDCE,27.820,36.617,0.759757
PDCO,19.610,22.119,0.886559
PDD,21.610,23.630,0.914498
PDEX,14.420,14.131,1.020480
PDFS,13.460,12.382,1.087070
PDLB,14.400,13.812,1.042555
PDLI,2.980,3.301,0.902821
PDM,20.330,20.391,0.996998
PDS,1.610,2.175,0.740321
PDSB,5.760,7.202,0.799819
PE,16.110,18.618,0.865270
PEB,28.000,30.477,0.918732
PEBK,27.460,27.584,0.995503
PEBO,32.600,32.083,1.016120
PED,1.350,2.047,0.659354
PEG,59.540,58.661,1.014981
PEGA,78.840,68.051,1.158535
PEGI,23.530,22.067,1.066297
PEI,6.350,6.486,0.978981
PEIX,0.580,1.034,0.560821
PEN,180.360,149.212,1.208749
PENN,19.490,21.272,0.916242
PEP,131.220,123.920,1.058909
PER,1.890,2.133,0.886212
PERI,4.560,3.107,1.467859
PES,0.190,1.210,0.157055
PESI,3.580,3.744,0.956204
PETQ,35.940,30.074,1.195063
PETS,15.980,20.149,0.793091
PETX,4.920,4.413,1.114971
PETZ,0.680,0.755,0.900598
PFBI,15.780,15.784,0.999724
PFE,43.090,42.135,1.022677
PFG,60.680,53.919,1.125387
PFGC,42.910,39.412,1.088764
PFIE,1.410,1.645,0.857163
PFIN,8.060,8.221,0.980453
PFIS,45.790,43.757,1.046450
PFMT,1.280,1.791,0.714718
PFNX,5.940,5.678,1.046126
PFPT,130.550,117.688,1.109292
PFS,23.860,25.659,0.929902
PFSI,24.110,22.358,1.078372
PFSW,3.320,4.851,0.684418
PG,114.730,104.741,1.095366
PGC,28.560,27.779,1.028109
PGNX,5.180,4.798,1.079544
PGR,81.700,75.466,1.082607
PGRE,13.830,14.337,0.964620
PGTI,16.690,15.571,1.071844
PH,174.890,170.567,1.025343
PHAS,8.580,9.020,0.951236
PHCF,2.585,3.364,0.768322
PHG,47.060,40.839,1.152343
PHI,21.980,23.241,0.945743
PHIO,0.395,0.413,0.956169
PHM,31.860,29.879,1.066306
PHUN,1.740,33.440,0.052033
PHX,11.560,14.614,0.791032
PI,36.150,22.959,1.574553
PICO,10.490,10.754,0.975495
PIH,5.150,5.228,0.985115
PIHPP,25.500,24.265,1.050886
PII,93.530,88.483,1.057038
PINC,39.860,36.752,1.084581
PINS,27.640,0.000,
PIR,4.310,14.544,0.296346
PIRS,4.750,3.571,1.330106
PIXY,0.501,0.985,0.508570
PJC,78.380,74.040,1.058618
PJT,36.890,41.302,0.893169
PK,26.360,29.729,0.886685
PKBK,23.850,21.855,1.091278
PKD,16.880,0.000,
PKE,17.240,16.930,1.018301
PKG,102.010,97.026,1.051370
PKI,95.030,93.316,1.018363
PKOH,31.420,33.083,0.949738
PKX,48.680,54.948,0.885922
PLAB,9.770,9.333,1.046868
PLAG,4.220,3.925,1.075191
PLAN,59.900,41.208,1.453614
PLAY,39.890,48.643,0.820058
PLBC,24.960,24.496,1.018934
PLCE,96.760,97.363,0.993802
PLD,82.110,74.637,1.100130
PLG,1.380,1.508,0.915388
PLM,0.380,0.560,0.678756
PLMR,27.080,0.000,
PLNT,79.160,70.329,1.125563
PLOW,40.910,38.157,1.072138
PLPC,57.700,54.422,1.060241
PLSE,13.200,14.585,0.905047
PLT,37.870,44.772,0.845843
PLUG,2.250,2.208,1.019050
PLUS,75.590,82.569,0.915476
PLX,0.380,0.437,0.870432
PLXP,5.920,5.518,1.072796
PLXS,58.780,58.281,1.008558
PLYA,7.350,7.887,0.931902
PLYM,18.670,17.163,1.087787
PM,85.980,82.913,1.036987
PMBC,8.140,8.050,1.011171
PMD,8.660,13.252,0.653464
PMT,22.160,21.022,1.054115
PMTS,2.680,2.954,0.907366
PNBK,14.370,15.232,0.943391
PNC,142.800,130.565,1.093704
PNFP,61.140,56.565,1.080877
PNM,50.500,46.837,1.078205
PNR,39.210,39.528,0.991957
PNRG,124.830,132.987,0.938662
PNTR,15.140,14.725,1.028191
PNW,92.020,93.742,0.981633
POAI,0.680,0.756,0.899753
PODD,123.990,99.937,1.240677
POL,32.210,29.776,1.081731
POLA,4.480,4.556,0.983345
POOL,192.520,172.682,1.114880
POPE,69.390,68.203,1.017411
POR,55.080,52.021,1.058808
POST,112.450,105.192,1.068999
POWI,93.200,73.119,1.274642
POWL,37.690,32.596,1.156268
PPBI,31.730,29.450,1.077419
PPC,27.140,23.899,1.135597
PPDF,3.960,4.548,0.870768
PPG,117.940,112.439,1.048920
PPHI,12.590,0.000,
PPIH,8.760,8.888,0.985580
PPL,30.320,31.138,0.973739
PPSI,5.400,5.181,1.042353
PQG,15.780,15.685,1.006084
PRA,37.160,38.502,0.965151
PRAA,30.150,28.676,1.051398
PRAH,101.090,100.261,1.008265
PRCP,4.000,6.311,0.633792
PRFT,35.550,29.926,1.187911
PRGO,53.540,48.138,1.112212
PRGS,43.650,40.600,1.075129
PRGX,6.630,7.762,0.854146
PRI,125.120,121.806,1.027208
PRIM,20.400,20.798,0.980859
PRK,93.490,97.036,0.963461
PRLB,106.260,109.099,0.973980
PRMW,14.360,13.812,1.039694
PRNB,37.690,32.673,1.153539
PRO,73.490,49.777,1.476379
PROV,21.010,20.005,1.050259
PRPH,2.040,2.858,0.713668
PRPL,6.470,5.943,1.088672
PRPO,2.930,3.879,0.755415
PRQR,8.470,12.408,0.682627
PRS,27.030,25.859,1.045278
PRSC,53.790,64.094,0.839240
PRSP,23.980,21.916,1.094157
PRT,7.950,8.467,0.938987
PRTA,9.930,11.153,0.890339
PRTH,7.550,6.639,1.137226
PRTK,3.210,5.260,0.610213
PRTO,0.403,1.372,0.293753
PRTS,1.220,1.082,1.127796
PRTY,6.330,8.429,0.750958
PRU,103.270,97.690,1.057124
PRVB,10.930,5.207,2.098990
PS,30.730,31.316,0.981279
PSA,239.430,225.013,1.064070
PSB,177.850,157.667,1.128007
PSDO,14.240,14.591,0.975934
PSMT,61.740,58.570,1.054121
PSN,37.190,14.776,2.516979
PSO,11.440,10.896,1.049887
PSTG,15.900,18.968,0.838273
PSTI,5.060,0.832,6.084075
PSTL,14.740,0.000,
PSV,2.780,3.380,0.822405
PSX,102.320,93.493,1.094410
PSXP,52.870,50.560,1.045682
PT,3.420,8.032,0.425773
PTC,73.360,89.437,0.820243
PTCT,46.520,37.780,1.231334
PTE,4.600,9.888,0.465224
PTEN,10.590,12.802,0.827206
PTGX,11.730,10.632,1.103306
PTI,0.860,1.978,0.434680
PTLA,26.550,30.285,0.876673
PTN,0.930,1.070,0.869097
PTNR,4.050,4.383,0.923981
PTR,54.040,61.062,0.885002
PTSI,55.210,53.393,1.034034
PTVCA,16.400,18.029,0.909622
PTVCB,16.490,18.192,0.906420
PUB,29.920,28.787,1.039365
PUK,42.480,42.183,1.007030
PULM,0.899,1.173,0.766191
PUMP,16.990,19.958,0.851271
PUYI,12.070,0.000,
PVAC,33.780,42.161,0.801206
PVBC,27.870,24.280,1.147851
PVG,11.130,8.642,1.287910
PVH,89.310,108.061,0.826478
PVL,2.570,2.877,0.893190
PVT,10.170,5803.614,0.001752
PVTL,9.910,17.567,0.564130
PW,9.270,6.084,1.523600
PWOD,45.150,41.894,1.077713
PWR,37.800,37.148,1.017551
PXD,135.680,147.059,0.922623
PXLW,2.920,3.574,0.816984
PXS,1.099,1.142,0.962038
PYDS,3.054,2.843,1.074191
PYPL,115.490,106.444,1.084983
PYX,13.240,19.685,0.672589
PZG,0.894,0.859,1.040163
PZN,8.250,8.881,0.928918
PZZA,46.830,47.025,0.995864
QADA,43.160,43.868,0.983852
QADB,33.000,32.108,1.027766
QBAK,5.250,5.760,0.911422
QCOM,75.220,66.161,1.136932
QCRH,38.320,34.341,1.115860
QD,8.740,6.545,1.335409
QDEL,58.860,60.709,0.969536
QEP,4.820,7.418,0.649810
QES,2.070,3.742,0.553222
QFIN,10.840,15.290,0.708938
QGEN,38.290,38.956,0.982903
QHC,1.580,1.945,0.812292
QIWI,22.160,16.146,1.372441
QLYS,91.450,86.103,1.062104
QNST,16.310,15.100,1.080105
QRHC,2.490,2.062,1.207396
QRTEA,13.960,16.287,0.857104
QRTEB,14.000,16.408,0.853257
QRVO,74.920,69.015,1.085560
QSR,75.230,66.221,1.136038
QTNT,10.490,9.236,1.135769
QTRH,1.240,1.083,1.145315
QTRX,31.740,25.548,1.242378
QTS,43.480,44.453,0.978112
QTWO,80.070,70.630,1.133652
QUAD,8.290,11.171,0.742111
QUIK,0.530,0.735,0.721501
QUMU,4.540,3.102,1.463651
QUOT,10.890,10.269,1.060457
QURE,65.560,59.087,1.109557
R,59.090,59.300,0.996463
RACE,165.850,140.567,1.179864
RAD,6.690,10.984,0.609095
RADA,3.420,3.176,1.076945
RAIL,5.340,6.695,0.797633
RAMP,53.280,52.587,1.013172
RAND,2.650,2.833,0.935462
RARE,62.250,61.669,1.009417
RARX,36.080,23.977,1.504750
RAVE,2.710,1.912,1.417036
RAVN,35.640,37.029,0.962477
RBA,35.330,34.735,1.017144
RBB,19.790,19.604,1.009472
RBBN,4.910,5.068,0.968894
RBC,80.570,80.642,0.999105
RBCAA,48.580,45.835,1.059884
RBCN,8.690,8.139,1.067678
RBKB,10.900,11.446,0.952268
RBNC,24.150,22.435,1.076460
RBS,5.720,6.260,0.913727
RBZ,2.650,4.707,0.562990
RC,15.120,15.102,1.001188
RCI,52.840,53.117,0.994776
RCII,26.520,22.410,1.183380
RCKT,12.510,16.200,0.772208
RCKY,31.050,26.603,1.167166
RCL,113.960,118.535,0.961405
RCM,13.000,10.754,1.208813
RCMT,3.290,3.801,0.865459
RCON,0.750,0.922,0.813732
RCUS,8.420,10.178,0.827304
RDCM,7.980,8.024,0.994530
RDFN,17.960,18.794,0.955629
RDHL,6.970,7.821,0.891231
RDI,13.200,14.803,0.891722
RDIB,23.690,25.641,0.923909
RDN,22.780,21.870,1.041620
RDNT,14.740,13.318,1.106740
RDUS,21.870,20.807,1.051064
RDVT,14.660,9.333,1.570826
RDWR,25.250,24.854,1.015953
RDY,39.000,38.721,1.007208
RE,259.520,234.163,1.108290
RECN,17.000,16.370,1.038490
REDU,8.700,9.615,0.904822
REED,3.460,3.179,1.088259
REFR,3.010,2.713,1.109389
REG,66.200,66.382,0.997262
REGI,13.870,20.670,0.671023
REGN,309.180,359.513,0.859998
REI,2.410,4.812,0.500785
REKR,5.340,1.123,4.757157
RELL,5.600,6.253,0.895552
RELV,4.250,4.426,0.960228
RELX,24.000,22.848,1.050430
RENN,0.810,1.413,0.573351
REPH,9.830,8.877,1.107365
REPL,13.020,13.722,0.948811
RES,5.780,9.488,0.609209
RESI,12.180,10.943,1.113012
RESN,2.260,2.838,0.796256
RETA,90.720,86.881,1.044187
RETO,1.030,1.669,0.617218
REV,20.590,22.173,0.928624
REVG,14.650,11.395,1.285699
REX,76.220,77.622,0.981944
REXN,4.900,6.152,0.796481
REXR,41.480,37.259,1.113281
REZI,19.320,21.543,0.896831
RF,16.040,15.100,1.062252
RFIL,7.570,7.459,1.014901
RFL,20.430,17.407,1.173669
RFP,6.280,7.456,0.842271
RGA,162.990,148.814,1.095263
RGCO,28.550,27.668,1.031869
RGEN,92.510,67.244,1.375746
RGLD,117.860,92.434,1.275076
RGLS,0.700,1.123,0.623343
RGNX,49.730,49.974,0.995115
RGR,55.230,53.916,1.024372
RGS,18.190,18.621,0.976875
RH,130.780,119.454,1.094818
RHE,2.130,1.695,1.256394
RHI,61.110,61.466,0.994203
RHP,76.150,81.133,0.938586
RHT,187.710,183.436,1.023300
RIBT,2.610,3.134,0.832891
RICK,17.800,20.645,0.862189
RIG,5.590,7.691,0.726817
RIGL,2.270,2.303,0.985877
RILY,18.910,18.055,1.047380
RIO,57.530,58.646,0.980973
RIOT,1.970,3.304,0.596308
RIVE,10.380,11.115,0.933915
RJF,84.830,83.855,1.011624
RKDA,2.750,5.105,0.538712
RL,110.080,119.395,0.921981
RLGT,5.340,6.092,0.876628
RLGY,5.400,10.945,0.493367
RLH,6.460,7.878,0.819996
RLI,89.180,78.180,1.140703
RLJ,17.400,18.167,0.957775
RLM,2.690,3.093,0.869712
RM,24.590,25.820,0.952354
RMAX,30.050,36.360,0.826458
RMBL,4.210,4.967,0.847532
RMBS,12.980,11.021,1.177793
RMCF,8.550,9.017,0.948166
RMD,126.870,108.950,1.164480
RMED,2.730,4.721,0.578296
RMG,9.780,6.116,1.598991
RMNI,5.040,5.183,0.972436
RMR,48.230,58.277,0.827598
RMTI,3.140,4.305,0.729378
RNDB,14.980,15.003,0.998494
RNET,8.770,11.017,0.796013
RNG,127.390,110.953,1.148149
RNGR,6.280,7.333,0.856390
RNR,186.190,158.753,1.172826
RNST,35.960,35.615,1.009701
RNWK,1.630,2.489,0.654859
ROAD,15.310,12.839,1.192488
ROAN,1.160,5.117,0.226694
ROCK,41.170,38.905,1.058205
ROG,165.000,155.615,1.060310
ROIC,17.970,17.345,1.036036
ROK,164.620,169.732,0.969883
ROKU,110.450,75.044,1.471808
ROL,34.260,38.681,0.885712
ROLL,164.420,142.432,1.154374
ROP,366.200,341.812,1.071349
ROSE,2.790,3.429,0.813628
ROST,106.830,96.549,1.106487
ROX,0.550,0.669,0.822019
ROYT,2.170,2.093,1.036612
RP,64.800,60.251,1.075509
RPAI,11.740,12.232,0.959749
RPD,65.190,51.081,1.276209
RPLA,9.850,16.170,0.609153
RPM,67.200,58.975,1.139474
RPT,11.830,12.299,0.961872
RRBI,47.400,0.000,
RRC,5.170,9.049,0.571353
RRD,1.750,3.842,0.455448
RRGB,34.670,30.868,1.123161
RRR,21.950,24.775,0.885986
RRTS,10.440,10.908,0.957068
RS,103.000,88.673,1.161571
RSG,90.290,81.852,1.103087
RST,22.450,21.564,1.041103
RTEC,28.510,24.020,1.186909
RTIX,4.250,4.808,0.884011
RTLR,18.900,0.000,
RTN,189.790,179.184,1.059190
RTRX,20.700,20.697,1.000151
RTTR,0.940,0.853,1.101461
RTW,1.880,2.411,0.779614
RUBI,7.720,5.994,1.287994
RUBY,14.310,15.591,0.917842
RUHN,3.750,0.000,
RUN,18.770,16.067,1.168231
RUSHA,38.220,39.279,0.973048
RUSHB,40.430,39.614,1.020604
RUTH,22.410,24.226,0.925041
RVEN,3.990,3.779,1.055924
RVI,36.750,32.878,1.117776
RVLT,0.370,0.337,1.099093
RVNC,11.870,14.143,0.839295
RVP,0.720,0.711,1.012234
RVSB,8.530,7.769,1.098006
RWGE,10.260,10.129,1.012906
RWLK,3.820,4.939,0.773453
RWT,16.810,16.106,1.043723
RXN,29.280,27.492,1.065035
RY,79.550,77.845,1.021897
RYAAY,63.630,70.714,0.899823
RYAM,4.690,10.954,0.428152
RYB,6.000,7.280,0.824159
RYI,8.210,8.377,0.980098
RYN,29.080,30.229,0.961990
RYTM,19.990,25.987,0.769223
S,7.990,6.388,1.250705
SA,13.960,12.864,1.085208
SABR,23.820,21.990,1.083212
SACH,4.930,4.710,1.046721
SAEX,3.350,3.647,0.918442
SAFE,33.280,24.562,1.354927
SAFM,131.360,133.689,0.982580
SAFT,99.060,91.239,1.085716
SAGE,166.490,164.658,1.011126
SAH,27.280,18.324,1.488785
SAIA,68.500,63.959,1.071002
SAIC,85.850,77.186,1.112241
SAIL,21.880,24.815,0.881742
SAL,39.420,40.343,0.977120
SALM,2.090,2.430,0.860109
SALT,6.380,4.722,1.351236
SAM,398.500,314.031,1.268983
SAMA,9.950,9.820,1.013271
SAMG,13.600,14.161,0.960390
SAN,4.460,4.695,0.949924
SAND,6.450,5.475,1.178090
SANM,32.260,30.452,1.059373
SANW,3.000,2.722,1.102106
SAP,126.990,119.486,1.062799
SASR,36.310,33.670,1.078403
SATS,46.080,40.975,1.124602
SAUC,0.800,0.891,0.897798
SAVA,1.370,1.183,1.158394
SAVE,43.560,53.248,0.818057
SB,2.180,1.627,1.339556
SBAC,236.820,204.358,1.158851
SBBP,2.640,4.043,0.652997
SBBX,23.670,22.402,1.056599
SBCF,27.230,26.793,1.016294
SBFG,16.280,17.787,0.915262
SBFGP,16.500,17.835,0.925130
SBGI,52.850,45.476,1.162153
SBGL,5.090,4.105,1.240032
SBH,12.000,16.332,0.734755
SBLK,10.400,8.230,1.263740
SBNY,126.520,126.756,0.998136
SBOW,10.380,18.494,0.561250
SBPH,4.450,7.779,0.572035
SBR,46.260,46.486,0.995143
SBRA,20.790,19.518,1.065178
SBS,13.870,11.415,1.215039
SBSI,33.610,33.667,0.998299
SBT,9.930,9.752,1.018270
SBUX,99.110,76.875,1.289230
SC,27.400,22.000,1.245433
SCCO,37.360,36.680,1.018526
SCHL,33.870,38.190,0.886874
SCHN,27.010,24.104,1.120580
SCHW,44.050,44.008,1.000947
SCI,47.210,43.242,1.091765
SCKT,2.560,2.161,1.184557
SCL,99.370,89.702,1.107781
SCON,1.000,1.302,0.767788
SCOR,3.490,13.783,0.253204
SCPH,5.550,3.444,1.611280
SCPL,10.710,0.000,
SCS,16.950,16.758,1.011447
SCSC,33.740,35.175,0.959207
SCVL,26.620,32.392,0.821820
SCWX,12.150,17.397,0.698405
SCX,6.260,7.165,0.873696
SCYX,1.155,1.340,0.861822
SD,6.550,7.680,0.852865
SDI,17.430,18.292,0.952872
SDLP,2.510,7.135,0.351789
SDPI,0.980,1.246,0.786401
SDR,0.610,0.886,0.688167
SDRL,4.180,7.033,0.594324
SDT,0.610,0.882,0.691323
SE,37.390,25.229,1.482029
SEAC,1.930,1.456,1.325105
SEAS,30.900,27.525,1.122633
SEB,4084.030,4113.935,0.992731
SECO,8.090,8.545,0.946719
SEDG,63.260,48.601,1.301628
SEE,44.050,43.516,1.012280
SEED,5.690,6.430,0.884883
SEEL,1.710,2.880,0.593766
SEIC,60.900,53.225,1.144194
SELB,1.700,2.100,0.809421
SELF,4.180,3.885,1.075901
SEM,16.730,14.916,1.121641
SEMG,11.940,13.991,0.853392
SENEA,30.060,26.594,1.130312
SENEB,29.000,27.070,1.071315
SENS,1.200,2.229,0.538467
SERV,52.750,48.546,1.086604
SES,5.170,0.755,6.847336
SESN,1.140,1.226,0.929847
SF,60.120,55.800,1.077415
SFBC,34.960,34.495,1.013477
SFBS,34.200,33.748,1.013395
SFE,11.800,11.197,1.053823
SFET,1.240,2.198,0.564126
SFIX,27.520,26.829,1.025758
SFL,13.160,12.520,1.051080
SFLY,50.590,45.718,1.106559
SFM,17.490,21.376,0.818192
SFNC,25.870,24.760,1.044850
SFST,41.020,36.577,1.121460
SFUN,2.490,6.232,0.399537
SG,11.500,13.123,0.876310
SGA,30.710,31.686,0.969199
SGB,20.500,20.611,0.994600
SGBX,0.885,1.627,0.543800
SGC,17.480,17.051,1.025165
SGEN,74.460,70.902,1.050187
SGH,32.110,23.577,1.361902
SGLB,1.290,1.557,0.828667
SGMA,4.950,2.752,1.798552
SGMO,12.220,10.498,1.164055
SGMS,20.190,22.012,0.917228
SGOC,1.170,1.075,1.088256
SGRP,0.740,0.666,1.110297
SGRY,7.590,10.671,0.711294
SGU,9.720,9.663,1.005877
SHAK,74.140,59.806,1.239668
SHBI,16.250,15.568,1.043827
SHEN,41.300,43.059,0.959157
SHG,36.870,38.343,0.961580
SHI,35.310,45.360,0.778447
SHIP,0.610,3.749,0.162706
SHIPZ,0.220,0.000,
SHLL,9.770,0.000,
SHLO,5.200,5.489,0.947321
SHLX,21.660,20.183,1.073157
SHO,13.290,14.205,0.935609
SHOO,34.130,33.004,1.034123
SHOP,336.540,240.708,1.398128
SHOS,2.470,2.290,1.078710
SHSP,9.960,15.181,0.656103
SHW,512.300,442.410,1.157976
SIBN,19.400,18.185,1.066816
SIC,10.920,11.432,0.955202
SID,4.300,3.815,1.127276
SIEB,11.070,10.851,1.020176
SIEN,5.940,8.241,0.720787
SIF,2.850,2.973,0.958487
SIFY,1.390,1.500,0.926808
SIG,17.470,22.660,0.770952
SIGA,5.490,5.910,0.928922
SIGI,75.660,69.120,1.094620
SILC,31.000,34.087,0.909429
SILK,42.100,26.216,1.605902
SILV,5.100,3.628,1.405662
SIM,8.260,8.799,0.938702
SIMO,40.630,40.469,1.003967
SINA,40.330,53.846,0.748983
SINO,0.690,0.820,0.841072
SINT,0.100,0.185,0.540251
SIRI,6.220,5.827,1.067454
SITC,13.640,13.324,1.023731
SITE,73.110,61.447,1.189805
SITO,0.660,1.440,0.458309
SIVB,233.790,232.267,1.006556
SIX,52.100,53.324,0.977048
SJI,33.870,31.883,1.062333
SJM,114.260,115.034,0.993270
SJR,19.710,20.355,0.968300
SJT,3.140,4.511,0.696136
SJW,64.430,61.539,1.046973
SKIS,10.930,4.712,2.319478
SKM,22.800,24.570,0.927964
SKT,16.580,19.086,0.868684
SKX,39.110,31.606,1.237428
SKY,28.010,22.054,1.270066
SKYS,0.560,0.651,0.860326
SKYW,61.740,56.958,1.083952
SLAB,114.390,92.918,1.231087
SLB,40.010,41.588,0.962047
SLCA,10.510,13.875,0.757475
SLCT,11.290,11.595,0.973724
SLDB,5.820,9.269,0.627904
SLF,41.920,39.335,1.065721
SLG,81.190,87.649,0.926307
SLGG,7.740,0.000,
SLGL,10.190,7.728,1.318604
SLGN,30.750,29.370,1.046984
SLM,9.280,10.148,0.914506
SLMBP,58.380,64.375,0.906879
SLNO,2.280,2.167,1.052350
SLP,38.350,23.858,1.607395
SLS,0.160,0.873,0.183329
SLVO,7.000,6.721,1.041466
SM,9.230,15.110,0.610848
SMAR,54.940,41.894,1.311404
SMBC,34.410,33.510,1.026860
SMBK,21.790,20.411,1.067586
SMED,3.630,3.575,1.015265
SMFG,7.010,7.115,0.985269
SMG,103.480,86.521,1.196005
SMHI,13.950,13.658,1.021407
SMIT,2.150,2.394,0.898176
SMLP,7.690,9.318,0.825270
SMMF,27.200,25.360,1.072539
SMMT,1.437,1.626,0.883494
SMP,46.960,47.985,0.978637
SMPL,27.560,22.323,1.234611
SMRT,0.840,0.977,0.860091
SMSI,5.750,2.716,2.117239
SMTA,8.440,7.574,1.114298
SMTC,53.630,50.169,1.068993
SMTS,1.460,1.498,0.974683
SMTX,3.750,4.032,0.929975
SNA,155.330,160.595,0.967213
SNAP,17.890,11.507,1.554682
SNBR,49.430,40.243,1.228275
SNCR,7.970,6.905,1.154166
SND,2.240,3.232,0.693040
SNDE,1.530,2.593,0.590036
SNDR,19.200,20.115,0.954499
SNDX,9.000,6.958,1.293543
SNE,54.800,48.807,1.122795
SNES,1.410,1.305,1.080226
SNFCA,5.340,5.103,1.046370
SNGX,1.060,0.857,1.236179
SNH,8.290,10.053,0.824619
SNMP,2.040,2.372,0.860178
SNN,44.460,40.754,1.090928
SNNA,0.822,1.865,0.440789
SNOA,6.390,7.585,0.842406
SNP,65.340,75.806,0.861937
SNPS,137.090,115.783,1.184024
SNR,6.980,5.918,1.179419
SNSS,0.890,0.893,0.996581
SNV,38.190,35.844,1.065454
SNX,99.950,98.008,1.019811
SNY,42.360,42.679,0.992518
SO,55.740,52.489,1.061930
SOGO,3.830,5.257,0.728613
SOHO,7.020,6.938,1.011850
SOHOB,25.690,25.222,1.018563
SOHON,25.900,0.000,
SOHOO,25.100,24.915,1.007440
SOHU,12.780,16.877,0.757222
SOI,13.500,15.846,0.851961
SOL,1.080,1.538,0.702030
SOLO,2.820,2.954,0.954574
SOLY,12.760,0.000,
SON,61.330,61.515,0.996993
SONA,15.980,15.036,1.062791
SONM,12.820,0.000,
SONO,10.660,10.907,0.977338
SORL,3.360,3.296,1.019526
SP,35.290,33.521,1.052764
SPAQ,10.000,9.865,1.013657
SPAR,12.010,9.275,1.294852
SPB,52.260,56.455,0.925687
SPCB,1.070,1.387,0.771521
SPEX,2.370,3.223,0.735450
SPFI,17.650,7.723,2.285302
SPG,158.330,173.295,0.913642
SPGI,244.350,213.743,1.143195
SPH,24.550,22.997,1.067533
SPHS,1.010,0.968,1.042879
SPI,2.250,2.961,0.759884
SPKE,10.990,9.768,1.125070
SPKEP,24.789,23.900,1.037184
SPLK,140.730,128.461,1.095505
SPLP,13.660,13.878,0.984274
SPN,0.820,3.221,0.254616
SPNE,12.700,14.333,0.886092
SPNS,16.550,14.885,1.111843
SPOK,14.920,14.514,1.027948
SPOT,155.380,140.224,1.108081
SPPI,7.550,9.522,0.792864
SPR,75.480,85.857,0.879133
SPRO,10.420,11.585,0.899442
SPRT,1.530,2.081,0.735280
SPSC,113.450,102.839,1.103179
SPTN,11.670,15.642,0.746073
SPWH,4.260,4.739,0.898865
SPWR,10.260,7.819,1.312187
SPXC,35.190,33.519,1.049845
SQ,81.810,72.949,1.121461
SQBG,0.440,0.923,0.476837
SQM,30.250,36.049,0.839137
SQNS,0.880,1.014,0.867876
SR,85.320,82.159,1.038477
SRAX,4.210,4.042,1.041591
SRC,43.860,41.116,1.066747
SRCE,47.070,45.871,1.026140
SRCI,3.750,5.040,0.744059
SRCL,46.930,48.689,0.963879
SRDX,39.720,45.455,0.873833
SRE,140.260,127.958,1.096140
SREV,0.910,1.005,0.905095
SRG,40.400,43.309,0.932841
SRI,33.980,29.143,1.165957
SRLP,18.000,17.892,1.006046
SRNE,2.640,3.091,0.853968
SRPT,149.370,129.665,1.151964
SRRA,0.493,1.284,0.383993
SRRK,12.420,17.414,0.713203
SRT,6.890,7.544,0.913340
SRTS,5.040,6.458,0.780367
SSB,77.850,71.041,1.095839
SSD,66.370,62.455,1.062683
SSFN,15.440,10.751,1.436085
SSI,0.740,0.959,0.771692
SSKN,2.680,2.720,0.985349
SSL,21.930,28.718,0.763644
SSNC,60.490,59.107,1.023406
SSNT,2.900,2.890,1.003381
SSP,15.060,18.843,0.799234
SSRM,15.910,12.863,1.236898
SSTI,38.230,45.074,0.848161
SSTK,39.880,41.855,0.952819
SSW,10.170,9.353,1.087408
SSY,1.480,1.464,1.011161
SSYS,29.270,25.021,1.169804
ST,48.810,47.750,1.022209
STAA,31.350,31.938,0.981577
STAF,1.670,1.691,0.987630
STAG,30.310,29.226,1.037105
STAR,12.850,9.944,1.292280
STAY,16.610,17.526,0.947717
STBA,38.210,39.085,0.977602
STC,37.330,42.186,0.884898
STCN,1.760,1.873,0.939566
STE,149.440,130.875,1.141853
STFC,34.950,34.121,1.024298
STG,2.150,3.443,0.624422
STI,66.460,63.030,1.054417
STIM,11.470,14.720,0.779220
STKL,2.730,3.651,0.747695
STKS,3.080,3.163,0.973909
STL,21.920,20.258,1.082037
STLD,32.600,32.741,0.995708
STM,19.150,16.745,1.143648
STML,13.410,13.301,1.008164
STMP,47.990,84.764,0.566163
STN,23.940,24.029,0.996283
STND,27.510,28.426,0.967778
STNE,34.160,29.644,1.152357
STNG,28.310,23.422,1.208705
STNL,10.210,10.100,1.010846
STON,1.710,2.964,0.577003
STOR,34.210,33.211,1.030066
STRA,187.600,152.084,1.233528
STRL,12.650,13.159,0.961302
STRM,1.330,1.254,1.060955
STRO,11.040,10.806,1.021695
STRS,28.130,26.306,1.069352
STRT,21.240,28.086,0.756250
STT,60.370,64.311,0.938715
STWD,23.030,22.533,1.022078
STX,47.810,46.309,1.032407
STXB,21.860,21.880,0.999088
STZ,203.920,186.493,1.093444
SU,29.640,32.343,0.916434
SUI,133.160,121.462,1.096311
SUM,18.630,16.623,1.120748
SUMR,0.440,0.712,0.618057
SUN,33.830,30.807,1.098143
SUNW,0.565,0.670,0.843630
SUP,2.730,4.638,0.588624
SUPN,32.430,35.208,0.921091
SUPV,7.720,7.413,1.041460
SURF,2.140,4.114,0.520208
SUZ,16.430,21.041,0.780848
SVA,6.470,6.475,0.999160
SVBI,8.310,8.801,0.944179
SVM,3.160,2.418,1.306754
SVMK,18.810,16.027,1.173643
SVRA,2.620,7.457,0.351332
SVT,10.200,11.365,0.897489
SWAV,50.160,0.000,
SWCH,13.460,10.967,1.227265
SWI,18.080,18.530,0.975703
SWIR,11.970,12.863,0.930556
SWK,152.400,138.046,1.103977
SWKS,85.980,79.821,1.077163
SWM,34.100,34.422,0.990655
SWN,2.040,3.875,0.526446
SWX,89.430,84.143,1.062834
SXC,8.950,8.875,1.008490
SXCP,12.410,12.627,0.982848
SXI,69.810,72.951,0.956946
SXT,69.790,68.360,1.020923
SXTC,2.600,4.863,0.534610
SY,14.380,7.310,1.967035
SYBT,37.530,34.964,1.073405
SYBX,6.380,8.140,0.783824
SYF,36.600,33.157,1.103851
SYK,214.450,191.371,1.120597
SYKE,28.830,27.655,1.042507
SYMC,22.730,22.118,1.027658
SYN,0.470,0.606,0.775539
SYNA,33.020,35.102,0.940692
SYNC,1.490,1.646,0.905292
SYNH,49.190,48.037,1.024012
SYNL,16.390,16.192,1.012234
SYPR,0.950,0.971,0.978073
SYRS,7.500,7.166,1.046671
SYX,19.090,22.025,0.866759
SYY,70.890,69.163,1.024976
T,34.150,31.520,1.083436
TA,3.550,4.111,0.863554
TAC,6.030,6.377,0.945526
TACO,12.420,10.981,1.131014
TACT,11.500,9.986,1.151582
TAIT,3.470,2.995,1.158553
TAK,16.860,18.938,0.890266
TAL,32.770,35.246,0.929738
TALO,21.200,24.374,0.869767
TANH,1.470,1.546,0.950822
TAOP,0.660,0.938,0.703671
TAP,56.590,59.298,0.954326
TARO,81.590,97.674,0.835327
TAST,9.370,9.376,0.999316
TAT,0.710,0.933,0.761316
TATT,5.690,6.257,0.909400
TAYD,10.660,11.875,0.897699
TBBK,9.850,9.008,1.093480
TBI,22.650,23.083,0.981243
TBIO,8.380,9.496,0.882474
TBK,32.170,30.300,1.061730
TBLT,0.410,1.258,0.325847
TBNK,28.750,28.107,1.022876
TBPH,19.360,21.651,0.894176
TBRG,11.850,10.427,1.136462
TC,4.450,5.694,0.781508
TCBI,62.080,59.977,1.035064
TCBIP,26.060,25.790,1.010451
TCBK,38.510,38.671,0.995825
TCCO,2.500,3.492,0.715878
TCDA,32.290,30.681,1.052459
TCF,22.070,21.361,1.033192
TCFC,32.260,30.578,1.055017
TCGP,25.060,23.374,1.072109
TCI,24.750,30.157,0.820715
TCMD,55.040,58.032,0.948438
TCO,39.870,48.184,0.827460
TCON,0.521,0.892,0.583796
TCP,40.770,35.875,1.136430
TCRR,13.670,0.000,
TCS,6.270,7.420,0.844979
TCX,50.040,70.560,0.709181
TD,58.670,56.591,1.036730
TDAC,10.400,10.228,1.016774
TDC,36.550,41.252,0.886025
TDG,496.000,453.778,1.093046
TDOC,69.530,61.445,1.131590
TDS,33.440,32.242,1.037167
TDW,22.740,22.809,0.996978
TDY,296.180,246.504,1.201523
TEAM,146.040,116.894,1.249335
TECD,101.870,100.926,1.009349
TECH,214.610,197.558,1.086316
TECK,21.300,22.461,0.948314
TECTP,10.850,0.000,
TEDU,1.490,4.584,0.325032
TEF,7.880,8.382,0.940094
TEL,93.650,87.375,1.071817
TELL,7.000,9.010,0.776901
TEN,9.220,21.159,0.435751
TENB,31.080,29.657,1.047995
TENX,1.320,1.483,0.889992
TEO,17.580,15.722,1.118201
TER,56.350,43.331,1.300457
TERP,15.270,13.409,1.138826
TESS,14.490,17.187,0.843074
TEUM,3.300,3.708,0.889854
TEVA,7.540,13.618,0.553697
TEX,33.020,31.306,1.054741
TFSL,18.430,17.090,1.078394
TFX,347.160,300.632,1.154766
TG,16.980,16.920,1.003546
TGA,1.380,1.748,0.789467
TGB,0.470,0.574,0.818532
TGC,0.740,0.954,0.775582
TGE,21.000,23.397,0.897541
TGEN,3.350,3.740,0.895696
TGH,10.020,10.605,0.944854
TGI,22.350,21.204,1.054033
TGLS,7.280,7.442,0.978194
TGNA,15.190,14.511,1.046798
TGP,15.200,14.227,1.068389
TGS,15.330,13.849,1.106938
TGT,87.060,79.352,1.097131
TGTX,7.330,6.890,1.063813
TH,8.640,9.960,0.867427
THC,22.010,23.490,0.937013
THCB,9.887,0.000,
THFF,43.430,41.269,1.052362
THG,130.680,120.501,1.084472
THM,0.610,0.536,1.137185
THO,59.680,61.726,0.966858
THOR,15.550,16.568,0.938542
THR,25.880,24.800,1.043555
THRM,41.700,40.310,1.034473
THS,59.740,58.627,1.018984
TI,5.630,5.585,1.007982
TIBR,10.230,10.089,1.013992
TIF,93.270,96.359,0.967939
TIGO,53.260,58.751,0.906539
TIGR,4.200,0.000,
TILE,14.450,16.018,0.902105
TIPT,6.570,6.156,1.067273
TISI,15.780,15.927,0.990774
TITN,21.630,18.178,1.189889
TIVO,7.660,8.774,0.873052
TJX,55.760,52.489,1.062327
TK,4.580,3.879,1.180738
TKAT,0.513,0.705,0.728125
TKC,5.760,5.744,1.002764
TKKS,10.030,9.936,1.009419
TKR,48.000,46.160,1.039867
TLC,5.210,5.710,0.912373
TLF,5.870,5.770,1.017250
TLGT,0.700,1.051,0.666037
TLK,29.680,27.558,1.077016
TLND,35.390,44.078,0.802897
TLRA,8.000,6.371,1.255736
TLRD,4.850,8.399,0.577481
TLRY,42.090,57.545,0.731431
TLSA,7.240,7.004,1.033711
TLYS,8.270,10.488,0.788554
TM,131.950,122.451,1.077575
TMCX,10.350,10.233,1.011421
TMDI,2.270,2.859,0.794067
TMDX,25.900,0.000,
TME,14.520,16.050,0.904699
TMHC,22.170,19.363,1.144941
TMK,92.930,86.065,1.079770
TMO,287.210,269.828,1.064418
TMP,80.560,78.753,1.022948
TMQ,2.180,2.493,0.874617
TMSR,1.380,1.885,0.732048
TMST,6.920,9.848,0.702707
TMUS,84.250,73.454,1.146972
TNAV,9.190,6.680,1.375654
TNC,65.930,62.084,1.061949
TNDM,62.960,61.144,1.029709
TNET,76.780,61.516,1.248132
TNK,1.250,1.114,1.122190
TNP,3.310,3.249,1.018821
TNXP,0.540,1.890,0.285645
TOCA,5.460,8.630,0.632666
TOL,35.520,36.729,0.967089
TOO,1.170,1.250,0.936343
TOPS,0.450,0.702,0.640761
TORC,9.500,8.386,1.132826
TOT,53.630,55.218,0.971246
TOTA,10.260,10.118,1.014079
TOUR,3.350,4.176,0.802156
TOWR,30.970,23.264,1.331265
TPB,41.860,45.622,0.917542
TPC,13.250,16.607,0.797866
TPCO,8.190,10.463,0.782783
TPGH,10.300,10.257,1.004174
TPH,13.590,12.885,1.054712
TPHS,4.190,4.054,1.033613
TPIC,26.390,27.257,0.968185
TPL,742.050,772.318,0.960808
TPR,30.620,32.469,0.943058
TPRE,10.360,10.701,0.968141
TPTX,39.490,0.000,
TPX,80.880,63.061,1.282563
TR,37.300,37.448,0.996035
TRC,17.800,17.727,1.004117
TRCB,14.260,15.300,0.932031
TRCH,1.510,1.351,1.117634
TRCO,46.380,46.201,1.003873
TREC,9.600,9.355,1.026177
TREE,348.800,361.372,0.965211
TREX,70.920,69.383,1.022157
TRGP,39.880,40.678,0.980382
TRHC,57.550,53.581,1.074066
TRI,70.410,60.198,1.169635
TRIB,2.200,2.499,0.880323
TRIL,0.344,0.698,0.492686
TRIP,46.600,50.515,0.922489
TRK,19.800,17.211,1.150402
TRMB,44.830,41.037,1.092438
TRMD,8.500,7.721,1.100838
TRMK,35.600,33.598,1.059596
TRMT,4.840,7.394,0.654602
TRN,18.560,21.768,0.852627
TRNE,9.770,0.000,
TRNO,49.420,44.264,1.116493
TRNS,23.560,24.005,0.981458
TRNX,0.490,0.877,0.558660
TROV,1.830,3.224,0.567650
TROW,115.200,103.045,1.117956
TROX,11.340,11.739,0.965998
TRP,48.990,46.694,1.049175
TRPX,2.500,3.398,0.735628
TRQ,0.570,1.436,0.396991
TRS,30.880,30.565,1.010295
TRST,8.060,7.912,1.018767
TRT,3.360,3.154,1.065247
TRTN,32.340,32.330,1.000307
TRTX,19.710,19.693,1.000857
TRU,84.280,67.649,1.245848
TRUE,5.270,6.739,0.782023
TRUP,33.360,31.539,1.057735
TRV,149.930,140.026,1.070733
TRVG,4.760,4.577,1.040012
TRVI,6.090,88.238,0.069018
TRVN,0.892,1.288,0.692424
TRWH,27.630,0.000,
TRX,0.960,0.737,1.303347
TRXC,1.370,1.967,0.696511
TS,25.320,26.555,0.953483
TSBK,27.260,28.025,0.972694
TSC,21.060,21.538,0.977827
TSCAP,27.100,26.416,1.025898
TSCBP,26.179,0.000,
TSCO,109.950,100.382,1.095315
TSE,40.280,44.407,0.907057
TSEM,18.320,16.596,1.103853
TSG,16.740,17.295,0.967886
TSLA,228.040,257.155,0.886780
TSM,43.460,40.374,1.076428
TSN,80.980,72.451,1.117714
TSQ,5.270,5.671,0.929316
TSRI,4.640,5.031,0.922353
TSS,136.610,106.534,1.282309
TST,6.190,14.282,0.433406
TSU,15.880,15.277,1.039469
TTC,72.680,67.998,1.068849
TTD,278.550,203.536,1.368552
TTEC,47.960,38.095,1.258959
TTEK,81.800,65.825,1.242694
TTGT,23.660,17.964,1.317064
TTI,1.480,2.094,0.706637
TTM,10.570,12.847,0.822739
TTMI,9.840,11.142,0.883164
TTNP,1.130,1.530,0.738632
TTOO,1.540,2.609,0.590263
TTPH,0.355,0.966,0.367448
TTS,2.750,5.309,0.517980
TTWO,121.780,101.980,1.194161
TU,36.060,36.499,0.987962
TUES,1.640,1.983,0.827071
TUFN,22.240,0.000,
TUP,14.810,24.272,0.610170
TURN,1.940,1.937,1.001576
TUSK,5.970,15.086,0.395720
TV,9.250,10.371,0.891950
TVIX,12.930,25.544,0.506195
TVTY,15.670,19.305,0.811728
TW,48.170,0.000,
TWI,3.910,5.343,0.731770
TWIN,12.880,15.852,0.812536
TWLO,149.950,128.680,1.165290
TWMC,0.290,0.398,0.729315
TWNK,14.220,12.949,1.098141
TWO,13.370,13.470,0.992576
TWOU,35.570,53.688,0.662532
TWST,32.600,25.279,1.289592
TWTR,41.520,34.961,1.187620
TX,22.420,26.226,0.854873
TXMD,2.220,4.110,0.540096
TXN,128.160,110.536,1.159438
TXRH,55.900,58.194,0.960576
TXT,50.040,51.593,0.969908
TYHT,0.750,0.807,0.928823
TYL,232.580,212.185,1.096118
TYME,1.150,1.786,0.643770
TYPE,20.000,17.970,1.112942
TZAC,10.260,10.150,1.010853
TZOO,13.100,15.369,0.852377
UA,24.170,20.628,1.171699
UAA,27.240,23.155,1.176395
UAL,93.360,85.780,1.088361
UAMY,0.770,0.562,1.371075
UAN,4.060,3.748,1.083152
UAVS,0.280,0.383,0.731114
UBA,21.290,21.387,0.995453
UBCP,11.400,11.182,1.019497
UBER,44.520,0.000,
UBFO,10.930,10.524,1.038574
UBNK,14.460,14.285,1.012275
UBNT,135.050,138.296,0.976531
UBOH,23.300,22.441,1.038278
UBP,16.490,16.954,0.972651
UBS,11.380,12.335,0.922581
UBSI,37.880,37.141,1.019904
UBX,6.880,9.079,0.757792
UCBI,29.170,27.181,1.073170
UCFC,9.950,9.424,1.055801
UCTT,15.170,12.342,1.229153
UDR,46.090,44.913,1.026205
UE,16.740,18.541,0.902842
UEC,0.960,1.329,0.722260
UEIC,42.360,36.947,1.146499
UEPS,4.050,3.789,1.068903
UFAB,2.630,3.831,0.686430
UFCS,49.920,47.416,1.052812
UFI,18.710,20.002,0.935404
UFPI,41.710,33.473,1.246091
UFPT,42.290,36.667,1.153345
UFS,42.430,46.588,0.910745
UG,20.210,19.463,1.038361
UGI,50.920,53.666,0.948826
UGLD,120.970,101.637,1.190218
UGP,5.340,9.456,0.564737
UHAL,386.850,376.046,1.028732
UHS,151.890,129.890,1.169371
UHT,91.300,79.649,1.146286
UIHC,11.390,15.212,0.748744
UIS,10.360,11.287,0.917843
UL,60.950,58.543,1.041110
ULBI,8.720,9.083,0.960062
ULH,20.900,21.335,0.979595
ULTA,353.880,333.289,1.061780
UMBF,67.950,66.085,1.028214
UMC,2.070,1.997,1.036305
UMH,12.970,13.419,0.966506
UMPQ,17.530,17.181,1.020300
UMRX,2.050,3.525,0.581541
UN,58.670,58.256,1.007105
UNAM,6.330,6.030,1.049765
UNB,34.630,40.604,0.852876
UNF,194.930,158.018,1.233592
UNFI,9.870,12.058,0.818553
UNH,252.940,248.613,1.017403
UNIT,8.600,11.717,0.733946
UNM,32.980,34.779,0.948279
UNP,174.230,168.807,1.032123
UNT,6.320,12.565,0.502980
UNTY,20.650,20.705,0.997364
UNVR,22.270,21.884,1.017654
UONE,2.190,2.193,0.998642
UONEK,2.170,2.007,1.081450
UPL,0.192,0.494,0.388352
UPLD,47.740,42.041,1.135546
UPS,120.580,105.779,1.139927
UPWK,16.990,18.479,0.919425
UQM,1.700,1.649,1.030685
URBN,23.300,27.751,0.839621
URG,0.600,0.805,0.745377
URGN,31.270,37.444,0.835106
URI,127.610,126.842,1.006057
UROV,8.370,9.241,0.905724
USAC,17.990,16.682,1.078419
USAK,8.180,14.147,0.578232
USAP,16.740,16.011,1.045502
USAS,2.770,1.883,1.470777
USAT,6.680,5.645,1.183436
USATP,26.390,21.850,1.207801
USB,57.380,51.664,1.110629
USCR,48.950,44.352,1.103677
USDP,11.750,11.105,1.058053
USEG,0.490,0.619,0.791394
USFD,35.620,35.625,0.999865
USLM,83.380,78.066,1.068066
USLV,79.220,67.336,1.176486
USM,49.200,48.475,1.014947
USNA,66.680,85.368,0.781085
USOI,20.658,22.235,0.929092
USPH,127.250,113.905,1.117157
USWS,3.470,7.029,0.493663
USX,4.800,6.663,0.720432
UTHR,77.600,100.185,0.774567
UTI,3.680,3.460,1.063584
UTL,59.780,55.855,1.070271
UTMD,86.660,86.296,1.004218
UTSI,2.910,3.394,0.857326
UTX,135.630,129.364,1.048434
UUU,1.240,1.278,0.970602
UUUU,1.910,2.929,0.652149
UVE,25.500,31.300,0.814700
UVSP,27.160,25.136,1.080514
UVV,60.630,57.441,1.055510
UXIN,2.280,3.082,0.739673
V,183.690,159.392,1.152440
VAC,101.250,96.455,1.049711
VALE,13.270,12.889,1.029559
VALU,27.490,23.086,1.190755
VAPO,19.720,18.608,1.059767
VAR,120.760,133.766,0.902769
VBFC,34.500,33.213,1.038765
VBIV,0.730,1.677,0.435235
VBLT,1.310,1.370,0.955927
VBTX,25.860,25.945,0.996725
VC,66.810,66.756,1.000813
VCEL,19.270,17.872,1.078238
VCNX,4.860,5.466,0.889190
VCRA,25.780,32.497,0.793296
VCTR,18.840,15.310,1.230544
VCYT,29.110,23.709,1.227809
VEC,41.060,33.602,1.221952
VECO,12.170,11.619,1.047463
VEDL,9.480,9.816,0.965737
VEEV,170.470,138.503,1.230804
VEON,3.120,2.522,1.237308
VER,9.220,8.514,1.082975
VERB,2.010,5.713,0.351818
VERI,7.440,6.867,1.083505
VERU,2.280,1.679,1.357883
VET,18.460,23.510,0.785198
VFC,88.610,84.254,1.051706
VFF,11.370,126.184,0.090107
VG,12.500,10.663,1.172280
VGR,11.150,10.326,1.079835
VGZ,0.900,0.697,1.290499
VHC,7.370,6.057,1.216677
VHI,2.090,2.682,0.779296
VIA,35.320,34.415,1.026311
VIAB,30.970,29.295,1.057178
VIAV,14.730,12.824,1.148596
VICI,21.370,21.959,0.973157
VICL,0.670,1.021,0.656175
VICR,30.530,33.544,0.910157
VIIX,9.170,12.240,0.749192
VIOT,9.100,9.831,0.925637
VIPS,7.930,7.798,1.016915
VIRC,4.230,4.223,1.001609
VIRT,21.430,23.958,0.894476
VISI,4.600,4.373,1.051915
VISL,1.010,2.810,0.359440
VIV,13.850,12.542,1.104251
VIVE,0.151,0.698,0.216330
VIVO,11.340,13.709,0.827184
VJET,1.860,2.012,0.924531
VKTX,7.810,8.439,0.925489
VLGEA,24.960,27.442,0.909568
VLO,84.310,83.180,1.013585
VLRS,10.140,8.974,1.129916
VLRX,2.720,5.755,0.472645
VLY,11.140,10.345,1.076877
VLYPO,25.800,25.087,1.028404
VLYPP,27.740,27.121,1.022810
VMC,136.800,122.280,1.118743
VMI,138.580,128.255,1.080505
VMW,178.310,177.848,1.002597
VNCE,13.230,13.269,0.997026
VNDA,12.460,17.579,0.708785
VNE,18.110,22.831,0.793207
VNET,7.280,8.104,0.898359
VNO,63.920,67.162,0.951735
VNOM,29.550,31.611,0.934808
VNRX,4.400,3.146,1.398757
VNTR,4.100,5.316,0.771252
VOC,5.850,5.287,1.106563
VOD,18.250,17.494,1.043189
VOXX,4.750,4.477,1.060991
VOYA,57.290,52.210,1.097307
VPG,41.360,36.793,1.124139
VRA,11.060,11.247,0.983371
VRAY,9.410,8.191,1.148780
VRCA,10.910,10.526,1.036504
VREX,31.990,30.913,1.034853
VRML,0.750,1.022,0.734195
VRNA,4.460,5.874,0.759318
VRNS,71.210,62.338,1.142319
VRNT,58.140,55.664,1.044489
VRRM,13.950,12.336,1.130876
VRS,17.030,20.820,0.817964
VRSK,152.510,136.161,1.120073
VRSN,216.580,191.520,1.130850
VRTS,113.100,105.854,1.068453
VRTSP,96.548,92.769,1.040731
VRTU,46.090,48.908,0.942373
VRTV,16.990,25.220,0.673668
VRTX,166.830,179.174,0.931108
VSAT,83.710,80.926,1.034406
VSEC,26.330,29.866,0.881592
VSH,17.090,18.504,0.923597
VSI,4.370,5.357,0.815821
VSLR,7.960,5.972,1.332788
VSM,51.950,48.248,1.076718
VST,21.750,24.868,0.874609
VSTM,1.470,2.309,0.636700
VSTO,6.990,8.767,0.797299
VTGN,0.510,1.043,0.488985
VTIQ,10.200,10.031,1.016861
VTIQW,0.440,0.479,0.919361
VTNR,1.435,1.438,0.998025
VTR,67.030,64.328,1.042004
VTSI,2.710,3.385,0.800500
VTVT,1.380,1.807,0.763655
VUZI,1.980,3.178,0.623045
VVI,70.790,60.230,1.175323
VVPR,1.200,1.240,0.967426
VVUS,3.380,4.046,0.835308
VVV,20.420,19.158,1.065889
VXRT,0.690,1.207,0.571582
VYGR,23.010,19.939,1.154041
VZ,57.080,57.109,0.999500
W,138.060,145.480,0.948996
WAAS,17.250,19.525,0.883460
WAB,71.840,71.498,1.004777
WABC,64.120,62.276,1.029613
WAFD,36.510,31.789,1.148513
WAFU,2.980,0.000,
WAGE,51.100,42.765,1.194888
WAIR,10.850,9.278,1.169393
WAL,49.700,44.729,1.111124
WASH,49.690,51.141,0.971622
WAT,217.630,225.092,0.966849
WATT,4.130,5.666,0.728866
WB,40.070,56.607,0.707868
WBA,55.050,58.876,0.935014
WBAI,11.080,12.305,0.900416
WBC,132.880,130.082,1.021507
WBK,19.790,19.071,1.037722
WBS,51.260,51.484,0.995641
WBT,15.900,15.916,0.998993
WCC,50.730,52.409,0.967965
WCFB,9.000,8.204,1.097050
WCG,290.600,271.957,1.068552
WCN,94.780,89.633,1.057427
WD,58.670,53.009,1.106784
WDAY,215.890,198.178,1.089373
WDC,56.500,47.074,1.200245
WDFC,181.160,169.660,1.067785
WDR,17.390,17.430,0.997683
WEBK,31.940,32.503,0.982682
WEC,86.660,79.243,1.093597
WEI,8.250,10.106,0.816369
WELL,83.130,78.505,1.058910
WEN,18.950,18.284,1.036449
WERN,33.200,32.790,1.012499
WES,30.350,31.332,0.968649
WETF,6.320,6.777,0.932500
WEX,217.280,192.954,1.126071
WEYS,26.750,29.096,0.919379
WF,34.500,37.032,0.931627
WFC,49.300,47.848,1.030354
WGO,39.990,33.990,1.176528
WH,56.730,54.093,1.048753
WHD,29.480,34.370,0.857729
WHG,31.890,34.282,0.930232
WHLM,5.750,5.924,0.970658
WHLR,1.620,1.790,0.905229
WHLRD,16.000,13.988,1.143826
WHLRP,14.639,12.784,1.145085
WHR,148.940,136.273,1.092952
WIFI,15.670,21.414,0.731763
WILC,10.340,8.899,1.161887
WINA,170.800,172.897,0.987873
WING,96.970,78.597,1.233756
WINS,14.330,20.533,0.697914
WIRE,55.470,56.090,0.988945
WISA,1.050,1.894,0.554257
WIT,4.160,4.676,0.889731
WIX,149.140,127.577,1.169019
WK,60.460,51.427,1.175643
WKHS,4.010,1.569,2.555296
WLDN,35.180,35.897,0.980019
WLFC,63.600,48.350,1.315417
WLH,19.400,16.743,1.158695
WLK,68.960,69.042,0.998810
WLKP,23.560,23.049,1.022177
WLL,15.980,23.470,0.680860
WLTW,199.180,178.838,1.113747
WM,118.500,106.193,1.115889
WMB,25.130,27.632,0.909451
WMC,10.170,10.096,1.007349
WMGI,27.840,30.165,0.922934
WMK,36.640,41.681,0.879051
WMS,33.530,28.095,1.193469
WMT,113.020,102.728,1.100187
WNC,15.850,14.606,1.085163
WNEB,9.400,9.459,0.993778
WNS,63.960,55.185,1.159011
WOR,40.810,38.047,1.072614
WORK,34.090,0.000,
WORX,3.650,5.778,0.631706
WOW,7.810,8.110,0.962991
WP,136.100,111.044,1.225641
WPC,85.190,79.117,1.076764
WPG,3.580,4.770,0.750536
WPM,27.060,22.462,1.204706
WPP,59.380,58.710,1.011419
WPRT,2.880,2.030,1.418933
WPX,10.030,12.212,0.821309
WRB,70.320,59.675,1.178392
WRI,27.560,28.496,0.967147
WRK,36.640,37.564,0.975403
WRLD,124.250,131.899,0.942006
WRLS,10.430,10.309,1.011770
WRN,0.720,0.608,1.184627
WRTC,4.370,5.892,0.741686
WSBC,36.790,39.191,0.938736
WSBF,17.050,16.635,1.024945
WSFS,41.880,41.571,1.007430
WSM,68.020,58.169,1.169347
WSO,161.720,152.816,1.058269
WSR,12.840,12.810,1.002378
WST,136.910,113.987,1.201103
WSTG,11.360,11.451,0.992067
WSTL,1.780,2.028,0.877606
WTBA,21.870,21.424,1.020816
WTER,1.790,2.459,0.728026
WTFC,71.740,72.123,0.994687
WTFCM,28.600,28.086,1.018305
WTI,4.260,5.319,0.800867
WTM,1067.390,956.574,1.115847
WTR,41.520,38.042,1.091434
WTRH,5.020,9.425,0.532654
WTS,93.420,83.573,1.117831
WTT,1.570,1.597,0.983314
WTTR,9.780,10.803,0.905319
WU,21.070,19.130,1.101416
WUBA,59.100,63.740,0.927198
WVE,21.160,32.130,0.658568
WVFC,17.510,17.027,1.028365
WVVI,6.850,7.065,0.969532
WVVIP,4.700,4.672,1.006092
WW,22.080,22.453,0.983395
WWD,115.780,102.561,1.128884
WWE,75.990,81.871,0.928170
WWR,3.900,6.599,0.590957
WWW,27.510,32.548,0.845203
WY,26.210,25.540,1.026243
WYND,46.960,43.311,1.084257
WYNN,139.430,126.995,1.097917
WYY,0.430,0.453,0.948636
X,15.190,17.586,0.863761
XAN,11.340,10.951,1.035559
XBIO,2.780,16.759,0.165886
XBIT,7.060,8.527,0.827949
XEC,48.230,65.727,0.733790
XEL,60.510,56.735,1.066528
XELA,2.765,3.120,0.886348
XELB,2.130,1.577,1.350782
XENE,9.600,9.313,1.030794
XENT,20.010,27.919,0.716720
XERS,11.990,11.161,1.074233
XFOR,12.010,16.918,0.709898
XHR,21.480,20.708,1.037257
XIN,4.250,4.574,0.929202
XLNX,120.770,117.778,1.025403
XLRN,43.220,42.331,1.020990
XNCR,44.460,34.405,1.292238
XNET,2.390,3.248,0.735938
XOG,3.600,4.172,0.862899
XOM,74.810,77.220,0.968789
XOMA,18.980,14.874,1.276048
XON,7.650,6.217,1.230432
XONE,8.300,8.807,0.942405
XPER,22.070,22.464,0.982462
XPL,0.320,0.341,0.938227
XPO,67.130,57.347,1.170585
XRAY,56.020,50.997,1.098502
XRF,0.401,0.852,0.470640
XRX,34.430,32.316,1.065405
XSPA,1.280,2.682,0.477218
XTLB,1.950,2.240,0.870714
XTNT,2.810,3.047,0.922189
XXII,1.860,2.050,0.907317
XYF,2.820,4.973,0.567082
XYL,81.480,77.962,1.045119
XYN,1.200,7.520,0.159565
Y,703.970,654.597,1.075425
YCBD,4.220,5.073,0.831804
YELP,35.420,35.348,1.002030
YETI,35.850,27.215,1.317264
YEXT,22.340,19.977,1.118285
YGTY,0.670,2.641,0.253698
YGYI,4.720,6.135,0.769323
YI,3.760,7.330,0.512993
YIN,4.530,5.717,0.792356
YJ,10.620,0.000,
YMAB,23.280,22.544,1.032642
YNDX,37.040,36.342,1.019200
YOGA,0.369,0.718,0.514272
YORW,35.570,34.410,1.033718
YPF,16.810,15.484,1.085607
YRCW,3.350,5.872,0.570535
YRD,11.450,13.671,0.837540
YRIV,0.455,0.859,0.529479
YTEN,0.850,1.038,0.819051
YTRA,4.490,4.415,1.017014
YUM,114.020,101.927,1.118641
YUMA,1.630,0.505,3.230604
YUMC,45.310,42.502,1.066068
YVR,1.670,2.719,0.614195
YY,64.340,74.287,0.866098
Z,49.190,39.878,1.233512
ZAGG,6.420,8.762,0.732704
ZAYO,33.630,30.256,1.111500
ZBH,134.500,120.759,1.113792
ZBRA,189.650,198.745,0.954236
ZDGE,1.650,1.938,0.851222
ZEAL,21.310,18.658,1.142118
ZEN,93.740,83.299,1.125347
ZEUS,12.140,15.763,0.770181
ZFGN,0.982,2.766,0.355078
ZG,48.940,39.421,1.241470
ZGNX,48.460,44.566,1.087379
ZION,45.160,47.024,0.960352
ZIOP,6.190,4.125,1.500592
ZIV,76.480,73.247,1.044132
ZIXI,8.920,8.345,1.068918
ZKIN,1.300,1.506,0.863297
ZLAB,35.010,29.937,1.169455
ZM,102.200,0.000,
ZN,0.330,0.528,0.625253
ZNGA,6.460,5.601,1.153430
ZNH,33.630,37.737,0.891158
ZOM,0.250,0.482,0.519100
ZS,88.210,67.042,1.315735
ZSAN,2.830,3.487,0.811545
ZTO,19.700,18.887,1.043023
ZTS,115.110,101.470,1.134419
ZUMZ,25.980,24.389,1.065241
ZUO,15.550,19.662,0.790872
ZVO,3.840,0.000,
ZYME,24.230,18.111,1.337845
ZYNE,11.310,9.356,1.208797
ZYXI,8.100,6.349,1.275759
