A,71.650,75.092,0.954164
AA,22.600,26.458,0.854188
AABA,69.770,69.659,1.001600
AAC,1.200,1.892,0.634283
AAL,33.780,32.950,1.025178
AAMC,11.500,25.894,0.444123
AAME,2.290,2.552,0.897448
AAN,63.440,54.217,1.170120
AAOI,9.970,12.619,0.790078
AAON,51.240,44.167,1.160154
AAP,158.580,161.691,0.980759
AAPL,203.300,184.352,1.102783
AAT,47.450,44.929,1.056100
AAU,0.650,0.607,1.071069
AAWW,42.880,46.931,0.913680
AAXN,64.500,58.921,1.094682
AB,30.490,29.280,1.041328
ABB,18.910,19.419,0.973781
ABBV,70.280,79.525,0.883744
ABC,89.850,80.365,1.118025
ABCB,38.950,37.067,1.050801
ABEO,4.180,6.758,0.618490
ABEV,4.840,4.564,1.060445
ABG,84.500,74.703,1.131141
ABIL,0.900,1.584,0.568313
ABIO,6.840,7.436,0.919827
ABM,41.190,36.773,1.120128
ABMD,262.690,295.614,0.888624
ABR,12.420,12.591,0.986401
ABT,83.920,77.313,1.085459
ABTX,34.110,35.283,0.966751
ABUS,2.400,3.115,0.770456
AC,38.500,39.800,0.967337
ACA,36.030,32.781,1.099115
ACAD,27.230,24.769,1.099354
ACAM,9.760,0.000,
ACB,6.770,7.928,0.853975
ACBI,17.410,17.924,0.971308
ACC,48.830,46.205,1.056809
ACCO,7.750,8.438,0.918504
ACER,3.400,20.082,0.169307
ACGL,38.290,32.798,1.167435
ACH,8.250,9.360,0.881389
ACHC,33.510,30.683,1.092123
ACHN,2.500,2.720,0.919221
ACHV,1.760,2.752,0.639538
ACIA,64.400,50.833,1.266888
ACIU,5.400,5.632,0.958848
ACIW,34.810,32.085,1.084929
ACLS,15.160,18.820,0.805506
ACM,37.370,32.045,1.166180
ACMR,16.510,14.681,1.124572
ACN,196.210,170.573,1.150299
ACNB,37.770,37.549,1.005898
ACOR,6.620,12.165,0.544162
ACRE,15.180,14.874,1.020554
ACRS,2.180,5.752,0.378985
ACRX,2.770,2.941,0.941883
ACST,1.420,1.000,1.420434
ACTG,2.820,3.093,0.911653
ACTT,9.770,0.000,
ACTTW,0.680,0.000,
ACU,21.100,18.731,1.126480
ACY,8.680,10.205,0.850573
ADAP,3.450,4.294,0.803395
ADBE,309.420,268.533,1.152262
ADC,65.400,65.843,0.993270
ADES,12.860,11.993,1.072308
ADI,116.200,105.359,1.102895
ADIL,1.970,3.393,0.580663
ADM,41.920,42.069,0.996460
ADMA,4.070,3.992,1.019611
ADMP,1.400,2.178,0.642922
ADMS,6.000,7.224,0.830590
ADNT,22.090,19.391,1.139189
ADOM,0.270,0.335,0.805566
ADP,165.130,155.122,1.064518
ADRO,1.490,3.150,0.472959
ADS,149.600,160.052,0.934698
ADSK,174.190,160.342,1.086368
ADSW,32.370,29.105,1.112184
ADT,6.360,6.755,0.941509
ADTN,15.720,15.006,1.047579
ADUS,77.080,67.472,1.142405
ADVM,14.970,6.745,2.219409
ADXS,1.565,4.232,0.369830
AE,32.610,37.314,0.873946
AEE,76.160,72.179,1.055151
AEG,5.140,5.007,1.026589
AEGN,17.920,17.614,1.017370
AEHR,1.500,1.505,0.996501
AEIS,53.490,51.470,1.039245
AEL,27.430,29.314,0.935722
AEM,51.890,43.605,1.190008
AEMD,0.330,0.821,0.401990
AEO,16.790,20.169,0.832472
AEP,90.250,83.552,1.080163
AER,50.940,47.475,1.072987
AERI,26.170,40.266,0.649924
AES,17.080,16.930,1.008837
AETI,1.020,0.799,1.277072
AEY,1.640,1.405,1.166974
AEYE,7.270,9.121,0.797062
AEZS,2.810,3.650,0.769863
AFG,105.220,98.800,1.064977
AFH,0.650,3.754,0.173164
AFI,9.760,12.804,0.762291
AFIN,11.440,11.121,1.028678
AFINP,25.370,0.000,
AFL,56.890,50.429,1.128115
AFMD,3.130,3.447,0.907939
AG,7.800,6.399,1.218852
AGBAU,10.050,0.000,
AGCO,77.620,68.891,1.126710
AGE,3.010,3.963,0.759603
AGEN,2.690,2.959,0.909159
AGFS,1.590,3.158,0.503456
AGI,6.210,4.874,1.274235
AGIO,45.200,55.276,0.817709
AGLE,6.690,7.540,0.887322
AGM,75.020,73.442,1.021485
AGMH,16.160,21.110,0.765531
AGN,165.850,143.509,1.155680
AGNC,17.270,17.575,0.982652
AGNCB,25.590,25.489,1.003981
AGNCN,25.960,25.837,1.004770
AGO,43.640,43.026,1.014261
AGR,49.930,50.142,0.995775
AGRO,7.070,6.976,1.013493
AGRX,1.289,1.255,1.027348
AGS,21.170,22.907,0.924189
AGTC,3.670,3.813,0.962522
AGX,41.130,45.719,0.899633
AGYS,23.230,19.912,1.166616
AHC,3.610,3.871,0.932688
AHH,16.600,15.786,1.051593
AHPI,1.830,1.811,1.010496
AHT,2.530,4.673,0.541384
AI,6.480,7.718,0.839619
AIG,56.270,47.054,1.195861
AIHS,1.870,4.036,0.463287
AIMC,33.530,32.680,1.026024
AIMT,19.000,21.900,0.867592
AIN,81.100,73.878,1.097756
AINC,27.990,50.889,0.550016
AIR,41.310,34.856,1.185166
AIRG,14.390,13.250,1.086026
AIRI,1.050,1.123,0.935015
AIRT,18.000,19.149,0.940013
AIT,59.180,58.420,1.013017
AITB,5.240,4.996,1.048919
AIV,51.740,49.567,1.043839
AIZ,111.590,98.804,1.129409
AIZP,115.750,106.280,1.089107
AJG,91.830,81.146,1.131660
AJRD,46.210,37.742,1.224373
AJX,13.750,13.407,1.025611
AKAM,82.460,73.474,1.122295
AKBA,4.210,6.143,0.685352
AKCA,25.340,26.591,0.952971
AKER,0.440,0.867,0.507287
AKG,0.740,0.654,1.132344
AKR,27.740,27.875,0.995158
AKRX,4.450,3.923,1.134343
AKS,2.140,2.555,0.837711
AKTS,5.750,6.662,0.863106
AKTX,1.900,2.567,0.740287
AL,41.690,37.503,1.111643
ALAC,10.120,9.980,1.014044
ALB,72.630,77.282,0.939809
ALBO,28.430,30.383,0.935735
ALC,61.410,37.209,1.650387
ALCO,31.710,28.721,1.104079
ALDR,11.450,12.478,0.917611
ALDX,5.600,7.851,0.713317
ALE,86.860,81.031,1.071936
ALEC,18.520,0.000,
ALEX,23.520,23.419,1.004316
ALG,96.840,95.452,1.014538
ALGN,283.910,272.421,1.042176
ALGR,10.070,9.953,1.011734
ALGT,148.670,135.000,1.101260
ALIM,0.870,0.971,0.895850
ALJJ,1.670,1.572,1.062248
ALK,64.240,61.152,1.050499
ALKS,22.530,29.690,0.758837
ALL,103.910,95.015,1.093620
ALLE,110.440,94.945,1.163204
ALLK,35.860,40.532,0.884735
ALLO,26.400,28.354,0.931097
ALLT,7.930,7.356,1.077982
ALLY,32.220,28.161,1.144148
ALNA,4.940,6.243,0.791275
ALNY,71.540,79.714,0.897464
ALO,0.780,0.747,1.044678
ALOT,25.140,22.819,1.101717
ALPN,4.200,5.909,0.710787
ALRM,50.740,60.690,0.836057
ALRN,0.646,1.387,0.465869
ALSK,1.780,1.780,0.999871
ALSN,46.660,46.384,1.005948
ALT,2.450,2.803,0.873987
ALTM,3.730,5.978,0.623905
ALTR,41.180,36.090,1.141048
ALV,68.050,74.812,0.909613
ALX,378.100,367.112,1.029930
ALXN,120.820,127.123,0.950415
ALYA,2.910,2.939,0.990207
AM,11.690,12.874,0.908050
AMAG,9.270,12.556,0.738300
AMAL,17.530,17.339,1.011015
AMAT,46.510,40.509,1.148140
AMBA,46.270,42.523,1.088118
AMBC,17.580,18.028,0.975124
AMBO,3.510,5.307,0.661417
AMBR,13.050,10.276,1.269908
AMC,9.460,13.469,0.702329
AMCI,9.950,8.960,1.110501
AMCR,11.150,10.769,1.035415
AMCX,56.700,58.705,0.965838
AMD,33.210,26.234,1.265909
AME,91.000,81.818,1.112227
AMED,123.000,122.110,1.007288
AMEH,15.160,18.427,0.822701
AMG,89.760,101.393,0.885264
AMGN,174.930,184.696,0.947123
AMH,25.470,23.164,1.099574
AMID,5.190,4.733,1.096526
AMKR,7.560,8.031,0.941389
AMN,54.920,53.099,1.034287
AMNB,37.200,35.105,1.059679
AMOT,37.420,38.490,0.972204
AMOV,14.570,14.874,0.979539
AMP,151.140,135.900,1.112138
AMPE,0.420,0.542,0.774602
AMPH,20.200,21.604,0.935017
AMR,0.173,0.436,0.396664
AMRB,12.350,13.048,0.946510
AMRC,14.290,15.461,0.924239
AMRH,0.351,0.324,1.082568
AMRK,11.800,12.324,0.957491
AMRN,21.890,18.529,1.181391
AMRS,3.140,3.904,0.804404
AMRX,3.700,11.267,0.328390
AMS,2.910,2.747,1.059240
AMSC,9.550,11.938,0.799955
AMSF,64.750,59.986,1.079414
AMSWA,13.350,12.306,1.084847
AMT,208.980,190.273,1.098319
AMTB,18.160,16.256,1.117140
AMTBB,15.420,12.640,1.219937
AMTD,50.970,52.887,0.963751
AMTX,0.820,0.942,0.870926
AMWD,84.670,80.177,1.056044
AMX,14.620,14.931,0.979146
AMZN,2011.000,1782.923,1.127923
AN,41.940,38.341,1.093873
ANAB,54.540,69.573,0.783922
ANAT,122.500,126.109,0.971385
ANCN,4.640,0.000,
ANDA,9.880,0.000,
ANDE,27.260,31.862,0.855563
ANDX,36.720,35.370,1.038161
ANET,274.260,266.768,1.028084
ANF,18.100,22.429,0.806993
ANFI,0.750,1.103,0.680213
ANGI,13.820,15.640,0.883627
ANGO,21.680,21.024,1.031219
ANH,3.850,4.135,0.931085
ANIK,40.050,35.765,1.119818
ANIP,81.360,66.547,1.222590
ANIX,4.100,4.456,0.920070
ANSS,212.280,182.605,1.162507
ANTE,1.620,1.990,0.814227
ANTM,310.480,282.055,1.100777
ANY,1.548,2.357,0.656642
AOBC,9.120,10.347,0.881400
AON,197.470,173.994,1.134925
AOS,45.190,49.219,0.918135
AOSL,9.080,10.615,0.855409
AP,3.980,3.774,1.054592
APA,26.910,31.589,0.851868
APAM,28.910,25.766,1.122036
APC,73.110,57.577,1.269784
APD,227.160,192.995,1.177025
APDN,0.510,0.576,0.884901
APEI,31.090,30.712,1.012318
APEN,3.040,3.500,0.868609
APH,99.050,93.490,1.059471
APHA,6.220,8.096,0.768249
APLE,15.720,16.119,0.975237
APLS,27.350,18.698,1.462692
APLT,8.990,0.000,
APM,23.200,18.340,1.265008
APO,35.810,30.603,1.170159
APOG,43.090,37.474,1.149870
APOP,0.520,1.155,0.450151
APPF,106.420,82.894,1.283803
APPN,38.220,34.343,1.112904
APPS,5.210,3.542,1.470737
APRN,7.740,14.520,0.533042
APT,3.450,3.720,0.927476
APTO,2.770,2.080,1.331584
APTS,14.880,15.632,0.951871
APTV,80.200,78.312,1.024106
APTX,3.750,5.071,0.739456
APU,34.870,32.476,1.073705
APVO,0.862,1.074,0.802322
APWC,2.040,2.219,0.919203
APY,31.790,36.449,0.872170
APYX,7.000,6.602,1.060330
AQ,13.170,10.370,1.270056
AQMS,1.860,2.449,0.759397
AQN,12.460,11.399,1.093100
AQST,4.290,5.923,0.724275
AQUA,14.190,12.608,1.125509
AQXP,2.410,2.542,0.947941
AR,5.200,8.087,0.642981
ARA,7.080,8.876,0.797688
ARAV,5.900,5.774,1.021798
ARAY,3.610,4.267,0.846023
ARC,1.950,2.292,0.850763
ARCB,26.900,32.101,0.837978
ARCE,45.000,32.416,1.388218
ARCH,90.220,90.022,1.002205
ARCI,4.250,3.404,1.248430
ARCO,8.280,7.550,1.096722
ARCT,9.050,6.477,1.397263
ARCW,0.410,0.775,0.529319
ARD,18.900,13.857,1.363914
ARDS,9.750,9.473,1.029219
ARDX,2.540,2.811,0.903583
ARE,145.700,139.056,1.047780
AREC,3.360,5.208,0.645189
ARES,28.570,24.006,1.190118
AREX,0.310,0.590,0.525356
ARGO,74.430,71.034,1.047807
ARGX,139.240,123.894,1.123863
ARI,18.710,18.347,1.019792
ARKR,20.210,19.731,1.024289
ARL,16.340,12.886,1.268055
ARLO,4.350,4.619,0.941730
ARLP,17.710,18.689,0.947616
ARMK,36.450,32.064,1.136787
ARMP,3.410,3.811,0.894762
ARNA,61.480,49.788,1.234832
ARNC,26.000,20.784,1.250955
AROC,10.670,9.784,1.090577
AROW,34.140,33.638,1.014909
ARPO,0.820,1.849,0.443481
ARQL,11.050,5.874,1.881279
ARR,18.440,19.545,0.943458
ARRY,46.660,26.180,1.782266
ARTNA,36.410,36.664,0.993083
ARTW,2.060,2.070,0.995169
ARTX,1.880,2.780,0.676315
ARVN,25.000,19.873,1.258014
ARW,68.950,74.917,0.920353
ARWR,27.150,19.870,1.366410
ARYA,10.020,9.871,1.015136
ASB,20.960,21.842,0.959630
ASC,8.620,6.422,1.342296
ASCMA,0.850,0.765,1.110502
ASFI,7.540,5.308,1.420473
ASGN,58.900,61.233,0.961907
ASH,77.780,77.309,1.006092
ASIX,24.540,28.968,0.847132
ASLN,3.600,3.694,0.974505
ASM,0.530,0.571,0.928333
ASMB,13.380,18.056,0.741042
ASML,208.180,190.156,1.094788
ASNA,0.670,1.551,0.432067
ASND,112.670,105.216,1.070849
ASPN,6.460,3.993,1.617856
ASPS,21.290,23.078,0.922535
ASPU,4.670,4.637,1.007108
ASR,162.080,165.233,0.980919
ASRT,3.120,4.073,0.765953
ASRV,4.080,4.129,0.988186
ASRVP,29.950,29.270,1.023243
ASTC,2.620,3.937,0.665516
ASTE,31.830,35.216,0.903848
ASUR,9.590,6.651,1.441940
ASV,6.950,3.046,2.281372
ASX,4.290,4.069,1.054390
ASYS,6.000,5.566,1.078056
AT,2.620,2.470,1.060598
ATAI,2.610,1.681,1.552654
ATAX,7.060,6.783,1.040888
ATEC,4.350,2.975,1.462166
ATEN,7.010,6.702,1.045947
ATEX,47.360,41.308,1.146502
ATGE,45.830,46.865,0.977916
ATH,43.100,43.075,1.000590
ATHE,1.250,1.617,0.773062
ATHM,81.500,90.950,0.896097
ATHX,1.640,1.589,1.031892
ATI,24.840,25.353,0.979749
ATIF,3.020,0.000,
ATIS,1.860,1.398,1.330094
ATKR,25.510,23.588,1.081460
ATLC,4.000,3.593,1.113377
ATLO,26.810,26.768,1.001577
ATNI,58.460,62.629,0.933430
ATNM,0.232,0.419,0.553891
ATNX,19.980,13.518,1.478061
ATO,106.460,100.578,1.058485
ATOM,4.610,3.719,1.239542
ATOS,2.120,2.328,0.910617
ATR,123.410,108.547,1.136926
ATRA,18.310,31.705,0.577502
ATRC,31.380,29.890,1.049849
ATRI,794.810,836.591,0.950058
ATRO,38.990,35.330,1.103580
ATRS,3.020,3.085,0.978870
ATSG,23.700,23.039,1.028677
ATTO,2.430,3.436,0.707259
ATU,22.640,23.995,0.943543
ATUS,25.870,22.284,1.160936
ATV,20.130,26.211,0.768007
ATVI,47.200,45.685,1.033171
ATXI,6.240,5.453,1.144233
AU,18.060,13.743,1.314082
AUB,35.900,34.246,1.048292
AUBN,32.500,35.022,0.927987
AUDC,16.930,14.405,1.175290
AUG,1.580,1.383,1.142255
AUMN,0.300,0.288,1.042717
AUO,2.820,3.465,0.813736
AUPH,6.480,6.493,0.998013
AUTL,16.010,24.597,0.650901
AUTO,3.510,3.545,0.989988
AUY,2.640,2.403,1.098777
AVA,45.330,42.051,1.077971
AVAL,8.000,7.478,1.069868
AVAV,55.850,69.583,0.802643
AVB,210.480,198.210,1.061902
AVCO,2.040,3.640,0.560363
AVD,14.400,16.364,0.879974
AVDL,2.230,1.995,1.117901
AVDR,19.690,0.000,
AVEO,0.700,0.913,0.766722
AVGO,285.390,282.155,1.011464
AVGR,2.820,5.340,0.528067
AVH,4.350,4.143,1.049873
AVID,10.320,6.948,1.485316
AVLR,83.160,57.684,1.441639
AVNS,43.000,43.764,0.982549
AVNW,13.280,13.713,0.968410
AVP,3.890,3.022,1.287331
AVRO,14.280,16.530,0.863888
AVT,43.490,43.618,0.997074
AVTR,18.330,0.000,
AVX,15.850,16.936,0.935900
AVXL,3.220,2.820,1.141983
AVY,113.480,107.424,1.056372
AVYA,11.230,15.204,0.738641
AWI,98.710,81.328,1.213729
AWK,116.630,105.478,1.105730
AWR,75.110,70.727,1.061970
AWRE,3.160,3.492,0.905009
AWSM,2.030,2.531,0.802154
AWX,2.430,2.563,0.947947
AX,26.760,29.559,0.905317
AXAS,1.030,1.227,0.839169
AXDX,19.050,19.435,0.980169
AXE,58.430,58.727,0.994941
AXGN,20.460,19.858,1.030338
AXGT,7.380,8.619,0.856265
AXL,11.410,13.616,0.837969
AXLA,7.890,0.000,
AXNX,40.190,24.549,1.637159
AXP,127.960,112.633,1.136082
AXR,6.140,5.843,1.050752
AXS,60.340,57.157,1.055680
AXSM,26.040,15.756,1.652741
AXTA,29.560,26.438,1.118077
AXTI,4.000,4.453,0.898198
AXU,1.150,1.118,1.028819
AY,22.740,20.307,1.119801
AYI,130.640,131.387,0.994312
AYR,21.260,20.176,1.053730
AYTU,1.780,1.611,1.104804
AYX,115.000,84.379,1.362892
AZN,40.210,39.444,1.019431
AZO,1164.710,989.280,1.177330
AZPN,132.630,108.636,1.220862
AZRE,10.450,10.920,0.956981
AZRX,1.260,2.136,0.589993
AZUL,39.140,29.965,1.306209
AZZ,46.170,44.703,1.032817
B,54.580,55.652,0.980734
BA,365.330,374.204,0.976287
BABA,169.070,171.017,0.988615
BABY,25.880,27.421,0.943808
BAC,29.450,28.661,1.027540
BAH,68.820,57.728,1.192152
BAM,49.170,45.887,1.071547
BANC,13.980,14.495,0.964448
BAND,77.770,64.231,1.210779
BANF,55.860,54.980,1.016010
BANFP,26.840,26.753,1.003270
BANR,54.590,55.159,0.989684
BAP,235.860,234.030,1.007821
BAS,2.200,3.588,0.613231
BASI,1.960,1.801,1.088058
BATRA,27.760,27.572,1.006822
BATRK,27.810,27.533,1.010064
BAX,81.650,75.866,1.076236
BB,7.200,8.485,0.848552
BBAR,12.440,10.659,1.167088
BBBY,10.890,14.760,0.737790
BBCP,5.400,6.904,0.782112
BBD,10.190,9.388,1.085410
BBDO,9.080,9.043,1.004077
BBGI,3.140,3.871,0.811082
BBL,49.940,46.678,1.069881
BBSI,86.450,74.335,1.162978
BBT,50.450,49.011,1.029353
BBU,38.720,36.938,1.048238
BBVA,5.510,5.839,0.943654
BBW,5.700,5.373,1.060879
BBX,4.590,5.540,0.828554
BBY,74.770,66.745,1.120230
BC,46.140,49.107,0.939575
BCBP,13.140,12.537,1.048115
BCC,26.140,26.576,0.983587
BCE,46.290,44.351,1.043714
BCEI,21.610,22.329,0.967803
BCH,29.400,29.879,0.983971
BCLI,4.480,3.870,1.157623
BCML,23.480,22.560,1.040777
BCO,87.570,77.744,1.126395
BCOM,1.570,2.962,0.529982
BCOR,29.580,31.016,0.953703
BCOV,10.970,8.995,1.219572
BCOW,9.050,0.000,
BCPC,99.010,92.480,1.070609
BCRH,6.290,6.865,0.916196
BCRX,3.600,7.003,0.514033
BCS,7.870,8.177,0.962444
BCTF,15.400,15.272,1.008401
BCYC,7.790,0.000,
BDC,54.780,56.259,0.973713
BDGE,29.350,30.007,0.978117
BDL,22.520,24.279,0.927553
BDN,14.610,15.187,0.961976
BDR,0.920,1.048,0.877978
BDSI,4.070,4.615,0.881870
BDX,252.880,241.489,1.047171
BE,13.060,12.314,1.060591
BEAT,48.440,59.709,0.811266
BECN,37.200,35.750,1.040573
BEDU,10.080,10.623,0.948907
BELFA,14.340,18.797,0.762902
BELFB,15.930,21.759,0.732098
BEN,35.190,33.011,1.066016
BEP,35.930,31.415,1.143736
BERY,53.060,52.272,1.015066
BEST,5.210,5.225,0.997107
BFAM,153.090,128.851,1.188115
BFC,66.030,60.692,1.087948
BFIN,13.780,14.772,0.932818
BFRA,17.250,14.291,1.207029
BFS,55.250,54.006,1.023040
BFST,25.060,24.568,1.020032
BG,56.860,53.432,1.064147
BGCP,5.470,5.555,0.984610
BGFV,1.970,2.949,0.668039
BGG,9.690,11.953,0.810697
BGI,1.030,1.004,1.025928
BGNE,122.700,130.535,0.939978
BGS,20.080,24.262,0.827640
BGSF,19.050,21.912,0.869378
BH,102.250,123.899,0.825270
BHB,25.750,25.196,1.022005
BHC,23.610,23.934,0.986452
BHE,25.040,25.689,0.974719
BHF,38.340,38.098,1.006364
BHGE,25.010,24.764,1.009938
BHLB,31.600,29.553,1.069263
BHP,57.240,53.079,1.078391
BHR,9.360,11.557,0.809924
BHTG,1.730,2.412,0.717288
BHVN,42.520,49.648,0.856426
BID,58.090,42.165,1.377687
BIDU,114.900,151.977,0.756037
BIG,24.760,32.640,0.758584
BIIB,231.420,269.071,0.860069
BILI,16.400,16.845,0.973563
BIMI,2.770,5.778,0.479365
BIO,309.230,287.589,1.075249
BIOC,1.030,1.193,0.863331
BIOL,1.730,1.931,0.896019
BIOS,2.600,2.639,0.985390
BIOX,5.670,6.307,0.899039
BIP,43.180,40.984,1.053571
BIQI,0.690,1.656,0.416563
BITA,11.160,14.809,0.753615
BJ,24.150,26.042,0.927343
BJRI,41.980,47.569,0.882505
BK,43.560,48.894,0.890910
BKD,8.170,7.038,1.160914
BKE,19.580,17.867,1.095860
BKEP,1.420,1.340,1.059701
BKEPP,5.350,5.325,1.004716
BKH,79.970,72.794,1.098585
BKI,62.640,54.374,1.152012
BKJ,13.710,13.377,1.024863
BKNG,1882.480,1798.641,1.046613
BKS,6.690,5.808,1.151826
BKSC,18.810,18.561,1.013391
BKTI,4.140,4.133,1.001625
BKU,32.690,34.435,0.949317
BKYI,1.220,1.188,1.026923
BL,49.710,48.631,1.022180
BLBD,18.990,18.593,1.021379
BLCM,1.800,2.926,0.615216
BLD,83.940,67.929,1.235694
BLDP,4.200,3.506,1.197806
BLDR,17.010,14.301,1.189428
BLFS,16.930,16.788,1.008480
BLIN,2.330,8.387,0.277810
BLK,482.460,439.721,1.097196
BLKB,85.490,77.093,1.108923
BLL,70.000,58.894,1.188575
BLMN,17.630,19.616,0.898772
BLNK,2.670,2.751,0.970384
BLPH,0.620,0.679,0.913005
BLRX,0.300,0.420,0.713637
BLUE,132.650,134.964,0.982852
BLW,15.120,14.690,1.029277
BLX,20.890,19.981,1.045478
BMA,73.300,53.170,1.378585
BMCH,21.720,19.299,1.125464
BMI,57.570,55.791,1.031887
BMLP,47.380,47.538,0.996681
BMO,76.700,75.480,1.016161
BMRA,2.860,2.452,1.166511
BMRC,42.820,42.268,1.013054
BMRN,82.950,88.721,0.934952
BMTC,37.560,37.687,0.996638
BMY,44.270,47.996,0.922371
BNED,3.560,4.538,0.784471
BNFT,25.470,41.006,0.621121
BNGO,2.600,3.789,0.686126
BNS,53.520,54.151,0.988355
BNSO,2.700,2.674,1.009908
BNTC,0.760,1.565,0.485547
BOCH,10.600,10.836,0.978211
BOH,82.420,79.775,1.033161
BOKF,78.610,82.257,0.955664
BOLD,34.290,33.987,1.008926
BOMN,23.740,24.754,0.959029
BOOM,64.960,54.524,1.191403
BOOT,35.440,28.379,1.248797
BOSC,2.800,2.757,1.015616
BOTJ,14.550,14.227,1.022718
BOX,17.510,19.769,0.885720
BOXL,2.920,2.993,0.975456
BP,41.210,42.305,0.974128
BPFH,11.820,11.380,1.038650
BPL,41.430,35.585,1.164268
BPMC,94.990,79.948,1.188149
BPMP,16.080,15.380,1.045529
BPMX,0.497,1.880,0.264382
BPOP,56.380,54.094,1.042260
BPOPN,26.890,26.566,1.012204
BPR,19.090,19.473,0.980329
BPRAP,25.120,24.663,1.018524
BPT,15.870,21.909,0.724372
BPTH,12.890,12.790,1.007855
BPY,19.140,19.477,0.982673
BPYPP,25.240,0.000,
BR,132.370,112.207,1.179694
BRAC,10.290,10.203,1.008574
BRC,50.560,47.200,1.071178
BREW,16.120,15.085,1.068603
BRFS,8.920,6.793,1.313062
BRG,11.700,10.974,1.066130
BRID,34.810,26.550,1.311107
BRKL,15.240,14.985,1.017020
BRKR,49.160,40.075,1.226706
BRKS,39.500,33.548,1.177409
BRN,1.000,1.307,0.764964
BRO,34.990,30.514,1.146674
BROG,10.190,10.031,1.015849
BRPA,10.400,10.347,1.005110
BRPM,9.770,0.000,
BRQS,2.609,3.931,0.663776
BRSS,43.980,37.537,1.171650
BRT,13.610,13.412,1.014729
BRX,18.220,17.612,1.034545
BRY,10.470,11.318,0.925036
BSAC,30.060,30.088,0.999059
BSBR,12.370,11.919,1.037858
BSET,12.900,17.176,0.751067
BSGM,8.560,6.390,1.339603
BSIG,11.540,12.740,0.905819
BSM,15.550,17.013,0.914025
BSMX,7.800,7.338,1.062947
BSQR,1.230,1.824,0.674523
BSRR,26.940,25.903,1.040035
BSTC,62.800,64.355,0.975835
BSVN,17.800,16.677,1.067307
BSX,42.250,38.706,1.091568
BT,12.320,14.286,0.862390
BTAI,10.440,9.370,1.114157
BTE,1.470,1.762,0.834323
BTG,3.130,2.867,1.091754
BTI,36.290,37.208,0.975331
BTN,2.910,2.239,1.299506
BTU,23.240,28.449,0.816898
BTX,1.130,1.195,0.946000
BUD,86.940,82.265,1.056824
BURG,0.770,1.526,0.504426
BURL,182.920,163.303,1.120129
BUSE,26.520,25.817,1.027229
BV,18.070,15.607,1.157823
BVN,16.400,16.110,1.017992
BVSN,1.440,1.420,1.014085
BVXV,5.846,5.835,1.001838
BW,0.315,0.457,0.689600
BWA,39.970,39.901,1.001735
BWAY,10.408,0.000,
BWB,11.670,10.968,1.063981
BWEN,2.200,1.772,1.241546
BWFG,28.280,29.256,0.966636
BWMC,9.830,0.000,
BWXT,52.940,49.026,1.079833
BX,46.020,37.469,1.228207
BXC,20.470,25.173,0.813164
BXG,11.480,13.367,0.858854
BXMT,36.240,34.891,1.038668
BXP,132.300,131.805,1.003759
BY,19.270,19.040,1.012076
BYD,26.430,27.401,0.964553
BYFC,1.800,1.357,1.326358
BYND,166.810,0.000,
BYSI,20.700,17.663,1.171968
BZH,10.670,11.363,0.938996
BZUN,53.020,40.302,1.315575
C,71.770,65.177,1.101160
CAAP,8.280,7.753,1.068008
CAAS,2.300,2.853,0.806046
CABO,1231.520,1018.822,1.208769
CAC,44.630,42.985,1.038265
CACC,494.890,456.448,1.084219
CACI,213.430,186.767,1.142760
CADC,3.840,3.085,1.244532
CADE,20.200,19.869,1.016678
CAE,27.910,23.095,1.208493
CAG,27.610,26.221,1.052992
CAH,47.590,48.105,0.989303
CAI,23.640,23.977,0.985934
CAJ,29.770,28.704,1.037130
CAKE,42.970,46.183,0.930426
CAL,18.420,25.285,0.728503
CALA,4.260,5.402,0.788538
CALM,39.530,42.247,0.935691
CALX,7.000,7.670,0.912601
CAMP,11.600,12.859,0.902059
CAMT,8.360,8.675,0.963659
CANF,3.030,10.681,0.283677
CANG,7.100,7.039,1.008654
CAPL,16.720,16.986,0.984347
CAPR,3.220,4.577,0.703514
CAR,35.810,32.155,1.113680
CARA,24.280,18.445,1.316349
CARB,24.900,25.068,0.993295
CARG,37.970,38.304,0.991283
CARO,35.620,35.259,1.010232
CARS,21.680,22.662,0.956668
CART,7.660,8.152,0.939613
CARV,3.250,3.388,0.959372
CASA,6.600,8.918,0.740081
CASH,27.620,24.014,1.150175
CASI,3.170,3.310,0.957837
CASS,48.880,48.866,1.000284
CASY,159.530,135.460,1.177694
CAT,138.360,132.800,1.041865
CATB,7.490,6.717,1.115065
CATC,80.740,81.052,0.996154
CATM,28.350,31.041,0.913295
CATO,14.160,14.107,1.003744
CATS,19.600,14.362,1.364670
CATY,35.770,36.126,0.990141
CB,149.370,139.699,1.069226
CBAN,16.460,16.631,0.989741
CBAT,0.990,0.977,1.012966
CBAY,6.480,10.745,0.603084
CBB,4.700,8.109,0.579624
CBD,25.140,23.689,1.061272
CBFV,25.050,24.239,1.033461
CBIO,8.500,8.439,1.007264
CBL,1.150,1.593,0.721988
CBLI,1.460,1.514,0.964401
CBLK,18.690,15.034,1.243204
CBM,44.130,41.815,1.055352
CBMB,13.570,13.191,1.028720
CBMG,13.960,17.004,0.820966
CBNK,12.360,11.726,1.054038
CBPO,93.420,88.758,1.052526
CBPX,25.120,25.708,0.977139
CBRE,52.800,48.768,1.082673
CBRL,178.530,164.820,1.083181
CBS,53.180,49.370,1.077177
CBSH,59.280,59.814,0.991070
CBSHP,26.100,26.161,0.997677
CBT,45.660,45.121,1.011941
CBTX,29.080,30.776,0.944886
CBU,65.610,63.122,1.039418
CBZ,20.500,20.119,1.018925
CC,19.740,32.082,0.615296
CCB,15.860,15.998,0.991378
CCBG,24.740,23.784,1.040206
CCC,15.100,12.779,1.181583
CCCL,0.880,1.410,0.624181
CCEP,57.160,51.649,1.106696
CCF,101.200,97.748,1.035318
CCH,10.120,9.928,1.019289
CCI,132.520,124.043,1.068340
CCIH,0.880,1.102,0.798338
CCJ,11.100,11.342,0.978652
CCK,60.770,55.682,1.091370
CCL,46.260,53.407,0.866178
CCLP,3.720,3.065,1.213537
CCM,2.820,2.768,1.018921
CCMP,112.820,108.810,1.036853
CCNE,27.240,26.560,1.025620
CCNI,5.730,4.829,1.186692
CCO,4.460,5.195,0.858486
CCOI,62.930,54.054,1.164213
CCR,16.250,17.253,0.941867
CCRC,9.450,11.121,0.849720
CCRN,9.150,8.205,1.115241
CCS,27.490,24.889,1.104500
CCU,29.160,27.777,1.049777
CCXI,8.500,11.323,0.750656
CDAY,50.150,47.900,1.046975
CDE,4.630,4.162,1.112409
CDEV,7.630,9.902,0.770529
CDK,50.680,53.867,0.940831
CDLX,28.040,19.017,1.474468
CDMO,6.090,4.235,1.438055
CDMOP,26.300,25.966,1.012844
CDNA,38.330,31.162,1.230024
CDNS,75.020,61.292,1.223979
CDOR,8.260,8.978,0.919986
CDR,2.530,3.174,0.797090
CDTX,1.700,2.349,0.723757
CDW,116.220,98.589,1.178836
CDXC,4.350,3.981,1.092713
CDXS,19.010,19.369,0.981480
CDZI,10.940,10.222,1.070210
CE,107.010,101.549,1.053781
CEA,28.920,31.538,0.916995
CECE,9.330,8.036,1.160988
CECO,19.730,16.745,1.178275
CEI,3.700,0.558,6.628829
CEIX,25.310,31.973,0.791597
CEL,3.000,4.210,0.712576
CELC,23.300,22.020,1.058122
CELG,91.930,91.685,1.002670
CELH,4.100,4.002,1.024413
CELP,7.400,7.292,1.014824
CEMI,5.720,6.588,0.868183
CENT,28.410,30.176,0.941471
CENTA,25.760,27.332,0.942470
CENX,6.940,7.958,0.872102
CEO,171.330,172.018,0.996001
CEPU,9.830,9.231,1.064856
CEQP,36.820,34.357,1.071674
CERC,4.970,5.261,0.944641
CERN,76.120,62.743,1.213196
CERS,5.510,5.774,0.954245
CETV,4.320,3.728,1.158699
CETX,2.250,3.965,0.567488
CETXP,0.860,1.591,0.540471
CEVA,25.290,25.821,0.979441
CF,46.170,43.122,1.070682
CFBI,9.960,10.279,0.968999
CFBK,11.960,12.541,0.953678
CFFA,10.050,0.000,
CFFI,53.820,50.721,1.061101
CFFN,13.780,13.426,1.026329
CFG,35.750,34.876,1.025059
CFMS,3.670,2.373,1.546282
CFR,93.860,98.270,0.955124
CFRX,0.476,0.496,0.960535
CFX,27.140,26.844,1.011045
CG,24.030,19.744,1.217052
CGA,4.730,0.887,5.331526
CGC,34.210,43.807,0.780929
CGEN,3.610,3.513,1.027663
CGIX,0.180,0.236,0.761136
CGNX,42.420,47.864,0.886256
CHA,47.830,52.498,0.911079
CHAC,9.800,0.000,
CHAP,5.900,5.757,1.024890
CHCI,2.680,2.413,1.110802
CHCO,76.740,75.809,1.012287
CHCT,40.810,35.743,1.141768
CHD,75.290,70.524,1.067578
CHDN,117.640,96.718,1.216314
CHE,382.220,325.086,1.175749
CHEF,35.540,32.987,1.077393
CHEK,2.220,2.465,0.900614
CHFC,41.840,42.396,0.986896
CHFS,2.750,5.293,0.519586
CHGG,44.260,37.545,1.178841
CHH,88.840,81.286,1.092936
CHK,1.930,2.601,0.742155
CHKE,0.000,0.000,
CHKP,118.800,117.535,1.010760
CHKR,1.060,1.347,0.786965
CHL,44.650,49.081,0.909728
CHMA,6.440,5.659,1.137940
CHMG,47.710,46.344,1.029474
CHMI,15.920,17.522,0.908581
CHNR,1.590,1.714,0.927712
CHRA,5.320,6.351,0.837705
CHRS,19.230,15.889,1.210262
CHRW,85.060,85.860,0.990687
CHS,3.480,4.471,0.778377
CHSCL,27.460,27.380,1.002923
CHSCM,26.290,26.011,1.010711
CHSCN,26.510,26.539,0.998890
CHSCO,27.430,27.533,0.996249
CHSCP,28.010,28.536,0.981556
CHSP,28.190,28.670,0.983245
CHT,36.660,35.422,1.034953
CHTR,414.310,356.915,1.160810
CHU,10.540,11.623,0.906807
CHUY,22.460,21.793,1.030586
CHWY,33.960,0.000,
CI,179.210,168.900,1.061044
CIA,7.290,7.006,1.040600
CIB,51.450,48.607,1.058486
CIC,10.230,10.184,1.004503
CIDM,1.200,1.506,0.796675
CIEN,44.080,39.032,1.129337
CIFS,1.950,2.171,0.898302
CIG,4.010,3.668,1.093348
CIGI,73.080,65.673,1.112779
CIM,19.200,18.847,1.018733
CINF,107.680,90.776,1.186211
CINR,17.450,22.330,0.781466
CIO,12.030,11.654,1.032300
CIR,42.320,34.995,1.209317
CISN,10.920,12.282,0.889135
CIT,51.550,49.197,1.047834
CIVB,21.520,21.067,1.021513
CIVBP,69.000,68.231,1.011268
CIX,14.900,15.035,0.991054
CIZN,20.600,21.284,0.967875
CJ,11.930,14.686,0.812358
CJJD,1.100,1.808,0.608376
CKH,47.770,43.643,1.094565
CKPT,2.900,3.559,0.814780
CKX,9.650,10.204,0.945675
CL,74.380,68.355,1.088147
CLAR,14.420,12.539,1.150025
CLB,54.370,62.161,0.874668
CLBK,15.330,15.446,0.992473
CLBS,2.630,3.576,0.735421
CLCT,22.810,17.640,1.293067
CLDB,23.050,22.403,1.028874
CLDC,0.925,1.125,0.822172
CLDR,5.250,10.616,0.494539
CLDT,18.370,19.572,0.938579
CLDX,2.630,4.212,0.624431
CLF,10.510,10.011,1.049846
CLFD,13.170,13.711,0.960559
CLGN,4.400,5.247,0.838495
CLGX,44.120,39.244,1.124256
CLH,69.780,66.303,1.052443
CLI,23.650,22.086,1.070813
CLIR,1.340,1.028,1.303676
CLLS,16.180,17.690,0.914625
CLMT,4.640,3.730,1.244044
CLNC,15.770,16.009,0.985070
CLNE,2.750,2.584,1.064348
CLNY,5.060,5.367,0.942754
CLPR,11.320,12.854,0.880672
CLPS,5.503,8.097,0.679597
CLR,40.990,43.563,0.940930
CLRB,2.160,2.160,0.999894
CLRO,2.250,2.032,1.107500
CLS,6.620,7.992,0.828338
CLSD,1.180,1.246,0.947083
CLSN,1.770,2.083,0.849808
CLUB,2.100,4.325,0.485502
CLVS,13.250,21.051,0.629417
CLW,18.450,23.311,0.791475
CLWT,4.170,3.854,1.081873
CLX,158.060,154.076,1.025858
CLXT,10.450,14.409,0.725225
CM,79.140,81.677,0.968936
CMA,72.840,76.956,0.946514
CMC,17.730,16.521,1.073205
CMCL,5.909,5.830,1.013624
CMCM,3.620,5.845,0.619329
CMCO,40.370,36.885,1.094470
CMCSA,44.640,40.262,1.108745
CMCT,20.020,18.849,1.062125
CMCTP,25.600,26.607,0.962138
CMD,80.700,73.449,1.098728
CME,207.470,182.083,1.139427
CMG,750.850,653.132,1.149614
CMI,171.090,158.223,1.081319
CMLS,17.920,16.646,1.076535
CMO,8.780,8.171,1.074573
CMP,53.030,53.214,0.996537
CMPR,88.990,90.467,0.983678
CMRE,5.570,5.284,1.054056
CMRX,3.690,2.770,1.332240
CMS,58.580,54.828,1.068424
CMT,7.000,7.710,0.907858
CMTL,28.100,24.710,1.137205
CNA,48.490,45.135,1.074339
CNAC,10.380,10.232,1.014488
CNACU,10.400,0.000,
CNAT,0.340,1.352,0.251567
CNBKA,88.560,82.420,1.074492
CNC,54.510,56.947,0.957213
CNCE,11.420,12.646,0.903034
CNDT,8.970,11.891,0.754338
CNET,1.380,1.590,0.867716
CNF,5.710,5.798,0.984846
CNFR,3.950,4.321,0.914182
CNHI,10.410,10.178,1.022785
CNI,93.700,88.597,1.057594
CNK,38.390,39.183,0.979751
CNMD,88.060,78.396,1.123265
CNNE,29.030,24.205,1.199352
CNO,16.700,16.775,0.995504
CNOB,23.220,21.171,1.096799
CNP,28.870,29.988,0.962723
CNQ,27.710,27.602,1.003927
CNR,6.170,6.385,0.966379
CNS,52.180,44.757,1.165851
CNSL,5.170,8.134,0.635576
CNST,9.830,10.147,0.968728
CNTF,0.550,0.945,0.581940
CNTY,9.220,8.775,1.050735
CNX,7.400,9.796,0.755384
CNXM,14.660,15.314,0.957320
CNXN,34.450,35.504,0.970312
CO,5.820,6.549,0.888632
COCP,2.190,2.699,0.811478
CODA,12.220,10.485,1.165508
CODI,19.750,16.498,1.197086
CODX,0.935,1.046,0.893960
COE,6.840,6.475,1.056355
COF,91.070,85.975,1.059266
COG,24.000,25.187,0.952886
COHN,4.800,6.638,0.723099
COHR,132.490,131.545,1.007188
COHU,14.580,16.199,0.900042
COKE,304.650,275.698,1.105015
COLB,36.380,35.862,1.014434
COLD,34.270,30.604,1.119775
COLL,11.400,14.476,0.787484
COLM,102.270,98.254,1.040879
COMM,15.410,20.369,0.756526
CONE,58.890,55.866,1.054132
CONN,18.280,21.540,0.848639
COO,330.940,293.714,1.126743
COOP,8.180,10.667,0.766816
COP,61.760,64.474,0.957912
COR,118.090,107.563,1.097865
CORE,39.350,35.081,1.121685
CORR,40.580,37.750,1.074978
CORT,10.620,11.675,0.909675
CORV,2.000,2.845,0.702865
COST,279.440,237.184,1.178155
COT,12.990,14.440,0.899584
COTY,11.120,10.997,1.011190
COUP,139.260,99.906,1.393917
COWN,15.650,15.807,0.990052
CP,239.100,214.380,1.115311
CPA,100.740,89.197,1.129406
CPAC,8.510,9.420,0.903419
CPAH,1.480,1.610,0.919037
CPB,40.920,37.641,1.087102
CPE,6.400,7.419,0.862614
CPF,30.180,28.776,1.048798
CPG,3.360,3.335,1.007392
CPHC,12.170,14.149,0.860112
CPHI,0.290,0.309,0.938488
CPIX,5.670,5.941,0.954361
CPK,92.940,91.269,1.018312
CPL,16.770,15.583,1.076180
CPLG,12.020,12.774,0.940987
CPLP,11.430,12.906,0.885653
CPRI,36.470,41.725,0.874057
CPRT,77.330,62.762,1.232117
CPRX,4.070,3.690,1.102981
CPS,45.350,54.972,0.824961
CPSH,1.020,1.365,0.747315
CPSI,27.910,28.393,0.983003
CPSS,3.600,3.734,0.964200
CPST,0.770,0.854,0.902155
CPT,108.710,100.223,1.084686
CQP,43.830,42.070,1.041846
CR,83.100,82.869,1.002782
CRAI,39.240,43.776,0.896381
CRAY,34.640,27.769,1.247444
CRBP,6.610,7.221,0.915387
CRC,19.650,21.356,0.920128
CRCM,11.420,18.203,0.627367
CREE,59.760,56.717,1.053653
CREG,0.390,0.760,0.513364
CRESY,11.220,11.480,0.977352
CREX,2.180,2.354,0.926005
CRH,33.300,31.475,1.057981
CRHM,2.770,2.963,0.934895
CRI,93.590,93.552,1.000409
CRIS,2.250,1.520,1.479892
CRK,5.900,6.180,0.954657
CRL,134.870,134.369,1.003726
CRM,158.080,156.183,1.012145
CRMD,8.950,8.485,1.054826
CRMT,86.210,85.255,1.011202
CRNT,2.570,3.550,0.724037
CRNX,24.080,24.597,0.978974
CRON,14.240,17.377,0.819473
CROX,20.960,24.876,0.842568
CRR,1.330,3.042,0.437160
CRS,45.690,45.998,0.993297
CRSA,9.800,0.000,
CRSP,49.110,38.188,1.286006
CRT,12.300,12.068,1.019249
CRTO,17.920,22.187,0.807685
CRTX,41.300,0.000,
CRUS,43.570,41.344,1.053830
CRVL,89.010,70.472,1.263051
CRVS,5.610,4.169,1.345545
CRWD,73.500,0.000,
CRWS,4.430,5.172,0.856512
CRY,29.780,29.225,1.018992
CRZO,10.500,11.586,0.906234
CS,12.310,12.076,1.019343
CSBR,7.960,9.280,0.857716
CSCO,57.950,52.425,1.105396
CSFL,23.370,24.068,0.970998
CSGP,587.140,472.303,1.243143
CSGS,48.820,42.883,1.138457
CSII,44.130,36.988,1.193084
CSIQ,20.810,20.363,1.021934
CSL,135.380,126.377,1.071240
CSLT,3.160,3.315,0.953188
CSOD,62.060,55.135,1.125602
CSPI,14.060,12.069,1.164975
CSS,5.080,6.749,0.752686
CSSE,7.020,8.340,0.841677
CSSEP,25.000,25.035,0.998602
CSTE,15.060,15.312,0.983558
CSTM,10.330,9.017,1.145572
CSTR,15.180,15.508,0.978849
CSU,5.340,5.082,1.050692
CSV,18.580,19.192,0.968128
CSWC,20.900,21.505,0.971876
CSWI,70.000,59.245,1.181540
CSX,78.580,73.925,1.062973
CTAC,10.070,9.877,1.019554
CTAS,242.440,210.493,1.151772
CTB,30.790,31.217,0.986321
CTBI,41.810,41.542,1.006459
CTEK,4.810,4.754,1.011883
CTG,4.100,4.269,0.960376
CTHR,1.570,1.285,1.222189
CTIB,3.320,3.054,1.087137
CTIC,0.800,0.976,0.820031
CTK,9.040,10.250,0.881964
CTL,12.200,12.458,0.979313
CTLT,53.440,43.519,1.227978
CTMX,11.820,12.490,0.946392
CTO,60.110,60.054,1.000938
CTRA,47.200,57.637,0.818923
CTRC,3.050,3.806,0.801296
CTRE,24.070,23.244,1.035558
CTRL,23.800,19.847,1.199163
CTRM,4.010,0.000,
CTRN,15.720,18.498,0.849842
CTRP,37.250,37.503,0.993261
CTRV,4.010,13.870,0.289104
CTS,27.600,29.012,0.951321
CTSH,65.860,67.635,0.973759
CTSO,7.030,7.274,0.966394
CTST,2.580,6.809,0.378937
CTT,10.080,9.651,1.044469
CTVA,27.600,0.000,
CTWS,69.900,68.354,1.022612
CTXR,1.060,1.149,0.922492
CTXS,100.840,100.746,1.000933
CUB,67.440,59.503,1.133386
CUBE,34.950,31.886,1.096083
CUBI,20.240,20.424,0.990985
CUE,6.780,7.392,0.917229
CUI,0.820,1.229,0.667383
CUK,44.970,52.494,0.856672
CULP,18.650,18.847,0.989550
CUO,15.600,17.543,0.889225
CUR,0.320,0.436,0.733637
CURO,10.580,10.801,0.979553
CUTR,23.760,17.142,1.386052
CUZ,37.710,37.197,1.013793
CVA,17.780,17.114,1.038945
CVBF,21.040,21.588,0.974611
CVCO,160.110,137.920,1.160889
CVCY,20.590,19.858,1.036885
CVE,9.570,8.713,1.098323
CVEO,1.670,2.010,0.830877
CVET,25.020,0.000,
CVGI,7.620,7.691,0.990710
CVGW,93.720,88.169,1.062964
CVI,52.880,43.097,1.227010
CVIA,2.000,4.317,0.463299
CVLT,50.450,58.265,0.865872
CVLY,22.630,22.020,1.027684
CVM,6.000,4.744,1.264825
CVNA,67.310,54.519,1.234622
CVR,26.750,28.626,0.934474
CVRS,2.880,2.045,1.408339
CVS,57.550,57.468,1.001419
CVTI,13.620,19.403,0.701965
CVU,7.750,7.052,1.098946
CVV,3.690,3.912,0.943200
CVX,125.980,120.106,1.048910
CW,127.120,115.559,1.100040
CWBC,9.700,10.052,0.964962
CWBR,1.580,2.714,0.582108
CWCO,13.990,13.174,1.061973
CWEN,17.090,15.504,1.102304
CWH,11.940,13.352,0.894249
CWK,18.360,17.819,1.030365
CWST,40.850,35.625,1.146670
CWT,50.940,50.419,1.010324
CX,4.020,4.688,0.857450
CXDC,2.100,2.397,0.875919
CXO,102.190,109.860,0.930188
CXP,21.090,21.906,0.962752
CXW,18.180,20.612,0.882001
CY,22.490,16.825,1.336741
CYAD,14.310,19.762,0.724118
CYAN,2.750,3.243,0.847946
CYBE,12.190,17.948,0.679181
CYBR,133.380,113.183,1.178446
CYCC,0.610,0.731,0.834918
CYCCP,5.350,5.206,1.027609
CYCN,12.470,0.000,
CYD,14.060,15.775,0.891312
CYH,2.450,3.563,0.687657
CYOU,9.310,16.540,0.562880
CYRN,1.650,2.150,0.767333
CYRX,19.710,13.876,1.420411
CYTK,11.030,8.717,1.265318
CYTX,0.230,0.275,0.835784
CZFC,25.680,24.325,1.055692
CZNC,25.520,26.437,0.965302
CZR,11.840,9.315,1.271073
CZWI,11.000,11.545,0.952771
CZZ,14.520,11.869,1.223331
D,77.500,74.917,1.034478
DAC,9.400,11.811,0.795879
DAIO,4.400,5.256,0.837158
DAKT,6.400,7.287,0.878329
DAL,61.650,53.391,1.154684
DAN,18.440,17.905,1.029900
DAR,20.280,20.768,0.976494
DARE,0.800,0.972,0.823019
DATA,173.640,131.915,1.316307
DAVA,41.140,30.430,1.351962
DAVE,4.940,4.902,1.007739
DB,7.670,8.186,0.936962
DBD,9.200,8.873,1.036847
DBI,19.000,22.944,0.828096
DBVT,10.420,8.413,1.238596
DBX,25.870,23.379,1.106530
DCAR,1.230,2.215,0.555276
DCI,48.560,49.679,0.977472
DCIX,1.010,0.992,1.017926
DCO,44.990,43.256,1.040095
DCOM,19.140,19.135,1.000263
DCP,31.450,31.600,0.995246
DCPH,21.600,24.664,0.875785
DD,71.520,75.740,0.944289
DDD,8.780,10.549,0.832330
DDMX,10.020,9.887,1.013423
DDMXU,10.160,10.099,1.006017
DDS,65.520,66.271,0.988668
DE,165.370,158.263,1.044904
DEA,18.440,17.970,1.026168
DEACU,10.070,0.000,
DECK,178.490,148.619,1.200987
DEI,40.610,39.706,1.022778
DELL,53.780,56.707,0.948378
DENN,21.710,18.719,1.159788
DEO,170.260,161.627,1.053414
DERM,8.760,9.566,0.915762
DESP,13.950,14.687,0.949803
DEST,1.170,2.173,0.538526
DF,1.010,2.654,0.380595
DFBH,10.250,10.014,1.023579
DFFN,2.180,3.351,0.650554
DFIN,14.010,14.513,0.965318
DFRG,7.930,7.279,1.089388
DFS,81.290,73.729,1.102544
DG,141.520,122.855,1.151931
DGICA,14.760,13.838,1.066598
DGICB,14.650,12.764,1.147735
DGII,12.890,12.375,1.041645
DGLD,35.160,44.270,0.794212
DGLY,1.420,3.294,0.431141
DGSE,1.150,0.591,1.944373
DGX,102.980,92.392,1.114600
DHI,45.490,42.028,1.082379
DHIL,142.800,144.886,0.985602
DHR,140.030,126.396,1.107864
DHT,5.980,4.963,1.205033
DHX,3.850,2.984,1.290360
DIN,99.010,89.159,1.110483
DIOD,36.560,35.724,1.023400
DIS,144.880,123.985,1.168524
DISCA,32.410,28.693,1.129536
DISCB,36.500,33.472,1.090474
DISCK,29.800,26.843,1.110173
DISH,41.870,33.691,1.242757
DIT,96.440,92.663,1.040765
DJCO,230.800,221.280,1.043021
DK,39.920,35.696,1.118339
DKL,32.750,31.292,1.046581
DKS,37.210,36.187,1.028271
DL,5.190,6.496,0.798968
DLA,21.220,22.649,0.936913
DLB,64.960,63.906,1.016488
DLHC,5.450,5.677,0.960075
DLNG,1.544,2.395,0.644617
DLPH,17.110,19.477,0.878478
DLPN,1.020,1.403,0.726946
DLR,120.070,115.929,1.035717
DLTH,13.640,19.401,0.703043
DLTR,112.430,102.512,1.096751
DLX,41.110,43.413,0.946957
DMAC,4.560,3.609,1.263357
DMLP,19.200,18.211,1.054313
DMPI,1.430,3.191,0.448192
DMRC,45.570,36.385,1.252430
DNBF,45.080,39.295,1.147205
DNJR,3.080,7.275,0.423384
DNKN,81.660,73.780,1.106797
DNLI,20.010,21.643,0.924553
DNN,0.540,0.522,1.035270
DNOW,13.490,14.142,0.953907
DNR,1.290,1.856,0.694946
DO,9.290,9.994,0.929589
DOC,17.550,18.008,0.974583
DOCU,53.200,52.404,1.015183
DOGZ,2.755,3.376,0.816058
DOMO,30.950,32.725,0.945770
DOOO,37.250,30.390,1.225738
DOOR,52.850,52.569,1.005348
DORM,81.840,86.690,0.944053
DOV,100.060,92.240,1.084775
DOVA,16.990,9.355,1.816082
DOW,49.710,0.000,
DOX,63.420,57.378,1.105309
DPHC,9.720,0.000,
DPLO,5.910,7.565,0.781210
DPW,0.230,0.892,0.257874
DPZ,282.110,267.985,1.052709
DQ,42.660,36.013,1.184560
DRAD,5.740,7.241,0.792734
DRD,2.880,2.156,1.335741
DRE,32.940,30.340,1.085704
DRH,10.170,10.458,0.972488
DRI,124.760,115.191,1.083074
DRIO,0.460,0.679,0.677802
DRNA,14.200,12.727,1.115756
DRQ,46.550,41.910,1.110726
DRRX,0.660,0.652,1.013005
DRYS,4.180,4.558,0.917143
DS,4.830,4.700,1.027576
DSGX,36.620,35.920,1.019494
DSKE,3.510,4.562,0.769350
DSLV,29.050,29.628,0.980501
DSPG,14.470,13.773,1.050608
DSS,0.476,1.013,0.469934
DSSI,13.110,0.000,
DSWL,2.710,2.967,0.913233
DSX,3.680,3.093,1.189704
DTE,130.400,123.244,1.058060
DTEA,1.580,1.363,1.159487
DTIL,13.470,0.000,
DTSS,1.340,2.496,0.536857
DUK,88.700,88.406,1.003322
DVA,56.900,53.753,1.058548
DVAX,4.030,7.470,0.539469
DVCR,3.300,3.565,0.925617
DVD,1.950,2.027,0.961785
DVN,28.650,28.885,0.991863
DWSN,2.480,2.979,0.832385
DX,16.790,17.846,0.940817
DXC,56.810,60.605,0.937381
DXCM,149.170,134.358,1.110239
DXF,1.960,2.796,0.701109
DXLG,1.890,2.191,0.862473
DXPE,33.870,36.712,0.922585
DXR,7.870,11.784,0.667835
DXYN,0.590,0.856,0.689289
DY,55.770,53.227,1.047778
DYAI,5.630,3.630,1.550932
DYNT,1.760,2.006,0.877488
DYSL,1.080,1.036,1.042594
DZSI,12.480,12.261,1.017830
E,33.400,33.469,0.997927
EA,92.820,95.312,0.973857
EAF,11.420,12.432,0.918570
EARN,11.120,11.390,0.976256
EARS,2.690,5.873,0.458044
EAST,4.430,5.549,0.798346
EAT,38.700,42.772,0.904801
EB,16.000,22.770,0.702693
EBAY,40.060,36.537,1.096429
EBF,20.070,20.198,0.993677
EBIX,47.920,51.221,0.935550
EBMT,16.300,17.050,0.956007
EBR,10.400,8.959,1.160833
EBS,43.250,52.720,0.820365
EBSB,18.990,16.597,1.144181
EBTC,29.710,30.486,0.974545
EC,19.140,19.155,0.999235
ECA,5.010,6.443,0.777619
ECHO,19.520,22.679,0.860690
ECL,199.800,176.460,1.132270
ECOL,61.210,59.887,1.022094
ECOM,9.390,11.007,0.853127
ECOR,1.620,5.300,0.305663
ECPG,34.750,31.505,1.103014
ECT,1.730,1.806,0.957740
ED,88.960,83.585,1.064310
EDAP,2.700,3.269,0.826054
EDIT,24.850,23.351,1.064174
EDN,21.190,22.030,0.961870
EDNT,2.433,4.193,0.580185
EDRY,8.143,7.769,1.048187
EDSA,6.160,6.678,0.922440
EDTX,10.050,9.977,1.007291
EDTXU,10.270,10.161,1.010705
EDU,92.820,83.763,1.108133
EDUC,6.720,8.051,0.834632
EE,66.050,58.416,1.130675
EEFT,168.410,141.632,1.189065
EEI,10.920,11.194,0.975552
EEX,11.080,12.662,0.875044
EFBI,15.800,15.718,1.005241
EFC,18.460,17.503,1.054691
EFII,36.960,31.582,1.170304
EFOI,0.450,0.758,0.593895
EFSC,40.670,42.371,0.959858
EFX,137.660,117.996,1.166649
EGAN,7.990,9.210,0.867550
EGBN,55.370,54.625,1.013646
EGHT,25.870,21.730,1.190541
EGI,0.300,0.364,0.823727
EGLE,5.650,4.901,1.152936
EGO,6.990,4.231,1.652065
EGOV,16.690,16.276,1.025463
EGP,119.050,109.525,1.086971
EGRX,54.200,49.045,1.105112
EGY,1.720,2.008,0.856535
EHC,64.550,62.408,1.034324
EHTH,89.360,63.607,1.404868
EIDX,39.970,22.848,1.749415
EIG,43.720,42.173,1.036672
EIGI,4.880,6.236,0.782492
EIGR,11.290,12.377,0.912157
EIX,70.640,61.494,1.148731
EKSO,1.260,1.891,0.666392
EL,186.810,161.284,1.158268
ELAN,33.310,31.795,1.047633
ELF,16.440,10.874,1.511836
ELGX,6.720,6.737,0.997462
ELLO,12.160,9.016,1.348709
ELMD,5.180,5.446,0.951205
ELOX,9.410,11.167,0.842648
ELP,13.180,10.394,1.268071
ELS,125.580,113.965,1.101913
ELSE,3.220,3.479,0.925572
ELTK,4.250,2.654,1.601421
ELVT,4.250,4.457,0.953470
ELY,18.420,16.587,1.110486
EMAN,0.470,0.690,0.680783
EMCF,34.900,31.202,1.118532
EMCI,35.960,33.360,1.077933
EME,87.230,75.738,1.151738
EMKR,2.950,3.926,0.751307
EML,27.250,27.061,1.006976
EMMS,5.650,3.946,1.431736
EMN,77.530,77.709,0.997697
EMR,65.690,66.422,0.988982
EMX,1.260,1.189,1.059571
ENB,36.510,36.313,1.005415
ENBL,14.160,14.221,0.995738
ENDP,4.100,7.594,0.539891
ENFC,29.770,26.026,1.143851
ENG,0.940,0.773,1.216077
ENIA,8.410,8.975,0.937011
ENIC,4.690,4.986,0.940599
ENLC,10.440,11.205,0.931724
ENLV,23.000,9.350,2.459871
ENOB,4.700,6.546,0.717963
ENPH,19.670,11.420,1.722428
ENR,40.350,45.022,0.896226
ENS,64.700,69.980,0.924556
ENSG,57.510,50.797,1.132148
ENSV,0.400,0.466,0.857821
ENT,0.680,1.418,0.479647
ENTA,84.830,89.883,0.943784
ENTG,36.650,35.822,1.023108
ENTX,3.250,3.937,0.825422
ENV,72.740,63.911,1.138149
ENVA,20.920,23.704,0.882536
ENZ,3.930,3.426,1.147151
EOG,90.900,93.886,0.968196
EOLS,15.690,20.438,0.767690
EPAM,193.630,163.534,1.184037
EPAY,43.320,47.075,0.920224
EPC,28.220,37.923,0.744134
EPD,30.570,28.518,1.071951
EPIX,2.320,2.995,0.774664
EPM,6.620,6.991,0.946995
EPR,76.140,75.649,1.006487
EPRT,19.550,18.580,1.052198
EPSN,3.820,4.190,0.911694
EPZM,13.720,12.224,1.122385
EQ,5.500,7.125,0.771893
EQBK,25.890,29.337,0.882510
EQC,32.860,32.372,1.015080
EQH,22.460,20.479,1.096753
EQIX,518.010,450.629,1.149527
EQM,42.880,44.330,0.967281
EQNR,20.140,21.676,0.929117
EQR,78.850,74.694,1.055646
EQT,15.820,19.097,0.828411
ERA,8.560,9.655,0.886542
ERF,7.470,8.333,0.896479
ERI,45.560,47.530,0.958554
ERIC,9.620,9.390,1.024494
ERIE,266.860,190.319,1.402175
ERII,10.840,9.054,1.197285
ERJ,20.580,20.017,1.028105
EROS,1.820,7.704,0.236230
ERYP,6.670,7.723,0.863659
ES,77.540,71.582,1.083228
ESBK,16.150,17.170,0.940577
ESCA,11.500,11.662,0.986110
ESE,82.220,71.146,1.155654
ESEA,0.650,0.686,0.947374
ESGR,174.750,173.737,1.005829
ESGRO,25.820,25.369,1.017787
ESGRP,26.250,25.559,1.027024
ESI,9.800,10.758,0.910949
ESLT,155.890,136.864,1.139017
ESNT,49.640,44.640,1.111996
ESP,24.000,24.850,0.965792
ESPR,45.510,45.994,0.989468
ESQ,24.300,23.135,1.050336
ESRT,15.000,15.423,0.972570
ESS,303.950,282.824,1.074698
ESSA,14.870,15.537,0.957092
ESTA,23.010,24.911,0.923703
ESTC,93.260,82.768,1.126761
ESTE,6.190,6.512,0.950577
ESTR,0.920,1.449,0.634881
ESV,8.890,14.054,0.632575
ESXB,7.970,7.652,1.041612
ET,14.820,14.834,0.999043
ETFC,45.750,47.591,0.961312
ETH,20.740,20.152,1.029160
ETM,6.090,6.364,0.956893
ETN,81.210,78.970,1.028361
ETON,8.300,7.428,1.117437
ETR,103.870,94.837,1.095251
ETRN,18.970,20.323,0.933405
ETSY,64.600,62.899,1.027051
ETTX,6.320,6.252,1.010916
EURN,9.190,8.532,1.077123
EV,44.740,40.564,1.102937
EVA,30.770,30.826,0.998175
EVBG,99.220,74.071,1.339529
EVBN,36.010,35.475,1.015080
EVC,3.150,3.354,0.939143
EVER,14.230,8.825,1.612465
EVFM,4.810,4.444,1.082457
EVGN,1.510,1.952,0.773420
EVH,7.360,13.283,0.554089
EVI,36.530,36.808,0.992457
EVK,2.970,3.601,0.824738
EVLO,7.460,8.846,0.843323
EVLV,0.430,0.460,0.934473
EVOK,0.880,1.449,0.607315
EVOL,0.820,1.133,0.723952
EVOP,29.180,27.676,1.054345
EVR,90.910,88.654,1.025443
EVRG,61.140,57.989,1.054329
EVRI,12.400,9.516,1.303064
EVSI,5.750,7.629,0.753655
EVTC,33.110,29.129,1.136677
EW,191.450,177.704,1.077355
EWBC,46.570,49.333,0.943989
EXAS,114.870,95.208,1.206515
EXC,49.060,48.719,1.006998
EXEL,20.980,21.841,0.960559
EXFO,3.830,3.815,1.003841
EXK,1.750,2.185,0.800734
EXLS,65.730,60.514,1.086193
EXP,85.360,81.082,1.052760
EXPD,74.150,74.006,1.001949
EXPE,134.580,123.296,1.091517
EXPI,10.580,10.532,1.004581
EXPO,60.150,55.823,1.077509
EXPR,2.600,4.086,0.636326
EXR,110.860,101.411,1.093178
EXTN,13.200,16.002,0.824878
EXTR,6.770,6.935,0.976224
EYE,31.420,30.107,1.043613
EYEG,0.237,0.351,0.675493
EYEN,2.850,4.869,0.585277
EYES,0.773,0.827,0.934247
EYPT,1.520,1.996,0.761337
EZPW,9.620,9.614,1.000587
F,10.490,9.321,1.125453
FAF,54.780,52.308,1.047266
FAMI,1.700,2.940,0.578306
FANG,110.830,103.855,1.067165
FANH,33.230,27.155,1.223721
FARM,17.050,21.035,0.810567
FARO,49.100,47.633,1.030807
FAST,30.950,31.658,0.977627
FAT,3.900,5.035,0.774597
FATE,21.540,17.252,1.248574
FB,204.870,173.509,1.180745
FBC,33.520,32.481,1.031998
FBHS,56.130,49.223,1.140325
FBIO,1.540,1.732,0.889232
FBIOP,21.280,19.605,1.085464
FBIZ,24.370,22.139,1.100772
FBK,37.190,35.049,1.061088
FBM,17.550,12.480,1.406198
FBMS,30.270,31.035,0.975335
FBNC,36.120,36.655,0.985414
FBP,11.130,10.710,1.039238
FBSS,21.070,20.880,1.009100
FC,34.990,27.921,1.253169
FCAP,52.320,49.528,1.056380
FCAU,14.130,14.886,0.949193
FCBC,33.180,33.967,0.976836
FCBP,22.700,21.796,1.041452
FCCO,19.640,19.119,1.027275
FCCY,18.120,18.683,0.969883
FCEL,0.720,3.486,0.206521
FCF,13.310,13.296,1.001062
FCFS,103.080,90.470,1.139379
FCN,91.940,77.385,1.188087
FCNCA,460.460,429.189,1.072860
FCPT,27.740,28.167,0.984845
FCSC,1.850,2.013,0.919246
FCX,11.020,11.845,0.930353
FDBC,66.750,60.582,1.101814
FDC,28.020,25.233,1.110435
FDEF,27.830,28.763,0.967563
FDP,24.360,28.225,0.863054
FDS,296.520,254.312,1.165968
FDX,167.470,175.171,0.956038
FE,43.410,41.132,1.055383
FEDU,1.850,2.128,0.869498
FEIM,11.680,11.680,0.999987
FELE,45.260,48.213,0.938750
FELP,0.673,2.041,0.329785
FENC,4.250,5.277,0.805437
FENG,2.960,3.824,0.774003
FET,3.010,4.990,0.603216
FEYE,15.760,16.024,0.983541
FF,11.860,14.449,0.820809
FFBC,24.350,24.935,0.976547
FFBW,10.200,10.551,0.966708
FFG,63.550,65.998,0.962903
FFHL,1.920,2.280,0.842218
FFIC,22.430,22.286,1.006439
FFIN,30.610,30.333,1.009128
FFIV,145.560,154.481,0.942253
FFNW,14.170,15.626,0.906833
FFWM,14.120,14.107,1.000901
FG,8.320,8.201,1.014502
FGBI,21.320,21.161,1.007501
FGEN,45.600,48.711,0.936140
FGP,0.960,1.202,0.798882
FHB,25.740,26.164,0.983804
FHL,10.900,9.903,1.100671
FHN,15.100,14.655,1.030357
FI,5.910,6.042,0.978192
FIBK,39.420,39.953,0.986654
FICO,344.430,269.083,1.280014
FII,33.800,29.999,1.126695
FIS,129.360,113.304,1.141710
FISI,28.330,28.057,1.009729
FISV,94.510,85.921,1.099968
FIT,4.460,5.471,0.815220
FITB,28.200,27.145,1.038876
FITBI,28.220,27.757,1.016685
FIVE,128.260,126.832,1.011256
FIVN,53.510,51.041,1.048365
FIX,52.910,50.887,1.039760
FIXX,19.510,23.000,0.848244
FIZZ,42.160,59.768,0.705396
FL,41.870,54.175,0.772871
FLDM,11.040,11.691,0.944335
FLEX,9.900,9.880,1.002063
FLGT,6.300,5.436,1.158962
FLIC,21.820,21.978,0.992827
FLIR,54.910,49.982,1.098603
FLKS,0.810,0.431,1.877455
FLL,1.870,2.151,0.869551
FLMN,7.840,8.194,0.956792
FLNT,5.810,5.435,1.068990
FLO,23.320,21.317,1.093942
FLOW,39.120,35.311,1.107868
FLR,32.880,34.846,0.943577
FLS,52.790,46.989,1.123456
FLT,292.160,243.777,1.198473
FLWS,19.180,17.809,1.076983
FLXN,10.790,12.350,0.873684
FLXS,17.100,21.995,0.777445
FMAO,28.900,30.338,0.952595
FMBH,34.470,34.002,1.013767
FMBI,20.620,21.230,0.971278
FMC,83.260,76.658,1.086119
FMCI,10.050,9.925,1.012583
FMNB,14.700,14.064,1.045241
FMS,39.320,38.621,1.018107
FMX,97.420,94.397,1.032029
FN,52.060,53.535,0.972456
FNB,11.750,11.555,1.016893
FNCB,7.890,7.962,0.990997
FND,43.690,38.951,1.121666
FNF,41.650,37.435,1.112603
FNHC,13.090,16.425,0.796961
FNJN,2.290,2.796,0.819130
FNKO,21.530,20.055,1.073533
FNLC,25.920,26.016,0.996320
FNSR,23.210,22.916,1.012808
FNV,85.790,75.630,1.134344
FNWB,16.150,15.927,1.013990
FOCS,29.250,31.886,0.917334
FOE,15.040,16.761,0.897330
FOLD,12.400,12.474,0.994046
FOMX,2.350,3.284,0.715581
FONR,21.840,21.082,1.035941
FOR,20.360,17.668,1.152385
FORD,1.150,1.431,0.803595
FORK,2.010,2.572,0.781628
FORM,15.490,15.757,0.983058
FORR,47.880,47.466,1.008728
FORTY,53.160,44.708,1.189051
FOSL,11.480,13.832,0.829965
FOX,36.960,41.050,0.900365
FOXA,36.960,41.357,0.893680
FOXF,80.940,69.989,1.156467
FPAC,10.300,9.961,1.034034
FPAY,1.470,0.898,1.637779
FPH,7.820,7.763,1.007405
FPI,6.540,6.138,1.065517
FPRX,5.660,10.181,0.555934
FR,37.330,34.546,1.080587
FRAC,6.840,9.509,0.719283
FRAF,37.210,36.811,1.010846
FRAN,4.110,8.031,0.511753
FRBK,4.870,5.536,0.879631
FRD,6.250,7.465,0.837219
FRED,0.400,1.779,0.224902
FRGI,11.480,13.920,0.824699
FRME,37.880,37.516,1.009689
FRO,8.040,7.064,1.138219
FRPH,50.590,49.781,1.016244
FRPT,45.510,42.349,1.074630
FRSX,2.030,1.477,1.374415
FRT,131.350,132.015,0.994964
FRTA,5.490,4.878,1.125440
FSB,28.550,29.196,0.977867
FSBC,17.330,17.496,0.990515
FSBW,50.010,49.798,1.004249
FSCT,38.200,36.483,1.047053
FSFG,59.530,55.048,1.081416
FSI,4.190,2.628,1.594623
FSLR,65.980,56.287,1.172214
FSLY,21.080,0.000,
FSM,2.800,3.251,0.861275
FSP,7.650,7.418,1.031273
FSS,26.760,24.781,1.079867
FSTR,26.560,20.842,1.274379
FSV,96.100,87.457,1.098822
FTAC,9.990,0.000,
FTCH,19.960,22.670,0.880476
FTDR,45.320,35.332,1.282707
FTEK,1.420,1.633,0.869455
FTEO,6.510,9.940,0.654907
FTFT,1.220,1.059,1.152271
FTI,25.780,23.348,1.104166
FTK,3.210,3.096,1.036914
FTNT,84.710,81.167,1.043651
FTNW,1.210,1.583,0.764508
FTR,1.710,2.195,0.779084
FTS,39.960,36.956,1.081283
FTSI,5.510,8.407,0.655422
FTSV,10.280,14.914,0.689294
FTV,81.310,80.131,1.014708
FUL,47.020,47.034,0.999701
FULT,16.450,16.406,1.002666
FUN,50.240,52.361,0.959500
FUNC,19.730,17.911,1.101582
FUND,6.760,6.703,1.008519
FUSB,9.000,9.555,0.941964
FUV,3.210,3.676,0.873127
FVCB,19.500,17.572,1.109733
FVE,0.460,0.697,0.660022
FVRR,23.480,0.000,
FWONA,36.400,34.281,1.061825
FWONK,38.370,35.240,1.088827
FWP,0.970,1.125,0.862316
FWRD,59.580,61.294,0.972044
FXNC,19.480,20.373,0.956147
G,38.580,34.429,1.120572
GABC,29.850,29.839,1.000368
GAIA,7.000,9.348,0.748847
GALT,3.920,4.533,0.864788
GASS,3.600,3.318,1.084936
GATX,77.230,75.608,1.021446
GBCI,40.280,41.444,0.971916
GBL,20.210,19.768,1.022374
GBLI,27.240,32.254,0.844551
GBR,1.840,1.902,0.967294
GBT,57.050,53.710,1.062177
GBX,28.960,35.191,0.822938
GCAP,4.050,5.590,0.724518
GCBC,28.490,30.387,0.937574
GCI,8.140,9.744,0.835388
GCO,42.870,44.791,0.957114
GCP,22.000,26.659,0.825232
GD,185.840,171.431,1.084049
GDDY,73.000,72.963,1.000509
GDEN,14.660,15.876,0.923431
GDI,33.260,29.255,1.136898
GDOT,49.000,60.861,0.805109
GDP,11.390,13.029,0.874219
GDS,38.970,33.901,1.149529
GE,10.370,9.744,1.064281
GEC,4.230,3.849,1.099028
GEL,23.010,22.018,1.045053
GEMP,0.720,1.092,0.659465
GEN,1.230,1.369,0.898762
GENC,12.950,12.681,1.021226
GENE,0.630,0.790,0.797083
GEO,19.080,21.242,0.898202
GEOS,15.910,14.331,1.110169
GERN,1.340,1.509,0.887866
GES,16.550,18.969,0.872465
GEVO,2.280,2.278,1.000838
GFED,23.300,22.850,1.019714
GFF,16.130,16.655,0.968498
GFI,5.170,4.158,1.243268
GFN,7.650,9.211,0.830536
GFNCP,103.500,102.072,1.013994
GGAL,37.860,29.598,1.279120
GGB,3.890,3.886,1.001022
GGG,51.050,48.183,1.059494
GH,86.400,67.949,1.271542
GHC,739.280,687.468,1.075366
GHDX,56.280,66.050,0.852077
GHG,12.640,12.903,0.979590
GHL,14.380,20.973,0.685642
GHM,19.550,21.211,0.921682
GHSI,0.990,0.000,
GIB,78.300,70.147,1.116222
GIFI,6.950,8.642,0.804228
GIG,10.420,10.241,1.017495
GIGM,2.520,2.630,0.958314
GIII,28.400,34.109,0.832619
GIL,39.540,36.109,1.095008
GILD,66.260,66.255,1.000068
GILT,8.750,8.759,0.998989
GIS,53.440,49.045,1.089614
GKOS,75.160,70.102,1.072149
GLAC,10.170,10.090,1.007932
GLAD,9.510,9.111,1.043847
GLADN,25.919,25.371,1.021615
GLBS,2.340,3.233,0.723791
GLBZ,10.440,10.924,0.955663
GLDD,11.770,9.262,1.270849
GLDI,8.950,8.660,1.033519
GLG,0.430,1.402,0.306792
GLIBA,64.600,55.749,1.158768
GLIBP,25.364,25.074,1.011579
GLMD,6.820,7.561,0.902034
GLNG,18.570,20.319,0.913943
GLOB,107.770,79.674,1.352635
GLOG,14.900,16.102,0.925356
GLOP,21.680,21.636,1.002050
GLOW,1.070,1.313,0.814752
GLP,20.090,19.291,1.041443
GLPG,145.750,112.067,1.300565
GLPI,39.290,38.229,1.027762
GLRE,8.550,10.363,0.825071
GLT,16.380,14.388,1.138484
GLUU,7.330,9.176,0.798860
GLW,33.010,32.556,1.013939
GLYC,12.660,11.764,1.076160
GM,39.210,37.854,1.035825
GMDA,4.750,9.603,0.494658
GME,4.910,9.707,0.505819
GMED,41.350,44.173,0.936094
GMHI,10.060,0.000,
GMHIW,1.280,0.000,
GMLP,11.740,12.440,0.943759
GMLPP,25.150,24.839,1.012500
GMO,0.360,0.273,1.316583
GMRE,10.780,10.212,1.055638
GMS,22.950,18.367,1.249553
GNC,1.800,2.304,0.781105
GNCA,3.530,5.027,0.702149
GNE,11.090,9.048,1.225693
GNFT,18.710,25.553,0.732191
GNK,10.910,8.336,1.308764
GNL,19.100,19.136,0.998141
GNLN,7.770,0.000,
GNMK,6.440,6.827,0.943268
GNMX,0.180,0.206,0.872687
GNPX,1.120,1.571,0.712776
GNRC,70.520,56.476,1.248675
GNTX,23.880,21.969,1.086990
GNTY,30.440,29.633,1.027235
GNUS,1.220,1.967,0.620174
GNW,3.920,3.935,0.996120
GOGL,6.500,5.408,1.201954
GOGO,4.540,4.524,1.003628
GOL,20.980,14.021,1.496360
GOLD,16.510,13.297,1.241660
GOLF,26.740,24.318,1.099593
GOOD,21.390,20.817,1.027521
GOODM,25.633,25.368,1.010457
GOODO,27.000,26.532,1.017622
GOODP,26.830,26.390,1.016685
GOOG,1144.900,1139.027,1.005156
GOOGL,1145.340,1144.113,1.001072
GOOS,43.790,47.561,0.920707
GORO,3.340,3.806,0.877643
GOSS,20.650,0.000,
GPAQ,10.330,10.232,1.009622
GPC,105.410,103.760,1.015902
GPI,81.550,69.219,1.178143
GPK,14.170,12.913,1.097333
GPL,0.760,0.825,0.921766
GPMT,19.150,18.979,1.009001
GPN,164.220,137.724,1.192389
GPOR,4.260,6.978,0.610495
GPP,14.230,15.062,0.944750
GPRE,10.730,14.657,0.732091
GPRK,18.430,17.372,1.060927
GPRO,5.480,5.975,0.917161
GPS,18.660,23.533,0.792943
GPX,15.940,14.296,1.114971
GRA,77.520,74.675,1.038095
GRAF,9.970,9.861,1.011094
GRAM,3.070,3.202,0.958712
GRBK,9.730,8.857,1.098516
GRC,31.390,33.028,0.950403
GRFS,21.380,19.270,1.109514
GRIF,36.430,35.551,1.024723
GRIN,6.060,5.464,1.109025
GRMN,79.790,78.928,1.010916
GRNQ,1.188,2.425,0.489949
GROW,1.680,1.250,1.344000
GRPN,3.480,3.531,0.985580
GRSH,10.060,9.909,1.015266
GRTS,11.120,12.258,0.907150
GRUB,75.860,72.964,1.039692
GRVY,42.570,58.389,0.729077
GS,213.940,196.695,1.087677
GSAT,0.430,0.537,0.801394
GSB,9.540,7.061,1.351143
GSBC,59.400,55.454,1.071156
GSH,16.770,19.294,0.869201
GSHD,46.000,32.995,1.394152
GSIT,8.400,7.952,1.056381
GSK,40.420,40.145,1.006853
GSKY,11.780,12.241,0.962328
GSL,7.880,4.118,1.913579
GSM,1.660,2.070,0.801992
GSS,4.230,3.821,1.107020
GSUM,2.750,3.093,0.889190
GSV,0.990,1.108,0.893859
GSX,9.120,1.927,4.733908
GT,15.140,17.891,0.846250
GTE,1.630,2.189,0.744760
GTES,11.220,14.046,0.798815
GTHX,26.830,20.604,1.302191
GTIM,2.040,2.307,0.884286
GTLS,74.010,81.147,0.912048
GTN,18.530,19.179,0.966145
GTS,24.740,22.862,1.082149
GTT,15.120,29.369,0.514832
GTX,14.550,16.003,0.909197
GTY,30.910,31.910,0.968657
GTYH,6.680,8.926,0.748355
GURE,0.930,1.106,0.840671
GV,2.340,2.478,0.944450
GVA,43.380,44.295,0.979334
GVP,2.200,2.640,0.833406
GWB,35.910,34.310,1.046629
GWGH,7.650,10.622,0.720198
GWPH,172.450,162.863,1.058863
GWR,109.600,88.044,1.244831
GWRE,101.810,96.481,1.055230
GWRS,10.670,9.769,1.092238
GWW,269.200,287.529,0.936253
GYRO,18.610,18.772,0.991375
H,77.580,73.586,1.054270
HA,27.630,28.064,0.984526
HABT,10.070,10.892,0.924562
HAE,122.500,96.487,1.269605
HAFC,22.120,22.006,1.005200
HAIN,21.390,20.766,1.030029
HAIR,0.590,0.686,0.860116
HAL,23.750,27.729,0.856508
HALL,14.860,11.348,1.309480
HALO,16.580,16.268,1.019207
HARP,14.970,0.000,
HAS,109.270,94.104,1.161163
HASI,28.050,25.327,1.107513
HAYN,31.370,32.251,0.972669
HBAN,13.870,13.476,1.029241
HBANN,25.960,26.111,0.994203
HBANO,26.220,26.100,1.004616
HBB,16.220,21.347,0.759814
HBCP,36.870,35.921,1.026430
HBI,16.380,16.987,0.964270
HBIO,1.870,3.177,0.588587
HBM,4.900,6.013,0.814873
HBMD,14.900,14.184,1.050470
HBNC,16.300,16.452,0.990762
HBP,2.690,2.643,1.017733
HCA,141.510,130.937,1.080751
HCAC,9.930,0.000,
HCC,25.110,27.831,0.902222
HCCH,10.120,9.972,1.014826
HCCI,26.700,26.135,1.021638
HCFT,3.430,3.417,1.003865
HCHC,2.250,2.749,0.818432
HCI,40.960,43.480,0.942042
HCKT,16.690,16.628,1.003700
HCM,22.180,8.185,2.709673
HCP,32.570,30.963,1.051899
HCR,2.330,3.545,0.657242
HCSG,30.390,35.216,0.862959
HD,218.230,193.334,1.128772
HDB,125.950,113.516,1.109533
HDS,40.580,42.222,0.961100
HDSN,0.720,1.459,0.493538
HE,44.580,40.345,1.104975
HEAR,10.420,12.627,0.825244
HEB,4.120,7.214,0.571144
HEBT,1.440,0.985,1.462337
HEI,136.010,102.298,1.329544
HELE,147.280,124.080,1.186972
HEP,28.720,28.199,1.018492
HES,63.130,59.034,1.069380
HESM,20.880,20.955,0.996430
HEXO,4.850,6.260,0.774789
HF,45.600,44.432,1.026284
HFBC,19.510,19.466,1.002259
HFBL,32.280,32.325,0.998609
HFC,48.540,48.700,0.996705
HFFG,18.810,15.086,1.246830
HFWA,29.640,30.645,0.967199
HGSH,0.870,1.001,0.869403
HGV,32.120,30.370,1.057609
HHC,129.610,109.678,1.181734
HHHH,10.054,0.000,
HHR,17.950,0.000,
HHS,2.810,3.273,0.858606
HI,33.870,41.072,0.824653
HIBB,20.260,19.389,1.044934
HIG,57.490,50.755,1.132689
HIHO,2.460,2.990,0.822701
HII,234.670,211.493,1.109586
HIIQ,22.990,29.882,0.769358
HIL,2.520,2.894,0.870891
HIMX,3.120,3.497,0.892168
HIVE,4.420,3.914,1.129178
HIW,43.890,44.523,0.985775
HJLI,1.000,1.683,0.594172
HK,0.210,1.090,0.192701
HL,1.730,2.131,0.811916
HLF,41.570,51.523,0.806827
HLG,55.950,45.981,1.216795
HLI,43.450,45.496,0.955032
HLIO,46.720,43.696,1.069203
HLIT,7.680,5.504,1.395337
HLNE,58.620,46.867,1.250775
HLT,99.540,85.904,1.158740
HLTH,0.150,0.291,0.515883
HLX,8.380,7.575,1.106254
HMC,26.480,27.269,0.971077
HMG,13.170,13.982,0.941906
HMHC,5.370,7.610,0.705693
HMI,10.510,11.846,0.887246
HMLP,17.750,18.185,0.976094
HMN,41.860,39.194,1.068017
HMNF,20.510,21.100,0.972020
HMST,29.300,27.631,1.060421
HMSY,33.410,30.973,1.078685
HMTV,12.950,13.661,0.947933
HMY,2.380,1.929,1.233551
HNGR,17.150,19.453,0.881596
HNI,34.660,37.037,0.935824
HNNA,9.450,9.963,0.948512
HNP,23.770,24.474,0.971245
HNRG,5.840,5.432,1.075113
HOFT,21.350,27.660,0.771883
HOG,36.630,36.383,1.006785
HOLI,18.500,19.916,0.928893
HOLX,47.320,45.934,1.030171
HOMB,19.570,18.683,1.047499
HOME,6.750,19.020,0.354881
HON,177.140,160.350,1.104711
HONE,18.960,17.303,1.095751
HOOK,8.210,0.000,
HOPE,14.080,13.823,1.018600
HOS,1.210,1.417,0.853719
HOTH,5.230,0.000,
HOV,9.170,13.696,0.669556
HOVNP,3.150,2.967,1.061588
HP,52.150,54.595,0.955214
HPE,14.910,15.290,0.975172
HPJ,4.430,3.249,1.363397
HPP,34.980,33.547,1.042706
HPQ,21.230,20.511,1.035078
HPR,1.690,2.392,0.706391
HPT,24.800,25.995,0.954039
HQY,71.670,69.832,1.026318
HR,32.570,31.653,1.028966
HRB,28.330,25.962,1.091227
HRC,104.010,101.453,1.025206
HRL,41.010,41.639,0.984892
HROW,7.640,5.927,1.288978
HRS,184.960,169.129,1.093606
HRTG,16.040,14.833,1.081347
HRTX,18.520,22.670,0.816930
HSBC,41.630,41.775,0.996526
HSC,25.250,23.290,1.084163
HSDT,2.350,4.889,0.480693
HSGX,0.200,0.168,1.187562
HSIC,70.580,63.748,1.107170
HSII,29.700,35.200,0.843755
HSKA,80.770,83.768,0.964205
HSON,11.680,14.447,0.808492
HST,18.200,18.663,0.975209
HSTM,26.160,26.305,0.994506
HSY,137.170,119.625,1.146670
HT,16.560,17.798,0.930465
HTA,27.850,28.019,0.993963
HTBI,25.280,25.851,0.977901
HTBK,12.220,12.655,0.965594
HTBX,0.670,1.099,0.609768
HTGM,1.520,2.312,0.657552
HTH,21.740,19.556,1.111673
HTHT,34.670,35.906,0.965582
HTLD,18.600,19.407,0.958423
HTLF,44.440,45.236,0.982404
HTZ,15.290,14.920,1.024827
HUBB,128.000,119.347,1.072505
HUBG,39.580,42.246,0.936893
HUBS,179.710,167.973,1.069872
HUD,14.000,14.324,0.977383
HUM,291.250,270.348,1.077317
HUN,20.330,21.656,0.938772
HURC,35.060,38.523,0.910103
HURN,53.600,49.309,1.087021
HUSA,0.230,0.223,1.030790
HUYA,24.100,22.953,1.049962
HVBC,14.270,15.592,0.915221
HVT,18.000,20.443,0.880495
HWBK,25.630,24.411,1.049924
HWC,39.510,41.063,0.962179
HWCC,5.080,5.797,0.876266
HWKN,42.540,39.708,1.071324
HX,2.370,2.817,0.841451
HXL,81.360,70.956,1.146626
HY,54.490,61.109,0.891680
HYGS,14.890,9.100,1.636236
HYRE,3.350,4.770,0.702362
HZN,3.580,2.802,1.277492
HZNP,23.460,24.583,0.954334
HZO,17.000,18.040,0.942350
I,19.880,20.254,0.981554
IAC,232.130,216.732,1.071046
IAG,3.550,3.208,1.106550
IART,54.230,51.571,1.051557
IBA,53.120,48.343,1.098826
IBCP,21.900,22.053,0.993060
IBIO,0.710,0.829,0.855973
IBKC,77.040,75.311,1.022959
IBM,142.740,136.105,1.048753
IBN,12.320,11.111,1.108804
IBOC,37.930,38.532,0.984377
IBP,57.590,48.690,1.182791
IBTX,56.360,54.297,1.037986
ICAD,6.550,5.366,1.220729
ICBK,17.500,17.741,0.986422
ICCC,6.040,6.712,0.899821
ICCH,13.460,13.915,0.967278
ICD,1.270,2.733,0.464760
ICE,91.550,79.160,1.156512
ICFI,81.140,73.262,1.107539
ICHR,23.970,22.113,1.083971
ICL,5.140,5.402,0.951556
ICLK,3.670,4.176,0.878928
ICLR,149.040,139.478,1.068558
ICON,0.920,1.514,0.607613
ICPT,69.710,97.746,0.713176
ICUI,248.800,236.765,1.050830
IDA,103.690,99.464,1.042491
IDCC,66.710,67.923,0.982135
IDEX,2.300,1.688,1.362239
IDN,5.500,3.626,1.516906
IDRA,2.540,2.792,0.909722
IDSA,0.930,1.233,0.754505
IDSY,5.790,5.835,0.992294
IDT,11.260,7.317,1.538861
IDXG,0.700,0.825,0.848367
IDXX,284.240,231.127,1.229800
IDYA,8.600,0.000,
IEA,2.750,5.277,0.521089
IEC,5.590,6.875,0.813123
IEP,74.510,71.550,1.041372
IESC,18.470,17.976,1.027457
IEX,170.830,151.236,1.129558
IFF,143.260,136.349,1.050686
IFMK,1.510,1.147,1.316460
IGC,1.560,1.340,1.163980
IGLD,0.330,0.602,0.547770
IGT,13.520,14.398,0.939008
IHC,36.510,37.225,0.980787
IHG,68.930,62.894,1.095973
IHT,1.540,1.634,0.942578
III,2.930,3.688,0.794482
IIIN,21.380,20.997,1.018262
IIIV,28.270,24.378,1.159641
IIN,20.840,25.012,0.833201
IIPR,126.080,83.729,1.505814
IIVI,36.730,36.815,0.997678
IKNX,7.290,7.948,0.917201
ILMN,305.050,316.410,0.964096
ILPT,20.950,20.312,1.031388
IMAC,3.561,0.000,
IMAX,20.420,21.906,0.932183
IMGN,2.440,3.244,0.752253
IMH,3.110,3.673,0.846725
IMI,1.160,1.125,1.031566
IMKTA,32.290,29.565,1.092185
IMMP,1.730,2.038,0.848961
IMMR,7.420,8.704,0.852447
IMMU,14.670,15.492,0.946923
IMO,28.570,27.688,1.031849
IMOS,16.250,16.342,0.994348
IMRN,2.940,5.684,0.517225
IMTE,8.020,9.125,0.878948
IMUX,13.920,11.113,1.252615
IMV,3.820,4.191,0.911562
IMXI,14.430,12.235,1.179433
INAP,3.250,4.376,0.742669
INBK,20.860,21.165,0.985602
INCY,80.100,81.237,0.986008
INDB,73.360,78.381,0.935947
INFI,1.650,1.554,1.061693
INFN,2.870,4.095,0.700835
INFO,65.570,55.724,1.176688
INFU,4.610,4.348,1.060254
INFY,11.400,10.612,1.074226
ING,11.660,11.997,0.971871
INGN,62.680,97.246,0.644548
INGR,81.800,89.596,0.912989
INMB,9.630,0.000,
INN,11.490,11.466,1.002131
INNT,1.100,1.770,0.621348
INO,2.990,3.689,0.810617
INOD,1.110,1.242,0.893786
INOV,14.930,13.634,1.095047
INPX,0.516,1.228,0.420303
INS,38.150,28.210,1.352379
INSE,8.780,7.271,1.207567
INSG,5.150,4.911,1.048652
INSM,22.720,26.912,0.844241
INSP,67.150,54.940,1.222232
INST,43.350,42.756,1.013899
INSU,9.850,0.000,
INSUU,10.330,0.000,
INSUW,0.930,0.000,
INSW,19.460,18.167,1.071163
INT,35.970,29.454,1.221228
INTC,49.920,50.088,0.996639
INTG,30.160,31.084,0.970277
INTL,38.860,38.919,0.998486
INTT,4.610,6.337,0.727489
INTU,281.650,245.591,1.146827
INUV,0.280,1.060,0.264132
INVA,14.140,15.077,0.937856
INVE,4.650,5.097,0.912352
INVH,27.920,24.314,1.148315
INWK,3.540,4.025,0.879495
INXN,76.960,67.655,1.137528
IO,9.780,11.058,0.884390
IONS,65.520,67.697,0.967841
IOR,12.510,11.361,1.101166
IOSP,92.400,80.682,1.145231
IOTS,8.430,6.544,1.288269
IOVA,23.910,13.296,1.798333
IP,42.770,45.179,0.946674
IPAR,64.720,69.627,0.929529
IPDN,2.610,2.334,1.118267
IPG,23.770,22.336,1.064193
IPGP,140.670,147.005,0.956907
IPHI,58.750,44.202,1.329140
IPHS,27.900,29.916,0.932615
IPI,3.410,3.484,0.978833
IPIC,2.600,4.397,0.591343
IPLDP,25.250,25.154,1.003824
IPOA,10.630,10.226,1.039496
IPWR,0.340,0.386,0.879872
IQ,19.650,21.383,0.918941
IQV,157.360,138.798,1.133732
IR,126.620,111.937,1.131167
IRBT,90.820,103.320,0.879015
IRCP,21.150,20.248,1.044551
IRDM,24.460,23.366,1.046815
IRET,60.310,59.084,1.020751
IRIX,3.950,4.715,0.837840
IRM,30.170,33.859,0.891060
IRMD,18.060,24.474,0.737929
IROQ,21.040,20.456,1.028525
IRS,10.520,11.383,0.924175
IRT,11.950,10.745,1.112181
IRTC,80.160,79.219,1.011879
IRWD,10.460,11.181,0.935520
ISBC,11.240,11.669,0.963242
ISCA,45.350,43.941,1.032068
ISDR,10.360,12.165,0.851647
ISEE,1.190,1.378,0.863504
ISIG,1.030,1.243,0.828401
ISNS,4.800,5.038,0.952785
ISR,0.410,0.407,1.006937
ISRG,526.250,525.047,1.002292
ISRL,120.760,116.374,1.037685
ISSC,4.640,3.455,1.343055
ISTR,23.820,23.455,1.015548
IT,170.240,149.440,1.139184
ITCB,12.220,13.276,0.920482
ITCI,11.190,12.790,0.874913
ITGR,82.330,78.653,1.046752
ITI,5.680,4.539,1.251291
ITIC,156.910,165.177,0.949952
ITMR,9.890,7.341,1.347316
ITP,0.680,0.871,0.780650
ITRI,61.810,54.974,1.124344
ITRM,6.638,6.771,0.980332
ITRN,30.480,33.701,0.904418
ITT,65.010,58.511,1.111068
ITUB,9.750,9.201,1.059659
ITW,151.480,145.318,1.042403
IVAC,4.980,5.456,0.912803
IVC,4.610,6.763,0.681652
IVR,16.390,16.018,1.023198
IVZ,20.130,19.844,1.014414
IX,76.710,72.860,1.052839
IZEA,0.520,1.080,0.481645
JACK,78.460,80.425,0.975569
JAG,8.750,9.924,0.881697
JAGX,3.200,14.281,0.224075
JAKK,0.880,1.242,0.708456
JASN,0.520,1.435,0.362302
JAX,11.290,10.057,1.122616
JAZZ,133.130,133.117,1.000096
JBGS,39.550,40.268,0.982173
JBHT,92.940,98.435,0.944181
JBL,30.760,28.019,1.097817
JBLU,18.870,17.628,1.070437
JBSS,80.810,72.269,1.118182
JBT,124.130,98.362,1.261972
JCAP,20.700,21.138,0.979285
JCI,41.540,36.870,1.126666
JCOM,89.340,83.854,1.065419
JCP,1.160,1.288,0.900290
JCS,3.140,2.739,1.146369
JCTCF,8.750,7.854,1.114108
JD,31.080,27.482,1.130924
JE,4.350,3.663,1.187559
JEC,85.210,74.146,1.149221
JEF,21.370,19.566,1.092195
JELD,21.320,19.317,1.103681
JFIN,9.320,0.000,
JFK,9.920,0.000,
JFKKU,10.570,0.000,
JFKKW,0.300,0.000,
JG,5.840,7.214,0.809498
JHG,23.030,22.969,1.002652
JHX,13.260,12.647,1.048443
JILL,2.260,4.301,0.525437
JJSF,163.890,156.924,1.044394
JKHY,139.910,135.629,1.031561
JKS,20.090,18.639,1.077852
JLL,138.590,146.013,0.949165
JMEI,2.420,2.418,1.001010
JMIA,24.540,0.000,
JMP,3.890,4.076,0.954449
JMU,1.250,1.342,0.931642
JNCE,4.440,5.055,0.878305
JNJ,134.300,136.626,0.982978
JNPR,26.980,26.831,1.005562
JOB,0.710,1.204,0.589679
JOBS,76.950,75.053,1.025270
JOE,17.820,16.257,1.096121
JOUT,74.390,71.704,1.037453
JP,2.360,3.560,0.663007
JPM,115.300,107.301,1.074547
JRJC,0.840,1.132,0.741859
JRSH,7.000,6.961,1.005538
JRVR,47.860,41.894,1.142404
JT,4.030,5.146,0.783198
JVA,4.250,5.232,0.812252
JWN,31.360,40.768,0.769238
JYNT,19.410,14.306,1.356749
K,54.550,56.571,0.964272
KAI,88.990,88.266,1.008198
KALA,6.270,6.854,0.914788
KALU,93.990,99.429,0.945302
KALV,17.310,22.377,0.773569
KAMN,61.490,59.702,1.029949
KAR,24.840,20.585,1.206697
KB,37.260,39.327,0.947446
KBAL,17.510,15.544,1.126504
KBH,26.370,24.197,1.089793
KBLM,10.460,10.349,1.010753
KBR,25.320,20.651,1.226064
KBSF,2.630,3.542,0.742586
KDMN,2.440,2.363,1.032429
KDP,28.730,27.915,1.029180
KE,15.360,15.773,0.973832
KEG,2.890,2.952,0.978952
KELYA,26.130,23.659,1.104431
KELYB,25.490,23.159,1.100655
KEM,18.130,18.009,1.006710
KEN,20.350,19.319,1.053372
KEP,10.860,13.055,0.831887
KEQU,18.560,24.349,0.762254
KEX,75.660,76.748,0.985826
KEY,17.870,16.893,1.057860
KEYS,91.370,82.288,1.110364
KFFB,7.560,7.629,0.990994
KFRC,35.790,35.408,1.010788
KFS,2.600,2.463,1.055600
KFY,39.490,45.257,0.872578
KGC,4.050,3.393,1.193803
KGJI,0.610,0.776,0.785820
KHC,30.800,35.591,0.865382
KIDS,35.540,39.116,0.908568
KIM,18.400,17.741,1.037159
KIN,7.870,9.273,0.848657
KINS,8.790,13.061,0.672973
KIQ,1.430,0.979,1.461118
KIRK,1.780,6.827,0.260737
KKR,26.790,23.613,1.134527
KL,42.920,33.935,1.264778
KLAC,122.920,112.561,1.092033
KLDO,8.870,0.000,
KLIC,21.670,22.078,0.981533
KLXE,18.790,24.982,0.752128
KMB,138.760,123.875,1.120165
KMDA,5.870,5.683,1.032993
KMI,21.290,19.600,1.086216
KMPH,1.610,1.908,0.844018
KMPR,88.590,81.919,1.081428
KMT,34.810,36.383,0.956758
KMX,88.940,71.409,1.245503
KN,17.970,16.730,1.074148
KNDI,5.130,5.624,0.912229
KNL,23.500,20.557,1.143170
KNOP,20.090,19.111,1.051248
KNSA,13.770,17.044,0.807900
KNSL,95.980,73.168,1.311770
KNX,33.530,32.033,1.046724
KO,52.120,48.202,1.081280
KOD,14.000,8.509,1.645360
KODK,2.530,2.739,0.923692
KOF,62.070,63.361,0.979628
KOOL,3.530,3.090,1.142310
KOP,27.800,26.038,1.067676
KOPN,1.160,1.273,0.911304
KOS,5.840,5.999,0.973569
KOSS,1.980,2.027,0.976655
KPFS,3.010,4.283,0.702820
KPTI,8.030,6.402,1.254200
KR,21.890,25.525,0.857600
KRA,30.090,30.321,0.992369
KRC,76.930,74.229,1.036382
KREF,20.140,20.217,0.996190
KRG,15.350,15.814,0.970689
KRNT,31.020,25.001,1.240739
KRNY,13.570,13.320,1.018734
KRO,14.160,13.953,1.014837
KRP,15.890,17.016,0.933813
KRYS,47.000,29.403,1.598478
KSS,48.710,62.864,0.774842
KSU,122.770,114.787,1.069542
KT,12.040,12.813,0.939644
KTB,33.500,600.097,0.055824
KTCC,4.980,5.842,0.852383
KTOS,24.060,17.831,1.349359
KTOV,0.970,1.092,0.888030
KURA,20.150,16.325,1.234271
KVHI,10.390,10.422,0.996975
KW,20.800,20.822,0.998948
KWR,186.720,200.842,0.929684
KXIN,1.740,7.056,0.246616
KZIA,2.850,3.163,0.900941
KZR,7.150,16.798,0.425646
L,55.380,49.794,1.112180
LABL,50.010,48.684,1.027233
LAC,3.940,3.795,1.038344
LACQ,10.150,10.035,1.011434
LAD,119.250,100.756,1.183551
LADR,17.000,16.891,1.006444
LAIX,10.050,10.510,0.956218
LAKE,11.050,11.629,0.950198
LAMR,80.970,78.623,1.029853
LANC,148.000,154.485,0.958022
LAND,11.660,12.176,0.957634
LANDP,25.870,25.742,1.004965
LARK,23.350,23.781,0.981858
LASR,16.390,20.952,0.782256
LAUR,16.060,15.572,1.031362
LAWS,36.620,32.629,1.122327
LAZ,35.620,36.588,0.973547
LAZY,5.250,5.393,0.973530
LB,26.500,25.851,1.025091
LBAI,16.320,15.909,1.025829
LBC,11.200,10.289,1.088581
LBRDA,107.030,92.919,1.151862
LBRDK,108.490,93.234,1.163629
LBRT,15.040,15.342,0.980287
LBTYA,27.170,25.609,1.060942
LBTYB,27.470,25.435,1.079987
LBTYK,26.540,24.892,1.066200
LBY,1.620,3.170,0.511016
LC,16.250,3.706,4.384745
LCA,9.750,0.000,
LCAHU,10.035,0.000,
LCI,5.810,7.246,0.801776
LCII,90.370,84.395,1.070797
LCNB,18.320,17.000,1.077647
LCUT,9.930,9.644,1.029618
LDL,19.830,23.255,0.852710
LDOS,82.430,68.024,1.211772
LE,10.970,15.768,0.695719
LEA,136.420,143.040,0.953722
LEAF,6.820,7.777,0.876916
LECO,83.540,83.918,0.995493
LEDS,2.680,3.175,0.844044
LEE,2.180,2.763,0.789004
LEG,38.980,40.640,0.959157
LEGH,12.850,12.732,1.009230
LEJU,1.270,1.570,0.809012
LEN,47.800,49.249,0.970587
LEU,3.170,3.056,1.037319
LEVI,20.120,0.000,
LEVL,23.940,24.000,0.997491
LEXEA,48.380,43.967,1.100382
LEXEB,47.900,43.954,1.089786
LFAC,10.190,10.038,1.015154
LFC,12.930,12.684,1.019366
LFUS,170.690,182.639,0.934577
LFVN,12.070,13.156,0.917477
LGC,10.100,10.025,1.007441
LGCY,0.017,0.000,
LGIH,75.940,64.593,1.175661
LGL,8.140,7.453,1.092248
LGND,116.060,119.274,0.973056
LH,175.450,155.032,1.131699
LHC,10.260,10.114,1.014448
LHCG,125.410,110.937,1.130463
LIFE,4.910,6.816,0.720404
LII,289.470,258.821,1.118418
LILA,17.050,18.624,0.915466
LILAK,17.160,18.612,0.921975
LIN,203.980,178.889,1.140262
LINC,2.130,2.896,0.735528
LIND,17.720,15.223,1.164065
LION,30.970,29.633,1.045136
LIQT,10.000,8.450,1.183464
LITB,1.460,1.222,1.194703
LITE,53.850,50.995,1.055991
LIVE,6.800,7.434,0.914757
LIVN,72.700,82.290,0.883463
LIVX,2.750,5.023,0.547534
LJPC,9.580,7.164,1.337191
LK,19.410,0.000,
LKCO,9.060,0.000,
LKFN,45.990,46.185,0.995774
LKQ,26.820,27.459,0.976726
LKSD,3.780,6.620,0.570997
LL,12.110,11.230,1.078398
LLEX,0.570,1.273,0.447850
LLIT,1.000,1.384,0.722599
LLL,245.170,218.805,1.120496
LLNW,2.560,2.929,0.874084
LLY,108.290,119.250,0.908095
LM,38.680,32.185,1.201801
LMAT,29.170,27.382,1.065296
LMB,9.010,7.372,1.222274
LMFA,1.170,1.360,0.860246
LMNR,19.480,21.841,0.891910
LMNX,19.830,23.303,0.850953
LMRK,16.740,15.354,1.090258
LMRKN,24.900,24.434,1.019078
LMRKO,25.280,24.727,1.022357
LMRKP,25.350,25.062,1.011509
LMST,15.060,14.907,1.010231
LMT,369.450,318.747,1.159070
LN,28.260,33.389,0.846392
LNC,66.890,62.042,1.078140
LND,4.370,4.113,1.062412
LNDC,10.510,11.061,0.950153
LNG,69.500,66.267,1.048782
LNN,88.050,86.874,1.013541
LNT,49.850,46.581,1.070182
LNTH,27.760,23.222,1.195423
LOAC,10.130,10.030,1.009962
LOAN,6.200,6.196,1.000715
LOB,17.080,15.986,1.068448
LOCO,10.490,13.101,0.800728
LODE,0.170,0.186,0.914579
LOGC,11.870,11.382,1.042897
LOGI,39.520,37.780,1.046058
LOGM,76.180,80.852,0.942212
LOMA,12.450,11.282,1.103514
LONE,2.400,3.905,0.614531
LOOP,12.120,8.897,1.362286
LOPE,119.160,112.061,1.063352
LORL,35.070,36.982,0.948290
LOV,12.000,11.855,1.012267
LOVE,26.540,30.765,0.862662
LOW,107.400,102.946,1.043266
LPCN,1.860,1.820,1.021742
LPG,9.600,7.103,1.351590
LPI,3.090,3.255,0.949164
LPL,7.180,8.346,0.860266
LPLA,84.990,76.409,1.112308
LPSN,30.710,27.018,1.136659
LPT,50.870,48.120,1.057154
LPTH,0.900,1.401,0.642507
LPTX,1.970,1.828,1.077654
LPX,25.860,24.635,1.049728
LQDA,7.860,12.215,0.643477
LQDT,5.890,6.859,0.858725
LRAD,3.790,2.930,1.293583
LRCX,191.240,179.640,1.064574
LRN,31.250,31.414,0.994788
LSBK,15.000,15.322,0.979005
LSCC,16.620,12.013,1.383451
LSI,100.590,96.483,1.042566
LSTR,109.050,106.237,1.026475
LSXMA,39.780,38.908,1.022399
LSXMB,36.940,38.703,0.954457
LSXMK,39.910,39.061,1.021729
LTBR,0.640,0.728,0.878918
LTC,47.300,45.332,1.043410
LTHM,7.010,10.659,0.657660
LTM,10.130,10.477,0.966885
LTRPA,12.050,14.256,0.845252
LTRPB,0.000,0.000,
LTRX,3.750,3.196,1.173499
LTS,3.090,3.198,0.966155
LTXB,42.010,39.397,1.066318
LUB,1.190,1.424,0.835468
LULU,189.520,162.286,1.167812
LUNA,5.120,3.995,1.281516
LUV,52.510,52.338,1.003292
LVS,63.230,60.684,1.041954
LW,65.930,68.019,0.969294
LWAY,3.140,2.482,1.265194
LX,11.590,11.436,1.013464
LXFR,23.390,22.456,1.041573
LXRX,6.200,6.050,1.024845
LXU,3.310,5.766,0.574067
LYB,86.050,85.932,1.001378
LYFT,64.250,0.000,
LYG,2.870,3.070,0.934993
LYL,0.969,1.363,0.711071
LYTS,4.050,3.351,1.208460
LYV,70.500,61.316,1.149775
LZB,32.320,32.130,1.005921
M,21.910,23.704,0.924312
MA,279.540,236.478,1.182095
MAA,120.700,108.938,1.107974
MAC,33.370,41.106,0.811795
MACK,5.680,5.950,0.954622
MAG,10.240,9.732,1.052201
MAGS,5.070,5.071,0.999880
MAMS,10.610,8.816,1.203532
MAN,89.820,85.962,1.044881
MANH,71.330,58.967,1.209653
MANT,66.700,58.474,1.140679
MANU,18.350,19.158,0.957824
MAR,142.550,126.720,1.124921
MARA,2.370,2.449,0.967618
MARK,1.050,1.552,0.676387
MARPS,2.160,2.299,0.939661
MAS,38.750,37.401,1.036073
MASI,152.040,133.180,1.141612
MAT,11.960,12.523,0.955039
MATW,33.520,38.255,0.876217
MATX,37.700,36.415,1.035287
MAXR,9.580,6.177,1.550928
MAYS,37.440,37.969,0.986057
MBCN,39.910,41.338,0.965452
MBI,9.550,9.565,0.998484
MBII,1.470,1.532,0.959301
MBIN,16.800,20.384,0.824171
MBINP,27.000,0.000,
MBIO,3.400,3.784,0.898536
MBOT,5.450,7.133,0.764008
MBRX,1.280,1.264,1.012823
MBT,8.700,8.109,1.072881
MBTF,10.350,10.255,1.009238
MBUU,37.040,40.491,0.914766
MBWM,32.400,32.977,0.982509
MC,34.390,39.098,0.879579
MCB,43.960,38.347,1.146378
MCBC,10.070,10.276,0.979987
MCD,212.990,191.611,1.111575
MCEP,0.450,0.778,0.578281
MCF,1.650,2.992,0.551488
MCFT,20.910,22.384,0.934147
MCHP,91.710,86.439,1.060985
MCHX,4.790,4.489,1.067069
MCK,144.600,125.334,1.153720
MCO,205.310,179.448,1.144117
MCRB,2.890,5.253,0.550200
MCRI,43.920,43.478,1.010166
MCRN,16.750,13.386,1.251305
MCS,33.770,38.614,0.874551
MCY,64.320,54.642,1.177119
MD,24.580,29.739,0.826530
MDB,153.100,127.060,1.204945
MDC,37.240,31.075,1.198393
MDCA,2.650,2.650,0.999914
MDCO,36.680,28.950,1.266992
MDGL,101.040,114.800,0.880138
MDGS,2.670,2.712,0.984463
MDJH,2.800,0.000,
MDLY,2.480,3.249,0.763351
MDLZ,54.540,49.519,1.101394
MDP,55.680,55.782,0.998180
MDR,10.490,8.232,1.274345
MDRR,4.310,6.717,0.641646
MDRX,11.530,10.684,1.079164
MDSO,90.960,81.062,1.122100
MDT,99.250,91.038,1.090209
MDU,26.030,25.634,1.015443
MDWD,3.200,4.520,0.707974
MEC,14.700,5.310,2.768115
MED,113.070,132.129,0.855757
MEDP,62.640,59.128,1.059398
MEET,3.500,4.895,0.714965
MEI,28.070,27.735,1.012074
MEIP,2.080,2.860,0.727176
MELI,644.790,492.290,1.309777
MELR,18.000,18.558,0.969937
MEOH,42.580,52.638,0.808918
MERC,13.620,14.478,0.940766
MESA,9.880,9.098,1.085960
MESO,4.800,4.954,0.968980
MET,50.920,46.031,1.106219
METC,5.280,5.772,0.914824
MFA,7.240,7.273,0.995403
MFAC,10.070,9.944,1.012682
MFC,18.430,17.180,1.072735
MFG,2.900,3.037,0.954835
MFGP,22.000,23.565,0.933568
MFIN,6.290,6.387,0.984774
MFNC,15.710,15.628,1.005221
MFSF,32.000,30.062,1.064481
MG,14.910,14.376,1.037132
MGA,47.700,49.814,0.957555
MGEE,72.880,66.841,1.090346
MGEN,2.050,2.790,0.734827
MGI,2.220,2.269,0.978434
MGIC,9.000,8.676,1.037332
MGLN,71.360,66.351,1.075486
MGM,29.020,27.230,1.065733
MGNX,15.870,17.248,0.920102
MGP,30.540,31.041,0.983868
MGPI,68.130,71.664,0.950683
MGRC,65.140,57.222,1.138377
MGTA,13.050,13.294,0.981676
MGTX,29.220,18.330,1.594075
MGY,10.870,12.171,0.893141
MGYR,12.180,11.790,1.033046
MHH,5.290,6.019,0.878849
MHK,151.130,135.750,1.113298
MHLD,0.560,0.887,0.631108
MHO,29.760,27.336,1.088682
MIC,41.960,41.090,1.021165
MICR,2.500,2.724,0.917727
MICT,0.620,1.049,0.590859
MIDD,137.100,128.388,1.067857
MIK,8.480,11.796,0.718877
MIME,48.310,45.239,1.067873
MIND,3.870,3.883,0.996697
MINDP,23.781,23.935,0.993577
MINI,33.320,34.153,0.975606
MIST,19.070,0.000,
MITK,10.030,10.874,0.922425
MITO,11.700,0.000,
MIXT,15.410,16.780,0.918380
MJCO,9.710,7.867,1.234344
MKC,158.510,145.788,1.087261
MKGI,2.550,2.541,1.003530
MKL,1113.760,1037.812,1.073181
MKSI,78.040,82.617,0.944596
MKTX,358.280,264.825,1.352891
MLAB,240.500,230.585,1.043000
MLCO,23.750,22.364,1.061958
MLHR,44.420,37.015,1.200045
MLI,28.090,29.384,0.955966
MLM,226.500,204.159,1.109427
MLND,10.670,13.244,0.805640
MLNT,4.610,4.695,0.981872
MLNX,112.050,108.565,1.032102
MLP,10.610,11.088,0.956863
MLR,30.970,30.978,0.999736
MLSS,0.420,0.371,1.133498
MLVF,21.650,20.634,1.049225
MMAC,31.700,30.666,1.033702
MMC,102.810,93.019,1.105260
MMDM,11.670,10.522,1.109118
MMI,31.670,36.925,0.857684
MMLP,7.070,10.141,0.697149
MMM,173.340,191.183,0.906669
MMP,65.900,61.591,1.069964
MMS,74.530,71.612,1.040749
MMSI,56.860,57.176,0.994466
MMYT,27.610,26.331,1.048568
MN,1.680,2.107,0.797218
MNCL,9.930,0.000,
MNDO,2.200,2.272,0.968284
MNI,2.590,4.310,0.600981
MNK,8.590,17.221,0.498808
MNKD,1.090,1.463,0.745134
MNLO,4.930,6.703,0.735528
MNOV,10.420,9.664,1.078266
MNR,13.770,13.550,1.016271
MNRL,22.340,0.000,
MNRO,83.350,80.137,1.040094
MNSB,23.000,22.039,1.043615
MNST,65.000,59.266,1.096755
MNTA,10.930,12.974,0.842446
MNTX,6.120,6.996,0.874801
MO,49.500,51.589,0.959502
MOBL,6.230,5.379,1.158206
MOD,14.280,14.223,1.003982
MODN,20.420,17.491,1.167478
MOFG,27.780,28.381,0.978832
MOGO,3.150,2.863,1.100259
MOGU,2.730,10.655,0.256229
MOH,144.870,136.872,1.058436
MOMO,34.440,32.914,1.046379
MOR,25.530,25.485,1.001761
MORN,152.300,130.840,1.164019
MOS,23.000,27.143,0.847372
MOSC,10.250,10.076,1.017249
MOSY,0.180,0.191,0.941317
MOTS,3.130,3.886,0.805353
MOV,27.080,32.067,0.844469
MOXC,1.740,2.511,0.692915
MPAA,18.550,19.659,0.943573
MPB,25.860,24.403,1.059723
MPC,55.480,58.485,0.948627
MPLX,32.420,32.705,0.991298
MPO,5.750,8.848,0.649875
MPV,16.000,15.651,1.022319
MPVD,0.970,1.047,0.926774
MPW,18.510,17.974,1.029827
MPWR,143.320,134.341,1.066840
MPX,15.170,14.792,1.025550
MR,5.090,12.398,0.410557
MRAM,6.210,7.357,0.844051
MRC,16.850,16.634,1.012983
MRCY,72.220,64.354,1.122236
MREO,2.220,0.000,
MRIN,2.380,4.329,0.549760
MRK,79.730,79.728,1.000029
MRKR,8.790,6.057,1.451098
MRLN,22.660,22.738,0.996586
MRNA,14.200,19.741,0.719299
MRNS,4.580,4.025,1.137791
MRO,13.920,15.765,0.882941
MRSN,3.970,4.823,0.823143
MRTN,18.380,18.537,0.991505
MRTX,105.710,75.729,1.395904
MRUS,15.500,13.606,1.139173
MRVL,25.400,21.380,1.188052
MS,44.870,43.453,1.032618
MSA,106.670,103.142,1.034205
MSB,31.490,29.409,1.070758
MSBF,15.800,17.161,0.920672
MSBI,26.260,25.201,1.042016
MSC,20.040,17.461,1.147701
MSCI,245.120,203.194,1.206337
MSEX,59.490,57.588,1.033032
MSFT,138.900,119.773,1.159691
MSG,290.420,291.715,0.995561
MSGN,20.890,22.337,0.935231
MSI,172.280,142.822,1.206260
MSL,11.810,11.574,1.020434
MSM,72.550,79.289,0.915004
MSN,1.030,1.252,0.822543
MSON,23.810,20.305,1.172633
MSTR,123.020,139.428,0.882318
MSVB,12.630,12.590,1.003152
MT,16.760,20.251,0.827595
MTB,174.070,165.799,1.049884
MTBC,5.070,4.711,1.076264
MTBCP,27.470,27.081,1.014377
MTCH,73.030,60.366,1.209789
MTD,835.440,716.103,1.166649
MTDR,19.680,18.882,1.042284
MTEM,7.280,6.220,1.170404
MTEX,16.410,18.005,0.911439
MTFB,0.630,3.431,0.183607
MTG,13.780,13.259,1.039299
MTH,55.210,47.302,1.167181
MTL,2.030,2.144,0.947010
MTLS,18.520,16.970,1.091328
MTN,227.490,214.199,1.062049
MTNB,0.860,1.014,0.847852
MTOR,23.320,21.621,1.078578
MTP,1.380,2.175,0.634505
MTR,11.300,12.483,0.905266
MTRN,64.040,58.331,1.097865
MTRX,19.640,20.111,0.976558
MTSC,56.220,53.713,1.046670
MTSI,16.040,16.219,0.988972
MTSL,1.100,1.561,0.704577
MTW,17.570,16.684,1.053107
MTX,51.920,57.521,0.902632
MTZ,51.300,47.608,1.077551
MU,44.510,38.661,1.151285
MUDS,10.200,10.065,1.013403
MUFG,4.840,4.986,0.970668
MUR,23.750,27.223,0.872435
MUSA,85.620,81.758,1.047235
MUX,1.730,1.616,1.070524
MVBF,16.850,16.372,1.029183
MVIS,0.830,0.922,0.900008
MVO,7.880,7.970,0.988727
MWA,9.600,10.005,0.959517
MWK,7.280,179.430,0.040573
MX,10.190,8.309,1.226346
MXC,4.085,4.148,0.984797
MXIM,62.040,55.880,1.110239
MXL,24.790,23.297,1.064077
MYE,18.520,17.637,1.050064
MYFW,13.220,13.381,0.988002
MYGN,25.720,29.163,0.881945
MYL,19.220,25.124,0.765011
MYND,1.490,1.382,1.077933
MYO,0.747,1.183,0.631327
MYOK,50.800,47.664,1.065788
MYOS,1.600,1.481,1.080373
MYOV,8.590,17.042,0.504038
MYRG,37.140,34.001,1.092336
MYSZ,0.634,0.747,0.848876
MYT,0.580,1.363,0.425639
NAII,11.170,11.883,0.939982
NAK,0.470,0.642,0.732540
NAKD,0.157,0.399,0.394454
NANO,33.590,30.979,1.084275
NAOV,3.230,3.576,0.903238
NAT,2.270,2.144,1.058784
NATH,76.870,70.316,1.093213
NATI,43.080,43.883,0.981695
NATR,8.750,8.940,0.978739
NAV,33.610,33.354,1.007676
NAVB,0.710,2.313,0.306954
NAVI,13.630,12.393,1.099830
NBEV,4.110,5.489,0.748816
NBHC,35.510,34.996,1.014675
NBIX,85.700,83.221,1.029790
NBL,22.740,23.178,0.981118
NBLX,33.680,33.965,0.991615
NBN,20.920,20.531,1.018940
NBR,2.450,3.133,0.782023
NBRV,2.420,2.335,1.036589
NBTB,37.840,37.095,1.020085
NBY,1.400,1.243,1.126466
NC,54.290,42.630,1.273519
NCBS,63.330,58.544,1.081744
NCI,23.510,22.760,1.032970
NCLH,49.790,53.617,0.928618
NCMI,7.070,7.090,0.997136
NCNA,9.520,13.502,0.705068
NCR,30.860,28.914,1.067321
NCSM,3.180,4.510,0.705100
NCTY,1.190,1.484,0.801903
NDAQ,104.280,89.754,1.161842
NDLS,8.140,7.285,1.117288
NDRA,1.510,1.746,0.864728
NDSN,138.870,134.611,1.031641
NE,2.070,2.667,0.776213
NEBU,10.100,10.027,1.007326
NEE,208.730,191.533,1.089785
NEM,39.420,34.162,1.153927
NEN,60.130,60.752,0.989759
NEO,22.120,20.022,1.104811
NEOG,63.000,59.872,1.052246
NEON,2.950,2.908,1.014438
NEOS,1.450,2.048,0.708003
NEP,50.100,45.274,1.106606
NEPT,4.820,3.813,1.264079
NERV,6.520,6.852,0.951517
NES,5.450,8.224,0.662734
NESR,8.380,9.143,0.916505
NETE,4.250,5.415,0.784918
NEU,413.670,417.236,0.991454
NEW,5.730,6.889,0.831778
NEWA,6.340,6.556,0.967046
NEWM,9.460,11.230,0.842398
NEWR,93.590,98.743,0.947819
NEXA,9.090,10.585,0.858728
NEXT,5.860,4.954,1.182780
NFBK,15.750,14.749,1.067880
NFC,10.100,9.953,1.014725
NFE,11.700,11.663,1.003181
NFG,53.140,57.314,0.927171
NFJ,12.550,12.074,1.039387
NFLX,373.250,356.789,1.046136
NG,6.130,4.222,1.451950
NGD,1.220,0.894,1.365399
NGG,52.650,53.943,0.976038
NGHC,22.870,24.149,0.947052
NGHCN,24.300,22.399,1.084885
NGHCO,24.386,22.633,1.077446
NGHCP,24.850,23.429,1.060637
NGL,15.140,13.526,1.119336
NGM,13.540,23.034,0.587817
NGS,16.080,17.025,0.944517
NGVC,9.960,12.537,0.794418
NGVT,103.180,100.936,1.022236
NH,0.572,0.717,0.798227
NHC,81.120,78.431,1.034283
NHI,80.090,78.712,1.017504
NHLD,2.700,3.067,0.880267
NHTC,6.690,12.187,0.548945
NI,29.340,27.731,1.058022
NICE,147.340,125.626,1.172843
NICK,8.650,9.562,0.904631
NIHD,1.800,2.833,0.635357
NINE,15.460,21.549,0.717427
NIO,3.450,5.363,0.643327
NIU,5.950,7.974,0.746185
NJR,49.750,48.601,1.023635
NK,1.110,1.196,0.928372
NKE,89.120,83.761,1.063977
NKSH,36.750,39.217,0.937084
NKTR,33.720,36.371,0.927111
NL,3.880,3.869,1.002900
NLNK,1.460,1.654,0.882521
NLS,1.680,5.464,0.307447
NLSN,22.860,24.877,0.918903
NLY,9.240,9.811,0.941845
NM,5.070,3.196,1.586191
NMCI,2.400,2.305,1.041235
NMIH,29.080,25.704,1.131353
NMM,16.410,14.319,1.146066
NMR,3.520,3.687,0.954660
NMRD,0.950,0.997,0.952698
NMRK,9.760,8.983,1.086481
NNA,6.390,6.494,0.983944
NNBR,9.010,8.836,1.019680
NNDM,0.421,0.754,0.558678
NNI,59.350,56.538,1.049731
NNN,53.780,52.788,1.018801
NNVC,0.240,0.288,0.832186
NOA,10.570,11.335,0.932544
NOAH,32.010,46.741,0.684840
NOC,329.530,288.980,1.140320
NODK,17.340,16.360,1.059910
NOG,1.950,2.372,0.822017
NOK,5.100,5.643,0.903778
NOMD,22.510,20.293,1.109226
NOV,21.940,25.942,0.845718
NOVN,2.840,1.593,1.782390
NOVT,87.680,81.290,1.078611
NOW,301.130,246.339,1.222421
NP,66.520,65.010,1.023227
NPK,94.430,107.848,0.875587
NPO,62.510,65.548,0.953658
NPTN,4.760,6.008,0.792315
NR,6.970,8.084,0.862208
NRC,57.440,43.812,1.311059
NRCG,11.830,9.077,1.303319
NRE,17.010,16.986,1.001398
NRG,35.990,39.280,0.916253
NRIM,36.600,35.372,1.034719
NRP,35.180,39.759,0.884838
NRT,7.150,6.897,1.036679
NRZ,15.410,16.344,0.942829
NS,28.410,26.699,1.064066
NSA,29.780,28.615,1.040698
NSC,205.900,187.483,1.098233
NSEC,11.140,12.078,0.922349
NSIT,56.880,53.628,1.060641
NSP,131.130,118.459,1.106962
NSPR,3.370,6.113,0.551286
NSSC,26.090,23.035,1.132634
NSTG,29.560,25.201,1.172959
NSYS,3.910,4.271,0.915544
NTAP,61.120,65.828,0.928475
NTB,33.970,36.340,0.934790
NTCT,26.270,26.714,0.983395
NTEC,3.890,6.499,0.598581
NTES,259.870,252.873,1.027670
NTGN,4.320,5.358,0.806234
NTGR,26.210,32.162,0.814939
NTIC,11.600,13.546,0.856313
NTIP,2.350,2.468,0.952212
NTLA,16.600,15.415,1.076887
NTN,3.530,3.396,1.039309
NTNX,27.360,39.259,0.696906
NTP,10.110,9.494,1.064835
NTR,49.940,52.249,0.955810
NTRA,25.640,19.531,1.312816
NTRP,6.540,5.675,1.152443
NTRS,91.340,91.326,1.000153
NTRSP,25.360,25.700,0.986767
NTWK,5.600,6.703,0.835393
NTZ,2.460,4.375,0.562349
NUAN,16.430,16.555,0.992452
NUE,55.170,56.710,0.972846
NURO,0.450,0.851,0.529032
NUS,45.070,54.941,0.820342
NUVA,57.070,56.292,1.013818
NVAX,4.900,18.229,0.268802
NVCN,4.000,5.401,0.740626
NVCR,68.880,50.761,1.356945
NVDA,167.610,161.123,1.040260
NVEC,67.500,88.438,0.763244
NVEE,82.070,71.109,1.154152
NVFY,0.790,0.781,1.011138
NVGS,10.320,10.333,0.998700
NVIV,0.700,1.309,0.534632
NVLN,0.740,1.103,0.670679
NVMI,25.020,25.545,0.979432
NVO,47.540,49.401,0.962321
NVR,3489.630,2965.178,1.176870
NVRO,64.340,55.660,1.155945
NVS,88.190,83.178,1.060255
NVT,24.720,25.702,0.961805
NVTA,22.620,19.900,1.136692
NVTR,2.710,9.279,0.292047
NVUS,0.870,2.920,0.297947
NWBI,17.550,17.455,1.005432
NWE,72.690,68.841,1.055908
NWFL,34.350,31.773,1.081097
NWHM,4.410,5.189,0.849823
NWL,14.950,16.507,0.905675
NWLI,263.000,277.798,0.946731
NWN,70.070,65.625,1.067736
NWPX,25.450,24.369,1.044346
NWS,13.730,12.693,1.081720
NWSA,13.310,12.485,1.066037
NX,18.520,16.511,1.121698
NXE,1.760,1.639,1.073871
NXGN,20.110,18.203,1.104778
NXPI,96.990,93.037,1.042491
NXRT,42.320,38.306,1.104778
NXST,109.260,100.806,1.083863
NXTC,16.780,0.000,
NXTD,0.713,0.924,0.771607
NYCB,10.520,11.075,0.949930
NYMT,6.230,6.164,1.010712
NYMTN,24.530,23.674,1.036137
NYMTO,24.600,24.328,1.011201
NYMTP,24.490,24.095,1.016382
NYMX,1.750,1.913,0.914731
NYNY,9.780,11.722,0.834351
NYT,35.500,31.852,1.114528
O,70.730,69.608,1.016118
OAK,50.550,46.856,1.078847
OAS,5.300,5.798,0.914070
OASM,2.130,2.221,0.959077
OBAS,11.400,10.448,1.091124
OBCI,3.500,3.432,1.019886
OBE,1.070,2.130,0.502347
OBLN,0.635,1.181,0.537485
OBNK,34.420,34.377,1.001252
OBSV,10.340,12.612,0.819838
OC,56.270,50.553,1.113080
OCC,3.900,4.375,0.891452
OCFC,25.490,24.517,1.039666
OCN,2.150,1.855,1.158767
OCUL,5.170,3.935,1.313761
OCX,2.040,3.624,0.562942
ODC,33.230,30.166,1.101578
ODFL,149.950,143.746,1.043159
ODP,2.160,2.688,0.803704
ODT,35.970,22.006,1.634529
OEC,18.860,22.194,0.849777
OESX,2.890,1.577,1.832301
OFC,27.300,26.728,1.021403
OFED,23.440,25.182,0.930821
OFG,23.910,19.983,1.196546
OFIX,51.550,54.477,0.946274
OFLX,75.510,76.718,0.984254
OGE,43.170,42.031,1.027092
OGEN,0.480,0.672,0.713815
OGI,5.830,3.381,1.724238
OGS,91.240,86.777,1.051433
OHI,36.960,36.858,1.002773
OHRP,5.390,2.696,1.999235
OI,16.900,18.521,0.912478
OII,19.550,16.895,1.157144
OIIM,1.360,1.521,0.894288
OIS,16.020,17.398,0.920783
OKE,71.300,66.560,1.071209
OKTA,135.290,97.083,1.393553
OLBK,26.410,26.455,0.998309
OLED,199.620,149.514,1.335130
OLLI,88.150,87.684,1.005310
OLN,21.510,22.985,0.935829
OLP,27.860,28.416,0.980425
OMAB,50.660,47.341,1.070100
OMC,84.690,77.598,1.091396
OMCL,68.610,78.745,0.871298
OMER,15.700,16.212,0.968419
OMEX,5.610,5.713,0.981895
OMF,34.590,32.091,1.077880
OMI,3.180,4.708,0.675444
OMN,9.970,7.454,1.337501
OMP,21.850,19.914,1.097216
ON,20.240,20.663,0.979512
ONB,16.930,16.722,1.012463
ONCE,98.050,92.456,1.060504
ONCS,2.200,5.059,0.434888
ONCT,5.640,7.498,0.752161
ONCY,1.580,1.898,0.832248
ONDK,3.970,5.405,0.734490
ONE,8.430,8.258,1.020817
ONTX,2.570,3.395,0.756902
ONVO,0.510,0.886,0.575700
OOMA,11.640,13.637,0.853535
OPBK,9.920,9.438,1.051060
OPES,10.300,10.177,1.012039
OPGN,0.360,0.873,0.412378
OPHC,3.600,3.758,0.957855
OPI,26.940,28.208,0.955045
OPK,2.160,2.567,0.841592
OPNT,13.050,13.309,0.980567
OPOF,22.940,21.857,1.049556
OPRX,15.940,13.458,1.184438
OPTN,8.000,8.212,0.974200
OPTT,2.050,4.059,0.504993
OPY,29.940,26.725,1.120311
OR,10.660,10.479,1.017279
ORA,63.220,58.014,1.089730
ORAN,15.030,15.629,0.961659
ORBC,8.030,7.550,1.063512
ORC,6.470,6.641,0.974263
ORCL,59.810,53.133,1.125657
ORGO,7.740,14.911,0.519083
ORGS,4.180,4.713,0.886870
ORI,23.200,21.533,1.077402
ORIT,17.630,16.855,1.045997
ORLY,401.830,373.065,1.077104
ORMP,3.300,3.412,0.967222
ORN,3.660,3.317,1.103526
ORRF,21.740,20.257,1.073204
ORTX,13.570,16.159,0.839803
OSB,23.540,25.363,0.928122
OSBC,12.690,13.301,0.954097
OSG,1.880,1.926,0.976101
OSIS,115.040,94.260,1.220459
OSK,86.090,77.082,1.116856
OSMT,3.610,5.168,0.698486
OSN,2.100,1.869,1.123729
OSPN,15.180,16.344,0.928796
OSS,1.860,2.192,0.848375
OSTK,19.010,15.355,1.237999
OSUR,8.580,10.270,0.835443
OSW,15.010,12.520,1.198867
OTEL,14.400,16.280,0.884546
OTEX,42.500,38.578,1.101662
OTIC,2.520,2.478,1.016993
OTIV,0.450,0.626,0.718815
OTLK,2.110,2.163,0.975401
OTTR,52.220,50.247,1.039264
OTTW,13.110,13.453,0.974533
OUT,26.570,23.347,1.138039
OVBC,36.700,37.137,0.988238
OVID,2.560,2.163,1.183429
OVLY,19.320,18.666,1.035061
OXBR,1.070,1.112,0.962541
OXFD,13.310,15.458,0.861025
OXM,69.630,76.438,0.910937
OXY,51.720,60.226,0.858768
OZK,29.830,30.674,0.972488
OZM,24.150,16.348,1.477244
PAA,24.640,23.851,1.033091
PAAS,13.080,12.981,1.007663
PAC,105.350,96.726,1.089162
PACB,5.940,7.043,0.843421
PACD,11.110,14.248,0.779762
PACK,8.820,9.961,0.885419
PACQ,10.160,10.042,1.011706
PACW,37.590,38.735,0.970430
PAG,45.890,45.064,1.018328
PAGP,25.070,24.028,1.043382
PAGS,43.510,29.042,1.498184
PAHC,30.510,31.249,0.976349
PAM,35.900,30.070,1.193878
PANL,3.410,3.324,1.025896
PANW,216.940,223.315,0.971455
PAR,25.970,25.253,1.028403
PARR,22.340,18.363,1.216568
PATI,16.800,18.691,0.898812
PATK,46.060,44.691,1.030635
PAVM,1.050,1.097,0.957009
PAYC,243.640,188.997,1.289123
PAYS,16.090,8.397,1.916120
PAYX,85.720,79.735,1.075061
PB,68.000,70.145,0.969426
PBA,38.270,36.124,1.059401
PBBI,11.550,11.242,1.027357
PBCT,16.850,16.671,1.010710
PBCTP,26.550,25.326,1.048322
PBF,29.710,31.523,0.942501
PBFX,21.460,21.164,1.014006
PBH,30.960,29.336,1.055355
PBHC,14.050,14.350,0.979125
PBI,4.220,6.003,0.702949
PBIP,18.280,17.715,1.031878
PBPB,4.460,7.411,0.601790
PBR,16.830,15.607,1.078382
PBT,5.740,6.783,0.846284
PBTS,3.850,0.000,
PBYI,11.660,25.817,0.451641
PCAR,72.130,67.920,1.061991
PCB,16.910,16.966,0.996697
PCG,19.400,18.339,1.057828
PCH,38.730,36.933,1.048643
PCMI,34.870,29.250,1.192140
PCOM,11.340,11.721,0.967526
PCRX,41.280,40.922,1.008745
PCSB,19.820,19.737,1.004216
PCTI,4.960,5.010,0.990065
PCTY,103.580,87.925,1.178046
PCYG,5.030,7.084,0.710062
PCYO,10.880,10.011,1.086855
PD,48.580,0.000,
PDCE,30.550,36.935,0.827118
PDCO,21.420,22.211,0.964371
PDD,19.140,23.948,0.799236
PDEX,13.890,13.985,0.993172
PDFS,12.680,12.088,1.048993
PDLB,14.320,13.702,1.045104
PDLI,3.130,3.304,0.947345
PDM,20.260,20.222,1.001861
PDS,1.830,2.209,0.828426
PDSB,6.020,7.355,0.818453
PE,18.300,18.768,0.975051
PEB,27.540,30.724,0.896369
PEBK,27.580,27.498,1.002973
PEBO,32.310,32.038,1.008502
PED,1.870,2.020,0.925729
PEG,60.550,58.006,1.043865
PEGA,78.100,66.115,1.181276
PEGI,23.090,21.796,1.059389
PEI,6.470,6.537,0.989770
PEIX,0.670,1.073,0.624653
PEN,169.690,145.554,1.165821
PENN,18.290,21.656,0.844554
PEP,133.280,122.196,1.090709
PER,1.760,2.163,0.813665
PERI,3.510,3.009,1.166379
PES,0.270,1.323,0.204050
PESI,3.600,3.704,0.971930
PETQ,34.440,29.317,1.174762
PETS,15.090,20.671,0.730000
PETX,4.980,4.435,1.122934
PETZ,0.660,0.763,0.865154
PFBI,15.980,15.802,1.011241
PFE,42.400,42.128,1.006458
PFG,59.120,52.927,1.117015
PFGC,43.210,38.688,1.116894
PFIE,1.580,1.672,0.944855
PFIN,8.120,8.205,0.989581
PFIS,43.910,43.652,1.005904
PFMT,1.270,1.838,0.690905
PFNX,6.160,5.530,1.113924
PFPT,125.220,114.966,1.089191
PFS,24.710,25.692,0.961764
PFSI,22.940,22.159,1.035259
PFSW,4.320,5.046,0.856157
PG,114.990,102.979,1.116637
PGC,28.590,27.670,1.033232
PGNX,5.640,4.758,1.185482
PGR,84.390,73.938,1.141366
PGRE,14.090,14.285,0.986331
PGTI,16.560,15.592,1.062053
PH,169.070,169.326,0.998488
PHAS,11.220,8.547,1.312738
PHCF,2.760,3.615,0.763484
PHG,44.090,40.032,1.101380
PHI,24.260,23.249,1.043506
PHIO,0.386,0.410,0.942165
PHM,33.570,29.531,1.136786
PHUN,2.040,42.388,0.048126
PHX,12.710,14.935,0.851010
PI,34.920,21.524,1.622386
PICO,10.970,10.694,1.025782
PIH,4.850,5.166,0.938841
PIHPP,25.250,23.861,1.058231
PII,86.430,88.020,0.981937
PINC,38.930,36.703,1.060673
PINS,26.410,0.000,
PIR,6.200,15.282,0.405717
PIRS,4.340,3.445,1.259978
PIXY,0.733,1.063,0.689796
PJC,76.860,73.500,1.045711
PJT,38.500,41.689,0.923500
PK,27.120,29.849,0.908571
PKBK,23.540,21.481,1.095856
PKD,19.300,0.000,
PKE,16.200,17.325,0.935042
PKG,99.350,96.196,1.032789
PKI,95.180,92.261,1.031639
PKOH,30.950,33.168,0.933119
PKX,50.780,55.460,0.915616
PLAB,8.270,9.417,0.878218
PLAG,4.630,3.806,1.216491
PLAN,56.830,38.892,1.461209
PLAY,41.080,49.380,0.831916
PLBC,24.110,24.378,0.989018
PLCE,97.390,96.786,1.006244
PLD,80.030,73.120,1.094508
PLG,1.430,1.516,0.943063
PLM,0.420,0.590,0.711312
PLMR,25.600,0.000,
PLNT,77.540,68.886,1.125627
PLOW,40.120,37.819,1.060836
PLPC,56.450,54.436,1.037003
PLSE,12.500,14.563,0.858359
PLT,35.720,44.644,0.800115
PLUG,2.290,2.144,1.068150
PLUS,73.990,82.561,0.896183
PLX,0.420,0.438,0.959372
PLXP,6.670,5.322,1.253380
PLXS,59.780,57.919,1.032125
PLYA,7.630,7.895,0.966467
PLYM,18.580,16.876,1.100964
PM,81.890,81.714,1.002151
PMBC,8.350,8.007,1.042864
PMD,9.540,13.896,0.686527
PMT,22.070,20.813,1.060419
PMTS,2.670,2.968,0.899584
PNBK,14.760,15.222,0.969631
PNC,142.190,129.092,1.101462
PNFP,57.500,55.998,1.026826
PNM,49.510,46.168,1.072394
PNR,37.960,39.647,0.957458
PNRG,122.500,129.714,0.944386
PNTR,15.190,14.615,1.039357
PNW,93.510,93.106,1.004338
POAI,0.661,0.763,0.865997
PODD,120.250,96.343,1.248145
POL,30.330,29.740,1.019839
POLA,4.500,4.590,0.980294
POOL,184.940,169.821,1.089031
POPE,69.000,68.083,1.013473
POR,54.520,51.268,1.063434
POST,108.050,104.256,1.036396
POWI,79.520,71.358,1.114382
POWL,36.470,31.947,1.141572
PPBI,31.420,29.172,1.077075
PPC,26.560,23.178,1.145910
PPDF,4.470,4.518,0.989339
PPG,117.040,111.243,1.052107
PPHI,14.000,0.000,
PPIH,8.950,8.874,1.008620
PPL,30.260,31.063,0.974160
PPSI,5.550,5.166,1.074235
PQG,15.900,15.597,1.019395
PRA,39.700,38.739,1.024801
PRAA,28.410,28.614,0.992869
PRAH,97.800,99.938,0.978604
PRCP,4.060,6.660,0.609582
PRFT,35.100,29.031,1.209034
PRGO,51.760,47.542,1.088727
PRGS,41.770,40.155,1.040210
PRGX,6.940,7.949,0.873031
PRI,124.990,120.195,1.039891
PRIM,20.650,20.797,0.992949
PRK,98.460,96.710,1.018093
PRLB,109.130,109.911,0.992896
PRMW,13.560,13.866,0.977897
PRNB,39.210,32.040,1.223777
PRO,68.640,47.067,1.458344
PROV,21.560,19.592,1.100441
PRPH,2.020,2.946,0.685775
PRPL,6.600,5.868,1.124747
PRPO,3.270,3.882,0.842245
PRQR,9.070,12.978,0.698887
PRS,26.720,25.671,1.040882
PRSC,57.090,64.677,0.882698
PRSP,23.970,21.536,1.113026
PRT,8.030,8.605,0.933149
PRTA,9.680,11.284,0.857883
PRTH,7.860,6.580,1.194576
PRTK,3.790,5.476,0.692088
PRTO,0.451,1.533,0.294181
PRTS,1.260,1.069,1.178579
PRTY,7.110,8.838,0.804479
PRU,102.510,96.614,1.061023
PRVB,12.000,4.482,2.677194
PS,32.050,31.051,1.032160
PSA,248.680,221.629,1.122056
PSB,172.800,154.609,1.117656
PSDO,14.130,14.625,0.966141
PSMT,61.210,58.716,1.042475
PSN,37.670,11.957,3.150450
PSO,10.650,11.016,0.966739
PSTG,15.930,19.067,0.835491
PSTI,0.560,0.807,0.693908
PSTL,15.750,0.000,
PSV,2.950,3.538,0.833790
PSX,100.330,92.766,1.081535
PSXP,51.200,50.215,1.019621
PT,3.740,8.611,0.434305
PTC,91.070,89.354,1.019207
PTCT,42.960,37.144,1.156569
PTE,5.640,10.693,0.527472
PTEN,11.610,12.922,0.898501
PTGX,13.230,10.216,1.295082
PTI,1.000,2.177,0.459423
PTLA,26.070,30.048,0.867614
PTN,0.940,1.051,0.894653
PTNR,4.410,4.403,1.001578
PTR,54.870,61.768,0.888321
PTSI,58.310,52.717,1.106093
PTVCA,16.810,18.084,0.929545
PTVCB,17.710,18.200,0.973101
PUB,29.620,28.887,1.025363
PUK,43.900,41.696,1.052858
PULM,0.890,1.324,0.672236
PUMP,19.280,19.733,0.977064
PUYI,7.480,0.000,
PVAC,30.360,44.026,0.689588
PVBC,27.790,23.878,1.163847
PVG,10.730,8.362,1.283153
PVH,89.190,109.059,0.817811
PVL,2.750,2.865,0.959950
PVT,10.250,7034.515,0.001457
PVTL,10.570,18.117,0.583444
PW,5.900,5.829,1.012153
PWOD,43.850,41.473,1.057305
PWR,38.180,36.695,1.040461
PXD,144.290,147.434,0.978675
PXLW,3.150,3.598,0.875464
PXS,1.069,1.144,0.934179
PYDS,3.054,2.753,1.109146
PYPL,120.120,104.208,1.152698
PYX,15.450,19.630,0.787042
PZG,0.855,0.861,0.992547
PZN,8.020,8.952,0.895921
PZZA,45.920,46.799,0.981217
QADA,42.330,43.711,0.968408
QADB,32.150,31.922,1.007133
QBAK,5.600,5.798,0.965797
QCOM,74.900,64.712,1.157438
QCRH,34.230,34.234,0.999895
QD,8.360,6.292,1.328739
QDEL,57.350,60.254,0.951800
QEP,7.060,7.625,0.925906
QES,2.170,3.899,0.556568
QFIN,11.260,15.385,0.731870
QGEN,39.690,38.694,1.025733
QHC,1.450,2.094,0.692566
QIWI,20.200,15.688,1.287576
QLYS,89.460,85.203,1.049968
QNST,15.730,15.219,1.033545
QRHC,2.540,1.994,1.273597
QRTEA,12.630,16.870,0.748649
QRTEB,12.620,16.971,0.743618
QRVO,70.260,68.137,1.031160
QSR,72.620,64.868,1.119496
QTNT,10.490,8.965,1.170111
QTRH,1.230,1.069,1.150764
QTRX,29.810,24.737,1.205069
QTS,46.090,43.964,1.048348
QTWO,81.180,68.526,1.184654
QUAD,8.130,11.620,0.699642
QUIK,0.570,0.763,0.746999
QUMU,4.300,2.958,1.453753
QUOT,11.320,10.278,1.101364
QURE,70.320,56.051,1.254580
R,57.530,58.946,0.975985
RACE,166.510,136.151,1.222980
RAD,8.810,11.710,0.752319
RADA,3.430,3.117,1.100382
RAIL,5.780,6.840,0.845001
RAMP,48.600,51.838,0.937534
RAND,2.690,2.807,0.958259
RARE,58.550,60.698,0.964604
RARX,33.070,22.952,1.440853
RAVE,3.040,1.789,1.699121
RAVN,35.980,37.186,0.967574
RBA,34.380,34.671,0.991596
RBB,19.230,19.530,0.984629
RBBN,5.020,5.103,0.983695
RBC,80.780,79.963,1.010218
RBCAA,50.620,45.262,1.118380
RBCN,8.410,8.108,1.037206
RBKB,10.910,0.000,
RBNC,22.820,22.370,1.020113
RBS,5.870,6.270,0.936170
RBZ,3.120,4.625,0.674591
RC,15.110,15.056,1.003579
RCI,53.990,53.147,1.015861
RCII,27.830,21.647,1.285609
RCKT,13.370,16.445,0.813000
RCKY,28.690,26.425,1.085728
RCL,110.140,117.890,0.934263
RCM,13.020,10.410,1.250721
RCMT,3.280,3.833,0.855834
RCON,0.800,0.928,0.861771
RCUS,8.100,10.283,0.787698
RDCM,8.050,8.059,0.998901
RDFN,17.880,18.722,0.955015
RDHL,7.400,7.754,0.954337
RDI,12.910,14.991,0.861166
RDIB,22.560,26.010,0.867349
RDN,23.940,21.395,1.118963
RDNT,14.490,13.091,1.106907
RDUS,22.200,20.389,1.088830
RDVT,12.200,8.893,1.371875
RDWR,24.580,24.711,0.994699
RDY,37.960,38.631,0.982633
RE,257.720,231.040,1.115476
RECN,16.130,16.330,0.987771
REDU,8.980,9.573,0.938024
REED,3.380,3.121,1.082936
REFR,3.090,2.634,1.173270
REG,68.540,65.868,1.040561
REGI,15.600,21.555,0.723731
REGN,292.560,367.193,0.796746
REI,3.280,5.055,0.648926
REKR,2.000,0.901,2.218666
RELL,5.520,6.431,0.858313
RELV,4.580,4.438,1.031940
RELX,24.540,22.606,1.085544
RENN,1.000,1.467,0.681795
REPH,10.040,8.721,1.151197
REPL,13.120,13.538,0.969126
RES,6.640,9.854,0.673856
RESI,12.150,10.767,1.128462
RESN,2.470,2.803,0.881266
RETA,86.910,85.594,1.015373
RETO,1.390,1.692,0.821695
REV,20.300,22.685,0.894884
REVG,14.080,10.941,1.286930
REX,74.820,77.095,0.970487
REXN,5.550,6.779,0.818695
REXR,41.930,36.402,1.151863
REZI,21.500,21.671,0.992117
RF,15.220,15.065,1.010296
RFIL,7.760,7.489,1.036228
RFL,21.840,16.651,1.311606
RFP,6.980,7.634,0.914316
RGA,159.800,147.750,1.081557
RGCO,29.220,27.779,1.051859
RGEN,85.000,64.654,1.314691
RGLD,109.970,89.966,1.222354
RGLS,1.260,1.132,1.112939
RGNX,47.480,49.677,0.955772
RGR,55.030,53.892,1.021125
RGS,17.780,18.660,0.952852
RH,122.250,119.542,1.022655
RHE,1.680,1.643,1.022354
RHI,58.590,61.371,0.954692
RHP,77.110,81.008,0.951881
RHT,187.710,182.462,1.028764
RIBT,3.010,3.168,0.949984
RICK,17.270,21.039,0.820868
RIG,6.460,7.882,0.819630
RIGL,2.520,2.291,1.100107
RILY,20.370,17.759,1.147033
RIO,60.710,57.929,1.048000
RIOT,2.260,3.274,0.690277
RIVE,10.500,11.176,0.939511
RJF,86.100,83.249,1.034251
RKDA,3.110,5.156,0.603141
RL,112.470,119.115,0.944211
RLGT,5.280,6.037,0.874659
RLGY,5.590,11.852,0.471654
RLH,7.170,8.039,0.891893
RLI,88.570,76.604,1.156201
RLJ,17.720,18.189,0.974231
RLM,2.690,3.047,0.882917
RM,26.920,25.813,1.042905
RMAX,30.630,36.802,0.832294
RMBL,4.120,5.098,0.808212
RMBS,12.070,10.687,1.129439
RMCF,8.270,9.036,0.915179
RMD,124.390,108.190,1.149736
RMED,3.300,5.225,0.631639
RMG,9.850,5.368,1.834836
RMNI,5.260,5.215,1.008629
RMR,48.750,59.163,0.823989
RMTI,3.040,4.315,0.704451
RNDB,14.940,14.924,1.001051
RNET,9.950,11.413,0.871785
RNG,122.970,108.173,1.136794
RNGR,7.900,7.320,1.079212
RNR,183.950,154.847,1.187948
RNST,35.480,35.487,0.999809
RNWK,1.610,2.578,0.624438
ROAD,14.390,12.535,1.147989
ROAN,1.480,5.754,0.257207
ROCK,39.470,38.642,1.021428
ROG,164.240,151.404,1.084779
ROIC,17.950,17.256,1.040234
ROK,160.360,169.133,0.948128
ROKU,102.470,69.854,1.466927
ROL,37.460,38.763,0.966388
ROLL,164.160,140.014,1.172456
ROP,384.450,333.901,1.151391
ROSE,3.250,3.437,0.945712
ROST,106.020,95.298,1.112508
ROX,0.570,0.693,0.822176
ROYT,2.200,2.066,1.064726
RP,64.570,59.370,1.087595
RPAI,11.900,12.225,0.973430
RPD,62.830,48.909,1.284624
RPLA,9.790,17.198,0.569239
RPM,61.730,58.190,1.060828
RPT,11.760,12.355,0.951815
RRBI,48.490,0.000,
RRC,6.280,9.508,0.660511
RRD,2.140,4.068,0.526104
RRGB,30.830,30.785,1.001468
RRR,22.360,24.884,0.898559
RRTS,11.460,11.082,1.034089
RS,91.840,87.185,1.053393
RSG,86.970,80.819,1.076106
RST,23.710,21.042,1.126819
RTEC,26.990,23.502,1.148425
RTIX,4.290,4.793,0.895045
RTLR,19.730,0.000,
RTN,179.140,177.400,1.009809
RTRX,21.550,20.868,1.032700
RTTR,1.060,0.839,1.262742
RTW,2.050,2.490,0.823167
RUBI,6.860,5.748,1.193551
RUBY,15.400,15.676,0.982372
RUHN,3.620,0.000,
RUN,19.910,15.445,1.289074
RUSHA,35.330,39.402,0.896652
RUSHB,37.200,39.644,0.938354
RUTH,22.110,24.328,0.908823
RVEN,3.950,3.743,1.055381
RVI,35.370,32.349,1.093390
RVLT,0.420,0.350,1.200000
RVNC,12.570,14.695,0.855384
RVP,0.700,0.709,0.987295
RVSB,8.350,7.708,1.083320
RWGE,10.240,10.103,1.013559
RWLK,4.650,5.064,0.918273
RWT,16.490,16.041,1.027962
RXN,28.810,27.126,1.062094
RY,80.040,77.271,1.035839
RYAAY,63.650,71.219,0.893724
RYAM,5.430,11.546,0.470276
RYB,6.320,7.302,0.865572
RYI,8.060,8.291,0.972139
RYN,29.650,30.192,0.982051
RYTM,21.180,26.603,0.796147
S,7.100,6.309,1.125293
SA,13.840,12.766,1.084140
SABR,23.210,21.905,1.059581
SACH,5.240,4.617,1.134859
SAEX,3.560,3.669,0.970411
SAFE,32.520,23.396,1.389975
SAFM,135.260,132.086,1.024032
SAFT,96.230,90.040,1.068752
SAGE,189.960,160.724,1.181899
SAH,23.430,17.627,1.329186
SAIA,65.440,63.183,1.035717
SAIC,87.310,75.549,1.155674
SAIL,20.310,25.177,0.806693
SAL,38.000,40.323,0.942400
SALM,2.300,2.455,0.936674
SALT,6.160,4.696,1.311874
SAM,396.830,302.524,1.311732
SAMA,9.909,0.000,
SAMG,14.010,14.103,0.993418
SAN,4.670,4.720,0.989487
SAND,5.690,5.352,1.063172
SANM,29.830,30.005,0.994166
SANW,2.930,2.656,1.103277
SAP,136.770,117.411,1.164881
SASR,35.540,33.509,1.060625
SATS,45.670,40.437,1.129402
SAUC,0.700,0.918,0.762388
SAVA,1.320,1.159,1.138905
SAVE,50.810,53.918,0.942361
SB,2.030,1.617,1.255453
SBAC,233.970,199.438,1.173149
SBBP,2.920,4.204,0.694594
SBBX,22.720,22.290,1.019295
SBCF,25.990,26.912,0.965727
SBFG,16.500,17.869,0.923398
SBFGP,16.500,17.924,0.920541
SBGI,59.050,43.452,1.358971
SBGL,4.760,3.939,1.208379
SBH,12.020,16.754,0.717458
SBLK,10.650,8.171,1.303379
SBNY,127.600,125.720,1.014955
SBOW,13.520,19.498,0.693393
SBPH,4.780,8.275,0.577625
SBR,47.050,46.088,1.020866
SBRA,20.490,19.342,1.059341
SBS,13.740,11.161,1.231124
SBSI,32.440,33.795,0.959895
SBT,10.080,9.596,1.050401
SBUX,89.770,74.768,1.200640
SC,25.960,21.459,1.209723
SCCO,36.870,36.242,1.017326
SCHL,33.080,38.803,0.852515
SCHN,24.900,23.877,1.042864
SCHW,40.130,44.123,0.909497
SCI,47.750,42.817,1.115211
SCKT,2.330,2.134,1.091979
SCL,92.710,88.454,1.048118
SCON,0.900,1.339,0.672370
SCOR,4.630,14.745,0.314010
SCPH,3.600,3.355,1.073062
SCPL,12.890,0.000,
SCS,17.530,16.703,1.049504
SCSC,32.340,35.437,0.912601
SCVL,27.300,33.255,0.820939
SCWX,13.020,17.694,0.735850
SCX,6.430,7.122,0.902858
SCYX,1.280,1.304,0.981946
SD,6.960,7.845,0.887245
SDI,20.250,17.896,1.131521
SDLP,3.940,8.277,0.476039
SDPI,1.000,1.283,0.779252
SDR,0.630,0.917,0.687006
SDRL,4.250,7.515,0.565550
SDT,0.620,0.908,0.682751
SE,35.170,23.464,1.498899
SEAC,1.690,1.444,1.170261
SEAS,33.330,26.909,1.238601
SEB,3994.530,4082.042,0.978562
SECO,7.310,8.655,0.844610
SEDG,62.120,46.595,1.333187
SEE,43.550,42.970,1.013499
SEED,5.730,6.452,0.888109
SEEL,2.020,3.313,0.609780
SEIC,56.880,52.424,1.084994
SELB,1.660,2.153,0.770998
SELF,3.800,3.871,0.981738
SEM,15.710,14.832,1.059192
SEMG,12.550,14.353,0.874411
SENEA,28.820,26.681,1.080164
SENEB,28.450,27.093,1.050076
SENS,1.620,2.335,0.693643
SERV,53.070,47.293,1.122161
SES,0.500,0.550,0.908460
SESN,1.200,1.193,1.006267
SF,59.870,54.738,1.093752
SFBC,34.270,34.410,0.995942
SFBS,33.700,33.785,0.997496
SFE,11.840,11.041,1.072360
SFET,1.620,2.316,0.699611
SFIX,27.650,26.258,1.053012
SFL,12.900,12.414,1.039145
SFLY,50.540,45.270,1.116411
SFM,18.760,21.869,0.857844
SFNC,23.680,24.880,0.951783
SFST,37.910,36.167,1.048199
SFUN,2.640,1.441,1.831780
SG,11.800,13.315,0.886196
SGA,30.860,31.978,0.965029
SGB,20.310,20.640,0.984023
SGBX,1.020,1.794,0.568579
SGC,16.780,17.192,0.976028
SGEN,63.780,70.591,0.903519
SGH,31.470,23.125,1.360894
SGLB,1.300,1.617,0.803962
SGMA,2.680,2.726,0.983032
SGMO,11.720,10.474,1.118956
SGMS,19.870,22.162,0.896593
SGOC,1.040,1.075,0.967476
SGRP,0.720,0.660,1.090783
SGRY,8.230,11.055,0.744431
SGU,9.690,9.642,1.004964
SHAK,75.480,57.853,1.304697
SHBI,16.030,15.463,1.036670
SHEN,38.990,43.773,0.890729
SHG,37.630,38.134,0.986786
SHI,37.310,46.075,0.809771
SHIP,0.590,4.383,0.134609
SHIPZ,0.200,0.000,
SHLL,9.750,0.000,
SHLO,4.930,5.571,0.884868
SHLX,21.220,20.003,1.060866
SHO,13.510,14.249,0.948111
SHOO,32.900,32.845,1.001680
SHOP,310.020,226.973,1.365890
SHOS,2.520,2.248,1.120875
SHSP,12.000,15.438,0.777317
SHW,469.730,435.994,1.077378
SIBN,19.800,18.310,1.081394
SIC,11.030,11.182,0.986448
SID,4.510,3.670,1.228781
SIEB,10.610,10.987,0.965644
SIEN,6.260,8.867,0.706023
SIF,2.770,3.028,0.914744
SIFY,1.410,1.506,0.936473
SIG,18.520,23.873,0.775783
SIGA,5.730,6.062,0.945247
SIGI,77.020,67.931,1.133805
SILC,30.330,34.367,0.882544
SILK,40.380,23.162,1.743351
SILV,3.870,3.499,1.105905
SIM,8.460,8.912,0.949251
SIMO,42.760,39.933,1.070782
SINA,41.130,55.203,0.745071
SINO,0.740,0.833,0.888054
SINT,0.097,0.195,0.497553
SIRI,6.070,5.828,1.041535
SITC,13.300,13.243,1.004277
SITE,68.460,60.444,1.132626
SITO,0.760,1.479,0.513938
SIVB,222.250,231.702,0.959205
SIX,54.070,53.940,1.002414
SJI,33.390,31.555,1.058167
SJM,114.200,114.029,1.001496
SJR,20.230,20.349,0.994152
SJT,3.530,4.624,0.763376
SJW,62.870,61.025,1.030234
SKIS,4.850,4.471,1.084767
SKM,24.310,24.793,0.980523
SKT,16.390,19.504,0.840361
SKX,34.110,30.652,1.112815
SKY,27.740,21.122,1.313343
SKYS,0.510,0.656,0.777231
SKYW,60.740,55.920,1.086187
SLAB,106.090,91.118,1.164320
SLB,40.810,41.695,0.978763
SLCA,13.290,13.949,0.952751
SLCT,11.470,11.656,0.984079
SLDB,5.310,11.200,0.474104
SLF,41.940,38.791,1.081172
SLG,81.880,87.977,0.930699
SLGG,7.930,0.000,
SLGL,10.480,7.418,1.412708
SLGN,30.590,28.975,1.055747
SLM,9.620,10.110,0.951490
SLMBP,58.750,64.464,0.911358
SLNO,2.850,2.096,1.359599
SLP,32.140,22.702,1.415764
SLS,0.140,0.979,0.143013
SLVO,6.670,6.722,0.992199
SM,10.820,15.807,0.684486
SMAR,54.110,39.765,1.360756
SMBC,32.190,33.544,0.959627
SMBK,22.500,20.096,1.119611
SMED,3.490,3.552,0.982676
SMFG,7.020,7.117,0.986389
SMG,99.990,83.765,1.193698
SMHI,14.520,13.631,1.065202
SMIT,2.150,2.447,0.878537
SMLP,7.900,9.724,0.812445
SMMF,26.400,24.915,1.059591
SMMT,1.340,1.641,0.816773
SMP,44.770,48.339,0.926172
SMPL,26.890,21.745,1.236608
SMRT,0.820,1.004,0.816944
SMSI,2.990,2.595,1.152063
SMTA,8.500,7.504,1.132688
SMTC,49.650,50.091,0.991187
SMTS,1.200,1.546,0.776247
SMTX,4.040,4.121,0.980346
SNA,159.760,160.942,0.992654
SNAP,15.610,10.785,1.447376
SNBR,41.380,39.638,1.043953
SNCR,8.110,6.843,1.185143
SND,2.440,3.243,0.752324
SNDE,1.692,2.699,0.627007
SNDR,18.110,20.222,0.895553
SNDX,8.990,6.723,1.337281
SNE,55.770,48.424,1.151710
SNES,1.310,1.262,1.037815
SNFCA,5.230,5.107,1.023998
SNGX,0.980,0.845,1.159397
SNH,8.540,10.378,0.822887
SNMP,2.160,2.380,0.907418
SNN,43.450,40.250,1.079491
SNNA,0.785,2.032,0.386227
SNOA,6.650,7.600,0.875009
SNP,66.360,76.643,0.865836
SNPS,137.410,112.030,1.226552
SNR,6.870,5.739,1.197071
SNSS,0.850,0.876,0.970540
SNV,35.420,35.706,0.991993
SNX,96.060,97.312,0.987133
SNY,41.280,42.706,0.966617
SO,55.670,51.756,1.075625
SOGO,3.870,5.408,0.715544
SOHO,7.110,6.894,1.031359
SOHOB,25.600,25.161,1.017435
SOHON,25.932,0.000,
SOHOO,25.110,24.744,1.014786
SOHU,13.730,17.291,0.794055
SOI,14.330,15.895,0.901548
SOL,1.250,1.562,0.800029
SOLO,2.840,2.846,0.997881
SOLY,18.550,0.000,
SON,65.160,60.877,1.070360
SONA,15.350,14.960,1.026085
SONM,13.390,0.000,
SONO,11.040,10.928,1.010269
SORL,3.780,3.219,1.174303
SP,32.840,33.410,0.982935
SPAQ,9.990,9.840,1.015267
SPAR,9.960,9.004,1.106179
SPB,51.540,56.380,0.914160
SPCB,1.060,1.420,0.746720
SPEX,2.420,3.276,0.738663
SPFI,17.710,6.419,2.759033
SPG,162.260,174.266,0.931105
SPGI,241.260,208.856,1.155148
SPH,23.760,22.809,1.041694
SPHS,1.050,0.974,1.077893
SPI,2.240,2.868,0.781042
SPKE,11.340,9.544,1.188166
SPKEP,24.800,23.668,1.047822
SPLK,136.820,126.685,1.079998
SPLP,13.630,13.884,0.981681
SPN,1.170,3.451,0.339040
SPNE,13.180,14.559,0.905267
SPNS,16.480,14.562,1.131690
SPOK,15.400,14.449,1.065851
SPOT,152.300,138.306,1.101185
SPPI,8.070,9.729,0.829517
SPR,75.660,85.830,0.881508
SPRO,10.460,11.404,0.917224
SPRT,1.530,2.153,0.710669
SPSC,103.880,101.568,1.022763
SPTN,11.620,16.309,0.712486
SPWH,4.550,4.777,0.952537
SPWR,11.660,7.409,1.573825
SPXC,34.020,33.079,1.028454
SQ,82.280,71.753,1.146708
SQBG,0.560,0.955,0.586223
SQM,30.140,36.898,0.816839
SQNS,0.870,1.021,0.851857
SR,85.250,81.348,1.047968
SRAX,4.830,3.889,1.242064
SRC,44.800,40.563,1.104447
SRCE,45.720,45.725,0.999892
SRCI,4.310,5.139,0.838721
SRCL,45.880,48.191,0.952048
SRDX,40.340,46.156,0.873988
SRE,139.890,125.853,1.111534
SREV,0.990,1.013,0.977612
SRG,42.380,42.952,0.986694
SRI,31.560,28.724,1.098749
SRLP,18.510,17.960,1.030641
SRNE,2.510,3.085,0.813564
SRPT,156.100,127.118,1.227991
SRRA,0.650,1.348,0.482076
SRRK,14.780,17.837,0.828612
SRT,7.030,7.579,0.927609
SRTS,5.360,6.674,0.803159
SSB,76.330,70.069,1.089358
SSD,65.520,61.922,1.058112
SSFN,15.440,10.236,1.508352
SSI,0.720,0.965,0.746498
SSKN,2.490,2.742,0.908253
SSL,23.350,29.314,0.796540
SSNC,58.900,58.198,1.012055
SSNT,2.940,2.839,1.035490
SSP,15.760,19.062,0.826766
SSRM,13.980,12.628,1.107056
SSTI,43.170,45.032,0.958660
SSTK,38.900,41.705,0.932734
SSW,10.180,9.269,1.098293
SSY,1.480,1.439,1.028487
SSYS,29.260,24.310,1.203605
ST,47.240,47.580,0.992861
STAA,30.420,31.968,0.951562
STAF,1.760,1.707,1.030850
STAG,30.690,28.882,1.062600
STAR,12.720,9.687,1.313149
STAY,16.750,17.520,0.956059
STBA,37.690,39.275,0.959635
STC,40.100,42.537,0.942715
STCN,1.750,1.869,0.936555
STE,147.980,127.848,1.157467
STFC,35.460,34.052,1.041361
STG,2.260,3.569,0.633260
STI,64.810,62.299,1.040312
STIM,12.800,15.077,0.848965
STKL,3.080,3.744,0.822640
STKS,3.020,3.168,0.953157
STL,21.570,19.971,1.080058
STLD,30.110,32.849,0.916629
STM,17.860,16.380,1.090374
STML,13.210,13.057,1.011719
STMP,48.050,93.995,0.511200
STN,24.390,23.970,1.017528
STND,27.500,28.662,0.959462
STNE,33.820,28.606,1.182262
STNG,29.510,22.771,1.295964
STNL,10.180,10.089,1.008982
STON,1.980,3.017,0.656243
STOR,34.250,32.840,1.042948
STRA,180.990,146.292,1.237187
STRL,13.490,13.146,1.026171
STRM,1.460,1.229,1.188172
STRO,11.640,10.789,1.078914
STRS,28.200,26.025,1.083594
STRT,22.630,29.000,0.780351
STT,55.190,65.026,0.848742
STWD,23.250,22.348,1.040382
STX,47.620,45.689,1.042259
STXB,22.240,21.893,1.015867
STZ,199.600,183.488,1.087810
SU,32.280,32.305,0.999227
SUI,133.620,119.156,1.121391
SUM,18.730,16.283,1.150292
SUMR,0.490,0.762,0.643380
SUN,32.660,30.427,1.073375
SUNW,0.528,0.657,0.803737
SUP,2.930,4.857,0.603279
SUPN,31.900,35.528,0.897877
SUPV,8.350,7.540,1.107483
SURF,2.640,4.318,0.611414
SUZ,17.070,21.332,0.800224
SVA,6.470,0.000,
SVBI,8.570,8.769,0.977314
SVM,2.500,2.358,1.060094
SVMK,16.540,15.720,1.052143
SVRA,2.590,7.848,0.330036
SVT,9.850,11.457,0.859763
SWAV,50.830,0.000,
SWCH,13.360,10.534,1.268315
SWI,18.910,18.311,1.032722
SWIR,11.760,13.077,0.899293
SWK,147.150,136.688,1.076541
SWKS,81.010,78.616,1.030452
SWM,33.470,34.039,0.983284
SWN,2.720,4.019,0.676771
SWX,90.550,83.185,1.088532
SXC,8.770,8.929,0.982175
SXCP,12.410,12.605,0.984533
SXI,70.980,73.143,0.970431
SXT,73.540,67.476,1.089876
SXTC,2.940,0.000,
SY,16.780,6.239,2.689547
SYBT,35.670,34.857,1.023325
SYBX,8.120,8.206,0.989567
SYF,35.960,32.382,1.110507
SYK,206.400,187.595,1.100241
SYKE,27.760,27.567,1.007003
SYMC,25.570,21.883,1.168500
SYN,0.560,0.615,0.909835
SYNA,31.030,35.611,0.871362
SYNC,1.500,1.662,0.902784
SYNH,48.730,47.804,1.019368
SYNL,15.880,16.136,0.984152
SYPR,0.840,0.986,0.851703
SYRS,8.750,7.089,1.234319
SYX,21.480,22.259,0.965022
SYY,72.590,68.505,1.059634
T,33.650,31.325,1.074221
TA,3.580,4.150,0.862571
TAC,6.280,6.264,1.002596
TACO,12.840,10.842,1.184252
TACT,12.710,9.820,1.294297
TAIT,3.060,2.896,1.056507
TAK,17.790,19.089,0.931969
TAL,35.900,34.683,1.035099
TALO,24.750,24.133,1.025571
TANH,1.460,1.572,0.928988
TAOP,0.730,0.979,0.745595
TAP,54.380,59.784,0.909611
TARO,82.900,98.391,0.842553
TAST,8.870,9.443,0.939368
TAT,0.720,0.961,0.749285
TATT,5.650,6.307,0.895881
TAYD,11.020,11.981,0.919796
TBBK,9.350,8.951,1.044604
TBI,21.750,23.197,0.937630
TBIO,10.150,9.285,1.093130
TBK,28.470,30.394,0.936711
TBLT,0.389,1.353,0.287571
TBNK,29.900,27.910,1.071295
TBPH,17.340,22.329,0.776579
TBRG,13.310,10.275,1.295423
TC,4.700,5.837,0.805173
TCBI,61.130,59.575,1.026110
TCBIP,25.960,25.709,1.009754
TCBK,38.390,38.480,0.997655
TCCO,3.350,3.507,0.955351
TCDA,33.120,29.894,1.107910
TCF,21.140,21.339,0.990653
TCFC,32.950,30.361,1.085266
TCGP,24.800,23.120,1.072664
TCI,27.150,30.676,0.885069
TCMD,54.990,58.335,0.942652
TCO,40.900,48.852,0.837218
TCON,0.588,0.916,0.642259
TCP,38.860,35.314,1.100410
TCRR,13.000,0.000,
TCS,6.970,7.362,0.946814
TCX,50.600,71.590,0.706804
TD,58.720,56.068,1.047302
TDAC,10.350,10.200,1.014700
TDC,36.640,41.614,0.880474
TDG,498.060,442.674,1.125117
TDOC,70.620,60.472,1.167812
TDS,31.790,32.518,0.977603
TDW,23.470,22.774,1.030573
TDY,278.050,241.173,1.152905
TEAM,138.555,113.607,1.219602
TECD,100.040,100.050,0.999901
TECH,209.310,193.210,1.083330
TECK,21.680,22.481,0.964357
TECTP,10.820,0.000,
TEDU,1.260,4.963,0.253878
TEF,8.330,8.431,0.988057
TEL,94.440,86.349,1.093698
TELL,8.230,9.067,0.907662
TEN,9.610,22.811,0.421288
TENB,30.560,29.137,1.048837
TENX,1.390,1.467,0.947379
TEO,18.030,15.598,1.155911
TER,46.260,41.975,1.102076
TERP,14.270,13.159,1.084447
TESS,18.440,16.910,1.090479
TEUM,3.120,3.633,0.858908
TEVA,9.250,14.403,0.642228
TEX,30.640,31.150,0.983635
TFSL,18.150,16.980,1.068924
TFX,334.270,294.111,1.136543
TG,16.950,16.913,1.002198
TGA,1.470,1.790,0.821019
TGB,0.520,0.584,0.890923
TGC,0.850,0.973,0.873950
TGE,22.280,23.536,0.946621
TGEN,3.560,3.761,0.946620
TGH,9.690,10.776,0.899250
TGI,23.280,20.512,1.134938
TGLS,7.400,7.506,0.985854
TGNA,15.810,14.221,1.111761
TGP,15.480,14.009,1.105027
TGS,16.240,13.904,1.168031
TGT,87.530,77.893,1.123720
TGTX,8.000,6.666,1.200032
TH,9.400,10.060,0.934355
THC,19.480,23.630,0.824378
THCB,9.950,0.000,
THFF,40.160,41.253,0.973516
THG,131.150,119.162,1.100600
THM,0.540,0.532,1.014921
THO,59.320,61.835,0.959323
THOR,15.470,16.464,0.939615
THR,25.530,24.537,1.040478
THRM,40.190,40.486,0.992686
THS,55.570,58.592,0.948423
TI,5.630,5.592,1.006853
TIBR,10.225,10.059,1.016496
TIF,94.660,95.743,0.988694
TIGO,57.890,0.000,
TIGR,5.020,0.000,
TILE,15.050,16.027,0.939066
TIPT,6.380,6.103,1.045457
TISI,14.980,15.931,0.940306
TITN,20.340,17.864,1.138634
TIVO,7.400,9.038,0.818757
TJX,56.690,51.857,1.093198
TK,4.390,3.816,1.150295
TKAT,0.739,0.711,1.039895
TKC,5.710,5.755,0.992240
TKKS,10.060,9.909,1.015230
TKR,48.370,45.590,1.060984
TLC,5.060,5.828,0.868254
TLF,5.990,5.761,1.039820
TLGT,0.670,1.122,0.597197
TLK,29.810,27.356,1.089687
TLND,36.310,44.295,0.819728
TLRA,7.550,6.012,1.255873
TLRD,6.100,9.032,0.675378
TLRY,43.340,60.608,0.715082
TLSA,6.950,6.984,0.995180
TLYS,8.140,10.763,0.756307
TM,127.710,121.933,1.047380
TMCX,10.330,10.207,1.012018
TMDI,2.200,2.870,0.766673
TMDX,25.500,0.000,
TME,15.710,15.901,0.987989
TMHC,21.570,19.083,1.130349
TMK,92.050,85.155,1.080969
TMO,290.940,265.538,1.095664
TMP,81.680,78.710,1.037728
TMQ,2.780,2.466,1.127353
TMSR,1.520,1.884,0.807000
TMST,7.190,10.102,0.711720
TMUS,79.450,72.562,1.094925
TNAV,8.790,6.331,1.388441
TNC,64.150,61.306,1.046392
TNDM,63.700,59.427,1.071910
TNET,71.420,59.308,1.204223
TNK,1.380,1.097,1.258388
TNP,3.400,3.227,1.053453
TNXP,1.130,2.009,0.562424
TOCA,5.930,8.887,0.667294
TOL,36.800,36.706,1.002570
TOO,1.310,1.264,1.036480
TOPS,0.480,0.744,0.644791
TORC,9.850,8.227,1.197207
TOT,56.450,55.199,1.022660
TOTA,10.270,10.091,1.017693
TOUR,3.170,4.314,0.734896
TOWR,30.990,22.965,1.349452
TPB,52.540,44.176,1.189325
TPC,14.180,16.929,0.837623
TPCO,8.270,10.824,0.764018
TPGH,10.350,10.235,1.011216
TPH,12.580,12.856,0.978512
TPHS,3.830,4.105,0.933052
TPIC,25.660,27.426,0.935594
TPL,790.240,761.602,1.037603
TPR,30.340,32.871,0.923013
TPRE,10.620,10.680,0.994418
TPTX,42.380,0.000,
TPX,77.770,60.774,1.279652
TR,36.840,37.089,0.993280
TRC,17.810,17.754,1.003178
TRCB,14.420,15.416,0.935376
TRCH,1.550,1.304,1.189096
TRCO,46.390,46.141,1.005400
TREC,9.490,9.252,1.025709
TREE,432.680,349.961,1.236366
TREX,71.540,69.090,1.035458
TRGP,41.830,40.841,1.024205
TRHC,54.250,54.336,0.998417
TRI,67.380,58.731,1.147274
TRIB,2.400,2.521,0.951891
TRIL,0.363,0.812,0.447154
TRIP,45.230,51.330,0.881168
TRK,18.730,17.020,1.100465
TRMB,44.280,40.269,1.099611
TRMD,8.700,7.537,1.154241
TRMK,33.180,33.305,0.996259
TRMT,4.290,7.745,0.553925
TRN,19.880,21.928,0.906593
TRNE,9.750,0.000,
TRNO,49.720,43.300,1.148266
TRNS,25.300,23.740,1.065726
TRNX,0.260,1.166,0.223037
TROV,2.150,3.320,0.647665
TROW,110.610,101.639,1.088264
TROX,11.980,11.549,1.037353
TRP,50.660,45.943,1.102662
TRPX,2.350,3.491,0.673230
TRQ,1.080,1.508,0.715956
TRS,31.090,30.268,1.027147
TRST,8.150,7.862,1.036634
TRT,2.880,3.141,0.916997
TRTN,33.030,32.473,1.017146
TRTX,19.780,19.659,1.006139
TRU,75.380,65.999,1.142141
TRUE,5.340,7.065,0.755851
TRUP,34.460,31.072,1.109021
TRV,153.390,137.679,1.114109
TRVG,4.050,4.710,0.859956
TRVI,7.400,99.190,0.074605
TRVN,1.050,1.257,0.835591
TRWH,28.970,0.000,
TRX,1.060,0.684,1.548912
TRXC,1.400,2.069,0.676728
TS,27.380,26.375,1.038094
TSBK,26.850,27.926,0.961482
TSC,20.550,21.571,0.952689
TSCAP,26.789,26.349,1.016703
TSCBP,26.075,0.000,
TSCO,112.970,98.358,1.148556
TSE,39.500,45.189,0.874114
TSEM,16.600,16.393,1.012657
TSG,16.310,17.426,0.935981
TSLA,245.080,263.879,0.928758
TSM,41.230,39.799,1.035957
TSN,81.380,70.666,1.151613
TSQ,5.590,5.704,0.980006
TSRI,4.370,5.062,0.863363
TSS,132.100,102.778,1.285293
TST,6.120,15.393,0.397572
TSU,16.090,15.317,1.050434
TTC,67.370,67.031,1.005064
TTD,244.050,194.296,1.256072
TTEC,46.240,36.983,1.250308
TTEK,83.870,63.372,1.323460
TTGT,21.390,17.230,1.241423
TTI,1.800,2.138,0.842053
TTM,11.570,12.969,0.892122
TTMI,9.670,11.192,0.864005
TTNP,1.220,1.424,0.856821
TTOO,1.500,2.770,0.541606
TTPH,0.430,1.048,0.410404
TTS,4.340,5.510,0.787681
TTWO,116.460,101.085,1.152105
TU,37.430,36.301,1.031097
TUES,1.670,2.000,0.835000
TUFN,29.680,0.000,
TUP,17.650,25.764,0.685073
TURN,1.980,1.935,1.023236
TUSK,7.790,16.271,0.478777
TV,9.530,10.632,0.896378
TVIX,14.530,28.443,0.510848
TVTY,16.620,19.954,0.832920
TW,48.250,0.000,
TWI,4.220,5.473,0.771018
TWIN,14.430,16.182,0.891758
TWLO,142.150,124.933,1.137812
TWMC,0.290,0.423,0.684998
TWNK,14.570,12.716,1.145839
TWO,13.130,13.513,0.971637
TWOU,39.120,54.853,0.713175
TWST,28.570,24.815,1.151325
TWTR,37.840,34.498,1.096882
TX,22.410,26.671,0.840241
TXMD,2.500,4.307,0.580406
TXN,118.320,108.618,1.089322
TXRH,53.540,58.974,0.907851
TXT,53.610,51.354,1.043925
TYHT,0.650,0.801,0.811586
TYL,227.270,209.111,1.086838
TYME,1.250,1.933,0.646768
TYPE,17.290,17.892,0.966367
TZAC,10.270,10.119,1.014906
TZOO,14.040,15.133,0.927770
UA,23.980,20.133,1.191076
UAA,27.300,22.555,1.210356
UAL,91.230,84.921,1.074294
UAMY,0.620,0.561,1.105184
UAN,3.580,3.745,0.956029
UAVS,0.310,0.400,0.775000
UBA,21.210,21.303,0.995635
UBCP,11.260,11.178,1.007355
UBER,43.990,0.000,
UBFO,10.680,10.444,1.022600
UBNK,14.110,14.363,0.982387
UBNT,129.970,135.937,0.956107
UBOH,22.390,22.358,1.001448
UBP,16.770,16.896,0.992554
UBS,12.220,12.427,0.983329
UBSI,36.990,36.893,1.002638
UBX,8.570,9.718,0.881826
UCBI,28.410,26.831,1.058856
UCFC,9.450,9.404,1.004944
UCTT,14.050,11.948,1.175935
UDR,46.260,44.456,1.040573
UE,17.210,18.686,0.921016
UEC,1.070,1.350,0.792593
UEIC,43.190,35.959,1.201100
UEPS,4.050,3.852,1.051406
UFAB,3.000,4.037,0.743052
UFCS,48.920,47.794,1.023562
UFI,18.310,20.360,0.899292
UFPI,37.000,32.810,1.127715
UFPT,40.490,35.807,1.130779
UFS,41.540,46.527,0.892816
UG,20.350,19.464,1.045497
UGI,52.900,53.915,0.981171
UGLD,120.840,99.672,1.212372
UGP,5.460,10.127,0.539164
UHAL,379.300,373.261,1.016178
UHS,132.900,129.038,1.029928
UHT,88.840,77.829,1.141470
UIHC,14.500,15.460,0.937890
UIS,10.170,11.478,0.886036
UL,62.680,57.759,1.085204
ULBI,8.020,9.007,0.890371
ULH,21.400,21.190,1.009892
ULTA,356.390,327.117,1.089487
UMBF,65.600,66.029,0.993508
UMC,2.300,1.969,1.168192
UMH,12.540,13.409,0.935192
UMPQ,17.040,17.239,0.988443
UMRX,2.270,3.684,0.616234
UN,60.540,57.728,1.048703
UNAM,6.290,6.026,1.043871
UNB,34.890,41.600,0.838702
UNF,185.700,154.058,1.205392
UNFI,9.610,12.294,0.781684
UNH,265.900,247.909,1.072572
UNIT,9.280,12.452,0.745258
UNM,33.080,34.739,0.952256
UNP,174.050,167.035,1.041996
UNT,8.030,13.329,0.602428
UNTY,21.310,20.555,1.036725
UNVR,21.440,21.756,0.985474
UONE,2.200,2.194,1.002888
UONEK,2.160,1.990,1.085386
UPL,0.221,0.546,0.404886
UPLD,45.930,40.654,1.129775
UPS,105.910,105.003,1.008641
UPWK,16.620,18.645,0.891390
UQM,1.660,1.599,1.038094
URBN,24.000,28.469,0.843015
URG,0.620,0.810,0.765793
URGN,33.010,38.925,0.848030
URI,136.340,126.072,1.081449
UROV,9.150,9.193,0.995317
USAC,18.380,16.374,1.122513
USAK,9.480,14.664,0.646493
USAP,15.510,15.998,0.969472
USAS,2.350,1.804,1.302517
USAT,7.290,5.517,1.321383
USATP,25.500,21.272,1.198743
USB,53.600,51.089,1.049142
USCR,50.720,43.234,1.173156
USDP,11.680,11.023,1.059573
USEG,0.500,0.639,0.782090
USFD,36.170,35.462,1.019968
USLM,83.430,77.033,1.083045
USLV,64.290,67.256,0.955904
USM,46.470,49.209,0.944339
USNA,59.730,89.409,0.668055
USOI,21.850,22.277,0.980831
USPH,128.350,112.387,1.142032
USWS,4.760,7.280,0.653880
USX,4.320,6.820,0.633460
UTHR,76.480,103.072,0.742008
UTI,3.730,3.474,1.073818
UTL,59.620,55.049,1.083039
UTMD,86.360,86.110,1.002909
UTSI,3.100,3.391,0.914207
UTX,133.720,127.561,1.048282
UUU,1.200,1.271,0.943804
UUUU,1.930,3.012,0.640790
UVE,28.270,32.187,0.878315
UVSP,26.330,24.897,1.057556
UVV,60.520,57.052,1.060791
UXIN,2.690,3.168,0.849092
V,180.330,156.047,1.155610
VAC,98.430,94.896,1.037240
VALE,13.800,12.920,1.068080
VALU,26.150,22.900,1.141921
VAPO,20.360,18.444,1.103907
VAR,134.870,133.171,1.012755
VBFC,33.110,33.030,1.002436
VBIV,0.849,1.748,0.485892
VBLT,1.380,1.355,1.018726
VBTX,26.000,25.685,1.012262
VC,56.860,67.268,0.845275
VCEL,19.830,17.780,1.115288
VCNX,4.150,5.465,0.759383
VCRA,29.330,33.364,0.879096
VCTR,19.250,14.724,1.307372
VCYT,27.330,22.666,1.205796
VEC,41.960,32.231,1.301834
VECO,11.860,11.338,1.046074
VEDL,9.830,9.928,0.990082
VEEV,175.090,132.986,1.316607
VEON,3.170,2.481,1.277675
VER,9.130,8.398,1.087142
VERB,2.010,5.992,0.335427
VERI,8.120,6.646,1.221733
VERU,2.310,1.618,1.427540
VET,21.900,23.778,0.921031
VFC,88.880,82.768,1.073846
VFF,9.280,178.069,0.052115
VG,12.990,10.403,1.248626
VGR,9.590,10.390,0.922996
VGZ,0.790,0.678,1.165559
VHC,7.130,5.825,1.223946
VHI,2.380,2.707,0.879046
VIA,36.370,34.181,1.064051
VIAB,31.700,29.162,1.087020
VIAV,14.580,12.501,1.166307
VICI,22.270,21.833,1.020034
VICL,0.760,1.045,0.727193
VICR,31.020,34.206,0.906864
VIIX,9.650,12.812,0.753223
VIOT,8.990,9.732,0.923715
VIPS,7.730,7.669,1.007913
VIRC,4.240,4.233,1.001641
VIRT,21.840,24.335,0.897469
VISI,4.460,4.264,1.045955
VISL,1.610,3.016,0.533760
VIV,13.970,12.440,1.123004
VIVE,0.385,0.764,0.503625
VIVO,11.470,14.088,0.814145
VJET,1.880,2.031,0.925447
VKTX,8.230,8.452,0.973692
VLGEA,25.500,27.572,0.924859
VLO,84.750,82.722,1.024513
VLRS,10.070,8.716,1.155292
VLRX,3.120,6.172,0.505501
VLY,10.890,10.273,1.060063
VLYPO,25.490,24.853,1.025641
VLYPP,27.040,26.898,1.005287
VMC,135.790,119.674,1.134666
VMI,129.780,127.118,1.020942
VMW,169.700,175.440,0.967280
VNCE,13.750,13.106,1.049099
VNDA,13.660,18.803,0.726475
VNE,16.420,23.760,0.691089
VNET,7.780,8.259,0.941967
VNO,65.600,67.145,0.976996
VNOM,30.870,31.524,0.979257
VNRX,3.370,3.041,1.108080
VNTR,4.350,5.367,0.810551
VOC,5.490,5.180,1.059783
VOD,16.490,17.742,0.929446
VOXX,4.710,4.481,1.050999
VOYA,56.930,51.127,1.113508
VPG,40.490,36.097,1.121704
VRA,11.440,11.101,1.030560
VRAY,9.170,8.010,1.144873
VRCA,11.000,10.548,1.042869
VREX,30.650,30.486,1.005391
VRML,0.920,1.004,0.916572
VRNA,4.933,6.202,0.795343
VRNS,66.390,61.080,1.086931
VRNT,55.090,54.748,1.006241
VRRM,13.670,12.009,1.138298
VRS,17.830,21.393,0.833463
VRSK,151.830,133.126,1.140495
VRSN,219.650,186.982,1.174710
VRTS,111.130,103.928,1.069300
VRTSP,96.000,91.636,1.047623
VRTU,44.360,48.966,0.905927
VRTV,17.470,26.172,0.667515
VRTX,175.790,179.857,0.977387
VSAT,84.210,79.255,1.062524
VSEC,26.020,30.312,0.858411
VSH,15.780,18.636,0.846733
VSI,4.230,5.418,0.780729
VSLR,7.920,5.665,1.398181
VSM,51.780,46.495,1.113667
VST,22.580,25.009,0.902886
VSTM,1.510,2.484,0.607954
VSTO,8.580,9.098,0.943079
VTGN,0.670,1.126,0.594809
VTIQ,10.130,10.000,1.012985
VTIQW,0.426,0.480,0.887925
VTNR,1.480,1.426,1.037779
VTR,69.120,63.676,1.085497
VTSI,2.320,3.480,0.666589
VTVT,1.370,1.907,0.718426
VUZI,2.880,3.385,0.850860
VVI,69.300,58.809,1.178392
VVPR,1.680,1.204,1.395057
VVUS,3.430,4.059,0.845066
VVV,20.030,19.190,1.043748
VXRT,0.720,1.310,0.549714
VYGR,25.500,18.786,1.357408
VZ,57.190,57.168,1.000387
W,150.110,141.755,1.058940
WAAS,18.250,19.764,0.923390
WAB,72.040,71.564,1.006650
WABC,61.470,62.145,0.989132
WAFD,35.440,31.238,1.134509
WAFU,3.200,0.000,
WAGE,50.900,41.015,1.241020
WAIR,10.930,9.076,1.204332
WAL,45.120,44.443,1.015239
WASH,52.320,51.202,1.021828
WAT,217.130,223.431,0.971801
WATT,4.590,5.903,0.777544
WB,42.360,57.956,0.730897
WBA,55.740,60.133,0.926942
WBAI,10.300,12.343,0.834472
WBC,132.720,128.290,1.034529
WBK,19.650,18.976,1.035504
WBS,47.450,51.650,0.918690
WBT,16.820,15.608,1.077630
WCC,50.180,52.482,0.956135
WCFB,8.470,8.164,1.037505
WCG,292.390,268.793,1.087789
WCN,96.880,88.222,1.098137
WD,56.570,52.235,1.082996
WDAY,222.170,194.374,1.143001
WDC,55.300,45.840,1.206378
WDFC,178.020,169.604,1.049622
WDR,16.780,17.458,0.961138
WEBK,32.510,32.240,1.008384
WEC,85.470,77.929,1.096772
WEI,8.610,10.196,0.844446
WELL,84.750,77.527,1.093168
WEN,19.550,18.078,1.081397
WERN,30.900,32.681,0.945517
WES,31.730,31.324,1.012952
WETF,6.360,6.801,0.935147
WEX,219.070,187.971,1.165448
WEYS,24.740,29.378,0.842124
WF,35.600,37.423,0.951287
WFC,47.360,47.941,0.987883
WGO,39.010,33.147,1.176889
WH,60.720,53.268,1.139901
WHD,31.750,34.324,0.924999
WHG,33.400,34.651,0.963895
WHLM,5.750,5.941,0.967877
WHLR,1.630,1.744,0.934793
WHLRD,15.600,13.735,1.135783
WHLRP,14.590,12.405,1.176155
WHR,146.420,134.271,1.090485
WIFI,17.900,21.831,0.819950
WILC,10.170,8.663,1.173920
WINA,173.010,172.129,1.005118
WING,97.270,76.483,1.271789
WINS,14.000,21.857,0.640523
WIRE,55.520,55.819,0.994650
WISA,1.140,2.085,0.546693
WIT,4.200,4.746,0.884964
WIX,143.480,124.046,1.156664
WK,60.750,49.817,1.219455
WKHS,3.490,1.344,2.597464
WLDN,35.250,35.842,0.983479
WLFC,63.200,46.462,1.360241
WLH,19.530,16.229,1.203406
WLK,68.850,69.434,0.991595
WLKP,23.810,23.013,1.034616
WLL,17.380,24.380,0.712873
WLTW,196.420,175.530,1.119009
WM,117.910,104.295,1.130540
WMB,28.850,27.461,1.050590
WMC,10.070,10.023,1.004684
WMGI,26.690,30.266,0.881856
WMK,36.690,42.586,0.861549
WMS,32.780,27.533,1.190572
WMT,114.600,101.331,1.130942
WNC,15.300,14.540,1.052264
WNEB,9.370,9.479,0.988516
WNS,59.880,53.825,1.112498
WOR,38.850,37.782,1.028270
WORK,33.730,0.000,
WORX,4.480,5.765,0.777046
WOW,7.680,8.134,0.944135
WP,130.760,106.956,1.222561
WPC,84.330,77.868,1.082987
WPG,3.690,4.912,0.751166
WPM,24.110,21.911,1.100380
WPP,60.630,58.528,1.035910
WPRT,3.110,1.930,1.611718
WPX,11.210,12.403,0.903843
WRB,67.870,58.204,1.166073
WRI,27.630,28.418,0.972286
WRK,36.950,37.869,0.975742
WRLD,173.790,128.300,1.354561
WRLS,10.360,10.288,1.006973
WRN,0.670,0.600,1.117235
WRTC,5.110,5.754,0.888143
WSBC,38.410,39.313,0.977031
WSBF,16.930,16.623,1.018498
WSFS,41.050,41.553,0.987890
WSM,65.440,56.913,1.149819
WSO,164.840,151.472,1.088253
WSR,12.770,12.879,0.991560
WST,124.430,112.261,1.108401
WSTG,11.210,11.380,0.985048
WSTL,1.810,2.057,0.879847
WTBA,21.720,21.313,1.019090
WTER,1.890,2.562,0.737626
WTFC,72.090,72.328,0.996715
WTFCM,28.037,27.945,1.003292
WTI,4.690,5.373,0.872862
WTM,1044.000,943.549,1.106461
WTR,41.000,37.463,1.094416
WTRH,6.010,9.929,0.605302
WTS,92.200,81.831,1.126714
WTT,1.580,1.599,0.988019
WTTR,11.010,10.633,1.035480
WU,20.500,18.885,1.085533
WUBA,57.900,63.691,0.909082
WVE,26.230,33.592,0.780845
WVFC,17.160,16.836,1.019261
WVVI,6.750,7.087,0.952404
WVVIP,4.652,4.693,0.991222
WW,24.500,23.274,1.052685
WWD,115.890,99.441,1.165413
WWE,73.180,82.514,0.886884
WWR,5.010,6.897,0.726425
WWW,27.280,32.950,0.827917
WY,25.540,25.426,1.004473
WYND,46.420,42.684,1.087516
WYNN,133.890,124.994,1.071172
WYY,0.450,0.454,0.991923
X,14.150,18.009,0.785698
XAN,11.520,10.863,1.060513
XBIO,12.695,18.186,0.698052
XBIT,7.290,8.408,0.867053
XEC,55.870,67.260,0.830658
XEL,60.800,55.850,1.088633
XELA,2.140,3.236,0.661359
XELB,3.150,1.494,2.108916
XENE,10.160,9.143,1.111180
XENT,20.400,28.444,0.717190
XERS,11.930,11.585,1.029749
XFOR,14.630,17.446,0.838598
XHR,21.240,20.468,1.037736
XIN,4.220,4.595,0.918458
XLNX,120.320,115.171,1.044704
XLRN,40.860,42.569,0.959857
XNCR,44.340,33.787,1.312332
XNET,2.610,3.338,0.781848
XOG,4.280,4.227,1.012551
XOM,77.630,76.946,1.008888
XOMA,17.420,14.505,1.200943
XON,7.640,6.234,1.225588
XONE,8.200,8.755,0.936620
XPER,20.930,22.400,0.934369
XPL,0.310,0.338,0.917533
XPO,58.410,57.150,1.022049
XRAY,56.930,49.725,1.144885
XRF,0.406,0.909,0.446750
XRX,35.370,31.347,1.128353
XSPA,1.500,2.860,0.524504
XTLB,1.980,2.234,0.886406
XTNT,3.050,2.995,1.018455
XXII,1.980,2.100,0.942686
XYF,3.140,5.146,0.610224
XYL,82.500,76.953,1.072089
XYN,3.200,8.182,0.391081
Y,704.700,648.654,1.086403
YCBD,4.360,5.048,0.863753
YELP,36.040,35.364,1.019110
YETI,33.410,25.924,1.288757
YEXT,20.660,19.536,1.057554
YGTY,1.060,2.726,0.388847
YGYI,5.470,6.203,0.881780
YI,5.100,7.672,0.664756
YIN,4.920,5.865,0.838903
YJ,10.430,0.000,
YMAB,22.870,22.524,1.015359
YNDX,40.330,35.597,1.132960
YOGA,0.650,0.733,0.887053
YORW,35.540,34.087,1.042623
YPF,18.440,15.273,1.207391
YRCW,3.680,5.983,0.615102
YRD,12.430,13.650,0.910633
YRIV,0.471,1.067,0.441361
YTEN,0.920,1.051,0.875427
YTRA,3.770,4.459,0.845523
YUM,111.050,100.265,1.107570
YUMA,2.930,0.337,8.689049
YUMC,43.700,41.748,1.046747
YVR,1.730,2.759,0.627020
YY,67.490,74.421,0.906863
Z,50.160,38.674,1.296989
ZAGG,7.170,9.058,0.791551
ZAYO,33.480,29.632,1.129851
ZBH,120.600,119.166,1.012032
ZBRA,200.440,196.689,1.019073
ZDGE,1.560,2.003,0.779025
ZEAL,22.200,18.006,1.232906
ZEN,93.620,80.985,1.156016
ZEUS,12.260,16.162,0.758584
ZFGN,1.180,3.063,0.385256
ZG,49.910,38.229,1.305548
ZGNX,47.100,44.228,1.064927
ZION,46.380,46.971,0.987418
ZIOP,5.710,3.865,1.477405
ZIV,76.350,72.352,1.055263
ZIXI,10.080,8.106,1.243484
ZKIN,1.390,1.534,0.906159
ZLAB,36.350,29.058,1.250939
ZM,93.300,0.000,
ZN,0.400,0.535,0.747077
ZNGA,6.270,5.441,1.152412
ZNH,33.970,37.620,0.902988
ZOM,0.254,0.555,0.457683
ZS,81.870,63.999,1.279233
ZSAN,3.260,3.444,0.946540
ZTO,19.820,18.694,1.060261
ZTS,113.310,99.216,1.142052
ZUMZ,24.970,24.129,1.034844
ZUO,16.390,19.995,0.819697
ZVO,3.640,0.000,
ZYME,24.000,17.467,1.374006
ZYNE,13.640,8.758,1.557376
ZYXI,8.560,5.986,1.430014
