YI,Health Care,Medical/Nursing Services,471.99,5.36,7.709,0.695256,10,\N,21,\N,\N,\N,\N,\N,\N,37,\N,\N
PIH,Finance,Property-Casualty Insurers,31.81,5.2,5.131,1.01347,52,0.5,35,0.32,-0.05,-0.41,0.08,-0.04,-0.493151,48,\N,2019-07-05 16:55:27
PIHPP,Finance,Property-Casualty Insurers,17.33,24.991,23.623,1.05792,67,\N,21,\N,\N,\N,\N,\N,\N,37,\N,\N
TURN,Finance,Finance/Investors Services,61,1.94,1.928,1.00626,49,85.36,99,0.06,-0.2,-0.04,-0.2,-0.1,\N,37,\N,2019-07-05 16:55:58
FLWS,Consumer Services,Other Specialty Stores,1220,19.26,17.541,1.098,77,1.02,46,-0.13,-0.13,-0.27,1.04,-0.13,0,67,\N,2019-07-05 16:56:12
BCOW,Finance,Banks,45.35,9.25,0,0,2,\N,21,\N,\N,\N,\N,\N,\N,37,\N,\N
FCCY,Finance,Savings Institutions,151.33,18.24,18.733,0.973676,39,3.05,69,0.34,0.22,0.46,0.38,0.39,0.208333,78,\N,2019-07-05 16:56:40
SRCE,Finance,Major Banks,1140,46.65,45.533,1.02453,57,4.13,78,0.73,0.84,0.76,0.82,0.86,1,100,\N,2019-07-05 16:56:55
VNET,Technology,Computer Software: Programming\, Data Processing,853.06,8.05,8.291,0.970951,39,\N,21,\N,\N,\N,\N,\N,\N,37,\N,\N
TWOU,Technology,Computer Software: Prepackaged Software,2260,38.51,55.237,0.697182,10,5.5,84,-0.28,-0.33,-0.17,0.08,-0.37,-0.2,56,\N,2019-07-05 16:57:08
QFIN,Finance,Finance: Consumer Services,1540,11.44,15.529,0.736666,12,\N,21,\N,\N,\N,\N,\N,\N,37,\N,\N
JOBS,Technology,Diversified Commercial Services,4380,75.96,74.496,1.01965,55,\N,21,\N,\N,\N,\N,\N,\N,37,\N,\N
JFK,Finance,Business Services,73.61,9.88,0,0,2,\N,21,\N,\N,\N,\N,\N,\N,37,\N,\N
JFKKU,Finance,Business Services,51.6,10.85,0,0,2,\N,21,\N,\N,\N,\N,\N,\N,37,\N,\N
JFKKW,Finance,Business Services,1.15,0.4,0,0,2,\N,21,\N,\N,\N,\N,\N,\N,37,\N,\N
EGHT,Technology,EDP Services,2240,24.7,21.454,1.15132,87,6.76,87,-0.14,-0.16,-0.23,-0.25,-0.29,\N,12,\N,2019-07-06 07:12:02
AAON,Capital Goods,Industrial Machinery/Components,2490,49.71,43.558,1.14122,85,5.87,85,0.08,0.22,0.27,0.24,0.21,0.684211,92,\N,2019-07-05 16:57:43
ABEO,Health Care,Major Pharmaceuticals,226.64,4.56,6.857,0.665041,9,93.83,99,-0.18,-0.25,-0.34,-0.42,-0.39,\N,37,\N,2019-07-05 16:57:58
ABIL,Capital Goods,Telecommunications Equipment,7.4,0.929,1.622,0.572874,6,13.2,94,0.01,-1.23,-1.09,-0.83,-0.53,\N,37,\N,2019-07-05 16:58:12
ABMD,Health Care,Medical/Dental Instruments,11600,261.47,297.687,0.87834,23,15.4,95,0.8,1.95,1.09,0.97,1.6,0.695652,92,\N,2019-07-05 16:58:25
AXAS,Energy,Oil & Gas Production,178.47,1.07,1.232,0.86841,22,1.25,50,0.06,-0.06,0.01,0.33,-0.15,-0.4375,49,\N,2019-07-05 16:58:38
ACIU,Health Care,Major Pharmaceuticals,355.38,5.37,5.795,0.926667,29,\N,21,\N,\N,\N,\N,\N,\N,37,\N,\N
ACIA,Technology,Semiconductors,1820,48.14,49.921,0.964325,37,5.21,83,-0.23,-0.08,0.19,0.22,0.17,0.888889,96,\N,2019-07-05 16:58:53
ACTG,Miscellaneous,Multi-Sector Companies,144.69,2.89,3.1,0.932189,30,1.95,59,-0.63,-0.57,-0.67,-0.23,-0.09,\N,37,\N,2019-07-05 16:59:05
ACHC,Health Care,Medical Specialities,3050,34.62,30.376,1.13971,85,1.01,46,0.58,0.67,0.53,-3.8,0.34,-0.0536913,63,\N,2019-07-05 16:59:19
ACAD,Health Care,Major Pharmaceuticals,3710,27.14,24.344,1.11483,81,16.15,95,-0.44,-0.51,-0.5,-0.5,-0.59,\N,37,\N,2019-07-05 16:59:34
ACAM,Finance,Business Services,372.42,9.75,0,0,2,\N,21,\N,\N,\N,\N,\N,\N,37,\N,\N
ACST,Health Care,Major Pharmaceuticals,82.04,1.42,0.976,1.45499,99,\N,21,\N,\N,\N,\N,\N,\N,37,\N,\N
AXDX,Capital Goods,Biotechnology: Laboratory Analytical Instruments,1080,23.47,19.112,1.22804,93,189.15,100,-0.37,-0.43,-0.41,-0.41,-0.4,\N,37,\N,2019-07-05 16:59:51
XLRN,Health Care,Biotechnology: Biological Products (No Diagnostic ,2090,41.82,42.641,0.980755,41,161.4,100,-0.58,-0.63,-0.63,-0.75,-0.74,\N,37,\N,2019-07-05 17:00:04
ARAY,Health Care,Medical/Dental Instruments,333.61,3.81,4.257,0.894992,25,0.8,41,-0.1,-0.01,-0.11,-0.05,-0.01,\N,37,\N,2019-07-05 17:00:19
ACRX,Health Care,Major Pharmaceuticals,172.82,2.45,2.929,0.83633,19,93.27,99,-0.23,-0.2,-0.21,-0.18,-0.17,\N,37,\N,2019-07-05 17:00:34
ACER,Health Care,Major Pharmaceuticals,41.56,3.41,20.703,0.164712,3,\N,21,\N,\N,\N,\N,\N,\N,37,\N,\N
ACHV,Health Care,Biotechnology: In Vitro & In Vivo Diagnostic Subst,16.2,2.01,2.731,0.735996,12,\N,21,\N,\N,\N,\N,\N,\N,37,\N,\N
ACHN,Health Care,Major Pharmaceuticals,377.33,2.71,2.681,1.01065,51,\N,21,\N,\N,\N,\N,\N,\N,37,\N,\N
ACIW,Technology,Computer Software: Prepackaged Software,3580,34.86,31.81,1.09589,77,3.8,75,-0.17,-0.13,0.13,0.74,-0.22,-0.0520833,63,\N,2019-07-05 17:00:51
ACRS,Health Care,Major Pharmaceuticals,181.6,2.36,5.947,0.396855,4,6.58,87,-0.98,-1.01,-1.06,-0.99,-0.91,\N,37,\N,2019-07-05 17:01:05
ACMR,Technology,Industrial Machinery/Components,248.46,16.48,14.448,1.14063,85,3.12,70,-0.18,0.18,0.21,0.13,0.1,0.717949,93,\N,2019-07-05 17:01:19
ACNB,Finance,Major Banks,251.67,38.1,37.572,1.01404,52,3.65,74,0.7,0.78,0.86,0.75,0.83,0.8125,95,\N,2019-07-05 17:01:33
ACOR,Health Care,Biotechnology: Biological Products (No Diagnostic ,339.58,7.36,12.493,0.589138,6,0.87,43,-0.18,0.98,-0.29,0.2,-1,-0.414141,50,\N,2019-07-05 17:01:46
ACTT,Finance,Business Services,291.9,9.8,0,0,2,\N,21,\N,\N,\N,\N,\N,\N,37,\N,\N
ACTTW,Finance,Business Services,15.01,0,0,0,2,\N,21,\N,\N,\N,\N,\N,\N,37,\N,\N
ATVI,Technology,Computer Software: Prepackaged Software,35390,48.15,45.674,1.05422,66,4.94,82,0.65,0.52,0.34,0.84,0.58,-0.14,59,\N,2019-07-05 17:02:01
ADMS,Health Care,Major Pharmaceuticals,161.62,6,7.33,0.818515,17,3.78,75,-1.35,-1.26,-1.22,-1.06,-1.08,\N,36,\N,2019-07-05 17:02:14
ADMP,Health Care,Major Pharmaceuticals,59.78,1.28,2.21,0.579105,6,3.43,72,-0.23,-0.29,-0.21,-0.28,-0.19,\N,36,\N,2019-07-05 17:02:28
ADAP,Health Care,Biotechnology: Biological Products (No Diagnostic ,416.81,3.7,4.363,0.848,20,7.59,89,-0.24,-0.48,0.06,-0.36,-0.24,0,67,\N,2019-07-05 17:02:42
ADUS,Health Care,Medical/Nursing Services,986.19,77.26,67.039,1.15246,87,1.84,58,0.42,0.36,0.28,0.36,0.36,-0.428571,50,\N,2019-07-05 17:02:55
AEY,Consumer Services,Office Equipment/Supplies/Services,16.37,1.69,1.395,1.21163,92,0.34,30,-0.03,-0.15,-0.47,-0.1,-0.12,\N,36,\N,2019-07-05 17:03:09
IOTS,Technology,Semiconductors,231.22,8.4,6.394,1.31377,97,2.59,65,-0.05,-0.24,-0.29,-0.23,-0.24,\N,36,\N,2019-07-05 17:03:24
ADIL,Health Care,Major Pharmaceuticals,18.91,1.84,3.547,0.518801,5,\N,21,\N,\N,\N,\N,\N,\N,36,\N,\N
ADMA,Health Care,Biotechnology: Biological Products (No Diagnostic ,215.32,3.59,3.935,0.912272,27,13.41,94,-0.39,-0.35,-0.33,-0.39,-0.28,\N,36,\N,2019-07-05 17:03:39
ADBE,Technology,Computer Software: Prepackaged Software,140520,303.98,265.354,1.14556,86,14.4,95,1.33,1.34,1.37,1.36,1.29,-0.5,48,\N,2019-07-05 17:03:53
ADOM,Capital Goods,Auto Parts:O.E.M.,22.58,0.271,0.335,0.80914,16,4.67,81,-0.06,-0.06,-0.02,-0.01,-0.02,\N,36,\N,2019-07-05 17:04:08
ADTN,Public Utilities,Telecommunications Equipment,736.26,15.36,14.826,1.03604,60,1.32,51,-0.22,-0.16,0.16,-0.17,0.02,0.631579,91,\N,2019-07-05 17:04:23
ADRO,Health Care,Major Pharmaceuticals,143.28,1.54,3.196,0.481813,5,9.82,92,-0.28,-0.31,-0.29,-0.33,-0.29,\N,36,\N,2019-07-05 17:04:35
ADES,Basic Industries,Major Chemicals,228.08,13,11.899,1.09256,76,6.05,86,0.37,0.75,0.28,0.36,0.78,0.82,95,\N,2019-07-05 17:04:49
AEIS,Capital Goods,Industrial Machinery/Components,2060,55.29,51.089,1.08223,74,3.23,71,1.16,1.17,0.89,0.5,0.4,-0.987013,39,\N,2019-07-05 17:05:04
AMD,Technology,Semiconductors,31210,31.5,25.657,1.22773,93,5.59,84,0.08,0.11,0.09,0.04,0.01,-0.7,44,\N,2019-07-05 17:05:18
ADXS,Health Care,Major Pharmaceuticals,17.65,1.79,4.3,0.416302,4,0.75,40,-4.05,-4.05,-4.35,2.7,-1.59,0.348936,84,\N,2019-07-05 17:05:32
ADVM,Health Care,Biotechnology: Biological Products (No Diagnostic ,701.59,12.16,6.291,1.93283,100,545.05,100,-0.3,-0.3,-0.34,-0.24,-0.23,\N,36,\N,2019-07-05 17:05:46
AEGN,Basic Industries,Water Supply,532.82,18.22,17.552,1.03806,61,0.44,33,-0.06,0.24,-0.01,-0.08,-0.13,-0.189189,57,\N,2019-07-05 17:06:00
AGLE,Health Care,Major Pharmaceuticals,181.74,6.58,7.589,0.86707,21,81.15,99,-0.49,-0.46,-0.54,-0.64,-0.59,\N,36,\N,2019-07-05 17:06:14
AEHR,Capital Goods,Electrical Products,35.42,1.59,1.502,1.05833,67,1.61,55,0.01,0.01,-0.07,-0.03,-0.14,-1,39,\N,2019-07-05 17:06:29
AMTX,Basic Industries,Major Chemicals,17.32,0.902,0.933,0.966972,38,0.1,24,-0.51,-0.27,-0.29,-0.56,-0.48,\N,36,\N,2019-07-05 17:06:43
AERI,Health Care,Biotechnology: Biological Products (No Diagnostic ,1360,25.96,40.664,0.638396,8,34,98,-1.05,-1.4,-1.96,-1.14,-1.06,\N,36,\N,2019-07-05 17:06:59
AVAV,Capital Goods,Aerospace,1470,56.31,70.035,0.804028,16,4.26,78,0.77,1.14,0.25,0.35,0.24,-0.588889,46,\N,2019-07-05 17:07:14
ARPO,Health Care,Major Pharmaceuticals,35.72,0.9,1.887,0.476988,4,1.8,58,-0.27,-0.22,0.28,-0.21,-0.21,0.109091,73,\N,2019-07-05 17:07:29
AEZS,Health Care,Major Pharmaceuticals,43.44,2.9,3.66,0.792416,15,21.75,97,0.87,-0.16,-0.15,-0.32,-0.3,\N,36,\N,2019-07-05 17:07:42
AEMD,Capital Goods,Biotechnology: Laboratory Analytical Instruments,6.87,0.38,0.866,0.438977,4,35.66,98,-0.06,-0.06,-0.08,-0.11,-0.09,\N,36,\N,2019-07-05 17:07:58
GNMX,Health Care,Biotechnology: Biological Products (No Diagnostic ,11.15,0.18,0.223,0.808642,16,\N,21,\N,\N,\N,\N,\N,\N,36,\N,\N
AFMD,Health Care,Major Pharmaceuticals,167.31,2.91,3.454,0.842555,19,\N,21,\N,\N,\N,\N,\N,\N,36,\N,\N
AGBAU,Finance,Business Services,42.18,10.038,0,0,2,\N,21,\N,\N,\N,\N,\N,\N,36,\N,\N
AGEN,Health Care,Biotechnology: Biological Products (No Diagnostic ,408.15,2.69,2.951,0.911652,27,3.18,70,-0.53,-0.24,-0.29,-0.4,0.12,\N,36,\N,2019-07-05 17:08:14
AGRX,Health Care,Major Pharmaceuticals,62.99,1.53,1.224,1.24952,94,\N,21,\N,\N,\N,\N,\N,\N,36,\N,\N
AGYS,Technology,EDP Services,495.51,22.6,19.597,1.15321,87,3.72,74,-0.01,-0.08,-0.16,-0.18,-0.16,\N,36,\N,2019-07-05 17:11:48
AGIO,Health Care,Major Pharmaceuticals,2910,45.79,55.309,0.827898,18,23.53,97,-1.63,-1.19,-1.63,-1.58,-1.59,\N,36,\N,2019-07-05 17:12:08
AGMH,Technology,EDP Services,541.52,17.75,21.537,0.824167,17,\N,21,\N,\N,\N,\N,\N,\N,36,\N,\N
AGNC,Consumer Services,Real Estate Investment Trusts,9040,17,17.597,0.966047,38,127.83,100,1.06,0.7,0.45,-1.61,0.47,-0.220974,56,\N,2019-07-05 17:12:48
AGNCB,Consumer Services,Real Estate Investment Trusts,9020,25.543,25.481,1.00245,48,\N,21,\N,\N,\N,\N,\N,\N,36,\N,\N
AGNCN,Consumer Services,Real Estate Investment Trusts,0.34008,26.13,25.814,1.01222,51,\N,21,\N,\N,\N,\N,\N,\N,36,\N,\N
AGFS,Finance,Business Services,80.27,1.77,3.239,0.546425,6,0.47,34,-0.26,-0.37,0.06,-0.04,-0.25,0.0232558,68,\N,2019-07-05 17:13:48
ALRN,Health Care,Major Pharmaceuticals,20.3,0.7,1.396,0.501479,5,\N,21,\N,\N,\N,\N,\N,\N,36,\N,\N
AIMT,Health Care,Major Pharmaceuticals,1220,20.78,22.048,0.942485,32,\N,20,\N,\N,\N,\N,\N,\N,36,\N,\N
AIRT,Transportation,Air Freight/Delivery Services,53.47,18.05,19.085,0.945762,33,0.22,27,0.51,0.92,-0.43,-0.89,0.83,0.176796,77,\N,2019-07-05 17:14:11
ATSG,Transportation,Air Freight/Delivery Services,1350,23.58,22.998,1.02529,57,1.33,51,0.27,0.21,0.24,-0.09,0.25,-0.0555556,63,\N,2019-07-05 17:14:34
AIRG,Technology,Radio And Television Broadcasting And Communicatio,137.64,14.5,13.082,1.10842,79,2.3,63,-0.12,-0.34,0.04,0.13,0.03,0.319149,83,\N,2019-07-05 17:14:53
ANTE,Technology,Advertising,19.35,1.6,1.976,0.809735,16,0.77,41,-0.9,-0.5,-1.6,-0.8,14.5,\N,36,\N,2019-07-05 17:15:11
AITB,Health Care,Medical/Dental Instruments,52.99,5.487,4.966,1.10485,79,\N,20,\N,\N,\N,\N,\N,\N,36,\N,\N
AKAM,Miscellaneous,Business Services,12750,81.7,72.646,1.12463,82,4.82,82,0.31,0.25,0.64,0.57,0.65,0.85,95,\N,2019-07-05 17:15:52
AKTX,Health Care,Major Pharmaceuticals,32.98,2.03,2.555,0.794566,15,\N,20,\N,\N,\N,\N,\N,\N,36,\N,\N
AKCA,Health Care,Major Pharmaceuticals,2150,22.23,26.812,0.829102,18,9.56,91,-0.44,-0.72,-0.73,-0.79,0.34,\N,36,\N,2019-07-05 17:16:12
AKBA,Health Care,Major Pharmaceuticals,522.13,4.38,6.195,0.707061,10,2.22,62,-0.48,-0.6,-0.46,-0.76,-0.62,\N,36,\N,2019-07-05 17:16:36
AKER,Health Care,Biotechnology: In Vitro & In Vivo Diagnostic Subst,6.12,0.435,0.894,0.486623,5,2.78,67,-0.24,-0.16,-0.26,-0.34,-0.07,\N,36,\N,2019-07-05 17:16:55
AKRX,Health Care,Major Pharmaceuticals,585.2,5.07,3.873,1.30899,96,0.93,44,-0.23,-0.7,-0.56,-1.71,-0.65,\N,36,\N,2019-07-05 17:17:19
AKTS,Public Utilities,Telecommunications Equipment,180.64,5.82,6.635,0.877101,23,158.15,100,-0.22,-0.31,-0.33,-0.24,-0.31,\N,36,\N,2019-07-05 17:17:40
ALRM,Technology,Computer Software: Prepackaged Software,2540,52.31,60.705,0.861714,21,5.68,85,0.21,0.22,-0.16,0.16,0.18,-0.0789474,62,\N,2019-07-05 17:18:02
ALSK,Public Utilities,Telecommunications Equipment,90.36,1.69,1.77,0.95472,35,0.39,32,0.04,0.06,0.03,0.03,0,-0.666667,45,\N,2019-07-05 17:18:27
ALAC,Finance,Business Services,147.78,10.1,9.967,1.01331,52,\N,20,\N,\N,\N,\N,\N,\N,36,\N,\N
ALBO,Health Care,Major Pharmaceuticals,374.42,31.87,30.122,1.05803,67,180.51,100,-0.15,-1.22,-1.17,-1.34,-1.39,\N,36,\N,2019-07-05 17:18:51
ALDR,Health Care,Major Pharmaceuticals,919.05,11.4,12.443,0.91616,28,\N,20,\N,\N,\N,\N,\N,\N,36,\N,\N
ALDX,Health Care,Major Pharmaceuticals,170.72,5.96,7.944,0.750222,12,\N,20,\N,\N,\N,\N,\N,\N,36,\N,\N
ALEC,Health Care,Biotechnology: Biological Products (No Diagnostic ,1230,19.06,0,0,2,\N,20,\N,\N,\N,\N,\N,\N,36,\N,\N
ALXN,Health Care,Major Pharmaceuticals,28060,130.3,126.156,1.03285,59,6.77,87,1.11,-2.05,1.47,-0.2,2.61,0.321888,83,\N,2019-07-05 17:19:40
ALCO,Consumer Non-Durables,Farming/Seeds/Milling,225.15,30.29,28.676,1.05629,67,2.45,64,-0.67,1.09,0.09,-0.33,1.01,0.954545,97,\N,2019-07-05 17:20:07
ALGN,Health Care,Industrial Specialties,22080,273.29,269.483,1.01413,52,10.36,92,1.17,1.3,1.24,1.2,0.89,-0.682927,44,\N,2019-07-05 17:20:27
ALIM,Health Care,Major Pharmaceuticals,65.32,0.88,0.968,0.909077,27,1.24,50,-0.11,-0.06,0.39,-0.02,-0.04,0.14,75,\N,2019-07-05 17:20:47
ALYA,Technology,Computer Software: Programming\, Data Processing,145.02,2.75,2.93,0.938493,32,\N,20,\N,\N,\N,\N,\N,\N,36,\N,\N
ALJJ,Miscellaneous,Business Services,59.32,1.56,1.559,1.00064,47,0.18,26,-0.01,-0.08,0.03,0.02,0.01,0.181818,77,\N,2019-07-05 17:21:14
ALKS,Health Care,Major Pharmaceuticals,3420,22.72,29.925,0.759221,13,3.19,70,-0.4,-0.21,-0.22,-0.06,-0.62,\N,36,\N,2019-07-05 17:21:36
ALLK,Health Care,Major Pharmaceuticals,1740,42.41,41.067,1.0327,59,\N,20,\N,\N,\N,\N,\N,\N,36,\N,\N
ABTX,Finance,Major Banks,692.32,33.52,35.238,0.951252,35,4.73,81,0.57,0.55,0.65,0.59,0.58,0.1,73,\N,2019-07-05 17:22:09
ALGT,Transportation,Air Freight/Delivery Services,2190,144.73,133.309,1.08567,75,1.37,52,3.42,3.1,0.94,2.56,3.52,0.0387597,69,\N,2019-07-05 17:22:43
ALGR,Finance,Business Services,191.74,10.05,9.942,1.01083,51,\N,20,\N,\N,\N,\N,\N,\N,36,\N,\N
ALNA,Health Care,Biotechnology: Biological Products (No Diagnostic ,92.63,4.95,6.273,0.789104,14,\N,20,\N,\N,\N,\N,\N,\N,36,\N,\N
ARLP,Energy,Coal Mining,2170,17.69,18.672,0.947389,34,1.08,47,1.16,0.64,0.55,0.38,2.12,0.551724,89,\N,2019-07-05 17:23:17
LNT,Public Utilities,Power Generation,11820,49.95,46.261,1.07974,73,3.26,71,0.52,0.43,0.87,0.36,0.53,0.0196078,68,\N,2019-07-05 17:23:37
AHPI,Health Care,Industrial Specialties,7.19,1.72,1.81,0.950116,34,0.2,26,-0.22,-0.04,-0.31,-0.19,0.09,\N,36,\N,2019-07-05 17:24:04
AMOT,Capital Goods,Electrical Products,349.79,37.4,38.768,0.964717,38,1.1,48,0.45,0.45,0.52,0.28,0.48,0.125,74,\N,2019-07-05 17:24:29
ALLO,Health Care,Biotechnology: Biological Products (No Diagnostic ,3180,26.78,28.337,0.945056,33,\N,20,\N,\N,\N,\N,\N,\N,36,\N,\N
ALLT,Technology,Computer Communications Equipment,246.77,7.83,7.284,1.07492,72,2.65,65,-0.11,-0.07,-0.07,-0.05,-0.1,\N,36,\N,2019-07-05 17:24:53
MDRX,Technology,EDP Services,1860,11.57,10.604,1.0911,76,1.1,48,-0.22,0.36,-0.2,2.14,-0.04,0.0762712,71,\N,2019-07-05 17:25:14
ALNY,Health Care,Major Pharmaceuticals,7580,72.19,79.673,0.906081,26,89.52,99,-1.41,-1.63,-2.43,-2.09,-1.73,\N,36,\N,2019-07-05 17:25:38
AOSL,Technology,Semiconductors,209.4,8.94,10.668,0.837983,19,0.49,34,0.07,0.04,0.1,-0.06,-0.06,-0.8125,42,\N,2019-07-05 17:25:56
GOOG,Technology,Computer Software: Programming\, Data Processing,754190,1131.59,1135.27,0.996759,46,5.48,84,13.33,4.54,13.06,12.77,9.5,-0.435722,50,\N,2019-07-05 17:26:23
GOOGL,Technology,Computer Software: Programming\, Data Processing,755050,1132.67,1140.7,0.992958,45,5.48,84,13.33,4.54,13.06,12.77,9.5,-0.435722,50,\N,2019-07-05 17:26:45
ATEC,Health Care,Medical/Dental Instruments,190.71,4.27,2.89,1.47763,99,2.1,61,-0.09,-0.21,-0.22,-0.25,-0.29,\N,36,\N,2019-07-05 17:27:11
ALPN,Health Care,Major Pharmaceuticals,83.57,4.3,5.9,0.728874,11,211.9,100,-0.38,-0.57,-0.88,-0.8,-0.7,\N,35,\N,2019-07-05 17:27:34
AMR,Energy,Oil & Gas Production,59.04,0.151,0.471,0.320756,3,\N,20,\N,\N,\N,\N,\N,\N,35,\N,\N
AABA,Technology,EDP Services,35660,70.26,69.201,1.0153,53,109.72,99,-0.1,-0.46,0.17,0.17,0.1,0.31746,83,\N,2019-07-05 17:28:23
ALTR,Technology,Computer Software: Prepackaged Software,2760,41.57,35.516,1.17047,89,7,88,0.05,0.02,0.1,-0.15,0.17,0.375,84,\N,2019-07-05 17:28:52
ATHE,Health Care,Major Pharmaceuticals,18.36,1.3,1.626,0.799643,15,\N,20,\N,\N,\N,\N,\N,\N,35,\N,\N
ALT,Health Care,Major Pharmaceuticals,29.46,2.42,2.791,0.867087,22,3.05,69,-7.5,-10.2,-1.73,-2.79,-0.27,\N,35,\N,2019-07-05 17:29:15
ASPS,Consumer Services,Other Consumer Services,301.16,21.92,23.125,0.947881,34,0.43,33,-0.24,0.09,0.49,-0.69,-0.2,0.0338983,69,\N,2019-07-05 17:29:37
AIMC,Capital Goods,Industrial Machinery/Components,2260,34.25,32.347,1.05882,67,1.56,55,0.31,0.65,0.42,-0.08,0.55,0.328767,83,\N,2019-07-05 17:30:02
ALTM,Public Utilities,Natural Gas Distribution,1190,3.66,6.13,0.597101,7,12.72,94,0.02,0.01,-0.09,-0.01,0.01,-0.0909091,61,\N,2019-07-05 17:30:19
AMAG,Health Care,Major Pharmaceuticals,299.51,10,12.783,0.782309,14,0.78,41,-1.59,-0.58,0.89,-0.64,-3.54,-0.440181,49,\N,2019-07-05 17:30:41
AMAL,Consumer Non-Durables,Textiles,527.41,17.82,17.403,1.02398,56,\N,20,\N,\N,\N,\N,\N,\N,35,\N,\N
AMRN,Health Care,Major Pharmaceuticals,6010,23.16,18.181,1.27387,95,28.98,98,-0.08,-0.12,-0.08,-0.11,-0.07,\N,35,\N,2019-07-05 17:31:32
AMRK,Basic Industries,Other Specialty Stores,93.94,12.81,12.303,1.04118,62,\N,20,\N,\N,\N,\N,\N,\N,35,\N,\N
AMZN,Consumer Services,Catalog/Specialty Distribution,924730,1942.91,1763.92,1.10147,78,3.95,76,3.27,5.07,5.75,6.04,7.09,1,100,\N,2019-07-05 17:32:15
AMBC,Finance,Property-Casualty Insurers,769.3,17.08,18.014,0.948161,34,1.73,57,6.7,0.09,-2.27,-0.45,-0.94,-0.851728,41,\N,2019-07-05 17:32:33
AMBA,Technology,Semiconductors,1440,44.5,42.137,1.05609,67,6.68,87,-0.3,-0.21,-0.28,-0.14,-0.53,\N,35,\N,2019-07-05 17:32:52
AMCX,Consumer Services,Television Services,3080,56.16,58.677,0.957102,36,1.05,47,2.54,1.82,1.93,1.24,2.48,-0.0461538,63,\N,2019-07-05 17:33:10
AMCI,Finance,Business Services,274,9.94,8.588,1.15744,88,\N,20,\N,\N,\N,\N,\N,\N,35,\N,\N
DOX,Technology,EDP Services,8520,62.84,57.192,1.09875,77,2.12,61,0.7,0.64,0.31,0.72,0.9,0.338983,83,\N,2019-07-05 17:33:34
AMED,Health Care,Medical/Nursing Services,3890,122.01,121.813,1.00161,47,2.25,62,0.79,0.98,0.96,0.84,0.95,0.842105,95,\N,2019-07-05 17:33:51
AMTB,Finance,Major Banks,782,19.39,16.064,1.20707,92,\N,20,\N,\N,\N,\N,\N,\N,35,\N,\N
AMTBB,Finance,Major Banks,606.07,15.48,12.481,1.24033,94,\N,20,\N,\N,\N,\N,\N,\N,35,\N,\N
UHAL,Consumer Services,Rental/Leasing Companies,7420,376.65,371.445,1.01401,52,1.94,59,0.55,6.53,8.35,4.01,0.04,-0.0613718,63,\N,2019-07-05 17:34:59
AMRH,Technology,Semiconductors,16.98,0.36,0.317,1.13447,84,0.41,32,-0.11,-0.07,0.16,-0.84,-0.04,0.07,71,\N,2019-07-05 17:35:23
ATAX,Finance,Finance: Consumer Services,444.74,7.01,6.729,1.04171,62,8.04,89,0.09,0.04,0.25,0.22,0.08,-0.047619,63,\N,2019-07-05 17:35:51
AMOV,Public Utilities,Telecommunications Equipment,50140,14.88,14.855,1.00169,48,\N,8,\N,\N,\N,\N,\N,\N,12,could not convert string to float: N/A,\N
AAL,Transportation,Air Freight/Delivery Services,13910,32.46,32.902,0.986576,43,0.32,30,0.39,1.22,0.74,0.69,0.41,0.0240964,68,\N,2019-07-05 17:36:16
AETI,Energy,Industrial Machinery/Components,6.34,0.76,0.796,0.954188,35,0.98,45,-0.35,-0.23,0.32,-0.15,-0.06,0.432836,86,\N,2019-07-05 17:36:38
AFIN,Consumer Services,Real Estate Investment Trusts,1130,11.25,11.194,1.005,49,4.01,77,0.15,-0.11,-0.26,-0.13,-0.03,\N,35,\N,2019-07-05 17:36:57
AFINP,Consumer Services,Real Estate Investment Trusts,30.47,25.16,0,0,2,\N,20,\N,\N,\N,\N,\N,\N,35,\N,\N
AMNB,Finance,Major Banks,398.03,37.87,34.802,1.08816,75,5.75,85,0.67,0.69,0.66,0.57,0.69,0.166667,76,\N,2019-07-05 17:37:33
ANAT,Finance,Life Insurance,3060,124.02,126.25,0.982333,42,0.89,43,0.7,3.12,6.44,-4.37,9.6,0.637079,91,\N,2019-07-05 17:37:49
AOBC,Capital Goods,Ordnance And Accessories,459.79,9.1,10.489,0.867537,22,0.77,41,0.14,0.14,0.12,-0.1,0.18,0.142857,75,\N,2019-07-05 17:38:06
APEI,Consumer Services,Other Consumer Services,466.57,29.54,30.62,0.964731,38,1.65,56,0.28,0.39,0.33,0.55,0.06,-0.44898,49,\N,2019-07-05 17:38:26
AREC,Consumer Services,Other Consumer Services,64.35,3.536,5.456,0.648055,8,2.75,66,-2.93,-2.1,-2.49,-0.27,-0.48,\N,35,\N,2019-07-05 17:38:42
AMRB,Finance,Major Banks,74.07,12.3,13.102,0.938816,32,3.15,70,0.22,0.22,0.2,0.19,0.2,-0.666667,45,\N,2019-07-05 17:39:01
AMSWA,Technology,Computer Software: Prepackaged Software,413.65,13.38,12.192,1.09742,77,3.81,75,0.18,0.04,0.04,0.04,0.07,-0.785714,42,\N,2019-07-05 17:39:18
AMSC,Consumer Durables,Metal Fabrications,180.26,9.64,11.991,0.803957,16,3.66,74,-0.3,-0.23,1.1,0.83,-0.41,-0.0728477,62,\N,2019-07-05 17:39:33
AMWD,Basic Industries,Forest Products,1310,84.37,79.202,1.06525,69,0.86,43,1.08,1.41,1.05,1.07,1.3,0.611111,90,\N,2019-07-05 17:39:47
CRMT,Consumer Durables,Automotive Aftermarket,579.34,85.15,84.719,1.00508,49,0.86,43,1.43,1.53,1.58,1.55,2.07,1,100,\N,2019-07-05 17:40:02
ABCB,Finance,Major Banks,1800,39.36,36.794,1.06974,70,5.89,85,0.7,0.24,0.87,0.91,0.84,0.208955,78,\N,2019-07-05 17:40:24
AMSF,Finance,Property-Casualty Insurers,1200,64.38,59.665,1.07902,73,3.23,71,0.84,0.88,1.02,0.98,1.01,0.944444,97,\N,2019-07-05 17:40:43
ASRV,Finance,Major Banks,71.4,4.1,4.127,0.993507,45,1.42,53,0.1,0.1,0.13,0.11,0.11,0.333333,83,\N,2019-07-05 17:41:03
ASRVP,Finance,Major Banks,0.63,29.04,29.272,0.992075,44,\N,20,\N,\N,\N,\N,\N,\N,35,\N,\N
ATLO,Finance,Major Banks,243.36,27.1,26.711,1.01456,53,5.06,83,0.43,0.46,0.48,0.45,0.46,0.6,90,\N,2019-07-05 17:41:26
AMGN,Health Care,Biotechnology: Biological Products (No Diagnostic ,112500,185.94,185.136,1.00435,48,4.73,81,3.25,3.48,2.86,3.01,3.18,-0.112903,60,\N,2019-07-05 17:41:50
FOLD,Health Care,Major Pharmaceuticals,3070,11.86,12.381,0.95795,36,26.92,97,-0.28,-0.33,-0.84,-0.41,-0.56,\N,35,\N,2019-07-05 17:42:22
AMKR,Technology,Semiconductors,1660,7.4,7.995,0.925592,29,0.43,33,0.04,0.14,0.24,0.12,-0.1,-0.411765,50,\N,2019-07-05 17:42:57
AMPH,Health Care,Major Pharmaceuticals,963.43,20.88,21.588,0.96722,38,3.1,70,-0.16,-0.06,0.05,0.04,0.02,0.857143,95,\N,2019-07-05 17:43:25
ASYS,Technology,Industrial Machinery/Components,72.62,5.94,5.514,1.07723,72,0.49,34,0.19,0.33,-0.61,-0.17,-0.4,-0.62766,45,\N,2019-07-05 17:43:51
AMRS,Basic Industries,Major Chemicals,301.08,3.43,3.918,0.875512,23,4.03,77,-1.14,-0.17,-1.79,-0.29,-1.13,\N,35,\N,2019-07-05 17:44:32
ADI,Technology,Semiconductors,40780,112.86,104.245,1.08264,74,6.82,87,1.01,1.1,1.15,0.95,0.98,-0.15,58,\N,2019-07-05 17:45:00
ANAB,Health Care,Major Pharmaceuticals,1480,53.76,69.876,0.769367,13,289.77,100,-0.63,-0.57,-0.66,-0.64,-0.82,\N,35,\N,2019-07-05 16:12:21
AVXL,Health Care,Biotechnology: Commercial Physical & Biological Re,167.42,3.47,2.754,1.26019,95,\N,20,\N,\N,\N,\N,\N,\N,35,\N,\N
ANCN,Health Care,Major Pharmaceuticals,28.99,4.452,0,0,2,\N,20,\N,\N,\N,\N,\N,\N,35,\N,\N
ANDA,Finance,Business Services,137.14,9.91,0,0,2,\N,20,\N,\N,\N,\N,\N,\N,35,\N,\N
ANGI,Consumer Services,Advertising,6910,12.93,15.722,0.822391,17,5.54,84,-0.02,0.05,0.05,0.07,0.02,0.444444,86,\N,2019-07-05 17:51:02
ANGO,Health Care,Medical/Dental Instruments,735.76,20.43,20.978,0.973863,39,2.14,61,0.37,0.06,-0.01,0.06,0.02,-0.921053,40,\N,2019-07-05 17:51:33
ANIP,Health Care,Major Pharmaceuticals,939,83.43,65.152,1.28055,95,4.85,82,0.19,0.23,0.42,0.46,0.04,-0.357143,52,\N,2019-07-05 17:52:18
ANIK,Health Care,Medical/Dental Instruments,548.53,41.16,35.472,1.16036,88,5.26,83,-0.46,0.68,0.53,0.54,0.31,0.675439,92,\N,2019-07-05 16:13:18
ANIX,Health Care,Medical Specialities,73.76,3.65,4.453,0.819747,17,117.1,99,-0.08,-0.3,-0.29,-0.25,-0.13,\N,35,\N,2019-07-05 17:58:00
ANSS,Technology,Computer Software: Prepackaged Software,16490,209.51,180.033,1.16373,88,13.07,94,0.98,1.08,1.04,1.79,1.01,0.037037,69,\N,2019-07-05 17:58:38
ATRS,Health Care,Medical/Dental Instruments,510.63,3.39,3.065,1.10613,79,7.37,89,-0.04,-0.03,-0.01,0.04,-0.03,0.125,74,\N,2019-07-05 17:59:10
APLS,Health Care,Major Pharmaceuticals,1510,25.44,18.195,1.39818,98,\N,20,\N,\N,\N,\N,\N,\N,35,\N,\N
APOG,Capital Goods,Auto Parts:O.E.M.,1010,43.26,36.976,1.16996,89,0.81,42,0.78,0.54,0.72,0.78,-0.45,-1,39,\N,2019-07-05 17:59:42
APEN,Health Care,Medical/Dental Instruments,74.97,3.17,3.513,0.902447,26,1.2,49,-0.47,-0.53,-0.45,-0.84,-0.13,\N,35,\N,2019-07-05 18:00:15
AMEH,Consumer Services,Professional Services,565.49,15.84,18.596,0.851812,20,1.16,49,0.06,0.07,0.24,-0.1,0,-0.176471,57,\N,2019-07-05 18:00:50
APPF,Technology,Computer Software: Prepackaged Software,3410,103.08,81.07,1.27149,95,17.06,96,0.12,0.21,0.16,0.07,0.11,-0.0714286,62,\N,2019-07-05 18:01:20
APPN,Technology,Computer Software: Prepackaged Software,2280,36.35,33.913,1.07187,71,9.71,92,-0.16,-0.18,-0.24,-0.22,-0.27,\N,35,\N,2019-07-05 18:01:59
AAPL,Technology,Computer Manufacturing,899830,204.23,182.525,1.11891,82,3.61,74,2.73,2.34,2.91,4.18,2.46,-0.146739,59,\N,2019-07-05 18:02:28
ARCI,Consumer Services,Home Furnishings,7.59,4.09,3.336,1.22618,93,0.21,26,-1.05,-1,-0.8,-0.85,-1.2,\N,35,\N,2019-07-05 18:02:52
APDN,Consumer Services,Other Consumer Services,21.22,0.52,0.572,0.908873,26,5.15,83,-0.07,-0.1,-0.12,-0.11,-0.08,\N,35,\N,2019-07-05 18:03:51
AGTC,Health Care,Biotechnology: Biological Products (No Diagnostic ,68.14,3.78,3.77,1.00277,48,1.46,53,-0.45,-0.37,0.07,-0.23,0.63,1,100,\N,2019-07-05 18:04:44
AMAT,Technology,Semiconductors,39300,43.98,40.034,1.09857,77,2.61,65,1.09,1.17,0.89,0.8,0.7,-0.829787,42,\N,2019-07-05 18:05:57
AAOI,Technology,Semiconductors,181.45,9.85,12.815,0.768619,13,0.78,41,0.11,0.4,-0.19,-0.43,-0.53,-0.688172,44,\N,2019-07-05 18:07:05
APLT,Health Care,Major Pharmaceuticals,143.32,8.12,0,0,2,\N,20,\N,\N,\N,\N,\N,\N,35,\N,\N
AREX,Energy,Oil & Gas Production,33.86,0.33,0.615,0.536352,5,0.29,29,-0.08,-0.1,-0.05,0.01,-0.18,-0.526316,47,\N,2019-07-05 18:07:39
APVO,Health Care,Major Pharmaceuticals,39.85,0.88,1.093,0.804842,16,1.55,55,-0.63,-0.58,-0.56,-0.62,-0.44,\N,35,\N,2019-07-05 18:08:05
APTX,Health Care,Major Pharmaceuticals,108.74,3.76,5.577,0.674195,9,25.58,97,-0.45,-1.83,-0.43,-0.42,-0.5,\N,35,\N,2019-07-05 18:08:23
APM,Health Care,Major Pharmaceuticals,171.93,23.75,18.046,1.31607,97,\N,20,\N,\N,\N,\N,\N,\N,35,\N,\N
APTO,Health Care,Biotechnology: Biological Products (No Diagnostic ,125,3.01,2.048,1.4695,99,\N,20,\N,\N,\N,\N,\N,\N,35,\N,\N
APYX,Health Care,Medical/Dental Instruments,199.44,7.24,0,0,2,12.53,94,-0.03,-0.01,1.98,-0.12,-0.14,-0.0518868,63,\N,2019-07-05 18:09:20
AQMS,Basic Industries,Metal Fabrications,67.6,1.86,2.444,0.761009,13,26.49,97,-0.27,-0.33,-0.24,-0.36,-0.27,\N,35,\N,2019-07-05 18:09:53
AQST,Health Care,Major Pharmaceuticals,104.9,4.91,6.003,0.817912,17,\N,20,\N,\N,\N,\N,\N,\N,35,\N,\N
AQXP,Health Care,Major Pharmaceuticals,56.02,2.36,2.534,0.931491,30,2.28,62,-0.62,0.12,-0.64,-0.2,-0.09,0.697368,92,\N,2019-07-05 18:11:42
PETX,Health Care,Major Pharmaceuticals,256.28,5.16,4.474,1.15332,87,6.4,86,-0.19,-0.14,0.19,-0.18,-0.14,0.131579,74,\N,2019-07-05 18:12:54
ARAV,Health Care,Major Pharmaceuticals,67.66,5.72,5.681,1.00681,49,21.74,97,-1.5,-1.62,-1.08,-4.82,-0.42,\N,35,\N,2019-07-05 18:13:54
ABUS,Health Care,Major Pharmaceuticals,140.39,2.25,3.173,0.709028,10,26.79,97,-0.36,0.01,-0.49,-0.37,-0.47,-0.22,56,\N,2019-07-05 18:14:25
ARCW,Capital Goods,Metal Fabrications,10.53,0.29,0.798,0.36361,3,0.08,23,-0.16,-0.09,-0.07,-0.15,-0.26,\N,35,\N,2019-07-05 18:15:10
ABIO,Health Care,Biotechnology: In Vitro & In Vivo Diagnostic Subst,18.47,6.94,7.393,0.938709,32,\N,20,\N,\N,\N,\N,\N,\N,35,\N,\N
RKDA,Basic Industries,Agricultural Chemicals,15.34,3.1,5.158,0.600957,7,10.25,92,-4.86,-2.02,0.93,0.16,-2.64,0.38342,85,\N,2019-07-05 18:16:21
ARCB,Transportation,Trucking Freight/Courier Services,646.51,27.24,32.411,0.84046,19,0.22,27,0.37,0.05,1.52,0.57,0.18,-0.129252,59,\N,2019-07-05 18:17:02
ACGL,Finance,Property-Casualty Insurers,14500,37.98,32.341,1.17435,89,2.58,65,0.33,0.56,0.53,0.31,1.07,0.973684,97,\N,2019-07-05 18:17:48
FUV,Consumer Non-Durables,Motor Vehicles,50.19,3.18,3.653,0.870416,22,549.74,100,-0.13,-0.14,-0.2,-0.23,-0.2,\N,35,\N,2019-07-05 18:18:20
ARCE,Consumer Services,Other Consumer Services,971.16,44.76,31.525,1.41983,98,\N,20,\N,\N,\N,\N,\N,\N,35,\N,\N
ARCT,Health Care,Major Pharmaceuticals,128.43,9.54,6.299,1.5146,99,7.11,88,-0.66,-0.99,-0.42,-0.09,-0.68,\N,35,\N,2019-07-05 18:19:09
ARDX,Health Care,Major Pharmaceuticals,157.13,2.7,2.782,0.97057,39,586.73,100,-0.36,-0.42,-0.39,-0.45,-0.42,\N,35,\N,2019-07-05 18:19:26
ARNA,Health Care,Major Pharmaceuticals,2780,61.89,48.968,1.26388,95,3.67,74,-0.8,-0.65,-0.7,1.35,12.1,1,100,\N,2019-07-05 18:20:08
ARGX,Health Care,Biotechnology: Biological Products (No Diagnostic ,5290,140.42,122.339,1.14779,86,\N,20,\N,\N,\N,\N,\N,\N,35,\N,\N
ARDS,Health Care,Major Pharmaceuticals,89.99,10.3,9.486,1.08585,75,\N,20,\N,\N,\N,\N,\N,\N,35,\N,\N
ARKR,Consumer Services,Restaurants,71.07,20.2,19.658,1.02758,58,0.43,33,-0.19,0.75,0.28,-0.02,-0.19,0,67,\N,2019-07-05 18:21:24
ARTX,Miscellaneous,Industrial Machinery/Components,50.4,1.89,2.81,0.672616,9,\N,20,\N,\N,\N,\N,\N,\N,35,\N,\N
ARQL,Health Care,Major Pharmaceuticals,1180,11.27,5.557,2.02798,100,51.73,98,-0.07,0.05,-0.05,-0.08,-0.09,-0.142857,59,\N,2019-07-05 18:23:15
ARRY,Health Care,Major Pharmaceuticals,10310,46.87,24.945,1.87891,100,53.65,98,-0.11,-0.25,-0.12,-0.05,-0.17,\N,35,\N,2019-07-05 18:24:00
AROW,Finance,Major Banks,480.88,34.45,33.576,1.02602,57,4.45,80,0.59,0.67,0.64,0.6,0.6,0.125,74,\N,2019-07-05 18:24:40
ARWR,Health Care,Major Pharmaceuticals,2610,26.53,19.323,1.37295,98,26.11,97,-0.18,-0.18,-0.12,0.13,0.24,1,100,\N,2019-07-05 18:25:23
ARTNA,Public Utilities,Water Supply,336.57,36.71,36.589,1.0033,48,4.18,78,0.37,0.42,0.42,0.32,0.39,0.2,78,\N,2019-07-05 18:26:02
ARTW,Capital Goods,Industrial Machinery/Components,9.13,2.15,2.067,1.0403,62,0.48,34,-0.14,-0.16,-0.18,-0.34,-0.14,\N,35,\N,2019-07-05 18:26:43
ARVN,Health Care,Major Pharmaceuticals,725.72,26.97,19.405,1.38985,98,\N,20,\N,\N,\N,\N,\N,\N,35,\N,\N
ARYA,Finance,Business Services,179.87,10.13,9.86,1.02743,58,\N,20,\N,\N,\N,\N,\N,\N,35,\N,\N
ASNA,Consumer Services,Clothing/Shoe/Accessory Stores,128.57,0.5,1.628,0.307079,3,0.02,22,-0.2,0.17,0.03,-0.36,-1.2,-0.729927,43,\N,2019-07-05 18:27:49
ASND,Health Care,Major Pharmaceuticals,5680,112.38,103.256,1.08837,75,\N,20,\N,\N,\N,\N,\N,\N,34,\N,\N
ASCMA,Consumer Services,Other Consumer Services,13.73,0.93,0.745,1.24762,94,0.02,22,-2.51,-19.82,-3.24,-30.97,-2.24,\N,34,\N,2019-07-05 18:28:18
APWC,Basic Industries,Telecommunications Equipment,30.61,2.11,2.213,0.953368,35,0.07,23,0.23,0.01,0.12,0.06,0.02,-0.954545,40,\N,2019-07-05 18:29:00
ASLN,Health Care,Major Pharmaceuticals,111.53,3.37,3.694,0.912301,27,\N,20,\N,\N,\N,\N,\N,\N,34,\N,\N
ASML,Technology,Industrial Machinery/Components,84720,209.75,188.09,1.11516,81,\N,20,\N,\N,\N,\N,\N,\N,34,\N,\N
ASPU,Consumer Services,Other Consumer Services,73.66,4.29,4.666,0.919468,28,2.5,64,-0.15,-0.25,-0.15,-0.13,-0.13,\N,34,\N,2019-07-05 18:29:54
AZPN,Technology,EDP Services,8270,127.97,106.742,1.19887,91,16.07,95,0.52,0.53,0.53,0.83,0.88,1,100,\N,2019-07-05 18:30:22
ASMB,Health Care,Major Pharmaceuticals,354.83,14.68,18.394,0.798094,15,24.69,97,-0.8,-1.3,-0.87,-1.03,-1.05,\N,34,\N,2019-07-05 18:31:03
ASRT,Health Care,Major Pharmaceuticals,204.81,3.34,4.096,0.8155,16,0.9,44,0.48,-0.33,0.65,-0.38,-0.22,-0.679612,44,\N,2019-07-05 18:31:50
ASFI,Finance,Finance Companies,47.8,7.3,5.186,1.40771,98,2.18,61,0.15,0.29,0.56,0.19,0.27,0.292683,82,\N,2019-07-05 18:32:14
ASTE,Capital Goods,Construction/Ag Equipment/Trucks,706.11,31.54,35.214,0.895675,25,0.6,37,0.87,-1.76,0.3,-2.08,0.63,-0.0813559,61,\N,2019-07-05 18:32:46
ATRO,Capital Goods,Military/Government/Technical,1340,40.87,34.985,1.16821,89,1.6,55,0.1,0.43,0.52,0.37,2.35,1,100,\N,2019-07-05 18:33:24
ALOT,Technology,Computer peripheral equipment,179.69,25.95,22.545,1.15101,87,1.29,50,0.12,0.17,0.2,0.32,0.23,0.55,89,\N,2019-07-05 18:33:52
ASTC,Capital Goods,Biotechnology: Laboratory Analytical Instruments,16.98,2.62,4.018,0.652076,8,175.92,100,-0.7,-1.04,-0.55,-0.46,-0.25,\N,34,\N,2019-07-05 18:34:26
ASUR,Technology,EDP Services,117.39,9.59,6.474,1.48132,99,1.44,53,-0.15,-0.29,-0.24,0.14,-0.19,-0.0930233,61,\N,2019-07-05 18:35:04
ASV,Capital Goods,Construction/Ag Equipment/Trucks,16.53,6.89,2.868,2.40213,100,0.55,36,-0.03,0.03,0.06,-3.33,-0.07,-0.0117994,65,\N,2019-07-05 18:35:52
ATAI,Consumer Services,Other Consumer Services,64.21,2.53,1.621,1.5607,99,\N,20,\N,\N,\N,\N,\N,\N,34,\N,\N
ATRA,Health Care,Biotechnology: Biological Products (No Diagnostic ,926.42,19.74,32.278,0.611565,7,\N,20,\N,\N,\N,\N,\N,\N,34,\N,\N
ATNX,Health Care,Major Pharmaceuticals,1390,19.6,13.22,1.48265,99,19.73,96,-0.12,-0.58,-0.7,-0.41,-0.53,\N,34,\N,2019-07-05 18:36:44
ATHX,Health Care,Major Pharmaceuticals,259.11,1.62,1.583,1.02329,56,9.9,92,-0.08,0.05,-0.07,-0.08,-0.09,-0.0714286,62,\N,2019-07-05 18:37:20
ATIF,Consumer Services,Professional Services,133.38,2.93,0,0,2,\N,20,\N,\N,\N,\N,\N,\N,34,\N,\N
AAME,Finance,Life Insurance,50.16,2.39,2.556,0.934932,31,0.24,28,-0.25,0.15,0.04,0.01,0.19,1,100,\N,2019-07-05 18:38:26
ACBI,Finance,Major Banks,400.13,17.69,17.893,0.988673,43,4.92,82,0.19,0.31,0.25,0.34,0.21,0.133333,75,\N,2019-07-05 18:39:02
AUB,Finance,Major Banks,2800,35.4,33.989,1.0415,62,5.48,84,0.25,0.72,0.58,0.67,0.47,0.468085,87,\N,2019-07-05 18:40:14
AY,Public Utilities,Electric Utilities: Central,2340,23.18,20.174,1.14901,87,2.17,61,-0.05,0.72,0.53,-0.79,-0.09,-0.0264901,65,\N,2019-07-05 18:41:00
ATLC,Finance,Finance: Consumer Services,61.5,4.06,3.563,1.13957,85,1.16,49,-0.34,0.41,-1.16,1.65,0.39,0.259786,81,\N,2019-07-05 18:41:27
AAWW,Transportation,Transportation Services,1040,42.32,46.925,0.90187,26,0.4,32,0.37,-0.83,0.84,2.73,-1.15,-0.391753,51,\N,2019-07-05 18:42:10
AFH,Finance,Property-Casualty Insurers,9.58,0.73,4.046,0.180407,3,0.04,22,0.42,-4.48,0.45,0.47,0.47,0.010101,68,\N,2019-07-05 18:42:53
TEAM,Technology,Computer Software: Prepackaged Software,30310,135.11,111.617,1.21048,92,29.29,98,-0.06,-0.11,-1.03,0.18,-0.85,-0.652893,45,\N,2019-07-05 18:43:33
ATNI,Public Utilities,Telecommunications Equipment,912.76,59.9,63.145,0.948606,34,2.1,61,-0.35,0.45,1.06,0.07,-0.1,0.177305,77,\N,2019-07-05 18:44:10
ATOM,Technology,Semiconductors,73.59,4.51,3.652,1.23492,94,222.34,100,-0.26,-0.26,-0.28,-0.22,-0.24,\N,34,\N,2019-07-05 18:44:58
ATOS,Health Care,Major Pharmaceuticals,21.08,2.29,2.284,1.00261,48,\N,20,\N,\N,\N,\N,\N,\N,34,\N,\N
ATRC,Health Care,Medical/Dental Instruments,1170,31.41,29.819,1.05335,66,5.77,85,-0.31,-0.01,-0.22,-0.09,-0.15,\N,34,\N,2019-07-05 18:45:42
ATRI,Health Care,Medical/Dental Instruments,1620,817.65,833.961,0.980441,41,9.89,92,4.57,4.74,4.96,4.17,5.07,0.555556,89,\N,2019-07-05 18:46:24
ATIS,Basic Industries,Major Chemicals,5.92,1.67,1.337,1.24926,94,2.83,67,-7.54,-5.68,-17.52,-5.04,4.59,\N,34,\N,2019-07-05 18:47:06
LIFE,Health Care,Biotechnology: Biological Products (No Diagnostic ,17.2,5.046,6.904,0.730915,11,\N,20,\N,\N,\N,\N,\N,\N,34,\N,\N
AUBN,Finance,Major Banks,113.01,33.38,34.943,0.955262,36,3.97,76,0.6,0.62,0.54,0.66,0.7,0.625,91,\N,2019-07-05 18:47:42
BOLD,Health Care,Biotechnology: Biological Products (No Diagnostic ,1660,36.22,33.469,1.0822,74,\N,20,\N,\N,\N,\N,\N,\N,34,\N,\N
AUDC,Public Utilities,Telecommunications Equipment,448.43,15.67,14.17,1.10586,79,2.52,64,0.08,0.08,0.14,0.15,0.1,0.285714,82,\N,2019-07-05 18:48:13
AEYE,Technology,Computer Software: Prepackaged Software,55.02,7.86,9.162,0.857864,21,8.8,91,-0.25,-0.17,-0.19,-0.19,-0.28,\N,34,\N,2019-07-05 18:48:52
AUPH,Health Care,Major Pharmaceuticals,567.29,6.45,6.501,0.992191,45,\N,20,\N,\N,\N,\N,\N,\N,34,\N,\N
EARS,Health Care,Major Pharmaceuticals,5.26,2.64,6.116,0.431632,4,\N,20,\N,\N,\N,\N,\N,\N,34,\N,\N
JG,Technology,Computer Software: Programming\, Data Processing,577.55,5.09,7.264,0.700719,10,\N,20,\N,\N,\N,\N,\N,\N,34,\N,\N
ADSK,Technology,Computer Software: Prepackaged Software,35830,172.23,158.606,1.0859,75,13.63,94,-0.38,-0.18,-0.11,0.29,-0.11,0.402985,85,\N,2019-07-05 18:49:41
AUTL,Health Care,Biotechnology: Biological Products (No Diagnostic ,715.14,16.54,25.193,0.656521,8,\N,19,\N,\N,\N,\N,\N,\N,34,\N,\N
ADP,Technology,EDP Services,72040,164.84,153.778,1.07194,71,5.06,83,1.45,0.25,1.15,1.27,1.73,0.189189,77,\N,2019-07-05 18:50:40
AUTO,Technology,Computer Software: Programming\, Data Processing,42.85,3.79,3.531,1.07328,71,0.38,31,-0.81,-0.41,-1.41,-0.41,-0.41,\N,34,\N,2019-07-05 18:51:17
AVDL,Health Care,Major Pharmaceuticals,102.35,2.22,2.009,1.10511,79,1.08,47,-0.32,-0.09,-0.43,-1.71,-0.35,\N,34,\N,2019-07-05 18:51:48
AVCO,Consumer Services,Professional Services,174.01,2.41,3.659,0.658618,8,124.31,99,-0.02,-0.02,-0.03,-0.04,-0.06,\N,34,\N,2019-07-05 18:52:20
AVDR,Health Care,Major Pharmaceuticals,335.19,20.08,0,0,2,\N,19,\N,\N,\N,\N,\N,\N,34,\N,\N
ATXI,Health Care,Major Pharmaceuticals,98.53,6.23,5.424,1.14865,86,\N,19,\N,\N,\N,\N,\N,\N,34,\N,\N
AVEO,Health Care,Major Pharmaceuticals,113.8,0.68,0.951,0.715387,11,18.29,96,-0.08,-0.06,-0.18,-0.03,-0.06,\N,34,\N,2019-07-05 18:53:19
AVNW,Technology,Radio And Television Broadcasting And Communicatio,70.29,13.33,13.708,0.972402,39,0.28,29,-0.49,0.01,-0.14,0.41,0.78,1,100,\N,2019-07-05 18:53:53
CDMO,Health Care,Major Pharmaceuticals,217.01,5.98,4.16,1.43766,99,6.2,86,0.03,-0.06,-0.05,-0.05,-0.02,\N,34,\N,2019-07-05 18:54:22
CDMOP,Health Care,Major Pharmaceuticals,18.47,27.49,25.905,1.06117,68,\N,19,\N,\N,\N,\N,\N,\N,34,\N,\N
AVID,Technology,Computer Software: Prepackaged Software,362.65,9.94,6.744,1.47389,99,0.96,45,-0.22,-0.2,0.02,0.14,-0.01,0.583333,90,\N,2019-07-05 18:55:18
AVGR,Health Care,Medical/Dental Instruments,22.4,2.95,5.327,0.55382,6,2.59,65,-79.9,-9.8,-5.6,-3.1,-1.4,\N,34,\N,2019-07-05 18:55:41
CAR,Consumer Services,Rental/Leasing Companies,2680,34.97,31.688,1.10356,79,0.29,29,-1.08,0.32,2.68,0.16,-1.2,-0.0309278,64,\N,2019-07-05 18:56:11
AVT,Technology,Electronic Components,4580,44.76,43.331,1.03297,59,0.24,28,-2.68,0.5,0.72,0.33,0.81,1,100,\N,2019-07-05 18:56:36
AVRO,Health Care,Biotechnology: Biological Products (No Diagnostic ,374.52,15.28,16.601,0.920452,28,\N,19,\N,\N,\N,\N,\N,\N,34,\N,\N
AWRE,Technology,Computer Software: Prepackaged Software,71.12,3.27,3.506,0.932597,31,4.16,78,-0.02,-0.01,0.06,0.03,0.01,0.375,84,\N,2019-07-05 18:57:57
ACLS,Technology,Industrial Machinery/Components,463.17,15.16,18.914,0.80154,15,1.21,49,0.41,0.43,0.26,0.25,0.18,-0.92,40,\N,2019-07-05 19:00:05
AXLA,Health Care,Biotechnology: Biological Products (No Diagnostic ,211.68,9.26,0,0,2,\N,19,\N,\N,\N,\N,\N,\N,34,\N,\N
AXGN,Health Care,Biotechnology: Electromedical & Electrotherapeutic,760.29,19.89,19.854,1.00184,48,8.62,90,-0.16,-0.2,-0.11,-0.13,-0.24,\N,34,\N,2019-07-05 19:54:09
AAXN,Capital Goods,Ordnance And Accessories,4070,64.06,58.175,1.10117,78,8.64,90,0.24,0.15,0.1,0.03,0.11,-0.619048,45,\N,2019-07-05 19:54:23
AXNX,Health Care,Medical/Dental Instruments,1050,40.8,23.572,1.73087,100,\N,19,\N,\N,\N,\N,\N,\N,34,\N,\N
AXGT,Health Care,Major Pharmaceuticals,145.56,6.42,8.672,0.740319,12,\N,19,\N,\N,\N,\N,\N,\N,34,\N,\N
AXSM,Health Care,Major Pharmaceuticals,798.66,27.04,14.843,1.82177,100,\N,19,\N,\N,\N,\N,\N,\N,34,\N,\N
AXTI,Technology,Semiconductors,143.16,4.12,4.465,0.922803,29,1.68,56,0.07,0.1,0.1,-0.03,-0.03,-0.769231,43,\N,2019-07-05 19:54:55
AYTU,Health Care,Major Pharmaceuticals,30.49,1.85,1.571,1.17748,90,4.8,81,-4.8,0.31,-1.96,-0.72,-0.5,0.841487,95,\N,2019-07-05 19:55:12
AZRX,Health Care,Major Pharmaceuticals,36.01,1.45,2.137,0.678596,9,\N,19,\N,\N,\N,\N,\N,\N,34,\N,\N
BCOM,Consumer Services,Telecommunications Equipment,71.57,1.5,3.132,0.479,4,\N,19,\N,\N,\N,\N,\N,\N,34,\N,\N
RILY,Miscellaneous,Business Services,531.84,20.49,17.538,1.16834,89,\N,19,\N,\N,\N,\N,\N,\N,34,\N,\N
BOSC,Technology,Computer Communications Equipment,10.22,2.84,2.734,1.03875,61,0.34,30,0.06,0.06,0.06,0.11,0.04,-0.285714,53,\N,2019-07-05 19:55:46
BIDU,Technology,Computer Software: Programming\, Data Processing,39640,116.29,153.711,0.756547,13,\N,19,\N,\N,\N,\N,\N,\N,34,\N,\N
BCPC,Basic Industries,Major Chemicals,3140,99.5,91.718,1.08485,74,4.96,82,0.6,0.61,0.59,0.63,0.58,-0.4,51,\N,2019-07-05 19:56:01
BLDP,Energy,Industrial Machinery/Components,875.89,4.23,3.448,1.22693,93,10.78,93,-0.03,-0.02,-0.03,-0.06,-0.05,\N,34,\N,2019-07-05 19:56:16
BANF,Finance,Major Banks,1800,56.67,54.776,1.03458,60,4.76,81,0.89,0.91,0.98,0.98,0.96,0.777778,94,\N,2019-07-05 19:56:31
BANFP,Finance,Major Banks,26.65,26.83,26.772,1.00218,48,\N,19,\N,\N,\N,\N,\N,\N,34,\N,\N
BCTF,Finance,Savings Institutions,52.92,15.7,15.236,1.03046,59,1.86,58,0.11,0.12,0.04,0.05,0.01,-0.909091,41,\N,2019-07-05 19:56:47
BAND,Technology,Computer Software: Prepackaged Software,1650,75.46,62.773,1.20211,92,8.26,90,0.3,0.5,0.12,-0.07,0.09,-0.368421,51,\N,2019-07-05 19:57:01
BFC,Finance,Major Banks,452.37,69.78,59.948,1.16401,88,6.59,87,0.49,1.05,0.89,0.91,1,0.910714,96,\N,2019-07-05 19:57:17
BOCH,Finance,Major Banks,189.05,10.76,10.845,0.992138,44,3.68,74,0.2,0.22,0.25,0.3,0.13,-0.411765,50,\N,2019-07-05 19:57:32
BMRC,Finance,Major Banks,568.64,42.62,42.203,1.00988,50,5.68,85,0.46,0.56,0.61,0.69,0.54,0.347826,84,\N,2019-07-05 19:57:47
BMLP,Finance,Commercial Banks,47.96,47.38,47.336,1.00092,47,\N,19,\N,\N,\N,\N,\N,\N,34,\N,\N
BKSC,Finance,Major Banks,104.27,19.32,18.532,1.04253,63,5.55,84,0.26,0.31,0.32,0.32,0.3,0.666667,92,\N,2019-07-05 19:58:07
BOTJ,Finance,Major Banks,63.58,14.76,14.167,1.04183,63,2.22,62,0.26,0.3,0.32,0.34,0.28,0.25,80,\N,2019-07-05 19:58:23
OZK,Finance,Major Banks,3650,29.85,30.42,0.981272,41,4.11,77,0.88,0.89,0.58,0.89,0.86,-0.0645161,62,\N,2019-07-05 19:58:38
BSVN,Finance,Major Banks,167.58,17.8,16.481,1.08002,73,\N,19,\N,\N,\N,\N,\N,\N,34,\N,\N
BFIN,Finance,Savings Institutions,211.66,14.09,14.812,0.951262,35,3.34,72,0.2,0.26,0.22,0.44,0.22,0.0833333,72,\N,2019-07-05 19:59:09
BWFG,Finance,Major Banks,216.99,28.95,29.248,0.989806,44,3.99,76,0.59,0.6,0.62,0.41,0.65,0.25,80,\N,2019-07-05 19:59:24
BANR,Finance,Major Banks,1860,55.28,55.137,1.00259,48,3.68,74,0.89,1,1.17,1.09,0.95,0.214286,79,\N,2019-07-05 19:59:40
BZUN,Consumer Services,Catalog/Specialty Distribution,2810,54.24,39.407,1.37639,98,\N,19,\N,\N,\N,\N,\N,\N,34,\N,\N
BBSI,Technology,Professional Services,590.27,81.63,73.292,1.11376,81,0.65,38,-1.25,1.46,2.5,2.21,-0.31,0.250667,80,\N,2019-07-05 19:59:57
GOLD,Basic Industries,Precious Metals,28040,15.8,13.183,1.19849,91,3.6,73,0.14,-0.08,-0.35,-1.02,0.06,-0.0689655,62,\N,2019-07-06 08:02:31
BSET,Consumer Durables,Home Furnishings,143.59,13.01,17.46,0.745122,12,0.3,29,-0.09,0.4,0.28,0.18,0.04,0.265306,81,\N,2019-07-05 20:00:28
GLG,Finance,Major Banks,3.23,0.47,1.447,0.324908,3,4.55,80,-0.1,2.14,-0.13,-0.24,-0.35,-0.100402,60,\N,2019-07-05 20:00:43
BCML,Finance,Major Banks,264.5,23.37,22.518,1.03781,61,4.6,80,0.54,0.45,0.31,0.24,0.45,-0.3,53,\N,2019-07-05 20:00:59
BCBP,Finance,Savings Institutions,200.23,13.02,12.444,1.04626,64,2.53,65,0.29,0.13,0.27,0.31,0.32,0.157895,76,\N,2019-07-05 20:01:14
BECN,Consumer Services,RETAIL: Building Materials,2400,36.91,35.558,1.03801,61,0.36,31,-1.07,0.55,0.54,-0.1,-1.08,-0.00613497,65,\N,2019-07-05 20:01:29
BBGI,Consumer Services,Broadcasting,83.6,3.11,3.895,0.798561,15,0.34,30,-0.11,0.18,0.1,0.08,0.05,0.551724,89,\N,2019-07-05 20:01:44
BBBY,Consumer Services,Home Furnishings,1510,11.47,14.769,0.77663,14,0.12,24,1.41,0.32,0.36,0.18,-1.92,-1,39,\N,2019-07-05 20:01:58
BGNE,Health Care,Major Pharmaceuticals,7240,127.91,130.942,0.976844,40,30.94,98,-2.08,-2.86,-2.47,-4.55,-2.86,\N,34,\N,2019-07-05 20:02:14
BELFA,Capital Goods,Electrical Products,191.59,15.27,18.794,0.812475,16,0.38,31,-0.11,0.56,0.94,0.33,0.09,0.190476,77,\N,2019-07-05 20:02:29
BELFB,Capital Goods,Electrical Products,205.07,16.5,21.842,0.755413,13,0.36,31,-0.11,0.56,0.94,0.33,0.09,0.190476,77,\N,2019-07-05 20:02:43
BLPH,Health Care,Major Pharmaceuticals,45.48,0.626,0.685,0.913288,27,\N,19,\N,\N,\N,\N,\N,\N,34,\N,\N
BLCM,Health Care,Major Pharmaceuticals,92.94,1.76,2.977,0.59127,6,54.3,98,-0.68,-0.6,-0.55,-0.63,-0.55,\N,34,\N,2019-07-05 20:02:59
BNFT,Technology,Computer Software: Prepackaged Software,822.7,25.78,41.767,0.617239,7,3.17,70,-0.44,-0.45,-0.36,-0.41,-0.44,\N,33,\N,2019-07-05 20:03:13
BNTC,Health Care,Major Pharmaceuticals,9,0.77,1.592,0.483705,5,\N,19,\N,\N,\N,\N,\N,\N,33,\N,\N
BRY,Energy,Oil & Gas Production,850.72,10.42,11.26,0.925387,29,1.43,53,0.02,-0.84,-0.66,2.44,-0.42,-0.134146,59,\N,2019-07-05 20:03:27
BYND,Consumer Non-Durables,Packaged Foods,9050,152.63,0,0,2,\N,19,\N,\N,\N,\N,\N,\N,33,\N,\N
BYSI,Health Care,Major Pharmaceuticals,482.01,20.06,17.606,1.13941,85,\N,19,\N,\N,\N,\N,\N,\N,33,\N,\N
BGCP,Finance,Investment Bankers/Brokers/Service,1710,5.47,5.548,0.985992,43,0.97,45,0.19,0.1,0.35,-0.07,0.18,-0.0238095,65,\N,2019-07-05 20:03:56
BCYC,Health Care,Major Pharmaceuticals,188.47,9,0,0,2,\N,19,\N,\N,\N,\N,\N,\N,33,\N,\N
BGFV,Consumer Services,Other Specialty Stores,43.47,1.99,2.976,0.66859,9,0.04,22,-0.06,-0.01,0.15,-0.24,0.08,0.358974,84,\N,2019-07-05 20:04:24
BRPA,Finance,Business Services,94.24,10.4,10.339,1.00589,49,\N,19,\N,\N,\N,\N,\N,\N,33,\N,\N
BILI,Technology,EDP Services,5100,16.74,16.751,0.999339,47,\N,19,\N,\N,\N,\N,\N,\N,33,\N,\N
BASI,Health Care,Biotechnology: Commercial Physical & Biological Re,20.27,2,1.775,1.12674,83,0.63,38,0.01,-0.01,-0.02,-0.01,-0.06,\N,33,\N,2019-07-05 20:04:41
BIOC,Health Care,Medical Specialities,21.13,1.04,1.188,0.875691,23,5.77,85,-3.3,-2.7,-2.42,-1.43,-0.61,\N,33,\N,2019-07-05 20:04:54
BCRX,Health Care,Biotechnology: Biological Products (No Diagnostic ,399.33,3.73,7.176,0.519803,5,17.74,96,-0.26,-0.19,-0.28,-0.25,-0.28,\N,33,\N,2019-07-05 20:05:09
BDSI,Health Care,Major Pharmaceuticals,389.38,4.62,4.584,1.00781,50,6.45,87,-0.18,-0.16,-0.29,-0.08,-0.05,\N,33,\N,2019-07-05 20:05:24
BFRA,Health Care,Major Pharmaceuticals,368.89,18.22,14.07,1.29497,96,\N,19,\N,\N,\N,\N,\N,\N,33,\N,\N
BIIB,Health Care,Biotechnology: Biological Products (No Diagnostic ,46590,234.25,271.667,0.862269,21,3.29,71,5.54,4.18,7.15,4.73,7.15,0.542088,89,\N,2019-07-05 20:05:39
BHTG,Consumer Services,Other Consumer Services,25.19,1.85,2.414,0.766494,13,8.08,89,-0.49,-0.39,-0.15,-0.12,-0.14,\N,33,\N,2019-07-05 20:05:54
BKYI,Technology,Computer Communications Equipment,17.74,1.27,1.172,1.0837,74,4.77,81,-0.3,-0.15,-0.23,-0.1,-0.13,\N,33,\N,2019-07-05 20:06:08
BIOL,Health Care,Medical/Dental Instruments,31.09,1.72,1.899,0.905518,26,0.8,41,-0.25,-0.24,-0.23,-0.33,-0.23,\N,33,\N,2019-07-05 20:06:22
BLFS,Health Care,Biotechnology: Electromedical & Electrotherapeutic,285.75,15.71,16.559,0.948707,34,13.61,94,-0.01,0.05,0.05,0.04,0.02,0.5,88,\N,2019-07-05 20:06:36
BLRX,Health Care,Major Pharmaceuticals,54.22,0.34,0.427,0.796923,15,\N,19,\N,\N,\N,\N,\N,\N,33,\N,\N
BMRN,Health Care,Major Pharmaceuticals,15010,82,88.779,0.923639,29,9.66,92,-0.26,-0.09,-0.07,-0.03,-0.32,\N,33,\N,2019-07-05 20:06:51
BMRA,Health Care,Medical/Dental Instruments,24.36,2.69,2.416,1.11326,81,5.04,82,-0.04,-0.08,-0.05,-0.05,-0.07,\N,33,\N,2019-07-05 20:07:05
BNGO,Capital Goods,Biotechnology: Laboratory Analytical Instruments,27.11,2.37,3.886,0.609841,7,\N,19,\N,\N,\N,\N,\N,\N,33,\N,\N
BVXV,Health Care,Biotechnology: Biological Products (No Diagnostic ,37.58,5.82,5.787,1.00566,49,\N,19,\N,\N,\N,\N,\N,\N,33,\N,\N
BPTH,Health Care,Major Pharmaceuticals,37.03,13.5,12.42,1.08694,75,\N,19,\N,\N,\N,\N,\N,\N,33,\N,\N
BIOS,Health Care,Medical/Nursing Services,296.14,2.61,2.672,0.976914,40,0.54,36,-0.12,-0.14,-0.09,-0.14,-0.18,\N,33,\N,2019-07-05 20:07:35
BSGM,Health Care,Biotechnology: Electromedical & Electrotherapeutic,178.26,8.71,6.22,1.40032,98,\N,19,\N,\N,\N,\N,\N,\N,33,\N,\N
BSTC,Health Care,Major Pharmaceuticals,421.26,60.2,64.264,0.936768,32,12.48,94,0.54,0.59,0.69,0.84,0.6,0.2,78,\N,2019-07-05 20:07:51
TECH,Health Care,Biotechnology: Biological Products (No Diagnostic ,7700,214.81,190.539,1.12738,83,11.7,93,0.52,1.07,0.45,0.45,1.15,0.9,96,\N,2019-07-05 20:08:06
BEAT,Health Care,Medical Specialities,1640,48.95,60.087,0.814654,16,4.26,78,0.17,0.29,0.45,0.29,0.32,0.535714,89,\N,2019-07-05 20:08:21
BTAI,Health Care,Major Pharmaceuticals,164.33,11.38,9.119,1.24793,94,\N,19,\N,\N,\N,\N,\N,\N,33,\N,\N
BIQI,Consumer Non-Durables,Farming/Seeds/Milling,5.78,0.7,1.669,0.41943,4,0.21,26,0.05,0.08,0.03,-0.05,-0.32,-0.925,40,\N,2019-07-05 20:08:37
BJRI,Consumer Services,Restaurants,891.57,44.68,47.873,0.933312,31,0.82,42,0.7,0.79,0.39,0.49,0.6,-0.25,55,\N,2019-07-05 20:08:51
BRAC,Consumer Services,Services-Misc. Amusement & Recreation,182.54,10.3,10.193,1.01049,51,\N,19,\N,\N,\N,\N,\N,\N,33,\N,\N
BLKB,Technology,Computer Software: Prepackaged Software,3850,84.16,76.269,1.10346,79,4.81,81,0.37,0.14,0.23,0.19,-0.02,-1,39,\N,2019-07-05 20:09:06
BL,Technology,Computer Software: Prepackaged Software,2900,49.54,48.287,1.02595,57,11.24,93,-0.13,-0.16,-0.08,-0.14,-0.16,\N,33,\N,2019-07-05 20:09:19
BLNK,Consumer Durables,Electrical Products,67.69,2.69,2.714,0.99121,44,26.46,97,-2.58,-0.05,-0.13,0.03,-0.07,0.961686,97,\N,2019-07-05 20:09:34
BLMN,Consumer Services,Restaurants,1730,18.15,19.629,0.92467,29,0.4,32,0.68,0.28,0.04,0.12,0.69,0.0153846,68,\N,2019-07-05 20:09:48
BCOR,Finance,Finance: Consumer Services,1410,29.71,30.899,0.961512,37,2.48,64,0.93,0.71,-0.37,-0.38,1.25,0.196319,78,\N,2019-07-05 20:10:02
BLBD,Capital Goods,Construction/Ag Equipment/Trucks,501.86,19.39,18.533,1.04625,64,0.5,35,-0.36,0.04,0.77,0.52,-0.05,0.274336,81,\N,2019-07-05 20:10:16
BLUE,Health Care,Biotechnology: Biological Products (No Diagnostic ,6610,127.83,133.695,0.956128,36,135.55,100,-2.31,-2.91,-2.73,-2.72,-2.99,\N,33,\N,2019-07-05 20:10:30
BKEP,Energy,Natural Gas Distribution,46.41,1.33,1.336,0.995714,46,0.13,24,-0.05,-0.11,-0.09,-1.36,-0.06,\N,33,\N,2019-07-05 20:10:44
BKEPP,Energy,Natural Gas Distribution,155.02,5.2,5.326,0.976309,40,\N,19,\N,\N,\N,\N,\N,\N,33,\N,\N
BPMC,Health Care,Major Pharmaceuticals,4480,95.79,78.251,1.22414,93,104.29,99,-1.29,-0.62,-1.66,-1.83,-1.98,\N,33,\N,2019-07-05 20:11:12
BMCH,Consumer Services,RETAIL: Building Materials,1380,21.67,19.069,1.13641,84,0.39,32,0.23,0.6,0.53,0.41,0.3,0.189189,77,\N,2019-07-05 20:11:26
WIFI,Consumer Services,Telecommunications Equipment,828.24,18.58,21.917,0.847728,20,3.08,69,-0.08,0.05,-0.01,0.01,-0.12,-0.235294,55,\N,2019-07-05 20:11:41
BOKF,Finance,Major Banks,5270,77.08,82.133,0.938482,32,3.36,72,1.61,1.75,1.79,1.5,1.54,-0.241379,55,\N,2019-07-05 20:11:55
BNSO,Capital Goods,Industrial Machinery/Components,12.59,2.65,2.655,0.998275,46,1.26,50,-0.29,-0.64,-0.64,0.04,0.04,0.485294,87,\N,2019-07-05 20:12:11
BKNG,Miscellaneous,Business Services,79890,1924.75,1792.24,1.07394,71,5.74,85,12.34,20.13,37.02,13.86,16.85,0.182739,77,\N,2019-07-05 20:12:25
BRQS,Technology,EDP Services,85.54,2.82,3.95,0.713925,11,0.39,32,-1.21,0.01,0.04,0.07,-0.09,0.875,96,\N,2019-07-05 20:12:39
BOMN,Finance,Real Estate,502.32,23.8,24.766,0.960985,37,20.28,97,-0.13,-0.08,-0.09,-0.17,-0.18,\N,33,\N,2019-07-05 20:12:53
BPFH,Finance,Major Banks,929.92,12.18,11.335,1.07457,72,2.74,66,0.27,0.03,0.2,0.42,0.25,-0.0512821,63,\N,2019-07-05 20:13:07
EPAY,Technology,Computer Software: Prepackaged Software,1920,43.63,47.23,0.923786,29,4.52,80,-0.03,0.32,-0.02,0.14,0.02,0.142857,75,\N,2019-07-05 20:13:21
BOXL,Miscellaneous,Industrial Machinery/Components,30.71,2.985,2.934,1.0173,54,0.86,43,-0.2,-0.45,-0.12,-0.06,-0.46,\N,33,\N,2019-07-05 20:13:36
BWMC,Finance,Business Services,247.45,9.82,0,0,2,\N,19,\N,\N,\N,\N,\N,\N,33,\N,\N
BCLI,Health Care,Biotechnology: Biological Products (No Diagnostic ,117.67,4.18,3.836,1.08973,76,\N,19,\N,\N,\N,\N,\N,\N,33,\N,\N
BWAY,Health Care,Medical/Dental Instruments,114.57,10.273,0,0,2,6.3,86,-0.08,-0.22,-0.26,-0.12,-0.22,\N,33,\N,2019-07-05 20:13:52
BDGE,Finance,Major Banks,562.45,29.39,29.873,0.98384,42,3.95,76,0.61,0.34,0.33,0.7,0.65,0.108108,73,\N,2019-07-05 20:14:07
BLIN      ,Technology,Computer Software: Prepackaged Software,2.3,2.43,8.785,0.276619,3,0,21,-9,-62,-12,-23,-41.52,\N,33,\N,2019-07-05 20:14:21
BWB,Finance,Major Banks,340.7,11.67,10.918,1.0689,70,5.55,84,0.23,0.22,0.21,0.25,0.23,-0.00000000000000266454,66,\N,2019-07-05 20:14:36
BRID,Consumer Non-Durables,Specialty Foods,261.69,34.35,25.99,1.32166,97,1.72,57,-0.18,0.52,0.16,0.21,0.24,0.6,90,\N,2019-07-05 20:14:51
BCOV,Technology,EDP Services,372.34,10.41,8.861,1.17482,89,2.35,63,-0.06,-0.16,-0.1,-0.07,-0.14,\N,33,\N,2019-07-05 20:15:06
BHF,Finance,Life Insurance,3900,37.1,37.854,0.980076,41,0.55,36,-0.56,-2.01,-2.26,12.14,-6.31,-0.311653,53,\N,2019-07-05 20:15:21
AVGO,Technology,Semiconductors,110070,282.66,281.062,1.00569,49,5.35,84,8.33,2.71,2.64,1.12,1.64,-0.927878,40,\N,2019-07-05 20:15:35
BVSN,Technology,Computer Software: Prepackaged Software,7.13,1.4,1.408,0.994631,45,1.57,55,-0.3,-0.43,-0.34,-0.33,0.12,\N,33,\N,2019-07-05 20:15:50
BYFC,Finance,Savings Institutions,38.75,1.55,1.334,1.16221,88,3.42,72,0,0,0.03,0.01,0.01,0.333333,83,\N,2019-07-05 20:16:05
BWEN,Capital Goods,Metal Fabrications,36.61,2.27,1.737,1.30695,96,0.27,28,-0.32,-0.4,-0.05,-0.79,-0.07,\N,33,\N,2019-07-05 20:16:19
BPY,Finance,Real Estate,7930,19.33,19.355,0.99873,47,0.92,44,0.68,0.68,0.43,0.53,0.32,-1,39,\N,2019-07-05 20:16:33
BPYPP,Finance,Real Estate,160.91,25.16,0,0,2,\N,19,\N,\N,\N,\N,\N,\N,33,\N,\N
BPR,Consumer Services,Real Estate Investment Trusts,14060,19.31,19.35,0.997945,46,7.31,88,0.06,0.09,4.68,0.33,0.33,0.0584416,71,\N,2019-07-05 20:17:02
BPRAP,Consumer Services,Real Estate Investment Trusts,249.3,24.98,24.536,1.01811,54,\N,19,\N,\N,\N,\N,\N,\N,33,\N,\N
BRKL,Finance,Savings Institutions,1170,15.39,14.935,1.03046,59,4.49,80,0.24,0.26,0.28,0.26,0.28,1,100,\N,2019-07-05 20:17:32
BRKS,Technology,Industrial Machinery/Components,2640,39.56,33.057,1.19673,91,3.94,76,0.95,0.32,0.15,0.2,0.05,-1,39,\N,2019-07-05 20:17:46
DOOO,Capital Goods,Industrial Specialties,1490,37.25,29.966,1.24306,94,\N,19,\N,\N,\N,\N,\N,\N,33,\N,\N
BRKR,Capital Goods,Biotechnology: Laboratory Analytical Instruments,7580,50.98,39.281,1.29782,96,4.15,78,0.17,0.2,0.28,0.5,0.2,0.0909091,72,\N,2019-07-05 20:18:02
BMTC,Finance,Major Banks,735.57,38.06,37.572,1.013,52,3.59,73,0.75,0.72,0.82,0.84,0.53,-0.709677,44,\N,2019-07-05 20:18:16
BSQR,Miscellaneous,Business Services,15.92,1.21,1.84,0.657636,8,0.23,27,-0.19,-0.29,-0.16,-0.43,-0.22,\N,33,\N,2019-07-05 20:18:32
BLDR,Consumer Services,RETAIL: Building Materials,1780,16.97,14.082,1.20512,92,0.26,28,0.2,0.49,0.63,0.45,0.31,0.255814,80,\N,2019-07-05 20:18:45
BFST,Finance,Major Banks,342.05,25.76,24.519,1.05062,65,\N,19,\N,\N,\N,\N,\N,\N,33,\N,\N
CFFI,Finance,Major Banks,174.53,53.95,50.712,1.06385,69,1.92,59,1.11,1.45,1.46,1.13,1.08,-0.0789474,61,\N,2019-07-05 20:19:12
CHRW,Transportation,Oil Refining/Marketing,11300,84.9,85.832,0.989146,43,0.7,39,1.01,1.13,1.25,1.34,1.16,0.454545,87,\N,2019-07-05 20:19:27
CCMP,Technology,Semiconductors,3090,110.03,108.134,1.01753,54,4.03,77,1.14,1.34,1.84,0.48,0.92,-0.161765,58,\N,2019-07-05 20:19:42
CDNS,Technology,Computer Software: Prepackaged Software,19510,74.41,60.077,1.23858,94,9.42,91,0.26,0.27,0.35,0.35,0.43,1,100,\N,2019-07-05 20:19:56
CDZI,Public Utilities,Water Supply,289,12.31,10.15,1.21283,92,734.06,100,-0.26,-0.25,-0.26,-0.32,-0.29,\N,33,\N,2019-07-05 20:20:10
CZR,Consumer Services,Hotels/Resorts,7780,12.18,9.116,1.33613,97,0.99,46,-0.05,0.04,0.14,0.25,-0.32,-0.473684,49,\N,2019-07-05 20:20:24
CSTE,Capital Goods,Building Materials,504.19,15.53,15.255,1.018,54,0.93,44,0.05,0.32,0.31,0.04,-0.01,-0.181818,57,\N,2019-07-05 20:20:39
CLBS,Health Care,Hospital/Nursing Management,25.64,2.51,3.62,0.693414,9,\N,19,\N,\N,\N,\N,\N,\N,33,\N,\N
CAMP,Technology,Radio And Television Broadcasting And Communicatio,336.73,11.29,12.93,0.873194,22,1.06,47,0.23,-0.02,-0.02,0.33,-0.26,-0.830508,42,\N,2019-07-05 20:20:56
CVGW,Consumer Non-Durables,Farming/Seeds/Milling,1670,96.19,87.329,1.10147,78,1.49,54,0.8,0.7,-0.08,0.26,0.93,0.128713,74,\N,2019-07-05 20:21:11
CALA,Health Care,Major Pharmaceuticals,146.96,4.48,5.392,0.830892,18,9.72,92,-0.37,-0.09,-0.52,-0.51,-0.61,\N,33,\N,2019-07-05 20:21:24
CALM,Consumer Non-Durables,Farming/Seeds/Milling,1970,42.85,42.318,1.01258,52,1.37,52,1.99,1.48,0.26,0.45,0.82,-0.676301,44,\N,2019-07-05 20:21:39
CLMT,Energy,Integrated oil Companies,323.82,4.18,3.651,1.14501,86,0.09,23,-0.06,-0.65,-0.21,0.23,0.2,0.295455,82,\N,2019-07-05 20:21:53
CLXT,Basic Industries,Agricultural Chemicals,411.4,10.84,14.383,0.753693,12,957.02,100,-0.16,-0.25,-0.23,-0.26,-0.23,\N,33,\N,2019-07-05 20:22:08
CATC,Finance,Major Banks,374.18,81.49,81.146,1.00424,48,4.09,77,1.41,1.48,1.61,1.28,1.49,0.242424,79,\N,2019-07-05 20:22:22
CAC,Finance,Major Banks,681.56,45.3,42.643,1.0623,68,4.39,79,0.82,0.78,0.9,0.89,0.91,0.692308,92,\N,2019-07-05 20:22:37
CAMT,Capital Goods,Electronic Components,293.45,8.49,8.62,0.984893,42,2.39,63,0.1,0.12,0.14,0.16,0.16,1,100,\N,2019-07-05 20:22:51
CSIQ,Technology,Semiconductors,1260,22.32,20.11,1.10988,80,0.48,34,0.72,0.26,1.09,1.81,-0.29,-0.480952,48,\N,2019-07-05 20:23:06
CGIX,Health Care,Medical Specialities,9.82,0.17,0.239,0.710367,10,0.38,31,-0.16,-0.13,-0.31,-0.14,-0.09,\N,33,\N,2019-07-05 20:23:20
CPHC,Consumer Services,Services-Misc. Amusement & Recreation,56.88,12.43,14.213,0.874539,22,0.97,45,0.22,0.16,0.36,0.52,0.01,-0.411765,50,\N,2019-07-05 20:23:34
CBNK,Finance,Major Banks,158.45,12.38,11.686,1.0594,68,\N,19,\N,\N,\N,\N,\N,\N,32,\N,\N
CCBG,Finance,Major Banks,414.09,24.92,23.721,1.05055,65,2.86,67,0.34,0.35,0.35,0.5,0.38,0.25,80,\N,2019-07-05 20:24:03
CPLP,Transportation,Marine Transportation,184.69,10.4,13.062,0.796222,15,0.68,39,0.14,0.07,-1.4,0.56,-8.01,-0.950992,40,\N,2019-07-05 20:24:18
CSWC,Consumer Non-Durables,Textiles,372.77,21.07,21.453,0.982148,41,7.17,88,0.93,0.72,0.4,0.25,0.62,-0.455882,49,\N,2019-07-05 20:24:31
CFFN,Finance,Savings Institutions,1890,13.82,13.394,1.0318,59,8.64,90,0.17,0.17,0.16,0.18,0.18,0.5,88,\N,2019-07-05 20:24:46
CAPR,Health Care,Major Pharmaceuticals,11.41,3.68,4.609,0.798516,15,8.08,89,-1.4,-1.4,-1.4,-1.1,-0.8,\N,32,\N,2019-07-05 20:24:59
CSTR,Finance,Major Banks,266.43,15.25,15.496,0.984099,42,3.82,75,0.25,0.27,0.28,-0.04,0.25,0,67,\N,2019-07-05 20:25:14
CPST,Energy,Industrial Machinery/Components,57.22,0.81,0.849,0.954227,35,0.72,40,-0.02,-0.08,-0.07,-0.05,-0.06,\N,32,\N,2019-07-05 20:25:29
CARA,Health Care,Major Pharmaceuticals,784.3,21.81,18.099,1.20504,92,48.94,98,-0.51,-0.52,-0.51,-0.52,-0.56,\N,32,\N,2019-07-05 20:25:43
CBLK,Technology,Computer Software: Prepackaged Software,1150,17.45,14.852,1.17496,89,\N,19,\N,\N,\N,\N,\N,\N,32,\N,\N
CARB,Technology,EDP Services,884.25,25.52,25.064,1.0182,54,2.8,67,0.4,-0.2,0.02,0.02,0.06,-0.566667,47,\N,2019-07-05 20:26:12
CSII,Health Care,Medical/Dental Instruments,1450,42.75,36.398,1.1745,89,6.24,86,0.01,0.11,-0.09,0.01,0.02,0.05,70,\N,2019-07-05 20:26:26
CDLX,Technology,Computer Software: Programming\, Data Processing,532.87,29.58,18.352,1.61184,100,4.34,79,-1.54,-0.64,-0.4,-0.53,-0.28,\N,32,\N,2019-07-05 20:26:41
CATM,Miscellaneous,Business Services,1240,28.08,30.932,0.907791,26,0.96,45,-0.06,0.08,0.19,-0.13,0.09,0.46875,87,\N,2019-07-05 20:26:55
CDNA,Health Care,Medical Specialities,1500,35.34,30.601,1.15485,87,16.55,96,-0.3,-0.4,-0.54,-0.09,-0.18,\N,32,\N,2019-07-05 20:27:10
CECO,Consumer Services,Other Consumer Services,1310,19.34,16.442,1.17629,90,2.29,63,0.25,0.12,0.21,0.2,0.35,0.434783,86,\N,2019-07-05 20:27:24
CTRE,Consumer Services,Real Estate Investment Trusts,2320,24.25,23.013,1.05374,66,14.5,95,0.19,0.17,0.18,0.18,0.18,-0.5,48,\N,2019-07-05 20:27:39
CARG,Technology,EDP Services,4090,36.13,38.155,0.94692,34,8.15,90,0.03,0.28,0.11,0.11,0.11,0.32,83,\N,2019-07-05 20:27:53
CARO,Finance,Major Banks,772.33,35.56,35.051,1.01453,53,4.58,80,0.19,0.7,0.66,0.68,0.65,0.901961,96,\N,2019-07-05 20:28:08
CART,Finance,Major Banks,71.59,7.67,8.148,0.941307,32,3.63,74,0.12,0.08,0.13,0.13,0.04,-0.888889,41,\N,2019-07-05 20:28:23
CRZO,Energy,Oil & Gas Production,888.97,9.81,11.635,0.843154,19,0.89,43,0.18,0.36,0.85,2.75,1.58,0.544747,89,\N,2019-07-05 20:28:37
TAST,Consumer Services,Restaurants,387.81,9.68,9.466,1.0226,56,0.37,31,-0.09,0.17,0.08,0.04,-0.32,-0.469388,49,\N,2019-07-05 20:28:52
CARV,Finance,Savings Institutions,11.32,3.06,3.382,0.904896,26,0.51,35,1.17,-0.28,-0.55,-0.36,-0.41,\N,32,\N,2019-07-05 20:29:07
CASA,Technology,Radio And Television Broadcasting And Communicatio,514.07,6.36,9.165,0.693953,10,2.19,62,0.19,0.23,0.21,0.17,-0.18,-0.902439,41,\N,2019-07-05 20:29:22
CWST,Public Utilities,Environmental Services,1880,41.23,35.132,1.17359,89,2.89,68,-0.09,0.04,0.5,-0.32,-0.04,0.0609756,71,\N,2019-07-05 20:29:37
CASY,Consumer Durables,Automotive Aftermarket,5670,159,134.261,1.18426,90,0.7,39,0.51,1.9,1.8,1.13,0.68,0.122302,74,\N,2019-07-05 20:29:51
CASI,Health Care,Biotechnology: Biological Products (No Diagnostic ,286.19,3.06,3.348,0.913953,27,\N,19,\N,\N,\N,\N,\N,\N,32,\N,\N
CASS,Miscellaneous,Business Services,679.25,48.05,49.021,0.980188,41,4.5,80,0.54,0.5,0.51,0.47,0.55,0.125,74,\N,2019-07-05 20:30:06
SAVA,Health Care,Major Pharmaceuticals,22.39,1.45,1.139,1.2727,95,\N,19,\N,\N,\N,\N,\N,\N,32,\N,\N
CTRM,Transportation,Marine Transportation,10.01,4.12,0,0,2,\N,19,\N,\N,\N,\N,\N,\N,32,\N,\N
CATB,Health Care,Major Pharmaceuticals,86.01,7.46,6.592,1.1316,84,\N,19,\N,\N,\N,\N,\N,\N,32,\N,\N
CBIO,Health Care,Major Pharmaceuticals,91.17,9.31,8.427,1.10482,79,\N,19,\N,\N,\N,\N,\N,\N,32,\N,\N
CPRX,Health Care,Major Pharmaceuticals,373.36,3.92,3.612,1.0853,75,29.91,98,-0.06,-0.06,-0.08,-0.14,-0.01,\N,32,\N,2019-07-05 20:30:36
CATS,Health Care,Hospital/Nursing Management,301.27,18.33,14.009,1.30846,96,14.8,95,-0.27,-0.26,-0.27,-0.09,-0.18,\N,32,\N,2019-07-05 20:30:50
CATY,Finance,Major Banks,2760,36.32,36.055,1.00736,50,4.73,81,0.78,0.9,0.85,0.8,0.83,0.416667,86,\N,2019-07-05 20:31:04
CVCO,Basic Industries,Homebuilding,1330,155.72,136.93,1.13723,85,1.44,53,2.4,2.12,1.67,1.44,2.17,-0.239583,55,\N,2019-07-05 20:31:18
CBFV,Finance,Major Banks,127.14,24.76,24.212,1.02262,56,2.8,67,0.33,0.19,0.42,0.45,0.54,0.6,90,\N,2019-07-05 20:31:34
CBAT,Miscellaneous,Industrial Machinery/Components,32.06,0.95,0.955,0.994566,45,1.14,48,-0.1,-0.13,0.3,-0.14,-0.1,0,67,\N,2019-07-05 20:31:49
CBMB,Finance,Savings Institutions,58.61,13.58,13.151,1.0326,59,\N,19,\N,\N,\N,\N,\N,\N,32,\N,\N
CBTX,Finance,Major Banks,727.46,28.91,30.816,0.938143,32,5.19,83,0.37,0.44,0.52,0.56,0.42,0.263158,81,\N,2019-07-05 20:32:18
CDK,Miscellaneous,Business Services,5840,51.18,53.768,0.951866,35,2.61,65,0.71,0.75,0.69,0.7,0.8,0.818182,95,\N,2019-07-05 20:32:33
CDW,Consumer Services,Catalog/Specialty Distribution,15720,113.79,97.3,1.16948,89,1,46,0.82,1.12,1.2,1.05,1.02,0.526316,88,\N,2019-07-05 20:32:48
CECE,Capital Goods,Pollution Control Equipment,319.67,9.5,7.935,1.19728,91,0.95,45,0.17,-0.03,-0.37,0.03,0.05,-0.222222,56,\N,2019-07-05 20:33:02
CELC,Health Care,Medical Specialities,206.73,22.84,22.026,1.03693,61,\N,19,\N,\N,\N,\N,\N,\N,32,\N,\N
CELG,Health Care,Major Pharmaceuticals,65720,93.7,90.703,1.03304,59,4.17,78,1.1,1.43,1.5,1.5,2.14,1,100,\N,2019-07-05 20:33:16
CLDX,Health Care,Biotechnology: In Vitro & In Vivo Diagnostic Subst,34.7,2.75,4.234,0.649485,8,5.53,84,-12.6,-1.65,-0.6,-0.81,-1.4,\N,32,\N,2019-07-05 20:33:30
APOP,Health Care,Medical/Dental Instruments,5.83,0.541,1.227,0.44085,4,\N,18,\N,\N,\N,\N,\N,\N,32,\N,\N
CLRB,Health Care,Major Pharmaceuticals,20.01,2.14,2.139,1.00057,47,\N,18,\N,\N,\N,\N,\N,\N,32,\N,\N
CLLS,Health Care,Biotechnology: Biological Products (No Diagnostic ,630.74,16.18,17.699,0.91418,27,40.23,98,-0.71,-0.17,-0.54,-0.53,-0.36,\N,32,\N,2019-07-05 20:33:46
CBMG,Health Care,Biotechnology: Biological Products (No Diagnostic ,279.78,14.3,17.159,0.833367,18,\N,18,\N,\N,\N,\N,\N,\N,32,\N,\N
CLSN,Health Care,Major Pharmaceuticals,36.46,1.74,2.075,0.838755,19,71.28,99,-0.25,-0.46,-0.26,0.32,-0.12,0.166667,76,\N,2019-07-05 20:34:02
CELH,Consumer Non-Durables,Beverages (Production/Distribution),216.05,4.05,3.973,1.01945,55,4.22,78,-0.06,-0.07,-0.08,-0.02,0.19,\N,32,\N,2019-07-05 20:34:16
CYAD,Health Care,Major Pharmaceuticals,139.84,12.94,19.932,0.649201,8,\N,18,\N,\N,\N,\N,\N,\N,32,\N,\N
CETX,Capital Goods,Industrial Machinery/Components,4.83,2.45,4.066,0.60263,7,0.08,23,0.32,-2.38,-5.39,-1.92,-1.12,\N,32,\N,2019-07-05 20:34:31
CETXP,Capital Goods,Industrial Machinery/Components,2.74,1,1.608,0.621761,7,\N,18,\N,\N,\N,\N,\N,\N,32,\N,\N
CDEV,Energy,Oil & Gas Production,1990,7.52,10.046,0.748571,12,2.37,63,0.25,0.24,0.15,0.12,-0.03,-1,39,\N,2019-07-05 20:34:58
CSFL,Finance,Major Banks,2900,23.51,23.984,0.980219,41,5.71,85,0.42,0.38,0.43,0.52,0.46,0.285714,82,\N,2019-07-05 20:35:13
CETV,Consumer Services,Broadcasting,1060,4.33,3.668,1.1804,90,1.58,55,0.01,0.06,0.18,0.15,0.03,0.117647,74,\N,2019-07-05 20:35:28
CFBK,Finance,Savings Institutions,52.7,12.05,12.525,0.962073,37,2.31,63,0.17,0.28,0.24,0.33,0.39,1,100,\N,2019-07-05 20:35:41
CENT,Consumer Durables,Consumer Specialties,1570,28.36,30.419,0.932307,31,0.67,39,0.86,0.79,0.19,0.03,0.73,-0.156627,58,\N,2019-07-05 20:35:56
CENTA,Consumer Durables,Consumer Specialties,1420,25.69,27.556,0.93229,31,0.67,39,0.86,0.79,0.19,0.03,0.73,-0.156627,58,\N,2019-07-05 20:36:11
CVCY,Finance,Major Banks,270.56,21.1,19.776,1.06694,70,3.98,76,0.38,0.36,0.42,0.38,0.38,0,67,\N,2019-07-05 20:36:25
CTRC,Consumer Non-Durables,Apparel,255.25,3.17,3.814,0.831122,18,0.18,26,-0.43,-0.54,-0.89,-1.78,-1.4,\N,32,\N,2019-07-05 20:36:39
CENX,Basic Industries,Aluminum,587.08,6.83,7.978,0.856119,20,0.31,30,0,0.2,-0.23,-0.75,-0.39,-0.410526,50,\N,2019-07-05 20:36:54
CNBKA,Finance,Major Banks,466.81,90.48,81.608,1.10872,80,4.6,80,1.38,1.62,1.72,1.78,1.69,0.775,94,\N,2019-07-05 20:37:08
CNTY,Consumer Services,Hotels/Resorts,283.79,9.7,8.687,1.11664,81,1.64,56,0.03,0.01,0.05,0.02,0.04,0.25,80,\N,2019-07-05 20:37:23
CRNT,Technology,Radio And Television Broadcasting And Communicatio,234.82,2.57,3.59,0.715832,11,0.64,38,0.03,0.04,0.08,0.14,0.01,-0.153846,58,\N,2019-07-05 20:37:39
CERC,Health Care,Major Pharmaceuticals,208.8,5.4,5.185,1.04139,62,12,93,-0.12,-0.19,-0.71,-0.15,-0.13,\N,32,\N,2019-07-05 20:37:53
CERN,Technology,EDP Services,23190,74.5,61.839,1.20474,92,4.46,80,0.48,0.51,0.51,0.4,0.51,0.272727,81,\N,2019-07-05 20:38:07
CERS,Health Care,Medical/Dental Instruments,674.02,5.4,5.761,0.937264,32,11.48,93,-0.11,-0.1,-0.11,-0.12,-0.14,\N,32,\N,2019-07-05 20:38:21
KOOL,Capital Goods,Medical Specialities,6.41,3.35,3.06,1.09494,77,0.74,40,-2.7,-17.3,-1.2,-1.5,-0.8,\N,32,\N,2019-07-05 20:38:35
CEVA,Technology,Semiconductors,513.98,24.75,25.715,0.96248,37,7.02,88,-0.1,-0.09,0.11,0.1,-0.1,0,67,\N,2019-07-05 20:38:50
CFFA,Finance,Business Services,359.23,10.04,0,0,2,\N,18,\N,\N,\N,\N,\N,\N,32,\N,\N
CSBR,Health Care,Biotechnology: Biological Products (No Diagnostic ,93.74,7.76,9.278,0.836427,19,3.75,75,-0.01,-0.06,0.04,0.02,-0.03,-0.2,56,\N,2019-07-05 20:39:06
CYOU,Technology,Computer Software: Prepackaged Software,513.87,9.28,16.861,0.550368,6,1.06,47,-0.25,0.6,1.03,0.19,0.69,0.734375,93,\N,2019-07-05 20:39:23
BURG,Consumer Services,Restaurants,3.9,0.97,1.545,0.627754,7,0.24,27,-0.83,-0.23,-0.34,-0.62,-0.51,\N,32,\N,2019-07-05 20:39:38
CTHR,Consumer Durables,Consumer Specialties,42.04,1.53,1.257,1.21694,93,1.46,53,0.03,-0.03,0.01,0.05,0.04,0.125,74,\N,2019-07-05 20:39:53
GTLS,Capital Goods,Metal Fabrications,2550,73.53,80.84,0.909579,27,2.33,63,0.18,0.38,0.67,1.47,0.03,-0.104167,60,\N,2019-07-05 20:40:08
CHTR,Consumer Services,Television Services,87330,401.68,352.318,1.14011,85,2.02,60,0.7,1.15,2.11,1.29,1.11,0.29078,82,\N,2019-07-05 20:40:23
CTAC,Finance,Business Services,281.4,10,9.862,1.01397,52,\N,18,\N,\N,\N,\N,\N,\N,32,\N,\N
CHKP,Technology,Computer Software: Prepackaged Software,17370,119.56,116.899,1.02276,56,9.6,92,1.16,1.24,1.25,1.51,1.15,-0.0277778,64,\N,2019-07-05 20:40:39
CHEK,Health Care,Medical Electronics,18.04,2.21,2.467,0.896002,25,\N,18,\N,\N,\N,\N,\N,\N,32,\N,\N
CKPT,Health Care,Major Pharmaceuticals,128.38,3.26,3.515,0.927361,30,33.54,98,-0.35,-0.23,-0.32,-0.38,-0.18,\N,32,\N,2019-07-05 20:40:54
CEMI,Health Care,Major Pharmaceuticals,101.63,5.78,6.574,0.879256,23,2.92,68,-0.05,-0.12,-0.16,-0.21,-0.16,\N,32,\N,2019-07-05 20:41:10
CHFC,Finance,Major Banks,2830,42.2,42.223,0.999449,47,4.09,77,0.97,0.96,0.98,1.01,0.87,-0.714286,44,\N,2019-07-05 20:41:24
CCXI,Health Care,Major Pharmaceuticals,506.18,8.89,11.411,0.779099,14,12.28,94,-0.19,-0.14,-0.22,-0.21,-0.23,\N,32,\N,2019-07-05 20:41:40
CHMG,Finance,Major Banks,228.33,49,46.06,1.06384,69,2.96,68,0.92,0.52,1.43,1.18,0.92,0,67,\N,2019-07-05 20:41:55
CHKE,Consumer Non-Durables,Apparel,7.99,0,0,0,2,\N,18,\N,\N,\N,\N,\N,\N,32,\N,\N
CHFS,Health Care,Biotechnology: Electromedical & Electrotherapeutic,7.08,2.89,5.451,0.530208,5,1.25,50,-15.12,-13.02,-8.54,-8.37,-11.47,\N,32,\N,2019-07-05 20:42:13
CHMA,Health Care,Major Pharmaceuticals,241.75,7.69,5.512,1.39502,98,\N,18,\N,\N,\N,\N,\N,\N,32,\N,\N
CSSE,Consumer Services,Movies/Entertainment,89.01,7.5,8.364,0.896659,25,3.91,76,-0.05,-0.12,-0.01,0.02,-0.28,-0.766667,43,\N,2019-07-05 20:42:27
CSSEP,Consumer Services,Movies/Entertainment,23.11,24.85,25.017,0.993341,45,\N,18,\N,\N,\N,\N,\N,\N,32,\N,\N
PLCE,Consumer Services,Clothing/Shoe/Accessory Stores,1450,100.06,96.61,1.03571,60,0.81,42,1.78,0.45,3.03,0.74,0.28,-0.545455,47,\N,2019-07-05 20:42:57
CMRX,Health Care,Major Pharmaceuticals,171.6,4.03,2.724,1.47954,99,24.42,97,-0.42,-0.39,-0.33,-0.29,-0.35,\N,32,\N,2019-07-05 20:43:10
CADC,Basic Industries,Engineering & Construction,18.37,3.5,3.038,1.15224,87,0.41,32,0.2,0.15,-1.4,-0.17,-0.38,-0.3625,51,\N,2019-07-05 20:43:24
CAAS,Capital Goods,Auto Parts:O.E.M.,73.41,2.46,2.859,0.860461,21,0.17,25,0.14,0.02,0.01,-0.09,0.05,-0.391304,51,\N,2019-07-05 20:43:39
CBPO,Health Care,Biotechnology: Biological Products (No Diagnostic ,3670,94.82,88.019,1.07726,72,7.64,89,0.92,0.83,0.94,0.87,0.94,0.181818,77,\N,2019-07-05 20:43:53
CCCL,Capital Goods,Building Materials,5.23,0.93,1.424,0.652929,8,\N,18,\N,\N,\N,\N,\N,\N,32,\N,\N
CCRC,Miscellaneous,Business Services,194.66,9.89,11.239,0.87994,23,\N,18,\N,\N,\N,\N,\N,\N,32,\N,\N
JRJC,Finance,Investment Bankers/Brokers/Service,21.49,0.89,1.13,0.787292,14,0.51,35,-0.25,-0.2,-0.25,-0.2,-0.1,\N,32,\N,2019-07-05 20:44:24
HGSH,Finance,Real Estate,38.97,0.84,1.005,0.836043,19,0.83,42,0.05,0.08,-0.03,0.01,0.01,-0.363636,51,\N,2019-07-05 20:44:39
CIFS,Consumer Services,Professional Services,43.56,2.02,2.13,0.948493,34,\N,18,\N,\N,\N,\N,\N,\N,32,\N,\N
CJJD,Health Care,Medical/Nursing Services,34.91,1.09,1.845,0.590774,6,0.33,30,-0.51,-0.02,-0.06,-0.06,0.11,\N,32,\N,2019-07-05 20:45:11
CLDC,Finance,Diversified Financial Services,23.39,0.987,1.125,0.877583,23,-0.29,21,0.09,0.23,0.2,-0.76,-2.83,-0.954248,40,\N,2019-07-05 20:45:26
CHNR,Basic Industries,Precious Metals,43.1,1.6,1.716,0.932426,31,\N,18,\N,\N,\N,\N,\N,\N,32,\N,\N
CREG,Miscellaneous,Business Services,6.65,0.42,0.773,0.543676,6,1.13,48,-0.02,-0.19,-0.29,-7.12,-0.16,\N,32,\N,2019-07-05 20:45:42
SXTC,Health Care,Major Pharmaceuticals,91.87,3.14,0,0,2,\N,18,\N,\N,\N,\N,\N,\N,31,\N,\N
CNTF,Miscellaneous,Business Services,5.71,0.55,0.961,0.572325,6,0.16,25,-0.75,-0.3,-0.17,-0.75,-0.23,\N,31,\N,2019-07-05 21:13:07
CXDC,Capital Goods,Containers/Packaging,114.63,2.23,2.382,0.936344,31,0.09,23,0.29,0.41,0.13,0.2,0.16,-0.464286,49,\N,2019-07-05 21:13:23
CCIH,Technology,EDP Services,23.55,0.88,1.11,0.792956,15,0,21,-1.44,-5.6,-4.32,-3.68,-5.92,\N,31,\N,2019-07-05 21:13:39
CNET,Technology,Computer Software: Programming\, Data Processing,22.49,1.4,1.587,0.882282,24,0.4,32,-0.04,-0.6,-0.19,-0.06,-0.07,\N,31,\N,2019-07-05 21:13:55
IMOS,Technology,Semiconductors,550.54,15.48,16.37,0.945659,33,\N,18,\N,\N,\N,\N,\N,\N,31,\N,\N
CDXC,Consumer Durables,Specialty Chemicals,209.87,4.35,3.943,1.10325,78,6.89,88,-0.15,-0.15,-0.16,-0.15,-0.15,\N,31,\N,2019-07-05 21:14:10
CHSCL,Consumer Services,Farming/Seeds/Milling,573.18,27.39,27.314,1.00277,48,\N,18,\N,\N,\N,\N,\N,\N,31,\N,\N
CHSCM,Consumer Services,Farming/Seeds/Milling,497.04,26.07,25.935,1.00521,49,\N,18,\N,\N,\N,\N,\N,\N,31,\N,\N
CHSCN,Consumer Services,Farming/Seeds/Milling,449.9,26.4,26.471,0.997301,46,\N,18,\N,\N,\N,\N,\N,\N,31,\N,\N
CHSCO,Consumer Services,Farming/Seeds/Milling,310.82,27.36,27.472,0.995915,46,\N,18,\N,\N,\N,\N,\N,\N,31,\N,\N
CHSCP,Consumer Services,Farming/Seeds/Milling,204.67,28.14,28.486,0.987842,43,\N,18,\N,\N,\N,\N,\N,\N,31,\N,\N
CHDN,Consumer Services,Services-Misc. Amusement & Recreation,4400,118.38,95.292,1.24229,94,4.39,79,4.18,2.52,1.37,0.28,0.29,-0.997436,39,\N,2019-07-05 21:14:29
CHUY,Consumer Services,Restaurants,376.18,22.78,21.617,1.05378,66,0.94,44,0.19,0.38,-0.44,0.2,0.19,0,67,\N,2019-07-05 21:14:44
CDTX,Health Care,Biotechnology: Biological Products (No Diagnostic ,42.63,1.63,2.379,0.685292,9,\N,18,\N,\N,\N,\N,\N,\N,31,\N,\N
CMCT,Consumer Services,Real Estate Investment Trusts,841.51,20.48,18.66,1.09754,77,4.56,80,-0.07,-0.04,-0.1,-0.11,6.3,\N,31,\N,2019-07-05 21:14:58
CMCTP,Consumer Services,Real Estate Investment Trusts,209.62,26.8,26.738,1.00232,48,\N,18,\N,\N,\N,\N,\N,\N,31,\N,\N
CMPR,Miscellaneous,Publishing,2860,93.44,91.009,1.02671,57,1.05,47,-0.07,-0.24,-0.47,2.17,0.21,0.106061,73,\N,2019-07-05 21:15:25
CINF,Finance,Property-Casualty Insurers,17150,107.83,89.587,1.20364,92,2.72,66,-0.19,1.32,3.38,-2.78,4.22,0.63,91,\N,2019-07-05 21:15:41
CIDM,Consumer Services,Consumer Electronics/Video Chains,48.93,1.33,1.482,0.897491,25,0.81,42,-0.2,0,-0.09,-0.09,-0.09,0.55,89,\N,2019-07-05 21:15:57
CTAS,Consumer Non-Durables,Apparel,24200,239.53,207.719,1.15314,87,3.7,74,2.71,1.66,1.89,2.18,1.85,-0.819048,42,\N,2019-07-05 21:16:12
CRUS,Technology,Semiconductors,2370,44.18,40.981,1.07807,73,2.17,61,0.19,-0.07,0.93,0.49,0.1,-0.09,61,\N,2019-07-05 21:16:34
CSCO,Technology,Computer Communications Equipment,240060,56.6,51.876,1.09106,76,4.72,81,0.56,0.81,0.77,0.63,0.69,0.52,88,\N,2019-07-05 21:16:58
CTRN,Consumer Services,Clothing/Shoe/Accessory Stores,172.9,15.16,18.682,0.811467,16,0.23,27,0.83,0.24,-0.04,0.59,0.65,-0.206897,56,\N,2019-07-05 21:17:19
CTXR,Health Care,Major Pharmaceuticals,21.48,1.001,1.15,0.870521,22,\N,18,\N,\N,\N,\N,\N,\N,31,\N,\N
CZNC,Finance,Major Banks,343.91,26.15,26.441,0.988986,43,5.28,83,0.36,0.52,0.45,0.46,0.41,0.3125,82,\N,2019-07-05 21:17:36
CZWI,Finance,Savings Institutions,121.44,10.82,11.549,0.936871,32,\N,18,\N,\N,\N,\N,\N,\N,31,\N,\N
CZFC,Finance,Major Banks,63.78,25.68,24.17,1.06247,68,\N,18,\N,\N,\N,\N,\N,\N,31,\N,\N
CIZN,Finance,Major Banks,104.14,20.51,21.311,0.962414,37,2.96,68,0.36,0.35,0.31,0.35,0.25,-1,39,\N,2019-07-05 21:18:14
CTXS,Technology,Computer Software: Prepackaged Software,12920,99.83,100.832,0.990064,44,4.37,79,0.99,0.73,1.08,1.15,0.78,-0.5,48,\N,2019-07-05 21:18:33
CHCO,Finance,Major Banks,1230,77.26,75.484,1.02352,56,6.04,85,1.13,1.35,1.33,0.68,1.3,0.253731,80,\N,2019-07-05 21:18:49
CIVB,Finance,Major Banks,338.26,22.15,20.887,1.06048,68,3.8,75,0.55,0.24,-0.31,0.45,0.57,0.0227273,68,\N,2019-07-05 21:19:06
CIVBP,Finance,Major Banks,0.7337,69,67.815,1.01747,54,\N,18,\N,\N,\N,\N,\N,\N,31,\N,\N
CLAR,Consumer Non-Durables,Recreational Products/Toys,416.38,14.52,12.38,1.17288,89,1.95,59,0.01,-0.03,0.14,0.12,0.12,0.647059,91,\N,2019-07-05 21:19:44
CLNE,Public Utilities,Natural Gas Distribution,517.78,2.51,2.55,0.984491,42,1.62,55,0.08,-0.07,-0.05,0.03,-0.05,-0.866667,41,\N,2019-07-05 21:20:15
CLFD,Public Utilities,Telecommunications Equipment,179.82,13.35,13.591,0.982257,42,2.18,61,-0.02,0.13,0.14,0.08,0.02,0.25,80,\N,2019-07-05 21:20:54
CLRO,Public Utilities,Telecommunications Equipment,38.58,2.4,1.992,1.20511,92,1.47,53,-0.22,-0.26,-1.22,-0.23,-0.14,\N,31,\N,2019-07-05 21:21:20
CLSD,Health Care,Major Pharmaceuticals,38.72,1.075,1.245,0.863232,21,538.87,100,-0.62,-0.65,-0.75,-0.68,-0.45,\N,31,\N,2019-07-05 21:21:47
CLIR,Capital Goods,Industrial Machinery/Components,29.23,1.23,1.014,1.21351,92,\N,18,\N,\N,\N,\N,\N,\N,31,\N,\N
CBLI,Health Care,Biotechnology: Commercial Physical & Biological Re,18.87,1.52,1.501,1.01261,52,15.09,95,-0.11,-0.08,-0.1,-0.04,-0.08,\N,31,\N,2019-07-05 21:22:16
CLVS,Health Care,Major Pharmaceuticals,711.33,14.2,21.222,0.669125,9,7.03,88,-1.54,-1.94,-1.71,-1.89,-1.63,\N,31,\N,2019-07-05 21:22:35
CLPS,Technology,Computer Software: Prepackaged Software,77.36,5.959,7.98,0.746699,12,\N,18,\N,\N,\N,\N,\N,\N,31,\N,\N
CME,Finance,Investment Bankers/Brokers/Service,70990,202.81,181.355,1.11831,82,16.42,96,1.76,1.66,1.21,1.09,1.39,-0.552239,47,\N,2019-07-05 21:23:13
CCNE,Finance,Major Banks,402.47,27.64,26.398,1.04706,64,3.37,72,0.46,0.55,0.6,0.59,0.62,1,100,\N,2019-07-05 21:23:28
CCB,Finance,Major Banks,181.81,15.35,15.989,0.960021,36,\N,18,\N,\N,\N,\N,\N,\N,31,\N,\N
COKE,Consumer Non-Durables,Beverages (Production/Distribution),2810,318.4,270.736,1.17605,90,0.64,38,-1.52,-0.42,2.69,-2.88,-0.73,0.141831,75,\N,2019-07-05 21:23:58
COCP,Health Care,Major Pharmaceuticals,65.45,2.23,2.751,0.810504,16,13.89,95,-0.06,-0.05,-0.06,-1.58,0.1,\N,31,\N,2019-07-05 21:24:14
CODA,Capital Goods,Industrial Machinery/Components,135.19,13.1,10.232,1.2803,95,5.69,85,-0.01,0.19,0.31,0.12,0.18,0.59375,90,\N,2019-07-05 21:24:30
CDXS,Basic Industries,Major Chemicals,1060,18.59,19.271,0.964685,38,17.23,96,-0.1,-0.07,-0.04,-0.01,-0.09,\N,31,\N,2019-07-05 21:24:45
CODX,Health Care,Medical/Dental Instruments,12.76,0.83,1.062,0.781297,14,420.14,100,-0.11,-0.11,-0.13,-0.15,-0.09,\N,31,\N,2019-07-05 21:25:07
CVLY,Finance,Savings Institutions,200.74,22.93,21.964,1.04399,63,2.93,68,0.43,0.64,0.5,0.46,0.43,0,67,\N,2019-07-05 21:37:09
JVA,Consumer Non-Durables,Food Distributors,21.61,4.16,5.207,0.798921,15,0.25,28,0.09,0,0.02,0.06,-0.04,-1,39,\N,2019-07-05 21:37:35
CCOI,Consumer Services,Telecommunications Equipment,2720,61.66,53.412,1.15443,87,5.57,84,0.15,0.14,0.18,0.16,0.2,0.833333,95,\N,2019-07-05 21:37:59
CGNX,Capital Goods,Industrial Machinery/Components,7920,44.44,47.684,0.931966,30,9.37,91,0.21,0.32,0.45,0.26,0.19,-0.0769231,62,\N,2019-07-05 21:38:24
CTSH,Technology,EDP Services,35960,64.71,67.558,0.957849,36,2.26,62,0.88,0.78,0.82,1.12,0.77,-0.314286,53,\N,2019-07-05 21:38:49
CWBR,Health Care,Major Pharmaceuticals,73.52,1.67,2.777,0.601297,7,\N,18,\N,\N,\N,\N,\N,\N,31,\N,\N
COHR,Capital Goods,Biotechnology: Laboratory Analytical Instruments,3100,134.39,130.463,1.0301,58,1.91,59,2.61,2.69,2.99,1.45,0.85,-0.82243,42,\N,2019-07-05 21:39:15
CHRS,Health Care,Biotechnology: Biological Products (No Diagnostic ,1470,22.74,15.468,1.47009,99,41.78,98,-0.74,-0.68,-0.87,-0.92,-0.29,\N,31,\N,2019-07-05 21:40:14
COHU,Capital Goods,Electrical Products,616.89,15.29,16.253,0.940746,32,1.24,50,0.28,0.39,0.16,-1.4,-0.55,-0.463687,49,\N,2019-07-05 21:40:35
CLCT,Miscellaneous,Business Services,176.29,22.5,17.195,1.30853,96,2.95,68,0.17,0.11,0.24,0.17,0.4,0.793103,94,\N,2019-07-05 21:40:54
COLL,Health Care,Major Pharmaceuticals,421.34,12.9,14.672,0.879245,23,1.48,54,-0.57,-0.4,-0.5,0.27,-0.29,0.333333,83,\N,2019-07-05 21:41:24
CIGI,Finance,Real Estate,2700,72,65.012,1.10748,79,0.97,45,0.13,0.6,0.41,1.33,0.04,-0.0697674,62,\N,2019-07-05 21:41:47
CLGN,Health Care,Industrial Specialties,19.07,4.46,5.237,0.851693,20,3.22,71,-0.57,0.41,0.28,0.27,-0.5,0.0714286,71,\N,2019-07-05 21:42:09
CBAN,Finance,Major Banks,158.25,16.94,16.544,1.02395,56,3.2,70,0.37,0.36,0.32,0.35,0.34,-0.6,46,\N,2019-07-05 21:42:27
COLB,Finance,Major Banks,2580,36.7,35.866,1.02324,56,4.81,81,0.55,0.57,0.63,0.61,0.63,1,100,\N,2019-07-05 21:42:58
CLBK,Finance,Savings Institutions,1730,15.31,15.445,0.991257,44,\N,18,\N,\N,\N,\N,\N,\N,31,\N,\N
COLM,Consumer Non-Durables,Apparel,6690,100.72,97.602,1.03194,59,2.41,63,0.64,0.14,1.42,1.63,1.07,0.288591,82,\N,2019-07-05 21:43:54
CMCO,Capital Goods,Construction/Ag Equipment/Trucks,938.72,41.5,36.471,1.1379,85,1.11,48,0.36,0.33,0.67,-0.03,0.83,0.546512,89,\N,2019-07-05 21:44:19
CMCSA,Consumer Services,Television Services,194030,43.28,39.909,1.08447,74,1.99,60,0.66,0.69,0.62,0.55,0.77,0.5,88,\N,2019-07-05 21:44:40
CCNI,Technology,Professional Services,25.32,5.76,4.775,1.20639,92,0.28,29,-0.24,0.11,0.11,0.22,-0.16,0.173913,76,\N,2019-07-05 21:44:55
CBSH,Finance,Major Banks,6320,60.65,59.694,1.01602,53,5.21,83,0.88,0.96,0.98,0.96,0.85,-0.230769,55,\N,2019-07-05 21:45:12
CBSHP,Finance,Major Banks,2400,26.15,26.125,1.00095,47,\N,18,\N,\N,\N,\N,\N,\N,31,\N,\N
CVGI,Capital Goods,Auto Parts:O.E.M.,222.24,7.85,7.617,1.03054,59,0.26,28,0.32,0.43,0.41,0.29,0.36,0.285714,82,\N,2019-07-05 21:45:44
COMM,Technology,Radio And Television Broadcasting And Communicatio,3020,15.7,20.414,0.769083,13,0.67,39,0.17,0.34,0.33,-0.12,-0.01,-0.391304,51,\N,2019-07-05 21:46:05
JCS,Public Utilities,Telecommunications Equipment,28.42,3.03,2.705,1.12004,82,0.43,33,-0.21,-0.29,-0.17,-0.09,0.03,\N,31,\N,2019-07-05 21:46:26
ESXB,Finance,Major Banks,170.04,8.13,7.63,1.06556,69,3.45,72,0.12,0.17,0.17,0.15,0.16,0.8,94,\N,2019-07-05 21:46:53
CFBI,Finance,Savings Institutions,75.36,9.924,10.325,0.961139,37,5.46,84,0.04,0.08,0.06,0.02,0.02,-0.333333,52,\N,2019-07-05 21:47:14
CTBI,Finance,Major Banks,731.35,42.32,41.458,1.02079,55,3.99,76,0.89,0.66,0.91,0.89,0.84,-0.2,56,\N,2019-07-05 21:47:47
CWBC,Finance,Major Banks,81.71,9.87,10.057,0.981374,41,2.31,63,0.21,0.21,0.27,0.16,0.18,-0.272727,54,\N,2019-07-05 21:48:07
CVLT,Technology,Computer Software: Prepackaged Software,2160,51.1,58.532,0.873034,22,3.22,71,-0.04,-0.19,0.02,0.28,-0.05,-0.0212766,65,\N,2019-07-05 21:48:39
CGEN,Health Care,Biotechnology: Biological Products (No Diagnostic ,234.82,3.79,3.467,1.09323,76,29.06,98,0,-0.19,-0.05,-0.16,-0.14,\N,31,\N,2019-07-05 21:48:57
CPSI,Technology,EDP Services,390.17,27.45,28.309,0.969643,39,1.41,53,0.29,0.02,0.41,0.54,0.24,-0.0961538,61,\N,2019-07-05 21:49:12
CTG,Technology,EDP Services,56.6,4.07,4.269,0.9534,35,0.15,25,0.03,0.07,0.08,-0.39,0.05,0.0425532,70,\N,2019-07-05 21:49:27
SCOR,Miscellaneous,Business Services,369.44,5.3,15.099,0.351016,3,0.81,42,-0.93,-1.02,-0.42,-0.46,-0.46,\N,31,\N,2019-07-05 21:49:49
CHCI,Capital Goods,Homebuilding,10.37,2.8,2.375,1.17912,90,0.18,25,-0.21,-0.27,-0.52,-0.23,0.02,\N,31,\N,2019-07-05 21:50:04
CMTL,Technology,Radio And Television Broadcasting And Communicatio,663.79,27.99,24.567,1.13931,85,1.02,46,0.34,0.31,0.14,0.32,0.31,-0.15,58,\N,2019-07-05 21:50:20
CNAT,Health Care,Major Pharmaceuticals,9.62,0.31,1.399,0.221634,3,0.33,30,-0.17,-0.15,-0.15,-0.13,-0.14,\N,31,\N,2019-07-05 21:50:36
CNCE,Health Care,Major Pharmaceuticals,274.85,12.19,12.683,0.961137,37,277.17,100,-0.19,-0.57,-0.74,-0.89,-0.93,\N,31,\N,2019-07-05 21:50:51
BBCP,Basic Industries,Engineering & Construction,272.37,5.49,7.014,0.782763,14,\N,18,\N,\N,\N,\N,\N,\N,31,\N,\N
CDOR,Consumer Services,Real Estate Investment Trusts,106.93,8.75,8.924,0.980556,41,1.62,55,0.05,0.23,0.21,-0.1,-0.01,-0.181818,57,\N,2019-07-06 17:33:15
CFMS,Health Care,Industrial Specialties,260.66,3.74,2.245,1.66624,100,2.83,67,-0.22,-0.24,-0.12,-0.16,-0.12,\N,31,\N,2019-07-05 21:51:38
CNFR,Finance,Property-Casualty Insurers,33.36,3.988,4.306,0.926069,29,0.39,32,0.02,-0.13,-0.42,-0.56,-0.08,\N,31,\N,2019-07-05 21:51:54
CNMD,Health Care,Biotechnology: Electromedical & Electrotherapeutic,2400,87.4,77.444,1.12856,83,2.82,67,0.37,0.3,0.2,0.54,0.04,-0.66,45,\N,2019-07-05 21:52:10
CTWS,Public Utilities,Water Supply,840.45,69.88,68.255,1.0238,56,7.1,88,-0.1,0.39,1.13,-0.04,0.19,0.235772,79,\N,2019-07-05 21:52:25
CNOB,Finance,Major Banks,772.58,22.63,21.002,1.0775,72,4.94,82,0.13,0.54,0.61,0.58,0.33,0.416667,85,\N,2019-07-05 21:52:42
CONN,Consumer Services,Consumer Electronics/Video Chains,550.01,17.84,21.584,0.826542,17,0.37,31,0.39,0.53,0.45,0.91,0.6,0.403846,85,\N,2019-07-05 21:53:00
CNSL,Public Utilities,Telecommunications Equipment,322.28,5.38,8.316,0.646949,8,0.28,29,-0.16,-0.15,-0.21,-0.2,-0.11,\N,31,\N,2019-07-05 21:53:26
CWCO,Public Utilities,Water Supply,214.49,14.53,13.073,1.11146,80,3.21,71,0.14,0.14,0.3,0.16,0.41,1,100,\N,2019-07-05 21:53:42
CNAC,Health Care,Medical Specialities,55.03,10.331,10.227,1.01015,50,\N,18,\N,\N,\N,\N,\N,\N,31,\N,\N
CNACU,Health Care,Medical Specialities,196.42,10.4,0,0,2,\N,18,\N,\N,\N,\N,\N,\N,31,\N,\N
CNST,Health Care,Major Pharmaceuticals,233.3,10.05,9.94,1.01107,51,\N,18,\N,\N,\N,\N,\N,\N,31,\N,\N
ROAD,Basic Industries,Military/Government/Technical,716.21,14.63,12.33,1.18654,91,1.03,46,0.27,0.29,0.29,0.1,0.08,-0.904762,41,\N,2019-07-05 21:54:02
CPSS,Finance,Finance: Consumer Services,80.84,3.81,3.715,1.02558,57,0.56,36,0.12,0.13,0.13,0.22,0.07,-0.333333,52,\N,2019-07-05 21:54:25
CFRX,Health Care,Major Pharmaceuticals,39.75,0.529,0.537,0.985354,42,\N,18,\N,\N,\N,\N,\N,\N,31,\N,\N
CTRV,Health Care,Major Pharmaceuticals,3.68,3.87,14.499,0.266923,3,\N,18,\N,\N,\N,\N,\N,\N,31,\N,\N
CTRL,Capital Goods,Electrical Products,636.44,23.78,19.611,1.21258,92,2.33,63,0.04,0.24,0.21,1.11,-0.07,-0.0932203,61,\N,2019-07-05 21:54:46
AWSM,Technology,Electronic Components,13.81,2.23,2.522,0.884197,24,0.68,39,-2.91,-1.21,-0.71,-2.29,-0.46,\N,31,\N,2019-07-05 21:55:02
CPRT,Consumer Durables,Automotive Aftermarket,16810,74.6,61.681,1.20945,92,8.77,90,0.52,0.45,0.47,0.55,0.81,0.805556,94,\N,2019-07-05 21:55:19
CRBP,Health Care,Major Pharmaceuticals,441.52,6.84,7.201,0.949819,34,77.13,99,-0.21,-0.21,-0.26,-0.3,-0.43,\N,31,\N,2019-07-05 21:55:36
CORT,Health Care,Major Pharmaceuticals,1190,10.87,11.776,0.923091,29,4.77,81,0.14,0.14,0.14,0.18,0.15,0.25,80,\N,2019-07-05 21:55:51
CORE,Consumer Non-Durables,Food Distributors,1730,40.81,34.485,1.1834,90,0.15,25,-0.03,0.24,0.51,0.26,0.03,0.111111,73,\N,2019-07-05 21:56:07
CSOD,Technology,Computer Software: Prepackaged Software,3280,59.6,54.71,1.08939,75,6.38,86,-0.28,-0.21,-0.04,-0.05,-0.06,\N,30,\N,2019-07-05 21:56:22
CORV,Health Care,Major Pharmaceuticals,95.25,2.33,2.855,0.816167,16,2.83,67,-0.24,0.16,-0.2,-0.18,-0.23,0.025,69,\N,2019-07-05 21:56:40
CRTX,Health Care,Biotechnology: Biological Products (No Diagnostic ,1020,37.58,0,0,2,\N,18,\N,\N,\N,\N,\N,\N,30,\N,\N
CLDB,Finance,Savings Institutions,99.08,23.05,22.302,1.03354,59,3.62,74,0.35,0.75,0.46,0.48,0.49,0.35,84,\N,2019-07-05 21:56:58
CRVL,Finance,Specialty Insurers,1550,88.71,69.465,1.27704,95,2.76,67,0.47,0.62,0.67,0.54,0.63,0.8,94,\N,2019-07-05 21:57:15
CRVS,Health Care,Major Pharmaceuticals,100.3,6.5,4.098,1.58616,99,\N,18,\N,\N,\N,\N,\N,\N,30,\N,\N
CSGP,Miscellaneous,Business Services,19680,564.18,463.06,1.21837,93,16.54,96,1.44,1.2,1.61,2.29,2.33,0.787611,94,\N,2019-07-05 21:57:37
COST,Consumer Services,Department/Specialty Retail Stores,117140,268.25,234.476,1.14404,86,0.79,41,1.7,2.36,1.73,2.01,2.05,0.530303,89,\N,2019-07-05 21:57:55
CPAH,Technology,Computer Software: Prepackaged Software,10.35,1.5,1.6,0.937545,32,0.83,42,-0.14,-0.24,-0.17,-0.35,-0.18,\N,30,\N,2019-07-05 21:58:12
ICBK,Finance,Major Banks,115.82,17.52,17.742,0.987486,43,2.45,64,0.58,0.55,0.5,0.4,0.54,-0.222222,56,\N,2019-07-05 21:58:30
COUP,Technology,Computer Software: Prepackaged Software,7440,137.46,97.041,1.41651,98,29.37,98,-0.28,-0.24,-0.17,-0.28,-0.34,\N,30,\N,2019-07-05 21:58:47
CVTI,Transportation,Trucking Freight/Courier Services,244.12,14.65,19.605,0.747245,12,0.29,29,0.24,0.54,0.63,0.89,0.24,-4.44089e-16,66,\N,2019-07-05 21:59:05
CVET,Health Care,Medical/Nursing Services,2620,25.02,0,0,2,\N,18,\N,\N,\N,\N,\N,\N,30,\N,\N
COWN,Finance,Investment Bankers/Brokers/Service,492.02,16.87,15.704,1.07426,72,0.61,37,0.5,0.12,0.45,0.11,0.26,-0.615385,46,\N,2019-07-05 21:59:37
PMTS,Finance,Finance Companies,30.13,2.69,2.953,0.910792,27,0.11,24,-0.65,-1.5,-0.55,-0.66,-0.27,\N,30,\N,2019-07-05 21:59:53
CPSH,Capital Goods,Building Materials,15.58,1.13,1.367,0.826383,17,0.66,39,-0.04,-0.02,0,-0.22,-0.06,-0.0909091,61,\N,2019-07-05 22:00:09
CRAI,Miscellaneous,Other Consumer Services,280.23,38.63,43.918,0.8796,23,0.73,40,0.57,0.79,0.46,0.8,0.56,-0.0294118,64,\N,2019-07-05 22:00:26
CBRL,Consumer Services,Restaurants,4110,172.95,164.276,1.0528,66,1.34,51,2.03,2.55,1.96,2.52,2.09,0.101695,73,\N,2019-07-05 22:00:44
BREW,Consumer Non-Durables,Beverages (Production/Distribution),269.87,15,15.018,0.998806,47,1.42,53,0.01,0.23,0,-0.03,-0.38,-0.639344,45,\N,2019-07-05 22:01:02
CRAY,Technology,Computer Manufacturing,1430,34.68,27.259,1.27222,95,3.2,70,-0.62,-0.27,-0.55,-0.33,-0.72,\N,30,\N,2019-07-05 22:12:41
CREX,Technology,EDP Services,23.05,2.19,2.357,0.929018,30,0.78,41,-0.9,-0.3,-0.35,-1.11,-0.02,\N,30,\N,2019-07-05 22:12:56
CACC,Finance,Finance: Consumer Services,8830,489.8,452.4,1.08267,74,8.16,90,6.17,7.75,7.75,7.79,8.65,1,100,\N,2019-07-05 22:13:12
DGLD,Finance,Investment Bankers/Brokers/Service,14.03,36.24,44.682,0.811071,16,\N,18,\N,\N,\N,\N,\N,\N,30,\N,\N
DSLV,Finance,Investment Bankers/Brokers/Service,27.15,30.33,29.571,1.02566,57,\N,18,\N,\N,\N,\N,\N,\N,30,\N,\N
GLDI,Finance,Investment Bankers/Brokers/Service,33.78,8.97,8.642,1.03794,61,\N,18,\N,\N,\N,\N,\N,\N,30,\N,\N
SLVO,Finance,Investment Bankers/Brokers/Service,20.57,6.61,6.732,0.98188,41,\N,18,\N,\N,\N,\N,\N,\N,30,\N,\N
TVIX,Finance,Investment Bankers/Brokers/Service,796.44,15.58,30.627,0.508693,5,\N,18,\N,\N,\N,\N,\N,\N,30,\N,\N
UGLD,Finance,Investment Bankers/Brokers/Service,132.79,117.43,98.796,1.18861,91,\N,18,\N,\N,\N,\N,\N,\N,30,\N,\N
USLV,Finance,Investment Bankers/Brokers/Service,243.6,61.6,67.663,0.910392,27,\N,17,\N,\N,\N,\N,\N,\N,30,\N,\N
USOI,Finance,Investment Bankers/Brokers/Service,7.74,20.917,22.185,0.94286,33,\N,17,\N,\N,\N,\N,\N,\N,30,\N,\N
VIIX,Finance,Investment Bankers/Brokers/Service,44.07,9.96,13.197,0.75472,13,\N,17,\N,\N,\N,\N,\N,\N,30,\N,\N
ZIV,Finance,Investment Bankers/Brokers/Service,85.35,76.7,71.752,1.06896,70,\N,17,\N,\N,\N,\N,\N,\N,30,\N,\N
CREE,Technology,Semiconductors,5800,59.58,56.034,1.06329,68,3.73,75,-2.4,-0.33,-0.11,-0.02,-2.2,\N,30,\N,2019-07-05 22:13:48
CRSA,Finance,Business Services,245.5,9.8,0,0,2,\N,17,\N,\N,\N,\N,\N,\N,30,\N,\N
CRESY,Finance,Real Estate,513.68,11.53,11.5,1.00257,48,\N,17,\N,\N,\N,\N,\N,\N,30,\N,\N
CRNX,Health Care,Major Pharmaceuticals,595.49,24.85,24.802,1.00195,48,\N,17,\N,\N,\N,\N,\N,\N,30,\N,\N
CRSP,Health Care,Biotechnology: Biological Products (No Diagnostic ,2410,47.59,37.395,1.27262,95,\N,17,\N,\N,\N,\N,\N,\N,30,\N,\N
CRTO,Technology,Advertising,1190,18.11,22.387,0.80894,16,0.52,35,0.29,0.2,0.25,0.57,0.29,0,67,\N,2019-07-05 22:14:32
CROX,Consumer Non-Durables,Shoe Manufacturing,1370,20.33,25.11,0.80965,16,1.33,51,0.15,0.35,0.07,-1.72,0.33,0.0869565,72,\N,2019-07-05 22:14:49
CRON,Consumer Durables,Specialty Chemicals,5260,15.29,17.214,0.88822,24,\N,17,\N,\N,\N,\N,\N,\N,30,\N,\N
CCRN,Technology,Professional Services,322.6,9.09,8.143,1.11628,81,0.42,33,0.05,0.04,-0.01,-0.55,-0.05,-0.166667,58,\N,2019-07-05 22:15:06
CRWD,Technology,Computer Software: Prepackaged Software,436.38,67.21,0,0,2,\N,17,\N,\N,\N,\N,\N,\N,30,\N,\N
CRWS,Basic Industries,Textiles,45.23,4.46,5.216,0.855006,20,0.59,37,0.12,0.03,0.18,0.15,0.14,0.133333,75,\N,2019-07-05 22:15:38
CYRX,Transportation,Oil Refining/Marketing,528.4,19.29,13.503,1.42859,98,30.66,98,-0.1,-0.09,-0.07,-0.08,-0.08,\N,30,\N,2019-07-05 22:15:53
CSGS,Technology,EDP Services,1600,49.22,42.226,1.16564,89,1.78,57,0.42,0.46,0.49,0.64,0.59,0.772727,94,\N,2019-07-05 22:16:10
CCLP,Energy,Oilfield Services/Equipment,164.73,3.59,3.016,1.19046,91,0.37,31,-0.4,-0.23,-0.18,-0.1,-0.26,\N,30,\N,2019-07-05 22:16:27
CSPI,Technology,EDP Services,61.47,14.93,11.893,1.25536,94,\N,17,\N,\N,\N,\N,\N,\N,30,\N,\N
CSWI,Basic Industries,Home Furnishings,980.78,68.06,58.429,1.16482,89,2.92,68,0.4,0.73,0.97,0.32,0.9,0.769231,94,\N,2019-07-05 22:17:00
CSX,Transportation,Railroads,61570,78.4,73.336,1.06905,70,5.1,83,0.78,1.01,1.05,1.01,1.02,0.888889,96,\N,2019-07-05 22:17:16
CTIC,Health Care,Major Pharmaceuticals,54.04,0.81,0.978,0.828531,18,2.88,68,-0.08,-0.2,-0.26,0.01,-0.19,-0.407407,50,\N,2019-07-05 22:17:31
CTIB,Basic Industries,Specialty Chemicals,10.8,3.15,3.052,1.03227,59,0.22,27,-0.13,0.07,-0.16,-0.79,-0.24,-0.127907,59,\N,2019-07-05 22:17:49
CTRP,Miscellaneous,Business Services,19350,38.57,37.125,1.03894,61,\N,17,\N,\N,\N,\N,\N,\N,30,\N,\N
CUE,Health Care,Major Pharmaceuticals,165.23,8.04,7.301,1.10115,78,118.33,99,-0.37,-0.36,-0.62,-0.58,-0.54,\N,30,\N,2019-07-05 22:18:10
CUI,Technology,Electronic Components,25.32,0.88,1.245,0.707096,10,0.26,28,-0.11,-0.17,-0.05,-0.27,-0.11,\N,30,\N,2019-07-05 22:18:29
CPIX,Health Care,Major Pharmaceuticals,98.66,6.38,5.953,1.07173,71,2.25,62,-0.15,-0.05,-0.11,-0.14,0,\N,30,\N,2019-07-05 22:19:09
CMLS,Consumer Services,Broadcasting,286.33,17.91,16.386,1.09303,76,\N,17,\N,\N,\N,\N,\N,\N,30,\N,\N
CRIS,Health Care,Biotechnology: Biological Products (No Diagnostic ,56.36,1.79,1.471,1.21661,93,6.1,86,-0.35,-0.26,-0.22,-0.18,-0.3,\N,30,\N,2019-07-05 22:19:56
CUTR,Health Care,Biotechnology: Electromedical & Electrotherapeutic,270.35,20.58,16.901,1.21768,93,1.75,57,-0.15,-0.11,-0.06,-1.89,-0.59,\N,30,\N,2019-07-05 22:20:20
CVBF,Finance,Major Banks,2930,21.11,21.569,0.978705,41,6.91,88,0.32,0.32,0.3,0.31,0.37,0.714286,93,\N,2019-07-05 22:20:39
CVV,Technology,Industrial Machinery/Components,24.45,3.7,3.911,0.946015,33,1.3,51,0.09,-0.21,-0.39,-0.29,-0.33,\N,30,\N,2019-07-05 22:20:59
CYAN,Consumer Durables,Specialty Chemicals,19.43,2.86,3.252,0.879422,23,0.57,36,-0.18,-0.22,-0.2,0.05,-0.25,-0.233333,55,\N,2019-07-05 22:21:19
CYBR,Technology,Computer Software: Prepackaged Software,4690,128.49,110.967,1.15791,88,13.15,94,0.18,0.23,0.22,0.64,0.36,0.391304,85,\N,2019-07-05 22:21:38
CYBE,Capital Goods,Electronic Components,111.75,12.35,18.156,0.680209,9,1.34,51,-0.02,0.1,0.15,0.16,0.07,0.5,88,\N,2019-07-05 22:22:02
CYCC,Health Care,Major Pharmaceuticals,9.46,0.58,0.732,0.792449,15,65.93,99,-0.12,-0.16,-0.18,-0.17,-0.14,\N,30,\N,2019-07-05 22:22:18
CYCCP,Health Care,Major Pharmaceuticals,1.64,5.86,5.241,1.11819,82,\N,17,\N,\N,\N,\N,\N,\N,30,\N,\N
CYCN,Health Care,Major Pharmaceuticals,308.27,12.15,0,0,2,\N,17,\N,\N,\N,\N,\N,\N,30,\N,\N
CBAY,Health Care,Major Pharmaceuticals,471.24,7.04,10.793,0.652269,8,\N,17,\N,\N,\N,\N,\N,\N,30,\N,\N
CY,Technology,Semiconductors,8110,22.31,16.451,1.35617,97,3.33,72,0.02,0.07,0.14,0.72,0.05,0.0428571,70,\N,2019-07-05 22:22:57
CYRN,Technology,Computer Software: Prepackaged Software,88.23,1.74,2.194,0.793221,15,2.54,65,-0.1,-0.08,-0.08,-0.1,-0.08,\N,30,\N,2019-07-05 22:23:19
CONE,Consumer Services,Real Estate Investment Trusts,6540,60.08,55.561,1.08133,74,8,89,0.45,1.06,-0.43,-1,0.82,0.179612,77,\N,2019-07-05 22:23:36
CYTK,Health Care,Major Pharmaceuticals,625.7,11.02,8.542,1.29009,96,18.33,96,-0.56,-0.51,-0.4,-0.48,-0.54,\N,30,\N,2019-07-05 22:23:54
CTMX,Health Care,Major Pharmaceuticals,478.94,11.23,12.611,0.890488,25,6.59,87,-0.4,-0.35,-0.53,-0.74,-0.31,\N,30,\N,2019-07-05 22:24:16
CYTX,Health Care,Medical/Dental Instruments,5.1,0.23,0.278,0.82752,18,0.81,42,-0.7,-0.59,-0.55,-0.15,-0.18,\N,30,\N,2019-07-05 22:24:34
CTSO,Health Care,Medical/Dental Instruments,208.65,6.93,7.315,0.947339,34,9.81,92,-0.1,-0.19,-0.1,-0.17,-0.15,\N,30,\N,2019-07-05 22:24:54
DJCO,Consumer Services,Newspapers/Magazines,310.67,235.47,221.27,1.06417,69,7.73,89,-0.17,-0.7,-3.86,-15.6,3.63,\N,30,\N,2019-07-05 22:25:12
DAKT,Consumer Durables,Miscellaneous manufacturing industries,270.18,6.54,7.327,0.89254,25,0.52,35,-0.09,0.1,0.19,-0.07,-0.24,-0.348837,52,\N,2019-07-05 22:25:28
DARE,Health Care,Major Pharmaceuticals,13.18,0.81,0.968,0.836678,19,\N,17,\N,\N,\N,\N,\N,\N,30,\N,\N
DRIO,Health Care,Medical/Dental Instruments,19,0.474,0.69,0.687238,9,2.53,65,-0.2,-0.32,-0.17,-0.11,-0.15,\N,30,\N,2019-07-05 22:25:45
DZSI,Public Utilities,Telecommunications Equipment,268.7,12.87,12.307,1.04577,64,0.93,44,0.01,0.08,0.11,-0.08,-0.1,-0.52381,48,\N,2019-07-05 22:26:01
DSKE,Consumer Services,Transportation Services,236.05,3.61,4.569,0.790119,14,0.13,24,-0.04,0.2,0.01,-0.33,-0.16,-0.226415,55,\N,2019-07-05 22:26:17
DAIO,Capital Goods,Electrical Products,37.64,4.21,5.288,0.796128,15,1.28,50,0.02,0.06,0.04,0.08,0,-0.25,55,\N,2019-07-05 22:26:32
DTSS,Technology,Computer Software: Prepackaged Software,36.23,1.3,2.6,0.499916,5,\N,17,\N,\N,\N,\N,\N,\N,29,\N,\N
PLAY,Consumer Services,Restaurants,1420,40.58,49.536,0.819208,17,1.14,48,1.04,0.84,0.3,0.75,1.13,0.108434,73,\N,2019-07-05 22:26:50
DTEA,Consumer Non-Durables,Food Chains,34.14,1.292,1.355,0.953157,35,\N,17,\N,\N,\N,\N,\N,\N,29,\N,\N
DWSN,Energy,Oil & Gas Production,51.9,2.36,3.016,0.782406,14,0.36,31,-0.07,-0.25,-0.23,-0.51,-0.01,\N,29,\N,2019-07-05 22:27:09
DBVT,Health Care,Biotechnology: Biological Products (No Diagnostic ,588.92,10.4,8.259,1.25922,95,\N,17,\N,\N,\N,\N,\N,\N,29,\N,\N
DDMX,Finance,Business Services,72.19,10.04,0,0,2,\N,17,\N,\N,\N,\N,\N,\N,29,\N,\N
DDMXU,Finance,Business Services,73.82,10.25,10.091,1.01573,53,\N,17,\N,\N,\N,\N,\N,\N,29,\N,\N
DCPH,Health Care,Major Pharmaceuticals,904.7,22.92,24.63,0.930587,30,\N,17,\N,\N,\N,\N,\N,\N,29,\N,\N
DFRG,Consumer Services,Restaurants,264.66,8.07,7.252,1.11281,80,0.64,38,0.02,-0.08,-2.43,-0.24,-0.55,\N,29,\N,2019-07-05 22:27:36
TACO,Consumer Services,Restaurants,458.95,13.22,10.728,1.23229,94,0.95,44,0.08,0.11,0.15,0.15,0.04,-0.363636,51,\N,2019-07-05 22:27:54
DMPI,Health Care,Major Pharmaceuticals,5.43,1.53,3.267,0.468297,4,\N,17,\N,\N,\N,\N,\N,\N,29,\N,\N
DNLI,Health Care,Biotechnology: Biological Products (No Diagnostic ,1930,20.76,21.616,0.960398,37,14.93,95,-0.26,-0.59,-0.38,0.79,-0.41,-0.108696,60,\N,2019-07-05 22:28:11
DENN,Consumer Services,Restaurants,1210,21.62,18.525,1.16706,89,2.04,60,0.15,0.18,0.16,0.18,0.24,1,100,\N,2019-07-05 22:28:32
XRAY,Health Care,Medical/Dental Instruments,13540,57.8,48.97,1.18031,90,3.39,72,0.35,-4.98,0.13,0.01,0.17,-0.0337711,64,\N,2019-07-05 22:29:23
DERM,Health Care,Major Pharmaceuticals,515.75,9.01,9.494,0.948978,34,10.86,93,-1.42,-0.57,-1.58,-1.7,-1.49,\N,29,\N,2019-07-05 23:06:27
DEST,Consumer Services,Clothing/Shoe/Accessory Stores,18.64,1.37,2.227,0.615108,7,0.05,22,0.02,-0.29,-0.3,-0.46,0.01,-0.0208333,65,\N,2019-07-05 23:06:44
DXLG,Consumer Services,Clothing/Shoe/Accessory Stores,83.77,1.83,2.202,0.831011,18,0.19,26,-0.06,-0.02,-0.04,-0.15,-0.06,\N,29,\N,2019-07-05 23:07:00
DSWL,Consumer Non-Durables,Plastic Products,44.48,2.58,2.979,0.866038,21,0.62,38,0,-0.07,-0.15,-0.02,-0.07,\N,29,\N,2019-07-05 23:07:15
DXCM,Health Care,Medical/Dental Instruments,13070,146.99,133.118,1.10421,79,11.87,93,-0.28,0.34,0.52,-2.03,-0.3,-0.00784314,65,\N,2019-07-05 23:07:32
DFBH,Finance,Business Services,316.56,10.09,9.997,1.0093,50,\N,17,\N,\N,\N,\N,\N,\N,29,could not convert string to float: N/A,\N
DMAC,Health Care,Major Pharmaceuticals,58.11,4.67,3.556,1.31316,97,118.7,99,-0.2,-0.6,-0.07,-0.11,-0.27,\N,29,\N,2019-07-05 23:07:50
DEACU,Finance,Business Services,352.1,10.06,0,0,2,\N,17,\N,\N,\N,\N,\N,\N,29,could not convert string to float: N/A,\N
DHIL,Finance,Investment Managers,481.41,138.7,145.244,0.954945,35,3.45,72,3.72,4.08,4.31,1.37,4.84,0.322767,83,\N,2019-07-05 23:08:11
FANG,Energy,Oil & Gas Production,17330,107.41,103.283,1.03996,62,6.87,87,1.65,2.22,1.59,2.5,0.06,-0.651639,45,\N,2019-07-05 23:08:31
DPHC,Finance,Business Services,340.2,9.72,0,0,2,\N,17,\N,\N,\N,\N,\N,\N,29,could not convert string to float: N/A,\N
DRNA,Health Care,Major Pharmaceuticals,1080,14.74,12.589,1.17086,89,128.41,100,-0.3,-0.68,-0.35,-0.29,-0.38,\N,29,\N,2019-07-05 23:08:57
DFFN,Health Care,Major Pharmaceuticals,13.62,2.45,3.345,0.732528,11,\N,17,\N,\N,\N,\N,\N,\N,29,could not convert string to float: N/A,\N
DGII,Technology,Computer Communications Equipment,338.39,12.66,12.276,1.03128,59,1.38,52,-0.01,0.09,0.13,0.17,0.05,0.333333,83,\N,2019-07-05 23:09:21
DMRC,Technology,EDP Services,508.16,46.58,35.221,1.32252,97,26.79,97,-0.72,-0.71,-0.73,-0.7,-0.74,\N,29,\N,2019-07-05 23:10:00
DRAD,Health Care,Biotechnology: Electromedical & Electrotherapeutic,14.42,6.21,7.228,0.859202,21,0.13,24,2,-0.2,-0.7,-0.8,-0.8,\N,29,\N,2019-07-05 23:10:32
DGLY,Technology,Radio And Television Broadcasting And Communicatio,16.12,1.47,3.346,0.439367,4,1.57,55,-0.37,-0.42,-0.6,-0.51,-0.29,\N,29,\N,2019-07-05 23:10:56
APPS,Miscellaneous,Multi-Sector Companies,372.48,5.26,3.413,1.54111,99,4.15,78,-0.51,0.01,0.02,-0.01,-0.09,0.792453,94,\N,2019-07-05 23:11:13
DCOM,Finance,Savings Institutions,656.59,19.15,19.059,1.00476,49,4.61,80,0.39,0.33,0.32,0.34,0.32,-1,39,\N,2019-07-05 23:11:30
DIOD,Technology,Semiconductors,1700,36.84,35.554,1.03617,60,1.5,54,0.37,0.49,0.61,0.58,0.62,1,100,\N,2019-07-05 23:11:46
DISCA,Consumer Services,Television Services,15710,31.26,28.442,1.09909,78,1.42,53,-0.01,0.3,0.16,0.38,0.53,1,100,\N,2019-07-05 23:12:01
DISCB,Consumer Services,Television Services,18060,35.95,33.373,1.07721,72,1.4,52,-0.01,0.3,0.16,0.38,0.53,1,100,\N,2019-07-05 23:12:17
DISCK,Consumer Services,Television Services,14470,28.72,26.62,1.07891,73,1.42,53,-0.01,0.3,0.16,0.38,0.53,1,100,\N,2019-07-05 23:12:35
DISH,Consumer Services,Television Services,17750,39.97,33.101,1.20751,92,1.41,53,0.7,0.83,0.82,0.65,0.65,-0.277778,54,\N,2019-07-05 23:12:50
DVCR,Health Care,Hospital/Nursing Management,23.59,3.5,3.53,0.991523,44,0.04,22,-0.01,-0.05,-1.15,0.07,-0.52,-0.418033,50,\N,2019-07-05 23:13:07
SAUC,Consumer Services,Restaurants,25.51,0.69,0.929,0.743094,12,0.15,25,0.01,-0.04,-0.06,-0.07,0,-0.125,60,\N,2019-07-05 23:13:26
DLHC,Technology,Professional Services,60.84,5.23,5.654,0.925039,29,0.47,34,0.1,0.13,0.14,0.13,0.1,0,67,\N,2019-07-05 23:13:40
BOOM,Capital Goods,Industrial Specialties,900.17,60.12,53.466,1.12444,82,2.51,64,0.26,0.43,0.33,1.02,1.01,0.986842,97,\N,2019-07-05 23:13:59
DNBF,Finance,Major Banks,190.05,45.16,38.624,1.16922,89,4.72,81,0.61,0.47,0.7,0.69,0.6,-0.0434783,64,\N,2019-07-05 23:14:13
DOCU,Technology,Computer Software: Prepackaged Software,8660,52.16,51.94,1.00423,48,11.87,93,-7.46,-0.22,-0.31,-0.4,-0.27,\N,29,\N,2019-07-05 23:14:29
DOGZ,Consumer Durables,Miscellaneous manufacturing industries,75.34,2.89,3.416,0.846025,20,\N,17,\N,\N,\N,\N,\N,\N,29,list index out of range,\N
DLTR,Consumer Services,Department/Specialty Retail Stores,25880,109.64,101.676,1.07833,73,1.13,48,0.67,1.15,1.18,-9.69,1.12,0.0413983,70,\N,2019-07-05 23:15:19
DLPN,Consumer Services,Other Consumer Services,16.12,1.01,1.397,0.722887,11,0.63,38,0.07,-0.01,0.01,-0.27,-0.08,-0.441176,49,\N,2019-07-05 23:15:34
DOMO,Technology,Computer Software: Prepackaged Software,778.45,28.37,32.274,0.879043,23,\N,17,\N,\N,\N,\N,\N,\N,29,,\N
DGICA,Finance,Property-Casualty Insurers,420.72,14.86,13.789,1.07768,73,0.53,35,-0.6,-0.03,0.04,-0.5,0.75,1,100,\N,2019-07-05 23:16:06
DGICB,Finance,Property-Casualty Insurers,412.19,14.5,12.663,1.14506,86,0.53,35,-0.6,-0.03,0.04,-0.5,0.75,1,100,\N,2019-07-05 23:16:22
DMLP,Energy,Oil & Gas Production,629.78,18.4,18.073,1.0181,54,8.96,91,0.33,0.49,0.27,0.52,0.42,0.36,84,\N,2019-07-05 23:16:37
DORM,Capital Goods,Auto Parts:O.E.M.,2790,87.99,86.965,1.01178,51,2.9,68,0.93,1.03,1.03,1.05,0.71,-0.647059,45,\N,2019-07-05 23:16:54
DOVA,Health Care,Major Pharmaceuticals,289.39,16.11,9.028,1.78448,100,29.05,98,-0.52,-0.7,-0.69,-0.69,-0.58,\N,29,\N,2019-07-05 23:17:08
LYL,Finance,Finance/Investors Services,11.37,1,1.379,0.725376,11,\N,17,\N,\N,\N,\N,\N,\N,29,list index out of range,\N
DBX,Technology,Computer Software: Prepackaged Software,9860,25.16,23.191,1.08489,74,7.06,88,-2.13,-0.01,-0.01,-0.02,-0.02,\N,29,\N,2019-07-05 23:17:38
DCAR,Consumer Services,Telecommunications Equipment,4.15,1.13,2.222,0.508484,5,0.81,42,-3.36,-3.24,-3,-4.98,-0.93,\N,29,\N,2019-07-05 23:17:56
DRYS,Transportation,Marine Transportation,331.04,3.82,4.616,0.827496,17,1.79,58,0.01,0.04,0.12,0.06,0.02,0.0909091,72,\N,2019-07-05 23:18:18
DSPG,Technology,Semiconductors,320.73,13.66,13.66,0.999994,47,2.64,65,-0.08,-0.01,0.02,-0.01,-0.05,0.3,82,\N,2019-07-05 23:18:40
DLTH,Consumer Services,Clothing/Shoe/Accessory Stores,436.55,13.94,19.845,0.702459,10,0.78,41,-0.02,0.2,-0.1,0.64,-0.23,-0.241379,55,\N,2019-07-05 23:19:02
DNKN,Consumer Services,Restaurants,6610,81.56,73.104,1.11566,81,4.97,82,0.57,0.72,0.79,0.64,0.63,0.272727,81,\N,2019-07-05 23:19:22
DRRX,Health Care,Major Pharmaceuticals,106.44,0.67,0.645,1.03796,61,5.67,84,-0.05,-0.04,-0.02,-0.05,-0.04,\N,29,\N,2019-07-05 23:19:48
DXPE,Capital Goods,Industrial Machinery/Components,639.93,37.42,36.441,1.02687,57,0.52,35,0.24,0.63,0.46,0.6,0.4,0.410256,85,\N,2019-07-05 23:20:09
DYAI,Basic Industries,Major Chemicals,156.03,5.82,3.481,1.67186,100,104.87,99,-0.07,-0.06,-0.06,-0.02,-0.08,\N,29,\N,2019-07-05 23:20:32
DYSL,Capital Goods,Industrial Machinery/Components,16.84,1.05,1.027,1.02215,56,0.42,33,0.08,0.02,0.05,-0.01,0,-0.888889,41,\N,2019-07-05 23:20:52
DYNT,Health Care,Medical/Dental Instruments,13.9,1.79,2.043,0.876041,23,0.23,27,-0.18,-0.08,0.02,-0.08,-0.09,0.45,86,\N,2019-07-05 23:21:10
DVAX,Health Care,Major Pharmaceuticals,237.49,3.99,7.666,0.520452,5,16.91,96,-0.63,-0.63,-0.65,-0.64,-0.62,\N,29,\N,2019-07-05 23:21:26
ETFC,Finance,Savings Institutions,10880,46.15,47.536,0.970839,39,3.77,75,0.88,0.95,1,1.06,1.09,1,100,\N,2019-07-05 23:21:45
SSP,Consumer Services,Broadcasting,1160,15.63,19.082,0.819084,17,1.04,47,-0.33,0.06,0.23,0.27,-0.08,0.416667,85,\N,2019-07-05 23:22:02
EBMT,Finance,Major Banks,107.52,16.31,17.049,0.956667,36,2.29,63,0.11,0.24,0.3,0.26,0.18,0.368421,84,\N,2019-07-05 23:22:21
EGBN,Finance,Major Banks,1820,55.12,54.41,1.01306,52,5.67,84,1.04,1.08,1.13,1.17,0.98,-0.315789,53,\N,2019-07-05 23:22:42
EGLE,Transportation,Marine Transportation,335.78,5.65,4.861,1.16239,88,\N,17,\N,\N,\N,\N,\N,\N,29,could not convert string to float: N/A,\N
EFBI,Finance,Savings Institutions,25.96,15.8,15.694,1.00674,49,4.32,79,0.09,0.05,0.05,0.04,0.05,-0.8,42,\N,2019-07-05 23:23:10
EGRX,Health Care,Major Pharmaceuticals,720.76,56.42,48.437,1.1648,89,3.46,72,0.17,0.17,0.91,0.86,0.62,0.608108,90,\N,2019-07-05 23:23:29
EWBC,Finance,Major Banks,6500,47.14,49.245,0.957252,36,4.7,81,1.28,1.18,1.17,1.18,1.12,-1,39,\N,2019-07-05 23:23:49
EML,Capital Goods,Industrial Machinery/Components,159.44,27.68,26.942,1.0274,58,0.73,40,0.49,0.52,0.6,1.05,0.25,-0.3,53,\N,2019-07-05 23:24:29
EAST,Consumer Non-Durables,Beverages (Production/Distribution),40.38,4.5,5.614,0.801556,15,4.79,81,-0.27,-0.37,-0.42,-0.42,-0.32,\N,29,\N,2019-07-05 23:24:46
EBAY,Miscellaneous,Business Services,34010,39.8,36.097,1.10259,78,3.22,71,0.4,0.64,0.73,0.8,0.57,0.425,86,\N,2019-07-05 23:25:05
EBIX,Technology,EDP Services,1440,51.43,50.998,1.00848,50,2.88,68,0.83,0.92,0.92,0.27,0.84,0.0153846,68,\N,2019-07-05 23:25:28
ECHO,Transportation,Oil Refining/Marketing,535.34,19.6,22.715,0.862876,21,0.23,27,0.17,0.28,0.33,0.25,0.13,-0.2,56,\N,2019-07-05 23:25:50
SATS,Technology,Radio And Television Broadcasting And Communicatio,2020,45.57,40.077,1.13706,85,2.04,60,-0.22,0.8,0.17,-1.17,0.15,0.187817,77,\N,2019-07-05 23:26:09
EEI,Consumer Services,Military/Government/Technical,46.13,11.06,11.242,0.983852,42,0.55,36,0.04,-0.05,-0.03,-0.07,-0.24,\N,29,\N,2019-07-05 23:26:27
EDAP,Health Care,Biotechnology: Electromedical & Electrotherapeutic,76.84,2.8,3.235,0.865441,21,\N,17,\N,\N,\N,\N,\N,\N,29,could not convert string to float: N/A,\N
EDSA,Health Care,Major Pharmaceuticals,46.4,7.06,6.646,1.06233,68,\N,17,\N,\N,\N,\N,\N,\N,29,could not convert string to float: N/A,\N
EDNT,Consumer Non-Durables,Recreational Products/Toys,15.68,2.09,4.291,0.487085,5,\N,17,\N,\N,\N,\N,\N,\N,29,,\N
EDIT,Health Care,Biotechnology: Biological Products (No Diagnostic ,1120,24.06,23.245,1.03506,60,38.33,98,-0.67,-0.82,-0.32,-0.52,-0.6,\N,29,\N,2019-07-05 23:27:06
EDTX,Finance,Business Services,79.3,9.9,9.968,0.993139,45,\N,17,\N,\N,\N,\N,\N,\N,29,could not convert string to float: N/A,\N
EDTXU,Finance,Business Services,80.96,10.22,10.151,1.00679,49,\N,17,\N,\N,\N,\N,\N,\N,29,could not convert string to float: N/A,\N
EDUC,Consumer Durables,Consumer Specialties,55.27,7.16,8.117,0.882138,24,0.5,35,0.1,0.22,0.18,0.34,0.07,-0.111111,60,\N,2019-07-05 23:27:32
EGAN,Technology,Computer Software: Prepackaged Software,236.79,7.98,9.159,0.871259,22,3.62,74,0,-0.02,0.02,0.07,0.05,0.555556,89,\N,2019-07-05 23:27:56
EHTH,Finance,Specialty Insurers,1780,87.29,61.544,1.41833,98,7.1,88,-0.26,-0.63,-0.47,1.25,-0.24,0.0106383,68,\N,2019-07-05 23:28:18
EIDX,Health Care,Major Pharmaceuticals,931.74,36.62,21.885,1.6733,100,\N,17,\N,\N,\N,\N,\N,\N,29,could not convert string to float: N/A,\N
EIGR,Health Care,Biotechnology: Biological Products (No Diagnostic ,261.95,10.1,12.326,0.819424,17,\N,17,\N,\N,\N,\N,\N,\N,29,could not convert string to float: N/A,\N
EKSO,Capital Goods,Industrial Machinery/Components,94.41,1.26,1.895,0.664969,9,7.6,89,-0.13,-0.13,-0.11,-0.07,-0.1,\N,29,\N,2019-07-05 23:28:43
LOCO,Consumer Services,Restaurants,399.32,10.67,13.271,0.804012,16,0.92,44,0.06,0.13,0.17,-0.6,0.02,-0.0519481,63,\N,2019-07-05 23:28:59
ESLT,Capital Goods,Military/Government/Technical,6680,150.24,135.38,1.10976,80,1.72,57,1.16,2.15,1.5,0.03,1.18,0.00943396,68,\N,2019-07-05 23:29:16
ERI,Consumer Services,Hotels/Resorts,3390,49.57,47.128,1.05183,66,1.69,56,0.27,0.47,0.48,0,0.49,0.44898,86,\N,2019-07-05 23:29:33
SOLO,Capital Goods,Auto Manufacturing,97.03,2.36,2.782,0.848362,20,\N,17,\N,\N,\N,\N,\N,\N,29,could not convert string to float: N/A,\N
ECOR,Health Care,Biotechnology: Electromedical & Electrotherapeutic,51.26,1.79,5.482,0.326531,3,40.14,98,-0.02,-0.21,-0.45,-0.53,-0.47,\N,29,\N,2019-07-05 23:29:54
EA,Technology,Computer Software: Prepackaged Software,28720,93.6,94.785,0.987501,43,5.87,85,1.95,0.95,0.83,0.86,0.69,-1,39,\N,2019-07-05 23:30:16
EFII,Technology,Computer Communications Equipment,1590,36.94,31.113,1.18727,91,1.6,55,-0.08,0.08,0.04,-0.07,-0.44,-0.692308,44,\N,2019-07-05 23:30:33
ELSE,Capital Goods,Industrial Machinery/Components,11.3,3.23,3.489,0.925805,29,1.41,52,-0.06,-0.01,0.06,0.02,-0.01,0.416667,85,\N,2019-07-05 23:30:57
ESBK,Finance,Major Banks,55.83,15.59,17.264,0.903053,26,2.66,66,0.17,0.29,0.28,0.33,0,-0.515152,48,\N,2019-07-05 23:31:21
ELOX,Health Care,Biotechnology: Commercial Physical & Biological Re,345.12,9.73,11.298,0.861207,21,\N,17,\N,\N,\N,\N,\N,\N,29,could not convert string to float: N/A,\N
ELTK,Technology,Electrical Products,17.13,3.94,2.583,1.5251,99,0.53,35,-0.33,-0.42,-0.23,-0.31,0.12,\N,29,\N,2019-07-05 23:31:46
EMCI,Finance,Property-Casualty Insurers,779.84,36.01,33.196,1.08476,74,1.12,48,0,-0.24,0.89,-1,1.55,0.607843,90,\N,2019-07-05 23:32:26
EMCF,Finance,Major Banks,86.03,32.35,31.147,1.03863,61,2.9,68,0.6,0.62,0.51,0.07,0.77,0.242857,79,\N,2019-07-05 23:32:50
EMKR,Technology,Semiconductors,97.18,3.32,3.967,0.836932,19,1.09,47,-0.11,-0.31,-0.21,-0.2,-0.18,\N,29,\N,2019-07-05 23:33:18
EMMS,Consumer Services,Broadcasting,60.27,5.96,3.847,1.54922,99,0.69,39,0.97,1.75,-0.03,0.05,-0.05,-0.566667,47,\N,2019-07-05 23:33:36
NYNY,Consumer Services,Restaurants,305.25,10.36,11.728,0.883361,24,1.63,56,-0.64,-1.14,-1.03,-1.4,-1.09,\N,29,\N,2019-07-05 23:33:55
ENTA,Health Care,Major Pharmaceuticals,1610,84.94,89.274,0.951449,35,6.86,87,0.61,0.97,1.3,1.25,0.2,-0.372727,51,\N,2019-07-05 23:34:13
ECPG,Finance,Finance Companies,1030,34.53,31.101,1.11027,80,0.78,41,0.83,1,0.69,1.5,1.57,0.840909,95,\N,2019-07-05 23:34:40
WIRE,Capital Goods,Metal Fabrications,1120,57.65,55.584,1.03717,61,0.93,44,0.54,0.86,1.13,1.2,0.64,0.151515,75,\N,2019-07-05 23:35:03
ENDP,Health Care,Major Pharmaceuticals,825.48,4.34,7.721,0.562071,6,0.33,30,-2.26,-0.27,-0.77,-1.3,-0.08,\N,28,\N,2019-07-05 23:35:26
ELGX,Health Care,Medical/Dental Instruments,132.11,7.51,6.747,1.11313,80,0.84,42,-2.4,-2.8,-1.2,-2.6,-2.12,\N,28,\N,2019-07-05 23:35:51
NDRA,Health Care,Biotechnology: Electromedical & Electrotherapeutic,15.14,1.55,1.752,0.884695,24,\N,17,\N,\N,\N,\N,\N,\N,28,,\N
EIGI,Technology,Computer Software: Prepackaged Software,722.51,4.89,6.302,0.775937,14,0.63,38,-0.05,-0.01,-0.04,0.09,-0.02,0.214286,79,\N,2019-07-05 23:36:22
WATT,Technology,Radio And Television Broadcasting And Communicatio,121.68,4.37,5.985,0.730201,11,237.81,100,-0.55,-0.48,-0.49,-0.48,-0.39,\N,28,\N,2019-07-05 23:36:51
EFOI,Consumer Durables,Building Products,5.24,0.43,0.764,0.562737,6,0.29,29,-0.16,-0.2,-0.15,-0.16,-0.25,\N,28,\N,2019-07-05 23:37:16
ERII,Technology,Industrial Machinery/Components,532.26,10.5,8.91,1.17841,90,7.08,88,-0.01,0.28,0.08,0.04,0.05,0.206897,78,\N,2019-07-05 23:37:32
ENG,Consumer Services,Military/Government/Technical,24.67,0.88,0.762,1.15465,87,0.46,34,-0.04,-0.04,-0.01,-0.12,-0.04,\N,28,\N,2019-07-05 23:37:48
ENLV,Health Care,Major Pharmaceuticals,187.1,22,8.518,2.58291,100,\N,17,\N,\N,\N,\N,\N,\N,28,could not convert string to float: N/A,\N
ENOB,Health Care,Major Pharmaceuticals,190.07,4.7,6.631,0.70884,10,\N,17,\N,\N,\N,\N,\N,\N,28,could not convert string to float: N/A,\N
ENPH,Technology,Semiconductors,1970,19.64,10.845,1.81094,100,6.71,87,-0.06,-0.04,-0.03,0.01,0.02,1,100,\N,2019-07-05 23:38:07
ESGR,Finance,Property-Casualty Insurers,3650,177.45,173.405,1.02333,56,2.33,63,-2.12,0.4,-0.74,-5.45,16.57,0.848774,95,\N,2019-07-05 23:38:22
ESGRO,Finance,Property-Casualty Insurers,0.11352,25.67,25.267,1.01593,53,\N,17,\N,\N,\N,\N,\N,\N,28,could not convert string to float: ,\N
ESGRP,Finance,Property-Casualty Insurers,0.416,26.2,25.451,1.02943,58,\N,17,\N,\N,\N,\N,\N,\N,28,could not convert string to float: ,\N
ETTX,Health Care,Major Pharmaceuticals,81.02,6.4,6.176,1.03624,60,\N,17,\N,\N,\N,\N,\N,\N,28,could not convert string to float: N/A,\N
ENFC,Finance,Banks,205.92,29.82,25.672,1.16159,88,3.8,75,0.51,0.44,0.5,0.54,0.55,0.363636,84,\N,2019-07-05 23:39:23
ENTG,Consumer Non-Durables,Plastic Products,5070,36.26,35.512,1.02107,55,3.21,71,0.4,0.38,0.34,0.57,0.24,-0.484848,48,\N,2019-07-05 23:39:47
ENTX,Health Care,Biotechnology: Biological Products (No Diagnostic ,37.47,3.28,3.943,0.831912,18,75.18,99,-0.35,-13.97,-0.45,-0.17,-0.26,\N,28,\N,2019-07-05 23:40:12
EBTC,Finance,Major Banks,330.26,31.29,30.519,1.02526,57,3,69,0.58,0.64,0.68,0.55,0.74,0.842105,95,\N,2019-07-05 23:40:38
EFSC,Finance,Major Banks,1080,41.69,42.258,0.986558,43,4.86,82,0.9,0.95,0.97,1.02,0.67,-0.657143,45,\N,2019-07-05 23:40:57
EVSI,Technology,Semiconductors,26.11,4.71,7.789,0.604673,7,\N,17,\N,\N,\N,\N,\N,\N,28,,\N
EPZM,Health Care,Major Pharmaceuticals,1210,13.36,11.937,1.11924,82,39.02,98,-0.49,-0.42,-0.54,-0.29,-0.39,\N,28,\N,2019-07-05 23:41:37
PLUS,Technology,Retail: Computer Software & Peripheral Equipment,919.1,72.86,82.492,0.883238,24,0.73,40,0.65,1.12,1.33,1.1,1.12,0.691176,92,\N,2019-07-05 23:42:14
EPSN,Energy,Oil & Gas Production,109.54,4.05,4.212,0.961559,37,3.81,75,0.08,0.02,0.1,0.02,0.05,-0.375,51,\N,2019-07-05 23:42:34
EQ,Health Care,Major Pharmaceuticals,102.87,5.5,7.206,0.76325,13,\N,17,\N,\N,\N,\N,\N,\N,28,could not convert string to float: N/A,\N
EQIX,Consumer Services,Real Estate Investment Trusts,42040,518.18,444.049,1.16694,89,8.28,90,0.79,0.85,1.55,1.36,1.44,0.855263,95,\N,2019-07-05 23:42:52
EQBK,Finance,Major Banks,411.46,28,29.659,0.944057,33,3.36,72,0.58,0.44,0.64,0.62,-0.26,-0.933333,40,\N,2019-07-05 23:43:17
ERIC,Technology,Radio And Television Broadcasting And Communicatio,32090,9.4,9.356,1.00472,49,\N,16,\N,\N,\N,\N,\N,\N,28,could not convert string to float: N/A,\N
ERIE,Finance,Specialty Insurers,13420,265.03,185.231,1.43081,98,5.66,84,1.26,1.52,1.54,1.19,1.44,0.514286,88,\N,2019-07-05 23:43:39
ERYP,Health Care,Biotechnology: Biological Products (No Diagnostic ,119.46,7,7.729,0.905627,26,\N,16,\N,\N,\N,\N,\N,\N,28,could not convert string to float: N/A,\N
ESCA,Consumer Non-Durables,Recreational Products/Toys,156.44,11.39,11.66,0.976863,40,0.94,44,0.08,0.83,0.25,0.25,0.02,-0.0740741,62,\N,2019-07-05 23:43:58
ESPR,Health Care,Major Pharmaceuticals,1320,47.23,45.922,1.02849,58,8.66,90,-1.73,-1.71,-1.86,-2.24,3.07,\N,28,\N,2019-07-05 23:44:13
ESQ,Finance,Commercial Banks,184.7,24.35,23.003,1.05855,67,5.12,83,0.26,0.29,0.22,0.37,0.39,0.764706,94,\N,2019-07-05 23:44:29
ESSA,Finance,Banks,171.25,15.25,15.559,0.98013,41,3.3,71,0.21,0.26,0.28,0.27,0.26,0.714286,93,\N,2019-07-05 23:44:44
EPIX,Health Care,Major Pharmaceuticals,13.51,2.47,2.986,0.82731,17,\N,16,\N,\N,\N,\N,\N,\N,28,could not convert string to float: N/A,\N
ESTA,Health Care,Industrial Specialties,441.25,20.9,25.099,0.832715,18,\N,16,\N,\N,\N,\N,\N,\N,28,,\N
ESTR,Public Utilities,Environmental Services,50.42,0.99,1.478,0.670039,9,\N,16,\N,\N,\N,\N,\N,\N,28,could not convert string to float: N/A,\N
ETON,Health Care,Major Pharmaceuticals,128.33,7.72,7.339,1.05188,66,\N,16,\N,\N,\N,\N,\N,\N,28,,\N
ETSY,Miscellaneous,Business Services,7430,63.38,62.199,1.01899,54,11.38,93,0.1,0.03,0.15,0.32,0.24,0.482759,87,\N,2019-07-05 23:45:38
CLWT,Consumer Durables,Diversified Electronic Products,8.43,4.06,3.791,1.07094,71,0.42,33,0.02,0.07,-0.1,0,0,-0.117647,60,\N,2019-07-05 23:45:56
EDRY,Consumer Services,Marine Transportation,16.3,8.08,7.804,1.0354,60,\N,16,\N,\N,\N,\N,\N,\N,28,,\N
EEFT,Finance,Investment Bankers/Brokers/Service,8370,167.41,139.02,1.20422,92,3.37,72,0.49,0.82,1.89,1.1,0.62,0.0928571,72,\N,2019-07-05 23:46:34
ESEA,Transportation,Marine Transportation,7.33,0.64,0.687,0.931763,30,0.24,27,-0.33,0.2,-0.1,-0.07,-0.04,0.54717,89,\N,2019-07-05 23:46:51
EVLO,Health Care,Major Pharmaceuticals,278.46,8.04,9.03,0.890388,24,\N,16,\N,\N,\N,\N,\N,\N,28,could not convert string to float: N/A,\N
EVBG,Technology,Computer Software: Prepackaged Software,2880,93.76,72.454,1.29407,96,18.87,96,-0.43,-0.59,-0.29,-0.33,-0.44,\N,28,\N,2019-07-05 23:47:08
EVK,Consumer Non-Durables,Apparel,44.55,2.4,3.642,0.659009,8,0.08,23,0.06,0.19,0.22,0.34,-0.04,-0.263158,54,\N,2019-07-05 23:47:28
EVER,Technology,Computer Software: Programming\, Data Processing,309.02,13.48,8.459,1.59362,99,\N,16,\N,\N,\N,\N,\N,\N,28,,\N
MRAM,Technology,Semiconductors,115.81,6.09,7.346,0.828997,18,2.29,63,-0.09,-0.4,-0.33,-0.2,-0.25,\N,28,\N,2019-07-05 23:48:03
EVLV,Consumer Services,Catalog/Specialty Distribution,31.26,0.43,0.461,0.933698,31,0.06,23,-0.05,0,-0.14,-0.15,-0.31,-0.83871,42,\N,2019-07-05 23:48:18
EVOP,Miscellaneous,Business Services,2510,28.91,27.481,1.05201,66,4.31,79,-0.15,0.96,-1.51,-0.16,-0.2,-0.0202429,65,\N,2019-07-05 23:48:39
EVFM,Health Care,Major Pharmaceuticals,279.8,4.72,4.411,1.07004,70,\N,16,\N,\N,\N,\N,\N,\N,28,could not convert string to float: N/A,\N
EVGN,Basic Industries,Agricultural Chemicals,38.89,1.6,1.973,0.810894,16,23.47,97,-0.21,-0.19,-0.19,-0.23,-0.15,\N,28,\N,2019-07-05 23:49:08
EVOK,Health Care,Major Pharmaceuticals,13.06,0.685,1.507,0.454481,4,\N,16,\N,\N,\N,\N,\N,\N,28,could not convert string to float: N/A,\N
EOLS,Health Care,Major Pharmaceuticals,390.34,14.91,20.305,0.73432,12,\N,16,\N,\N,\N,\N,\N,\N,28,could not convert string to float: N/A,\N
EVOL,Technology,EDP Services,10.58,0.83,1.146,0.724191,11,0.34,30,0.04,0.01,0.05,-1.32,-0.09,-0.0948905,61,\N,2019-07-05 23:49:47
EXAS,Health Care,Biotechnology: Commercial Physical & Biological Re,14390,118.05,93.088,1.26816,95,28.84,98,-0.33,-0.3,-0.37,-0.44,-0.66,\N,28,\N,2019-07-05 23:50:10
XELA,Miscellaneous,Business Services,294.28,2.02,3.299,0.612341,7,0.19,26,-0.16,-0.17,-0.2,-0.56,-0.21,\N,28,\N,2019-07-05 23:50:25
EXEL,Health Care,Biotechnology: Commercial Physical & Biological Re,6380,21.12,21.793,0.969126,38,7.4,89,0.37,0.28,0.41,1.15,0.24,-0.142857,59,\N,2019-07-05 23:50:43
EXFO,Capital Goods,Electrical Products,89.54,4.06,3.779,1.07447,72,0.76,41,-0.08,-0.11,-0.07,-0.14,0.09,\N,28,\N,2019-07-05 23:51:05
EXLS,Miscellaneous,Business Services,2230,66.52,60.006,1.10856,80,2.45,64,0.66,0.41,0.43,0.11,0.42,-0.436364,50,\N,2019-07-05 23:51:32
EXPI,Finance,Real Estate,664.26,10.4,10.402,0.999824,47,1.11,48,-0.19,-0.03,-0.08,-0.09,-0.1,\N,28,\N,2019-07-05 23:52:00
EXPE,Consumer Services,Transportation Services,19320,135.12,122.48,1.1032,78,1.77,57,-0.91,0.01,3.43,0.11,-0.69,0.0506912,70,\N,2019-07-05 23:52:19
EXPD,Transportation,Oil Refining/Marketing,12700,75.37,73.754,1.02191,55,1.54,54,0.76,0.79,0.92,1.02,0.8,0.153846,76,\N,2019-07-05 23:52:39
EXPO,Consumer Services,Professional Services,2970,58.75,55.474,1.05905,68,8.35,90,0.38,0.34,0.32,0.3,0.42,0.333333,83,\N,2019-07-05 23:52:59
STAY,Consumer Services,Hotels/Resorts,3120,17.1,17.466,0.979069,41,2.59,65,0.08,0.34,0.38,-0.21,0.12,0.0677966,71,\N,2019-07-05 23:53:19
XOG,Energy,Oil & Gas Production,677.45,4.11,4.236,0.970318,39,0.71,40,-0.32,0.03,0.33,0.51,-0.6,-0.252252,54,\N,2019-07-05 23:53:35
EXTR,Technology,Computer Communications Equipment,680.47,6.5,6.908,0.940988,32,0.75,40,-0.12,-0.05,-0.08,0.06,-0.06,0.333333,83,\N,2019-07-05 23:53:54
EYEG,Health Care,Major Pharmaceuticals,11.17,0.25,0.359,0.696038,10,3.58,73,-0.14,-0.07,-0.07,-0.05,0.01,\N,28,\N,2019-07-05 23:54:14
EYEN,Health Care,Major Pharmaceuticals,51.92,4.07,4.857,0.837997,19,\N,16,\N,\N,\N,\N,\N,\N,28,could not convert string to float: N/A,\N
EYPT,Capital Goods,Biotechnology: Laboratory Analytical Instruments,167.65,1.63,2.007,0.812117,16,24.92,97,-0.13,-0.15,-0.62,-0.44,-0.2,\N,28,\N,2019-07-05 23:54:42
EZPW,Consumer Services,Other Specialty Stores,530.61,9.76,9.549,1.02215,56,0.63,38,0.2,0.25,0,-0.07,0.06,-0.4375,49,\N,2019-07-05 23:55:00
FFIV,Technology,Computer Communications Equipment,8420,147.66,155.123,0.951892,35,3.98,76,1.77,1.99,2.18,2.16,1.93,0.390244,85,\N,2019-07-05 23:55:20
FB,Technology,Computer Software: Programming\, Data Processing,539040,196.4,170.932,1.14899,87,9.4,91,1.69,1.74,1.76,2.38,0.85,-0.54902,47,\N,2019-07-05 23:56:14
FLMN,Energy,Oil & Gas Production,675.71,8.29,8.201,1.01082,51,\N,16,\N,\N,\N,\N,\N,\N,28,,\N
DAVE,Consumer Services,Restaurants,37.47,4.99,4.873,1.024,56,0.84,42,0.13,0.16,0.15,0.12,0.01,-0.8,42,\N,2019-07-05 23:57:31
FANH,Finance,Specialty Insurers,1980,32.71,26.724,1.22398,93,\N,16,\N,\N,\N,\N,\N,\N,28,could not convert string to float: N/A,\N
FARM,Consumer Non-Durables,Packaged Foods,277.75,17.44,21.271,0.819905,17,0.49,34,-0.24,0,-0.18,-0.6,-3.05,-0.921311,40,\N,2019-07-05 23:57:52
FMAO,Finance,Savings Institutions,307.09,28.6,30.696,0.931712,30,5.88,85,0.41,0.44,0.42,0.34,0.29,-0.8,42,\N,2019-07-05 23:58:12
FMNB,Finance,Major Banks,388,14.85,13.993,1.06121,68,4.02,77,0.28,0.29,0.29,0.31,0.3,0.666667,92,\N,2019-07-05 23:58:31
FAMI,Consumer Non-Durables,Packaged Foods,21.48,1.75,3.032,0.577151,6,\N,16,\N,\N,\N,\N,\N,\N,28,list index out of range,\N
FARO,Capital Goods,Industrial Machinery/Components,851.4,49,47.31,1.03572,60,2.09,61,0.03,0.07,-0.15,0.33,0.01,-0.0416667,64,\N,2019-07-05 23:59:10
FAST,Consumer Services,RETAIL: Building Materials,18400,32.09,31.452,1.02029,55,3.6,73,0.3,0.37,0.34,0.29,0.34,0.5,88,\N,2019-07-05 23:59:26
FAT,Consumer Services,Restaurants,48.42,4.092,5.073,0.806654,16,2.55,65,0.05,0.04,0,-0.23,-0.06,-0.392857,51,\N,2019-07-06 00:00:08
FATE,Health Care,Biotechnology: Biological Products (No Diagnostic ,1290,21.12,16.944,1.24647,94,203.77,100,-0.27,-0.37,-0.31,-0.25,-0.3,\N,28,\N,2019-07-06 00:00:31
FBSS,Finance,Major Banks,79.6,21.12,20.776,1.01657,53,2.81,67,0.42,0.44,0.35,0.42,0.43,0.111111,73,\N,2019-07-06 00:00:46
FNHC,Finance,Property-Casualty Insurers,184.97,14.31,16.669,0.858491,21,0.46,34,0.58,0.69,0.62,-0.73,-0.3,-0.619718,45,\N,2019-07-06 00:01:09
FENC,Health Care,Biotechnology: Biological Products (No Diagnostic ,77.2,4.09,5.361,0.762929,13,\N,16,\N,\N,\N,\N,\N,\N,28,could not convert string to float: N/A,\N
GSM,Capital Goods,Metal Fabrications,248.61,1.89,2.067,0.914257,27,0.14,25,0.21,0.39,-0.01,-0.35,-0.16,-0.5,48,\N,2019-07-06 00:01:31
FFBW,Finance,Savings Institutions,68.58,10.2,10.546,0.967227,38,7.71,89,0.02,0.06,0.05,0.04,0.04,0.5,88,\N,2019-07-06 00:01:55
FCSC,Health Care,Major Pharmaceuticals,18.64,1.9,2.003,0.948696,34,\N,16,\N,\N,\N,\N,\N,\N,28,could not convert string to float: N/A,\N
FGEN,Health Care,Major Pharmaceuticals,3640,44.33,48.712,0.91005,27,18.67,96,-0.5,-0.28,-0.5,0.23,-0.53,-0.0394737,64,\N,2019-07-06 00:02:17
FDBC,Finance,Major Banks,232.83,67,60.481,1.10778,79,6.38,86,0.67,0.73,0.75,0.75,0.73,0.75,93,\N,2019-07-06 00:02:34
LION,Finance,Major Banks,839.4,30.97,29.434,1.05218,66,\N,16,\N,\N,\N,\N,\N,\N,28,,\N
FRGI,Consumer Services,Restaurants,343.7,13.14,14.041,0.935806,31,0.53,35,0.15,0.35,0.08,-0.3,0.08,-0.107692,60,\N,2019-07-06 00:03:07
FITB,Finance,Major Banks,19830,28.35,26.981,1.05072,65,2.94,68,0.97,0.8,0.61,0.64,1.12,0.294118,82,\N,2019-07-06 00:03:21
FITBI,Finance,Major Banks,509.58,27.72,27.676,1.00158,47,\N,16,\N,\N,\N,\N,\N,\N,28,could not convert string to float: ,\N
FISI,Finance,Major Banks,438.45,28.77,27.962,1.02888,58,2.99,69,0.56,0.74,0.64,0.45,0.7,0.482759,87,\N,2019-07-06 00:04:00
FNSR,Technology,Semiconductors,2680,23.21,22.85,1.01576,53,2.17,61,-0.16,-0.16,-0.04,-0.13,-0.12,\N,28,\N,2019-07-06 00:04:24
FNJN,Miscellaneous,Multi-Sector Companies,61.02,2.33,2.804,0.830852,18,3.52,73,0.93,0.24,-0.28,-0.29,-0.22,-0.942623,40,\N,2019-07-06 00:04:43
FTAC,Finance,Business Services,442.43,9.9,0,0,2,\N,16,\N,\N,\N,\N,\N,\N,28,could not convert string to float: N/A,\N
FEYE,Technology,Computer peripheral equipment,3020,15.18,16.041,0.946321,33,3.56,73,-0.39,-0.38,-0.26,-0.25,-0.38,\N,28,\N,2019-07-06 00:05:11
FBNC,Finance,Major Banks,1060,36.71,36.523,1.00511,49,4.02,77,0.7,0.77,0.74,0.8,0.75,0.5,88,\N,2019-07-06 00:05:30
FNLC,Finance,Major Banks,272.73,26.61,26.019,1.02271,56,4.59,80,0.51,0.53,0.55,0.59,0.57,0.75,93,\N,2019-07-06 00:05:52
BUSE,Finance,Major Banks,1430,26.78,25.748,1.04007,62,4.41,79,0.45,0.51,0.55,0.51,0.48,0.3,82,\N,2019-07-06 00:06:15
FBIZ,Finance,Major Banks,204.6,24.83,21.951,1.13115,84,2.68,66,0.42,0.38,0.6,0.46,0.67,0.862069,95,\N,2019-07-06 00:06:37
FCAP,Finance,Savings Institutions,162.27,51.96,49.084,1.05859,67,5.33,83,0.64,0.63,0.76,0.74,0.64,-0.00000000000000355271,66,\N,2019-07-06 00:06:57
FCBP,Finance,Major Banks,249.31,22.58,21.779,1.03679,60,3.84,75,0.33,0.47,0.25,0.56,0.59,0.764706,94,\N,2019-07-06 00:07:14
FCNCA,Finance,Major Banks,4870,458.78,426.136,1.0766,72,3.21,71,8.35,7.77,9.8,7.62,9.67,0.605505,90,\N,2019-07-06 00:07:33
FCBC,Finance,Major Banks,517.45,33.31,33.907,0.982399,42,4.6,80,0.52,0.54,0.55,0.57,0.6,1,100,\N,2019-07-06 00:07:50
FCCO,Finance,Major Banks,142.34,19.89,19.117,1.04045,62,3.2,70,0.35,0.39,0.37,0.35,0.32,-0.428571,50,\N,2019-07-06 00:08:07
FDEF,Finance,Savings Institutions,540.33,28.45,28.639,0.993414,45,3.8,75,0.57,0.54,0.55,0.59,0.57,0,67,\N,2019-07-06 00:08:24
FFBC,Finance,Major Banks,2310,24.59,24.917,0.986872,43,4.11,77,0.49,0.37,0.51,0.56,0.47,-0.105263,60,\N,2019-07-06 00:08:46
FFIN,Finance,Major Banks,4030,30.99,30.27,1.0238,56,11.23,93,0.26,0.28,0.29,0.28,0.28,0.666667,92,\N,2019-07-06 00:09:27
THFF,Finance,Major Banks,481.68,40.4,41.266,0.979012,41,3.31,71,0.73,1.25,0.92,0.9,0.79,0.115385,73,\N,2019-07-06 00:09:50
FFNW,Finance,Major Banks,142.99,13.92,15.672,0.888183,24,3.41,72,0.66,0.3,0.27,0.21,0.19,-1,39,\N,2019-07-06 00:10:12
FFWM,Finance,Major Banks,582.3,14.02,14.073,0.996255,46,3.19,70,0.23,0.12,0.33,0.31,0.25,0.0952381,72,\N,2019-07-06 00:10:37
FGBI,Finance,Savings Institutions,172.62,20.8,21.238,0.979356,41,2.95,68,0.41,0.52,0.39,0.3,0.36,-0.227273,55,\N,2019-07-06 00:10:58
FHB,Finance,Major Banks,3410,25.75,26.051,0.988458,43,4.74,81,0.49,0.5,0.5,0.44,0.52,0.375,84,\N,2019-07-06 00:11:22
INBK,Finance,Major Banks,198.9,21.44,21.149,1.01376,52,3.21,71,0.71,0.67,0.61,0.35,0.56,-0.416667,50,\N,2019-07-06 00:11:42
FIBK,Finance,Major Banks,2490,39.84,39.855,0.99963,47,4.47,80,0.65,0.74,0.71,0.67,0.69,0.444444,86,\N,2019-07-06 00:12:07
FRME,Finance,Major Banks,1810,38.23,37.385,1.02259,56,4.58,80,0.74,0.8,0.83,0.85,0.78,0.363636,84,\N,2019-07-06 00:12:27
FMBH,Finance,Major Banks,565.69,34.34,33.911,1.01266,52,3.7,74,0.66,0.72,0.54,0.62,0.8,0.538462,89,\N,2019-07-06 00:12:48
FMBI,Finance,Major Banks,2240,20.88,21.206,0.984611,42,3.61,74,0.33,0.29,0.52,0.39,0.43,0.434783,86,\N,2019-07-06 00:13:11
FXNC,Finance,Major Banks,107.61,20.49,20.327,1.00802,50,2.83,67,0.54,0.49,0.54,0.47,0.46,-1,39,\N,2019-07-06 00:13:32
FNWB,Finance,Banks,178.67,16.41,15.887,1.03292,59,4.27,78,0.14,0.15,0.19,0.21,0.22,1,100,\N,2019-07-06 00:13:53
FSFG,Finance,Savings Institutions,135.65,60.9,54.703,1.11329,81,2.46,64,0.69,1.31,1.16,1.24,1.5,1,100,\N,2019-07-06 00:14:18
FSLR,Technology,Semiconductors,6510,66.84,55.379,1.20696,92,3.21,71,0.78,-0.46,0.54,0.49,-0.64,-1,39,\N,2019-07-06 00:14:43
FUNC,Finance,Major Banks,130.08,19.68,17.76,1.1081,79,2.39,63,0.35,0.43,0.39,0.34,0.44,0.9,96,\N,2019-07-06 00:15:04
FUSB,Finance,Major Banks,58.37,9.31,9.515,0.978498,41,1.55,55,0.06,0.06,0.03,0.22,0.18,0.631579,91,\N,2019-07-06 00:15:28
MYFW,Finance,Major Banks,110.9,13.11,13.316,0.984528,42,\N,16,\N,\N,\N,\N,\N,\N,27,,\N
FCFS,Consumer Services,Other Specialty Stores,4320,102.2,89.3,1.14445,86,2.43,64,0.9,0.67,0.76,1.09,0.98,0.190476,77,\N,2019-07-06 00:16:09
FSV,Finance,Real Estate,3610,97.58,86.336,1.13023,83,1.77,57,0.17,0.62,0.7,0.31,0.06,-0.171875,58,\N,2019-07-06 00:16:33
FISV,Technology,EDP Services,35430,94.46,85.099,1.11,80,6.26,86,1,0.6,0.55,0.71,0.56,-0.977778,40,\N,2019-07-06 00:16:52
FIVE,Consumer Services,Department/Specialty Retail Stores,6630,127.47,125.792,1.01334,52,4.25,78,0.39,0.45,0.24,1.59,0.46,0.0518519,70,\N,2019-07-06 00:17:14
FPRX,Health Care,Major Pharmaceuticals,219.62,6.12,10.303,0.594007,7,9.49,91,-0.63,-0.99,-1.37,-1.12,-1.02,\N,27,\N,2019-07-06 00:17:35
FVE,Health Care,Hospital/Nursing Management,25.95,0.45,0.699,0.643629,8,0.02,22,-0.16,-0.42,-0.43,-0.47,-0.66,\N,27,\N,2019-07-06 00:17:58
FIVN,Technology,EDP Services,2990,51.7,50.65,1.02073,55,11.28,93,-0.01,-0.04,-0.02,0.06,-0.03,-0.2,56,\N,2019-07-06 00:18:19
FLEX,Technology,Electrical Products,4790,9.8,9.801,0.999899,47,0.19,26,-0.04,0.22,0.16,-0.09,-0.12,-0.235294,55,\N,2019-07-06 00:18:38
FLKS,Health Care,Major Pharmaceuticals,9.22,0.533,0.418,1.27645,95,12.44,94,-0.46,-0.5,-0.15,-0.11,-0.12,\N,27,\N,2019-07-06 00:19:00
FLXN,Health Care,Major Pharmaceuticals,428.94,11.12,12.389,0.897603,25,13.72,94,-1.1,-1.16,-1.15,-1.07,-1.09,\N,27,\N,2019-07-06 00:19:20
FPAY,Technology,Diversified Commercial Services,18.02,1.09,0.88,1.23907,94,0.21,26,-0.87,-0.55,-0.48,-0.56,-0.01,\N,27,\N,2019-07-06 00:19:41
FLXS,Consumer Durables,Home Furnishings,130.81,17.06,22.219,0.767827,13,0.28,29,0.39,0.28,0.16,0.2,-1.97,-1,39,\N,2019-07-06 00:20:03
FLIR,Capital Goods,Industrial Machinery/Components,7250,54.51,49.552,1.10006,78,4.12,77,0.28,0.51,0.52,0.71,0.45,0.395349,85,\N,2019-07-06 00:20:39
FLNT,Consumer Services,Advertising,384.96,5.57,5.357,1.0398,62,1.6,55,-0.4,0.03,0.06,0.02,0.01,0.891304,96,\N,2019-07-06 00:20:59
FLDM,Capital Goods,Biotechnology: Laboratory Analytical Instruments,828.93,11.59,11.591,0.999954,47,6.98,88,-0.34,-0.42,-0.38,-0.36,-0.44,\N,27,\N,2019-07-06 00:21:17
FFIC,Finance,Major Banks,600.39,22.57,22.256,1.01411,52,3.67,74,0.39,0.48,0.61,0.44,0.25,-0.388889,51,\N,2019-07-06 00:21:44
FNCB,Finance,Major Banks,156.45,8.23,7.978,1.03159,59,4.06,77,0.12,0.14,0.11,0.42,0.14,0.0645161,71,\N,2019-07-06 00:22:03
FOMX,Consumer Durables,Specialty Chemicals,140.95,2.29,3.331,0.68753,9,41.05,98,-0.69,-0.46,-0.38,-0.2,-0.28,\N,27,\N,2019-07-06 00:22:21
FOCS,Finance,Investment Managers,1870,27.8,31.791,0.874466,22,\N,16,\N,\N,\N,\N,\N,\N,27,,\N
FONR,Health Care,Biotechnology: Electromedical & Electrotherapeutic,147.86,21.93,21.058,1.0414,62,1.56,55,0.51,1.44,0.48,0.51,0.56,0.0520833,70,\N,2019-07-06 00:23:06
FSCT,Technology,Computer peripheral equipment,1490,35.87,36.041,0.995262,46,5.01,82,-0.74,-0.5,-0.2,-0.42,-0.78,\N,27,\N,2019-07-06 00:23:26
FRSX,Technology,Computer Software: Prepackaged Software,34.58,1.82,1.466,1.24123,94,\N,16,\N,\N,\N,\N,\N,\N,27,could not convert string to float: N/A,\N
FORM,Technology,Semiconductors,1070,15.79,15.695,1.00603,49,2.17,61,0.03,0.12,0.1,1.13,0.07,0.0363636,69,\N,2019-07-06 00:23:47
FORTY,Technology,EDP Services,757.07,49.5,44.077,1.12304,82,0.54,36,0.48,0.51,0.45,0.7,0.58,0.4,85,\N,2019-07-06 00:24:07
FORR,Consumer Services,Diversified Commercial Services,853.45,47.97,47.308,1.01399,52,2.3,63,-0.1,0.43,0.21,0.29,-0.73,-0.543103,47,\N,2019-07-06 00:24:31
FRTA,Capital Goods,Building Materials,265.55,5.25,4.819,1.0894,75,0.23,27,-0.31,0.11,0.09,-0.27,-0.39,-0.16,58,\N,2019-07-06 00:24:54
FTNT,Technology,Computer peripheral equipment,12780,78.89,80.705,0.97751,40,7.12,88,0.24,0.28,0.33,1.04,0.34,0.125,74,\N,2019-07-06 00:51:41
FBIO,Health Care,Major Pharmaceuticals,108.28,1.52,1.705,0.891595,25,3.61,73,-0.49,-0.5,-0.37,-0.58,0.02,\N,27,\N,2019-07-06 00:51:55
FBIOP,Health Care,Major Pharmaceuticals,21.1,20.954,19.367,1.08194,74,\N,16,\N,\N,\N,\N,\N,\N,27,could not convert string to float: ,\N
FTSV,Health Care,Major Pharmaceuticals,338.68,10.53,15.118,0.696499,10,\N,16,\N,\N,\N,\N,\N,\N,27,could not convert string to float: N/A,\N
FMCI,Finance,Business Services,258.35,10.06,9.91,1.01512,53,\N,16,\N,\N,\N,\N,\N,\N,27,could not convert string to float: N/A,\N
FWRD,Transportation,Oil Refining/Marketing,1630,59.21,61.145,0.968359,38,1.26,50,0.6,0.82,0.76,0.95,0.64,0.114286,73,\N,2019-07-06 00:52:26
FORD,Consumer Non-Durables,Plastic Products,11.15,1.13,1.436,0.786849,14,0.3,29,0.1,0.02,0.02,-0.06,-0.12,-1,39,\N,2019-07-06 00:52:40
FWP,Health Care,Major Pharmaceuticals,48.96,0.998,1.118,0.89244,25,\N,16,\N,\N,\N,\N,\N,\N,27,could not convert string to float: N/A,\N
FOSL,Consumer Non-Durables,Consumer Specialties,560.07,10.94,14.02,0.780335,14,0.23,27,-0.99,-0.16,0.1,0.94,-0.25,0.38342,85,\N,2019-07-06 00:52:54
FOX,Consumer Services,Broadcasting,21840,36.56,41.479,0.881402,23,\N,16,\N,\N,\N,\N,\N,\N,27,,\N
FOXA,Consumer Services,Broadcasting,21930,36.6,41.799,0.875628,23,\N,16,\N,\N,\N,\N,\N,\N,27,,\N
FOXF,Consumer Non-Durables,Motor Vehicles,2990,84.16,69.12,1.21759,93,4.89,82,0.55,0.47,0.62,0.52,0.46,-0.5625,47,\N,2019-07-06 00:53:36
FRAN,Consumer Services,Clothing/Shoe/Accessory Stores,14.16,4.98,8.24,0.604403,7,0.03,22,-1.32,0.12,-5.64,-7.32,-3.48,-0.290323,53,\N,2019-07-06 00:53:50
FELE,Consumer Durables,Metal Fabrications,2120,46.6,48.108,0.96866,38,1.66,56,0.45,0.64,0.63,0.51,0.19,-0.577778,46,\N,2019-07-06 00:54:04
FRAF,Finance,Major Banks,160.21,38.3,36.545,1.04801,64,3.81,75,0.8,-1.18,0.91,0.86,0.73,-0.0334928,64,\N,2019-07-06 00:54:18
FRED,Consumer Services,Department/Specialty Retail Stores,12.06,0.53,1.837,0.288462,3,0.02,22,-0.6,-0.88,-0.74,1.91,-0.96,-0.125436,59,\N,2019-07-06 00:54:32
RAIL,Capital Goods,Railroads,75.58,5.91,6.878,0.859231,21,0.25,28,-0.51,-0.19,-0.5,-2.06,-1.12,\N,27,\N,2019-07-06 00:54:45
FEIM,Capital Goods,Electrical Products,94.28,12,11.608,1.03375,60,2.32,63,-1.18,-1.42,0,0.01,-0.04,0.797203,94,\N,2019-07-06 00:54:59
FRPT,Consumer Non-Durables,Packaged Foods,1640,45.83,41.815,1.09603,77,8.07,89,-0.1,-0.1,0,0.05,-0.1,0,67,\N,2019-07-06 00:55:13
FTDR,Finance,Diversified Commercial Services,3450,44.33,34.633,1.28,95,\N,16,\N,\N,\N,\N,\N,\N,27,,\N
FTEO,Technology,EDP Services,131.14,6.533,10.156,0.643256,8,\N,16,\N,\N,\N,\N,\N,\N,27,could not convert string to float: N/A,\N
FTR,Public Utilities,Telecommunications Equipment,158.99,1.77,2.219,0.797736,15,0.02,22,-0.44,-0.92,-4.11,-2.12,-0.84,\N,27,\N,2019-07-06 00:55:42
FRPH,Finance,Real Estate,489.71,53.9,49.603,1.08662,75,23.8,97,0.15,11.87,0.22,0.07,0.19,0.00338983,68,\N,2019-07-06 00:55:56
FSBW,Finance,Banks,220.04,50.92,49.559,1.02747,58,3.11,70,1.15,1.13,1.07,2.83,1.15,0,67,\N,2019-07-06 00:56:11
FSBC,Finance,Savings Institutions,34.39,17.53,17.471,1.00339,48,3.19,70,0.05,0.04,-0.03,0.02,0,-0.625,45,\N,2019-07-06 00:56:25
FTEK,Capital Goods,Pollution Control Equipment,31.44,1.39,1.626,0.854602,20,0.63,38,-0.01,-0.07,0.04,0.04,-0.05,-0.363636,51,\N,2019-07-06 00:56:54
FCEL,Miscellaneous,Industrial Machinery/Components,4.25,0.8,3.718,0.215191,3,0.29,29,-2.76,-2.4,-2.28,-3.96,-2.06,\N,27,\N,2019-07-06 00:57:09
FLGT,Health Care,Medical Specialities,109.95,6.272,5.326,1.17752,90,5.01,82,-0.11,-0.06,-0.03,-0.05,-0.1,\N,27,\N,2019-07-06 00:57:25
FORK,Consumer Non-Durables,Plastic Products,33.96,2.11,2.638,0.799781,15,0.25,28,0.02,0.09,0.1,0.13,0.09,0.636364,91,\N,2019-07-06 00:57:39
FLL,Consumer Services,Hotels/Resorts,50.41,1.75,2.16,0.810157,16,0.28,29,-0.2,-0.02,0.04,-0.07,-0.06,0.583333,90,\N,2019-07-06 00:57:53
FULT,Finance,Major Banks,2650,16.57,16.374,1.01195,51,3.5,73,0.28,0.2,0.37,0.33,0.33,0.294118,82,\N,2019-07-06 00:58:07
FNKO,Consumer Non-Durables,Recreational Products/Toys,1150,21.72,19.75,1.09976,78,1.53,54,0.04,0.01,0.08,0.23,0.08,0.181818,77,\N,2019-07-06 00:58:21
FHL,Finance,Investment Bankers/Brokers/Service,1100,10.79,9.585,1.12571,83,\N,16,\N,\N,\N,\N,\N,\N,27,could not convert string to float: N/A,\N
FTFT,Consumer Non-Durables,Packaged Foods,38.77,1.22,1.036,1.17722,90,20.08,96,-1.9,-18.07,-0.42,-0.23,-0.94,\N,27,\N,2019-07-06 00:58:36
FFHL,Capital Goods,Specialty Chemicals,6.18,2,2.288,0.87412,22,\N,16,\N,\N,\N,\N,\N,\N,27,could not convert string to float: N/A,\N
FVCB,Finance,Major Banks,260.37,19.13,17.494,1.0935,76,6.28,86,0.25,0.26,0.27,0.1,0.27,0.117647,74,\N,2019-07-06 00:58:50
WILC,Consumer Non-Durables,Food Distributors,130.42,10.22,8.544,1.19622,91,\N,16,\N,\N,\N,\N,\N,\N,27,could not convert string to float: N/A,\N
GTHX,Health Care,Major Pharmaceuticals,1030,27.89,20.302,1.37374,98,\N,16,\N,\N,\N,\N,\N,\N,27,could not convert string to float: N/A,\N
GAIA,Consumer Services,Movies/Entertainment,136.22,7.35,9.47,0.776173,14,2.79,67,-0.39,-0.35,-0.58,-0.62,-0.38,\N,27,\N,2019-07-06 00:59:06
GLPG,Health Care,Major Pharmaceuticals,6920,134.99,110.158,1.22543,93,\N,16,\N,\N,\N,\N,\N,\N,27,could not convert string to float: N/A,\N
GALT,Health Care,Major Pharmaceuticals,219.5,3.96,4.523,0.875456,23,\N,16,\N,\N,\N,\N,\N,\N,27,could not convert string to float: N/A,\N
GLMD,Health Care,Major Pharmaceuticals,138.29,6.99,7.584,0.921644,28,83.38,99,-0.17,-0.17,-0.05,-0.18,-0.17,\N,27,\N,2019-07-06 00:59:22
GMDA,Health Care,Biotechnology: Biological Products (No Diagnostic ,125.2,4.9,9.806,0.499685,5,\N,16,\N,\N,\N,\N,\N,\N,27,could not convert string to float: N/A,\N
GLPI,Consumer Services,Real Estate Investment Trusts,8380,39.88,37.945,1.05101,65,7.69,89,0.45,0.43,0.49,0.21,0.43,-0.0714286,62,\N,2019-07-06 00:59:37
GRMN,Capital Goods,Industrial Machinery/Components,15220,79.75,78.294,1.0186,54,4.42,80,0.68,1,0.97,1,0.74,0.1875,77,\N,2019-07-06 00:59:51
GLIBA,Public Utilities,Telecommunications Equipment,6100,63.14,54.905,1.14999,87,7.43,89,-1.58,-2.82,2.91,-6.64,6.41,0.612261,90,\N,2019-07-06 01:00:05
GLIBP,Public Utilities,Telecommunications Equipment,931.33,25.4,25.034,1.01464,53,\N,16,\N,\N,\N,\N,\N,\N,27,could not convert string to float: ,\N
GDS,Technology,Computer Software: Programming\, Data Processing,4140,38.69,33.296,1.16201,88,\N,16,\N,\N,\N,\N,\N,\N,27,could not convert string to float: N/A,\N
GEMP,Health Care,Major Pharmaceuticals,17.19,0.76,1.093,0.695567,10,\N,16,\N,\N,\N,\N,\N,\N,27,could not convert string to float: N/A,\N
GENC,Capital Goods,Construction/Ag Equipment/Trucks,180.31,13.21,12.609,1.04769,64,2.07,60,0.26,0.18,0.25,0.02,0.51,0.510204,88,\N,2019-07-06 01:00:35
GFN,Technology,Diversified Commercial Services,249.71,8.14,9.305,0.874759,22,0.66,39,-0.06,-0.44,-0.01,-0.17,-0.04,\N,27,\N,2019-07-06 01:01:04
GFNCP,Technology,Diversified Commercial Services,41.24,102.5,101.937,1.00552,49,\N,16,\N,\N,\N,\N,\N,\N,27,could not convert string to float: ,\N
GENE,Health Care,Biotechnology: Biological Products (No Diagnostic ,11.06,0.65,0.789,0.823899,17,\N,16,\N,\N,\N,\N,\N,\N,27,could not convert string to float: N/A,\N
GNFT,Health Care,Biotechnology: Biological Products (No Diagnostic ,774.11,19.34,25.947,0.745356,12,\N,16,\N,\N,\N,\N,\N,\N,27,could not convert string to float: N/A,\N
GNUS,Consumer Services,Movies/Entertainment,16.17,1.44,2.001,0.719635,11,7.38,89,-0.18,-0.26,-0.24,-0.41,-0.54,\N,27,\N,2019-07-06 01:01:35
GNMK,Health Care,Medical/Dental Instruments,358.14,6.49,6.762,0.95981,36,5.09,83,-0.21,-0.3,-0.2,-0.21,-0.21,\N,27,\N,2019-07-06 01:01:48
GNCA,Health Care,Biotechnology: Biological Products (No Diagnostic ,49.32,3.83,4.989,0.767629,13,\N,16,\N,\N,\N,\N,\N,\N,27,could not convert string to float: N/A,\N
GHDX,Health Care,Medical Specialities,2000,58.39,66.29,0.880832,23,5.28,83,-0.11,0.23,0.32,0.23,0.34,1,100,\N,2019-07-06 01:02:04
GNPX,Health Care,Major Pharmaceuticals,18.72,1.18,1.575,0.749155,12,\N,16,\N,\N,\N,\N,\N,\N,27,could not convert string to float: N/A,\N
GNTX,Capital Goods,Auto Parts:O.E.M.,6220,24.38,21.831,1.11677,81,3.39,72,0.4,0.4,0.42,0.41,0.4,0,67,\N,2019-07-06 01:02:19
THRM,Capital Goods,Auto Parts:O.E.M.,1360,40.63,40.475,1.00383,48,1.33,51,0.35,0.45,-0.01,0.36,0.25,-0.217391,56,\N,2019-07-06 01:02:33
GEOS,Capital Goods,Industrial Machinery/Components,176.4,15.46,14.14,1.09338,76,2.45,64,-0.36,-0.36,-0.02,-0.44,0.05,\N,27,\N,2019-07-06 01:02:47
GABC,Finance,Major Banks,728.27,30.68,29.768,1.03063,59,5.15,83,0.51,0.48,0.55,0.44,0.6,0.5625,89,\N,2019-07-06 01:03:01
GERN,Health Care,Major Pharmaceuticals,272.31,1.4,1.496,0.935523,31,319.77,100,-0.04,-0.04,-0.03,-0.04,-0.05,\N,27,\N,2019-07-06 01:03:16
GEVO,Basic Industries,Major Chemicals,22.58,2.27,2.268,1.00081,47,0.87,43,-2.2,-7.19,-0.85,-0.83,-0.6,\N,27,\N,2019-07-06 01:03:30
ROCK,Capital Goods,Steel/Iron Ore,1250,40.16,38.48,1.04366,63,1.27,50,0.26,0.7,0.6,0.4,0.19,-0.137255,59,\N,2019-07-06 01:03:44
GIGM,Technology,Computer Software: Programming\, Data Processing,27.63,2.52,2.647,0.952123,35,4.44,80,-0.08,-0.07,-0.1,-0.05,-0.05,\N,27,\N,2019-07-06 01:03:58
GIII,Consumer Non-Durables,Apparel,1320,28.97,34.115,0.849178,20,0.46,34,0.2,0.2,1.86,0.48,0.24,0.0240964,68,\N,2019-07-06 01:04:12
GILT,Technology,Radio And Television Broadcasting And Communicatio,458.57,8.23,8.767,0.938745,32,1.76,57,0.04,0.04,0.16,0.09,0.05,0.0833333,72,\N,2019-07-06 01:04:27
GILD,Health Care,Biotechnology: Biological Products (No Diagnostic ,87300,68.53,66.11,1.03661,60,3.9,76,1.17,1.39,1.6,0,1.54,0.23125,79,\N,2019-07-06 01:04:40
GBCI,Finance,Major Banks,3400,41.14,41.419,0.993271,45,6.3,86,0.48,0.52,0.58,0.59,0.58,0.909091,96,\N,2019-07-06 01:04:55
GLAD,Consumer Non-Durables,Textiles,268.86,9.44,9.033,1.04501,63,5.76,85,0.35,0.45,-0.38,-0.13,0.33,-0.0240964,65,\N,2019-07-06 01:05:09
GLADN,Consumer Non-Durables,Textiles,52.81,25.649,25.327,1.01272,52,\N,16,\N,\N,\N,\N,\N,\N,26,could not convert string to float: ,\N
GOOD,Consumer Services,Real Estate,656.1,21.66,20.681,1.04735,64,6.15,86,0.06,-0.01,-0.01,-0.02,0.06,2.22045e-16,67,\N,2019-07-06 01:05:38
GOODM,Consumer Services,Real Estate,89.86,25.441,25.285,1.00616,49,\N,16,\N,\N,\N,\N,\N,\N,26,could not convert string to float: ,\N
GOODO,Consumer Services,Real Estate,31.31,27,26.469,1.02007,55,\N,15,\N,\N,\N,\N,\N,\N,26,could not convert string to float: ,\N
GOODP,Consumer Services,Real Estate,26.64,26.7,26.321,1.01439,52,\N,15,\N,\N,\N,\N,\N,\N,26,could not convert string to float: ,\N
LAND,Consumer Services,Real Estate Investment Trusts,211.27,11.63,12.173,0.95538,36,6.11,86,-0.02,-0.11,0.35,-0.08,-0.03,-0.0217391,65,\N,2019-07-06 01:06:50
LANDP,Consumer Services,Real Estate Investment Trusts,29.88,25.94,25.719,1.00859,50,\N,15,\N,\N,\N,\N,\N,\N,26,could not convert string to float: ,\N
GLBZ,Finance,Major Banks,32.16,10.52,10.908,0.964462,38,2.23,62,0.09,0.17,0.19,0.11,0.05,-0.285714,53,\N,2019-07-06 01:07:22
GBT,Health Care,Major Pharmaceuticals,3520,54.91,53.121,1.03368,60,\N,15,\N,\N,\N,\N,\N,\N,26,could not convert string to float: N/A,\N
ENT,Consumer Services,Telecommunications Equipment,58.66,0.65,1.475,0.440735,4,0.09,23,-0.42,-0.5,-0.47,-1.19,-0.41,\N,26,\N,2019-07-06 01:07:36
GBLI,Finance,Property-Casualty Insurers,405.89,31.08,32.543,0.955031,36,0.85,43,0.4,0.5,0.26,-5.2,1.37,0.147641,75,\N,2019-07-06 01:07:50
SELF,Consumer Services,Real Estate Investment Trusts,29.23,3.87,3.873,0.999212,47,3.62,74,0.01,0.05,0.01,0.01,0.02,0.25,80,\N,2019-07-06 01:08:03
GWRS,Public Utilities,Water Supply,218.36,10.25,9.754,1.05089,65,6.16,86,0.02,0.11,0.03,0,0.03,0.0909091,72,\N,2019-07-06 01:08:17
GLBS,Transportation,Marine Transportation,9.42,2.33,3.256,0.715696,11,0.6,37,-0.5,-0.3,0.08,-0.42,-0.15,0.603448,90,\N,2019-07-06 01:08:31
GLUU,Technology,EDP Services,1030,7.16,9.201,0.778209,14,2.75,66,-0.05,-0.03,0,-0.01,0,1,100,\N,2019-07-06 01:08:45
GLYC,Health Care,Major Pharmaceuticals,491.83,11.97,11.653,1.02724,57,\N,15,\N,\N,\N,\N,\N,\N,26,could not convert string to float: N/A,\N
GOGO,Consumer Services,Telecommunications Equipment,345.05,4.27,4.474,0.954507,35,0.44,33,-0.34,-0.47,-0.47,-0.74,-0.21,\N,26,\N,2019-07-06 01:09:01
GLNG,Consumer Services,Marine Transportation,1710,18.12,20.467,0.885337,24,3.84,75,-0.21,0.36,0.66,-3.09,-0.41,-0.0533333,63,\N,2019-07-06 01:09:14
GMLP,Consumer Services,Marine Transportation,780.52,11.55,12.417,0.93018,30,2.39,63,0.16,0.35,0.64,-0.27,-0.22,-0.417582,50,\N,2019-07-06 01:09:28
GMLPP,Consumer Services,Marine Transportation,137.06,25.04,24.787,1.01021,51,\N,15,\N,\N,\N,\N,\N,\N,26,could not convert string to float: N/A,\N
DNJR,Finance,Finance: Consumer Services,49.59,3.23,7.394,0.436843,4,\N,15,\N,\N,\N,\N,\N,\N,26,list index out of range,\N
GDEN,Consumer Services,Services-Misc. Amusement & Recreation,373.8,14.49,15.939,0.909082,27,0.46,34,0.13,0.12,-0.11,-0.9,-0.29,-0.407767,50,\N,2019-07-06 01:09:57
GOGL,Consumer Services,Marine Transportation,753.78,6.37,5.394,1.18095,90,1.4,52,0.12,0.06,0.24,0.16,-0.05,-0.586207,46,\N,2019-07-06 01:10:11
GTIM,Consumer Services,Restaurants,23.17,1.87,2.323,0.805001,16,0.22,27,-0.03,0.02,-0.03,-0.08,-0.04,-0.1,61,\N,2019-07-06 01:10:25
GSHD,Finance,Specialty Insurers,1600,49.14,32.191,1.52653,99,26.14,97,0.1,-0.68,0.02,0.01,0.16,0.0714286,71,\N,2019-07-06 01:10:39
GPRO,Miscellaneous,Industrial Machinery/Components,871.79,5.55,5.927,0.936462,31,0.71,40,-0.55,-0.27,-0.19,0.22,-0.17,0.493506,87,\N,2019-07-06 01:10:53
GPAQ,Finance,Business Services,194.06,10.33,10.219,1.01087,51,\N,15,\N,\N,\N,\N,\N,\N,26,could not convert string to float: N/A,\N
GRSH,Finance,Business Services,502,10.04,9.896,1.01457,53,\N,15,\N,\N,\N,\N,\N,\N,26,could not convert string to float: N/A,\N
GMHI,Finance,Business Services,505,10.1,0,0,2,\N,15,\N,\N,\N,\N,\N,\N,26,could not convert string to float: N/A,\N
GMHIW,Finance,Business Services,9,1.3,0,0,2,\N,15,\N,\N,\N,\N,\N,\N,26,could not convert string to float: N/A,\N
GOSS,Health Care,Major Pharmaceuticals,1460,20.92,0,0,2,\N,15,\N,\N,\N,\N,\N,\N,26,could not convert string to float: N/A,\N
LOPE,Consumer Services,Other Consumer Services,5700,118.1,111.197,1.06208,68,7.43,89,1.52,0.95,0.7,1.56,1.52,0,67,\N,2019-07-06 01:11:28
GRVY,Miscellaneous,Business Services,312.7,44,58.381,0.75367,12,\N,15,\N,\N,\N,\N,\N,\N,26,could not convert string to float: N/A,\N
GEC,Technology,Computer Software: Prepackaged Software,107.68,4.27,3.816,1.11905,82,2.83,67,-0.18,-0.1,-0.08,-0.17,0.17,\N,26,\N,2019-07-06 01:11:43
GLDD,Basic Industries,Military/Government/Technical,682.47,11.28,9.083,1.24182,94,1.04,47,-0.15,-0.02,0.18,-0.12,0.27,1,100,\N,2019-07-06 01:11:58
GSBC,Finance,Major Banks,830.55,60.92,54.962,1.1084,79,4.43,80,0.86,0.95,0.97,1.57,1.21,0.492958,87,\N,2019-07-06 01:12:13
GRBK,Capital Goods,Homebuilding,427.7,9.12,8.777,1.03905,61,0.7,39,0.22,0.29,0.24,0.26,0.25,0.428571,86,\N,2019-07-06 01:12:26
GPP,Basic Industries,Major Chemicals,317.45,14.05,15.045,0.933874,31,3.39,72,0.41,0.42,0.44,0.51,0.43,0.2,78,\N,2019-07-06 01:12:40
GPRE,Basic Industries,Major Chemicals,405.54,10.51,14.746,0.712716,10,0.12,24,-0.6,-0.02,-0.31,1.13,-1.06,-0.210046,56,\N,2019-07-06 01:12:54
GCBC,Finance,Banks,248.45,28.8,30.492,0.944501,33,5.37,84,0.43,0.42,0.51,0.54,0.51,0.666667,92,\N,2019-07-06 01:13:09
GLAC,Finance,Business Services,58.88,10.19,10.077,1.0112,51,\N,15,\N,\N,\N,\N,\N,\N,26,could not convert string to float: N/A,\N
GNLN,Capital Goods,Recreational Products/Toys,404.47,8.32,0,0,2,\N,15,\N,\N,\N,\N,\N,\N,26,could not convert string to float: ,\N
GLRE,Finance,Property-Casualty Insurers,307.69,8.52,10.379,0.820912,17,0.88,43,-3.85,-1.01,-2.48,-2.25,0.16,\N,26,\N,2019-07-06 01:13:37
GRNQ,Technology,EDP Services,61.6,1.13,2.558,0.441676,4,15.72,95,0,-0.01,0,-0.14,-0.01,-0.0714286,62,\N,2019-07-06 01:13:51
GSKY,Miscellaneous,Business Services,2200,11.34,12.166,0.93208,30,4.76,81,0.08,0.09,0.2,0.11,0.05,-0.2,56,\N,2019-07-06 01:14:06
GSUM,Technology,Computer Software: Prepackaged Software,90.5,2.86,3.071,0.931378,30,\N,15,\N,\N,\N,\N,\N,\N,26,could not convert string to float: N/A,\N
GRIF,Finance,Real Estate,186.55,38.69,35.361,1.09414,76,5.3,83,-0.34,0.07,-0.02,-0.03,-0.12,0.536585,89,\N,2019-07-06 01:14:21
GRFS,Health Care,Major Pharmaceuticals,13760,21.67,19.134,1.13253,84,\N,15,\N,\N,\N,\N,\N,\N,26,could not convert string to float: N/A,\N
GRIN,Transportation,Marine Transportation,89.6,4.91,5.487,0.894829,25,\N,15,\N,\N,\N,\N,\N,\N,26,list index out of range,\N
GRTS,Health Care,Biotechnology: Biological Products (No Diagnostic ,350.76,11.48,12.425,0.923912,29,\N,15,\N,\N,\N,\N,\N,\N,26,,\N
GRPN,Technology,Advertising,1940,3.58,3.519,1.01724,54,0.77,41,-0.01,-0.17,0.08,0.08,-0.07,-0.24,55,\N,2019-07-06 01:15:05
OMAB,Transportation,Aerospace,2510,50.15,46.913,1.06901,70,\N,15,\N,\N,\N,\N,\N,\N,26,could not convert string to float: N/A,\N
GGAL,Finance,Commercial Banks,4960,36.4,29.206,1.24633,94,\N,15,\N,\N,\N,\N,\N,\N,26,could not convert string to float: N/A,\N
GVP,Technology,Computer Software: Prepackaged Software,44.39,2.2,2.641,0.833141,18,0.48,34,-0.08,0.05,-0.03,0.03,-0.21,-0.5,48,\N,2019-07-06 01:15:38
GSIT,Technology,Semiconductors,193.44,8.68,7.821,1.10978,80,3.86,76,0.01,-0.08,-0.02,0.1,0,-0.0555556,63,\N,2019-07-06 01:15:53
GTYH,Technology,EDP Services,351.53,6.51,9.055,0.718926,11,\N,15,\N,\N,\N,\N,\N,\N,26,,\N
GNTY,Finance,Major Banks,359.11,31.01,29.586,1.04813,64,4.24,78,0.39,0.41,0.42,0.55,0.45,0.375,84,\N,2019-07-06 01:16:21
GFED,Finance,Major Banks,102.89,23.19,22.79,1.01755,54,2.52,64,0.3,-0.08,0.88,0.54,0.47,0.177083,77,\N,2019-07-06 01:16:35
GH,Health Care,Medical Specialities,7550,86,66.031,1.30242,96,\N,15,\N,\N,\N,\N,\N,\N,26,,\N
GHSI,Health Care,Major Pharmaceuticals,29.69,1.23,0,0,2,\N,15,\N,\N,\N,\N,\N,\N,26,,\N
GIFI,Capital Goods,Metal Fabrications,111.84,6.88,8.666,0.793883,15,0.45,33,-0.35,0.04,-0.73,-0.31,-0.2,0.194805,77,\N,2019-07-06 01:17:18
GURE,Basic Industries,Major Chemicals,44.34,0.96,1.098,0.874001,22,116.62,99,-0.15,-0.1,-0.42,-0.82,-0.1,\N,26,\N,2019-07-06 01:17:32
GPOR,Energy,Oil & Gas Production,744.01,4.63,7.071,0.654767,8,0.52,35,0.5,0.64,0.55,0.78,0.38,-0.3,53,\N,2019-07-06 01:17:47
GWPH,Health Care,Major Pharmaceuticals,5280,172,159.94,1.0754,72,83.26,99,-3.11,-1.26,-2.76,-2.4,-1.68,\N,26,\N,2019-07-06 01:18:01
GWGH,Finance,Life Insurance,257.21,7.47,10.69,0.698762,10,\N,15,\N,\N,\N,\N,\N,\N,26,could not convert string to float: N/A,\N
GYRO,Consumer Services,Building operators,28.32,18.44,18.736,0.98418,42,9.99,92,-0.44,-0.11,1.55,-0.44,-0.55,-0.052381,63,\N,2019-07-06 01:18:17
HLG,Consumer Services,Other Consumer Services,1570,59.05,45.763,1.29034,96,\N,15,\N,\N,\N,\N,\N,\N,26,could not convert string to float: N/A,\N
HNRG,Energy,Coal Mining,161.81,5.76,5.403,1.066,69,0.56,36,0.07,0,0.09,0.09,0.23,0.695652,92,\N,2019-07-06 01:18:32
HALL,Finance,Property-Casualty Insurers,260.97,14.72,11.191,1.31538,97,0.66,38,0.04,0.28,0.53,-0.28,0.83,0.711712,92,\N,2019-07-06 01:18:46
HALO,Health Care,Biotechnology: Biological Products (No Diagnostic ,2370,17.33,16.17,1.07177,71,13.92,95,-0.19,-0.16,-0.19,-0.01,0.01,\N,26,\N,2019-07-06 01:19:01
HLNE,Finance,Investment Managers,2820,59.49,45.971,1.29409,96,11.74,93,0.72,0.39,0.49,0.22,0.32,-0.8,42,\N,2019-07-06 01:19:16
HJLI,Health Care,Medical/Dental Instruments,13.52,0.97,1.704,0.56932,6,70.74,99,-0.44,-1.06,-0.13,-0.05,-0.13,\N,26,\N,2019-07-06 01:19:30
HWC,Finance,Major Banks,3310,39.87,40.898,0.974869,40,3.08,69,0.83,0.82,0.96,1.1,0.91,0.285714,81,\N,2019-07-06 01:19:45
HAFC,Finance,Major Banks,657.84,22.53,21.914,1.02813,58,3.46,72,0.46,0.48,0.5,0.37,0.48,0.153846,75,\N,2019-07-06 01:19:58
HONE,Finance,Major Banks,594.55,19.06,17.186,1.10907,80,4.48,80,0.07,0.1,0.19,0,0.07,2.22045e-16,67,\N,2019-07-06 01:20:13
HLIT,Technology,Radio And Television Broadcasting And Communicatio,497.25,5.88,5.417,1.08539,75,1.3,51,-0.16,-0.03,-0.09,0.04,-0.13,0.15,75,\N,2019-07-06 01:20:27
HARP,Health Care,Biotechnology: Biological Products (No Diagnostic ,303.37,13.7,0,0,1,\N,15,\N,\N,\N,\N,\N,\N,26,,\N
HROW,Health Care,Major Pharmaceuticals,195.77,7.91,5.829,1.35697,98,4.36,79,-0.17,0.11,-0.12,0.77,0.43,0.638298,91,\N,2019-07-06 01:20:55
HBIO,Capital Goods,Biotechnology: Laboratory Analytical Instruments,75,1.9,3.228,0.588625,6,0.59,37,-0.11,-0.04,-0.01,0.06,-0.06,0.294118,82,\N,2019-07-06 01:21:26
HAS,Consumer Non-Durables,Recreational Products/Toys,13230,106.92,93.036,1.14924,87,2.88,68,-0.9,0.48,2.06,0.07,0.21,0.375,84,\N,2019-07-06 01:21:41
HA,Transportation,Air Freight/Delivery Services,1240,28,28.023,0.999194,47,0.48,34,0.56,1.56,1.84,0.64,0.75,0.148438,75,\N,2019-07-06 01:21:56
HWKN,Consumer Durables,Specialty Chemicals,426.89,42.29,39.683,1.0657,69,0.81,42,-3.51,0.85,0.69,0.39,0.35,0.885321,96,\N,2019-07-06 01:22:10
HWBK,Finance,Major Banks,165.07,27,24.2,1.11572,81,3.17,70,0.33,0.46,0.49,0.42,0.74,1,100,\N,2019-07-06 01:22:25
HAYN,Capital Goods,Steel/Iron Ore,387.35,31.6,32.105,0.984258,42,0.84,42,-0.17,0.06,0.17,-0.13,0.12,0.852941,95,\N,2019-07-06 01:22:39
HDS,Consumer Services,Office Equipment/Supplies/Services,6760,39.95,42.115,0.948604,34,1.1,48,0.48,0.71,0.45,0.52,0.63,0.576923,90,\N,2019-07-06 01:22:53
HHR,Technology,Professional Services,795.5,17.1,0,0,1,\N,15,\N,\N,\N,\N,\N,\N,26,could not convert string to float: N/A,\N
HIIQ,Finance,Specialty Insurers,340.29,26.17,29.993,0.872546,22,0.99,46,0.33,0.22,0.22,0.4,0.11,-0.758621,43,\N,2019-07-06 01:23:08
HCSG,Health Care,Hospital/Nursing Management,2200,30.22,35.569,0.849623,20,1.13,48,0,0.35,0.35,0.42,0.12,0.285714,81,\N,2019-07-06 01:23:22
HQY,Miscellaneous,Business Services,4060,64.65,69.495,0.930277,30,13.28,94,0.36,0.36,0.25,0.21,0.65,0.659091,91,\N,2019-07-06 01:23:36
HSTM,Technology,Computer Software: Programming\, Data Processing,824.93,26.03,26.213,0.993011,45,3.48,72,0.74,0.08,0.09,0.09,0.18,-0.848485,41,\N,2019-07-06 01:23:50
HTLD,Transportation,Trucking Freight/Courier Services,1440,18.31,19.412,0.943232,33,2.53,65,0.16,0.22,0.23,0.27,0.21,0.454545,87,\N,2019-07-06 01:24:04
HTLF,Finance,Major Banks,1580,45,45.23,0.994922,45,3.2,70,0.76,0.85,0.97,0.93,0.91,0.714286,93,\N,2019-07-06 01:24:19
HTBX,Health Care,Major Pharmaceuticals,24.2,0.69,1.113,0.619874,7,4.12,77,-0.75,-0.27,-0.16,-0.15,-0.17,\N,26,\N,2019-07-06 01:24:33
HEBT,Capital Goods,Metal Fabrications,24.08,1.63,0.955,1.70637,100,\N,15,\N,\N,\N,\N,\N,\N,26,list index out of range,\N
HSII,Technology,Diversified Commercial Services,574.88,29.3,35.276,0.830599,18,0.77,41,0.53,0.59,0.85,0.56,0.62,0.28125,81,\N,2019-07-06 01:25:02
HELE,Consumer Durables,Home Furnishings,3320,132.2,123.705,1.06868,70,2.12,61,2.22,1.42,1.66,1.88,1.46,-0.95,40,\N,2019-07-06 01:25:17
HLIO,Capital Goods,Metal Fabrications,1400,45.67,43.233,1.05637,67,2.62,65,0.4,0.22,0.36,0.51,0.51,0.37931,84,\N,2019-07-06 01:25:32
HSDT,Health Care,Biotechnology: Electromedical & Electrotherapeutic,59.38,2.17,5.15,0.421365,4,48.98,98,-0.08,-0.78,-0.19,-0.22,-0.06,\N,26,\N,2019-07-06 01:25:46
HMTV,Consumer Services,Television Services,487.43,13.14,13.62,0.964758,38,3.38,72,-0.19,-0.13,-0.03,0.07,-0.04,0.576923,90,\N,2019-07-06 01:26:02
HNNA,Finance,Investment Managers,72.05,9.65,9.987,0.966254,38,1.48,54,0.58,0.53,0.46,0.39,0.37,-1,39,\N,2019-07-06 01:26:16
HCAC,Finance,Business Services,298.65,9.9,0,0,1,\N,15,\N,\N,\N,\N,\N,\N,26,could not convert string to float: N/A,\N
HSIC,Health Care,Medical Specialities,10330,69.16,63.4,1.09085,76,0.78,41,0.91,0.92,0.79,0.87,0.73,-0.947368,40,\N,2019-07-06 01:26:32
HTBK,Finance,Major Banks,521.86,12.29,12.629,0.973121,39,4.09,77,0.23,0.02,0.28,0.3,0.28,0.178571,77,\N,2019-07-06 01:26:46
HFWA,Finance,Banks,1080,30.11,30.648,0.982438,42,4.99,82,0.27,0.35,0.42,0.45,0.45,1,100,\N,2019-07-06 01:27:16
HCCI,Basic Industries,Miscellaneous,593.86,26.33,26.003,1.01256,52,1.44,53,-0.01,0.26,0.27,0.11,-0.11,-0.263158,54,\N,2019-07-06 01:27:31
MLHR,Consumer Durables,Office Equipment/Supplies/Services,2180,44.69,36.479,1.2251,93,1.04,47,0.49,0.53,0.6,0.66,0.66,1,100,\N,2019-07-06 01:27:45
HRTX,Health Care,Major Pharmaceuticals,1440,18.33,22.921,0.799712,15,14.28,95,-0.81,-0.54,-0.49,-0.63,-0.8,\N,26,\N,2019-07-06 01:27:59
HSKA,Health Care,Biotechnology: Biological Products (No Diagnostic ,636.17,81.18,84.019,0.966207,38,5.07,83,0.28,0.24,-0.23,0.44,0.1,-0.268657,54,\N,2019-07-06 01:28:13
HX,Finance,Finance: Consumer Services,106.77,2.47,2.816,0.877002,23,1.98,59,0.52,0.32,0.56,-0.36,-0.2,-0.782609,42,\N,2019-07-06 01:28:28
HFFG,Consumer Non-Durables,Food Distributors,560.17,19.78,14.9,1.32749,97,\N,15,\N,\N,\N,\N,\N,\N,26,,\N
HIBB,Consumer Services,Other Specialty Stores,352.62,18.75,19.197,0.976695,40,0.32,30,0.51,1.12,-0.06,0.08,0.36,-0.127119,59,\N,2019-07-06 01:28:57
HPJ,Miscellaneous,Industrial Machinery/Components,47.02,4.5,3.166,1.42127,98,0.23,27,-0.07,0.17,0.39,0.35,0.02,0.195652,78,\N,2019-07-06 01:29:12
HIHO,Capital Goods,Metal Fabrications,10.23,2.72,2.995,0.908331,26,0.72,40,0.2,0.02,-0.06,-0.08,-0.05,-0.892857,41,\N,2019-07-06 01:29:26
HIMX,Technology,Semiconductors,573.24,3.52,3.501,1.00556,49,0.84,42,-0.02,0.01,0.01,0.05,-0.01,0.142857,75,\N,2019-07-06 01:29:40
HSGX,Health Care,Industrial Specialties,18.54,0.2,0.165,1.21162,92,\N,15,\N,\N,\N,\N,\N,\N,26,could not convert string to float: N/A,\N
HCCH,Finance,Business Services,69.63,10.11,9.962,1.01484,53,\N,15,\N,\N,\N,\N,\N,\N,26,could not convert string to float: N/A,\N
HMNF,Finance,Savings Institutions,100.51,21,21.064,0.996945,46,2.77,67,0.29,0.36,0.59,0.51,0.35,0.2,78,\N,2019-07-06 01:29:57
HMSY,Miscellaneous,Business Services,2740,33.96,30.76,1.10402,79,4.89,82,0.07,-0.04,0.22,0.38,0.22,0.357143,84,\N,2019-07-06 01:30:11
HOLI,Energy,Industrial Machinery/Components,1110,18.95,19.885,0.95296,35,2.06,60,0.36,0.45,0.46,0.72,0.46,0.277778,81,\N,2019-07-06 01:30:25
HOLX,Health Care,Medical Electronics,12950,47.96,45.637,1.05091,65,3.94,76,-2.46,0.41,0.18,0.36,-1.01,0.505226,88,\N,2019-07-06 01:30:40
HBCP,Finance,Banks,340.86,37.81,35.845,1.05482,66,3.55,73,0.81,0.84,0.89,0.87,0.85,0.5,88,\N,2019-07-06 01:30:55
HOMB,Finance,Major Banks,3150,19.69,18.565,1.06059,68,4.99,82,0.42,0.44,0.46,0.41,0.42,0,67,\N,2019-07-06 01:31:09
HFBL,Finance,Savings Institutions,61.97,32.62,32.206,1.01284,52,3.52,73,0.54,0.61,0.63,0.62,0.63,1,100,\N,2019-07-06 01:31:23
HMST,Finance,Major Banks,783.69,30.29,27.318,1.10878,80,1.86,58,0.22,0.26,0.44,0.56,-0.06,-0.451613,49,\N,2019-07-06 01:31:36
HTBI,Finance,Savings Institutions,447,25.31,25.889,0.977629,40,3.78,75,0.32,0.38,0.41,0.43,0.18,-0.56,47,\N,2019-07-06 01:31:52
FIXX,Health Care,Major Pharmaceuticals,838.28,18.22,23.131,0.787672,14,284.69,100,-4.21,-0.35,-0.4,-0.52,-0.64,\N,26,\N,2019-07-06 01:32:07
HOFT,Consumer Durables,Home Furnishings,232.56,21.32,27.869,0.76502,13,0.37,31,0.61,0.74,0.79,1.24,0.17,-0.411215,50,\N,2019-07-06 01:32:21
HOOK,Health Care,Major Pharmaceuticals,162.61,6.72,0,0,1,\N,15,\N,\N,\N,\N,\N,\N,26,could not convert string to float: ,\N
HOPE,Finance,Major Banks,1660,14.02,13.749,1.01972,55,3.39,72,0.38,0.36,0.36,0.35,0.34,-1,39,\N,2019-07-06 01:33:10
HFBC,Finance,Major Banks,129.39,19.53,19.233,1.01543,53,3.65,74,0.18,0.28,0.2,0.26,0.1,-0.444444,49,\N,2019-07-06 01:33:25
HBNC,Finance,Major Banks,715.89,16.49,16.432,1.00353,48,4.44,80,0.33,0.37,0.34,0.34,0.28,-0.555556,47,\N,2019-07-06 01:33:40
HZNP,Health Care,Major Pharmaceuticals,4420,24.35,24.435,0.996532,46,3.56,73,-0.96,-0.2,0.15,0.5,-0.19,0.527397,88,\N,2019-07-06 01:33:55
HPT,Consumer Services,Real Estate Investment Trusts,4010,25.26,25.938,0.973863,39,1.81,58,0.49,0.59,0.71,-0.66,1.37,0.433498,86,\N,2019-07-06 01:34:10
TWNK,Consumer Non-Durables,Packaged Foods,1880,14.7,12.571,1.16935,89,2.22,62,0.23,0.18,0.08,0.12,0.21,-0.133333,59,\N,2019-07-06 01:34:24
HOTH,Health Care,Major Pharmaceuticals,54.36,5.3,0,0,1,\N,15,\N,\N,\N,\N,\N,\N,26,could not convert string to float: N/A,\N
HMHC,Consumer Services,Books,651.58,5.65,7.747,0.729284,11,0.53,35,-0.82,-0.19,0.7,-0.45,-0.95,-0.0787879,62,\N,2019-07-06 01:34:39
HWCC,Consumer Non-Durables,Telecommunications Equipment,87.13,5.46,5.792,0.942744,33,0.25,28,0.12,0.16,0.15,0.1,0.14,0.333333,83,\N,2019-07-06 01:34:53
HOVNP,Capital Goods,Homebuilding,14.9,3.01,2.939,1.02431,57,\N,15,\N,\N,\N,\N,\N,\N,25,could not convert string to float: N/A,\N
HBMD,Finance,Major Banks,269.14,15.2,14.167,1.07295,71,3.49,73,-0.43,-0.12,0.21,0.01,0.22,1,100,\N,2019-07-06 01:35:08
HTGM,Capital Goods,Biotechnology: Laboratory Analytical Instruments,48.69,1.52,2.35,0.646872,8,2.12,61,-0.22,-0.14,-0.17,-0.07,-0.19,\N,25,\N,2019-07-06 01:35:23
HTHT,Consumer Services,Hotels/Resorts,10010,35.66,35.689,0.999198,47,\N,15,\N,\N,\N,\N,\N,\N,25,could not convert string to float: N/A,\N
HUBG,Transportation,Oil Refining/Marketing,1370,41.24,42.151,0.978393,41,0.38,31,0.48,0.66,3.41,1.46,0.71,0.0784983,72,\N,2019-07-06 01:35:39
HSON,Technology,Professional Services,37.03,12.45,14.519,0.85747,21,0.55,36,3.3,-0.4,-0.3,-0.2,-0.6,\N,25,\N,2019-07-06 01:35:53
HDSN,Consumer Durables,Industrial Specialties,37.14,0.88,1.467,0.599886,7,0.24,27,-0.07,-0.72,-0.33,-0.19,-0.09,\N,25,\N,2019-07-06 01:36:08
HBAN,Finance,Major Banks,14030,13.92,13.405,1.03838,61,3.31,71,0.28,0.3,0.33,0.29,0.32,0.8,94,\N,2019-07-06 01:36:23
HBANN,Finance,Major Banks,2.62,25.845,26.066,0.991515,44,\N,15,\N,\N,\N,\N,\N,\N,25,could not convert string to float: N/A,\N
HBANO,Finance,Major Banks,21330,26.12,26.048,1.00276,48,\N,15,\N,\N,\N,\N,\N,\N,25,could not convert string to float: ,\N
HURC,Capital Goods,Industrial Machinery/Components,236.24,36.09,38.537,0.936506,31,0.8,41,0.55,0.95,1.22,0.97,0.76,0.313433,83,\N,2019-07-06 01:36:53
HURN,Consumer Services,Professional Services,1170,50.58,49.224,1.02756,58,1.44,53,-0.15,0.25,0.38,0.14,0.15,0.566038,89,\N,2019-07-06 01:37:07
HCM,Health Care,Major Pharmaceuticals,3900,22.57,7.428,3.03869,100,13.95,95,-0.38,0.03,-0.01,-0.16,-0.02,0.878049,96,\N,2019-07-06 01:37:21
HBP,Consumer Services,RETAIL: Building Materials,60.27,2.6,2.615,0.994075,45,0.08,23,-0.02,0.01,0.05,-0.29,-0.13,-0.323529,52,\N,2019-07-06 01:37:36
HVBC,Finance,Major Banks,34.23,14.898,15.614,0.954157,35,3.07,69,0.07,0.11,0.13,0.07,0.03,-0.4,51,\N,2019-07-06 01:37:52
HYGS,Basic Industries,Major Chemicals,266.33,14.88,8.724,1.70559,100,8.33,90,-0.13,-0.31,-0.22,-0.2,-0.15,\N,25,\N,2019-07-06 01:38:06
HYRE,Consumer Services,Rental/Leasing Companies,49.83,3.89,4.724,0.823447,17,4.17,78,-0.17,-0.92,-0.15,-0.23,-0.14,\N,25,\N,2019-07-06 01:38:38
IDSY,Capital Goods,Telecommunications Equipment,102.73,5.69,5.831,0.975807,40,1.99,60,-0.06,-0.07,-0.05,-0.16,-0.12,\N,25,\N,2019-07-06 01:38:53
IIIV,Miscellaneous,Business Services,897.14,29.16,24.167,1.20661,92,\N,15,\N,\N,\N,\N,\N,\N,25,,\N
IAC,Consumer Services,Other Specialty Stores,17910,227.66,214.836,1.05969,68,4.38,79,0.71,2.32,1.49,2.04,0.91,0.124224,74,\N,2019-07-06 01:39:22
IBKC,Finance,Major Banks,4000,76.27,74.887,1.01846,54,3.65,74,1.1,1.3,1.73,2.32,1.75,0.532787,89,\N,2019-07-06 01:39:36
ICAD,Health Care,Medical/Dental Instruments,109.15,6.26,5.273,1.18729,91,4.17,78,-0.2,-0.06,-0.08,-0.2,-0.22,\N,25,\N,2019-07-06 01:39:50
IEP,Capital Goods,Auto Parts:O.E.M.,14010,75.04,70.924,1.05803,67,1.39,52,0.77,1.7,0.68,8.03,-2.02,-0.277612,54,\N,2019-07-06 01:40:04
ICCH,Finance,Property-Casualty Insurers,46.48,13.61,13.918,0.977848,40,0.89,43,0.21,0.01,-0.07,0.21,0.1,-0.392857,51,\N,2019-07-06 01:40:18
ICFI,Consumer Services,Professional Services,1360,78.25,72.676,1.0767,72,1.07,47,0.65,0.71,0.86,0.97,0.8,0.46875,87,\N,2019-07-06 01:40:32
ICHR,Technology,Semiconductors,485.63,24.39,21.835,1.11704,81,0.77,41,0.63,1.07,0.39,0.15,0.07,-0.56,47,\N,2019-07-06 01:40:47
ICLK,Technology,Computer Software: Prepackaged Software,214.86,3.79,4.163,0.910413,27,1.32,51,0,-0.02,-0.2,-0.15,-0.04,\N,25,\N,2019-07-06 01:41:02
ICLR,Health Care,Biotechnology: Commercial Physical & Biological Re,7990,154.31,138.546,1.11378,81,3.14,70,1.42,1.31,1.54,1.62,1.63,0.65625,91,\N,2019-07-06 01:41:16
ICON,Consumer Non-Durables,Shoe Manufacturing,8.32,0.83,1.518,0.546904,6,0.05,22,5.1,-12.6,-0.1,-9.75,-0.01,\N,25,\N,2019-07-06 01:41:30
ICUI,Health Care,Medical/Dental Instruments,5140,251.46,235.905,1.06594,69,3.81,75,0.23,1.44,0.01,-0.36,1.44,0.672222,92,\N,2019-07-06 01:41:45
IPWR,Energy,Industrial Machinery/Components,4.85,0.35,0.383,0.91413,27,\N,15,\N,\N,\N,\N,\N,\N,25,could not convert string to float: N/A,\N
IDEX,Consumer Services,Television Services,192.15,2.37,1.64,1.44512,99,1.18,49,-0.06,-0.12,-0.1,-0.08,0.18,\N,25,\N,2019-07-06 01:42:00
IDYA,Health Care,Major Pharmaceuticals,199.66,8.01,0,0,1,\N,15,\N,\N,\N,\N,\N,\N,25,could not convert string to float: N/A,\N
INVE,Technology,Computer peripheral equipment,79.77,4.96,5.056,0.980933,41,1,46,-0.15,-0.18,-0.02,-0.01,-0.06,\N,25,\N,2019-07-06 01:42:16
IDRA,Health Care,Biotechnology: Biological Products (No Diagnostic ,75.38,2.61,2.814,0.92749,30,179.7,100,-0.8,-0.59,-0.43,-0.45,-0.4,\N,25,\N,2019-07-06 01:42:30
IDXX,Health Care,Biotechnology: In Vitro & In Vivo Diagnostic Subst,23330,278.49,227.4,1.22467,93,10.57,92,1.01,1.23,1.05,0.98,1.17,0.64,91,\N,2019-07-06 01:42:44
IESC,Capital Goods,Engineering & Construction,388.53,18.79,17.871,1.05144,65,0.41,32,0.11,0.4,0.22,0.32,0.26,0.517241,88,\N,2019-07-06 01:42:59
IROQ,Finance,Savings Institutions,75.99,20.72,20.415,1.01497,53,3.56,73,0.27,0.14,0.25,0.22,0.24,-0.230769,55,\N,2019-07-06 01:43:13
IFMK,Consumer Services,Food Chains,16.74,1.28,1.124,1.13906,85,0.19,26,-0.02,-0.13,-0.28,-0.11,-0.27,\N,25,\N,2019-07-06 01:43:27
INFO,Technology,Computer Software: Programming\, Data Processing,23690,64.62,55.051,1.17382,89,6.1,86,0.28,0.26,0.2,0.27,0.37,0.529412,89,\N,2019-07-06 01:43:41
IIVI,Capital Goods,Electronic Components,2200,37.13,36.635,1.01353,52,1.76,57,0.45,0.42,0.4,0.44,0.38,-1,39,\N,2019-07-06 01:43:55
IKNX,Miscellaneous,Industrial Machinery/Components,14.8,7.12,7.992,0.890884,25,0.8,41,-0.07,0.07,-0.01,0.08,-0.23,-0.516129,48,\N,2019-07-06 01:44:25
ILMN,Capital Goods,Biotechnology: Laboratory Analytical Instruments,52640,378.23,313.988,1.2046,92,16.09,95,1.41,1.41,1.33,1.41,1.57,0.666667,92,\N,2019-07-06 01:44:41
IMAC,Health Care,Medical Specialities,31.62,4.292,0,0,1,\N,15,\N,\N,\N,\N,\N,\N,25,,\N
ISNS,Capital Goods,Industrial Machinery/Components,27.86,5.24,5.026,1.04265,63,1.86,58,0,0.1,0.16,0.1,0.06,0.375,84,\N,2019-07-06 01:45:10
IMMR,Technology,Computer peripheral equipment,239.81,7.57,8.762,0.863967,21,7.78,89,2.29,-0.25,-0.15,-0.1,-0.35,\N,25,\N,2019-07-06 01:45:24
ICCC,Health Care,Biotechnology: In Vitro & In Vivo Diagnostic Subst,46.86,6.44,6.741,0.955284,36,3.85,76,-0.04,-0.15,-0.05,-0.19,0.03,\N,25,\N,2019-07-06 01:45:39
IMUX,Health Care,Major Pharmaceuticals,131.82,11.97,10.948,1.09335,76,\N,15,\N,\N,\N,\N,\N,\N,25,could not convert string to float: N/A,\N
IMGN,Health Care,Major Pharmaceuticals,272.15,2.39,3.33,0.717767,11,8.47,90,-0.3,-0.31,-0.32,-0.28,-0.3,\N,25,\N,2019-07-06 01:45:54
IMMU,Health Care,Biotechnology: In Vitro & In Vivo Diagnostic Subst,2490,14.15,15.519,0.911803,27,\N,15,\N,\N,\N,\N,\N,\N,25,invalid literal for float(): -5\,344.24,\N
IMRN,Health Care,Major Pharmaceuticals,12.59,3.01,5.798,0.519147,5,\N,15,\N,\N,\N,\N,\N,\N,25,could not convert string to float: N/A,\N
IMMP,Health Care,Major Pharmaceuticals,61.85,1.76,2.048,0.859561,21,\N,15,\N,\N,\N,\N,\N,\N,25,could not convert string to float: N/A,\N
PI,Capital Goods,Industrial Machinery/Components,583.07,33.51,20.782,1.61248,100,5.35,84,-0.68,-0.36,-0.33,-0.28,-0.33,\N,25,\N,2019-07-06 01:46:12
IMV,Health Care,Major Pharmaceuticals,139.14,3.06,4.266,0.717269,11,\N,15,\N,\N,\N,\N,\N,\N,25,could not convert string to float: N/A,\N
INCY,Health Care,Biotechnology: Commercial Physical & Biological Re,18790,85.28,80.534,1.05894,67,9,91,-0.19,0.24,0.14,0.32,0.47,1,100,\N,2019-07-06 01:46:27
INDB,Finance,Major Banks,2540,75.67,78.249,0.967043,38,6.56,87,1,1.13,1.2,1.07,1.25,1,100,\N,2019-07-06 01:46:41
IBCP,Finance,Major Banks,479.4,22.1,22.026,1.00336,48,3.09,69,0.42,0.36,0.49,0.41,0.39,-0.230769,55,\N,2019-07-06 01:46:56
IBTX,Finance,Major Banks,2320,56.65,53.966,1.04973,65,5.99,85,1.02,1.02,1.17,1.11,0.85,-0.53125,47,\N,2019-07-06 01:47:10
ILPT,Consumer Services,Real Estate Investment Trusts,1340,21.58,20.239,1.06628,69,8.18,90,0.31,0.29,0.28,0.28,0.26,-1,39,\N,2019-07-06 01:47:24
IDSA,Consumer Durables,Industrial Specialties,7.54,0.91,1.238,0.734821,12,0.12,24,0,0.1,-0.06,-0.08,-0.05,-0.277778,54,\N,2019-07-06 01:47:39
INFN,Public Utilities,Telecommunications Equipment,528.01,2.99,4.137,0.722782,11,0.51,35,-0.17,-0.14,-0.21,-0.75,-0.69,\N,25,\N,2019-07-06 01:47:53
INFI,Health Care,Major Pharmaceuticals,95.92,1.73,1.535,1.12706,83,4.05,77,-0.18,-0.12,0.23,-0.14,-0.24,-0.12766,59,\N,2019-07-06 01:48:07
III,Consumer Services,Professional Services,148.35,3.14,3.734,0.840963,19,\N,15,\N,\N,\N,\N,\N,\N,25,could not convert string to float: N/A,\N
IEA,Finance,Business Services,44.5,2.81,5.493,0.511591,5,0.07,23,-0.81,0.14,0.17,-1.63,-1.06,-0.138889,59,\N,2019-07-06 01:48:22
IMKTA,Consumer Services,Food Chains,628.26,31.76,29.379,1.08103,74,0.15,25,0.46,1.21,0.91,1.09,0.74,0.373333,84,\N,2019-07-06 01:48:37
INMB,Health Care,Biotechnology: Biological Products (No Diagnostic ,91.34,9.56,0,0,1,\N,14,\N,\N,\N,\N,\N,\N,25,could not convert string to float: N/A,\N
INWK,Miscellaneous,Business Services,196.55,3.85,4.032,0.954883,35,0.18,25,-0.03,-0.01,-0.87,-0.57,-0.05,\N,25,\N,2019-07-06 01:49:08
INOD,Technology,EDP Services,25.1,0.95,1.263,0.752327,12,0.43,33,-0.01,-0.02,0.03,0,-0.02,-0.2,56,\N,2019-07-06 01:49:24
IPHS,Consumer Durables,Specialty Chemicals,549.58,28.63,29.783,0.961282,37,0.71,39,0.55,0.31,0.71,0.24,0.44,-0.234043,55,\N,2019-07-06 01:49:38
IOSP,Basic Industries,Major Chemicals,2070,94.22,79.481,1.18544,90,1.51,54,0.9,0.89,0.84,0.83,1.17,0.794118,94,\N,2019-07-06 01:49:52
INNT,Health Care,Major Pharmaceuticals,37.86,1.15,1.819,0.632226,8,\N,14,\N,\N,\N,\N,\N,\N,25,could not convert string to float: N/A,\N
ISSC,Technology,EDP Services,76.09,5,3.359,1.48867,99,5.49,84,-0.08,-0.06,-0.02,0.01,0.01,1,100,\N,2019-07-06 01:50:08
INVA,Health Care,Major Pharmaceuticals,1420,14.4,15.191,0.94794,34,5.53,84,0.27,0.49,0.43,2.34,0.31,0.0193237,68,\N,2019-07-06 01:50:22
INGN,Health Care,Industrial Specialties,1490,65.89,99.524,0.662054,8,3.91,76,0.48,0.65,0.73,0.44,0.24,-0.489796,48,\N,2019-07-06 01:50:36
INOV,Technology,EDP Services,1040,14.9,13.594,1.0961,77,3.93,76,-0.12,-0.07,-0.01,-0.07,-0.06,\N,25,\N,2019-07-06 01:50:51
INO,Health Care,Medical/Dental Instruments,247.05,3.02,3.731,0.809453,16,9.32,91,-0.36,-0.08,-0.27,-0.35,-0.3,\N,25,\N,2019-07-06 01:51:05
INPX,Technology,EDP Services,6.41,0.525,1.327,0.395636,4,1.65,56,-74,-43.2,-4.84,-10.18,-1.42,\N,25,\N,2019-07-06 01:51:19
INSG,Capital Goods,Telecommunications Equipment,333.83,4.87,4.878,0.998263,46,1.88,59,-0.13,-0.11,0.15,-0.06,-0.1,0.107143,73,\N,2019-07-06 01:51:34
NSIT,Consumer Services,Catalog/Specialty Distribution,2000,59.04,52.996,1.11405,81,0.3,29,0.9,1.44,0.89,1.31,1.09,0.345455,84,\N,2019-07-06 01:51:48
ISIG,Consumer Services,Advertising,12.88,1.06,1.261,0.840608,19,0.41,32,0.01,0.02,0.05,0.04,-0.09,-0.714286,44,\N,2019-07-06 01:52:02
INSM,Health Care,Major Pharmaceuticals,2240,24.92,26.537,0.939049,32,68.91,99,-0.89,-1,-1.14,-1.19,-0.96,\N,25,\N,2019-07-06 01:52:17
INSE,Technology,Computer Software: Prepackaged Software,188.71,9,7.116,1.26481,95,1.5,54,-0.02,-0.19,-0.57,-0.23,-0.24,\N,25,\N,2019-07-06 01:52:32
IIIN,Capital Goods,Steel/Iron Ore,371.17,21.39,21.099,1.01381,52,0.89,43,0.31,0.67,0.49,0.21,0.05,-0.419355,50,\N,2019-07-06 01:52:46
PODD,Health Care,Medical/Dental Instruments,6930,119.85,94.642,1.26635,95,11.92,93,-0.11,-0.03,0.03,0.16,0.07,0.666667,92,\N,2019-07-06 01:53:00
INSU,Finance,Business Services,203.44,9.85,0,0,1,\N,14,\N,\N,\N,\N,\N,\N,25,could not convert string to float: N/A,\N
INSUU,Finance,Business Services,138.55,10.334,0,0,1,\N,14,\N,\N,\N,\N,\N,\N,25,could not convert string to float: N/A,\N
INSUW,Finance,Business Services,7.2,0.93,0,0,1,\N,14,\N,\N,\N,\N,\N,\N,25,could not convert string to float: N/A,\N
NTEC,Health Care,Major Pharmaceuticals,140.85,3.94,6.633,0.593981,7,\N,14,\N,\N,\N,\N,\N,\N,25,could not convert string to float: N/A,\N
IART,Health Care,Medical/Dental Instruments,4620,54.9,51.179,1.07272,71,3.18,70,0.14,0.14,0.15,0.29,0.38,1,100,\N,2019-07-06 01:53:18
IMTE,Consumer Non-Durables,Consumer Electronics/Appliances,33.88,8.54,9.059,0.942728,33,\N,14,\N,\N,\N,\N,\N,\N,25,could not convert string to float: N/A,\N
INTC,Technology,Semiconductors,209750,48.08,50.007,0.961471,37,3.04,69,0.93,1.05,1.38,1.12,0.87,-0.117647,60,\N,2019-07-06 01:53:33
NTLA,Health Care,Biotechnology: In Vitro & In Vivo Diagnostic Subst,680.64,15.93,15.292,1.04172,62,21.44,97,-0.51,-0.52,-0.53,-0.43,-0.49,\N,25,\N,2019-07-06 01:54:07
IPAR,Consumer Non-Durables,Package Goods/Cosmetics,2070,64.33,69.659,0.923504,29,2.97,68,0.51,0.35,0.6,0.26,0.6,0.264706,81,\N,2019-07-06 01:54:21
ICPT,Health Care,Major Pharmaceuticals,2550,80.46,98.553,0.816415,17,13.35,94,-3.22,-2.58,-2.18,-2.97,-3.03,\N,25,\N,2019-07-06 01:54:36
IDCC,Miscellaneous,Multi-Sector Companies,2040,65.72,67.944,0.967274,38,7.12,88,0.84,0.3,0.6,0.05,-0.09,-1,39,\N,2019-07-06 01:54:50
TILE,Consumer Durables,Home Furnishings,889.01,15.34,15.995,0.959075,36,0.74,40,0.25,0.35,0.14,0.11,0.12,-0.541667,47,\N,2019-07-06 01:55:05
IMI,Technology,Semiconductors,57.72,1.17,1.119,1.04564,64,1.89,59,-0.01,0.01,-0.01,-0.05,-0.05,-0.666667,45,\N,2019-07-06 01:55:19
INAP,Technology,Computer Software: Programming\, Data Processing,82.61,3.15,4.421,0.712547,10,0.27,28,-0.7,-0.69,-0.75,-0.82,-0.83,\N,25,\N,2019-07-06 01:55:33
IBOC,Finance,Major Banks,2390,37.84,38.405,0.985297,42,4.33,79,0.8,0.79,0.77,0.88,0.79,-0.0909091,61,\N,2019-07-06 01:55:48
IMXI,Miscellaneous,Business Services,546.95,14.52,12.137,1.19633,91,\N,14,\N,\N,\N,\N,\N,\N,25,,\N
ISCA,Consumer Services,Services-Misc. Amusement & Recreation,1950,44.76,43.877,1.02012,55,2.88,68,3.83,0.38,0.27,0.62,0.5,-0.935393,40,\N,2019-07-06 01:56:17
IGLD,Public Utilities,Telecommunications Equipment,10.23,0.3,0.655,0.457935,4,\N,14,\N,\N,\N,\N,\N,\N,24,could not convert string to float: N/A,\N
IDXG,Health Care,Medical/Dental Instruments,27.62,0.71,0.831,0.854479,20,1.16,49,-0.11,-0.07,-0.11,-0.14,-0.1,\N,24,\N,2019-07-06 01:56:32
XENT,Health Care,Medical/Dental Instruments,703.98,21.56,28.678,0.751795,12,6.11,86,-0.21,-0.14,-0.25,-0.16,-0.35,\N,24,\N,2019-07-06 01:56:46
IPLDP,Public Utilities,Power Generation,201.92,25.24,25.077,1.00652,49,\N,14,\N,\N,\N,\N,\N,\N,24,could not convert string to float: ,\N
IVAC,Technology,Industrial Machinery/Components,106.76,5.22,5.464,0.955296,36,1.18,49,-0.23,-0.01,-0.05,0.44,-0.1,0.19403,77,\N,2019-07-06 01:57:14
INTL,Finance,Investment Bankers/Brokers/Service,698.94,39.82,38.812,1.02597,57,0.03,22,1.18,1.25,0.81,0.94,1.21,0.0681818,71,\N,2019-07-06 01:57:28
ITCI,Health Care,Major Pharmaceuticals,719.51,13.46,12.794,1.05205,66,\N,14,\N,\N,\N,\N,\N,\N,24,could not convert string to float: N/A,\N
XON,Health Care,Biotechnology: Commercial Physical & Biological Re,1180,7.73,6.201,1.24662,94,8.62,90,-0.33,-0.51,-0.44,-2.59,-0.4,\N,24,\N,2019-07-06 01:57:42
IIN,Capital Goods,Electrical Products,197.63,23.34,25.162,0.927593,30,1.68,56,0.1,0.25,0.22,0.09,0.08,-0.117647,60,\N,2019-07-06 01:57:56
INTU,Technology,Computer Software: Prepackaged Software,66750,270.54,242.51,1.11558,81,10.64,92,4.59,0.18,0.13,0.72,5.22,0.123772,74,\N,2019-07-06 01:58:10
ISRG,Health Care,Industrial Specialties,60090,537.25,522.597,1.02804,58,15.88,95,2.44,2.15,2.45,2.45,2.56,0.292683,82,\N,2019-07-06 01:58:24
ISTR,Finance,Major Banks,232.94,23.62,23.475,1.00618,49,3.89,76,0.25,0.39,0.41,0.34,0.4,0.9375,97,\N,2019-07-06 01:58:39
ISBC,Finance,Major Banks,3030,11.29,11.641,0.969836,39,4.63,81,0.2,0.2,0.19,0.12,0.18,-0.25,55,\N,2019-07-06 01:58:54
ITIC,Finance,Specialty Insurers,307.44,164.34,165.772,0.991362,44,1.92,59,2.2,3.66,5.61,0.07,3.49,0.232852,79,\N,2019-07-06 01:59:08
NVIV,Health Care,Medical/Dental Instruments,7.23,0.78,1.341,0.581626,6,\N,14,\N,\N,\N,\N,\N,\N,24,could not convert string to float: N/A,\N
IONS,Health Care,Major Pharmaceuticals,9050,64.57,67.235,0.960365,37,12.12,94,-0.01,-0.29,-0.03,2.21,0.62,0.252,80,\N,2019-07-06 01:59:39
IOVA,Health Care,Biotechnology: Biological Products (No Diagnostic ,2690,24.53,12.718,1.92878,100,\N,14,\N,\N,\N,\N,\N,\N,24,could not convert string to float: N/A,\N
IPGP,Technology,Semiconductors,7650,149,145.966,1.02079,55,5.56,84,1.93,2.21,1.84,1.4,1.02,-0.764706,43,\N,2019-07-06 01:59:55
IPIC,Consumer Services,Restaurants,38.2,3.2,4.394,0.728223,11,0.26,28,-1.7,-0.59,-1.03,-0.78,-1.26,\N,24,\N,2019-07-06 02:00:10
IQ,Consumer Services,Consumer Electronics/Video Chains,5690,20.21,21.208,0.95296,35,\N,14,\N,\N,\N,\N,\N,\N,24,could not convert string to float: N/A,\N
IRMD,Health Care,Medical/Dental Instruments,228.28,19.6,24.659,0.794841,15,6.88,88,0.07,0.11,0.2,0.14,0.15,0.615385,91,\N,2019-07-06 02:00:25
IRTC,Health Care,Medical/Dental Instruments,1910,78.33,78.772,0.99439,45,11.8,93,-0.47,-0.51,-0.43,-0.61,-0.33,\N,24,\N,2019-07-06 02:00:39
IRIX,Health Care,Biotechnology: Electromedical & Electrotherapeutic,61.37,4.2,4.732,0.887548,24,1.31,51,-0.31,-0.28,-0.26,-0.21,-0.22,\N,24,\N,2019-07-06 02:00:54
IRDM,Capital Goods,Telecommunications Equipment,2500,24.19,23.142,1.0453,63,5.19,83,0.07,-0.06,-0.13,-0.09,-0.18,\N,24,\N,2019-07-06 02:01:09
IRBT,Consumer Durables,Consumer Electronics/Appliances,2540,90.31,102.973,0.877024,23,2.23,62,0.71,0.37,1.12,0.88,0.78,0.0933333,72,\N,2019-07-06 02:01:23
IRWD,Health Care,Major Pharmaceuticals,1620,10.46,11.105,0.941949,32,4.7,81,-0.29,-0.32,-1.14,-0.1,-0.38,\N,24,\N,2019-07-06 02:01:39
IRCP,Consumer Services,Building operators,614.95,21,20.103,1.04461,63,\N,14,\N,\N,\N,\N,\N,\N,24,could not convert string to float: N/A,\N
ISRL,Energy,Oil & Gas Production,330.47,123.9,116.231,1.06598,69,3.95,76,1.85,1.73,2.27,0.74,1.48,-0.24183,55,\N,2019-07-06 02:01:54
ITMR,Health Care,Medical/Dental Instruments,113.69,9.95,6.981,1.42526,98,\N,14,\N,\N,\N,\N,\N,\N,24,,\N
ITI,Capital Goods,Telecommunications Equipment,175.29,5.29,4.476,1.18197,90,2.09,60,-0.07,-0.05,-0.04,-0.07,-0.07,\N,24,\N,2019-07-06 02:02:22
ITRM,Health Care,Major Pharmaceuticals,87.51,6.64,6.731,0.986521,43,133.04,100,-1.6,-2.22,-1.77,-1.19,-1.44,\N,24,\N,2019-07-06 02:02:37
ITRI,Capital Goods,Electrical Products,2410,62.63,54.423,1.1508,87,1.03,46,-3.74,0.07,0.5,0.6,-0.05,0.85023,95,\N,2019-07-06 02:02:51
ITRN,Technology,Electronic Components,718.35,30.57,33.774,0.905125,26,2.72,66,0.54,0.57,1.24,0.71,0.38,-0.186047,57,\N,2019-07-06 02:03:05
ISEE,Health Care,Major Pharmaceuticals,52.26,1.27,1.375,0.923401,29,\N,14,\N,\N,\N,\N,\N,\N,24,could not convert string to float: N/A,\N
IZEA,Consumer Services,Advertising,14.93,0.526,1.097,0.479399,4,0.68,39,-0.35,-0.28,-0.13,-0.06,-0.15,\N,24,\N,2019-07-06 02:03:21
JJSF,Consumer Non-Durables,Specialty Foods,3060,163.8,156.154,1.04897,65,2.67,66,0.95,1.39,1.24,0.93,1.08,0.282609,81,\N,2019-07-06 02:03:35
MAYS,Consumer Services,Building operators,68.54,35,38.097,0.918709,28,3.43,72,0.16,-0.1,-0.04,0.15,0.32,0.380952,85,\N,2019-07-06 02:03:48
JBHT,Transportation,Trucking Freight/Courier Services,9550,90.86,98.57,0.921779,29,1.11,48,1.07,1.37,1.19,0.8,1.09,0.0350877,69,\N,2019-07-06 02:04:02
JCOM,Technology,Telecommunications Equipment,4190,89.43,83.074,1.07651,72,3.57,73,0.38,0.57,0.61,1.03,0.66,0.430769,86,\N,2019-07-06 02:04:17
JKHY,Technology,EDP Services,10470,137.15,135.129,1.01495,53,6.6,87,0.93,1.1,1.08,0.88,0.77,-0.484848,48,\N,2019-07-06 02:04:32
JACK,Consumer Services,Restaurants,2070,81.33,80.347,1.01223,51,2.41,63,1.62,1.6,0.6,1.31,0.96,-0.647059,45,\N,2019-07-06 02:05:02
JAGX,Health Care,Major Pharmaceuticals,7.58,4.19,14.821,0.282709,3,1.6,55,-52.5,-53.2,-35.7,-12.57,-16.8,\N,24,\N,2019-07-06 02:05:17
JAKK,Consumer Non-Durables,Recreational Products/Toys,18.27,0.74,1.273,0.581384,6,0.04,22,-1.57,-0.8,0.38,-0.14,-1.24,0.169231,76,\N,2019-07-06 02:05:32
JRVR,Finance,Property-Casualty Insurers,1400,47.97,41.437,1.15767,88,1.63,56,0.52,0.56,0.64,0.38,0.75,0.621622,91,\N,2019-07-06 02:05:46
JASN,Consumer Durables,Miscellaneous manufacturing industries,19.1,0.66,1.469,0.449236,4,0.03,22,-0.09,-0.05,-0.23,-0.48,-0.28,\N,24,\N,2019-07-06 02:06:01
JAZZ,Health Care,Major Pharmaceuticals,7790,141.07,132.517,1.06454,69,4.12,77,0.75,1.5,2.41,2.64,1.47,0.380952,84,\N,2019-07-06 02:06:15
JD,Consumer Services,Other Specialty Stores,41240,31.03,27.118,1.14425,86,\N,14,\N,\N,\N,\N,\N,\N,24,could not convert string to float: N/A,\N
JRSH,Consumer Non-Durables,Apparel,79.52,7.06,6.921,1.02009,55,\N,14,\N,\N,\N,\N,\N,\N,24,,\N
JBLU,Transportation,Air Freight/Delivery Services,5510,19.19,17.516,1.0956,77,0.73,40,0.27,-0.38,0.16,0.55,0.14,-0.139785,59,\N,2019-07-06 02:06:45
JCTCF,Consumer Services,RETAIL: Building Materials,79.55,8.41,7.791,1.0795,73,0.74,40,0.12,0.31,0.16,0.08,0.03,-0.321429,52,\N,2019-07-06 02:07:00
JFIN,Finance,Finance: Consumer Services,682.66,14.93,0,0,1,\N,14,\N,\N,\N,\N,\N,\N,24,could not convert string to float: N/A,\N
JMU,Technology,EDP Services,1.06,1.22,1.318,0.925951,29,0.28,29,-18.02,-0.33,-9,-0.18,-4.52,\N,24,\N,2019-07-06 02:07:15
JBSS,Consumer Non-Durables,Specialty Foods,694.35,80.64,71.323,1.13062,83,1.05,47,0.75,0.49,0.57,0.98,0.9,0.306122,82,\N,2019-07-06 02:07:29
JOUT,Consumer Non-Durables,Recreational Products/Toys,668.98,75.7,71.133,1.06421,69,1.4,52,2.15,2.37,-0.5,0.35,2.18,0.010453,68,\N,2019-07-06 02:07:43
JNCE,Health Care,Biotechnology: Biological Products (No Diagnostic ,146.07,4.57,5.023,0.909833,27,2.39,63,-0.4,-0.14,-0.23,-0.06,-0.38,\N,24,\N,2019-07-06 02:07:57
KALU,Capital Goods,Metal Fabrications,1550,96.44,99.28,0.971399,39,0.98,45,1.51,1.22,1.29,1.4,1.71,0.408163,85,\N,2019-07-06 02:08:11
KXIN,Consumer Durables,Automotive Aftermarket,131.91,2.02,7.369,0.274114,3,0.33,30,0.02,0.03,0.03,0.01,0.03,0.5,88,\N,2019-07-06 02:08:26
KALA,Health Care,Major Pharmaceuticals,194.49,6.37,6.811,0.935232,31,158.86,100,-0.46,-0.6,-0.63,-0.76,-0.75,\N,24,\N,2019-07-06 02:08:41
KLDO,Health Care,Biotechnology: Biological Products (No Diagnostic ,376.77,9.08,0,0,1,\N,14,\N,\N,\N,\N,\N,\N,24,could not convert string to float: N/A,\N
KALV,Health Care,Major Pharmaceuticals,354.61,18.74,22.424,0.835696,19,17.92,96,-0.49,-0.06,-0.47,-0.22,-0.23,\N,24,\N,2019-07-06 02:08:56
KMDA,Health Care,Major Pharmaceuticals,218,5.71,5.649,1.01074,51,1.85,58,0.03,0.14,-0.06,0.44,0.12,0.18,77,\N,2019-07-06 02:09:12
KNDI,Capital Goods,Auto Manufacturing,247.13,4.79,5.568,0.860223,21,2.09,60,0.07,0.03,-0.13,-0.08,-0.09,-0.8,42,\N,2019-07-06 02:09:26
KPTI,Health Care,Major Pharmaceuticals,358.49,8.81,6.455,1.3648,98,19.24,96,-0.78,-0.6,-0.79,-0.96,-1.09,\N,24,\N,2019-07-06 02:09:40
KZIA,Health Care,Major Pharmaceuticals,12.48,2.57,3.148,0.816467,17,\N,14,\N,\N,\N,\N,\N,\N,24,could not convert string to float: N/A,\N
KBLM,Finance,Business Services,101.83,10.46,10.338,1.01179,51,\N,14,\N,\N,\N,\N,\N,\N,24,could not convert string to float: N/A,\N
KBSF,Consumer Non-Durables,Apparel,5.86,2.59,3.555,0.728497,11,0.36,31,-0.89,-0.18,-0.28,-6.72,0.14,\N,24,\N,2019-07-06 02:10:12
KRNY,Finance,Savings Institutions,1160,13.87,13.287,1.04389,63,7.45,89,0.07,0.08,0.12,0.12,0.13,1,100,\N,2019-07-06 02:10:27
KELYA,Technology,Professional Services,965,26.19,23.442,1.1172,81,0.18,25,0.74,-0.4,0.84,-0.62,0.56,-0.123288,60,\N,2019-07-06 02:10:42
KELYB,Technology,Professional Services,914.21,25.49,23.026,1.107,79,0.2,26,0.74,-0.4,0.84,-0.62,0.56,-0.123288,60,\N,2019-07-06 02:10:56
KMPH,Health Care,Major Pharmaceuticals,44.49,1.6,1.917,0.834601,18,\N,14,\N,\N,\N,\N,\N,\N,24,could not convert string to float: N/A,\N
KFFB,Finance,Savings Institutions,63.21,7.62,7.606,1.0019,48,6.62,87,0.02,0,0.02,0.02,0.02,0,67,\N,2019-07-06 02:11:11
KEQU,Capital Goods,Medical Specialities,51.17,18.67,24.779,0.753463,12,0.35,30,0.31,0.52,0.5,0.51,-0.01,-0.603774,46,\N,2019-07-06 02:11:26
KTCC,Technology,Computer peripheral equipment,53.8,5.09,5.869,0.867313,22,0.11,24,0.06,0.12,0.15,0.15,-1.11,-0.928571,40,\N,2019-07-06 02:11:40
KZR,Health Care,Major Pharmaceuticals,145.88,7.1,17.394,0.408187,4,\N,14,\N,\N,\N,\N,\N,\N,24,could not convert string to float: N/A,\N
KFRC,Technology,Professional Services,889.97,35.43,35.214,1.00614,49,0.63,38,0.37,0.65,0.64,0.63,1.07,1,100,\N,2019-07-06 02:11:55
KE,Technology,Electrical Products,393.23,15.72,15.783,0.996029,46,0.35,30,0.4,0.22,0.19,0.27,0.46,0.222222,79,\N,2019-07-06 02:12:09
KBAL,Consumer Durables,Home Furnishings,603.71,16.97,15.43,1.09979,78,0.84,42,0.16,0.28,0.29,0.25,0.22,0.461538,87,\N,2019-07-06 02:12:23
KIN,Health Care,Major Pharmaceuticals,333.49,8.24,9.383,0.878175,23,127.24,100,-0.36,-0.39,-0.39,-0.46,-0.42,\N,24,\N,2019-07-06 02:12:39
KGJI,Miscellaneous,Business Services,40.99,0.61,0.783,0.779382,14,0.02,22,0.2,0.2,0.2,0.14,0.1,-1,39,\N,2019-07-06 02:12:53
KINS,Finance,Property-Casualty Insurers,91.65,8.98,13.389,0.670699,9,0.79,41,-0.25,0.25,0.36,-0.08,-0.68,-0.413462,50,\N,2019-07-06 02:13:07
KNSA,Health Care,Major Pharmaceuticals,775.16,15.01,17.479,0.858737,21,\N,14,\N,\N,\N,\N,\N,\N,24,could not convert string to float: N/A,\N
KNSL,Finance,Property-Casualty Insurers,1860,95.78,71.628,1.33719,97,8.35,90,0.34,0.47,0.55,0.2,0.86,0.787879,94,\N,2019-07-06 02:13:23
KIRK,Consumer Services,Other Specialty Stores,33.43,2.16,7.115,0.303589,3,0.05,22,-0.06,-0.43,-0.18,0.9,-0.62,-0.368421,51,\N,2019-07-06 02:13:37
KTOV,Health Care,Major Pharmaceuticals,18.27,0.97,1.083,0.895496,25,\N,14,\N,\N,\N,\N,\N,\N,24,,\N
KLAC,Capital Goods,Electronic Components,18270,117.9,111.381,1.05853,67,4.35,79,1.95,2.22,2.54,2.42,1.23,-0.549618,47,\N,2019-07-06 02:14:06
KLXE,Energy,Oilfield Services/Equipment,441.68,19.22,25.18,0.763309,13,\N,14,\N,\N,\N,\N,\N,\N,24,,\N
KOD,Health Care,Biotechnology: Biological Products (No Diagnostic ,420.8,13.22,8.278,1.59707,100,\N,14,\N,\N,\N,\N,\N,\N,24,could not convert string to float: N/A,\N
KOPN,Technology,Semiconductors,104.33,1.18,1.269,0.929804,30,4.08,77,-0.08,-0.13,-0.13,-0.15,-0.15,\N,24,\N,2019-07-06 02:14:36
KRNT,Capital Goods,Industrial Machinery/Components,1110,30.55,24.523,1.24577,94,8.19,90,0.02,0.05,0.09,0.19,-0.05,-0.291667,53,\N,2019-07-06 02:14:49
KOSS,Consumer Non-Durables,Consumer Electronics/Appliances,15.18,2,2.026,0.987375,43,0.64,38,-0.11,0.05,0.01,0.02,0.02,0.8125,95,\N,2019-07-06 02:15:05
KTOS,Capital Goods,Military/Government/Technical,2310,24.09,17.441,1.38127,98,3.98,76,-0.02,-0.07,0.02,0.04,0.03,0.454545,87,\N,2019-07-06 02:15:34
KRYS,Health Care,Biotechnology: Biological Products (No Diagnostic ,582.22,44.7,28.531,1.56672,99,\N,14,\N,\N,\N,\N,\N,\N,24,could not convert string to float: N/A,\N
KLIC,Technology,Semiconductors,1420,22.54,22.016,1.02381,56,2.02,60,0.51,0.86,0.43,0.11,-0.05,-0.615385,46,\N,2019-07-06 02:15:50
KURA,Health Care,Major Pharmaceuticals,746.51,19.8,16.078,1.23151,94,\N,14,\N,\N,\N,\N,\N,\N,24,could not convert string to float: N/A,\N
KVHI,Technology,Radio And Television Broadcasting And Communicatio,183.98,10.8,10.427,1.03572,60,1.13,48,-0.23,-0.08,-0.07,-0.11,-0.36,\N,24,\N,2019-07-06 02:16:05
FSTR,Basic Industries,Metal Fabrications,253.95,26.41,20.438,1.29218,96,0.43,33,-0.2,0.47,0.47,-3.97,0.35,0.123874,74,\N,2019-07-06 02:16:20
LJPC,Health Care,Biotechnology: Biological Products (No Diagnostic ,230.07,9.59,7.169,1.33769,97,19.05,96,-2.22,-2.02,-1.93,-1.73,-1.17,\N,24,\N,2019-07-06 02:16:34
LSBK,Finance,Savings Institutions,88.8,15.16,15.325,0.989206,43,4.48,80,0.15,0.16,0.17,0.17,0.15,0,67,\N,2019-07-06 02:16:49
LBAI,Finance,Major Banks,781.84,16.4,15.853,1.0345,60,4.15,78,0.32,0.33,0.35,0.32,0.31,-0.25,55,\N,2019-07-06 02:17:04
LKFN,Finance,Major Banks,1160,46.65,45.978,1.01462,53,6.27,86,0.71,0.78,0.8,0.83,0.84,1,100,\N,2019-07-06 02:17:19
LAKE,Health Care,Industrial Specialties,88.71,11.22,11.605,0.966815,38,0.9,44,0.23,0.12,0.06,-0.24,-0.06,-0.617021,46,\N,2019-07-06 02:17:34
LRCX,Technology,Industrial Machinery/Components,26360,183.64,177.731,1.03324,59,2.68,66,4.33,5.82,3.23,3.51,3.47,-0.332046,52,\N,2019-07-06 02:17:48
LAMR,Consumer Services,Real Estate Investment Trusts,6930,82.57,78.139,1.05671,67,4.9,82,0.15,1.02,0.95,0.96,0.51,0.413793,85,\N,2019-07-06 02:18:03
LANC,Consumer Non-Durables,Packaged Foods,4050,148.84,155.469,0.957363,36,3.17,70,1,1.18,1.42,1.73,1.11,0.150685,75,\N,2019-07-06 02:18:18
LCA,Finance,Business Services,307.4,9.75,0,0,1,\N,14,\N,\N,\N,\N,\N,\N,24,could not convert string to float: N/A,\N
LCAHU,Finance,Business Services,249.75,10.05,0,0,1,\N,14,\N,\N,\N,\N,\N,\N,24,could not convert string to float: N/A,\N
LNDC,Consumer Non-Durables,Packaged Foods,278.99,10.24,11.112,0.921502,28,0.55,36,0.58,0.22,0.01,-0.02,0.04,-0.9,41,\N,2019-07-06 02:18:35
LARK,Finance,Major Banks,102.79,23.94,23.775,1.00692,50,2.56,65,0.49,0.65,0.69,0.56,0.5,0.05,70,\N,2019-07-06 02:18:50
LMRK,Consumer Services,Real Estate,411.75,16.47,15.159,1.08649,75,6.58,87,0.19,0.12,3.71,-0.21,0,-0.0484694,63,\N,2019-07-06 02:19:04
LMRKN,Consumer Services,Real Estate,50.1,25.112,24.27,1.03469,60,\N,14,\N,\N,\N,\N,\N,\N,24,could not convert string to float: N/A,\N
LMRKO,Consumer Services,Real Estate,61.9,25.18,24.558,1.02535,57,\N,14,\N,\N,\N,\N,\N,\N,23,could not convert string to float: N/A,\N
LMRKP,Consumer Services,Real Estate,40.5,25.08,24.963,1.00467,48,\N,14,\N,\N,\N,\N,\N,\N,23,could not convert string to float: N/A,\N
LE,Consumer Services,Clothing/Shoe/Accessory Stores,392.29,11.7,15.888,0.736408,12,0.27,28,-0.08,-0.16,0.1,0.5,-0.21,-0.183099,57,\N,2019-07-06 02:19:21
LSTR,Transportation,Trucking Freight/Courier Services,4120,108.47,105.812,1.02512,57,0.95,44,1.37,1.51,1.63,1.68,1.58,0.677419,92,\N,2019-07-06 02:19:35
LNTH,Health Care,Biotechnology: In Vitro & In Vivo Diagnostic Subst,1080,28.72,22.74,1.26295,95,3.21,70,0.21,0.25,0.24,0.34,0.25,0.307692,82,\N,2019-07-06 02:19:50
LTRX,Technology,Computer Communications Equipment,72.55,3.28,3.168,1.03522,60,1.51,54,0.02,0.04,0,0.01,0.04,0.5,88,\N,2019-07-06 02:20:19
LSCC,Technology,Semiconductors,1800,15.07,11.671,1.29122,96,5,82,-0.05,-0.16,0.05,-0.05,0.05,0.47619,87,\N,2019-07-06 02:20:34
LAUR,Consumer Services,Other Consumer Services,3340,15.92,15.54,1.02448,57,1.07,47,0.59,1,-0.42,0.31,0.85,0.183099,77,\N,2019-07-06 02:20:50
LAWS,Consumer Durables,Industrial Specialties,305.3,38.4,32.418,1.18454,90,0.97,45,0.13,0.35,-0.09,0.28,0.44,0.584906,90,\N,2019-07-06 02:21:05
LAZY,Consumer Durables,Automotive Aftermarket,45.32,5.16,5.407,0.954402,35,0.07,23,-0.06,-0.25,0.04,-0.41,0.04,0.222222,79,\N,2019-07-06 02:21:20
LCNB,Finance,Major Banks,247.14,18.53,16.883,1.09755,77,4.03,77,0.27,0.25,0.32,0.4,0.35,0.533333,89,\N,2019-07-06 02:21:34
LPTX,Health Care,Major Pharmaceuticals,37.87,1.94,1.835,1.05703,67,\N,14,\N,\N,\N,\N,\N,\N,23,could not convert string to float: N/A,\N
LEGH,Basic Industries,Homebuilding,304.34,12.57,12.69,0.990571,44,\N,14,\N,\N,\N,\N,\N,\N,23,,\N
LGCY,Energy,Oil & Gas Production,7.85,0.04,0,0,1,0,21,0.78,-0.72,-0.46,0.73,-0.7,-0.986667,39,\N,2019-07-06 02:22:05
LTXB,Finance,Savings Institutions,1930,42.15,39.045,1.07953,73,5.77,85,0.54,0.58,0.89,1.21,0.61,0.104478,73,\N,2019-07-06 02:22:20
LACQ,Finance,Business Services,254.25,10.16,10.022,1.01376,52,\N,14,\N,\N,\N,\N,\N,\N,23,could not convert string to float: N/A,\N
LMAT,Health Care,Medical/Dental Instruments,542.14,28.3,27.187,1.04093,62,5.15,83,0.19,0.43,0.21,0.3,0.17,-0.0769231,62,\N,2019-07-06 02:22:35
TREE,Finance,Finance: Consumer Services,5220,415.3,342.185,1.21367,92,6.16,86,2.12,3.01,1.86,-0.26,-0.04,-0.66055,45,\N,2019-07-06 02:22:50
LEVL,Finance,Major Banks,183.01,24.35,23.929,1.0176,54,\N,14,\N,\N,\N,\N,\N,\N,23,,\N
LXRX,Health Care,Major Pharmaceuticals,611.06,6.29,6.062,1.03758,61,14.21,95,-0.4,-0.33,-0.26,-0.16,-0.21,\N,23,\N,2019-07-06 02:23:18
LX,Finance,Finance: Consumer Services,1980,11.92,11.272,1.05747,67,\N,14,\N,\N,\N,\N,\N,\N,23,could not convert string to float: N/A,\N
LFAC,Finance,Business Services,196.97,10.19,10.022,1.01678,53,\N,14,\N,\N,\N,\N,\N,\N,23,could not convert string to float: N/A,\N
LGIH,Capital Goods,Homebuilding,1580,70.13,63.573,1.10314,78,1.06,47,1.1,1.9,1.52,1.72,0.73,-0.316239,53,\N,2019-07-06 02:23:34
LHCG,Health Care,Medical/Nursing Services,3660,122.83,109.769,1.11899,82,1.91,59,0.28,0.55,0.68,0.66,0.6,0.8,94,\N,2019-07-06 02:23:49
LLIT,Health Care,Medical/Dental Instruments,19.05,1.02,1.386,0.735712,12,32.47,98,-0.05,0.03,0.36,0.22,0.08,0.317073,83,\N,2019-07-06 02:24:03
LBRDA,Consumer Services,Television Services,18170,105.24,91.633,1.1485,86,\N,14,\N,\N,\N,\N,\N,\N,23,invalid literal for float(): 1\,377.24,\N
LBRDK,Consumer Services,Television Services,15520,106.63,91.907,1.16019,88,\N,14,\N,\N,\N,\N,\N,\N,23,invalid literal for float(): 1\,377.40,\N
LEXEA,Consumer Services,Other Consumer Services,2670,48.56,43.612,1.11346,81,0.24,27,-0.77,-0.47,-0.74,-0.27,-1.12,\N,23,\N,2019-07-06 02:24:21
LEXEB,Consumer Services,Other Consumer Services,2440,47.9,43.644,1.09751,77,0.24,27,-0.77,-0.47,-0.74,-0.27,-1.12,\N,23,\N,2019-07-06 02:24:35
LBTYA,Consumer Services,Television Services,19360,27.65,25.392,1.08892,75,1.71,57,-1.47,0.8,-0.56,-0.46,-0.43,0.45815,87,\N,2019-07-06 02:24:50
LBTYB,Consumer Services,Television Services,18290,27.47,25.189,1.09057,76,1.7,57,-1.47,0.8,-0.56,-0.46,-0.43,0.45815,87,\N,2019-07-06 02:25:20
LBTYK,Consumer Services,Television Services,18940,26.92,24.673,1.09109,76,1.71,57,-1.47,0.8,-0.56,-0.46,-0.43,0.45815,87,\N,2019-07-06 02:25:36
LILA,Consumer Services,Television Services,879.54,17.45,18.523,0.942067,32,0.83,42,-0.26,-0.25,-0.15,-1.34,-0.23,\N,23,\N,2019-07-06 02:25:50
LILAK,Consumer Services,Television Services,2370,17.41,18.512,0.940452,32,0.83,42,-0.26,-0.25,-0.15,-1.34,-0.23,\N,23,\N,2019-07-06 02:26:05
BATRA,Consumer Services,Broadcasting,1370,28.06,27.451,1.02218,56,3.25,71,-1.02,-0.04,0.8,0.35,-1.39,-0.16895,58,\N,2019-07-06 02:26:19
BATRK,Consumer Services,Broadcasting,1380,28.07,27.412,1.024,56,3.24,71,-1.02,-0.04,0.8,0.35,-1.39,-0.16895,58,\N,2019-07-06 02:26:34
FWONA,Consumer Services,Broadcasting,8130,35.6,34.029,1.04615,64,4.36,79,-0.07,0.04,0.18,-0.8,-0.64,-0.581633,46,\N,2019-07-06 02:26:49
FWONK,Consumer Services,Broadcasting,8430,37.34,34.95,1.06838,70,4.36,79,-0.07,0.04,0.18,-0.8,-0.64,-0.581633,46,\N,2019-07-06 02:27:04
LSXMA,Consumer Services,Broadcasting,11870,39.02,38.811,1.0054,49,2.03,60,0.59,0.49,0.55,0.38,0.19,-1,39,\N,2019-07-06 02:27:18
LSXMB,Consumer Services,Broadcasting,11810,36.94,38.682,0.954968,35,2.11,61,0.59,0.49,0.55,0.38,0.19,-1,39,\N,2019-07-06 02:27:32
LSXMK,Consumer Services,Broadcasting,11920,39.17,38.963,1.0053,49,2.03,60,0.59,0.49,0.55,0.38,0.19,-1,39,\N,2019-07-06 02:27:47
LTRPA,Technology,EDP Services,879.15,12.64,14.391,0.87835,23,0.59,37,-0.41,-0.52,0.19,-0.11,-0.03,0.535211,89,\N,2019-07-06 02:28:01
LTRPB,Technology,EDP Services,937.94,0,0,0,1,0,21,-0.41,-0.52,0.19,-0.11,-0.03,0.535211,89,\N,2019-07-06 02:28:15
LCUT,Capital Goods,Industrial Machinery/Components,191.44,9.76,9.644,1.01205,51,0.28,29,-0.7,-0.3,0.29,0.49,-0.24,0.386555,85,\N,2019-07-06 02:28:29
LFVN,Health Care,Major Pharmaceuticals,162.04,12.98,13.177,0.985076,42,0.83,42,0.12,0.21,0.06,0.06,0.12,2.22045e-16,67,\N,2019-07-06 02:28:43
LWAY,Consumer Non-Durables,Packaged Foods,59.07,3.27,2.439,1.34092,97,0.52,35,0,0.01,-0.03,-0.17,-0.02,-0.111111,60,\N,2019-07-06 02:28:58
LGND,Health Care,Major Pharmaceuticals,2150,116.97,119.988,0.97485,40,9.6,92,1.83,2.99,2.8,-2.02,31.32,0.884523,96,\N,2019-07-06 02:29:13
LTBR,Consumer Services,Professional Services,23.21,0.67,0.725,0.924284,29,\N,14,\N,\N,\N,\N,\N,\N,23,could not convert string to float: N/A,\N
LPTH,Technology,Semiconductors,23.04,1,1.423,0.702714,10,0.78,41,0.04,-0.03,-0.02,0,-0.01,-0.714286,44,\N,2019-07-06 02:29:28
LLEX,Energy,Oil & Gas Production,55.02,0.61,1.301,0.468708,4,0.8,41,-0.17,-0.53,-0.09,-0.12,-0.35,\N,1,\N,2019-07-06 17:48:47
LMB,Basic Industries,Engineering & Construction,59.69,8.89,7.194,1.2358,94,0.12,24,-0.6,0.09,-0.46,0.44,0.28,0.846154,95,\N,2019-07-06 02:29:57
LLNW,Miscellaneous,Business Services,307.89,2.62,2.923,0.896253,25,1.69,56,0,0.13,0,-0.05,-0.07,-0.35,52,\N,2019-07-06 02:30:12
LMST,Finance,Major Banks,112.36,15.16,14.853,1.02065,55,2.75,66,0.31,0.27,0.33,0.33,0.38,0.636364,91,\N,2019-07-06 02:30:27
LMNR,Consumer Non-Durables,Farming/Seeds/Milling,337.86,19.62,21.841,0.898295,25,2.51,64,0.44,0.5,-0.19,-0.28,0.15,-0.371795,51,\N,2019-07-06 02:30:42
LINC,Consumer Services,Other Consumer Services,56.78,2.19,2.918,0.750628,12,0.21,26,-0.28,-0.17,-0.02,0.2,-0.22,0.125,74,\N,2019-07-06 02:30:56
LECO,Technology,Industrial Machinery/Components,5030,82.03,83.791,0.978989,41,1.7,57,0.92,1.04,1.07,1.35,1.12,0.465116,87,\N,2019-07-06 02:31:28
LIND,Consumer Services,Transportation Services,781.48,17.12,15.072,1.13589,84,2.47,64,0.24,0,0.11,-0.1,0.31,0.170732,76,\N,2019-07-06 02:31:43
LPCN,Health Care,Major Pharmaceuticals,39.16,1.93,1.798,1.07316,71,\N,14,\N,\N,\N,\N,\N,\N,23,,\N
LIQT,Technology,Industrial Machinery/Components,195.95,9.96,8.28,1.20294,92,11.84,93,-0.12,-0.02,-0.05,-0.08,0,\N,23,\N,2019-07-06 02:31:59
YVR,Consumer Non-Durables,Beverages (Production/Distribution),7.42,1.85,2.768,0.668423,9,\N,14,\N,\N,\N,\N,\N,\N,23,could not convert string to float: N/A,\N
LQDA,Health Care,Biotechnology: Biological Products (No Diagnostic ,156.22,8.24,12.746,0.646464,8,\N,14,\N,\N,\N,\N,\N,\N,23,,\N
LQDT,Miscellaneous,Business Services,198.97,6.15,6.875,0.89457,25,0.96,45,-0.18,-0.12,-0.03,-0.15,-0.13,\N,23,\N,2019-07-06 02:32:28
LFUS,Consumer Durables,Electrical Products,4280,177.47,182.526,0.972301,39,2.57,65,1.45,1.67,2.1,1.29,1.48,0.037037,69,\N,2019-07-06 02:32:43
LIVN,Health Care,Biotechnology: Electromedical & Electrotherapeutic,3520,72.71,82.935,0.876709,23,3.17,70,0.27,0.31,-0.15,-4.34,-0.31,-0.124731,60,\N,2019-07-06 02:32:58
LOB,Finance,Major Banks,663.03,17.15,15.911,1.07786,73,3.66,74,0.3,0.34,0.34,0.26,0.06,-0.857143,41,\N,2019-07-06 02:33:13
LIVE,Finance,Finance/Investors Services,13.28,7.2,7.448,0.966681,38,0.07,23,0.5,0.56,0.02,0.41,0.13,-0.685185,44,\N,2019-07-06 02:33:27
LPSN,Technology,Computer Software: Prepackaged Software,1760,28.68,26.605,1.07798,73,7.21,88,-0.06,-0.14,-0.12,-0.11,-0.31,\N,23,\N,2019-07-06 02:33:42
LIVX,Consumer Services,Restaurants,227.4,3.38,5.108,0.661646,8,5.27,83,-0.21,-0.21,-0.2,-0.13,-0.19,\N,23,\N,2019-07-06 02:33:56
LKQ,Consumer Services,Motor Vehicles,8250,26.64,27.36,0.973687,39,0.68,39,0.49,0.5,0.42,0.12,0.31,-0.473684,49,\N,2019-07-06 02:34:11
LMFA,Finance,Finance: Consumer Services,3.76,1.18,1.362,0.866567,21,1.37,52,-0.01,0.7,-0.94,-0.11,-0.15,-0.0853659,61,\N,2019-07-06 02:34:26
LOGC,Health Care,Biotechnology: Biological Products (No Diagnostic ,267.23,11.2,11.307,0.990521,44,\N,14,\N,\N,\N,\N,\N,\N,23,could not convert string to float: N/A,\N
LOGI,Technology,Computer peripheral equipment,6370,39.53,37.459,1.05529,66,2.35,63,0.2,0.23,0.38,0.67,0.25,0.106383,73,\N,2019-07-06 02:34:41
LOGM,Technology,Computer Software: Prepackaged Software,3490,75.35,81.071,0.929431,30,3,69,0.56,0.12,0.24,0.49,-0.18,-1,39,\N,2019-07-06 02:34:56
LONE,Energy,Oil & Gas Production,60.83,2.26,3.958,0.570971,6,0.29,29,-0.75,-0.84,-0.88,3.05,-2.45,-0.309091,53,\N,2019-07-06 02:35:11
LOAC,Finance,Business Services,53.23,10.13,10.025,1.0105,51,\N,13,\N,\N,\N,\N,\N,\N,23,could not convert string to float: N/A,\N
LOOP,Basic Industries,Major Chemicals,363.19,12.16,8.733,1.39238,98,\N,13,\N,\N,\N,\N,\N,\N,23,could not convert string to float: N/A,\N
LORL,Technology,Radio And Television Broadcasting And Communicatio,1050,35.07,37.06,0.946297,33,\N,13,\N,\N,\N,\N,\N,\N,23,could not convert string to float: N/A,\N
LPLA,Finance,Investment Bankers/Brokers/Service,6440,84.03,75.511,1.11282,80,1.3,51,1.01,1.3,1.19,1.36,1.79,1,100,\N,2019-07-06 02:35:27
LRAD,Consumer Non-Durables,Consumer Electronics/Appliances,102.6,3.75,2.88,1.30219,96,3.92,76,0.01,0,-0.07,0.03,0.04,0.272727,81,\N,2019-07-06 02:35:42
LYTS,Consumer Durables,Building Products,89.74,4.07,3.326,1.2236,93,0.32,30,0.01,-0.1,0.07,-0.61,-0.12,-0.191176,57,\N,2019-07-06 02:35:57
LK,Consumer Services,Restaurants,4250,19.59,0,0,1,\N,13,\N,\N,\N,\N,\N,\N,23,could not convert string to float: N/A,\N
LULU,Consumer Non-Durables,Apparel,23090,183.21,159.88,1.14592,86,6.86,87,0.55,0.71,0.71,1.65,0.74,0.172727,76,\N,2019-07-06 02:36:27
LITE,Capital Goods,Telecommunications Equipment,3690,53.15,50.557,1.0513,65,2.78,67,0.04,0.4,0.72,0.08,-0.98,-0.6,46,\N,2019-07-06 02:36:42
LMNX,Health Care,Medical/Dental Instruments,910.34,20.58,23.411,0.879091,23,2.93,68,0.3,0.13,0.04,-0.05,0.07,-0.657143,45,\N,2019-07-06 02:36:57
LUNA,Health Care,Biotechnology: Commercial Physical & Biological Re,118.78,4.58,3.935,1.16384,88,2.63,65,0,0.03,0.27,0.03,0.03,0.111111,73,\N,2019-07-06 02:37:12
LKCO,Technology,EDP Services,1180,6.65,0,0,1,0.44,33,1.3,1.8,1.3,1.7,2.3,1,100,\N,2019-07-06 02:37:27
LBC,Finance,Major Banks,590.21,11.27,10.205,1.10438,79,4.93,82,0.2,0.2,0.21,0.19,0.21,0.5,88,\N,2019-07-06 02:37:42
LYFT,Miscellaneous,Business Services,18610,59.39,0,0,1,\N,13,\N,\N,\N,\N,\N,\N,23,,\N
MBTF,Finance,Major Banks,229.22,10.41,10.219,1.01873,54,4.9,82,0.17,0.21,0.21,0.17,-0.22,-0.906977,41,\N,2019-07-06 02:38:12
MCBC,Finance,Major Banks,337.37,10.26,10.255,1.00044,47,4.43,80,0.17,0.2,0.2,0.21,0.22,1,99,\N,2019-07-06 02:38:27
MFNC,Finance,Major Banks,170.24,15.99,15.542,1.02882,58,3.09,69,0.24,0.05,0.29,0.34,0.3,0.206897,78,\N,2019-07-06 02:38:42
MTSI,Technology,Semiconductors,888.93,15.16,16.169,0.937618,32,1.78,57,-0.5,-1.32,-0.29,-0.44,-0.71,\N,23,\N,2019-07-06 02:38:56
MGNX,Health Care,Major Pharmaceuticals,801.39,16.35,17.117,0.955207,36,12.26,94,-1.34,-1.03,-0.81,-1.06,-0.99,\N,23,\N,2019-07-06 02:39:10
MDGL,Health Care,Major Pharmaceuticals,1520,101.64,115.022,0.883658,24,\N,13,\N,\N,\N,\N,\N,\N,23,could not convert string to float: N/A,\N
MAGS,Capital Goods,Telecommunications Equipment,107.62,5.18,5.043,1.02719,57,1.24,50,-0.01,0.07,0.06,-0.01,-0.02,-0.111111,60,\N,2019-07-06 02:39:26
MGLN,Health Care,Hospital/Nursing Management,1580,74.19,65.745,1.12846,83,0.25,28,0.45,0.53,1.09,-1.16,0.02,-0.191111,57,\N,2019-07-06 02:39:40
MGTA,Health Care,Major Pharmaceuticals,581.56,13.76,12.999,1.05856,67,\N,13,\N,\N,\N,\N,\N,\N,23,could not convert string to float: N/A,\N
MGIC,Technology,Computer Software: Prepackaged Software,434.64,9.18,8.627,1.06409,69,1.58,55,0.1,0.13,0.1,0.06,0.11,0.142857,75,\N,2019-07-06 02:39:56
MGYR,Finance,Savings Institutions,70.7,12.18,11.789,1.03314,59,3.28,71,0.07,0.1,0.12,0.12,0.13,1,99,\N,2019-07-06 02:40:12
MHLD,Finance,Property-Casualty Insurers,56.47,0.71,0.927,0.76564,13,0.03,22,0.16,-0.07,-3.72,-3.25,-0.44,\N,23,\N,2019-07-06 02:40:26
MNSB,Finance,Major Banks,177.3,22.97,21.838,1.05185,66,5.54,84,0.12,0.29,0.26,0.35,0.39,1,99,\N,2019-07-06 02:40:42
MJCO,Technology,Computer Software: Prepackaged Software,363.5,9.19,7.757,1.1848,90,2.71,66,0.01,0.03,0.07,0.05,0.03,0.333333,83,\N,2019-07-06 02:40:57
MMYT,Consumer Services,Transportation Services,1480,27.58,26.214,1.0521,66,5.89,85,-0.45,-0.42,-0.5,-0.45,-0.28,\N,23,\N,2019-07-06 02:41:12
MBUU,Capital Goods,Marine Transportation,759.4,40.03,40.366,0.991683,44,1.33,51,0.76,0.6,0.54,0.68,1.01,0.531915,89,\N,2019-07-06 02:41:26
MLVF,Finance,Savings Institutions,160.74,21.81,20.564,1.06058,68,6.15,86,0.31,0.35,0.41,0.27,0.26,-0.333333,52,\N,2019-07-06 02:41:41
MAMS,Technology,Computer Software: Prepackaged Software,121.1,11.06,8.7,1.27124,95,3.74,75,0.1,0.08,0.1,0.06,0.07,-0.75,43,\N,2019-07-06 02:42:12
TUSK,Energy,Oilfield Services/Equipment,296.63,7.5,16.691,0.44934,4,0.24,27,1.24,0.95,1.54,1.51,0.63,-0.67033,44,\N,2019-07-06 02:42:26
MANH,Technology,Computer Software: Prepackaged Software,4320,70.36,57.882,1.21558,93,7.88,89,0.33,0.42,0.43,0.4,0.32,-0.0909091,61,\N,2019-07-06 02:42:41
LOAN,Consumer Services,Real Estate Investment Trusts,60.47,6.56,6.171,1.06301,68,11.16,93,0.12,0.12,0.13,0.11,0.12,0,67,\N,2019-07-06 02:42:55
MNTX,Technology,Industrial Machinery/Components,104.32,6,7,0.857152,21,0.5,35,-0.09,-0.05,0.01,-0.55,0.05,0.233333,79,\N,2019-07-06 02:43:09
MTEX,Consumer Durables,Specialty Chemicals,39.92,16.51,18.104,0.91197,27,0.23,27,-0.1,-0.14,-0.69,-0.66,0.28,\N,23,\N,2019-07-06 02:43:23
MNKD,Health Care,Major Pharmaceuticals,210.32,1.15,1.462,0.786397,14,5.3,83,-0.25,-0.16,-0.16,-0.04,-0.08,\N,23,\N,2019-07-06 02:43:38
MANT,Consumer Services,Other Consumer Services,1730,66.31,57.933,1.14459,86,1.33,51,0.51,0.5,0.55,0.5,0.53,0.4,85,\N,2019-07-06 02:43:54
MARA,Miscellaneous,Multi-Sector Companies,17.05,2.76,2.408,1.14621,86,11.35,93,-0.64,-0.92,-0.24,-0.72,-0.16,\N,23,\N,2019-07-06 02:44:09
MCHX,Miscellaneous,Business Services,179.59,4.77,4.412,1.08122,74,2.25,62,-0.02,-0.02,-0.01,-0.01,-0.03,\N,23,\N,2019-07-06 02:44:23
MRIN,Technology,EDP Services,16.04,2.53,4.461,0.567187,6,0.26,28,-1.59,-1.44,-3.71,-0.48,-0.77,\N,23,\N,2019-07-06 02:44:38
MARPS,Energy,Oil & Gas Production,4.48,2.19,2.278,0.961299,37,4.81,81,0.09,0.1,0.11,0.07,0.05,-0.666667,45,\N,2019-07-06 02:44:52
MRNS,Health Care,Major Pharmaceuticals,192.88,4.46,3.963,1.12529,82,\N,13,\N,\N,\N,\N,\N,\N,23,could not convert string to float: N/A,\N
MRKR,Health Care,Major Pharmaceuticals,347.5,8.15,5.933,1.37357,98,\N,13,\N,\N,\N,\N,\N,\N,23,invalid literal for float(): 1\,799.56,\N
MKTX,Finance,Investment Bankers/Brokers/Service,12030,341.9,259.444,1.31782,97,29.69,98,1.27,1.07,1.02,1.21,1.39,0.324324,83,\N,2019-07-06 02:45:10
MRLN,Finance,Major Banks,281.56,23.08,22.725,1.01564,53,2.73,66,0.5,0.52,0.47,0.51,0.41,-0.818182,42,\N,2019-07-06 02:45:26
MAR,Consumer Services,Hotels/Resorts,44380,142.01,125.383,1.13261,84,9,91,1.09,1.71,1.38,0.92,1.09,0,67,\N,2019-07-06 02:45:41
MBII,Basic Industries,Agricultural Chemicals,155.01,1.45,1.532,0.946626,33,6.4,86,-0.04,-0.04,-0.04,-0.08,-0.04,\N,23,\N,2019-07-06 02:45:56
MRTN,Transportation,Trucking Freight/Courier Services,916.36,18.15,18.467,0.982833,42,1.23,50,0.19,0.25,0.28,0.29,0.25,0.6,90,\N,2019-07-06 02:46:10
MMLP,Energy,Oil Refining/Marketing,268.27,7,10.272,0.68146,9,0.29,29,0.32,-0.18,1,-0.02,-0.09,-0.347458,52,\N,2019-07-06 02:46:25
MRVL,Technology,Semiconductors,15470,24.3,21.042,1.15486,87,5.37,84,0.25,0.01,-0.08,-0.4,-0.07,-0.492308,48,\N,2019-07-06 02:46:40
MASI,Health Care,Biotechnology: Electromedical & Electrotherapeutic,7700,149.87,131.458,1.14006,85,9.06,91,0.82,0.79,1.02,0.83,0.87,0.217391,79,\N,2019-07-06 02:47:03
MCFT,Capital Goods,Marine Transportation,373.92,21.01,22.319,0.941347,32,0.86,43,0.61,0.7,0.45,0.54,0.68,0.28,81,\N,2019-07-06 02:47:26
MTCH,Technology,Computer Software: Programming\, Data Processing,18870,72.28,59.218,1.22058,93,11.08,93,0.33,0.45,0.44,0.39,0.42,0.75,93,\N,2019-07-06 02:47:56
MTLS,Technology,Computer Software: Prepackaged Software,950.98,17.5,17.029,1.02767,58,\N,13,\N,\N,\N,\N,\N,\N,23,could not convert string to float: N/A,\N
MTRX,Basic Industries,Engineering & Construction,519.79,20.38,20.024,1.01776,54,\N,13,\N,\N,\N,\N,\N,\N,23,,\N
MAT,Consumer Non-Durables,Recreational Products/Toys,3600,11.63,12.448,0.934297,31,0.88,43,-0.9,-0.7,0.02,0.04,-0.53,0.393617,85,\N,2019-07-06 02:48:45
MATW,Capital Goods,Metal Fabrications,1070,35,38.531,0.908356,26,0.7,39,0.57,0.77,0.92,0.1,0.48,-0.109756,60,\N,2019-07-06 02:49:07
MXIM,Technology,Semiconductors,15710,60.2,55.457,1.08553,75,6.76,87,0.68,0.68,0.7,0.47,0.47,-0.913043,40,\N,2019-07-06 02:49:21
MGRC,Technology,Diversified Commercial Services,1470,62.93,56.719,1.10951,80,2.98,69,0.59,0.65,1.01,0.99,0.75,0.380952,84,\N,2019-07-06 02:49:36
MDCA,Technology,Advertising,183.35,2.6,2.652,0.98037,41,0.13,24,-0.56,0.02,-0.32,-1.46,-0.04,0.351351,84,\N,2019-07-06 02:49:50
MDJH,Finance,Real Estate,34.75,2.609,0,0,1,\N,13,\N,\N,\N,\N,\N,\N,23,list index out of range,\N
MDRR,Consumer Services,Real Estate Investment Trusts,19.78,4.8,6.865,0.699156,10,\N,13,\N,\N,\N,\N,\N,\N,23,could not convert string to float: N/A,\N
MFIN,Finance,Finance: Consumer Services,156.21,6.12,6.325,0.967665,38,0.96,45,-0.62,-0.6,-0.19,0.38,0.05,0.67,92,\N,2019-07-06 02:50:21
MNOV,Health Care,Major Pharmaceuticals,405.21,9.6,9.613,0.998666,46,\N,13,\N,\N,\N,\N,\N,\N,23,could not convert string to float: N/A,\N
MDSO,Technology,Computer Software: Prepackaged Software,5650,90.66,80.095,1.1319,84,8.56,90,0.17,0.27,0.17,0.23,0.18,0.1,72,\N,2019-07-06 02:50:37
MDGS,Health Care,Medical/Dental Instruments,8.73,2.325,2.719,0.855046,20,\N,13,\N,\N,\N,\N,\N,\N,22,,\N
MDWD,Consumer Durables,Specialty Chemicals,86.97,3.25,4.553,0.713864,11,26.76,97,-0.17,-0.15,-0.11,0.39,-0.15,0.0357143,69,\N,2019-07-06 02:51:06
MEDP,Health Care,Biotechnology: Commercial Physical & Biological Re,2220,64.59,58.702,1.1003,78,3.12,70,0.4,0.45,0.52,0.61,0.51,0.52381,88,\N,2019-07-06 02:51:20
MEIP,Health Care,Major Pharmaceuticals,184.64,2.3,2.872,0.800968,15,38,98,-0.16,-0.41,-0.21,-0.15,-0.24,\N,22,\N,2019-07-06 02:51:36
MGTX,Health Care,Biotechnology: Biological Products (No Diagnostic ,766.21,26.95,17.581,1.53293,99,\N,13,\N,\N,\N,\N,\N,\N,22,invalid literal for float(): 1\,185.53,\N
MLCO,Consumer Services,Hotels/Resorts,9830,23.53,22.145,1.06255,68,0.27,28,0.32,0.11,0.02,0.27,0.26,-0.2,56,\N,2019-07-06 02:51:50
MLNT,Health Care,Major Pharmaceuticals,70.21,7.17,4.673,1.5343,99,0.75,40,-4.75,-6.9,-2.5,-3.94,-2.34,\N,22,\N,2019-07-06 02:52:05
MLNX,Technology,Semiconductors,6080,112.16,107.761,1.04083,62,5.42,84,0.71,0.3,0.68,0.78,0.87,0.280702,81,\N,2019-07-06 02:52:20
MELR,Finance,Major Banks,43.73,17.77,18.578,0.956516,36,5.22,83,0.2,0.16,0.18,0.19,0.14,-1,39,\N,2019-07-06 02:52:35
MNLO,Health Care,Major Pharmaceuticals,144.09,5.4,6.675,0.809049,16,12.53,94,-0.72,-0.36,-0.56,-0.76,-0.81,\N,22,\N,2019-07-06 02:52:50
MTSL,Public Utilities,Telecommunications Equipment,3.33,1.13,1.586,0.712368,10,0.65,38,-1.56,-0.3,0.03,-0.04,-0.27,0.811321,94,\N,2019-07-06 02:53:04
MELI,Miscellaneous,Business Services,30310,638.18,479.203,1.33175,97,19.56,96,-0.29,-0.25,-0.23,-0.05,0.13,\N,22,\N,2019-07-06 02:53:19
MBWM,Finance,Major Banks,519.95,32.74,32.841,0.996923,46,3.91,76,0.66,0.57,0.61,0.7,0.72,0.4,85,\N,2019-07-06 02:53:35
MERC,Basic Industries,Paper,963.22,15.03,14.338,1.04826,65,0.63,38,0.39,0.26,0.63,0.68,0.78,0.75,93,\N,2019-07-06 02:53:49
MBIN,Finance,Major Banks,448.93,17.09,20.504,0.833488,18,3.71,74,0.5,0.52,0.55,0.51,0.34,-0.761905,43,\N,2019-07-06 02:54:19
MBINP,Finance,Major Banks,53.64,27.25,0,0,1,\N,13,\N,\N,\N,\N,\N,\N,22,could not convert string to float: ,\N
MRCY,Capital Goods,Electrical Products,3700,69.61,63.411,1.09776,77,6.2,86,0.08,0.21,0.16,0.26,0.29,1,99,\N,2019-07-06 02:54:49
MREO,Health Care,Major Pharmaceuticals,65.68,2.51,0,0,1,\N,13,\N,\N,\N,\N,\N,\N,22,could not convert string to float: N/A,\N
EBSB,Finance,Major Banks,916.11,19,16.42,1.15712,88,5.95,85,0.23,0.27,0.33,0.24,0.29,0.6,90,\N,2019-07-06 02:55:04
VIVO,Health Care,Biotechnology: In Vitro & In Vivo Diagnostic Subst,485.54,11.89,14.295,0.831788,18,2.44,64,0.12,0.16,0.13,0.19,0.17,0.714286,93,\N,2019-07-06 02:55:18
MMSI,Health Care,Medical/Dental Instruments,3240,58.7,57.028,1.02932,58,3.49,73,0.1,0.21,0.3,0.16,0.11,0.05,70,\N,2019-07-06 02:55:33
MACK,Health Care,Major Pharmaceuticals,77.12,5.81,5.884,0.987467,43,\N,13,\N,\N,\N,\N,\N,\N,22,could not convert string to float: N/A,\N
MRSN,Health Care,Major Pharmaceuticals,203.75,4.03,4.825,0.835253,18,3.92,76,-0.54,-0.54,-0.74,-0.97,0.7,\N,22,\N,2019-07-06 02:55:48
MRUS,Health Care,Major Pharmaceuticals,324.74,14.55,13.554,1.07345,71,\N,13,\N,\N,\N,\N,\N,\N,22,could not convert string to float: N/A,\N
MESA,Transportation,Air Freight/Delivery Services,276.34,9.64,9.009,1.07,70,0.42,33,0.1,-0.89,0.65,0.55,0.38,0.181818,77,\N,2019-07-06 02:56:04
MLAB,Capital Goods,Industrial Machinery/Components,930.8,240.84,229.401,1.04987,65,9.03,91,1.08,1.06,0.25,0.21,0.35,-0.83908,41,\N,2019-07-06 02:56:18
MESO,Health Care,Biotechnology: Biological Products (No Diagnostic ,554.54,5.33,4.91,1.08545,75,31.29,98,-0.22,-0.22,-0.2,-0.25,-0.25,\N,22,\N,2019-07-06 02:56:33
CASH,Finance,Savings Institutions,1080,28.18,23.703,1.1889,91,3.12,70,1.08,0.23,0.24,0.39,0.81,-0.317647,53,\N,2019-07-06 02:56:47
MEOH,Basic Industries,Major Chemicals,3420,45.4,52.859,0.858896,21,0.95,44,2,1.36,1.61,1.68,0.5,-1,39,\N,2019-07-06 02:57:01
MGEE,Energy,Electric Utilities: Central,2610,73.85,66.282,1.11417,81,4.66,81,0.58,0.53,0.85,0.47,0.69,0.289474,82,\N,2019-07-06 02:57:16
MGPI,Consumer Non-Durables,Beverages (Production/Distribution),1040,68.99,71.22,0.968684,38,3.11,70,0.52,0.44,0.52,0.69,0.57,0.2,78,\N,2019-07-06 02:57:31
MBOT,Health Care,Biotechnology: Biological Products (No Diagnostic ,21.19,5.12,7.001,0.731365,11,\N,13,\N,\N,\N,\N,\N,\N,22,could not convert string to float: N/A,\N
MCHP,Technology,Semiconductors,19970,89.23,85.712,1.04105,62,3.97,76,0.58,0.14,0.38,0.2,0.7,0.214286,78,\N,2019-07-06 02:57:47
MU,Technology,Semiconductors,36170,39.42,38.251,1.03055,59,1.61,55,3.1,3.56,2.81,1.42,0.74,-0.836879,42,\N,2019-07-06 02:58:02
MSFT,Technology,Computer Software: Prepackaged Software,1022450,137.06,118.346,1.15813,88,8.59,90,0.95,1.14,1.14,1.08,1.14,1,99,\N,2019-07-06 02:58:17
MSTR,Technology,Computer Software: Prepackaged Software,1440,140.24,139.558,1.00489,49,2.94,68,0.15,0.42,1.1,0.3,-0.77,-0.491979,48,\N,2019-07-06 02:58:31
MVIS,Capital Goods,Industrial Machinery/Components,78.16,0.81,0.915,0.88484,24,4.71,81,-0.09,-0.1,0,-0.13,-0.08,0.0769231,72,\N,2019-07-06 02:58:46
MICT,Capital Goods,Electrical Products,9.03,0.764,1.05,0.727714,11,0.91,44,-0.1,0.38,-0.28,-0.28,-0.09,0.0151515,68,\N,2019-07-06 02:59:01
MPB,Finance,Major Banks,200.98,25.58,24.338,1.05103,65,3.14,70,0.17,0.45,0.28,0.59,0.48,0.738095,93,\N,2019-07-06 02:59:14
MTP,Health Care,Major Pharmaceuticals,276.34,1.32,2.184,0.604436,7,\N,13,\N,\N,\N,\N,\N,\N,22,could not convert string to float: N/A,\N
MCEP,Energy,Oil & Gas Production,13.85,0.42,0.795,0.528327,5,0.2,26,-0.37,-0.26,-0.14,0.02,-0.16,0.538462,89,\N,2019-07-06 02:59:44
MBCN,Finance,Major Banks,129.1,41.39,41.396,0.999865,47,3.1,70,0.8,0.96,1.02,1.05,0.92,0.48,87,\N,2019-07-06 02:59:58
MSEX,Public Utilities,Water Supply,989.1,62.28,57.272,1.08745,75,7.65,89,0.27,0.52,0.74,0.43,0.39,0.255319,80,\N,2019-07-06 03:00:13
MSBI,Finance,Major Banks,629.26,26.4,25.048,1.05397,66,2.52,64,0.08,0.52,0.35,0.68,0.57,0.816667,95,\N,2019-07-06 03:01:11
MSVB,Finance,Savings Institutions,45.42,12.65,12.557,1.0074,50,5.69,85,0.09,0.2,0.08,0.15,0.11,0.166667,76,\N,2019-07-06 03:01:25
MOFG,Finance,Major Banks,425.91,28,28.273,0.99034,44,3.69,74,0.64,0.67,0.55,0.62,0.6,-0.333333,52,\N,2019-07-06 03:01:41
MIST,Health Care,Major Pharmaceuticals,544.92,22.47,0,0,1,\N,13,\N,\N,\N,\N,\N,\N,22,could not convert string to float: N/A,\N
MLND,Health Care,Major Pharmaceuticals,156.75,12.55,13.093,0.958503,36,\N,13,\N,\N,\N,\N,\N,\N,22,could not convert string to float: N/A,\N
TIGO,Public Utilities,Telecommunications Equipment,5620,57.35,0,0,1,1.41,52,0.17,-0.01,0.68,-0.94,0.14,-0.0185185,65,\N,2019-07-06 03:01:58
MIME,Technology,Computer Software: Prepackaged Software,2760,46.88,44.649,1.04996,65,8.41,90,-0.11,-0.06,-0.03,0.01,-0.03,0.666667,92,\N,2019-07-06 03:02:13
MNDO,Technology,EDP Services,42.8,2.2,2.276,0.966563,38,2.37,63,0.06,0.06,0.07,0.07,0.08,1,99,\N,2019-07-06 03:02:27
NERV,Health Care,Major Pharmaceuticals,217.37,6.82,6.854,0.995088,45,\N,13,\N,\N,\N,\N,\N,\N,22,could not convert string to float: N/A,\N
MGEN,Health Care,Medical Specialities,71.76,2.24,2.823,0.793467,15,17.2,96,-0.18,-0.29,-0.29,-0.33,-0.38,\N,22,\N,2019-07-06 03:02:43
MRTX,Health Care,Major Pharmaceuticals,3680,107.07,73.337,1.45997,99,796.17,100,-0.51,-0.94,-0.85,-0.87,-1.17,\N,22,\N,2019-07-06 03:02:57
MSON,Capital Goods,Medical Specialities,239.87,25.93,19.936,1.30066,96,6.24,86,0.23,-0.2,-0.29,-0.09,-0.17,\N,22,\N,2019-07-06 03:03:12
MIND,Technology,Diversified Commercial Services,47.18,3.95,3.845,1.02738,57,1.06,47,-0.52,-0.41,-0.47,-0.38,-0.24,\N,22,\N,2019-07-06 03:03:27
MINDP,Technology,Diversified Commercial Services,19.47,24.4,23.868,1.02231,56,\N,13,\N,\N,\N,\N,\N,\N,22,could not convert string to float: ,\N
MITK,Technology,Computer peripheral equipment,379.35,10,10.905,0.916995,28,5.43,84,-0.03,-0.08,-0.06,-0.08,-0.02,\N,22,\N,2019-07-06 03:03:56
MKSI,Capital Goods,Industrial Machinery/Components,4000,78.02,82.101,0.950298,34,2.18,61,1.9,2.22,1.7,1.32,0.23,-0.839196,41,\N,2019-07-06 03:04:11
MMAC,Finance,Real Estate,200.07,32.7,30.4,1.07565,72,17.3,96,3.25,0.42,1.41,4.9,0.49,-0.616071,46,\N,2019-07-06 03:04:25
MINI,Capital Goods,Metal Fabrications,1330,30.33,34.162,0.887833,24,2.26,62,0.33,0.33,-1.18,0.53,0.4,0.0409357,70,\N,2019-07-06 03:04:40
MOBL,Technology,Computer Software: Prepackaged Software,618.63,6.23,5.314,1.17233,89,3.43,72,-0.17,-0.12,-0.07,-0.07,-0.16,\N,22,\N,2019-07-06 03:04:54
MMDM,Consumer Services,Broadcasting,230.82,11.95,10.464,1.14204,86,\N,13,\N,\N,\N,\N,\N,\N,22,could not convert string to float: N/A,\N
MRNA,Health Care,Biotechnology: Biological Products (No Diagnostic ,4530,14.96,19.762,0.757024,13,\N,13,\N,\N,\N,\N,\N,\N,22,,\N
MOGO,Finance,Finance: Consumer Services,85.69,3.15,2.828,1.11398,81,\N,13,\N,\N,\N,\N,\N,\N,22,could not convert string to float: N/A,\N
MWK,Consumer Durables,Home Furnishings,124.01,7.64,187.323,0.040785,2,\N,13,\N,\N,\N,\N,\N,\N,22,,\N
MTEM,Health Care,Major Pharmaceuticals,288.64,7.82,6.09,1.28398,96,13.62,94,-0.32,-0.36,-0.19,-0.18,-0.17,\N,22,\N,2019-07-06 03:05:57
MBRX,Health Care,Major Pharmaceuticals,54.23,1.19,1.258,0.945682,33,\N,13,\N,\N,\N,\N,\N,\N,22,could not convert string to float: N/A,\N
MNTA,Health Care,Biotechnology: Biological Products (No Diagnostic ,1190,12.21,12.956,0.942391,32,16.09,95,-0.63,-0.91,-0.65,-0.1,-0.46,\N,22,\N,2019-07-06 03:06:11
MOMO,Technology,Computer Software: Prepackaged Software,6910,35.02,32.524,1.07673,72,\N,13,\N,\N,\N,\N,\N,\N,22,could not convert string to float: N/A,\N
MKGI,Consumer Services,Transportation Services,32.14,2.84,2.49,1.14079,85,54.33,99,-0.86,-0.11,0.64,-0.24,0.23,0.726667,93,\N,2019-07-06 03:06:28
MCRI,Consumer Services,Hotels/Resorts,752.7,44.31,43.223,1.02515,57,3.32,71,0.36,0.5,0.58,0.39,0.38,0.0909091,72,\N,2019-07-06 03:06:43
MDLZ,Consumer Non-Durables,Packaged Foods,79920,55.5,48.941,1.13402,84,3.06,69,0.62,0.22,0.81,0.56,0.63,0.0169492,68,\N,2019-07-06 03:06:57
MGI,Miscellaneous,Business Services,142.15,2.42,2.258,1.07156,71,0.11,24,0.11,0.03,-0.32,-0.19,-0.21,-0.744186,43,\N,2019-07-06 03:07:11
MDB,Technology,Computer Software: Prepackaged Software,8770,155.9,124.153,1.25571,95,28,97,-0.58,-0.61,-0.59,-0.41,-0.61,\N,22,\N,2019-07-06 03:07:26
MNCL,Finance,Business Services,220.57,9.93,0,0,1,\N,13,\N,\N,\N,\N,\N,\N,22,could not convert string to float: N/A,\N
MPWR,Technology,Semiconductors,5350,137.12,133.347,1.02829,58,9.77,92,0.49,0.55,0.71,0.61,0.58,0.409091,85,\N,2019-07-06 03:07:41
TYPE,Technology,EDP Services,701.28,17.43,17.838,0.977135,40,3.02,69,-0.03,0.02,0.08,0.23,0.06,0.346154,84,\N,2019-07-06 03:07:56
MNRO,Consumer Services,Automotive Aftermarket,2770,87.02,79.562,1.09374,76,2.42,64,0.53,0.62,0.65,0.61,0.5,-0.2,56,\N,2019-07-06 03:08:10
MNST,Consumer Non-Durables,Beverages (Production/Distribution),34420,65.92,58.646,1.12402,82,9,91,0.38,0.48,0.48,0.43,0.48,1,99,\N,2019-07-06 03:08:24
MORN,Finance,Investment Managers,6020,146.41,129.334,1.13203,84,6.06,86,0.98,0.97,1.32,0.99,0.77,-0.381818,51,\N,2019-07-06 03:08:40
MOR,Health Care,Major Pharmaceuticals,3130,25.32,25.496,0.993107,45,\N,13,\N,\N,\N,\N,\N,\N,22,could not convert string to float: N/A,\N
MOSY,Technology,Semiconductors,7.9,0.19,0.191,0.997195,46,0.53,35,0.04,0.04,-0.34,-0.25,0,-0.105263,60,\N,2019-07-06 03:08:55
MTFB,Health Care,Major Pharmaceuticals,12.33,0.656,3.672,0.17864,3,\N,13,\N,\N,\N,\N,\N,\N,22,could not convert string to float: N/A,\N
MPAA,Capital Goods,Auto Parts:O.E.M.,339.13,19.36,19.576,0.988941,43,0.74,40,0.47,-0.27,0.18,-0.16,-0.15,-0.837838,42,\N,2019-07-06 03:09:10
MOTS,Health Care,Medical/Dental Instruments,77.01,3.01,3.885,0.774842,14,\N,13,\N,\N,\N,\N,\N,\N,22,invalid literal for float(): 2\,574.04,\N
MPVD,Basic Industries,Precious Metals,224.82,0.94,1.064,0.883231,24,\N,13,\N,\N,\N,\N,\N,\N,22,could not convert string to float: N/A,\N
MOXC,Technology,Computer Software: Programming\, Data Processing,36.31,2.27,2.507,0.905614,26,69.03,99,-0.15,-0.15,-0.25,0,0,0.6,90,\N,2019-07-06 03:09:26
COOP,Finance,Finance: Consumer Services,657.33,8.14,10.811,0.752927,12,\N,13,\N,\N,\N,\N,\N,\N,22,,\N
MSBF,Finance,Savings Institutions,83.19,15.7,17.239,0.910725,27,4.61,80,0.19,0.23,0.24,0.24,0.1,-0.642857,45,\N,2019-07-06 03:10:11
MTBC,Technology,Computer Software: Prepackaged Software,56.29,4.89,4.666,1.04795,64,1.01,46,-0.06,-0.09,-0.25,-0.19,-0.15,\N,22,\N,2019-07-06 03:10:26
MTBCP,Technology,Computer Software: Prepackaged Software,18.77,27.34,27.026,1.01163,51,\N,13,\N,\N,\N,\N,\N,\N,22,could not convert string to float: ,\N
MTSC,Capital Goods,Industrial Machinery/Components,1020,57.85,53.105,1.08935,75,1.24,50,0.44,0.47,0.56,0.54,0.73,1,99,\N,2019-07-06 03:10:55
MUDS,Finance,Business Services,264.29,10.19,10.053,1.01365,52,\N,13,\N,\N,\N,\N,\N,\N,22,could not convert string to float: N/A,\N
LABL,Miscellaneous,Publishing,1030,50.01,48.087,1.03998,62,0.6,37,1.08,0.88,1.16,0.55,-4.02,-0.984556,39,\N,2019-07-06 03:11:10
MBIO,Health Care,Major Pharmaceuticals,138.09,3.5,3.765,0.929709,30,\N,13,\N,\N,\N,\N,\N,\N,22,could not convert string to float: N/A,\N
MFSF,Finance,Major Banks,270.59,32.58,29.848,1.09152,76,3.24,71,0.5,0.48,0.62,0.61,0.6,0.714286,93,\N,2019-07-06 03:11:26
MVBF,Finance,Major Banks,194.52,16.89,16.408,1.02937,58,2.17,61,0.23,0.25,0.29,0.24,0.26,0.5,88,\N,2019-07-06 03:11:40
MYSZ,Technology,Computer Software: Prepackaged Software,19.75,0.656,0.753,0.871482,22,979.73,100,-0.2,0.02,-0.05,-0.01,-0.05,0.681818,92,\N,2019-07-06 03:11:55
MYL,Health Care,Major Pharmaceuticals,9610,19.49,25.437,0.76622,13,0.88,43,0.17,0.07,0.34,0.1,-0.05,-0.564103,47,\N,2019-07-06 03:12:09
MYND,Health Care,Hospital/Nursing Management,14.99,1.62,1.351,1.19954,91,13.06,94,-0.61,-0.46,-0.2,-0.32,-0.27,\N,22,\N,2019-07-06 03:12:23
MYOK,Health Care,Major Pharmaceuticals,2110,49.17,47.536,1.03437,60,78.04,99,-0.5,-0.49,-0.39,-0.38,-0.93,\N,22,\N,2019-07-06 03:12:38
MYOS,Health Care,Major Pharmaceuticals,15.13,1.42,1.477,0.961289,37,\N,13,\N,\N,\N,\N,\N,\N,22,,\N
MYRG,Basic Industries,Water Supply,588.49,37.26,33.662,1.1069,79,0.37,31,0.34,0.41,0.48,0.64,0.44,0.333333,83,\N,2019-07-06 03:13:06
MYGN,Health Care,Biotechnology: In Vitro & In Vivo Diagnostic Subst,1660,27.65,29.263,0.944885,33,2.36,63,0.16,0.18,-0.01,0.03,0.09,-0.368421,51,\N,2019-07-06 03:13:21
NBRV,Health Care,Major Pharmaceuticals,153.57,2.43,2.302,1.05572,66,50.64,98,-0.36,-0.44,-0.9,-0.41,-0.29,\N,22,\N,2019-07-06 03:13:35
NAKD,Consumer Non-Durables,Apparel,13.96,0.152,0.424,0.358418,3,\N,13,\N,\N,\N,\N,\N,\N,22,could not convert string to float: N/A,\N
NNDM,Technology,Electrical Products,16.6,0.515,0.78,0.66036,8,3.05,69,-0.25,-0.2,-0.2,-0.2,-0.1,\N,22,\N,2019-07-06 03:13:51
NANO,Capital Goods,Industrial Machinery/Components,827.29,33.79,30.744,1.09907,78,2.64,65,0.67,0.72,0.47,0.49,0.12,-0.916667,40,\N,2019-07-06 03:14:05
NSTG,Health Care,Biotechnology: Biological Products (No Diagnostic ,919.99,29.13,24.665,1.18103,90,9.17,91,-0.75,-0.8,-0.56,-0.68,-0.69,\N,21,\N,2019-07-06 03:14:20
NAOV,Health Care,Industrial Specialties,12.59,2.8,3.585,0.781005,14,35.71,98,-0.12,-0.13,-0.21,-0.18,-0.4,\N,21,\N,2019-07-06 03:14:35
NH,Technology,EDP Services,64.12,0.55,0.715,0.769428,13,0.64,38,-0.2,-0.21,-0.89,-0.45,-0.18,\N,21,\N,2019-07-06 03:14:50
NK,Health Care,Biotechnology: Biological Products (No Diagnostic ,108.54,1.1,1.197,0.918659,28,\N,13,\N,\N,\N,\N,\N,\N,21,invalid literal for float(): 2\,266.23,\N
NSSC,Capital Goods,Telecommunications Equipment,520.62,25.63,22.641,1.13202,84,4.71,81,0.1,0.2,0.08,0.15,0.17,0.583333,90,\N,2019-07-06 03:15:05
NDAQ,Finance,Investment Bankers/Brokers/Service,16240,101.05,88.906,1.1366,85,3.95,76,1.05,0.97,0.97,-0.27,1.48,0.245714,80,\N,2019-07-06 03:15:35
NTRA,Health Care,Medical Specialities,1820,26.32,19.029,1.38314,98,6.99,88,-0.61,-0.62,-0.49,-0.51,-0.54,\N,21,\N,2019-07-06 03:15:50
NATH,Consumer Services,Restaurants,304.14,76.64,69.861,1.09704,77,3.23,71,0.08,1.13,1.06,2.3,0.59,0.22973,79,\N,2019-07-06 03:16:05
NKSH,Finance,Major Banks,243.7,38.18,39.195,0.974105,39,5.45,84,0.47,0.58,0.61,0.66,0.65,0.947368,97,\N,2019-07-06 03:16:19
FIZZ,Consumer Non-Durables,Beverages (Production/Distribution),2010,45.47,60.913,0.746472,12,2.04,60,0.77,1.04,0.88,0.53,0.56,-0.411765,50,\N,2019-07-06 03:16:33
NCMI,Consumer Services,Advertising,503.02,7,7.074,0.989479,44,1.28,50,-0.03,0.05,0.14,0.21,-0.01,0.0833333,72,\N,2019-07-06 03:16:47
NESR,Energy,Oilfield Services/Equipment,757.74,8.29,9.155,0.90549,26,\N,13,\N,\N,\N,\N,\N,\N,21,,\N
NGHC,Finance,Property-Casualty Insurers,2650,23.02,24.187,0.951738,35,0.55,36,0.55,0.34,0.55,0.16,0.72,0.303571,82,\N,2019-07-06 03:17:16
NGHCN,Finance,Property-Casualty Insurers,4.94,23.94,22.253,1.0758,72,\N,13,\N,\N,\N,\N,\N,\N,21,could not convert string to float: ,\N
NGHCO,Finance,Property-Casualty Insurers,4.08,24.12,22.487,1.07263,71,\N,13,\N,\N,\N,\N,\N,\N,21,could not convert string to float: ,\N
NGHCP,Finance,Property-Casualty Insurers,55.04,24.44,23.285,1.04961,65,\N,13,\N,\N,\N,\N,\N,\N,21,could not convert string to float: ,\N
NHLD,Finance,Investment Bankers/Brokers/Service,34.18,2.67,3.069,0.870075,22,0.17,25,-0.18,0.06,-0.16,0.08,-0.22,-0.133333,59,\N,2019-07-06 03:18:13
NATI,Technology,Computer Software: Prepackaged Software,5270,42.33,43.952,0.963105,37,4.12,77,0.18,0.23,0.32,0.42,0.17,-0.04,64,\N,2019-07-06 03:18:27
NRC,Health Care,Biotechnology: Commercial Physical & Biological Re,1350,56.33,43.082,1.30751,96,11.66,93,0.17,0.28,0.27,0.3,0.32,1,99,\N,2019-07-06 03:18:42
NSEC,Finance,Life Insurance,31.36,11.13,12.145,0.916435,28,0.42,33,0.19,0.18,0.36,-0.42,0.97,0.561151,89,\N,2019-07-06 03:18:56
EYE,Health Care,Ophthalmic Goods,2410,30.05,30.008,1.00141,47,1.47,53,0.32,0.17,0.07,-0.24,0.21,-0.196429,57,\N,2019-07-06 03:19:10
NWLI,Finance,Life Insurance,920.39,260.43,279.161,0.932904,31,1.44,53,7.6,9.18,10.08,6.16,11.37,0.723608,93,\N,2019-07-06 03:19:25
NAII,Consumer Durables,Specialty Chemicals,84.2,11.75,11.82,0.994065,45,0.59,37,0.3,0.41,0.37,0.31,0.27,-0.214286,56,\N,2019-07-06 03:19:39
NHTC,Consumer Durables,Consumer Specialties,88.34,7.55,12.651,0.59678,7,0.52,35,0.78,0.8,0.67,0.49,-0.17,-0.979381,40,\N,2019-07-06 03:19:53
NATR,Health Care,Major Pharmaceuticals,163.63,8.91,8.9,1.00114,47,0.43,33,0.03,0,0.08,-0.15,0.09,0.25,80,\N,2019-07-06 03:20:07
BABY,Health Care,Biotechnology: Electromedical & Electrotherapeutic,839.94,25.63,27.703,0.925164,29,1.71,57,-0.1,-0.08,-0.17,-0.35,-0.89,\N,21,\N,2019-07-06 03:20:22
NAVI,Finance,Investment Bankers/Brokers/Service,3110,14.1,12.227,1.15318,87,2.21,62,0.47,0.31,0.43,0.28,0.52,0.208333,78,\N,2019-07-06 03:20:37
NMCI,Transportation,Marine Transportation,64.71,2.35,2.331,1.0081,50,\N,13,\N,\N,\N,\N,\N,\N,21,,\N
NBTB,Finance,Major Banks,1580,37.73,36.981,1.02026,55,3.97,76,0.59,0.64,0.68,0.65,0.66,0.777778,94,\N,2019-07-06 03:21:07
NCSM,Energy,Oilfield Services/Equipment,181.08,3.18,4.588,0.69311,9,0.66,38,0.23,-0.09,0.13,-4.51,-0.26,-0.103376,60,\N,2019-07-06 03:21:22
NEBU,Finance,Business Services,348.56,10.1,10.013,1.00869,50,\N,12,\N,\N,\N,\N,\N,\N,21,could not convert string to float: N/A,\N
NKTR,Health Care,Major Pharmaceuticals,6030,35.14,36.328,0.967289,38,5.16,83,-0.6,5.33,-0.56,-0.57,-0.68,-0.0133111,65,\N,2019-07-06 03:21:52
NMRD,Health Care,Medical/Dental Instruments,177.83,0.91,0.997,0.912717,27,\N,12,\N,\N,\N,\N,\N,\N,21,could not convert string to float: N/A,\N
NEOG,Health Care,Biotechnology: In Vitro & In Vivo Diagnostic Subst,3110,61.27,59.637,1.02737,57,7.57,89,0.32,0.33,0.29,0.31,0.25,-0.875,41,\N,2019-07-06 03:22:08
NEO,Health Care,Precision Instruments,2160,23.28,19.625,1.18627,90,7.24,88,-0.03,0.07,0.02,0,-0.03,0,67,\N,2019-07-06 03:22:22
NTGN,Health Care,Biotechnology: Biological Products (No Diagnostic ,131.46,4.5,5.385,0.835684,18,\N,12,\N,\N,\N,\N,\N,\N,21,could not convert string to float: N/A,\N
NEON,Capital Goods,Industrial Machinery/Components,23.23,2.79,2.865,0.973835,39,3.11,70,-0.1,-0.2,-0.14,-0.1,-0.07,\N,21,\N,2019-07-06 03:22:37
NEOS,Health Care,Major Pharmaceuticals,61.16,1.43,2.056,0.695412,10,1.3,51,-0.5,-0.52,-0.43,-0.23,-0.15,\N,21,\N,2019-07-06 03:22:52
NVCN,Health Care,Medical/Dental Instruments,45.93,4.99,5.468,0.912656,27,18.55,96,-380,-40,-7.8,4.15,-2.1,0.98373,97,\N,2019-07-06 03:23:06
NEPT,Health Care,Major Pharmaceuticals,354.58,4.43,3.739,1.18483,90,\N,12,\N,\N,\N,\N,\N,\N,21,could not convert string to float: N/A,\N
UEPS,Finance,Investment Bankers/Brokers/Service,214.2,4.18,3.872,1.07953,73,0.59,37,0.05,0.12,-0.09,-1.13,-0.96,-0.808,42,\N,2019-07-06 03:23:22
NETE,Technology,EDP Services,17.69,4.46,5.48,0.813835,16,0.3,29,-0.42,-0.23,-0.23,-0.4,-0.29,\N,21,\N,2019-07-06 03:23:36
NTAP,Technology,Electronic Components,14630,62.41,65.778,0.948793,34,2.44,64,0.99,1.05,0.91,0.98,1.59,0.882353,96,\N,2019-07-06 03:23:50
NTES,Miscellaneous,Business Services,32580,261.5,251.866,1.03825,61,\N,12,\N,\N,\N,\N,\N,\N,21,could not convert string to float: N/A,\N
NFLX,Consumer Services,Consumer Electronics/Video Chains,157530,380.55,352.425,1.0798,73,9.85,92,0.64,0.85,0.89,0.3,0.76,0.20339,78,\N,2019-07-06 03:24:05
NTGR,Public Utilities,Telecommunications Equipment,779.42,25.95,32.422,0.800392,15,0.76,40,0.17,-0.17,0.3,-0.41,0.39,0.275,81,\N,2019-07-06 03:24:19
NTCT,Technology,EDP Services,1890,26.24,26.618,0.985796,43,2.23,62,0.2,-0.78,-0.34,-0.05,0.24,0.0392157,69,\N,2019-07-06 03:24:33
NTWK,Technology,Computer Software: Prepackaged Software,64.9,5.72,6.719,0.851277,20,1.01,46,0.25,0.1,0.08,0.25,0.11,-0.823529,42,\N,2019-07-06 03:24:48
CUR,Health Care,Biotechnology: Biological Products (No Diagnostic ,5.69,0.31,0.436,0.711084,10,24.06,97,-0.14,-0.04,-0.12,-0.02,-0.17,\N,21,\N,2019-07-06 03:25:02
NBIX,Health Care,Biotechnology: Biological Products (No Diagnostic ,7380,85.19,82.61,1.03123,59,14.65,95,-0.47,-0.07,0.52,0.19,-1.12,-0.396341,51,\N,2019-07-06 03:25:17
NURO,Health Care,Medical/Dental Instruments,4.76,0.43,0.864,0.497571,5,0.26,28,0.08,0.04,0.08,-0.38,0.15,0.132075,74,\N,2019-07-06 03:25:32
STIM,Health Care,Medical/Dental Instruments,218.42,12.95,15.323,0.845161,19,4.28,79,-0.49,-30.6,-0.29,-0.35,-0.42,\N,21,\N,2019-07-06 03:25:46
NTRP,Health Care,Major Pharmaceuticals,107.46,7.48,5.552,1.34719,97,\N,12,\N,\N,\N,\N,\N,\N,21,could not convert string to float: N/A,\N
NBEV,Consumer Non-Durables,Beverages (Production/Distribution),330.22,4.5,5.528,0.814019,16,3.31,71,-0.07,-0.09,-0.08,-0.02,-0.02,\N,21,\N,2019-07-06 03:26:01
NFE,Public Utilities,Oil/Gas Transmission,1820,11.42,11.56,0.987857,43,\N,12,\N,\N,\N,\N,\N,\N,21,,\N
NYMT,Consumer Services,Real Estate Investment Trusts,1290,6.23,6.155,1.0122,51,7.04,88,0.2,0.2,0.2,0.02,0.21,0.0526316,70,\N,2019-07-06 03:26:47
NYMTN,Consumer Services,Real Estate Investment Trusts,132.84,24.48,23.572,1.03851,61,\N,12,\N,\N,\N,\N,\N,\N,21,could not convert string to float: ,\N
NYMTO,Consumer Services,Real Estate Investment Trusts,89.96,24.641,24.233,1.01683,53,\N,12,\N,\N,\N,\N,\N,\N,21,could not convert string to float: ,\N
NYMTP,Finance,Finance: Consumer Services,74.01,24.36,24.006,1.01476,53,\N,12,\N,\N,\N,\N,\N,\N,21,could not convert string to float: ,\N
NEWA,Basic Industries,Miscellaneous,60.53,5.4,6.543,0.825282,17,\N,12,\N,\N,\N,\N,\N,\N,21,list index out of range,\N
NWL,Consumer Non-Durables,Plastic Products,6280,15.32,16.641,0.920614,28,0.73,40,0.11,0.27,-15.52,0.46,-0.36,-0.0294118,64,\N,2019-07-06 03:27:59
NLNK,Health Care,Major Pharmaceuticals,58.15,1.46,1.656,0.881626,23,20.31,97,-0.49,-0.47,-0.2,-0.28,-0.27,\N,21,\N,2019-07-06 03:28:13
NMRK,Finance,Real Estate,1560,9.31,8.934,1.04209,63,0.81,42,0.12,0,0.43,0.09,0.08,-0.0930233,61,\N,2019-07-06 03:28:28
NWS,Consumer Services,Newspapers/Magazines,7990,13.91,12.609,1.10321,78,0.78,41,-1.94,-0.64,0.17,0.16,0.02,0.92891,96,\N,2019-07-06 03:28:43
NWSA,Consumer Services,Newspapers/Magazines,7750,13.46,12.41,1.08464,74,0.78,41,-1.94,-0.64,0.17,0.16,0.02,0.92891,96,\N,2019-07-06 03:28:57
NXST,Consumer Services,Broadcasting,4540,110.1,99.643,1.10494,79,1.83,58,1.01,1.86,2.12,3.22,1.15,0.0633484,71,\N,2019-07-06 03:29:11
NXTC,Health Care,Major Pharmaceuticals,325.73,16.63,0,0,1,\N,12,\N,\N,\N,\N,\N,\N,21,could not convert string to float: ,\N
NEXT,Public Utilities,Oil & Gas Production,670.58,5.93,4.918,1.20566,92,\N,12,\N,\N,\N,\N,\N,\N,21,could not convert string to float: N/A,\N
NXGN,Technology,EDP Services,1210,20.03,18.019,1.11162,80,2.45,64,-0.17,0.04,0.2,0.07,0.06,0.621622,91,\N,2019-07-06 03:29:40
BIMI,Capital Goods,Metal Fabrications,17.8,2.67,6.34,0.421151,4,2.76,67,-0.06,-0.06,-0.07,-0.22,-0.04,\N,21,\N,2019-07-06 03:29:55
NGM,Health Care,Major Pharmaceuticals,952.04,13.75,23.75,0.578958,6,\N,12,\N,\N,\N,\N,\N,\N,21,,\N
NODK,Finance,Property-Casualty Insurers,403.99,17.93,16.286,1.10094,78,1.73,57,0.27,0.01,0.44,0.67,0.62,0.530303,89,\N,2019-07-06 03:30:24
EGOV,Miscellaneous,Business Services,1060,16.47,16.114,1.02208,56,3.18,70,0.23,0.25,0.24,0.15,0.17,-0.6,46,\N,2019-07-06 03:30:38
NICE,Technology,Computer Manufacturing,8600,142.85,124.161,1.15052,87,5.96,85,0.37,0.54,0.62,0.98,0.58,0.344262,84,\N,2019-07-06 03:30:53
NICK,Finance,Finance Companies,71.19,9.1,9.62,0.945901,33,1.96,59,0.08,0.18,0.07,-0.12,-0.6,-0.871795,41,\N,2019-07-06 03:31:07
NCBS,Finance,Major Banks,581.12,63.56,58.002,1.09583,77,4.04,77,0.94,0.98,1.09,1.1,1.05,0.6875,92,\N,2019-07-06 03:31:22
NIHD,Public Utilities,Telecommunications Equipment,178.78,1.85,2.928,0.63191,7,0.32,30,-0.43,-0.99,-0.5,-0.04,-0.01,\N,21,\N,2019-07-06 03:31:48
NIU,Capital Goods,Auto Manufacturing,454.94,6.04,8.004,0.75464,13,\N,12,\N,\N,\N,\N,\N,\N,21,could not convert string to float: N/A,\N
LASR,Technology,Semiconductors,669.05,18.57,20.977,0.885248,24,\N,12,\N,\N,\N,\N,\N,\N,21,,\N
NMIH,Finance,Property-Casualty Insurers,1870,28.9,25.292,1.14266,86,6.59,87,0.34,0.37,0.36,0.46,0.48,1,99,\N,2019-07-06 03:32:21
NNBR,Capital Goods,Metal Fabrications,374.52,9.43,8.743,1.0786,73,0.49,34,-0.22,-0.89,-0.48,-5.25,-0.44,\N,21,\N,2019-07-06 03:33:19
NDLS,Consumer Services,Restaurants,297.08,8.07,7.231,1.11604,81,0.75,40,-0.09,-0.14,0.02,0,-0.04,0.3125,82,\N,2019-07-06 03:33:33
NDSN,Capital Goods,Industrial Machinery/Components,7730,138.66,133.878,1.03572,60,3.58,73,1.55,1.61,1.47,0.83,1.58,0.0384615,69,\N,2019-07-06 03:33:48
NSYS,Capital Goods,Industrial Machinery/Components,10.78,4,4.265,0.937942,32,0.09,23,-0.14,0.14,0.14,-0.07,-0.14,0,67,\N,2019-07-06 03:34:05
NBN,Finance,Major Banks,176.13,21.25,20.392,1.04207,63,2.94,68,0.43,0.48,0.49,0.56,0.52,0.692308,92,\N,2019-07-06 03:34:19
NTIC,Capital Goods,Industrial Specialties,112.85,12,13.645,0.879413,23,1.98,59,0.14,0.23,0.23,0.16,0.15,0.111111,73,\N,2019-07-06 03:34:34
NTRS,Finance,Major Banks,18670,93.92,91.011,1.03197,59,3.4,72,1.58,1.68,1.58,1.8,1.48,-0.3125,53,\N,2019-07-06 03:34:47
NTRSP,Finance,Major Banks,5560,25.37,25.683,0.987802,43,3.35,72,1.58,1.68,1.58,1.8,1.48,-0.3125,53,\N,2019-07-06 03:35:02
NFBK,Finance,Savings Institutions,750.15,15.78,14.666,1.07597,72,6.62,87,0.22,0.23,0.19,0.21,0.19,-0.75,43,\N,2019-07-06 03:35:16
NRIM,Finance,Savings Institutions,231.53,36.21,35.243,1.02745,58,2.6,65,0.58,0.84,0.75,0.69,0.62,0.153846,75,\N,2019-07-06 03:35:31
NWBI,Finance,Major Banks,1810,17.7,17.433,1.01533,53,4.49,80,0.24,0.25,0.27,0.26,0.24,0,67,\N,2019-07-06 03:35:46
NWPX,Basic Industries,Steel/Iron Ore,247.56,25.65,24.279,1.05646,67,1.24,50,-0.2,-0.59,2.86,0.02,0.22,0.121739,74,\N,2019-07-06 03:36:00
NCLH,Consumer Services,Marine Transportation,10960,51.95,53.304,0.974599,40,1.81,58,0.45,1.01,2.11,0.7,0.54,0.0542169,70,\N,2019-07-06 14:53:58
NWFL,Finance,Major Banks,203.57,35.19,31.697,1.11021,80,5.19,83,0.5,0.56,0.58,0.53,0.51,0.125,74,\N,2019-07-06 03:36:28
NVFY,Consumer Durables,Home Furnishings,20.7,0.74,0.771,0.960182,36,0.27,28,0.06,0.05,-0.02,0.1,-0.01,-0.583333,46,\N,2019-07-06 03:36:43
NVMI,Capital Goods,Electronic Components,702.48,25.85,25.447,1.01584,53,2.96,68,0.49,0.41,0.46,0.53,0.27,-0.846154,41,\N,2019-07-06 03:36:58
NOVN,Health Care,Major Pharmaceuticals,69.87,2.93,1.518,1.93063,100,12.08,94,-0.21,-0.29,-0.27,0.28,-0.27,-0.105263,60,\N,2019-07-06 03:37:13
NOVT,Miscellaneous,Industrial Machinery/Components,3170,92.16,80.253,1.14837,86,5.15,83,0.18,0.32,0.6,0.33,0.35,0.404762,85,\N,2019-07-06 03:37:27
NVAX,Health Care,Biotechnology: Biological Products (No Diagnostic ,131.92,5.13,19.498,0.263102,3,4.21,78,-2.8,-2.4,-2.4,-2.6,-2.2,\N,21,\N,2019-07-06 03:37:41
NVLN,Health Care,Major Pharmaceuticals,15.25,0.76,1.108,0.685817,9,0.11,24,-1.76,-1.67,-1.32,-1.03,-1.67,\N,21,\N,2019-07-06 03:37:54
NVCR,Health Care,Medical/Dental Instruments,5500,64.28,49.47,1.29937,96,22.86,97,-0.23,-0.17,-0.13,-0.17,-0.13,\N,21,\N,2019-07-06 03:38:09
NVUS,Health Care,Major Pharmaceuticals,12.9,0.89,2.954,0.301276,3,\N,12,\N,\N,\N,\N,\N,\N,21,could not convert string to float: N/A,\N
NUAN,Technology,Computer Software: Prepackaged Software,4570,16.08,16.443,0.977939,40,2.29,62,-0.56,-0.05,-0.12,0.07,0.27,1,99,\N,2019-07-06 03:38:26
NCNA,Health Care,Major Pharmaceuticals,338.8,9.79,13.699,0.714649,11,\N,12,\N,\N,\N,\N,\N,\N,21,could not convert string to float: N/A,\N
NTNX,Technology,Computer Software: Prepackaged Software,4600,26.39,39.807,0.662955,8,3.9,76,-0.51,-0.51,-0.54,-0.68,-1.15,\N,21,\N,2019-07-06 03:38:41
NUVA,Health Care,Medical/Dental Instruments,2980,56.68,55.992,1.01228,51,2.66,66,-0.53,0.22,0.3,0.23,0.18,0.855422,95,\N,2019-07-06 03:39:12
NVTR,Health Care,Medical/Dental Instruments,57.67,2.87,9.778,0.293506,3,1.01,46,-0.84,-0.83,-0.87,-0.73,-0.83,\N,21,\N,2019-07-06 03:39:26
NVEE,Consumer Services,Other Consumer Services,1000,82.36,70.252,1.17234,89,2.35,63,0.39,0.69,0.62,0.62,0.44,0.166667,76,\N,2019-07-06 03:39:42
NVEC,Technology,Semiconductors,335.3,68.84,89.153,0.772153,14,12.6,94,0.8,0.81,0.88,0.71,0.59,-0.724138,44,\N,2019-07-06 03:39:56
NVDA,Technology,Semiconductors,92250,160.23,160.009,1.00138,47,9.09,91,1.98,1.76,1.97,0.92,0.64,-1,39,\N,2019-07-06 03:40:10
NXPI,Technology,Semiconductors,27120,96.53,92.172,1.04728,64,2.98,69,0.17,0.16,5.6,0.94,-0.07,-0.042328,64,\N,2019-07-06 03:40:25
NXTD,Consumer Services,Diversified Commercial Services,22.24,0.703,0.923,0.761754,13,1.26,50,-0.07,-0.04,-0.05,-0.13,-0.05,\N,21,\N,2019-07-06 03:40:39
NYMX,Health Care,Biotechnology: In Vitro & In Vivo Diagnostic Subst,114.12,1.44,1.905,0.75583,13,552.62,100,-0.05,-0.04,-0.05,-0.05,-0.04,\N,21,\N,2019-07-06 03:40:55
OIIM,Technology,Semiconductors,37.07,1.38,1.527,0.90381,26,0.58,37,0.27,0.06,-0.13,-0.12,-0.15,-1,39,\N,2019-07-06 03:41:09
OVLY,Finance,Major Banks,158.37,19.5,18.625,1.04697,64,3.67,74,0.35,0.32,0.39,0.37,0.38,0.428571,86,\N,2019-07-06 03:41:24
OASM,Health Care,Major Pharmaceuticals,99.92,2.01,2.251,0.892873,25,\N,12,\N,\N,\N,\N,\N,\N,21,could not convert string to float: N/A,\N
OBLN,Health Care,Medical/Dental Instruments,24.66,0.605,1.243,0.486708,5,2.07,60,-0.71,-0.57,-0.35,-0.39,-0.36,\N,21,\N,2019-07-06 03:41:39
OBSV,Health Care,Major Pharmaceuticals,506.92,11.2,12.678,0.883406,24,\N,12,\N,\N,\N,\N,\N,\N,21,invalid literal for float(): 32\,063.27,\N
OBCI,Consumer Durables,Specialty Chemicals,32.78,3.4,3.422,0.993576,45,0.75,40,0.06,0.12,0.14,-0.02,0.08,0.125,74,\N,2019-07-06 03:41:54
OPTT,Public Utilities,Electric Utilities: Central,5.36,1.91,4.25,0.449412,4,8.04,89,-1.8,-3.6,-3.6,-4.2,-2.8,\N,20,\N,2019-07-06 03:42:09
OCFC,Finance,Savings Institutions,1240,25.49,24.413,1.04413,63,4.63,81,0.12,0.32,0.5,0.55,0.42,0.697674,92,\N,2019-07-06 03:42:23
OFED,Finance,Savings Institutions,131.66,23.46,25.237,0.929581,30,8.21,90,0.22,0.16,0.15,0.16,0.16,-0.857143,41,\N,2019-07-06 03:42:39
OCUL,Health Care,Major Pharmaceuticals,181.2,5.15,3.891,1.3237,97,102.13,99,-0.4,-0.37,-0.38,-0.42,-0.45,\N,20,\N,2019-07-06 03:42:53
ODT,Health Care,Major Pharmaceuticals,752.12,37.06,21.099,1.75645,100,\N,12,\N,\N,\N,\N,\N,\N,20,could not convert string to float: N/A,\N
OMEX,Consumer Services,Marine Transportation,49.25,5.75,5.633,1.02083,55,14.51,95,-0.21,-0.08,-0.15,-0.16,-0.13,\N,20,\N,2019-07-06 03:43:08
ODP,Consumer Services,Other Specialty Stores,999.69,2.17,2.703,0.802773,16,0.11,24,0.07,0.03,0.11,-0.02,0.01,-0.461538,49,\N,2019-07-06 03:43:23
OPI,Finance,Real Estate,1230,27.91,28.238,0.988376,43,2.72,66,0.24,1.2,-0.4,-2.31,0.71,0.133903,75,\N,2019-07-06 03:43:38
OVBC,Finance,Major Banks,174.21,37.5,37.032,1.01263,52,3.67,74,0.71,0.63,0.37,0.82,0.25,-0.807018,42,\N,2019-07-06 03:43:53
OHRP,Health Care,Major Pharmaceuticals,10.04,3.7,2.619,1.41279,98,\N,12,\N,\N,\N,\N,\N,\N,20,could not convert string to float: N/A,\N
OKTA,Technology,Computer Software: Prepackaged Software,13810,127.71,94.322,1.35399,97,32.67,98,-0.25,-0.37,-0.27,-0.28,-0.46,\N,20,\N,2019-07-06 03:44:08
ODFL,Transportation,Trucking Freight/Courier Services,11500,150.04,142.852,1.05032,65,2.96,68,1.33,1.99,2.12,1.95,1.64,0.392405,85,\N,2019-07-06 03:44:38
OLBK,Finance,Major Banks,443.37,26.63,26.451,1.00676,49,4.25,78,0.48,0.17,0.48,0.59,0.5,0.047619,70,\N,2019-07-06 03:44:53
ONB,Finance,Major Banks,2830,16.9,16.669,1.01389,52,4.13,77,0.31,0.29,0.34,0.28,0.32,0.166667,76,\N,2019-07-06 03:45:08
OPOF,Finance,Major Banks,115.95,22.2,21.803,1.01821,54,2.57,65,0.19,0.19,0.31,0.27,0.39,1,99,\N,2019-07-06 03:45:22
OSBC,Finance,Major Banks,374.01,12.86,13.312,0.966013,38,3.13,70,0.31,0.21,0.32,0.28,0.28,-0.272727,54,\N,2019-07-06 03:45:37
OLLI,Consumer Services,Department/Specialty Retail Stores,5490,84.74,86.977,0.974279,40,4.17,78,0.46,0.45,0.38,0.76,0.59,0.342105,83,\N,2019-07-06 03:45:51
ZEUS,Basic Industries,Metal Fabrications,139.76,13.29,16.257,0.817497,17,0.08,23,0.67,1.39,1.01,-0.11,0.18,-0.326667,52,\N,2019-07-06 03:46:05
OFLX,Capital Goods,Industrial Specialties,757.9,76.3,75.911,1.00513,49,7.02,88,0.41,0.47,0.51,0.6,0.43,0.105263,73,\N,2019-07-06 03:46:20
OMER,Health Care,Major Pharmaceuticals,761.87,14.69,16.073,0.913965,27,14.56,95,-0.62,-0.7,-0.81,-0.48,-0.5,\N,20,\N,2019-07-06 03:46:33
OMCL,Technology,Computer Manufacturing,3560,86.28,77.982,1.10641,79,4.41,79,0.07,0.16,0.33,0.36,0.08,0.0344828,69,\N,2019-07-06 03:46:47
ON,Technology,Semiconductors,7930,20.07,20.531,0.977528,40,1.42,53,0.31,0.35,0.38,0.39,0.27,-0.333333,52,\N,2019-07-06 03:47:02
OTIV,Technology,Semiconductors,17.39,0.47,0.633,0.742971,12,0.99,46,-0.01,-0.01,0,0.01,-0.04,-0.6,46,\N,2019-07-06 03:47:17
ONCY,Health Care,Major Pharmaceuticals,35.12,1.69,1.91,0.885029,24,\N,12,\N,\N,\N,\N,\N,\N,20,could not convert string to float: N/A,\N
ONTX,Health Care,Major Pharmaceuticals,19.68,2.84,3.376,0.841148,19,24.51,97,-5.1,-1.05,-0.94,-0.85,-1.29,\N,20,\N,2019-07-06 03:47:32
ONCS,Health Care,Major Pharmaceuticals,27.5,2.48,5.21,0.475966,4,\N,12,\N,\N,\N,\N,\N,\N,20,could not convert string to float: N/A,\N
ONCT,Health Care,Major Pharmaceuticals,23.85,5.92,7.493,0.790065,14,8.06,89,-4.34,-3.01,-2.73,-1.54,-1.68,\N,20,\N,2019-07-06 03:47:47
OSS,Technology,Computer Manufacturing,25.15,2.11,2.197,0.960597,37,0.77,41,-0.08,-0.12,0.09,-0.01,-0.07,0.047619,70,\N,2019-07-06 03:48:01
OSPN,Technology,EDP Services,555.76,13.77,16.289,0.845355,19,2.54,65,0.04,-0.03,-0.02,0.1,-0.14,-0.75,43,\N,2019-07-06 03:48:16
OSW,Consumer Services,Hotels/Resorts,941.22,14.87,12.333,1.20571,92,\N,12,\N,\N,\N,\N,\N,\N,20,,\N
OPBK,Finance,Major Banks,155,9.9,9.397,1.05357,66,2.98,69,0.22,0.23,0.21,0.23,0.29,0.875,96,\N,2019-07-06 03:48:45
OTEX,Technology,EDP Services,11030,42,38.191,1.09974,78,3.93,76,0.22,0.23,0.13,0.39,0.27,0.192308,77,\N,2019-07-06 03:48:59
OPES,Finance,Business Services,152.65,10.35,10.163,1.01842,54,\N,12,\N,\N,\N,\N,\N,\N,20,could not convert string to float: N/A,\N
OPGN,Health Care,Medical Specialities,7.38,0.377,0.908,0.415219,4,2.3,63,-0.75,-0.57,-0.53,-0.47,-0.41,\N,20,\N,2019-07-06 03:49:15
OPNT,Basic Industries,Precious Metals,52.86,13.48,13.338,1.01065,51,3.04,69,-3.68,-0.52,-0.32,-2.78,-0.44,\N,20,\N,2019-07-06 03:49:30
OPK,Health Care,Major Pharmaceuticals,1230,2.36,2.599,0.908039,26,1.54,54,-0.08,-0.01,-0.05,-0.13,-0.14,\N,20,\N,2019-07-06 03:49:45
OBAS,Finance,Real Estate,63.9,11.8,10.346,1.14054,85,4.02,77,-0.13,-0.21,-0.04,-0.16,-0.04,\N,20,\N,2019-07-06 03:50:15
OCC,Basic Industries,Telecommunications Equipment,29.77,3.89,4.371,0.890036,24,0.37,31,0.18,0.06,-0.05,-0.44,-0.08,-0.419355,50,\N,2019-07-06 03:50:30
OPRX,Miscellaneous,Business Services,177.8,16.05,13.278,1.20875,92,8.84,91,-0.03,0.02,0.02,-0.01,0,0.6,90,\N,2019-07-06 03:50:44
OPHC,Finance,Major Banks,6.66,3.67,3.735,0.982507,42,1.33,51,-0.24,1.35,-0.13,-0.5,-0.08,0.0864865,72,\N,2019-07-06 03:50:59
OPTN,Health Care,Major Pharmaceuticals,294.22,6.8,8.186,0.830711,18,26.4,97,-0.81,-0.64,-0.61,-0.64,-0.7,\N,20,\N,2019-07-06 03:51:14
ORMP,Health Care,Major Pharmaceuticals,61.7,3.28,3.408,0.962437,37,22.15,97,-0.2,-0.3,-0.18,-0.25,-0.21,\N,20,\N,2019-07-06 03:51:29
OSUR,Health Care,Medical/Dental Instruments,540.38,9.13,10.366,0.880761,23,3.36,72,-0.03,0.07,0.13,0.16,-0.05,-0.0952381,61,\N,2019-07-06 03:51:42
ORBC,Consumer Services,Telecommunications Equipment,568.08,7.85,7.562,1.03812,61,2.28,62,-0.13,-0.09,-0.04,-0.07,-0.07,\N,20,\N,2019-07-06 03:51:58
ORTX,Health Care,Biotechnology: Biological Products (No Diagnostic ,1150,13.35,16.178,0.825206,17,\N,12,\N,\N,\N,\N,\N,\N,20,,\N
ORLY,Consumer Services,Other Specialty Stores,29310,386.04,371.24,1.03987,62,3.1,70,3.61,4.28,4.5,3.72,4.05,0.494382,87,\N,2019-07-06 03:52:26
OGI,Health Care,Major Pharmaceuticals,947.32,6.56,3.208,2.04464,100,\N,12,\N,\N,\N,\N,\N,\N,20,could not convert string to float: N/A,\N
ORGO,Health Care,Major Pharmaceuticals,670.26,7.91,14.995,0.527492,5,3.36,72,-0.11,-0.09,0.36,-0.12,-0.17,-0.113208,60,\N,2019-07-06 03:52:41
ONVO,Health Care,Biotechnology: Biological Products (No Diagnostic ,54.98,0.48,0.904,0.530947,5,20.91,97,-0.07,-0.07,-0.05,-0.06,-0.06,\N,20,\N,2019-07-06 03:52:55
ORGS,Health Care,Major Pharmaceuticals,68.81,4.23,4.728,0.894739,25,3.65,74,-0.52,-0.2,-0.35,-0.39,-0.55,\N,20,\N,2019-07-06 03:53:11
SEED,Consumer Non-Durables,Farming/Seeds/Milling,1.36,6,6.423,0.934191,31,\N,12,\N,\N,\N,\N,\N,\N,20,could not convert string to float: N/A,\N
OBNK,Finance,Major Banks,783.62,34.91,34.381,1.01537,53,\N,12,\N,\N,\N,\N,\N,\N,20,,\N
OESX,Consumer Durables,Building Products,82.59,3.09,1.493,2.06948,100,1.4,52,-0.05,-0.09,-0.08,-0.02,-0.03,\N,20,\N,2019-07-06 03:53:41
ORIT,Finance,Major Banks,730.8,17.72,16.755,1.05761,67,7.22,88,0.3,0.3,0.3,0.31,0.28,-0.666667,45,\N,2019-07-06 03:53:56
ORRF,Finance,Major Banks,207.75,21.89,20.126,1.08767,75,3.32,71,0.44,0.48,0.49,0.12,0.33,-0.297297,53,\N,2019-07-06 03:54:10
OFIX,Health Care,Medical/Dental Instruments,1000,51,54.492,0.935917,31,2.14,61,0.27,0.05,-0.07,0.46,0.05,-0.415094,50,\N,2019-07-06 03:54:24
KIDS,Health Care,Medical/Dental Instruments,578.74,36.99,39.059,0.947023,34,9.18,91,-0.41,-0.21,-0.15,-0.19,-0.21,\N,20,\N,2019-07-06 03:54:38
OSIS,Technology,Semiconductors,2030,117.03,92.661,1.26299,95,1.82,58,0.13,0.27,0.5,1.03,1.05,1,99,\N,2019-07-06 03:54:52
OSMT,Health Care,Major Pharmaceuticals,179.09,3.77,5.312,0.709685,10,\N,12,\N,\N,\N,\N,\N,\N,20,,\N
OSN,Basic Industries,Steel/Iron Ore,13.13,1.95,1.839,1.06022,68,0.09,23,0.06,0.21,0.39,0.01,0.18,0.315789,83,\N,2019-07-06 03:55:22
OTEL,Public Utilities,Telecommunications Equipment,52.83,14.9,16.337,0.912043,27,0.78,41,0.58,0.85,0.67,0.65,0.66,0.296296,82,\N,2019-07-06 03:55:35
OTIC,Health Care,Major Pharmaceuticals,78.86,2.56,2.448,1.04579,64,121.6,99,-0.37,-0.44,-0.41,-0.42,-0.39,\N,20,\N,2019-07-06 03:56:05
OTTW,Finance,Savings Institutions,44.08,13.04,13.466,0.968374,38,3.97,76,0.15,0.11,0.18,0.18,0.13,-0.285714,53,\N,2019-07-06 03:56:20
OTTR,Public Utilities,Electric Utilities: Central,2080,52.75,50.09,1.0531,66,2.28,62,0.66,0.47,0.58,0.35,0.66,0,67,\N,2019-07-06 03:56:35
OTLK,Health Care,Biotechnology: Biological Products (No Diagnostic ,45.3,2.29,2.1,1.09059,76,15.56,95,-2.72,-2.08,-1.4,-1.04,-0.98,\N,20,\N,2019-07-06 03:56:49
OSTK,Consumer Services,Catalog/Specialty Distribution,379.57,14.72,15.211,0.967697,38,0.29,29,-1.74,-2.2,-1.55,-1.39,-1.18,\N,20,\N,2019-07-06 03:57:03
OVID,Health Care,Major Pharmaceuticals,70.42,2.71,2.157,1.25618,95,\N,12,\N,\N,\N,\N,\N,\N,20,could not convert string to float: N/A,\N
OXBR,Finance,Property-Casualty Insurers,7.68,1.11,1.098,1.01108,51,1.67,56,-0.04,0.05,0.11,-1.13,-0.03,0.00806452,68,\N,2019-07-06 03:57:19
OXFD,Health Care,Biotechnology: In Vitro & In Vivo Diagnostic Subst,360.21,13.84,15.435,0.896692,25,5.86,85,-0.4,-0.25,-0.13,5.23,-0.06,0.0603908,71,\N,2019-07-06 03:57:34
PFIN,Technology,Industrial Machinery/Components,25.86,8.15,8.192,0.994875,45,0.4,32,0.02,0.08,0.14,-0.01,-0.01,-0.2,56,\N,2019-07-06 03:57:49
PTSI,Transportation,Trucking Freight/Courier Services,340.22,60.4,51.945,1.16277,88,0.66,38,0.22,1.17,1.52,1.01,1.39,0.9,96,\N,2019-07-06 03:58:03
PCAR,Capital Goods,Auto Manufacturing,24730,70.61,67.396,1.04769,64,1.01,46,1.45,1.59,1.55,1.65,1.81,1,99,\N,2019-07-06 03:58:17
PACB,Capital Goods,Biotechnology: Laboratory Analytical Instruments,916.05,6.11,7.096,0.861073,21,12.32,94,-0.2,-0.17,-0.19,-0.21,-0.2,\N,20,\N,2019-07-06 03:58:32
PCB,Finance,Major Banks,274.37,16.95,16.891,1.0035,48,3.57,73,0.46,0.35,0.44,0.41,0.4,-0.545455,47,\N,2019-07-06 03:58:46
PEIX,Basic Industries,Major Chemicals,38.9,0.78,1.08,0.721967,11,0.03,22,-0.19,-0.31,-0.18,-0.74,-0.29,\N,20,\N,2019-07-06 03:59:01
PMBC,Finance,Major Banks,183.19,8.33,7.965,1.04583,64,3.63,74,0.16,0.65,0.17,0.19,0.04,-0.196721,57,\N,2019-07-06 03:59:16
PPBI,Finance,Major Banks,1860,31.12,28.96,1.07459,72,4.38,79,0.6,0.58,0.46,0.63,0.62,0.117647,74,\N,2019-07-06 03:59:30
PCRX,Health Care,Major Pharmaceuticals,1800,43.26,40.872,1.05844,67,4.97,82,-0.26,0.06,-0.02,0.2,-0.07,0.413043,85,\N,2019-07-06 03:59:45
PACW,Finance,Major Banks,4540,38.75,38.571,1.00465,48,4.05,77,0.93,0.92,0.94,0.93,0.92,-0.5,48,\N,2019-07-06 03:59:59
PLMR,Finance,Property-Casualty Insurers,547.53,24.2,0,0,1,\N,12,\N,\N,\N,\N,\N,\N,20,,\N
PAAS,Basic Industries,Precious Metals,2020,12.91,13.043,0.989799,44,3.35,72,0.31,0.24,-0.06,-0.42,0.19,-0.164384,58,\N,2019-07-06 04:00:28
PANL,Transportation,Marine Transportation,146.29,3.55,3.305,1.07421,71,0.42,33,0.1,0.13,0.19,-0.01,0.09,-0.05,63,\N,2019-07-06 04:00:55
PZZA,Consumer Services,Restaurants,1360,46.38,46.585,0.9956,46,0.97,45,0.5,0.36,-0.41,-0.44,-0.12,-0.659574,45,\N,2019-07-06 04:01:10
PRTK,Health Care,Major Pharmaceuticals,121.88,3.94,5.535,0.711809,10,6.68,87,-0.91,-0.94,-1.01,-0.71,-1.1,\N,20,\N,2019-07-06 04:01:24
TEUM,Technology,EDP Services,279.84,2.84,3.577,0.793905,15,5.69,85,-0.04,0.03,-0.12,-0.06,-0.06,-0.133333,59,\N,2019-07-06 04:01:40
PCYG,Technology,EDP Services,109.09,5.03,7.126,0.70587,10,4.38,79,0.02,0.06,0.04,0.08,0.05,0.5,88,\N,2019-07-06 04:01:53
PKBK,Finance,Major Banks,251.46,23.51,21.285,1.10456,79,4.88,82,0.53,0.56,0.56,0.63,0.65,1,99,\N,2019-07-06 04:02:23
PKOH,Capital Goods,Industrial Specialties,395.38,32.68,33.131,0.986374,43,0.25,28,0.78,1.18,1.14,1.19,0.9,0.292683,82,\N,2019-07-06 04:02:38
PTNR,Public Utilities,Telecommunications Equipment,687.12,4.15,4.417,0.939514,32,\N,12,\N,\N,\N,\N,\N,\N,20,could not convert string to float: N/A,\N
PBHC,Finance,Major Banks,70.41,14.93,14.363,1.03949,62,2.39,63,0.24,0.22,0.23,0.26,0.12,-0.857143,41,\N,2019-07-06 04:02:53
PATK,Basic Industries,Forest Products,1070,48.32,44.077,1.09626,77,0.5,35,1.2,1.42,1.15,1.15,0.9,-0.576923,46,\N,2019-07-06 04:03:08
PNBK,Finance,Specialty Insurers,60.08,14.82,15.207,0.974525,40,2.07,60,0.27,0.26,0.2,0.04,0.08,-0.826087,42,\N,2019-07-06 04:03:31
PATI,Transportation,Trucking Freight/Courier Services,61.29,17.12,18.783,0.911455,27,0.51,35,-0.06,0.33,0.19,0.27,0.09,0.384615,85,\N,2019-07-06 04:04:12
PEGI,Public Utilities,Electric Utilities: Central,2290,23.35,21.613,1.08038,73,4.63,81,1.32,0.34,-0.13,-0.15,-0.31,-1,39,\N,2019-07-06 04:04:38
PDCO,Health Care,Medical Specialities,2300,22.53,22.135,1.01787,54,0.38,31,0.23,-0.05,0.31,0.33,0.3,0.184211,77,\N,2019-07-06 04:04:53
PTEN,Energy,Oil & Gas Production,2460,11.46,12.88,0.889767,24,0.74,40,-0.16,-0.05,-0.34,-0.93,-0.14,\N,20,\N,2019-07-06 04:05:07
PAVM,Health Care,Medical/Dental Instruments,36.08,1.09,1.094,0.99658,46,\N,12,\N,\N,\N,\N,\N,\N,20,could not convert string to float: N/A,\N
PAYX,Consumer Services,Diversified Commercial Services,30480,85.31,78.953,1.08052,73,8.13,90,0.72,0.63,0.67,0.65,0.9,0.666667,92,\N,2019-07-06 04:05:22
PCTY,Technology,Computer Software: Prepackaged Software,4900,101.37,86.262,1.17514,90,12.04,94,0.71,-0.03,0.18,0.1,0.51,-0.27027,54,\N,2019-07-06 04:05:36
PYDS,Finance,Investment Bankers/Brokers/Service,53.08,3.054,2.703,1.12956,83,\N,12,\N,\N,\N,\N,\N,\N,20,,\N
PYPL,Miscellaneous,Business Services,134460,117.16,102.862,1.139,85,8.55,90,0.42,0.44,0.36,0.49,0.56,0.7,92,\N,2019-07-06 04:05:53
PAYS,Miscellaneous,Business Services,571.06,14.45,7.937,1.82067,100,26.25,97,0.01,0.02,0.02,0.01,0.02,1,99,\N,2019-07-06 04:06:07
PBBI,Finance,Savings Institutions,83.48,11.8,11.214,1.05222,66,4.88,82,0.13,0.11,0.19,0.15,0.13,0,67,\N,2019-07-06 04:06:22
CNXN,Consumer Services,Catalog/Specialty Distribution,890.68,34.86,35.32,0.986985,43,0.34,30,0.42,0.68,0.51,0.8,0.48,0.157895,76,\N,2019-07-06 04:06:36
PCMI,Consumer Services,Catalog/Specialty Distribution,432.58,34.82,28.597,1.21759,93,0.2,26,0.23,0.64,0.47,0.48,0.35,0.292683,82,\N,2019-07-06 04:06:50
PCSB,Finance,Banks,352.88,20.06,19.72,1.01724,54,7.76,89,0.13,0.16,0.14,0.14,0.12,-0.25,55,\N,2019-07-06 04:07:05
PCTI,Technology,Radio And Television Broadcasting And Communicatio,84.35,5.18,4.983,1.03959,62,1.17,49,-0.05,-0.07,-0.1,-0.53,-0.02,\N,20,\N,2019-07-06 04:07:19
PDCE,Energy,Oil & Gas Production,2260,34.09,36.861,0.924822,29,1.7,57,-0.2,-2.43,-0.05,2.71,-1.82,-0.315175,53,\N,2019-07-06 04:07:33
PDFS,Technology,Computer Software: Prepackaged Software,407.3,13.45,11.918,1.12851,83,5.35,84,-0.01,-0.07,-0.06,-0.1,-0.08,\N,20,\N,2019-07-06 04:07:48
PDLI,Health Care,Biotechnology: Biological Products (No Diagnostic ,371.62,3.11,3.292,0.944806,33,3.4,72,0.01,-0.76,0.18,0.11,0.05,0.0425532,70,\N,2019-07-06 04:08:03
PDLB,Finance,Savings Institutions,255.19,14.18,13.639,1.03963,62,6.64,87,0.05,0.04,0.02,0.04,0.04,-0.333333,52,\N,2019-07-06 04:08:19
PDSB,Health Care,Major Pharmaceuticals,30.18,6.13,7.37,0.831725,18,\N,12,\N,\N,\N,\N,\N,\N,20,could not convert string to float: N/A,\N
ATEX,Public Utilities,Telecommunications Equipment,689.14,47.98,40.932,1.1722,89,108.99,99,-0.61,-0.85,-0.81,-0.57,-0.65,\N,20,\N,2019-07-06 04:08:50
SKIS,Consumer Services,Hotels/Resorts,58.69,4.9,4.468,1.09666,77,0.4,32,0.56,-0.87,-0.81,0.66,0.83,0.158824,76,\N,2019-07-06 04:09:05
PGC,Finance,Commercial Banks,532.44,28.68,27.557,1.04074,62,3.55,73,0.57,0.62,0.56,0.55,0.58,0.142857,75,\N,2019-07-06 04:09:43
PEGA,Technology,EDP Services,5560,73.38,65.033,1.12836,83,6.58,87,0.15,-0.13,-0.1,0.2,-0.37,-0.912281,41,\N,2019-07-06 04:10:09
PENN,Consumer Services,Hotels/Resorts,2100,19.64,21.673,0.906185,26,0.57,36,0.48,0.57,0.38,-0.37,0.35,-0.138298,59,\N,2019-07-06 04:10:23
PVAC,Energy,Oil & Gas Production,423.26,29.06,44.978,0.646099,8,0.98,45,0.68,-0.17,1.06,13.1,-2.56,-0.206897,56,\N,2019-07-06 04:10:39
PWOD,Finance,Major Banks,190.79,44,41.341,1.06433,69,3.61,73,0.68,0.74,0.82,0.89,0.84,0.761905,93,\N,2019-07-06 04:10:53
WRLS,Finance,Business Services,333.43,10.38,10.279,1.00984,50,\N,12,\N,\N,\N,\N,\N,\N,20,could not convert string to float: N/A,\N
PEBO,Finance,Major Banks,650.37,32.61,31.952,1.0206,55,3.58,73,0.64,0.41,0.65,0.71,0.73,0.28125,81,\N,2019-07-06 04:11:08
PEBK,Finance,Major Banks,161.87,28.71,27.366,1.04912,65,2.85,67,0.55,0.53,0.57,0.57,0.61,0.75,93,\N,2019-07-06 04:11:23
PFIS,Finance,Major Banks,311.65,44.2,43.641,1.01281,52,4,77,0.79,0.81,0.91,0.86,0.87,0.666667,92,\N,2019-07-06 04:11:38
PBCT,Finance,Savings Institutions,6520,17,16.583,1.02513,57,4.14,78,0.3,0.31,0.33,0.35,0.3,0,67,\N,2019-07-06 04:11:53
PBCTP,Finance,Savings Institutions,263.5,26.6,25.162,1.05716,67,\N,12,\N,\N,\N,\N,\N,\N,20,could not convert string to float: ,\N
PUB,Finance,Major Banks,549.01,30.06,28.903,1.04004,62,4.88,82,0.48,0.55,0.55,0.56,0.55,0.875,96,\N,2019-07-06 04:12:22
KPFS,Consumer Services,Restaurants,354.87,3.25,4.382,0.741751,12,\N,12,\N,\N,\N,\N,\N,\N,20,could not convert string to float: N/A,\N
PEP,Consumer Non-Durables,Beverages (Production/Distribution),187580,133.02,121.291,1.0967,77,2.87,68,0.94,1.28,1.75,4.83,1,0.0154242,68,\N,2019-07-06 04:12:38
PRCP,Capital Goods,Electronic Components,46.2,4.17,6.802,0.613063,7,0.51,35,0.11,0.08,0.09,0.16,-0.11,-0.814815,42,\N,2019-07-06 04:12:52
PRFT,Technology,EDP Services,1110,34.63,28.559,1.21258,92,2.23,62,0.15,0.17,0.19,0.23,0.22,0.875,96,\N,2019-07-06 04:13:06
DCIX,Transportation,Marine Transportation,24.88,1.04,0.979,1.06238,68,1.21,49,-0.67,-5.87,-0.61,-0.03,-0.01,\N,20,\N,2019-07-06 04:13:21
PFMT,Consumer Services,Other Consumer Services,59.53,1.19,1.859,0.640127,8,0.47,34,0.16,-0.07,-0.15,-0.1,-0.16,\N,19,\N,2019-07-06 04:13:35
PERI,Technology,EDP Services,74.13,2.97,2.986,0.99453,45,0.31,29,0,0.04,0.08,0.19,0.05,0.263158,81,\N,2019-07-06 04:13:49
PESI,Basic Industries,Environmental Services,47.68,3.83,3.653,1.04844,65,0.95,44,0.01,0.05,0.02,-0.2,-0.06,-0.28,54,\N,2019-07-06 04:14:03
PPIH,Capital Goods,Pollution Control Equipment,71.46,8.98,8.867,1.01273,52,0.57,36,-0.14,-0.04,-0.02,0.12,-0.19,-0.16129,58,\N,2019-07-06 04:14:18
PETQ,Health Care,Other Pharmaceuticals,681.8,34.96,28.913,1.20916,92,1.75,57,-0.14,0.16,0.13,-0.16,0.07,0.65625,91,\N,2019-07-06 04:14:32
PETS,Health Care,Medical/Nursing Services,308.3,15.56,20.978,0.741715,12,1.1,48,0.5,0.62,0.52,0.38,0.32,-0.6,46,\N,2019-07-06 04:15:02
PFSW,Miscellaneous,Business Services,73.58,4.21,5.092,0.826728,17,0.32,30,-0.04,-0.03,-0.04,0.17,-0.06,-0.0869565,61,\N,2019-07-06 04:15:18
PGTI,Capital Goods,Building Products,927.14,17.11,15.569,1.099,77,1.36,52,0.14,0.43,0.26,0.18,0.14,-8.88178e-16,66,\N,2019-07-06 15:13:59
PHAS,Health Care,Major Pharmaceuticals,355.55,12.92,8.22,1.57172,99,\N,12,\N,\N,\N,\N,\N,\N,19,,\N
PAHC,Health Care,Major Pharmaceuticals,1240,32.32,31.278,1.03331,59,1.56,55,0.49,0.55,0.4,0.36,0.37,-0.631579,45,\N,2019-07-06 04:16:00
PHIO,Health Care,Major Pharmaceuticals,9.17,0.38,0.407,0.933678,31,66.75,99,-0.9,-0.46,-0.34,-0.1,-0.1,\N,19,\N,2019-07-06 04:16:14
PLAB,Technology,Semiconductors,534.51,8.49,9.471,0.896414,25,1.06,47,0.15,0.18,0.18,0.08,0.13,-0.2,56,\N,2019-07-06 04:16:29
PHUN,Technology,EDP Services,127.55,2.18,42.892,0.050825,2,\N,12,\N,\N,\N,\N,\N,\N,19,,\N
PICO,Finance,Real Estate,232.47,11.64,10.617,1.09635,77,\N,12,\N,\N,\N,\N,\N,\N,19,,\N
PIRS,Health Care,Biotechnology: Commercial Physical & Biological Re,226.6,4.65,3.379,1.37602,98,6.84,87,-0.17,0,-0.11,-0.21,-0.2,-0.142857,59,\N,2019-07-06 04:17:11
PPC,Consumer Non-Durables,Meat/Poultry/Fish,6280,26.73,22.758,1.17452,89,0.6,37,0.48,0.43,0.12,-0.03,0.34,-0.27451,54,\N,2019-07-06 04:17:26
PDD,Miscellaneous,Business Services,23870,20.29,24.034,0.844219,19,\N,12,\N,\N,\N,\N,\N,\N,19,could not convert string to float: N/A,\N
PNFP,Finance,Major Banks,4260,57.8,55.597,1.03962,62,4.82,82,1.08,1.12,1.21,1.23,1.22,0.933333,97,\N,2019-07-06 04:17:42
PT,Technology,Computer Software: Programming\, Data Processing,11.95,3.25,8.852,0.367146,3,\N,12,\N,\N,\N,\N,\N,\N,19,could not convert string to float: N/A,\N
PPSI,Consumer Durables,Electrical Products,44.42,5.6,5.155,1.08637,75,0.47,34,-0.07,-0.09,0.01,-0.49,0.65,0.631579,91,\N,2019-07-06 04:17:57
PXLW,Technology,Semiconductors,106.62,2.99,3.592,0.832391,18,1.44,53,-0.02,-0.07,0.01,-0.04,0,0.25,80,\N,2019-07-06 04:18:11
PLYA,Consumer Services,Hotels/Resorts,932.46,7.85,7.868,0.997768,46,1.61,55,0.2,0.14,-0.04,-0.11,0.33,0.295455,82,\N,2019-07-06 04:18:26
PLXS,Technology,Electrical Products,1670,59.36,57.597,1.03061,59,0.59,37,0.36,0.79,2.2,0.69,0.79,0.233696,79,\N,2019-07-06 04:18:39
PLUG,Energy,Industrial Machinery/Components,503.1,2.35,2.105,1.11621,81,3.49,73,-0.09,-0.12,-0.07,-0.08,-0.15,\N,19,\N,2019-07-06 04:18:53
PLBC,Finance,Finance Companies,123.53,24.1,24.321,0.99091,44,2.95,68,0.63,0.66,0.71,0.68,0.73,1,99,\N,2019-07-06 04:19:08
PS,Technology,Computer Software: Programming\, Data Processing,2800,31.3,30.706,1.01935,55,17.2,96,-0.24,-0.19,-0.23,-0.24,-0.25,\N,19,\N,2019-07-06 04:19:22
PSTI,Health Care,Biotechnology: Biological Products (No Diagnostic ,87.96,0.59,0.817,0.722269,11,\N,12,\N,\N,\N,\N,\N,\N,19,invalid literal for float(): 1\,634.35,\N
PLXP,Health Care,Major Pharmaceuticals,52.35,6.83,5.132,1.33092,97,60.96,99,0.57,-0.41,-0.39,0.34,-2.71,-1,39,\N,2019-07-06 04:19:37
PNTR,Technology,Radio And Television Broadcasting And Communicatio,122.81,15.03,14.503,1.03637,60,\N,12,\N,\N,\N,\N,\N,\N,19,,\N
PCOM,Miscellaneous,Business Services,166.22,10.72,11.671,0.918511,28,0.39,32,0.16,0.12,0.1,0.15,0.12,-0.666667,45,\N,2019-07-06 04:20:06
POLA,Miscellaneous,Industrial Machinery/Components,40.67,4.55,4.599,0.989278,44,1.71,57,-0.03,0.02,-0.07,0,0.01,0.444444,86,\N,2019-07-06 04:20:36
PTE,Health Care,Biotechnology: Biological Products (No Diagnostic ,138.59,5.52,11.025,0.500696,5,24.34,97,-2.31,-1.47,-0.86,-0.96,-1.18,\N,19,\N,2019-07-06 04:20:51
POOL,Consumer Durables,Industrial Specialties,7330,192.58,168.338,1.14401,86,2.54,65,0.75,2.8,1.66,0.41,0.8,0.0209205,68,\N,2019-07-06 04:21:05
POPE,Consumer Non-Durables,Environmental Services,299.85,70.9,67.878,1.04451,63,2.89,68,1.31,0.04,0.6,-0.41,0.75,-0.325581,52,\N,2019-07-06 04:21:19
BPOP,Finance,Major Banks,5030,56.04,53.777,1.04208,63,2.51,64,0.89,2.73,1.38,1.05,1.69,0.434783,86,\N,2019-07-06 04:21:34
BPOPN,Finance,Major Banks,321.6,27,26.488,1.01934,55,\N,12,\N,\N,\N,\N,\N,\N,19,could not convert string to float: N/A,\N
PTLA,Health Care,Major Pharmaceuticals,1750,26.38,29.728,0.887392,24,31.88,98,-1.28,-1.61,-1.08,-1.34,-1.17,\N,19,\N,2019-07-06 04:21:49
PPHI,Finance,Property-Casualty Insurers,67.62,14,0,0,1,\N,12,\N,\N,\N,\N,\N,\N,19,,\N
PBPB,Consumer Services,Restaurants,119.24,5.06,7.537,0.671393,9,0.29,29,-0.09,-0.01,-0.08,-0.17,-0.76,\N,19,\N,2019-07-06 04:22:17
PCH,Consumer Services,Real Estate Investment Trusts,2560,40.32,36.621,1.101,78,2.85,67,0.29,0.73,0.93,0.03,0.1,-0.211111,56,\N,2019-07-06 04:22:31
POWL,Consumer Durables,Electrical Products,422.36,37.15,31.518,1.17867,90,0.88,43,-0.29,0.03,0.13,-0.23,0.08,0.880952,96,\N,2019-07-06 04:22:45
POWI,Technology,Semiconductors,2130,79.31,70.641,1.12273,82,5.77,85,0.46,0.51,0.59,0.77,0.25,-0.403846,50,\N,2019-07-06 04:22:59
PBTS,Technology,EDP Services,30.21,3.64,0,0,1,\N,11,\N,\N,\N,\N,\N,\N,19,list index out of range,\N
PRAA,Finance,Finance: Consumer Services,1220,28.77,28.486,1.00996,50,1.4,52,0.47,0.43,0.22,0.33,0.34,-0.52,48,\N,2019-07-06 04:23:29
PRAH,Health Care,Biotechnology: Commercial Physical & Biological Re,6300,98.65,99.627,0.990197,44,2.23,62,0.59,0.64,0.02,1.07,0.66,0.0666667,71,\N,2019-07-06 04:23:43
PRPO,Capital Goods,Biotechnology: Laboratory Analytical Instruments,17.46,3.4,3.846,0.883932,24,7.03,88,-7.05,-2.25,-2.55,-3.45,-0.48,\N,19,\N,2019-07-06 04:23:58
DTIL,Health Care,Biotechnology: Biological Products (No Diagnostic ,664.77,14.15,0,0,1,\N,11,\N,\N,\N,\N,\N,\N,19,,\N
POAI,Health Care,Industrial Specialties,16.97,0.711,0.76,0.935649,31,17.24,96,-0.15,-0.2,-0.19,-0.24,-0.21,\N,19,\N,2019-07-06 04:24:26
PLPC,Basic Industries,Water Supply,267.54,56.61,54.371,1.04119,62,0.68,39,1.09,1.33,1.76,1.02,0.36,-0.521429,48,\N,2019-07-06 04:24:41
PFBI,Finance,Major Banks,210.76,15.81,15.764,1.00289,48,3.33,71,0.38,0.32,0.37,0.39,0.42,0.4,85,\N,2019-07-06 04:24:55
PINC,Consumer Services,Other Consumer Services,2440,39.2,36.616,1.07056,71,1.44,53,-1.93,-6.17,-12.8,0.69,0.48,0.178651,77,\N,2019-07-06 04:25:08
PSDO,Technology,Retail: Computer Software & Peripheral Equipment,1100,14.03,14.6,0.960959,37,0.37,31,0.01,0.15,0.15,0.07,0.06,0.357143,84,\N,2019-07-06 04:25:22
PRGX,Consumer Services,Diversified Commercial Services,143.44,6.77,8.039,0.842184,19,0.92,44,-0.11,-0.13,0.1,0.34,-0.2,-0.166667,58,\N,2019-07-06 04:25:35
PSMT,Consumer Services,Department/Specialty Retail Stores,1550,51.05,58.805,0.868125,22,0.49,34,0.47,0.61,0.62,0.48,0.79,1,99,\N,2019-07-06 04:25:49
PNRG,Energy,Oil & Gas Production,269.9,129.95,127.674,1.01783,54,2.21,62,1.14,-0.27,1.54,2.62,-1.49,-0.639903,45,\N,2019-07-06 04:26:04
PRMW,Consumer Non-Durables,Food Distributors,490.08,13.21,13.892,0.950877,35,1.73,57,0.04,0.01,-1.45,0.04,-0.03,-0.0469799,63,\N,2019-07-06 04:26:34
PRIM,Basic Industries,Water Supply,995.73,21.23,20.73,1.0241,56,0.35,30,0.01,0.23,0.63,0.63,0.04,0.0483871,70,\N,2019-07-06 04:26:49
PFG,Finance,Accident &Health Insurance,15720,58.81,52.372,1.12293,82,1.07,47,1.36,1.58,1.59,0.84,1.53,0.226667,79,\N,2019-07-06 04:27:03
PRNB,Health Care,Major Pharmaceuticals,815.05,37.66,31.621,1.19097,91,\N,11,\N,\N,\N,\N,\N,\N,19,,\N
PRTH,Miscellaneous,Business Services,454.35,7.33,6.559,1.11749,81,1.2,49,-0.13,-0.15,-0.04,-0.05,-0.1,\N,19,\N,2019-07-06 04:27:31
PDEX,Health Care,Medical/Dental Instruments,51.86,13.11,13.936,0.940711,32,2.04,60,0.11,0.04,0.31,0.28,0.17,0.222222,79,\N,2019-07-06 04:27:46
IPDN,Technology,Computer Software: Programming\, Data Processing,12.56,2.21,2.284,0.967484,38,1.56,55,-0.48,-0.46,-1.49,-0.78,-0.23,\N,19,\N,2019-07-06 04:28:01
PFIE,Energy,Metal Fabrications,73.83,1.62,1.669,0.970592,39,1.73,57,0.04,0.03,0.03,0.01,0.03,-0.333333,52,\N,2019-07-06 04:28:14
PGNX,Health Care,Major Pharmaceuticals,471.61,5.86,4.698,1.24721,94,30.33,98,-0.19,-0.2,-0.3,-0.17,-0.22,\N,19,\N,2019-07-06 04:28:28
PRGS,Technology,Computer Software: Prepackaged Software,1760,40.75,39.921,1.02076,55,4.55,80,0.27,0.33,0.37,0.41,0.21,-0.3,53,\N,2019-07-06 04:28:43
PFPT,Technology,EDP Services,6190,124.56,113.424,1.09818,77,9.16,91,-0.24,-0.67,-0.69,-0.39,-0.51,\N,19,\N,2019-07-06 04:28:58
PRPH,Health Care,Major Pharmaceuticals,29.25,2.02,2.991,0.675465,9,1.94,59,0,-0.02,-0.09,-0.04,-0.09,\N,19,\N,2019-07-06 04:29:12
PRQR,Health Care,Major Pharmaceuticals,362.86,9.23,13.267,0.695718,10,\N,11,\N,\N,\N,\N,\N,\N,19,could not convert string to float: N/A,\N
PTGX,Health Care,Major Pharmaceuticals,270.22,12.84,9.959,1.28934,96,13.84,94,-0.36,-0.41,-0.38,-0.57,-0.58,\N,19,\N,2019-07-06 04:29:27
PTVCA,Finance,Property-Casualty Insurers,249.77,16.55,18.068,0.915983,28,0.61,37,0.02,0.17,-0.82,-1.65,0.18,0.0874317,72,\N,2019-07-06 04:29:41
PTVCB,Finance,Property-Casualty Insurers,252.41,17.81,18.151,0.981205,41,0.57,36,0.02,0.17,-0.82,-1.65,0.18,0.0874317,72,\N,2019-07-06 04:29:58
PRTO,Health Care,Biotechnology: Biological Products (No Diagnostic ,8.46,0.421,1.602,0.262753,3,\N,11,\N,\N,\N,\N,\N,\N,19,could not convert string to float: N/A,\N
PTI,Health Care,Major Pharmaceuticals,52.12,0.988,2.26,0.437074,4,7.32,88,-0.32,-0.43,-0.5,-0.35,-0.28,\N,19,\N,2019-07-06 04:30:13
PRTA,Health Care,Major Pharmaceuticals,393.46,10.13,11.301,0.896381,25,423.64,100,-1.26,-1.5,-0.62,-0.56,-0.52,\N,19,\N,2019-07-06 04:30:29
PRVB,Health Care,Major Pharmaceuticals,454.32,11.18,4.116,2.7165,100,\N,11,\N,\N,\N,\N,\N,\N,19,could not convert string to float: N/A,\N
PVBC,Finance,Savings Institutions,257.78,28.13,23.622,1.19084,91,7.01,88,0.22,0.26,0.22,0.3,0.24,0.25,80,\N,2019-07-06 04:30:44
PROV,Finance,Savings Institutions,154.97,21.36,19.369,1.10281,78,2.94,68,0.23,0.18,0.24,0.26,-0.02,-0.892857,41,\N,2019-07-06 04:30:59
PBIP,Finance,Banks,149.69,18.3,17.687,1.03467,60,6.12,86,0.24,0.26,0.27,0.22,0.26,0.4,85,\N,2019-07-06 04:31:14
PMD,Health Care,Medical Specialities,55.6,10.18,14.12,0.720971,11,1.36,52,0.23,0.21,0.23,0.16,0.11,-1,39,\N,2019-07-06 04:31:28
PTC,Technology,Computer Software: Prepackaged Software,9900,92.83,89.014,1.04287,63,8.53,90,0.07,0.14,0.11,0.18,-0.37,-0.8,42,\N,2019-07-06 04:31:43
PTCT,Health Care,Major Pharmaceuticals,2460,44.07,36.743,1.19942,91,9.82,92,-0.46,-0.21,-1.06,-0.96,-1.29,\N,19,\N,2019-07-06 04:32:13
PHCF,Finance,Investment Managers,32.45,2.79,0,0,1,\N,11,\N,\N,\N,\N,\N,\N,19,list index out of range,\N
PULM,Health Care,Major Pharmaceuticals,17.29,0.936,1.395,0.671067,9,\N,11,\N,\N,\N,\N,\N,\N,19,,\N
PLSE,Health Care,Medical/Dental Instruments,267.99,13.07,14.53,0.899537,25,\N,11,\N,\N,\N,\N,\N,\N,19,could not convert string to float: N/A,\N
PBYI,Health Care,Major Pharmaceuticals,493.08,12.22,26.163,0.467078,4,1.66,56,-0.65,-1.17,-0.37,-0.8,-0.26,\N,19,\N,2019-07-06 04:33:03
PACQ,Finance,Business Services,525.27,10.16,10.03,1.01298,52,\N,11,\N,\N,\N,\N,\N,\N,19,could not convert string to float: N/A,\N
PCYO,Public Utilities,Water Supply,243.49,10.65,9.973,1.0679,70,23.46,97,0,0,0.02,0.03,0,0,67,\N,2019-07-06 04:33:30
PRPL,Consumer Durables,Home Furnishings,375.54,6.64,5.831,1.13876,85,1.16,49,-0.17,-0.09,-0.09,-0.12,-0.02,\N,19,\N,2019-07-06 04:33:56
PUYI,Finance,Investment Managers,525.34,8.54,0,0,1,\N,11,\N,\N,\N,\N,\N,\N,19,could not convert string to float: N/A,\N
PXS,Transportation,Marine Transportation,21.9,1.05,1.14,0.920892,28,0.8,41,0.03,-0.06,-0.2,-0.16,-0.11,\N,19,\N,2019-07-06 04:34:11
QADA,Technology,Computer Software: Prepackaged Software,773.75,42.34,43.6,0.971111,39,2.45,64,0.07,0.05,0.14,0.24,-0.17,-0.585366,46,\N,2019-07-06 04:34:26
QADB,Technology,Computer Software: Prepackaged Software,574.42,30.99,31.851,0.972968,39,2.38,63,0.07,0.05,0.14,0.24,-0.17,-0.585366,46,\N,2019-07-06 04:34:41
QCRH,Finance,Major Banks,527.43,34.6,34.16,1.01289,52,3.04,69,0.74,0.73,0.55,0.84,0.81,0.241379,79,\N,2019-07-06 04:34:56
QGEN,Health Care,Biotechnology: Biological Products (No Diagnostic ,9160,40.26,38.473,1.04645,64,6.06,86,0.14,0.16,0.26,0.26,0.13,-0.0769231,62,\N,2019-07-06 15:27:30
QIWI,Miscellaneous,Business Services,1240,20.21,15.443,1.30866,96,\N,11,\N,\N,\N,\N,\N,\N,19,could not convert string to float: N/A,\N
QRVO,Technology,Semiconductors,7560,68.97,67.764,1.01779,54,2.66,66,-0.1,-0.24,0.25,0.55,0.5,0.759494,93,\N,2019-07-06 04:35:29
QCOM,Technology,Radio And Television Broadcasting And Communicatio,88200,76.66,64,1.19781,91,4.38,79,0.24,0.82,-0.35,0.87,0.55,0.254098,80,\N,2019-07-06 04:35:44
QBAK,Technology,Electronic Components,11.58,5.64,5.786,0.974684,40,0.91,44,0.28,0.23,0.2,0.01,0.07,-0.777778,43,\N,2019-07-06 04:35:58
QLYS,Technology,Computer Software: Prepackaged Software,3360,88.4,84.647,1.04434,63,11.96,93,0.22,0.24,0.56,0.35,0.32,0.294118,82,\N,2019-07-06 04:36:11
QTRX,Capital Goods,Biotechnology: Laboratory Analytical Instruments,817.59,31.49,24.26,1.29801,96,18.47,96,-0.33,-0.34,-0.35,-0.4,-0.42,\N,19,\N,2019-07-06 04:36:25
QTRH,Miscellaneous,Multi-Sector Companies,124.74,1.21,1.059,1.14217,86,1.34,51,-0.1,-0.07,-0.08,-0.17,0,\N,19,\N,2019-07-06 04:36:42
QRHC,Technology,Diversified Commercial Services,42.98,2.74,1.946,1.40777,98,0.41,32,-0.09,-0.04,-0.04,0.01,-0.01,0.8,94,\N,2019-07-06 04:36:58
QUIK,Technology,Semiconductors,68.46,0.58,0.771,0.752203,12,5.19,83,-0.05,-0.04,-0.03,-0.03,-0.04,\N,19,\N,2019-07-06 04:37:14
QDEL,Health Care,Biotechnology: In Vitro & In Vivo Diagnostic Subst,2340,58.4,59.911,0.974786,40,4.64,81,0.86,-0.08,0.27,0.78,0.6,-0.276596,54,\N,2019-07-06 04:37:28
QNST,Miscellaneous,Business Services,799.93,15.94,15.242,1.0458,64,1.79,58,0.14,0.1,0.1,1,0.02,-0.122449,60,\N,2019-07-06 04:37:42
QUMU,Technology,Computer Software: Prepackaged Software,36.32,4.48,2.867,1.56251,99,1.61,55,-0.48,-0.16,0.25,-0.05,-0.1,0.520548,88,\N,2019-07-06 04:38:12
QTNT,Health Care,Biotechnology: In Vitro & In Vivo Diagnostic Subst,616.13,9.37,8.815,1.06297,68,21.28,97,-0.44,-0.55,-0.53,-0.46,-0.41,\N,19,\N,2019-07-06 04:38:27
QRTEA,Consumer Services,Catalog/Specialty Distribution,5270,12.81,17.132,0.747734,12,0.4,32,0.3,0.4,0.16,0.6,0.13,-0.361702,51,\N,2019-07-06 04:38:42
QRTEB,Consumer Services,Catalog/Specialty Distribution,5280,12.55,17.2,0.729667,11,0.39,32,0.3,0.4,0.16,0.6,0.13,-0.361702,51,\N,2019-07-06 04:38:56
RRD,Miscellaneous,Publishing,145.14,2.1,4.136,0.507724,5,0.02,21,-0.14,-0.18,0.49,-0.32,-0.12,0.0246914,68,\N,2019-07-06 15:29:51
RCM,Consumer Services,Other Consumer Services,1360,12.9,10.22,1.26223,95,1.46,53,-0.26,-0.07,-0.17,-0.1,-0.04,\N,19,\N,2019-07-06 04:39:24
RARX,Health Care,Major Pharmaceuticals,1150,32.47,22.46,1.44571,99,549.43,100,-0.61,-0.49,-0.51,-0.46,-0.45,\N,19,\N,2019-07-06 04:39:39
RADA,Technology,Electronic Components,122.58,3.52,3.082,1.14209,86,\N,11,\N,\N,\N,\N,\N,\N,19,,\N
RDCM,Technology,Computer peripheral equipment,109.9,7.89,8.034,0.982043,41,3.82,75,0.02,0.06,0.05,-0.3,-0.23,-0.694444,44,\N,2019-07-06 04:40:07
RDUS,Health Care,Major Pharmaceuticals,1070,24.62,20.104,1.22461,93,9.59,92,-1.37,-1.52,-1.09,-0.9,-0.94,\N,18,\N,2019-07-06 04:40:21
RDNT,Health Care,Medical Specialities,667.07,13.8,12.944,1.06613,69,0.68,39,-0.15,0.11,0.1,0.6,-0.08,0.0933333,72,\N,2019-07-06 04:40:36
RDWR,Miscellaneous,Business Services,1150,24.59,24.634,0.998221,46,4.79,81,-0.02,0.04,0.06,0.16,0.09,0.611111,90,\N,2019-07-06 04:40:50
METC,Energy,Coal Mining,200.08,5.33,5.749,0.927043,30,0.95,44,0.13,0.25,0.15,0.08,0.17,0.235294,79,\N,2019-07-06 04:41:05
RMBS,Technology,Semiconductors,1270,12.15,10.526,1.15428,87,5.74,85,-0.33,-0.14,-0.97,-0.02,-0.24,\N,18,\N,2019-07-06 04:41:19
RAND,Consumer Non-Durables,Textiles,15.96,2.7,2.795,0.965971,38,7.03,88,-0.08,-0.1,-0.03,0.15,0.07,0.6,90,\N,2019-07-06 04:41:34
RNDB,Finance,Major Banks,88.4,14.95,14.888,1.00415,48,2.84,67,-0.13,-0.18,-0.03,-0.04,-0.01,\N,18,\N,2019-07-06 04:41:48
RPD,Technology,Computer Software: Prepackaged Software,2610,59.53,47.734,1.24713,94,10.69,92,-0.36,-0.31,-0.25,-0.27,-0.24,\N,18,\N,2019-07-06 04:42:02
RTLR,Public Utilities,Natural Gas Distribution,2920,19.38,0,0,1,\N,11,\N,\N,\N,\N,\N,\N,18,,\N
RAVE,Consumer Non-Durables,Food Distributors,42.05,2.95,1.707,1.72854,100,3.68,74,-0.03,0.24,0.01,0.02,-0.02,0.037037,69,\N,2019-07-06 04:42:31
RAVN,Capital Goods,Specialty Chemicals,1230,35.88,37.206,0.96436,37,3.28,71,0.61,0.38,0.36,0.08,0.36,-0.471698,49,\N,2019-07-06 04:42:45
RBB,Finance,Major Banks,395.66,19.5,19.469,1.0016,47,4.01,77,0.52,0.54,0.48,0.5,0.51,-0.166667,58,\N,2019-07-06 04:43:00
ROLL,Capital Goods,Metal Fabrications,4060,166.01,138.713,1.19679,91,5.88,85,1.09,1.12,1.22,0.65,1.27,0.290323,82,\N,2019-07-06 04:43:14
RICK,Consumer Services,Restaurants,170.46,17.09,21.192,0.806437,16,0.98,45,1.47,0.48,0.55,-0.27,0.65,-0.471264,49,\N,2019-07-06 04:43:28
RCMT,Technology,Professional Services,42.73,3.45,3.827,0.901394,26,0.22,27,0.09,0.03,0.06,0.05,0.11,0.25,80,\N,2019-07-06 04:43:42
RDI,Consumer Services,Movies/Entertainment,292.78,13.27,15.052,0.881625,23,1.09,47,0.13,0.22,0.06,0.21,-0.09,-0.709677,44,\N,2019-07-06 04:43:57
RDIB,Consumer Services,Movies/Entertainment,533.88,26,26.147,0.99439,45,1.11,48,0.13,0.22,0.06,0.21,-0.09,-0.709677,44,\N,2019-07-06 04:44:27
RLM,Health Care,Major Pharmaceuticals,13.1,2.9,3.013,0.962601,37,\N,11,\N,\N,\N,\N,\N,\N,18,list index out of range,\N
RNWK,Technology,EDP Services,72.47,1.76,2.603,0.676248,9,0.75,40,-0.14,-0.18,-0.16,-0.18,0.04,\N,18,\N,2019-07-06 04:44:54
RP,Technology,Computer Software: Prepackaged Software,5390,61.6,58.766,1.04822,64,6.33,86,0.13,0.09,0.09,0.07,0.12,-0.166667,58,\N,2019-07-06 04:45:09
RETA,Health Care,Major Pharmaceuticals,2550,89.84,84.273,1.06606,69,96.75,99,0.15,-1.08,-1.07,-0.86,-0.98,\N,18,\N,2019-07-06 04:45:23
RCON,Energy,Oilfield Services/Equipment,16.95,0.78,0.926,0.842305,19,\N,11,\N,\N,\N,\N,\N,\N,18,could not convert string to float: N/A,\N
REPH,Health Care,Major Pharmaceuticals,218.46,10.52,8.61,1.22183,93,2.82,67,-0.65,-0.62,-0.64,-1.92,-0.1,\N,18,\N,2019-07-06 04:45:40
RRBI,Finance,Major Banks,352.24,48.74,0,0,1,\N,11,\N,\N,\N,\N,\N,\N,18,could not convert string to float: ,\N
RRGB,Consumer Services,Restaurants,403.9,30.17,30.654,0.984205,42,0.29,29,0.34,-0.14,0.13,-0.82,0.05,-0.25,55,\N,2019-07-06 04:46:09
RRR,Consumer Services,Hotels/Resorts,2390,21.65,24.835,0.871755,22,1.49,54,0.65,0.82,0.2,0.11,0.16,-0.690141,44,\N,2019-07-06 04:46:24
RDVT,Technology,Computer Software: Prepackaged Software,127.45,11.59,8.687,1.33424,97,6.49,87,-0.2,-0.15,-0.12,-0.2,-0.13,\N,18,\N,2019-07-06 04:46:39
RDFN,Finance,Real Estate,1580,17.78,18.599,0.955957,36,3.13,70,-0.44,0.04,0.04,-0.14,-0.74,-0.384615,51,\N,2019-07-06 04:46:54
RDHL,Health Care,Major Pharmaceuticals,140.39,6.66,7.712,0.863596,21,24.54,97,-0.5,-0.5,-0.4,-0.3,-0.3,\N,18,\N,2019-07-06 04:47:08
RBZ,Consumer Services,Catalog/Specialty Distribution,19.83,3.83,4.569,0.838329,19,\N,11,\N,\N,\N,\N,\N,\N,18,list index out of range,\N
REED,Consumer Non-Durables,Beverages (Production/Distribution),111.75,3.73,3.074,1.21335,92,3.27,71,-0.06,-0.13,-0.1,-0.1,-0.11,\N,18,\N,2019-07-06 04:47:37
REG,Consumer Services,Real Estate Investment Trusts,11390,68.48,65.444,1.04639,64,9.66,92,0.31,0.28,0.41,0.46,0.54,0.884615,96,\N,2019-07-06 04:47:50
REGN,Health Care,Major Pharmaceuticals,34310,307,369.856,0.830053,18,4.83,82,4.16,4.82,5.17,7.15,3.99,-0.0537975,63,\N,2019-07-06 04:48:05
RGNX,Health Care,Biotechnology: Biological Products (No Diagnostic ,1840,47.6,49.51,0.961423,37,20.05,96,3.04,0.3,-0.56,0.11,-0.89,-1,39,\N,2019-07-06 04:48:20
RGLS,Health Care,Major Pharmaceuticals,24.86,1.32,1.124,1.17417,89,4.14,78,-1.8,-1.56,-1.18,-0.98,-0.31,\N,18,\N,2019-07-06 04:48:35
REKR,Capital Goods,Telecommunications Equipment,36.99,1.9,0.853,2.22628,100,0.75,40,-0.16,-0.07,-0.05,-0.13,-0.17,\N,18,\N,2019-07-06 04:48:49
RBNC,Finance,Major Banks,257.64,23.38,22.357,1.04574,64,4.29,79,0.33,0.19,0.36,0.36,0.33,0,67,\N,2019-07-06 04:49:04
RELV,Health Care,Major Pharmaceuticals,7.96,4.38,4.429,0.988986,43,0.21,26,-0.13,-0.53,-0.29,-0.08,0.36,\N,18,\N,2019-07-06 04:49:19
MARK,Consumer Services,Telecommunications Equipment,37.72,0.87,1.565,0.555761,6,0.46,34,-0.43,0.1,-0.11,-0.19,-0.23,0.377358,84,\N,2019-07-06 04:49:34
RNST,Finance,Major Banks,2040,36.08,35.293,1.02229,56,3.78,75,0.68,0.74,0.61,0.76,0.77,0.5625,89,\N,2019-07-06 04:49:48
REGI,Basic Industries,Major Chemicals,595.13,15.83,21.929,0.721862,11,0.27,28,5.3,0.78,0.53,0.28,-1.16,-1,39,\N,2019-07-06 04:50:02
RCII,Technology,Diversified Commercial Services,1370,27.43,21.214,1.29302,96,0.56,36,-0.37,0.25,0.24,0.03,0.13,0.806452,94,\N,2019-07-06 04:50:32
RGEN,Health Care,Biotechnology: Biological Products (No Diagnostic ,3860,84.46,63.355,1.33312,97,19.32,96,0.08,0.06,0.1,0.12,0.17,0.818182,95,\N,2019-07-06 04:50:46
REPL,Health Care,Biotechnology: Biological Products (No Diagnostic ,452.87,13.68,13.42,1.0194,55,\N,11,\N,\N,\N,\N,\N,\N,18,could not convert string to float: N/A,\N
RBCAA,Finance,Major Banks,995.21,51.49,44.8,1.14934,87,4.11,77,1.32,0.74,1.59,0.83,1.41,0.105882,73,\N,2019-07-06 04:51:02
FRBK,Finance,Major Banks,277.15,4.87,5.585,0.871984,22,3.06,69,0.03,0.04,0.04,0.04,0.01,-0.666667,45,\N,2019-07-06 04:51:17
REFR,Miscellaneous,Multi-Sector Companies,104.13,3.34,2.573,1.29803,96,70.22,99,-0.03,-0.02,-0.03,-0.02,-0.03,\N,18,\N,2019-07-06 04:51:33
RESN,Technology,Semiconductors,60.11,2.13,2.759,0.772027,14,121.61,99,-0.28,-0.22,-0.23,-0.25,-0.26,\N,18,\N,2019-07-06 04:51:47
RECN,Miscellaneous,Business Services,504.96,16,16.256,0.98425,42,0.7,39,0.14,0.12,0.18,0.33,0.18,0.190476,77,\N,2019-07-06 04:52:01
HAIR,Health Care,Medical/Dental Instruments,24.11,0.58,0.685,0.846866,20,1.06,47,-0.26,-0.21,-0.2,-0.2,-0.18,\N,18,\N,2019-07-06 04:52:16
TORC,Health Care,Major Pharmaceuticals,356.72,10.27,8.182,1.25515,94,\N,11,\N,\N,\N,\N,\N,\N,18,could not convert string to float: N/A,\N
ROIC,Consumer Services,Real Estate Investment Trusts,1960,17.5,17.18,1.0186,54,6.73,87,0.09,0.06,0.12,0.09,0.12,0.5,88,\N,2019-07-06 04:52:31
RETO,Capital Goods,Industrial Machinery/Components,23.44,1.8,1.688,1.06662,69,\N,11,\N,\N,\N,\N,\N,\N,18,list index out of range,\N
RTRX,Health Care,Major Pharmaceuticals,829.62,20.18,20.924,0.964441,38,4.87,82,-0.46,-0.56,-1.34,-0.18,-0.99,\N,18,\N,2019-07-06 04:52:59
RVNC,Health Care,Major Pharmaceuticals,534.68,12.77,14.97,0.853046,20,147.34,100,-0.97,-0.94,-0.91,-1.12,-0.85,\N,18,\N,2019-07-06 04:53:13
RVEN,Consumer Services,Real Estate Investment Trusts,42.5,3.85,3.718,1.03534,60,4.42,80,-0.03,-0.09,-0.11,-0.06,-0.07,\N,18,\N,2019-07-06 04:53:28
RVLT,Consumer Durables,Building Products,6.82,0.26,0.353,0.737229,12,0.04,22,-0.03,-0.12,-2.2,-0.1,-0.1,\N,18,\N,2019-07-06 04:53:42
RWLK,Health Care,Industrial Specialties,26.69,4.35,5.059,0.859878,21,4.22,78,-5.25,-4.5,-3.25,-2.5,-1.25,\N,18,\N,2019-07-06 04:53:56
REXN,Health Care,Major Pharmaceuticals,22.55,5.31,6.994,0.759201,13,\N,11,\N,\N,\N,\N,\N,\N,18,could not convert string to float: N/A,\N
RFIL,Capital Goods,Electrical Products,73.38,7.84,7.462,1.05069,65,1.59,55,0.34,0.18,0.04,0.07,0.11,-0.766667,43,\N,2019-07-06 04:54:11
RGCO,Public Utilities,Oil & Gas Production,225.77,30.45,27.783,1.09598,77,3.58,73,0.47,0.14,0.09,0.3,0.58,0.22449,79,\N,2019-07-06 04:54:24
RBKB,Finance,Banks,120.91,10.93,0,0,1,\N,11,\N,\N,\N,\N,\N,\N,18,,\N
RYTM,Health Care,Major Pharmaceuticals,736.85,21.1,26.793,0.787522,14,\N,11,\N,\N,\N,\N,\N,\N,18,could not convert string to float: N/A,\N
RBBN,Technology,EDP Services,522.42,4.9,5.107,0.95942,36,0.94,44,-0.44,-0.2,-0.1,-0.02,-0.29,\N,18,\N,2019-07-06 04:54:54
RIBT,Consumer Non-Durables,Packaged Foods,97.11,3.28,3.163,1.0371,61,6.16,86,-0.11,-0.11,-0.07,-0.09,-0.11,\N,18,\N,2019-07-06 04:55:07
RELL,Technology,Electronic Components,70.62,5.56,6.539,0.850232,20,0.43,33,0.04,0.13,0.03,-0.02,-0.08,-0.571429,47,\N,2019-07-06 04:55:20
RIGL,Health Care,Major Pharmaceuticals,371.17,2.56,2.279,1.12318,82,7.49,89,-0.17,-0.16,-0.14,0.02,-0.11,0.315789,83,\N,2019-07-06 04:55:50
RNET,Consumer Services,Telecommunications Equipment,173.65,10.56,11.525,0.916278,28,0.86,43,-0.31,-0.23,-0.15,-2.62,-0.63,\N,18,\N,2019-07-06 04:56:06
RMNI,Miscellaneous,Business Services,338.59,5.24,5.21,1.00582,49,1.32,51,0.05,-0.43,-0.85,-0.06,0.07,0.0217391,68,\N,2019-07-06 04:56:20
RIOT,Health Care,Biotechnology: In Vitro & In Vivo Diagnostic Subst,52.66,2.8,3.239,0.864483,21,5.37,84,-1.35,-1.81,-0.46,-0.77,-0.94,\N,18,\N,2019-07-06 04:56:35
REDU,Consumer Services,Other Consumer Services,528.5,9.66,9.523,1.01434,52,\N,11,\N,\N,\N,\N,\N,\N,18,could not convert string to float: N/A,\N
RTTR,Health Care,Major Pharmaceuticals,9.95,1.075,0.826,1.30142,96,\N,11,\N,\N,\N,\N,\N,\N,18,could not convert string to float: N/A,\N
RVSB,Finance,Savings Institutions,181.66,8.5,7.665,1.10896,80,3.31,71,0.13,0.2,0.19,0.19,0.19,0.857143,95,\N,2019-07-06 04:56:51
RIVE,Finance,Major Banks,100.43,10.29,11.191,0.919483,28,1.83,58,0.31,0.31,0.3,0.27,-0.08,-1,39,\N,2019-07-06 04:57:05
RCKT,Health Care,Major Pharmaceuticals,775.97,13.65,16.496,0.827456,17,\N,11,\N,\N,\N,\N,\N,\N,18,could not convert string to float: N/A,\N
RMTI,Health Care,Biotechnology: Electromedical & Electrotherapeutic,199.25,2.99,4.297,0.695756,10,3,69,-0.13,-0.24,-0.1,-0.17,-0.15,\N,18,\N,2019-07-06 04:57:21
RCKY,Consumer Non-Durables,Shoe Manufacturing,193.94,27.68,26.326,1.05143,65,0.8,41,0.44,0.35,0.67,0.48,0.48,0.125,74,\N,2019-07-06 04:57:36
RMCF,Consumer Non-Durables,Specialty Foods,49.25,8.48,9.043,0.937705,32,1.47,53,0.08,0.1,0.13,0.09,0.06,-0.285714,53,\N,2019-07-06 04:57:50
ROKU,Consumer Services,Television Services,10560,98.11,67.08,1.46257,99,13.61,94,-0.07,0,-0.09,0.05,-0.09,-0.142857,59,\N,2019-07-06 04:58:04
ROSE,Energy,Oil & Gas Production,158.69,3.46,3.409,1.01489,53,0.51,35,-0.22,-0.32,-4.76,2.35,-2.75,-0.355837,52,\N,2019-07-06 04:58:18
ROST,Consumer Services,Clothing/Shoe/Accessory Stores,37020,100.88,94.523,1.06726,70,2.42,63,1.11,1.04,0.91,1.2,1.15,0.137931,75,\N,2019-07-06 04:58:33
RGLD,Basic Industries,Precious Metals,6630,104.68,89.085,1.17506,89,16.18,95,-2.35,0.41,0.23,0.36,0.44,1,99,\N,2019-07-06 04:58:48
RTIX,Health Care,Industrial Specialties,318.5,4.22,4.769,0.88488,24,1.11,48,-0.03,-0.1,0.04,0.03,-0.14,-0.611111,46,\N,2019-07-06 04:59:02
RBCN,Technology,Semiconductors,22.43,8.38,8.092,1.03555,60,6,85,-0.01,0.05,0.26,0.05,0.02,0.111111,73,\N,2019-07-06 04:59:16
RUBY,Health Care,Biotechnology: Biological Products (No Diagnostic ,1170,15.22,15.736,0.967193,38,\N,11,\N,\N,\N,\N,\N,\N,18,could not convert string to float: N/A,\N
RUHN,Consumer Services,Catalog/Specialty Distribution,256.42,3.5,0,0,1,\N,11,\N,\N,\N,\N,\N,\N,18,could not convert string to float: N/A,\N
RMBL,Technology,EDP Services,93.33,4.47,5.142,0.869237,22,0.28,29,-0.28,-0.36,-0.47,-0.57,-0.4,\N,18,\N,2019-07-06 04:59:32
RUSHA,Consumer Durables,Automotive Aftermarket,1310,36.22,39.373,0.919929,28,0.24,27,0.51,0.72,1.03,1.2,0.98,0.681159,92,\N,2019-07-06 04:59:46
RUSHB,Consumer Durables,Automotive Aftermarket,1320,37.63,39.595,0.950383,34,0.24,27,0.51,0.72,1.03,1.2,0.98,0.681159,92,\N,2019-07-06 05:00:00
RUTH,Consumer Services,Restaurants,690.67,22.72,24.339,0.933475,31,1.52,54,0.45,0.32,0.12,0.49,0.47,0.0540541,70,\N,2019-07-06 05:00:15
RYAAY,Transportation,Air Freight/Delivery Services,14030,67.66,71.461,0.946813,34,\N,11,\N,\N,\N,\N,\N,\N,18,could not convert string to float: N/A,\N
STBA,Finance,Major Banks,1260,38,39.291,0.967137,38,4.99,82,0.75,0.61,0.88,0.77,0.66,-0.333333,52,\N,2019-07-06 05:00:46
SANW,Consumer Non-Durables,Farming/Seeds/Milling,85.89,2.83,2.617,1.08141,74,1.29,50,0.07,-0.18,0,-0.09,-0.1,-0.68,44,\N,2019-07-06 05:01:01
SBRA,Consumer Services,Real Estate Investment Trusts,3460,20.3,19.183,1.05823,67,\N,11,\N,\N,\N,\N,\N,\N,18,,\N
SABR,Technology,Computer Software: Programming\, Data Processing,6210,23.13,21.843,1.05891,67,\N,11,\N,\N,\N,\N,\N,\N,18,,\N
SAEX,Energy,Oil & Gas Production,13.99,3.48,3.609,0.964315,37,\N,11,\N,\N,\N,\N,\N,\N,18,,\N
SFET,Technology,Computer Software: Prepackaged Software,4.38,1.69,2.36,0.716241,11,3.33,71,-4,-4,-4.8,-2,-0.8,\N,18,\N,2019-07-06 05:01:38
SAFT,Finance,Property-Casualty Insurers,1460,97.32,89.443,1.08806,75,1.76,57,0.6,1.75,1.88,1.19,1.95,1,99,\N,2019-07-06 05:01:52
SGA,Consumer Services,Broadcasting,169.81,30.67,32.078,0.956104,36,1.51,54,0.26,0.7,0.62,0.72,0.23,-0.0612245,63,\N,2019-07-06 05:02:06
SAGE,Health Care,Major Pharmaceuticals,9110,177.08,157.065,1.12743,83,99.82,99,-1.68,-0.36,-2.63,-3.38,-3.37,\N,18,\N,2019-07-06 05:02:20
SAIA,Transportation,Trucking Freight/Courier Services,1530,64.54,62.85,1.02689,57,1,46,0.8,1.15,1.07,0.97,0.85,0.142857,75,\N,2019-07-06 05:02:35
SALM,Consumer Services,Broadcasting,62.85,2.42,2.453,0.986618,43,0.24,27,0.03,-0.08,0.05,-0.12,0.01,-0.117647,60,\N,2019-07-06 05:02:49
SAL,Finance,Savings Institutions,109.85,39.5,40.227,0.981923,41,2.72,66,0.72,0.68,0.83,0.91,0.86,0.608696,90,\N,2019-07-06 05:03:02
SAFM,Consumer Non-Durables,Meat/Poultry/Fish,2900,142.43,130.611,1.09049,76,0.97,45,1.84,0.5,-1.95,-0.82,1.83,-0.00263852,65,\N,2019-07-06 05:03:16
SASR,Finance,Major Banks,1200,35.59,33.364,1.06672,69,3.99,76,0.61,0.68,0.82,0.72,0.85,1,99,\N,2019-07-06 05:03:31
SGMO,Health Care,Biotechnology: Biological Products (No Diagnostic ,1120,11.4,10.464,1.0895,75,15.84,95,-0.23,-0.17,-0.13,-0.18,-0.41,\N,17,\N,2019-07-06 05:03:46
SANM,Technology,Electrical Products,2020,30.34,29.765,1.01932,54,0.26,28,0.33,0.47,0.01,0.54,0.57,0.428571,86,\N,2019-07-06 05:04:00
SNY,Health Care,Major Pharmaceuticals,108550,43.38,42.714,1.01558,53,\N,11,\N,\N,\N,\N,\N,\N,17,could not convert string to float: N/A,\N
SPNS,Technology,Computer Software: Prepackaged Software,814.21,16.29,14.349,1.13525,84,2.76,67,0.13,0.04,0.15,0.07,0.17,0.307692,82,\N,2019-07-06 05:04:15
SRPT,Health Care,Major Pharmaceuticals,9210,150.8,125.443,1.20214,92,34.37,98,-0.55,-1.67,-1.15,-2.05,-1.07,\N,17,\N,2019-07-06 05:04:30
SVRA,Health Care,Major Pharmaceuticals,92.04,2.73,8.037,0.339681,3,\N,11,\N,\N,\N,\N,\N,\N,17,could not convert string to float: N/A,\N
SBFG,Finance,Major Banks,106.48,16.66,17.868,0.932376,31,2.14,61,0.35,0.4,0.39,0.37,0.28,-0.583333,46,\N,2019-07-06 05:04:45
SBFGP,Finance,Major Banks,0.241719,16.5,17.979,0.91774,28,\N,11,\N,\N,\N,\N,\N,\N,17,could not convert string to float: ,\N
SBBX,Finance,Major Banks,211.11,22.8,22.206,1.02676,57,3.74,75,0.17,0.38,0.41,0.29,0.62,1,99,\N,2019-07-06 05:05:14
SBAC,Consumer Services,Real Estate Investment Trusts,25860,232.61,196.671,1.18274,90,13.63,94,0.27,-0.5,0.14,0.5,0.23,-0.04,64,\N,2019-07-06 05:05:30
SCSC,Technology,Retail: Computer Software & Peripheral Equipment,830.81,32.77,35.528,0.922367,29,0.22,27,0.42,0.4,0.56,0.78,0.45,0.0789474,72,\N,2019-07-06 05:05:45
SMIT,Capital Goods,Industrial Machinery/Components,9.03,2.23,2.469,0.903309,26,0.65,38,0,0.06,-0.05,-0.06,-0.12,-0.666667,45,\N,2019-07-06 05:06:14
SCHN,Consumer Durables,Industrial Specialties,656.29,24.91,23.764,1.04821,64,0.3,29,1.31,2.09,0.57,0.46,0.56,-0.460123,49,\N,2019-07-06 05:06:27
SRRK,Health Care,Biotechnology: Biological Products (No Diagnostic ,392.08,15.46,18.096,0.854344,20,153.71,100,-0.5,-1.39,-0.44,-0.57,-0.42,\N,17,\N,2019-07-06 05:06:42
SCHL,Consumer Services,Books,1160,33.04,39.074,0.845584,19,0.69,39,-1.41,1.43,-1.75,1.99,-0.36,0.280749,81,\N,2019-07-06 05:06:57
SAMA,Finance,Business Services,160.88,9.91,0,0,1,\N,11,\N,\N,\N,\N,\N,\N,17,could not convert string to float: N/A,\N
SGMS,Technology,EDP Services,1700,19.99,22.083,0.905238,26,0.58,37,-2.24,-0.06,-3.85,2.21,-0.26,0.326733,83,\N,2019-07-06 05:07:12
SCPL,Technology,EDP Services,1710,13.02,0,0,1,\N,11,\N,\N,\N,\N,\N,\N,17,could not convert string to float: ,\N
SCPH,Health Care,Major Pharmaceuticals,55.18,3.51,3.366,1.04275,63,\N,11,\N,\N,\N,\N,\N,\N,17,could not convert string to float: N/A,\N
WORX,Consumer Services,Services-Misc. Amusement & Recreation,34.58,5.14,5.705,0.900999,26,\N,11,\N,\N,\N,\N,\N,\N,17,,\N
SCYX,Health Care,Major Pharmaceuticals,70.28,1.29,1.274,1.01238,52,\N,11,\N,\N,\N,\N,\N,\N,17,,\N
SEAC,Technology,Radio And Television Broadcasting And Communicatio,49.42,1.4,1.434,0.976311,40,\N,11,\N,\N,\N,\N,\N,\N,17,,\N
SBCF,Finance,Major Banks,1240,25.67,26.922,0.953482,35,\N,11,\N,\N,\N,\N,\N,\N,17,list index out of range,\N
STX,Technology,Electronic Components,12790,47.25,45.36,1.04167,62,1.2,49,1.31,1.57,1.54,1.34,0.69,-0.704545,44,\N,2019-07-06 05:08:01
SHIP,Transportation,Marine Transportation,5.3,0.64,4.658,0.137395,2,0.07,23,-1.35,-3.6,-2.25,-1.2,-3.23,\N,17,\N,2019-07-06 05:08:16
SHIPZ,Transportation,Marine Transportation,1.2,0.2,0,0,1,\N,11,\N,\N,\N,\N,\N,\N,17,could not convert string to float: N/A,\N
SHOS,Consumer Services,Department/Specialty Retail Stores,54.49,2.53,2.229,1.13523,84,0.04,22,-0.41,-0.41,-0.2,-1.33,-0.53,\N,17,\N,2019-07-06 05:08:31
SPNE,Health Care,Medical/Dental Instruments,251.15,13.03,14.729,0.884644,24,1.68,56,-0.5,-0.5,-0.65,-0.53,-0.48,\N,17,\N,2019-07-06 05:08:45
SGEN,Health Care,Biotechnology: Biological Products (No Diagnostic ,11140,69.05,70.214,0.983417,42,16.15,95,-0.73,0.47,-0.42,-0.75,-0.08,0.532787,89,\N,2019-07-06 05:08:59
EYES,Health Care,Biotechnology: Electromedical & Electrotherapeutic,100.29,0.787,0.833,0.944588,33,13.86,95,-0.17,-0.12,-0.12,-0.12,-0.1,\N,17,\N,2019-07-06 05:09:13
SECO,Consumer Services,Other Specialty Stores,359.25,7.43,8.714,0.852661,20,\N,11,\N,\N,\N,\N,\N,\N,17,could not convert string to float: N/A,\N
SCWX,Technology,Computer Software: Prepackaged Software,1050,12.56,17.828,0.704515,10,1.95,59,-0.17,-0.12,-0.05,-0.15,-0.1,\N,17,\N,2019-07-06 05:09:28
SNFCA,Finance,Finance: Consumer Services,85.63,5.1,5.096,1.00087,47,0.34,30,0.99,0.19,0.11,-0.1,0.11,-0.807339,42,\N,2019-07-06 05:09:42
SEEL,Health Care,Major Pharmaceuticals,48.51,2.07,3.478,0.595115,7,\N,11,\N,\N,\N,\N,\N,\N,17,could not convert string to float: N/A,\N
SEIC,Finance,Investment Bankers/Brokers/Service,8240,56.63,52.019,1.08863,75,5.4,84,0.86,0.75,0.8,0.73,0.73,-1,39,\N,2019-07-06 05:09:58
SLCT,Finance,Major Banks,220.32,11.5,11.685,0.984132,42,4.29,79,0.13,0.22,0.27,0.23,0.17,0.285714,81,\N,2019-07-06 05:10:13
SIC,Basic Industries,Homebuilding,268.8,11.91,11.021,1.08068,74,\N,11,\N,\N,\N,\N,\N,\N,17,,\N
SELB,Health Care,Major Pharmaceuticals,85.99,1.74,2.194,0.792918,15,86.38,99,-0.71,-0.84,-0.71,-0.65,-0.31,\N,17,\N,2019-07-06 05:10:45
SIGI,Finance,Property-Casualty Insurers,4470,77.85,67.267,1.15733,88,1.76,57,0.32,0.99,0.93,0.76,1.02,1,99,\N,2019-07-06 05:11:00
SLS,Health Care,Major Pharmaceuticals,6.6,0.23,1.023,0.224784,3,\N,11,\N,\N,\N,\N,\N,\N,17,could not convert string to float: N/A,\N
LEDS,Technology,Semiconductors,10.73,3.12,3.165,0.985746,43,1.72,57,-0.32,-0.09,-0.32,-0.27,-0.24,\N,17,\N,2019-07-06 05:11:16
SMTC,Technology,Semiconductors,3030,49.02,49.952,0.981342,41,5.19,83,0.18,0.37,0.18,0.2,0.2,0.105263,73,\N,2019-07-06 05:11:30
SENEA,Consumer Non-Durables,Packaged Foods,249.7,28.37,26.678,1.0634,68,0.23,27,-1.46,-0.9,0.92,1.43,-0.89,0.197232,78,\N,2019-07-06 05:11:45
SENEB,Consumer Non-Durables,Packaged Foods,252.64,27.87,27.115,1.02783,58,0.24,27,-1.46,-0.9,0.92,1.43,-0.89,0.197232,78,\N,2019-07-06 05:11:59
SNES,Basic Industries,Agricultural Chemicals,36.74,1.725,1.224,1.40927,98,145.16,100,-0.16,-0.25,-0.14,-0.1,-0.1,\N,17,\N,2019-07-06 05:12:13
SNH,Consumer Services,Real Estate Investment Trusts,1940,8.59,10.496,0.818428,17,1.79,58,0.99,0.52,0.19,-0.5,0.13,-0.577181,46,\N,2019-07-06 05:12:27
AIHS,Finance,Finance: Consumer Services,77.91,2.3,4.106,0.560209,6,109.27,99,-0.01,-0.41,-0.04,-0.03,-0.03,\N,17,\N,2019-07-06 05:12:41
SRTS,Health Care,Medical/Dental Instruments,84.57,5.47,6.744,0.811115,16,3.59,73,-0.08,-0.04,-0.03,0.01,-0.13,-0.357143,51,\N,2019-07-06 05:12:55
STNL,Finance,Business Services,438.58,10.17,10.084,1.00856,50,\N,11,\N,\N,\N,\N,\N,\N,17,could not convert string to float: N/A,\N
SQBG,Consumer Non-Durables,Apparel,32.62,0.48,0.967,0.496447,5,0.2,26,-0.04,0.06,-0.15,-0.03,-1.95,-0.950249,40,\N,2019-07-06 05:13:10
MCRB,Health Care,Major Pharmaceuticals,114.65,3.1,5.32,0.582677,6,4.25,78,-0.69,-0.68,-0.54,-0.52,-0.59,\N,17,\N,2019-07-06 05:13:25
SREV,Miscellaneous,Business Services,90.51,0.94,1.016,0.925239,29,0.35,30,-0.13,-0.1,-0.07,0.02,-0.06,0.466667,87,\N,2019-07-06 05:13:40
SFBS,Finance,Major Banks,1750,34.38,33.722,1.01952,55,6.91,88,0.6,0.62,0.64,0.67,0.65,0.714286,93,\N,2019-07-06 05:13:56
SESN,Health Care,Major Pharmaceuticals,121.15,1.23,1.195,1.02889,58,\N,10,\N,\N,\N,\N,\N,\N,17,could not convert string to float: N/A,\N
SVBI,Finance,Major Banks,109.23,8.64,8.741,0.988446,43,2.81,67,0.15,0.15,0.17,0.2,0.2,1,99,\N,2019-07-06 05:14:10
SGBX,Consumer Services,RETAIL: Building Materials,4.6,0.72,1.871,0.384719,3,0.44,33,-0.18,-0.29,-0.24,-0.43,-0.12,\N,17,\N,2019-07-06 05:14:25
SGOC,Technology,Radio And Television Broadcasting And Communicatio,80.27,1,1.07,0.93418,31,50.65,98,0.76,0.4,0.8,0.48,0.28,-0.923077,40,\N,2019-07-06 05:14:39
SMED,Basic Industries,Environmental Services,56.66,3.55,3.543,1.00209,48,1.39,52,-0.05,-0.01,0,0.05,-0.07,-0.166667,58,\N,2019-07-06 05:14:55
SHSP,Technology,Computer Software: Prepackaged Software,140.43,13.53,15.46,0.875162,22,7.47,89,-0.24,-0.29,-0.32,-0.26,-0.33,\N,17,\N,2019-07-06 05:15:08
SHEN,Public Utilities,Telecommunications Equipment,1920,39.64,43.983,0.901256,26,3.09,69,0.1,0.16,0.31,0.3,0.28,0.857143,95,\N,2019-07-06 05:15:23
PIXY,Technology,Diversified Commercial Services,17.64,0.63,1.1,0.572874,6,0.48,34,-0.09,-0.06,-0.31,-0.07,-0.01,\N,17,\N,2019-07-06 05:15:38
SHLO,Capital Goods,Industrial Specialties,110.25,5.18,5.611,0.923125,29,0.12,24,0.17,0.47,-0.36,-0.2,0.05,-0.144578,59,\N,2019-07-06 05:16:08
TYHT,Consumer Non-Durables,Farming/Seeds/Milling,15.54,0.69,0.798,0.864471,21,0.49,34,0.21,-0.09,0.03,0.03,-0.05,-0.866667,41,\N,2019-07-06 05:16:23
SWAV,Health Care,Medical/Dental Instruments,1530,54,0,0,1,\N,10,\N,\N,\N,\N,\N,\N,17,,\N
SCVL,Consumer Services,Clothing/Shoe/Accessory Stores,387.54,28.79,33.528,0.858697,21,\N,10,\N,\N,\N,\N,\N,\N,17,,\N
SHBI,Finance,Major Banks,199.99,16.3,15.399,1.0585,67,\N,10,\N,\N,\N,\N,\N,\N,17,,\N
SSTI,Technology,Computer Software: Prepackaged Software,481.37,43.72,44.539,0.981608,41,12.92,94,-0.12,-0.03,-0.13,0.03,-0.03,0.5625,89,\N,2019-07-06 05:16:55
SFLY,Miscellaneous,Other Consumer Services,1730,50.55,44.886,1.12619,83,0.83,42,-0.83,-0.8,-2.2,5.19,-2.47,-0.214099,56,\N,2019-07-06 05:17:10
SIBN,Health Care,Medical/Dental Instruments,441.65,19.12,18.328,1.04319,63,\N,10,\N,\N,\N,\N,\N,\N,17,,\N
SIEB,Finance,Investment Bankers/Brokers/Service,231.11,9.07,11.116,0.815911,16,9.18,91,0.06,0.07,0.11,0.2,0.04,-0.125,59,\N,2019-07-06 05:17:39
SNNA,Health Care,Major Pharmaceuticals,32.37,0.819,2.095,0.390885,4,\N,10,\N,\N,\N,\N,\N,\N,17,could not convert string to float: N/A,\N
SIEN,Health Care,Industrial Specialties,303.17,5.58,9.138,0.610621,7,3.87,76,-0.99,-0.73,-0.72,-0.86,-0.91,\N,17,\N,2019-07-06 05:17:53
BSRR,Finance,Major Banks,394.86,27.07,25.8,1.04922,65,3.69,74,0.44,0.52,0.46,0.51,0.58,1,99,\N,2019-07-06 05:18:08
SRRA,Health Care,Major Pharmaceuticals,43.33,0.565,1.375,0.410898,4,\N,10,\N,\N,\N,\N,\N,\N,17,could not convert string to float: N/A,\N
SWIR,Technology,Radio And Television Broadcasting And Communicatio,419.7,12.09,13.146,0.919648,28,0.58,37,-0.23,-0.32,-0.03,-0.11,-0.31,\N,17,\N,2019-07-06 05:18:24
SIFY,Technology,Computer Software: Programming\, Data Processing,240.05,1.4,1.507,0.928749,30,\N,10,\N,\N,\N,\N,\N,\N,17,could not convert string to float: N/A,\N
SIGA,Health Care,Major Pharmaceuticals,439.51,5.71,6.129,0.931566,30,0.97,45,-0.15,-0.09,4.71,0.64,-0.02,0.026749,69,\N,2019-07-06 05:18:39
SGLB,Consumer Durables,Miscellaneous manufacturing industries,14.22,1.3,1.622,0.801245,15,40.67,98,-0.23,-0.25,-0.16,-0.19,-0.16,\N,17,\N,2019-07-06 05:18:54
SGMA,Technology,Electrical Products,12.06,2.57,2.72,0.944933,33,0.04,22,0.01,-1.04,-0.12,-0.17,-0.14,\N,17,\N,2019-07-06 05:19:08
SBNY,Finance,Major Banks,6430,124.52,124.874,0.997163,46,5.3,83,0.63,2.83,2.84,2.93,2.65,0.878261,96,\N,2019-07-06 05:19:22
SLGN,Consumer Durables,Containers/Packaging,3300,31.53,28.688,1.09906,78,0.81,42,0.41,0.5,0.76,0.34,0.42,0.0238095,68,\N,2019-07-06 05:19:37
SILC,Technology,Computer Communications Equipment,240.16,32.17,34.533,0.931577,30,1.82,58,-0.19,0.32,0.49,1.29,0.48,0.452703,86,\N,2019-07-06 05:19:52
SLAB,Technology,Semiconductors,4140,103.55,90.117,1.14906,87,5.27,83,0.6,0.32,0.63,0.35,0.12,-0.941176,40,\N,2019-07-06 05:20:05
SIMO,Technology,Semiconductors,1460,44.61,39.617,1.12602,83,3.26,71,0.64,0.85,0.81,0.42,0.23,-0.66129,45,\N,2019-07-06 05:20:19
SILK,Health Care,Medical/Dental Instruments,1400,44.97,21.631,2.07895,100,\N,10,\N,\N,\N,\N,\N,\N,17,,\N
SAMG,Finance,Investment Managers,184.85,14.05,14.068,0.99873,47,1.95,59,0.27,0.28,0.26,0.35,0.2,-0.466667,49,\N,2019-07-06 05:20:48
SSNT,Miscellaneous,Business Services,12.56,3.03,2.819,1.07496,72,0.31,29,0.01,0,0.04,0.01,0.02,0.25,80,\N,2019-07-06 05:21:18
SFNC,Finance,Major Banks,2160,23.73,24.909,0.952673,35,3.53,73,0.55,0.58,0.59,0.6,0.51,-0.444444,49,\N,2019-07-06 05:21:34
SLP,Technology,EDP Services,492.18,29.04,22.297,1.30243,96,16.28,95,0.19,0.13,0.07,0.09,0.12,-0.583333,46,\N,2019-07-06 05:21:48
SINA,Technology,Computer Software: Prepackaged Software,2840,43.91,55.691,0.788457,14,\N,10,\N,\N,\N,\N,\N,\N,17,,\N
SBGI,Consumer Services,Broadcasting,4880,57.31,42.283,1.35539,97,1.68,56,0.42,0.27,0.62,2.1,0.23,-0.101604,60,\N,2019-07-06 05:22:05
SINO,Transportation,Oil Refining/Marketing,11.21,0.72,0.836,0.861449,21,0.24,27,0.01,-0.06,-0.1,-0.11,-0.09,\N,17,\N,2019-07-06 05:22:20
SVA,Health Care,Major Pharmaceuticals,460.25,6.47,0,0,1,2,60,0.01,0.02,-0.17,0.06,0.09,0.307692,82,\N,2019-07-06 05:22:35
SINT,Health Care,Medical/Dental Instruments,2.09,0.112,0.198,0.565613,6,11.5,93,-1,-1.65,-0.87,-0.25,-0.07,\N,17,\N,2019-07-06 05:22:51
SG,Finance,Property-Casualty Insurers,1410,12.04,13.37,0.900518,26,\N,10,\N,\N,\N,\N,\N,\N,17,,\N
SIRI,Consumer Services,Broadcasting,25520,5.91,5.82,1.01544,53,4.4,79,0.06,0.06,0.07,0.06,0.03,-0.75,43,\N,2019-07-06 05:23:20
SITO,Miscellaneous,Business Services,18.21,0.75,1.486,0.504648,5,0.49,34,-0.22,-0.23,-0.2,-0.04,-0.2,\N,16,\N,2019-07-06 05:23:34
SKYS,Public Utilities,Electric Utilities: Central,26.22,0.495,0.659,0.750973,12,0.41,32,-0.16,-0.02,-0.03,0.24,-0.16,0,67,\N,2019-07-06 05:23:49
SKYW,Transportation,Air Freight/Delivery Services,2860,62.31,55.279,1.1272,83,1.05,47,1.03,1.43,1.57,1.28,1.69,1,99,\N,2019-07-06 05:24:03
SWKS,Technology,Semiconductors,12830,80.33,78.093,1.02865,58,3.77,75,1.5,1.57,1.58,1.6,1.23,-0.72973,43,\N,2019-07-06 05:24:18
SNBR,Consumer Durables,Home Furnishings,1150,40.79,39.307,1.03774,61,0.81,42,0.52,0.1,0.52,0.81,0.8,0.394366,85,\N,2019-07-06 05:24:33
SLM,Finance,Finance: Consumer Services,3950,9.74,10.07,0.967185,38,3.67,74,0.28,0.24,0.23,0.33,0.35,0.583333,90,\N,2019-07-06 05:24:47
SLMBP,Finance,Finance: Consumer Services,238.36,58.85,64.464,0.912915,27,\N,10,\N,\N,\N,\N,\N,\N,16,could not convert string to float: ,\N
SGH,Technology,Semiconductors,438.6,24.34,23.195,1.04937,65,0.43,33,1.37,1.28,1.33,0.55,0.08,-1,39,\N,2019-07-06 05:25:15
SND,Basic Industries,Mining & Quarrying of Nonmetallic Minerals (No Fue,98.32,2.24,3.235,0.692467,9,0.43,33,0.02,0.25,0.3,-0.11,0.1,0.195122,78,\N,2019-07-06 05:25:31
SMBK,Finance,Major Banks,294.66,22.53,19.913,1.13145,84,3.77,75,0.3,0.32,0.34,0.47,0.34,0.235294,79,\N,2019-07-06 05:25:45
SMSI,Technology,Computer Software: Prepackaged Software,101.01,3.17,2.549,1.24351,94,3.53,73,-0.16,-0.11,-0.04,0.1,0,0.615385,91,\N,2019-07-06 05:26:00
SMTX,Technology,Electrical Products,81.27,3.91,4.129,0.946889,34,0.34,30,0,-0.01,0.04,-0.05,0.05,0.5,88,\N,2019-07-06 05:26:13
SRAX,Technology,Advertising,51.11,5.26,3.775,1.39348,98,7.52,89,-0.36,-0.29,1.91,-0.94,-0.57,-0.0736842,62,\N,2019-07-06 05:26:28
SCKT,Technology,Computer Manufacturing,13.39,2.34,2.105,1.11178,80,0.8,41,-0.03,-0.02,-0.01,-0.03,0,\N,16,\N,2019-07-06 05:26:43
SOHU,Technology,EDP Services,535.47,13.87,17.443,0.795152,15,0.29,29,-2.39,-1.23,-0.89,0.37,-1.44,0.344203,84,\N,2019-07-06 05:26:58
SEDG,Technology,Semiconductors,2820,63.15,45.577,1.38557,98,3.03,69,0.75,0.72,0.95,0.27,0.39,-0.529412,47,\N,2019-07-06 05:27:27
SLNO,Health Care,Biotechnology: Electromedical & Electrotherapeutic,82.62,2.54,2.053,1.23708,94,\N,10,\N,\N,\N,\N,\N,\N,16,could not convert string to float: N/A,\N
SLGL,Health Care,Major Pharmaceuticals,179.84,9.12,7.264,1.25552,95,26.32,97,-0.39,-0.36,-0.4,-0.64,-0.3,\N,16,\N,2019-07-06 05:27:44
SLDB,Health Care,Biotechnology: Biological Products (No Diagnostic ,171.36,5.19,12.038,0.43114,4,\N,10,\N,\N,\N,\N,\N,\N,16,could not convert string to float: N/A,\N
SNGX,Health Care,Major Pharmaceuticals,13.84,0.79,0.845,0.935292,31,2.7,66,-0.27,-0.18,-0.11,-0.18,-0.09,\N,16,\N,2019-07-06 05:27:59
SOLY,Health Care,Medical/Dental Instruments,220.94,11.43,0,0,1,\N,10,\N,\N,\N,\N,\N,\N,16,could not convert string to float: N/A,\N
SONM,Public Utilities,Telecommunications Equipment,254.41,11.56,0,0,1,\N,10,\N,\N,\N,\N,\N,\N,16,could not convert string to float: ,\N
SNOA,Health Care,Major Pharmaceuticals,10.23,7.46,7.578,0.984456,42,0.55,36,-8.37,-4.95,-3.96,-2.34,-1.97,\N,16,\N,2019-07-06 05:28:30
SONO,Consumer Non-Durables,Consumer Electronics/Appliances,1100,10.89,10.898,0.999279,47,\N,10,\N,\N,\N,\N,\N,\N,16,,\N
SPHS,Health Care,Major Pharmaceuticals,22.97,0.94,0.968,0.971519,39,\N,10,\N,\N,\N,\N,\N,\N,16,could not convert string to float: N/A,\N
SORL,Capital Goods,Auto Parts:O.E.M.,64.29,3.73,3.152,1.18327,90,0.15,25,0.43,0.35,-0.29,0.17,0.46,0.04,69,\N,2019-07-06 05:29:00
SRNE,Health Care,Biotechnology: Commercial Physical & Biological Re,436.28,2.41,3.083,0.781751,14,14.58,95,-0.38,-0.73,-0.4,-0.4,-0.88,\N,16,\N,2019-07-06 05:29:15
SOHO,Consumer Services,Real Estate Investment Trusts,103.25,7.16,6.841,1.04664,64,0.56,36,-0.02,0.1,-0.23,-0.28,-0.12,-0.263158,54,\N,2019-07-06 05:29:29
SOHOB,Consumer Services,Real Estate Investment Trusts,41.36,25.482,25.121,1.01438,52,\N,10,\N,\N,\N,\N,\N,\N,16,could not convert string to float: ,\N
SOHON,Consumer Services,Real Estate Investment Trusts,28.03,25.683,0,0,1,\N,10,\N,\N,\N,\N,\N,\N,16,could not convert string to float: ,\N
SOHOO,Consumer Services,Real Estate Investment Trusts,34.64,25.1,24.62,1.01949,55,\N,10,\N,\N,\N,\N,\N,\N,16,could not convert string to float: ,\N
SFBC,Finance,Savings Institutions,88.98,34.11,34.368,0.992493,45,2.71,66,0.63,0.77,0.71,0.64,0.56,-0.333333,52,\N,2019-07-06 05:30:27
SPFI,Finance,Major Banks,294.74,16.98,5.78,2.93761,100,\N,10,\N,\N,\N,\N,\N,\N,16,could not convert string to float: ,\N
SSB,Finance,Major Banks,2560,75.21,69.479,1.08248,74,4.25,78,1.15,1.09,1.28,1.35,1.25,0.384615,85,\N,2019-07-06 05:30:55
SFST,Finance,Major Banks,281.09,38.77,35.934,1.07892,73,4.17,78,0.67,0.71,0.75,0.75,0.78,1,99,\N,2019-07-06 05:31:10
SMBC,Finance,Banks,306.12,33.31,33.582,0.991908,44,3.89,76,0.6,0.63,0.76,0.81,0.76,0.761905,93,\N,2019-07-06 05:31:24
SONA,Finance,Major Banks,351.63,15.49,14.888,1.04046,62,3.95,76,0.34,0.37,0.36,0.32,0.25,-0.75,43,\N,2019-07-06 05:31:38
SBSI,Finance,Major Banks,1060,32.74,33.78,0.969221,39,5.36,84,0.46,0.57,0.58,0.5,0.56,0.833333,95,\N,2019-07-06 05:31:52
SY,Technology,EDP Services,1310,15.02,5.652,2.65747,100,\N,10,\N,\N,\N,\N,\N,\N,16,could not convert string to float: N/A,\N
SP,Consumer Services,Rental/Leasing Companies,729.94,33.38,33.271,1.00328,48,0.94,44,0.68,0.68,0.6,0.4,0.47,-0.75,43,\N,2019-07-06 05:32:08
SGRP,Miscellaneous,Business Services,14.13,0.69,0.653,1.05707,67,0.06,23,0.01,-0.09,0.03,-0.02,0.03,0.166667,76,\N,2019-07-06 05:32:37
SPKE,Public Utilities,Power Generation,367.59,11.45,9.394,1.21884,93,0.42,33,-1.09,0.41,0.27,-0.29,-0.09,0.666667,92,\N,2019-07-06 05:32:52
SPKEP,Public Utilities,Power Generation,92.35,24.58,23.453,1.04807,64,\N,10,\N,\N,\N,\N,\N,\N,16,could not convert string to float: ,\N
ONCE,Health Care,Biotechnology: Biological Products (No Diagnostic ,3870,103.07,90.127,1.14361,86,56.49,99,-1.25,2.07,-1.26,-1.75,-1.43,-0.0471204,63,\N,2019-07-06 05:33:20
SPAR,Capital Goods,Auto Manufacturing,360.22,10.31,8.902,1.15813,88,0.43,33,0.12,0.11,0.15,0.05,0.04,-0.727273,43,\N,2019-07-06 05:33:34
SPTN,Consumer Non-Durables,Food Distributors,417.61,11.54,16.531,0.698067,10,0.05,22,0.34,0.49,0.49,-0.39,0.21,-0.147727,59,\N,2019-07-06 05:33:49
SPPI,Health Care,Major Pharmaceuticals,942.73,8.57,9.754,0.878575,23,8.78,91,-0.16,0.13,-0.66,-0.47,-0.17,-0.0126582,65,\N,2019-07-06 05:34:03
SPRO,Health Care,Major Pharmaceuticals,236.75,11.65,11.233,1.03709,61,18.3,96,-0.74,-0.69,-0.6,-0.6,-0.29,\N,16,\N,2019-07-06 05:34:18
ANY,Technology,EDP Services,3.5,1.51,2.419,0.624162,7,0.39,32,-7.12,-3.52,-2.53,-4.25,-0.82,\N,16,\N,2019-07-06 05:34:32
SPEX,Miscellaneous,Multi-Sector Companies,5.06,2.33,3.286,0.709012,10,192.67,100,-0.98,-0.21,-0.94,2.93,-0.57,0.104859,73,\N,2019-07-06 05:34:46
SPI,Technology,Semiconductors,28.64,2.192,2.815,0.77865,14,0.26,28,0.08,-6,-2,-5,-16,\N,16,\N,2019-07-06 05:35:00
SAVE,Transportation,Air Freight/Delivery Services,3210,50.87,54.127,0.939822,32,1,46,-0.66,0.16,1.42,1.34,0.82,0.711538,92,\N,2019-07-06 16:05:43
STXB,Finance,Major Banks,307.16,22.45,21.891,1.02556,57,\N,10,\N,\N,\N,\N,\N,\N,16,,\N
SPLK,Technology,Computer Software: Prepackaged Software,17720,130.32,125.504,1.03837,61,10.14,92,-0.83,-0.71,-0.38,0.01,-1.04,-0.2,56,\N,2019-07-06 05:35:43
SPOK,Public Utilities,Telecommunications Equipment,283.26,15.48,14.372,1.07713,72,1.78,57,0.03,-0.05,-0.02,0.01,0.04,0.111111,73,\N,2019-07-06 05:35:57
SPWH,Consumer Services,Other Specialty Stores,159.02,4.19,4.778,0.876975,23,0.21,26,-0.14,0.15,0.29,0.25,-0.13,0.0232558,68,\N,2019-07-06 05:36:12
SBPH,Health Care,Major Pharmaceuticals,67.42,5.03,8.476,0.593433,7,\N,10,\N,\N,\N,\N,\N,\N,16,could not convert string to float: N/A,\N
FUND,Consumer Services,Miscellaneous,176.23,6.68,6.669,1.00166,47,\N,10,\N,\N,\N,\N,\N,\N,16,,\N
SFM,Consumer Services,Food Chains,2180,18.85,22.045,0.855071,20,0.42,33,0.5,0.32,0.29,0.1,0.46,-0.1,61,\N,2019-07-06 05:36:30
SPSC,Technology,Computer Software: Prepackaged Software,1840,102.37,100.746,1.01612,53,7.16,88,0.19,0.31,0.45,0.4,0.38,0.730769,93,\N,2019-07-06 05:36:44
SSNC,Technology,Computer Software: Prepackaged Software,14470,58.02,57.682,1.00586,49,3.55,73,0.24,-0.27,0.23,0.23,0.31,0.12069,74,\N,2019-07-06 05:36:57
YGTY,Finance,Diversified Commercial Services,23.55,1.404,2.73,0.514247,5,\N,10,\N,\N,\N,\N,\N,\N,16,list index out of range,\N
SSRM,Basic Industries,Precious Metals,1680,13.22,12.573,1.05147,65,3.56,73,-0.01,0.04,0.05,-0.03,0.05,0.75,93,\N,2019-07-06 05:37:25
STAA,Health Care,Ophthalmic Goods,1300,29.42,31.98,0.919939,28,9.84,92,0.01,0.04,0.03,0.02,0.03,0.666667,92,\N,2019-07-06 05:37:39
STAF,Technology,Professional Services,12.59,1.74,1.701,1.02307,56,0.05,22,-0.33,-0.46,-0.43,-0.34,-0.06,\N,16,\N,2019-07-06 05:37:54
STMP,Miscellaneous,Business Services,698.56,46.33,98.039,0.472569,4,1.43,53,2.54,2.41,1.75,2.3,0.87,-1,39,\N,2019-07-06 05:38:24
STND,Finance,Major Banks,134.54,27.75,28.75,0.96522,38,4.07,77,0.46,0.53,0.5,0.38,0.46,0,67,\N,2019-07-06 05:38:39
SBLK,Transportation,Marine Transportation,773.45,10.56,8.115,1.30132,96,1.37,52,0.38,0.15,0.17,0.3,0.11,-1,39,\N,2019-07-06 05:38:53
SBUX,Consumer Services,Restaurants,102040,87.79,73.814,1.18934,91,4.16,78,0.47,0.61,0.56,0.61,0.53,0.428571,86,\N,2019-07-06 05:39:05
STFC,Finance,Property-Casualty Insurers,1490,36.07,33.994,1.06107,68,1.2,49,-0.05,0.14,0.76,-0.57,1.12,0.692308,92,\N,2019-07-06 05:39:20
MITO,Health Care,Major Pharmaceuticals,437.1,12.77,0,0,1,\N,10,\N,\N,\N,\N,\N,\N,16,could not convert string to float: N/A,\N
GASS,Transportation,Marine Transportation,132.41,3.55,3.289,1.0794,73,0.87,43,-0.14,-0.01,-0.02,-0.14,0.05,\N,16,\N,2019-07-06 05:39:34
STCN,Miscellaneous,Business Services,111.24,1.8,1.866,0.964693,38,0.14,25,-0.18,-0.13,-0.13,-0.2,-0.17,\N,16,\N,2019-07-06 05:39:48
STLD,Basic Industries,Steel/Iron Ore,6640,30.6,32.865,0.931072,30,0.57,36,0.96,1.53,1.69,1.17,0.91,-0.0641026,62,\N,2019-07-06 05:40:02
SMRT,Consumer Services,Clothing/Shoe/Accessory Stores,43.54,0.83,1.014,0.818503,17,0.03,22,0.16,-0.02,-0.36,0.09,0.08,-0.153846,58,\N,2019-07-06 05:40:16
STML,Health Care,Major Pharmaceuticals,647.41,14.48,12.891,1.12328,82,114,99,-0.69,-0.66,-0.73,-0.92,-0.73,\N,16,\N,2019-07-06 05:40:32
SRCL,Basic Industries,Environmental Services,4270,48.04,47.833,1.00433,48,1.25,50,0.25,0.31,0.2,-3.51,-0.42,-0.175393,57,\N,2019-07-06 05:40:46
SBT,Finance,Savings Institutions,503.31,10.1,9.484,1.065,69,3.73,75,0.3,0.3,0.3,0.3,0.3,0,67,\N,2019-07-06 05:41:01
STRL,Basic Industries,Military/Government/Technical,343.68,13.97,13.041,1.07121,71,0.36,31,0.09,0.3,0.33,0.21,0.07,-0.0769231,62,\N,2019-07-06 05:41:15
SHOO,Consumer Non-Durables,Shoe Manufacturing,2720,33.6,32.756,1.02577,57,1.75,57,0.33,0.37,0.64,0.15,0.41,0.163265,76,\N,2019-07-06 05:41:29
SSFN,Finance,Major Banks,133.94,15.57,9.989,1.55877,99,4.14,78,0.21,0.27,0.25,0.2,0.19,-0.25,55,\N,2019-07-06 05:41:45
SFIX,Consumer Services,Catalog/Specialty Distribution,3100,31.01,25.815,1.20125,92,2.17,61,0.09,0.18,0.1,0.12,0.07,-0.181818,57,\N,2019-07-06 05:41:59
SYBT,Finance,Major Banks,795.6,35.92,34.751,1.03364,59,5.22,83,0.58,0.59,0.6,0.64,0.68,1,99,\N,2019-07-06 05:42:14
STNE,Technology,EDP Services,8370,29.35,28.073,1.04548,64,\N,10,\N,\N,\N,\N,\N,\N,16,could not convert string to float: N/A,\N
SSKN,Health Care,Medical/Dental Instruments,72.51,2.45,2.754,0.889576,24,2.56,65,-3.32,-0.1,-0.13,-0.06,-0.01,\N,16,\N,2019-07-06 05:42:29
SSYS,Technology,Computer peripheral equipment,1320,27.97,23.898,1.17037,89,2.27,62,-0.24,-0.08,-0.01,0.12,-0.04,0.555556,89,\N,2019-07-06 05:42:43
STRA,Consumer Services,Other Consumer Services,3830,181.21,143.647,1.2615,95,5.13,83,0.84,0.46,-2.97,1.02,0.52,-0.0802005,61,\N,2019-07-06 05:42:57
STRT,Capital Goods,Auto Parts:O.E.M.,89.11,23.54,29.259,0.804526,16,0.2,26,0.8,1.07,0.93,-6.03,0.46,-0.0478873,63,\N,2019-07-06 05:43:10
STRS,Consumer Services,Homebuilding,221.18,29.86,25.845,1.15534,88,3.09,69,-0.23,-0.11,-0.29,0.14,0.1,0.767442,94,\N,2019-07-06 05:43:24
STRM,Technology,EDP Services,39.19,1.6,1.203,1.32986,97,1.29,50,-0.03,-0.08,-0.03,-0.16,0.01,\N,16,\N,2019-07-06 05:43:39
SBBP,Health Care,Major Pharmaceuticals,170.64,3.18,4.258,0.74688,12,9.4,91,-0.66,-0.43,-0.55,1.64,-0.34,0.13913,75,\N,2019-07-06 05:44:09
SUMR,Consumer Durables,Miscellaneous manufacturing industries,9.98,0.52,0.78,0.666928,9,0.06,23,-0.15,0.02,0.01,-0.1,-0.07,0.470588,87,\N,2019-07-06 05:44:24
SMMF,Finance,Major Banks,327.58,27.06,24.641,1.09816,77,4.05,77,0.6,0.51,0.55,0.6,0.56,-0.444444,49,\N,2019-07-06 05:44:38
SMMT,Health Care,Major Pharmaceuticals,46.5,1.29,1.635,0.788755,14,\N,10,\N,\N,\N,\N,\N,\N,16,could not convert string to float: N/A,\N
WISA,Technology,Semiconductors,21.72,1.26,2.17,0.580768,6,\N,10,\N,\N,\N,\N,\N,\N,16,,\N
SNDE,Energy,Oil & Gas Production,127.59,1.7,2.725,0.623743,7,0.68,39,-1.13,-0.84,-0.28,0.94,-0.46,0.323671,83,\N,2019-07-06 05:45:08
SNSS,Health Care,Major Pharmaceuticals,45.69,0.65,0.862,0.754207,13,\N,10,\N,\N,\N,\N,\N,\N,16,,\N
STKL,Consumer Services,Farming/Seeds/Milling,276.42,3.62,3.765,0.961517,37,0.26,28,-0.07,-0.06,-0.08,-1.13,0.26,\N,16,\N,2019-07-06 05:45:23
SPWR,Technology,Semiconductors,1420,11.99,7.14,1.67938,100,1,46,-0.83,-3.17,-0.64,-1.12,-0.63,\N,16,\N,2019-07-06 05:45:37
RUN,Capital Goods,Industrial Specialties,2110,20.21,15.094,1.33892,97,2.87,68,0.25,0.06,-0.03,-0.05,-0.12,-1,39,\N,2019-07-06 05:45:51
SUNW,Public Utilities,Telecommunications Equipment,15.73,0.552,0.647,0.853289,20,0.24,27,-0.07,-0.07,-0.01,-0.07,-0.17,\N,16,\N,2019-07-06 05:46:06
SLGG,Consumer Services,Services-Misc. Amusement & Recreation,68.96,8.25,0,0,1,\N,10,\N,\N,\N,\N,\N,\N,16,,\N
SPCB,Technology,Semiconductors,16.45,1.08,1.431,0.75452,13,0.58,37,0.04,-0.31,-0.02,0,0.01,-0.0857143,61,\N,2019-07-06 05:46:34
SCON,Technology,Radio And Television Broadcasting And Communicatio,4.32,0.84,1.355,0.620153,7,3.6,73,-2,-1.24,-0.88,-0.7,-0.7,\N,16,\N,2019-07-06 05:46:48
SGC,Consumer Non-Durables,Apparel,257.01,18.01,17.205,1.04678,64,0.76,40,0.16,0.25,0.39,0.3,0.16,-0.00000000000000111022,66,\N,2019-07-06 05:47:03
SUPN,Health Care,Major Pharmaceuticals,1630,32.58,35.556,0.916304,28,4.22,78,0.49,0.57,0.52,0.48,0.34,-0.652174,45,\N,2019-07-06 05:47:16
SPRT,Technology,EDP Services,29.76,1.56,2.188,0.712851,10,0.43,33,-0.04,0.02,-0.49,0.02,0.08,0.210526,78,\N,2019-07-06 05:47:30
SURF,Health Care,Biotechnology: Biological Products (No Diagnostic ,80.75,2.68,4.381,0.611766,7,\N,10,\N,\N,\N,\N,\N,\N,16,,\N
SGRY,Health Care,Hospital/Nursing Management,392.46,7.9,11.129,0.709827,10,0.22,27,-0.53,-0.57,-0.61,-3.25,-0.6,\N,16,\N,2019-07-06 05:47:58
SRDX,Health Care,Medical/Dental Instruments,532.8,41.18,46.373,0.888024,24,6.66,87,0.11,-0.2,-0.13,0.09,0.09,-0.0645161,62,\N,2019-07-06 05:48:12
STRO,Health Care,Biotechnology: Biological Products (No Diagnostic ,267.54,11.76,10.702,1.09887,77,\N,10,\N,\N,\N,\N,\N,\N,16,,\N
SIVB,Finance,Major Banks,11160,222.9,230.714,0.966133,38,4.25,78,3.63,4.42,5.1,4.96,5.44,1,99,\N,2019-07-06 05:48:40
SVMK,Technology,Computer Software: Programming\, Data Processing,2110,16.66,15.538,1.07221,71,\N,10,\N,\N,\N,\N,\N,\N,16,,\N
SYKE,Technology,EDP Services,1130,27.3,27.466,0.993955,45,0.74,40,0.26,0.17,0.33,0.4,0.28,0.0869565,72,\N,2019-07-06 05:49:10
SYMC,Technology,Computer Software: Prepackaged Software,12860,25,21.62,1.15632,88,3.37,72,-0.06,-0.1,-0.01,0.1,0.05,0.55,89,\N,2019-07-06 05:49:24
SYNC,Technology,Computer Software: Programming\, Data Processing,60.53,1.5,1.663,0.90208,26,0.42,33,-0.06,-0.07,-0.06,-0.01,-0.06,\N,16,\N,2019-07-06 05:49:55
SYNL,Basic Industries,Steel/Iron Ore,136.54,16.11,16.155,0.997207,46,0.47,34,0.44,0.41,0.56,0.06,-0.1,-0.818182,42,\N,2019-07-06 05:50:10
SYNA,Technology,Semiconductors,955.26,30.01,35.861,0.836846,19,0.66,38,-0.4,-0.04,0.11,0.36,0.19,0.776316,94,\N,2019-07-06 05:50:24
SNCR,Technology,EDP Services,320.93,8.41,6.761,1.24394,94,1.14,48,-0.95,-1.2,-1.38,-2.54,-0.68,\N,16,\N,2019-07-06 05:50:39
SNDX,Health Care,Major Pharmaceuticals,228.69,9.31,6.535,1.42466,98,164.11,100,-0.79,-0.74,-0.68,-0.7,-0.53,\N,16,\N,2019-07-06 05:50:53
SYNH,Health Care,Biotechnology: Commercial Physical & Biological Re,5080,50.66,47.412,1.0685,70,1.18,49,-0.24,0.13,-0.1,0.44,-0.29,-0.0684932,62,\N,2019-07-06 05:51:08
SYBX,Health Care,Major Pharmaceuticals,282.39,8.97,8.158,1.09955,78,110.02,99,-0.55,-0.59,-0.43,-0.47,-0.51,\N,15,\N,2019-07-06 05:51:22
SNPS,Technology,Computer Software: Prepackaged Software,18680,135.4,109.994,1.23097,93,6.43,87,0.67,0.52,1.66,1.01,0.77,0.0877193,72,\N,2019-07-06 05:51:37
SES,Basic Industries,Major Chemicals,4.16,0.35,0.564,0.620097,7,10.97,93,-0.13,-0.59,-0.11,-0.14,-0.14,\N,15,\N,2019-07-06 05:51:51
THOR,Health Care,Major Pharmaceuticals,403.38,14.38,16.498,0.871624,22,\N,10,\N,\N,\N,\N,\N,\N,15,could not convert string to float: N/A,\N
SYPR,Capital Goods,Industrial Machinery/Components,17.89,0.8,0.987,0.810142,16,0.18,25,-0.09,0.04,-0.11,-0.01,-0.11,-0.133333,59,\N,2019-07-06 05:52:07
SYRS,Health Care,Major Pharmaceuticals,319.11,8.55,6.981,1.22483,93,166.82,100,-0.48,-0.43,-0.47,-0.54,-0.49,\N,15,\N,2019-07-06 05:52:21
TROW,Finance,Investment Bankers/Brokers/Service,25050,110.42,100.933,1.094,76,4.81,81,1.77,1.77,2.3,1.41,2.09,0.359551,84,\N,2019-07-06 05:52:36
TTOO,Health Care,Medical/Dental Instruments,75.38,1.68,2.832,0.593208,6,7.47,89,-0.36,-0.32,-0.25,-0.35,-0.34,\N,15,\N,2019-07-06 05:52:50
TRHC,Miscellaneous,Business Services,1080,51.36,54.648,0.939837,32,5.1,83,-0.96,-1.53,0.47,-0.54,-0.54,0.21,78,\N,2019-07-06 05:53:05
TCMD,Health Care,Medical/Dental Instruments,1020,57.16,57.905,0.987126,43,6.96,88,0,0.13,0.09,0.12,0.08,0.615385,91,\N,2019-07-06 05:53:20
TAIT,Technology,Electronic Components,17.38,2.84,2.848,0.997159,46,2.09,60,0.01,0.07,0.05,0.11,0.03,0.2,78,\N,2019-07-06 05:53:34
TLC,Health Care,Major Pharmaceuticals,172.92,5.07,5.848,0.866904,21,\N,10,\N,\N,\N,\N,\N,\N,15,could not convert string to float: N/A,\N
TTWO,Technology,Computer Software: Prepackaged Software,12700,117.23,100.602,1.16528,89,4.9,82,0.77,0.62,0.22,1.57,0.5,-0.2,56,\N,2019-07-06 05:53:49
TLND,Technology,Computer Software: Prepackaged Software,1140,37.38,44.296,0.843865,19,5.25,83,-0.34,-0.29,-0.31,-0.41,-0.58,\N,15,\N,2019-07-06 05:54:03
TNDM,Health Care,Medical/Dental Instruments,3600,64.82,58.308,1.11169,80,16.94,96,-1.82,-1.17,-0.62,0.02,-0.4,0.771739,94,\N,2019-07-06 05:54:17
TLF,Consumer Non-Durables,Apparel,52.37,5.69,5.751,0.989355,44,0.61,37,0.14,0.15,-0.01,-0.07,0.1,-0.181818,57,\N,2019-07-06 05:54:30
TANH,Basic Industries,Major Chemicals,42.7,1.49,1.584,0.940743,32,\N,10,\N,\N,\N,\N,\N,\N,15,list index out of range,\N
TAOP,Technology,Computer Software: Prepackaged Software,30.99,0.74,0.996,0.742721,12,1.5,54,-0.01,0,0.05,-0.01,-0.01,0,67,\N,2019-07-06 05:54:59
TEDU,Consumer Services,Other Consumer Services,141.19,1.99,5.144,0.386858,3,\N,10,\N,\N,\N,\N,\N,\N,15,could not convert string to float: N/A,\N
TH,Consumer Services,Hotels/Resorts,960.78,9.42,10.087,0.933911,31,3.53,73,0.03,0.04,0.05,0.06,-0.18,-0.875,41,\N,2019-07-06 05:55:30
TRNX,Technology,Industrial Machinery/Components,5.42,0.21,1.349,0.155635,2,0.43,33,-12.4,-4.8,-2,-0.97,-0.6,\N,15,\N,2019-07-06 05:55:44
TATT,Capital Goods,Aerospace,52.42,5.69,6.324,0.899795,25,0.56,36,-0.08,-0.16,-0.06,-0.2,0.01,\N,15,\N,2019-07-06 05:55:59
TAYD,Capital Goods,Industrial Machinery/Components,38.09,11.21,12.009,0.933502,31,1.23,50,-0.01,0.04,0.21,0.11,0.13,0.636364,91,\N,2019-07-06 05:56:14
TCRR,Health Care,Biotechnology: Biological Products (No Diagnostic ,351.2,14.17,0,0,1,\N,10,\N,\N,\N,\N,\N,\N,15,could not convert string to float: N/A,\N
AMTD,Finance,Investment Bankers/Brokers/Service,26720,51.23,52.817,0.969954,39,5.01,82,0.48,0.79,0.8,1.07,0.89,0.694915,92,\N,2019-07-06 05:56:29
PETZ,Consumer Non-Durables,Packaged Foods,10.76,0.78,0.76,1.02687,57,\N,10,\N,\N,\N,\N,\N,\N,15,list index out of range,\N
TECD,Technology,Retail: Computer Software & Peripheral Equipment,3570,104.21,99.381,1.0486,65,0.1,24,0.87,1.97,2.96,3.09,1.49,0.279279,81,\N,2019-07-06 05:56:57
TCCO,Technology,Radio And Television Broadcasting And Communicatio,7.32,3.83,3.474,1.10251,78,1.39,52,-0.17,0.13,0.12,-0.13,0.09,0.866667,95,\N,2019-07-06 05:57:12
TTGT,Miscellaneous,Business Services,565.16,21.01,16.888,1.24409,94,4.63,81,0.07,0.15,0.13,0.09,0.12,0.625,91,\N,2019-07-06 05:57:26
TGLS,Consumer Durables,Electronic Components,273.57,6.88,7.541,0.91231,27,0.82,42,0.3,-0.11,0.16,-0.12,0.18,-0.285714,53,\N,2019-07-06 05:57:41
TGEN,Capital Goods,Industrial Machinery/Components,91.41,3.46,3.758,0.920819,28,2.54,65,0,-0.03,-0.02,-0.18,-0.13,\N,15,\N,2019-07-06 05:57:55
TECTP,Finance,Major Banks,16.46,10.8,0,0,1,\N,10,\N,\N,\N,\N,\N,\N,15,could not convert string to float: ,\N
TNAV,Capital Goods,Industrial Machinery/Components,362.86,8.43,6.152,1.37024,98,3.62,74,-0.69,-0.59,-0.18,-0.1,-0.16,\N,15,\N,2019-07-06 05:58:23
TLGT,Health Care,Major Pharmaceuticals,32.31,0.72,1.144,0.629303,7,0.6,37,-0.09,-0.39,-0.07,-0.27,-0.16,\N,15,\N,2019-07-06 05:58:37
TELL,Energy,Oil & Gas Production,2040,7.52,9.032,0.832554,18,240.75,100,-0.12,-0.17,-0.15,-0.14,-0.16,\N,15,\N,2019-07-06 05:58:51
TENB,Technology,Computer Software: Prepackaged Software,2660,29.2,28.828,1.01291,52,\N,10,\N,\N,\N,\N,\N,\N,15,,\N
TENX,Health Care,Biotechnology: Commercial Physical & Biological Re,7.93,1.37,1.459,0.93868,32,\N,10,\N,\N,\N,\N,\N,\N,15,could not convert string to float: N/A,\N
TZAC,Finance,Business Services,84.84,10.27,10.104,1.0164,53,\N,10,\N,\N,\N,\N,\N,\N,15,could not convert string to float: N/A,\N
TER,Capital Goods,Electrical Products,7790,46.91,41.398,1.13314,84,3.84,75,0.43,0.52,0.63,0.79,0.62,0.527778,88,\N,2019-07-06 05:59:23
TERP,Public Utilities,Electric Utilities: Central,3000,14.56,13.024,1.11794,82,3.52,73,0.56,-0.13,-0.16,-0.07,-0.04,\N,15,\N,2019-07-06 05:59:37
TBNK,Finance,Savings Institutions,269.4,29.92,27.756,1.07795,73,4.46,80,0.51,0.53,0.51,0.5,0.7,0.95,97,\N,2019-07-06 05:59:50
TSLA,Capital Goods,Auto Manufacturing,39160,233.1,267.011,0.872997,22,1.76,57,-4.19,-4.22,1.75,0.78,-4.1,0.0150754,68,\N,2019-07-06 06:00:04
TESS,Technology,Electronic Components,155.45,18.71,16.656,1.12332,82,0.25,28,0.07,0.13,0.14,0.32,0.06,-0.0384615,64,\N,2019-07-06 06:00:17
TTEK,Consumer Services,Military/Government/Technical,4100,82.43,62.164,1.326,97,2,60,0.51,0.59,0.51,0.75,1,1,99,\N,2019-07-06 06:00:32
TTPH,Health Care,Major Pharmaceuticals,29.31,0.51,1.074,0.474989,4,1.43,53,-0.42,-0.18,-0.37,-0.4,-0.36,\N,15,\N,2019-07-06 06:01:02
TCBI,Finance,Major Banks,2980,61.3,59.225,1.03503,60,3.35,72,1.38,1.38,1.65,1.38,1.6,0.814815,95,\N,2019-07-06 06:01:17
TCBIP,Finance,Major Banks,154.92,25.91,25.656,1.00991,50,\N,10,\N,\N,\N,\N,\N,\N,15,could not convert string to float: ,\N
TXN,Technology,Semiconductors,104590,115.75,107.725,1.07449,72,6.97,88,1.35,1.4,1.58,1.27,1.26,-0.28125,54,\N,2019-07-06 06:01:47
TXRH,Consumer Services,Restaurants,3810,54.55,59.181,0.921756,28,1.55,54,0.76,0.62,0.4,0.42,0.7,-0.166667,58,\N,2019-07-06 06:02:01
TFSL,Finance,Savings Institutions,4940,18.05,16.9,1.06803,70,16.49,96,0.08,0.07,0.08,0.07,0.07,-1,38,\N,2019-07-06 06:02:15
TGTX,Health Care,Major Pharmaceuticals,620.41,8.57,6.512,1.31608,97,\N,10,\N,\N,\N,\N,\N,\N,15,invalid literal for float(): 4\,990.41,\N
WTER,Consumer Non-Durables,Food Distributors,42.15,2.08,2.603,0.799113,15,2.67,66,-0.05,-0.04,-0.03,-0.11,-0.08,\N,15,\N,2019-07-06 06:02:30
ANDE,Consumer Services,Farming/Seeds/Milling,896.03,27.27,31.981,0.852682,20,0.2,26,-0.06,0.76,-0.07,0.84,-0.43,-0.291339,53,\N,2019-07-06 06:02:46
TBBK,Finance,Major Banks,501.44,9.11,8.907,1.02274,56,1.85,58,0.25,0.11,1.07,0.13,0.32,0.0729167,71,\N,2019-07-06 06:03:01
CG,Finance,Investment Managers,7370,23.66,19.435,1.21738,93,2.83,67,0.3,0.56,0.1,-0.15,1.18,0.661654,91,\N,2019-07-06 06:03:15
TCGP,Finance,Investment Managers,390.72,24.33,22.957,1.05981,68,\N,9,\N,\N,\N,\N,\N,\N,15,could not convert string to float: N/A,\N
CAKE,Consumer Services,Restaurants,1970,44.01,46.18,0.953005,35,0.85,43,0.56,0.61,0.61,0.35,0.6,0.153846,75,\N,2019-07-06 06:03:31
CHEF,Consumer Non-Durables,Food Distributors,996.29,34.67,32.872,1.0547,66,0.69,39,0.02,0.24,0.14,0.3,0.04,0.0714286,71,\N,2019-07-06 06:03:45
TCFC,Finance,Major Banks,189.69,33.1,30.229,1.09498,77,3.52,73,0.22,0.42,0.7,0.69,0.7,1,99,\N,2019-07-06 06:04:00
DSGX,Technology,Computer Software: Prepackaged Software,3060,37.32,35.514,1.05085,65,11.01,93,0.09,0.11,0.1,0.1,0.09,0,67,\N,2019-07-06 06:04:14
DXYN,Consumer Durables,Home Furnishings,10.78,0.6,0.861,0.6965,10,0.03,22,-0.18,-0.12,-0.19,-0.87,-0.42,\N,15,\N,2019-07-06 06:04:28
ENSG,Health Care,Hospital/Nursing Management,3000,57.8,50.072,1.15434,87,1.45,53,0.43,0.41,0.38,0.48,0.49,0.545455,89,\N,2019-07-06 06:04:41
XONE,Capital Goods,Industrial Machinery/Components,126.58,8.76,8.686,1.00856,50,2.33,63,-0.4,-0.5,-0.02,0.13,-0.28,0.190476,77,\N,2019-07-06 06:04:55
FBMS,Finance,Major Banks,510.01,30.75,31.033,0.990889,44,4.53,80,0.34,0.4,0.39,0.48,0.48,1,99,\N,2019-07-06 06:05:10
FLIC,Finance,Major Banks,507.73,21.66,21.916,0.988321,43,4.94,82,0.44,0.4,0.39,0.39,0.43,-0.2,56,\N,2019-07-06 06:05:23
GT,Consumer Durables,Automotive Aftermarket,3450,15.03,18.106,0.830103,18,0.23,27,0.31,0.65,1.48,0.47,-0.26,-0.327586,52,\N,2019-07-06 06:05:38
HABT,Consumer Services,Restaurants,259.01,10.21,10.906,0.936183,31,0.64,38,0.03,0.1,-0.03,0.03,-0.01,-0.307692,53,\N,2019-07-06 06:05:51
HCKT,Consumer Services,Professional Services,485.95,16.68,16.608,1.00433,48,1.89,59,0.23,0.36,0.16,-0.01,0.22,-0.027027,65,\N,2019-07-06 06:06:05
HAIN,Consumer Non-Durables,Packaged Foods,2170,22.37,20.548,1.08866,75,0.99,46,0.12,-0.67,-0.36,-0.64,-0.63,\N,15,\N,2019-07-06 06:06:19
INTG,Consumer Services,Building operators,70.7,30.65,31.145,0.984113,42,0.95,44,0.2,2.39,0.24,-0.44,0.4,0.0706714,71,\N,2019-07-06 06:06:49
JYNT,Miscellaneous,Multi-Sector Companies,240.42,19.17,13.886,1.38052,98,7.78,89,-0.03,0,-0.01,0.06,0.07,1,99,\N,2019-07-06 06:07:03
KHC,Consumer Non-Durables,Packaged Foods,37430,30.99,36.073,0.859097,21,1.44,53,6.52,0.81,0.62,0.51,-10.34,-1,38,\N,2019-07-06 06:07:18
LOVE,Consumer Services,Other Specialty Stores,433.74,29.13,30.607,0.951739,35,2.35,63,-0.59,-3.71,-0.22,0.62,-0.67,-0.0184758,65,\N,2019-07-06 06:07:33
MSG,Consumer Services,Services-Misc. Amusement & Recreation,6470,284.82,290.847,0.979276,41,4.04,77,0.38,-1.94,-1.36,3.42,1.48,0.205224,78,\N,2019-07-06 16:29:51
MDCO,Health Care,Major Pharmaceuticals,2490,36.97,28.245,1.30889,96,\N,9,\N,\N,\N,\N,\N,\N,15,invalid literal for float(): -1\,760.58,\N
MEET,Consumer Services,Advertising,250.61,3.49,4.938,0.706784,10,1.38,52,-0.06,0,0.02,0.06,0.02,0.666667,91,\N,2019-07-06 06:08:03
MIK,Consumer Services,Recreational Products/Toys,1370,7.97,12.003,0.663977,8,0.23,27,0.15,0.15,0.5,1.15,0.24,0.09,72,\N,2019-07-06 06:08:16
MIDD,Technology,Industrial Machinery/Components,7410,138.4,127.1,1.08891,75,2.73,66,1.18,1.51,1.31,1.7,1.24,0.115385,73,\N,2019-07-06 06:08:30
STKS,Consumer Services,Restaurants,90.47,3.17,3.161,1.0027,48,1.03,46,0.01,0.01,-0.01,0.11,0.03,0.166667,76,\N,2019-07-06 06:08:45
PRSC,Consumer Services,Transportation Services,744.54,57.1,64.778,0.881466,23,0.52,35,0.29,-0.95,0.41,-1.67,-0.04,-0.158654,58,\N,2019-07-06 06:08:59
RMR,Consumer Services,Professional Services,1350,49.42,59.315,0.833186,18,4.97,82,0.52,0.52,0.5,3.22,0.5,-0.00735294,65,\N,2019-07-06 06:09:13
SMPL,Consumer Non-Durables,Packaged Foods,1960,27.74,21.428,1.29458,96,4.39,79,0.1,0.15,0.18,0.15,0.16,0.75,93,\N,2019-07-06 06:09:27
TSG,Technology,Computer Software: Programming\, Data Processing,4640,16.93,17.441,0.970689,39,2.19,62,0.36,-1.01,0.06,-0.15,0.1,-0.189781,57,\N,2019-07-06 06:09:41
TTD,Technology,Computer Software: Programming\, Data Processing,10100,237.77,189.449,1.25506,94,20.69,97,0.2,0.43,0.44,0.84,0.21,0.015625,68,\N,2019-07-06 06:09:54
YORW,Public Utilities,Water Supply,455.3,36.62,33.929,1.07932,73,9.76,92,0.2,0.26,0.29,0.29,0.22,0.222222,79,\N,2019-07-06 06:10:08
NCTY,Miscellaneous,Business Services,36.53,1.22,1.478,0.825303,17,\N,9,\N,\N,\N,\N,\N,\N,15,could not convert string to float: N/A,\N
TXMD,Health Care,Major Pharmaceuticals,593.41,2.75,4.358,0.630999,7,40.77,98,-0.11,-0.15,-0.16,-0.17,-0.16,\N,15,\N,2019-07-06 06:10:22
TRPX,Health Care,Major Pharmaceuticals,8.77,2.46,3.533,0.696277,10,\N,9,\N,\N,\N,\N,\N,\N,15,could not convert string to float: N/A,\N
TBPH,Health Care,Major Pharmaceuticals,898.76,17.22,22.625,0.761106,13,16.33,96,-1.22,-0.76,-1.1,-0.92,-1.32,\N,15,\N,2019-07-06 06:10:37
TST,Consumer Services,Newspapers/Magazines,32.55,6.13,15.941,0.384538,3,0.62,38,-0.1,5.4,-0.4,-1.4,9.35,0.87907,96,\N,2019-07-06 06:10:52
TBRG,Finance,Business Services,335.27,10.3,10.201,1.00968,50,\N,9,\N,\N,\N,\N,\N,\N,15,could not convert string to float: N/A,\N
TIBR,Finance,Business Services,222.09,10.21,10.043,1.01663,53,\N,9,\N,\N,\N,\N,\N,\N,15,could not convert string to float: N/A,\N
TTS,Consumer Services,Home Furnishings,202.92,4.14,5.561,0.744451,12,0.61,37,0.08,0.1,0.05,-0.02,0.03,-0.416667,50,\N,2019-07-06 06:11:08
TLRY,Consumer Durables,Specialty Chemicals,3770,46.98,61.617,0.762447,13,\N,9,\N,\N,\N,\N,\N,\N,15,,\N
TSBK,Finance,Banks,223.45,29.04,27.754,1.04632,64,4.21,78,0.57,0.59,0.59,0.66,0.72,1,99,\N,2019-07-06 06:11:52
TIPT,Finance,Property-Casualty Insurers,218.55,6.3,6.072,1.03763,61,\N,9,\N,\N,\N,\N,\N,\N,15,,\N
TITN,Consumer Services,Other Specialty Stores,408.85,19.37,17.616,1.09955,78,0.33,30,-0.07,0.23,0.48,-0.1,-0.02,0.0862069,72,\N,2019-07-06 06:12:21
TMDI,Health Care,Medical/Dental Instruments,71.02,2.34,2.83,0.826922,17,\N,9,\N,\N,\N,\N,\N,\N,15,could not convert string to float: N/A,\N
TTNP,Health Care,Biotechnology: Biological Products (No Diagnostic ,19.45,1.258,1.384,0.908984,27,2.54,65,-0.72,-0.24,-0.66,-0.27,-0.34,\N,15,\N,2019-07-06 06:12:35
TVTY,Health Care,Hospital/Nursing Management,809.03,16.64,20.261,0.821298,17,1.19,49,0.49,0.54,0.59,0.67,0.1,-0.684211,44,\N,2019-07-06 06:12:58
TIVO,Miscellaneous,Multi-Sector Companies,880.89,7.12,9.119,0.780813,14,1.34,51,-0.15,-0.17,-0.19,-2.33,-0.21,\N,15,\N,2019-07-06 06:13:29
TLSA,Health Care,Major Pharmaceuticals,115.46,6.7,6.973,0.9608,37,\N,9,\N,\N,\N,\N,\N,\N,15,could not convert string to float: N/A,\N
TKKS,Finance,Business Services,314.81,10.03,9.893,1.01381,52,\N,9,\N,\N,\N,\N,\N,\N,15,could not convert string to float: N/A,\N
TMUS,Public Utilities,Telecommunications Equipment,63710,76.23,72.048,1.05805,67,1.48,54,0.78,0.92,0.93,0.75,1.06,0.903226,96,\N,2019-07-06 06:13:45
TMSR,Finance,Business Services,32.65,1.42,1.882,0.754645,13,1.24,50,0.09,0.08,0.01,-0.07,-0.04,-0.8125,42,\N,2019-07-06 06:14:00
TOCA,Health Care,Major Pharmaceuticals,147.54,6.16,8.967,0.686926,9,8.12,90,-0.65,-0.81,-0.02,-0.96,-0.74,\N,15,\N,2019-07-06 06:14:13
TNXP,Health Care,Major Pharmaceuticals,8.28,1.26,2.045,0.616194,7,\N,9,\N,\N,\N,\N,\N,\N,15,could not convert string to float: N/A,\N
TOPS,Transportation,Marine Transportation,11.29,0.45,0.757,0.594734,7,\N,9,\N,\N,\N,\N,\N,\N,15,,\N
TRCH,Energy,Oil & Gas Production,80.01,1.3,1.272,1.02233,56,81.12,99,-0.03,-0.02,-0.01,-0.03,-0.02,\N,15,\N,2019-07-06 06:14:43
TRMD,Transportation,Marine Transportation,648.1,8.93,7.427,1.20235,92,0.96,45,0.01,-0.13,-0.34,-0.02,0.31,0.461538,87,\N,2019-07-06 06:14:58
TOTA,Finance,Business Services,60.84,10.27,10.077,1.01912,54,\N,9,\N,\N,\N,\N,\N,\N,15,could not convert string to float: N/A,\N
TBLT,Capital Goods,Industrial Machinery/Components,5.77,0.462,1.377,0.335397,3,\N,9,\N,\N,\N,\N,\N,\N,15,,\N
TSEM,Technology,Semiconductors,1550,16.5,16.325,1.01072,51,1.31,51,0.26,0.37,0.33,0.36,0.25,-0.0833333,61,\N,2019-07-06 06:15:26
CLUB,Consumer Services,Hotels/Resorts,59.57,2.26,4.479,0.504593,5,0.14,25,0.04,0.02,-0.15,0.09,-0.08,-0.5,48,\N,2019-07-06 06:15:40
TPIC,Energy,Industrial Machinery/Components,846.67,24.52,27.408,0.894616,25,0.8,41,0.24,-0.12,0.26,-0.26,-0.35,-0.967213,40,\N,2019-07-06 06:15:53
TCON,Health Care,Biotechnology: Biological Products (No Diagnostic ,22.75,0.619,0.919,0.673765,9,\N,9,\N,\N,\N,\N,\N,\N,14,,\N
TSCO,Consumer Services,RETAIL: Building Materials,12860,110.47,97.289,1.13548,84,1.66,56,0.57,1.69,0.95,1.11,0.63,0.0535714,70,\N,2019-07-06 06:16:08
TW,Finance,Investment Bankers/Brokers/Service,9130,46.32,0,0,0,\N,9,\N,\N,\N,\N,\N,\N,14,,\N
TWMC,Consumer Services,Consumer Electronics/Video Chains,10.13,0.29,0.437,0.664277,9,0.03,22,-0.22,-0.26,-0.39,-1.8,-0.21,\N,14,\N,2019-07-06 06:16:35
TACT,Technology,Computer peripheral equipment,82.77,11.74,9.69,1.21155,92,1.64,56,0.09,0.16,0.33,0.12,0.1,0.0416667,70,\N,2019-07-06 06:17:05
TRNS,Capital Goods,Electrical Products,186.88,25.65,23.495,1.09172,76,1.16,49,0.33,0.19,0.2,0.21,0.35,0.125,74,\N,2019-07-06 06:17:20
TGA,Energy,Oil & Gas Production,101.56,1.35,1.804,0.748191,12,0.51,35,-0.14,0.1,-0.17,0.43,-0.12,0.0333333,69,\N,2019-07-06 06:17:35
TBIO,Health Care,Biotechnology: Biological Products (No Diagnostic ,632.72,11.51,9.169,1.25533,94,198.83,100,-0.61,-2.94,-0.97,-0.13,-0.74,\N,14,\N,2019-07-06 06:17:48
TMDX,Health Care,Biotechnology: Electromedical & Electrotherapeutic,590.62,26.06,0,0,0,\N,9,\N,\N,\N,\N,\N,\N,14,could not convert string to float: ,\N
TA,Consumer Durables,Automotive Aftermarket,138.97,3.73,4.16,0.896668,25,0.02,22,-0.25,-0.85,-1.77,-0.15,-0.32,\N,14,\N,2019-07-06 06:18:16
TZOO,Technology,EDP Services,185.81,14.91,14.914,0.999744,47,1.59,55,0.2,0.04,0.01,0.13,0.26,0.24,79,\N,2019-07-06 06:18:31
TRMT,Consumer Services,Real Estate Investment Trusts,33.26,4.19,7.932,0.528249,5,9.15,91,-0.31,-0.25,-0.02,0.06,0.18,1,99,\N,2019-07-06 06:18:45
TRVN,Health Care,Major Pharmaceuticals,88.66,1.03,1.235,0.833853,18,16.6,96,-0.14,-0.13,-0.06,-0.1,-0.06,\N,14,\N,2019-07-06 06:18:58
TRVI,Health Care,Major Pharmaceuticals,140.89,7.79,104.633,0.07445,2,\N,9,\N,\N,\N,\N,\N,\N,14,could not convert string to float: N/A,\N
TPCO,Consumer Services,Newspapers/Magazines,294.81,8.29,10.947,0.757289,13,0.28,29,-0.42,7.51,-0.11,0.07,-0.13,0.03657,69,\N,2019-07-06 06:19:15
TCDA,Health Care,Major Pharmaceuticals,1730,35.74,29.481,1.21231,92,\N,9,\N,\N,\N,\N,\N,\N,14,could not convert string to float: N/A,\N
TCBK,Finance,Major Banks,1140,39.06,38.306,1.01968,55,4.22,78,0.6,0.65,0.53,0.76,0.74,0.608696,90,\N,2019-07-06 06:19:30
TDAC,Finance,Business Services,272.27,10.38,10.185,1.01918,54,\N,9,\N,\N,\N,\N,\N,\N,14,could not convert string to float: N/A,\N
TRIL,Health Care,Major Pharmaceuticals,8.84,0.35,0.867,0.403499,4,\N,9,\N,\N,\N,\N,\N,\N,14,could not convert string to float: N/A,\N
TRS,Capital Goods,Industrial Specialties,1370,30.77,30.12,1.02157,55,1.6,55,0.53,0.42,0.49,0.36,0.42,-0.647059,45,\N,2019-07-06 06:19:46
TRMB,Capital Goods,Industrial Machinery/Components,10980,45.42,39.797,1.1413,85,3.66,74,0.23,0.25,0.29,0.34,0.25,0.181818,77,\N,2019-07-06 06:20:01
TRIB,Health Care,Biotechnology: In Vitro & In Vivo Diagnostic Subst,34.7,1.7,2.528,0.672403,9,0.38,31,0.02,0.03,0.04,-1.15,-0.01,-0.0252101,65,\N,2019-07-06 06:20:15
TMCX,Finance,Business Services,445.05,10.32,10.193,1.01243,52,\N,9,\N,\N,\N,\N,\N,\N,14,could not convert string to float: N/A,\N
TRIP,Technology,Computer Software: Programming\, Data Processing,6190,47.57,51.624,0.921471,28,4.14,78,0.04,0.23,0.49,0.05,0.18,0.311111,82,\N,2019-07-06 06:20:30
TSC,Finance,Major Banks,608.22,21.53,21.518,1.00056,47,3.76,75,0.36,0.48,0.47,0.5,0.48,0.857143,95,\N,2019-07-06 06:20:44
TSCAP,Finance,Major Banks,780.83,26.797,26.318,1.01822,54,3.74,75,0.36,0.48,0.47,0.5,0.48,0.857143,95,\N,2019-07-06 06:20:57
TSCBP,Finance,Major Banks,71.79,25.95,0,0,0,\N,9,\N,\N,\N,\N,\N,\N,14,could not convert string to float: ,\N
TBK,Finance,Major Banks,757.37,29.1,30.428,0.956341,36,3.1,69,0.56,0.47,0.34,0.67,0.55,-0.030303,64,\N,2019-07-06 06:21:27
TRVG,Technology,EDP Services,1310,4.11,4.772,0.861235,21,\N,9,\N,\N,\N,\N,\N,\N,14,could not convert string to float: N/A,\N
TROV,Health Care,Biotechnology: Biological Products (No Diagnostic ,13.01,2.4,3.358,0.71479,11,28.48,97,-6.48,-5.28,-1.08,-1.09,-1.02,\N,14,\N,2019-07-06 06:21:57
TRUE,Technology,Computer Software: Programming\, Data Processing,556.98,5.49,7.208,0.761604,13,1.61,55,-0.09,-0.07,-0.06,-0.06,-0.14,\N,14,\N,2019-07-06 06:22:12
TRUP,Health Care,Medical Specialities,1150,35.17,30.716,1.145,86,3.78,75,-0.05,-0.01,0.03,-0.01,-0.04,0.125,74,\N,2019-07-06 06:22:26
TRST,Finance,Major Banks,731.98,7.91,7.818,1.01181,51,4.37,79,0.15,0.16,0.16,0.17,0.15,0,67,\N,2019-07-06 06:22:41
TRMK,Finance,Major Banks,2100,33.44,33.13,1.00935,50,3.69,74,0.54,0.59,0.54,0.55,0.51,-0.375,51,\N,2019-07-06 06:22:55
TSRI,Technology,EDP Services,9.16,4.6,5.073,0.906793,26,0.14,25,-0.01,0.07,0.02,-0.05,-0.34,-0.804878,42,\N,2019-07-06 06:23:09
TTEC,Technology,Professional Services,2080,45.3,36.318,1.24732,94,1.4,52,0.1,0.12,0.12,0.44,0.41,0.911765,96,\N,2019-07-06 06:23:23
TTMI,Technology,Electrical Products,1020,10,11.191,0.8936,25,0.38,31,0.09,0.65,0.22,0.42,-0.03,-0.176471,57,\N,2019-07-06 06:23:37
TC,Miscellaneous,Business Services,209.01,4.23,5.904,0.716513,11,\N,9,\N,\N,\N,\N,\N,\N,14,could not convert string to float: N/A,\N
TCX,Technology,EDP Services,621.95,62.48,71.768,0.870585,22,1.99,60,0.35,0.33,0.5,0.41,0.26,-0.375,51,\N,2019-07-06 06:23:52
TUES,Consumer Services,Department/Specialty Retail Stores,77.07,1.68,2.001,0.839711,19,0.08,23,-0.18,-0.23,-0.18,0.35,-0.18,0,67,\N,2019-07-06 06:24:06
TOUR,Consumer Services,Transportation Services,386.04,3.16,4.38,0.721533,11,\N,9,\N,\N,\N,\N,\N,\N,14,could not convert string to float: N/A,\N
TPTX,Health Care,Major Pharmaceuticals,1320,42.57,0,0,0,\N,9,\N,\N,\N,\N,\N,\N,14,could not convert string to float: N/A,\N
HEAR,Capital Goods,Telecommunications Equipment,162.4,10.84,12.781,0.848145,20,0.56,36,0.16,0.4,0.91,1.33,0.09,-0.0564516,63,\N,2019-07-06 06:24:22
THCB,Finance,Business Services,348.48,9.955,0,0,0,\N,9,\N,\N,\N,\N,\N,\N,14,could not convert string to float: N/A,\N
BROG,Finance,Business Services,271.81,10.16,10.018,1.01415,52,\N,9,\N,\N,\N,\N,\N,\N,14,could not convert string to float: N/A,\N
TWIN,Technology,Industrial Machinery/Components,180.1,14.22,16.218,0.876823,23,0.61,37,0.37,0.51,0.24,0.31,0.34,-0.111111,60,\N,2019-07-06 06:24:39
TWST,Health Care,Biotechnology: Biological Products (No Diagnostic ,954.2,28.41,24.62,1.15393,87,\N,9,\N,\N,\N,\N,\N,\N,14,,\N
TRCB,Finance,Major Banks,123.97,14.52,15.4,0.942848,33,3.09,69,0.31,0.3,0.33,0.35,0.32,0.2,78,\N,2019-07-06 06:25:08
TYME,Health Care,Major Pharmaceuticals,115.31,1.45,2.013,0.720184,11,\N,9,\N,\N,\N,\N,\N,\N,14,could not convert string to float: N/A,\N
USCR,Capital Goods,Building Materials,758.7,51.18,42.611,1.2011,91,0.55,36,-0.23,0.99,0.94,0.12,-0.16,0.057377,70,\N,2019-07-06 06:25:23
PRTS,Consumer Services,Other Specialty Stores,42.98,1.21,1.06,1.14143,85,0.15,25,0.02,-0.02,0.01,-0.16,-0.1,-0.666667,45,\N,2019-07-06 06:25:37
USEG,Energy,Oil & Gas Production,5.46,0.45,0.649,0.693285,9,1.04,47,-0.07,-0.1,-0.03,-0.1,0.03,\N,14,\N,2019-07-06 06:25:51
GROW,Finance,Investment Managers,20.21,1.78,1.231,1.44608,99,5.03,82,-0.07,-0.02,-0.08,-0.21,0.05,\N,14,\N,2019-07-06 06:26:06
USWS,Energy,Oilfield Services/Equipment,332.32,5.17,7.342,0.704191,10,0.57,36,0.02,0.02,-0.05,-0.96,-0.45,-0.479592,48,\N,2019-07-06 06:26:20
UBNT,Technology,Radio And Television Broadcasting And Communicatio,9030,133.03,134.707,0.98755,43,8.18,90,1.32,0.94,1.16,1.09,1.25,-0.184211,57,\N,2019-07-06 06:26:50
UFPT,Capital Goods,Containers/Packaging,307.48,41.83,35.437,1.18041,90,1.59,55,0.24,0.54,0.56,0.59,0.5,0.742857,93,\N,2019-07-06 06:27:05
ULTA,Consumer Services,Other Specialty Stores,20380,344.95,323.042,1.06782,70,2.88,68,2.7,2.46,2.18,3.59,3.26,0.397163,85,\N,2019-07-06 06:27:20
UCTT,Technology,Semiconductors,495.61,13.9,11.743,1.18369,90,0.52,35,0.66,0.48,-0.15,-0.03,0.02,-0.790123,42,\N,2019-07-06 06:27:34
UPL,Energy,Oil & Gas Production,46.58,0.265,0.567,0.467221,4,0.06,23,0.24,-0.1,0.09,0.2,0.21,-0.0882353,61,\N,2019-07-06 06:27:49
RARE,Health Care,Major Pharmaceuticals,3420,59.51,60.077,0.990557,44,58.04,99,0.62,-1.06,-1.74,-1.73,-1.82,\N,14,\N,2019-07-06 06:28:03
ULBI,Miscellaneous,Industrial Machinery/Components,135.02,8.25,8.959,0.920853,28,1.56,55,0.13,0.1,0.09,1.21,0.03,-0.0847458,61,\N,2019-07-06 06:28:17
UMBF,Finance,Major Banks,3080,65.73,65.876,0.99779,46,3.37,72,1.14,1.11,1.16,0.52,1.18,0.0606061,71,\N,2019-07-06 06:28:31
UMPQ,Finance,Savings Institutions,3590,17.07,17.209,0.9919,44,3.3,71,0.35,0.3,0.41,0.36,0.34,-0.0909091,61,\N,2019-07-06 06:28:45
UNAM,Finance,Property-Casualty Insurers,32.64,5.9,6.038,0.977105,40,1.04,47,-0.42,0.03,-0.12,-0.09,-0.13,0.644444,91,\N,2019-07-06 06:29:00
UNB,Finance,Major Banks,154.98,37,42.063,0.879635,23,4.38,79,0.62,0.54,0.52,-0.1,0.59,-0.0416667,64,\N,2019-07-06 06:29:15
QURE,Health Care,Major Pharmaceuticals,2830,75.77,54.379,1.39336,98,319.99,100,-0.59,-0.57,-0.59,-0.59,-0.74,\N,14,\N,2019-07-06 06:29:28
UBCP,Finance,Major Banks,65.46,11.5,11.178,1.02878,58,2.94,68,0.22,0.22,0.25,0.1,0.28,0.333333,83,\N,2019-07-06 06:29:43
UBOH,Finance,Major Banks,63.45,22.5,22.294,1.00925,50,1.94,59,0.55,0.67,0.55,0.74,0.55,0,67,\N,2019-07-06 06:29:56
UBSI,Finance,Major Banks,3700,37.4,36.684,1.01952,55,5.52,84,0.59,0.63,0.62,0.62,0.62,0.75,93,\N,2019-07-06 06:30:10
UCBI,Finance,Major Banks,2180,28.62,26.582,1.07668,72,4.24,78,0.47,0.49,0.54,0.56,0.55,0.888889,96,\N,2019-07-06 06:30:24
UCFC,Finance,Banks,456.72,9.59,9.383,1.02209,56,4.09,77,0.17,0.19,0.19,0.19,0.18,0.5,88,\N,2019-07-06 06:30:38
UAL,Transportation,Air Freight/Delivery Services,22380,90.59,84.644,1.07024,70,0.56,36,0.52,2.48,3.06,1.7,1.09,0.224409,79,\N,2019-07-06 06:30:52
UBNK,Finance,Banks,704.04,14.2,14.386,0.98709,43,3.32,71,0.31,0.31,0.32,0.24,0.25,-0.75,43,\N,2019-07-06 06:31:07
UFCS,Finance,Property-Casualty Insurers,1240,49.9,48.008,1.03941,62,1.12,48,1.8,0.01,0.43,-1.17,1.74,-0.020202,65,\N,2019-07-06 06:31:22
UIHC,Finance,Property-Casualty Insurers,621.01,14.88,15.532,0.958009,36,0.86,43,0.2,0.34,-0.27,-0.26,0.22,0.0327869,69,\N,2019-07-06 06:31:37
UNFI,Consumer Non-Durables,Food Distributors,450.1,9.58,12.335,0.776625,14,0.03,22,1.02,0.64,-0.38,-6.72,1.12,0.0127551,68,\N,2019-07-06 16:47:49
UBFO,Finance,Major Banks,180.68,11.34,10.396,1.09083,76,4.58,80,0.19,0.2,0.21,0.23,0.24,1,99,\N,2019-07-06 06:32:05
USLM,Basic Industries,Mining & Quarrying of Nonmetallic Minerals (No Fue,460.52,81.75,76.559,1.0678,70,3.13,70,0.76,1.18,0.81,0.75,0.91,0.348837,84,\N,2019-07-06 06:32:18
UTHR,Health Care,Major Pharmaceuticals,3380,80.01,104.162,0.768134,13,2.19,61,5.57,3.98,2.42,1.48,-11.32,-1,38,\N,2019-07-06 06:32:33
UG,Consumer Non-Durables,Package Goods/Cosmetics,86.33,19.97,19.401,1.02935,58,6.78,87,0.23,0.3,0.29,0.13,0.27,0.235294,79,\N,2019-07-06 06:33:04
UNIT,Consumer Services,Real Estate Investment Trusts,1730,9.24,12.714,0.726764,11,1.64,56,-0.01,-0.03,0.01,0.05,0.01,0.25,80,\N,2019-07-06 06:33:19
UNTY,Finance,Major Banks,224.88,21.66,20.504,1.05637,67,3.82,75,0.48,0.49,0.5,0.53,0.52,0.8,94,\N,2019-07-06 06:33:33
UBX,Health Care,Major Pharmaceuticals,372.86,8.45,10.025,0.842915,19,\N,9,\N,\N,\N,\N,\N,\N,14,could not convert string to float: N/A,\N
OLED,Capital Goods,Electrical Products,8390,190.4,145.524,1.30837,96,30.73,98,0.13,0.23,0.48,0.4,0.66,1,99,\N,2019-07-06 06:33:49
UEIC,Consumer Non-Durables,Consumer Electronics/Appliances,532.2,40.87,35.338,1.15653,88,0.81,42,-0.04,1.6,0.07,-0.8,-0.07,-0.0125,65,\N,2019-07-06 06:34:02
UFPI,Basic Industries,Forest Products,2230,37.61,32.389,1.16121,88,0.51,35,0.53,0.71,0.66,0.5,0.58,0.238095,79,\N,2019-07-06 06:34:17
ULH,Transportation,Trucking Freight/Courier Services,619.46,22.7,21.058,1.07796,73,0.44,33,0.37,0.62,0.53,0.32,0.61,0.8,94,\N,2019-07-06 06:34:31
USAP,Basic Industries,Steel/Iron Ore,131.06,15.68,16.027,0.978329,41,0.54,36,0.28,0.5,0.44,0.07,0.14,-0.325581,52,\N,2019-07-06 06:34:46
UVSP,Finance,Major Banks,739.51,26.42,24.725,1.06857,70,3.83,75,0.44,0.15,0.51,0.63,0.55,0.229167,79,\N,2019-07-06 06:35:00
UMRX,Health Care,Major Pharmaceuticals,69.88,2.4,3.757,0.638869,8,\N,9,\N,\N,\N,\N,\N,\N,14,,\N
TIGR,Finance,Investment Bankers/Brokers/Service,657.29,5.03,0,0,0,\N,9,\N,\N,\N,\N,\N,\N,14,,\N
UPLD,Technology,Computer Software: Prepackaged Software,949.23,46.32,39.88,1.16148,88,5.88,85,-0.16,-0.26,-0.21,0.13,-0.38,-0.431373,50,\N,2019-07-06 06:35:46
UPWK,Technology,EDP Services,1620,15.81,18.717,0.844686,19,\N,9,\N,\N,\N,\N,\N,\N,14,,\N
UONE,Consumer Services,Broadcasting,99.37,2.26,2.188,1.03308,59,0.22,27,-0.48,0.49,0.49,2.49,-0.15,0.111111,73,\N,2019-07-06 06:36:13
UONEK,Consumer Services,Broadcasting,92.96,2.17,1.972,1.1002,78,0.23,27,-0.48,0.49,0.49,2.49,-0.15,0.111111,73,\N,2019-07-06 06:36:26
URBN,Consumer Services,Clothing/Shoe/Accessory Stores,2260,23.6,28.833,0.818512,17,0.58,37,0.38,0.84,0.7,0.8,0.31,-0.132075,59,\N,2019-07-06 06:36:40
MYT,Basic Industries,Major Chemicals,15.42,0.61,1.375,0.443654,4,\N,9,\N,\N,\N,\N,\N,\N,14,list index out of range,\N
URGN,Health Care,Major Pharmaceuticals,683.21,35.03,39.327,0.890746,25,\N,9,\N,\N,\N,\N,\N,\N,14,invalid literal for float(): 1\,113.57,\N
UROV,Health Care,Major Pharmaceuticals,242.34,7.9,9.103,0.86787,22,\N,9,\N,\N,\N,\N,\N,\N,14,could not convert string to float: N/A,\N
ECOL,Public Utilities,Environmental Services,1280,61.08,59.978,1.01837,54,2.32,63,0.42,0.6,0.61,0.62,0.36,-0.230769,55,\N,2019-07-06 06:37:09
USAT,Miscellaneous,Office Equipment/Supplies/Services,423.01,7.54,5.382,1.40105,98,3.53,73,0,0.01,-0.01,-0.24,0.02,0.0769231,71,\N,2019-07-06 06:37:22
USATP,Miscellaneous,Office Equipment/Supplies/Services,11.64,25.83,20.958,1.23246,94,\N,9,\N,\N,\N,\N,\N,\N,14,could not convert string to float: ,\N
USAK,Transportation,Trucking Freight/Courier Services,83,9.5,14.875,0.638657,8,0.15,25,0.13,0.31,0.4,0.64,0.18,0.0980392,72,\N,2019-07-06 06:37:51
UTMD,Health Care,Medical/Dental Instruments,315.91,86.7,85.964,1.00856,50,7.71,89,1.09,1.15,1.8,0.91,0.84,-0.260417,54,\N,2019-07-06 06:38:05
UTSI,Capital Goods,Telecommunications Equipment,109.7,3.08,3.377,0.91217,27,0.93,44,0.11,0,0.06,-0.03,0.01,-0.714286,44,\N,2019-07-06 06:38:34
UXIN,Miscellaneous,Business Services,605.87,2.36,3.259,0.724181,11,\N,9,\N,\N,\N,\N,\N,\N,14,could not convert string to float: N/A,\N
VCNX,Health Care,Major Pharmaceuticals,58.08,5.2,5.438,0.956151,36,\N,9,\N,\N,\N,\N,\N,\N,14,,\N
VLRX,Health Care,Medical/Dental Instruments,15.02,2.77,6.308,0.439126,4,0.56,36,-34.4,-12.4,-9.8,-4,-3,\N,14,\N,2019-07-06 06:39:03
VLY,Finance,Major Banks,3380,10.9,10.202,1.06838,70,3.82,75,0.12,0.21,0.2,0.22,0.33,1,99,\N,2019-07-06 06:39:18
VLYPO,Finance,Major Banks,102.92,25.42,24.745,1.02726,57,\N,9,\N,\N,\N,\N,\N,\N,14,could not convert string to float: ,\N
VLYPP,Finance,Major Banks,126.45,27.27,26.765,1.01885,54,\N,9,\N,\N,\N,\N,\N,\N,14,could not convert string to float: ,\N
VALU,Finance,Investment Managers,260.15,26.92,22.863,1.17745,90,7.05,88,0.93,0.15,0.32,0.34,0.25,-0.871795,41,\N,2019-07-06 06:40:01
VNDA,Health Care,Major Pharmaceuticals,741.49,13.93,19.278,0.722579,11,3.74,75,0.06,0.09,0.13,0.19,-0.01,-0.35,52,\N,2019-07-06 06:40:14
VREX,Capital Goods,Industrial Machinery/Components,1130,30.87,30.227,1.02126,55,1.52,54,0.32,0.1,0.01,0.08,0.15,-0.548387,47,\N,2019-07-06 06:40:28
VRNS,Technology,Computer Software: Prepackaged Software,1820,62.67,60.618,1.03385,60,6.82,87,-0.53,-0.44,-0.25,0.2,-0.76,-0.239583,55,\N,2019-07-06 06:40:42
VBLT,Health Care,Major Pharmaceuticals,42.7,1.3,1.338,0.971915,39,73.33,99,-0.24,-0.13,-0.15,-0.1,-0.12,\N,14,\N,2019-07-06 06:40:56
VXRT,Health Care,Biotechnology: Biological Products (No Diagnostic ,11.2,0.71,1.36,0.522,5,1.42,53,0.49,-1.24,-0.92,-0.69,-0.18,\N,14,\N,2019-07-06 06:41:09
VBIV,Health Care,Biotechnology: Biological Products (No Diagnostic ,109.38,0.953,1.773,0.537514,6,26.31,97,-0.19,-0.26,-0.24,-0.28,-0.15,\N,14,\N,2019-07-06 06:41:22
VTIQ,Finance,Business Services,299.66,10.13,9.984,1.01464,53,\N,9,\N,\N,\N,\N,\N,\N,14,could not convert string to float: N/A,\N
VTIQW,Finance,Business Services,13.93,0.46,0.481,0.956145,36,\N,9,\N,\N,\N,\N,\N,\N,14,could not convert string to float: N/A,\N
VECO,Technology,Industrial Machinery/Components,532.51,12.26,11.175,1.09706,77,1.24,50,-0.34,-5.02,-0.19,-3.11,-0.4,\N,14,\N,2019-07-06 06:41:39
VEON,Public Utilities,Telecommunications Equipment,4810,2.92,2.452,1.19091,91,0.55,36,-0.06,-0.08,0.49,-0.01,0.28,0.596491,90,\N,2019-07-06 06:41:53
VRA,Consumer Non-Durables,Apparel,373.62,11.42,10.997,1.03847,61,0.93,44,-0.04,0.26,0.12,0.25,-0.07,-0.0909091,61,\N,2019-07-06 06:42:07
VCYT,Health Care,Medical Specialities,1110,28.57,22.067,1.29472,96,11.63,93,-0.27,-0.18,-0.12,-0.08,-0.05,\N,14,\N,2019-07-06 06:42:21
VSTM,Health Care,Major Pharmaceuticals,127.07,1.4,2.561,0.546598,6,3.64,74,-0.41,-0.3,-0.29,-0.38,-0.52,\N,14,\N,2019-07-06 06:42:34
VERB,Consumer Services,Other Consumer Services,41.05,2.02,6.096,0.331376,3,\N,9,\N,\N,\N,\N,\N,\N,14,invalid literal for float(): 1\,365.63,\N
VCEL,Health Care,Biotechnology: Biological Products (No Diagnostic ,772.84,18.96,17.68,1.07238,71,8.61,90,-0.21,-0.12,-0.02,0.11,-0.07,0.4375,86,\N,2019-07-06 06:42:49
VRNT,Technology,EDP Services,3590,55.34,54.266,1.01979,55,2.9,68,-0.03,0.33,0.29,0.41,0.02,0.113636,73,\N,2019-07-06 06:43:03
VRSN,Technology,EDP Services,24780,217.33,184.26,1.17948,90,21.19,97,1.09,1.04,1.13,1.5,1.35,0.565217,89,\N,2019-07-06 06:43:17
VRSK,Technology,EDP Services,23620,148.87,131.514,1.13197,84,9.85,92,0.79,0.91,0.99,0.87,0.81,0.1,72,\N,2019-07-06 06:43:47
VBTX,Finance,Major Banks,1380,26.39,25.527,1.03379,60,8.7,90,0.42,0.42,0.36,0.4,0.13,-1,38,\N,2019-07-06 06:44:02
VERI,Technology,EDP Services,160.91,8.17,6.507,1.25554,95,4.78,81,-0.81,-0.88,-0.86,-0.92,-0.84,\N,13,\N,2019-07-06 06:44:17
VRML,Health Care,Biotechnology: In Vitro & In Vivo Diagnostic Subst,66.52,0.86,0.982,0.87605,23,25.93,97,-0.05,-0.04,-0.04,-0.04,-0.05,\N,13,\N,2019-07-06 06:44:30
VRNA,Health Care,Major Pharmaceuticals,77.15,5.23,6.369,0.82121,17,\N,9,\N,\N,\N,\N,\N,\N,13,could not convert string to float: N/A,\N
VRRM,Consumer Services,Transportation Services,2000,13.39,11.863,1.1287,83,5.32,83,0.02,-0.02,-0.01,-0.24,0.02,0,66,\N,2019-07-06 06:44:47
VRCA,Health Care,Major Pharmaceuticals,244.23,11.11,10.432,1.06496,69,\N,9,\N,\N,\N,\N,\N,\N,13,could not convert string to float: N/A,\N
VTNR,Energy,Integrated oil Companies,62.02,1.51,1.412,1.06958,70,0.34,30,-0.1,0.03,-0.13,-0.03,-0.15,-0.277778,54,\N,2019-07-06 06:45:02
VRTX,Health Care,Major Pharmaceuticals,46140,178.34,179.335,0.994454,45,13.7,94,0.81,0.8,0.5,5.97,1.03,0.0402194,69,\N,2019-07-06 06:45:16
VERU,Health Care,Major Pharmaceuticals,131.86,2.33,1.582,1.47305,99,6.08,86,-0.07,-0.15,-0.14,-0.03,-0.06,\N,13,\N,2019-07-06 06:45:31
VIA,Consumer Services,Television Services,14040,36.13,33.905,1.06561,69,1,46,0.66,1.29,0.98,0.8,0.93,0.428571,86,\N,2019-07-06 06:45:45
VIAB,Consumer Services,Television Services,11900,31.37,28.958,1.08328,74,0.99,45,0.66,1.29,0.98,0.8,0.93,0.428571,86,\N,2019-07-06 06:46:00
VSAT,Technology,Radio And Television Broadcasting And Communicatio,4960,82.56,78.293,1.0545,66,2.41,63,-0.34,-0.57,-0.43,-0.17,0.04,\N,13,\N,2019-07-06 06:46:14
VIAV,Technology,Semiconductors,3020,14.08,12.335,1.14151,85,2.91,68,-0.04,-0.13,-0.07,0.06,-0.02,0.105263,73,\N,2019-07-06 06:46:28
VICL,Health Care,Biotechnology: Biological Products (No Diagnostic ,19.4,0.84,1.059,0.793138,15,21.11,97,-0.29,-0.22,-0.07,-0.17,-0.21,\N,13,\N,2019-07-06 06:46:42
VICR,Capital Goods,Industrial Machinery/Components,1130,31.8,34.451,0.923054,29,4.39,79,0.1,0.19,0.32,0.17,0.1,-4.44089e-16,66,\N,2019-07-06 06:46:57
VCTR,Finance,Investment Managers,1130,18.54,14.39,1.28836,96,3.16,70,0.16,0.26,0.29,0.19,0.2,0.307692,82,\N,2019-07-06 06:47:12
VRAY,Health Care,Biotechnology: Electromedical & Electrotherapeutic,827.98,8.7,7.887,1.1031,78,11.24,93,-0.11,-0.3,-0.39,-0.17,-0.34,\N,13,\N,2019-07-06 06:47:25
VKTX,Health Care,Major Pharmaceuticals,577.82,8.21,8.429,0.974017,39,\N,8,\N,\N,\N,\N,\N,\N,13,could not convert string to float: N/A,\N
VBFC,Finance,Major Banks,48.19,33.08,32.895,1.00564,49,1.99,60,0.21,0.45,0.79,0.6,0.56,0.603448,90,\N,2019-07-06 06:47:40
VFF,Consumer Non-Durables,Farming/Seeds/Milling,533.65,11.53,204.003,0.056519,2,3.74,75,-0.01,-0.03,-0.05,-0.04,0.01,\N,13,\N,2019-07-06 06:47:54
VLGEA,Consumer Services,Food Chains,386.38,25.32,27.599,0.917424,28,0.22,27,0.45,0.42,0.43,0.53,0.35,-0.555556,47,\N,2019-07-06 06:48:08
VIOT,Consumer Durables,Consumer Electronics/Appliances,565.91,9.03,9.687,0.932146,30,\N,8,\N,\N,\N,\N,\N,\N,13,could not convert string to float: N/A,\N
VNOM,Energy,Oil & Gas Production,1840,31.17,31.326,0.995017,45,14.61,95,0.38,1.35,0.05,-0.01,0.61,0.169118,76,\N,2019-07-06 06:48:23
VIRC,Consumer Durables,Industrial Specialties,69.74,4.75,4.217,1.12627,83,0.37,31,-0.23,0.35,0.19,-0.42,-0.2,0.038961,69,\N,2019-07-06 06:48:36
VTSI,Consumer Services,Services-Misc. Amusement & Recreation,18.1,2.43,3.514,0.691581,9,1.06,47,-0.01,0.26,0.01,-0.13,-0.04,-0.0769231,62,\N,2019-07-06 06:49:06
VIRT,Finance,Investment Bankers/Brokers/Service,4190,22.31,24.49,0.910993,27,3.76,75,1.86,0.24,0.08,0.74,-0.07,-1,38,\N,2019-07-06 06:49:22
VRTS,Finance,Investment Managers,705.86,107.38,102.805,1.0445,63,1.35,51,2.77,2.75,3.19,0.01,2.61,-0.0503145,63,\N,2019-07-06 06:49:37
VRTSP,Finance,Investment Managers,103.36,94.91,90.923,1.04385,63,\N,8,\N,\N,\N,\N,\N,\N,13,could not convert string to float: ,\N
VRTU,Technology,EDP Services,1290,44.91,48.858,0.919193,28,1.09,47,0.06,-0.25,0.01,0.37,0.24,0.290323,82,\N,2019-07-06 06:50:03
VISL,Capital Goods,Telecommunications Equipment,3.3,1.6,3.049,0.5248,5,0.09,23,-2.5,-4,-1.3,-1.8,-1.62,\N,13,\N,2019-07-06 06:50:18
VTGN,Health Care,Major Pharmaceuticals,29.2,0.7,1.158,0.604483,7,\N,8,\N,\N,\N,\N,\N,\N,13,could not convert string to float: N/A,\N
VC,Capital Goods,Auto Parts:O.E.M.,1550,55.19,67.505,0.817575,17,0.54,36,2.11,1.17,0.71,1.49,0.49,-1,38,\N,2019-07-06 06:50:32
VIVE,Health Care,Biotechnology: Electromedical & Electrotherapeutic,18.36,0.365,0.79,0.462083,4,0.95,44,-0.49,-0.37,-0.39,-0.38,-0.22,\N,13,\N,2019-07-06 06:50:46
VVPR,Public Utilities,Power Generation,20.2,1.465,1.173,1.24904,94,0.55,36,-0.05,-0.04,-0.01,-0.01,-0.05,\N,13,\N,2019-07-06 06:51:00
VVUS,Health Care,Major Pharmaceuticals,37.12,3.87,4.01,0.965124,38,0.59,37,-1,-1.2,-0.87,-0.42,-0.75,\N,13,\N,2019-07-06 06:51:14
VOD,Public Utilities,Telecommunications Equipment,41930,16.83,17.854,0.942668,33,\N,8,\N,\N,\N,\N,\N,\N,13,could not convert string to float: N/A,\N
VOXX,Technology,Electronic Components,90.75,4.06,4.469,0.908448,26,0.22,26,0.5,-0.04,-0.85,0.5,-1.5,-1,38,\N,2019-07-06 06:51:29
VYGR,Health Care,Biotechnology: Biological Products (No Diagnostic ,950.28,27.52,18.129,1.51801,99,85.37,99,-0.63,-0.8,-0.63,-0.7,-0.81,\N,13,\N,2019-07-06 06:51:44
VSEC,Consumer Services,Military/Government/Technical,280.73,27.07,30.461,0.888675,24,0.43,33,0.65,0.8,0.92,0.84,0.6,-0.15625,58,\N,2019-07-06 06:51:57
VTVT,Health Care,Major Pharmaceuticals,69.81,1.43,1.94,0.737171,12,6.7,87,-0.3,-0.31,-0.06,-0.1,-0.26,\N,13,\N,2019-07-06 06:52:12
VUZI,Technology,Radio And Television Broadcasting And Communicatio,119.79,3.11,3.453,0.900692,26,11.62,93,-0.22,-0.24,-0.19,-0.22,-0.25,\N,13,\N,2019-07-06 06:52:26
WAFU,Consumer Services,Other Consumer Services,13.26,3.05,0,0,0,\N,8,\N,\N,\N,\N,\N,\N,13,list index out of range,\N
WTRH,Miscellaneous,Business Services,462.35,6.17,10.11,0.61031,7,4.51,80,-0.03,-0.02,-0.11,-0.52,-0.38,\N,13,\N,2019-07-06 06:52:57
WBA,Health Care,Medical/Nursing Services,48410,55.19,60.608,0.9106,27,0.36,31,1.35,1.55,1.18,1.24,1.13,-0.52381,48,\N,2019-07-06 06:53:11
WAFD,Finance,Major Banks,2660,35.16,30.912,1.13743,85,5.25,83,0.57,0.61,0.62,0.65,0.63,0.75,93,\N,2019-07-06 06:53:25
WASH,Finance,Major Banks,874.38,52.57,51.044,1.0299,58,4.68,81,0.93,1.01,1.01,0.98,1,0.875,96,\N,2019-07-06 06:53:40
WSBF,Finance,Savings Institutions,470.66,17.08,16.612,1.02817,58,2.78,67,0.25,0.34,0.31,0.21,0.24,-0.0769231,62,\N,2019-07-06 06:53:54
WVE,Health Care,Major Pharmaceuticals,886.65,26.7,34.146,0.781929,14,55.99,99,-1.26,-1.23,-1.28,-1.28,-1.36,\N,13,\N,2019-07-06 06:54:09
WSTG,Technology,Retail: Computer Software & Peripheral Equipment,51.52,11.21,11.329,0.989469,44,0.27,28,0.36,-0.25,0.29,0.39,0.32,-0.0625,63,\N,2019-07-06 06:54:23
WCFB,Finance,Major Banks,21.77,8.47,8.15,1.03924,61,6.12,86,0.12,0.01,0,-0.04,-0.01,-0.8125,42,\N,2019-07-06 06:54:53
WDFC,Basic Industries,Major Chemicals,2180,163.02,170,0.958943,36,5.46,84,1.05,1.15,1.54,0.95,1.14,0.152542,75,\N,2019-07-06 06:55:08
HHHH,Finance,Business Services,75.32,10.02,0,0,0,\N,8,\N,\N,\N,\N,\N,\N,13,could not convert string to float: N/A,\N
WB,Technology,Computer Software: Programming\, Data Processing,9350,43.92,58.555,0.750065,12,5.59,84,0.44,0.62,0.73,0.73,0.66,0.758621,93,\N,2019-07-06 06:55:23
WW,Consumer Services,Other Consumer Services,1260,19.74,23.942,0.824485,17,0.86,43,0.56,1.01,1,0.63,-0.16,-0.615385,46,\N,2019-07-06 06:55:38
WEBK,Finance,Banks,84.83,33.25,32.086,1.03627,60,3.13,70,0.58,0.57,0.62,0.63,0.52,-0.545455,47,\N,2019-07-06 06:55:53
WEN,Consumer Services,Restaurants,4490,19.81,17.927,1.10506,79,3.54,73,0.08,0.12,1.6,0.08,0.14,0.0394737,69,\N,2019-07-06 06:56:07
WERN,Transportation,Trucking Freight/Courier Services,2060,30.99,32.657,0.948967,34,0.87,43,0.38,0.53,0.66,0.77,0.51,0.333333,83,\N,2019-07-06 06:56:21
WSBC,Finance,Major Banks,2010,38.42,39.261,0.978577,41,4.48,80,0.76,0.71,0.64,0.8,0.74,-0.125,59,\N,2019-07-06 06:56:34
WTBA,Finance,Major Banks,342.2,21.69,21.233,1.02151,55,5.01,82,0.45,0.41,0.43,0.44,0.42,-0.75,43,\N,2019-07-06 06:56:49
WABC,Finance,Major Banks,1620,62.56,61.958,1.00972,50,8.42,90,0.66,0.67,0.63,0.71,0.73,0.7,92,\N,2019-07-06 06:57:03
WSTL,Public Utilities,Telecommunications Equipment,27.65,1.8,2.06,0.873657,22,0.64,38,-0.06,0,-0.11,-0.1,-0.52,-0.884615,41,\N,2019-07-06 06:57:17
WDC,Technology,Electronic Components,12040,48.52,45.226,1.07284,71,0.79,41,0.2,2.46,1.71,-1.68,-1.99,-0.492135,48,\N,2019-07-06 06:57:30
WNEB,Finance,Savings Institutions,237.46,9.56,9.496,1.00672,49,3.84,75,0.12,0.18,0.14,0.14,0.13,0.166667,76,\N,2019-07-06 06:57:44
WPRT,Energy,Industrial Machinery/Components,336.12,2.82,1.868,1.50962,99,1.35,51,-0.11,-0.04,-0.02,-0.07,-0.02,\N,13,\N,2019-07-06 06:57:58
WWR,Basic Industries,Precious Metals,9.86,5.9,6.984,0.844783,19,\N,8,\N,\N,\N,\N,\N,\N,13,could not convert string to float: N/A,\N
WEYS,Consumer Non-Durables,Apparel,261.46,26.66,29.522,0.903054,26,0.88,43,0.29,0.15,0.6,0.93,0.4,0.141026,75,\N,2019-07-06 06:58:13
WHLR,Consumer Services,Real Estate Investment Trusts,15.32,1.5,1.718,0.873108,22,0.22,26,-0.57,-0.51,-0.41,-1.66,-0.31,\N,13,\N,2019-07-06 06:58:27
WHLRD,Consumer Services,Real Estate Investment Trusts,54.01,15.37,13.533,1.13575,84,\N,8,\N,\N,\N,\N,\N,\N,13,could not convert string to float: ,\N
WHLRP,Consumer Services,Real Estate Investment Trusts,10.19,13.986,12.175,1.14877,87,\N,8,\N,\N,\N,\N,\N,\N,13,could not convert string to float: ,\N
WHLM,Consumer Services,Professional Services,32.14,6,5.935,1.01094,51,0.41,32,0.04,0.07,0.04,0.01,-0.02,-0.666667,45,\N,2019-07-06 06:59:09
WVVI,Consumer Non-Durables,Beverages (Production/Distribution),34.5,6.95,7.093,0.97979,41,1.47,53,0.02,0.11,0.08,0.17,0.03,0.0666667,71,\N,2019-07-06 06:59:23
WVVIP,Consumer Non-Durables,Beverages (Production/Distribution),21.3,4.587,4.69,0.978054,40,\N,8,\N,\N,\N,\N,\N,\N,13,could not convert string to float: ,\N
WLDN,Consumer Services,Military/Government/Technical,393.45,34.85,35.82,0.972933,39,1.25,50,0.24,0.36,0.35,0.11,-0.04,-0.7,44,\N,2019-07-06 06:59:51
WLFC,Consumer Durables,Industrial Specialties,335.48,58.33,45.448,1.28346,96,0.9,44,1,1.26,1.47,2.91,3.35,1,99,\N,2019-07-06 07:00:06
WLTW,Finance,Specialty Insurers,24850,195.84,173.787,1.1269,83,2.96,68,1.61,0.44,0.33,2.89,2.2,0.230469,79,\N,2019-07-06 07:00:37
WING,Consumer Services,Restaurants,2670,95.12,75.235,1.26431,95,16.64,96,0.21,0.23,0.21,0.08,0.22,0.0666667,71,\N,2019-07-06 07:00:51
WINA,Consumer Services,Other Specialty Stores,666.12,172.12,171.565,1.00323,48,8.91,91,1.69,1.73,2.01,1.83,1.73,0.125,74,\N,2019-07-06 07:01:05
WINS,Finance,Finance: Consumer Services,320.38,13.85,22.174,0.624605,7,12.57,94,0.16,0.01,0.23,0.15,0.39,0.605263,90,\N,2019-07-06 07:01:19
WTFC,Finance,Major Banks,4030,73.17,72.14,1.01427,52,3.15,70,1.4,1.53,1.57,1.35,1.52,0.545455,89,\N,2019-07-06 07:01:34
WTFCM,Finance,Major Banks,142.25,28.164,27.833,1.01188,51,\N,8,\N,\N,\N,\N,\N,\N,13,could not convert string to float: ,\N
WETF,Finance,Investment Bankers/Brokers/Service,953.58,6.28,6.813,0.921832,29,3.47,72,0.07,0.1,0.13,-0.08,0.05,-0.0952381,61,\N,2019-07-06 07:02:02
WIX,Technology,Computer Software: Programming\, Data Processing,6970,143.71,121.929,1.17864,90,11.19,93,-0.42,-0.12,-0.12,-0.12,-0.62,\N,13,\N,2019-07-06 07:02:18
WWD,Energy,Industrial Machinery/Components,6910,115.17,97.871,1.17675,90,2.63,65,0.6,0.77,1.16,0.77,1.2,1,99,\N,2019-07-06 07:02:32
WDAY,Technology,EDP Services,46220,216.01,192.022,1.12493,82,16.12,95,-0.35,-0.4,-0.7,-0.47,-0.52,\N,13,\N,2019-07-06 07:02:47
WKHS,Capital Goods,Auto Manufacturing,186.55,2.8,1.245,2.24883,100,317.39,100,-0.16,-0.18,-0.12,-0.32,-0.11,\N,13,\N,2019-07-06 07:03:01
WRLD,Finance,Finance: Consumer Services,1450,167.2,125.766,1.32945,97,2.86,67,3.18,-2.37,1.56,0.67,4.09,0.140867,75,\N,2019-07-06 07:03:16
WRTC,Capital Goods,Ordnance And Accessories,181.3,5.63,5.669,0.993201,45,\N,8,\N,\N,\N,\N,\N,\N,13,invalid literal for float(): 1\,183.19,\N
WMGI,Health Care,Industrial Specialties,3710,26.68,30.269,0.881427,23,3.95,76,-0.24,-0.64,-0.38,-0.27,-0.29,\N,13,\N,2019-07-06 07:03:31
WSFS,Finance,Major Banks,2150,42.39,41.433,1.02309,56,5.51,84,1.16,0.89,1.2,0.93,0.33,-0.954023,40,\N,2019-07-06 07:03:46
WVFC,Finance,Banks,34.5,17.35,16.742,1.03635,60,4.52,80,0.35,0.32,0.42,0.38,0.42,0.7,92,\N,2019-07-06 07:03:59
WYNN,Consumer Services,Hotels/Resorts,12810,132.81,123.776,1.07299,71,2.14,61,-1.99,1.44,1.44,4.41,0.98,0.464063,87,\N,2019-07-06 07:04:12
XFOR,Health Care,Biotechnology: Biological Products (No Diagnostic ,181.72,15.17,17.515,0.866129,21,\N,8,\N,\N,\N,\N,\N,\N,13,could not convert string to float: N/A,\N
XBIT,Health Care,Major Pharmaceuticals,307.21,7.77,8.307,0.935336,31,\N,8,\N,\N,\N,\N,\N,\N,13,could not convert string to float: N/A,\N
XELB,Miscellaneous,Multi-Sector Companies,25.35,2.16,1.429,1.51138,99,1.1,48,0.03,-0.01,0.05,-0.02,0.01,-0.285714,53,\N,2019-07-06 07:04:29
XEL,Public Utilities,Power Generation,31390,60.69,55.388,1.09573,77,2.66,66,0.57,0.52,0.96,0.42,0.61,0.0740741,71,\N,2019-07-06 07:04:43
XNCR,Health Care,Major Pharmaceuticals,2170,43.94,33.451,1.31357,97,16.23,95,-0.62,-0.46,0.05,-0.32,1.38,1,99,\N,2019-07-06 07:04:57
XBIO,Health Care,Major Pharmaceuticals,95.67,12.25,18.522,0.661373,8,\N,8,\N,\N,\N,\N,\N,\N,13,could not convert string to float: N/A,\N
XENE,Health Care,Major Pharmaceuticals,246.39,10.16,8.994,1.12965,83,\N,8,\N,\N,\N,\N,\N,\N,13,could not convert string to float: N/A,\N
XERS,Health Care,Major Pharmaceuticals,291.49,12.16,11.767,1.03338,59,133.03,100,-0.86,-3.07,-0.71,-0.98,-1.07,\N,13,\N,2019-07-06 07:05:12
XLNX,Technology,Semiconductors,27600,116.11,113.91,1.01931,54,9.53,91,0.56,0.74,0.84,0.93,0.95,1,99,\N,2019-07-06 07:05:42
XOMA,Health Care,Major Pharmaceuticals,138.63,15.12,14.333,1.05489,66,10.17,92,-0.46,-0.23,-0.55,-0.35,0.21,\N,13,\N,2019-07-06 07:05:58
XPER,Technology,Semiconductors,956.11,20.73,22.328,0.928436,30,2.57,65,-0.67,-0.58,-0.44,1.68,-0.51,0.0680851,71,\N,2019-07-06 07:06:13
XSPA,Consumer Services,Other Consumer Services,3.56,1.54,2.92,0.527356,5,0.06,23,-18,-2.6,-2.2,-3.2,-1.61,\N,13,\N,2019-07-06 07:06:28
XTLB,Health Care,Major Pharmaceuticals,10.67,1.89,2.223,0.850094,20,\N,8,\N,\N,\N,\N,\N,\N,13,could not convert string to float: N/A,\N
XNET,Technology,Computer Software: Prepackaged Software,173.32,2.61,3.371,0.774218,14,0.91,44,0.12,0.01,-0.24,-0.48,-0.13,-0.416667,50,\N,2019-07-06 07:06:43
XYN,Health Care,Major Pharmaceuticals,169.22,3.12,8.455,0.369015,3,\N,8,\N,\N,\N,\N,\N,\N,13,could not convert string to float: N/A,\N
YNDX,Technology,Computer Software: Programming\, Data Processing,12280,39.2,35.13,1.11585,81,\N,8,\N,\N,\N,\N,\N,\N,13,could not convert string to float: N/A,\N
YRIV,Finance,Real Estate,90.78,0.515,1.195,0.431028,4,\N,8,\N,\N,\N,\N,\N,\N,13,could not convert string to float: N/A,\N
YTRA,Consumer Services,Transportation Services,186.15,3.56,4.472,0.796081,15,\N,8,\N,\N,\N,\N,\N,\N,13,could not convert string to float: N/A,\N
YTEN,Basic Industries,Containers/Packaging,10.75,0.87,1.046,0.831837,18,18.03,96,-0.24,-0.24,-0.26,-0.19,-0.22,\N,12,\N,2019-07-06 07:07:02
YIN,Finance,Investment Bankers/Brokers/Service,294.31,4.1,5.921,0.692408,9,\N,8,\N,\N,\N,\N,\N,\N,12,could not convert string to float: N/A,\N
YMAB,Health Care,Major Pharmaceuticals,769.36,22.74,22.378,1.01618,53,\N,8,\N,\N,\N,\N,\N,\N,12,could not convert string to float: N/A,\N
YOGA,Consumer Services,Other Consumer Services,12.18,0.627,0.728,0.861219,21,0.17,25,-0.24,-0.41,-0.84,-0.65,-0.2,\N,12,\N,2019-07-06 07:07:18
YGYI,Consumer Services,Catalog/Specialty Distribution,158.9,5.75,6.198,0.927739,30,0.95,44,-0.13,-0.03,-0.46,-0.46,-0.49,\N,12,\N,2019-07-06 07:07:31
YRCW,Transportation,Trucking Freight/Courier Services,127.23,3.78,5.972,0.632972,8,0.03,22,-0.44,0.43,0.09,0.64,-1.48,-0.490566,48,\N,2019-07-06 07:07:45
YJ,Consumer Services,Other Specialty Stores,2240,10.82,0,0,0,\N,8,\N,\N,\N,\N,\N,\N,12,could not convert string to float: N/A,\N
YY,Technology,EDP Services,5420,70.44,74.095,0.950669,35,\N,8,\N,\N,\N,\N,\N,\N,12,could not convert string to float: N/A,\N
ZFGN,Health Care,Major Pharmaceuticals,47.78,1.24,3.207,0.386642,3,\N,8,\N,\N,\N,\N,\N,\N,12,could not convert string to float: N/A,\N
ZAGG,Consumer Services,Other Specialty Stores,188.64,7.28,9.155,0.795177,15,0.42,33,0.24,0.11,0.51,0.52,-0.5,-0.72549,44,\N,2019-07-06 07:08:02
ZLAB,Health Care,Major Pharmaceuticals,2020,36.29,28.545,1.27133,95,\N,8,\N,\N,\N,\N,\N,\N,12,invalid literal for float(): 18\,557.94,\N
ZEAL,Health Care,Major Pharmaceuticals,668.35,22.28,17.647,1.26256,95,\N,8,\N,\N,\N,\N,\N,\N,12,could not convert string to float: N/A,\N
ZBRA,Technology,Industrial Machinery/Components,10660,217.04,194.735,1.11454,81,2.72,66,2.01,1.29,2.34,2.11,2.12,0.104762,73,\N,2019-07-06 07:08:19
Z,Miscellaneous,Business Services,6050,48.42,37.959,1.2756,95,6.61,87,-0.1,-0.02,0,-0.48,-0.33,-0.479167,49,\N,2019-07-06 07:08:33
ZG,Miscellaneous,Business Services,8660,47.91,37.525,1.27674,95,6.62,87,-0.1,-0.02,0,-0.48,-0.33,-0.479167,48,\N,2019-07-06 07:08:46
ZN,Energy,Oil & Gas Production,26.27,0.33,0.537,0.614761,7,\N,8,\N,\N,\N,\N,\N,\N,12,could not convert string to float: N/A,\N
ZION,Finance,Major Banks,8030,46.21,46.786,0.987682,43,3.01,69,1.09,0.89,1.04,1.08,1.04,-0.25,55,\N,2019-07-06 07:09:18
ZIOP,Health Care,Major Pharmaceuticals,914.28,5.88,3.717,1.58198,99,\N,8,\N,\N,\N,\N,\N,\N,12,,\N
ZIXI,Technology,EDP Services,513.26,9.7,7.936,1.22226,93,6.48,87,0.04,0.03,0.05,0.17,-0.17,-0.617647,46,\N,2019-07-06 07:09:34
ZKIN,Capital Goods,Metal Fabrications,23.51,1.39,1.535,0.905344,26,\N,8,\N,\N,\N,\N,\N,\N,12,list index out of range,\N
ZGNX,Health Care,Major Pharmaceuticals,1680,47.72,43.815,1.08912,75,\N,8,\N,\N,\N,\N,\N,\N,12,could not convert string to float: N/A,\N
ZM,Technology,Computer Software: Programming\, Data Processing,23170,91.88,0,0,0,\N,8,\N,\N,\N,\N,\N,\N,12,,\N
ZSAN,Health Care,Major Pharmaceuticals,55.47,3.32,3.402,0.975835,40,\N,8,\N,\N,\N,\N,\N,\N,12,could not convert string to float: N/A,\N
ZVO,Consumer Services,Other Consumer Services,99.11,3.72,0,0,0,0.26,28,0.08,0.63,0.16,-0.71,-0.24,-0.238806,55,\N,2019-07-06 07:10:17
ZS,Technology,EDP Services,9280,83.06,62.341,1.33235,97,37.45,98,-0.14,-0.06,-0.06,-0.03,-0.1,\N,12,\N,2019-07-06 07:10:32
ZUMZ,Consumer Services,Clothing/Shoe/Accessory Stores,639.15,25.91,23.927,1.08287,74,0.68,39,-0.1,0.17,0.55,1.18,0.03,0.101562,73,\N,2019-07-06 07:10:46
ZYNE,Health Care,Major Pharmaceuticals,264.49,15.44,8.332,1.85308,100,\N,8,\N,\N,\N,\N,\N,\N,12,invalid literal for float(): 3\,783.70,\N
ZYXI,Health Care,Biotechnology: Electromedical & Electrotherapeutic,338.57,9.37,5.747,1.63028,100,8.86,91,0.06,0.07,0.08,0.08,0.07,0.5,88,\N,2019-07-06 07:11:02
ZNGA,Technology,EDP Services,5490,6.26,5.352,1.16963,89,6.16,86,0.01,0,0.01,0,-0.14,-1,38,\N,2019-07-06 07:11:17
DDD,Technology,Computer Software: Prepackaged Software,1010,8.92,10.592,0.84214,19,1.53,54,-0.19,-0.08,-0.1,-0.04,-0.22,\N,12,\N,2019-07-06 07:11:31
MMM,Health Care,Medical/Dental Instruments,99160,172,191.965,0.895998,25,3.06,69,0.98,3.07,2.58,2.27,1.51,0.253589,80,\N,2019-07-06 07:11:45
WBAI,Consumer Services,Services-Misc. Amusement & Recreation,438.41,10.4,12.23,0.850394,20,\N,8,\N,\N,\N,\N,\N,\N,12,could not convert string to float: N/A,\N
WUBA,Technology,Computer Software: Programming\, Data Processing,9330,62.37,63.519,0.981913,41,\N,8,\N,\N,\N,\N,\N,\N,12,could not convert string to float: N/A,\N
EGHT,Technology,EDP Services,2240,24.7,21.454,1.15132,87,6.76,87,-0.14,-0.16,-0.23,-0.25,-0.29,\N,12,\N,2019-07-06 07:12:02
AHC,Consumer Services,Newspapers/Magazines,81.54,3.64,3.869,0.940903,32,0.38,31,-0.19,-0.03,-0.05,0.01,-0.14,0.25,80,\N,2019-07-06 07:12:16
AOS,Consumer Durables,Consumer Electronics/Appliances,7710,47.01,49.14,0.95665,36,2.5,64,0.57,0.66,0.61,0.74,0.53,-0.190476,57,\N,2019-07-06 07:12:29
ATEN,Technology,Computer Communications Equipment,505.24,7.12,6.668,1.06777,70,2.28,62,-0.27,-0.06,-0.02,-0.02,-0.16,\N,12,\N,2019-07-06 07:12:45
AAC,Health Care,Medical Specialities,19.99,1.08,1.902,0.567762,6,0.1,24,-0.01,-0.12,-0.47,-1.51,-0.9,\N,12,\N,2019-07-06 07:12:59
AIR,Capital Goods,Aerospace,1230,37.91,34.746,1.09107,76,0.67,39,0.44,0.34,0.43,0.2,-1.08,-1,38,\N,2019-07-06 07:13:13
AAN,Technology,Diversified Commercial Services,4130,64.24,53.431,1.20229,92,1.11,48,0.73,0.54,0.62,0.89,0.82,0.257143,80,\N,2019-07-06 07:13:28
ABB,Consumer Durables,Electrical Products,42080,19.44,19.419,1.00109,47,1.49,54,0.27,0.32,0.28,0.15,0.25,-0.117647,60,\N,2019-07-06 07:13:59
ABT,Health Care,Major Pharmaceuticals,148610,85.42,76.735,1.11318,81,4.87,82,0.23,0.41,0.32,0.37,0.38,0.833333,95,\N,2019-07-06 07:14:14
ABBV,Health Care,Major Pharmaceuticals,97130,72.99,80.236,0.909691,27,3.27,71,1.74,1.26,1.81,-1.23,1.65,-0.0296053,64,\N,2019-07-06 07:14:27
ANF,Consumer Services,Clothing/Shoe/Accessory Stores,1010,17.15,22.522,0.761481,13,0.3,29,-0.62,-0.06,0.35,1.42,-0.29,0.161765,76,\N,2019-07-06 07:14:42
ABM,Finance,Diversified Commercial Services,2590,40.73,36.41,1.11864,82,0.41,32,0.4,0.51,0.15,0.19,0.45,0.138889,75,\N,2019-07-06 07:14:56
AKR,Consumer Services,Real Estate Investment Trusts,2290,27.57,27.725,0.994424,45,7.93,89,0.09,0.09,0.11,0.09,0.15,1,99,\N,2019-07-06 07:15:11
ACN,Miscellaneous,Business Services,117940,191.39,168.54,1.13558,84,2.92,68,1.6,1.58,1.96,1.73,1.93,0.868421,95,\N,2019-07-06 07:15:24
ACCO,Consumer Durables,Publishing,747.29,7.87,8.405,0.936369,31,0.42,33,0.09,0.24,0.34,0.34,-0.01,-0.285714,53,\N,2019-07-06 07:15:38
ATV,Consumer Services,Other Specialty Stores,57.61,19.8,26.315,0.75243,12,1.62,55,-0.09,8.86,1.42,0.63,1.86,0.217877,79,\N,2019-07-06 07:15:52
ATU,Technology,Industrial Machinery/Components,1480,24.08,23.916,1.00685,49,1.27,50,0.48,-0.62,-0.29,0.04,0.52,0.0350877,69,\N,2019-07-06 07:16:05
AYI,Consumer Durables,Building Products,5330,130.69,130.784,0.99928,47,1.37,52,1.8,2.7,1.98,1.67,2.22,0.407767,85,\N,2019-07-06 07:16:21
GOLF,Consumer Non-Durables,Recreational Products/Toys,1970,26.36,24.113,1.09318,76,1.22,49,0.55,0.53,0.09,0.15,0.46,-0.195652,57,\N,2019-07-06 07:16:34
AGRO,Consumer Non-Durables,Farming/Seeds/Milling,804.23,7.01,6.972,1.00548,49,1.03,46,0.06,-0.27,0.04,-0.04,-0.03,-0.272727,54,\N,2019-07-06 07:16:48
ADNT,Capital Goods,Auto Parts:O.E.M.,2080,23.61,19.128,1.23432,94,0.13,24,-1.8,0.58,-14.52,-0.18,-1.59,0.0139073,68,\N,2019-07-06 07:17:02
ADT,Consumer Services,Diversified Commercial Services,4440,6.22,6.753,0.921044,28,0.97,45,-0.22,-0.09,-0.31,-0.2,-0.09,\N,12,\N,2019-07-06 07:17:14
ATGE,Consumer Services,Other Consumer Services,2540,45.54,46.929,0.970397,39,2.09,60,0.63,1.02,-0.16,0.29,0.64,0.00847458,68,\N,2019-07-06 07:17:29
AAP,Consumer Services,Other Specialty Stores,11080,160.62,161.717,0.993217,45,1.19,49,1.84,1.59,1.56,0.74,1.98,0.112903,73,\N,2019-07-06 07:17:43
ADSW,Public Utilities,Environmental Services,2850,32.17,28.763,1.11844,82,1.81,58,0.02,0.11,-0.06,0.03,-0.07,-0.5,48,\N,2019-07-06 07:17:57
WMS,Capital Goods,Containers/Packaging,1840,33,27.215,1.21257,92,1.38,52,-0.11,0.51,0.45,0.25,0.01,0.193548,77,\N,2019-07-06 07:18:11
ASIX,Basic Industries,Major Chemicals,698.31,25.26,28.986,0.871463,22,0.47,34,0.37,0.91,0.18,0.68,0.68,0.424658,86,\N,2019-07-06 07:18:25
ACM,Consumer Services,Military/Government/Technical,5760,37.29,31.644,1.17841,90,0.29,29,-0.75,0.37,0.52,0.32,0.49,0.976378,97,\N,2019-07-06 07:18:40
AEG,Finance,Life Insurance,9890,5.14,4.987,1.03063,59,\N,8,\N,\N,\N,\N,\N,\N,12,could not convert string to float: N/A,\N
AER,Technology,Diversified Commercial Services,7020,51.16,47.057,1.0872,75,1.5,54,1.72,1.7,1.79,1.62,1.68,-0.235294,55,\N,2019-07-06 07:18:55
HIVE,Technology,EDP Services,179.72,4.43,3.87,1.14461,86,1.67,56,-0.13,-0.05,-0.04,-0.1,-0.15,\N,12,\N,2019-07-06 07:19:09
AJRD,Capital Goods,Military/Government/Technical,3370,46.82,37.296,1.25535,94,1.94,59,0.18,0.45,0.82,0.29,0.47,0.453125,86,\N,2019-07-06 07:19:24
AMG,Finance,Investment Managers,4530,91.05,101.653,0.895696,25,2.02,60,2.77,2.16,2.34,-2.88,-3.87,-1,38,\N,2019-07-06 07:19:54
AFL,Finance,Accident &Health Insurance,40960,56.81,49.99,1.13643,84,1.93,59,0.91,1.07,1.09,0.69,1.23,0.592593,90,\N,2019-07-06 07:20:08
AGCO,Capital Goods,Industrial Machinery/Components,5900,77.66,68.076,1.14078,85,0.63,38,0.3,1.14,0.89,1.26,0.84,0.5625,89,\N,2019-07-06 07:20:22
A,Capital Goods,Biotechnology: Laboratory Analytical Instruments,22910,75.75,74.823,1.01239,52,4.77,81,0.63,0.73,0.61,1.57,0.57,-0.06,63,\N,2019-07-06 07:20:35
AEM,Basic Industries,Precious Metals,12060,51.57,43.181,1.19426,91,5.58,84,0.19,0.02,0.07,-1.68,0.16,-0.0160428,65,\N,2019-07-06 07:20:49
ADC,Consumer Services,Real Estate Investment Trusts,2520,65.2,65.579,0.994224,45,15.67,95,0.53,0.41,0.48,0.37,0.48,-0.3125,53,\N,2019-07-06 07:21:04
AL,Technology,Diversified Commercial Services,4390,41.45,37.08,1.11785,82,2.61,65,1,1.04,1.32,1.24,1.23,0.71875,93,\N,2019-07-06 07:21:19
APD,Basic Industries,Major Chemicals,49460,230.58,190.399,1.21104,92,5.66,84,1.89,2.15,2.05,1.57,1.9,0.0172414,68,\N,2019-07-06 07:21:33
AYR,Technology,Diversified Commercial Services,1530,21.21,20.028,1.059,68,1.87,58,0.73,0.64,0.46,1.35,0.46,-0.303371,53,\N,2019-07-06 07:21:48
AKS,Basic Industries,Steel/Iron Ore,686.39,2.27,2.561,0.886296,24,0.1,24,0.09,0.18,0.21,0.11,-0.01,-0.454545,49,\N,2019-07-06 07:22:01
ALG,Capital Goods,Industrial Machinery/Components,1160,96.71,94.72,1.02101,55,1.11,48,1.24,1.6,2,1.41,1.3,0.0789474,72,\N,2019-07-06 07:22:14
AGI,Basic Industries,Precious Metals,2400,5.99,4.779,1.25334,94,3.62,74,0,-0.02,0.02,-0.18,0.04,0.181818,77,\N,2019-07-06 07:22:28
ALK,Transportation,Air Freight/Delivery Services,7650,64.07,61.02,1.04999,65,0.95,44,0.03,1.56,1.75,0.19,0.03,0,66,\N,2019-07-06 07:22:42
AIN,Basic Industries,Textiles,2600,82.33,73.126,1.12587,83,2.63,65,0.32,0.94,0.87,0.54,0.9,0.935484,97,\N,2019-07-06 07:22:55
ALB,Basic Industries,Major Chemicals,7180,70.51,77.49,0.909921,27,2.21,62,1.18,2.73,1.2,1.21,1.26,0.0516129,70,\N,2019-07-06 07:23:09
AA,Basic Industries,Aluminum,4180,23.13,26.615,0.869058,22,0.33,30,0.8,0.39,-0.22,0.23,-1.07,-1,38,\N,2019-07-06 07:23:23
ALC,Health Care,Ophthalmic Goods,28810,60.86,35.447,1.71692,100,\N,8,\N,\N,\N,\N,\N,\N,12,list index out of range,\N
ALEX,Consumer Services,Real Estate Investment Trusts,1620,23.42,23.228,1.00826,50,2.54,65,0.66,0.03,0.2,-1.9,0.12,-0.210938,56,\N,2019-07-06 07:23:56
ALX,Consumer Services,Real Estate Investment Trusts,1910,374.56,363.983,1.02906,58,8.22,90,-1.9,3.43,2.93,1.95,3.49,1,99,\N,2019-07-06 07:24:11
ARE,Consumer Services,Real Estate Investment Trusts,16140,145,137.787,1.05235,66,12.45,94,1.32,0.51,1.99,-0.3,1.11,-0.0917031,61,\N,2019-07-06 07:24:24
AQN,Public Utilities,Electric Utilities: Central,6080,12.32,11.307,1.08957,75,3.69,74,0.04,0.14,0.12,0.08,0.17,1,99,\N,2019-07-06 07:24:38
BABA,Miscellaneous,Business Services,428930,173.3,169.812,1.02054,55,\N,8,\N,\N,\N,\N,\N,\N,12,could not convert string to float: N/A,\N
Y,Finance,Property-Casualty Insurers,9820,705.92,645.296,1.09395,76,1.33,51,11.04,19.44,19.07,-46.93,30.39,0.250259,80,\N,2019-07-06 07:24:53
ATI,Basic Industries,Steel/Iron Ore,3040,25.25,25.258,0.999665,47,0.78,41,0.42,0.52,0.37,0.3,0.12,-0.75,43,\N,2019-07-06 07:25:07
ALLE,Consumer Services,Diversified Commercial Services,10110,110.99,93.793,1.18335,90,3.75,75,0.75,1.19,1.21,1.39,0.84,0.140625,75,\N,2019-07-06 07:25:21
AGN,Health Care,Major Pharmaceuticals,53240,167.69,142.296,1.17846,90,3.5,73,-0.99,-1.39,-0.11,-12.83,-7.25,\N,12,\N,2019-07-06 07:25:50
ALE,Public Utilities,Power Generation,4350,86.07,80.584,1.06807,70,2.92,68,0.99,0.61,0.59,1.19,1.37,0.487179,87,\N,2019-07-06 07:26:05
ADS,Miscellaneous,Business Services,7040,148.25,160.192,0.925452,29,1,46,2.95,3.93,5.39,5.25,2.8,-0.0579151,63,\N,2019-07-06 07:26:19
AB,Finance,Investment Managers,2740,30.21,29.151,1.03634,60,10.97,93,0.6,0.59,0.68,0.63,0.49,-0.578947,46,\N,2019-07-06 07:26:33
NFJ,Finance,Finance: Consumer Services,1140,12.52,12.004,1.04303,63,\N,8,\N,\N,\N,\N,\N,\N,12,,\N
ALSN,Capital Goods,Auto Parts:O.E.M.,5490,46,46.31,0.993316,45,2.03,60,1.08,1.29,1.27,1.14,1.32,1,99,\N,2019-07-06 07:26:51
ALL,Finance,Property-Casualty Insurers,33850,104.49,94.16,1.10971,80,0.85,43,2.63,1.8,2.37,-0.91,3.74,0.23871,79,\N,2019-07-06 07:27:06
ALLY,Finance,Major Banks,11850,31.51,27.818,1.13274,84,2.11,61,0.57,0.81,0.88,0.7,0.92,1,99,\N,2019-07-06 07:27:20
AYX,Technology,Computer Software: Prepackaged Software,6510,115.98,82.183,1.41124,98,25.97,97,-0.09,-0.09,0,0.25,0.09,0.529412,88,\N,2019-07-06 07:27:33
ATUS,Consumer Services,Television Services,15860,24.64,21.961,1.12197,82,2.2,62,-0.17,-0.13,0.04,0.29,-0.04,0.282609,81,\N,2019-07-06 07:27:47
MO,Consumer Non-Durables,Farming/Seeds/Milling,91260,48.78,51.59,0.945526,33,4.66,81,1,0.99,1.03,0.66,0.6,-0.930233,40,\N,2019-07-06 07:28:01
ACH,Basic Industries,Aluminum,5860,8.45,9.342,0.904556,26,\N,8,\N,\N,\N,\N,\N,\N,12,could not convert string to float: N/A,\N
AMBR,Technology,Computer Software: Prepackaged Software,370.27,13.05,10.089,1.29354,96,\N,8,\N,\N,\N,\N,\N,\N,12,list index out of range,\N
ABEV,Consumer Non-Durables,Beverages (Production/Distribution),74700,4.97,4.529,1.09731,77,\N,8,\N,\N,\N,\N,\N,\N,12,could not convert string to float: N/A,\N
AMC,Consumer Services,Movies/Entertainment,984.43,9.4,13.599,0.691235,9,0.19,26,0.14,0.17,-0.82,0,-1.25,-0.978873,40,\N,2019-07-06 07:28:31
AMCR,Consumer Durables,Miscellaneous manufacturing industries,18610,11.61,10.695,1.0856,75,\N,8,\N,\N,\N,\N,\N,\N,12,,\N
AEE,Public Utilities,Power Generation,18810,76.45,71.722,1.06592,69,3.14,70,0.62,0.97,1.45,0.28,0.78,0.136752,75,\N,2019-07-06 07:28:59
AMRC,Basic Industries,Engineering & Construction,691.23,14.67,15.442,0.950026,34,0.92,44,0.15,0.19,0.23,0.24,0.09,-0.4,51,\N,2019-07-06 07:29:12
AMOV,Public Utilities,Telecommunications Equipment,50140,14.88,14.855,1.00169,48,\N,8,\N,\N,\N,\N,\N,\N,12,could not convert string to float: N/A,\N
AMX,Public Utilities,Telecommunications Equipment,49910,14.95,14.916,1.00229,48,\N,8,\N,\N,\N,\N,\N,\N,12,could not convert string to float: N/A,\N
AAT,Consumer Services,Real Estate Investment Trusts,2740,47.62,44.623,1.06716,70,8.39,90,-0.01,0.07,0.22,0.14,0.24,1,99,\N,2019-07-06 07:29:27
AXL,Capital Goods,Auto Parts:O.E.M.,1330,11.74,13.614,0.86234,21,0.18,25,0.78,1.3,0.55,-3.24,0.36,-0.092511,61,\N,2019-07-06 07:29:42
ACC,Consumer Services,Real Estate Investment Trusts,6330,47.6,45.907,1.03688,61,7.16,88,0.18,0.33,-0.02,0.34,0.21,0.0833333,72,\N,2019-07-06 07:29:56
AEO,Consumer Services,Clothing/Shoe/Accessory Stores,2960,17.14,20.262,0.845938,20,0.71,39,0.22,0.34,0.48,0.43,0.23,0.0384615,69,\N,2019-07-06 07:30:09
AEP,Public Utilities,Electric Utilities: Central,44590,89.84,82.926,1.08338,74,2.74,66,0.92,1.07,1.17,0.73,1.16,0.545455,89,\N,2019-07-06 07:30:22
AEL,Finance,Life Insurance,2430,27.41,29.334,0.934404,31,1.01,46,1.55,1.03,1.85,0.59,-0.33,-0.862385,41,\N,2019-07-06 07:30:51
AXP,Finance,Finance: Consumer Services,102850,125.4,111.416,1.12551,83,2.77,67,1.86,1.84,1.88,2.32,1.8,-0.115385,60,\N,2019-07-06 07:31:05
AFG,Finance,Property-Casualty Insurers,9190,105.75,98.198,1.07691,72,1.27,50,1.6,2.31,2.26,-0.33,3.63,0.512626,88,\N,2019-07-06 07:31:19
AMH,Consumer Services,Real Estate Investment Trusts,7280,25.12,22.945,1.09478,76,6.88,88,0.02,-0.05,0.05,0.06,0.05,0.272727,81,\N,2019-07-06 07:31:32
AIG,Finance,Property-Casualty Insurers,45860,54.61,46.426,1.17627,90,0.97,45,1.01,1.02,-1.41,-0.69,0.75,-0.106996,60,\N,2019-07-06 07:31:46
AMID,Public Utilities,Natural Gas Distribution,279.34,5.22,4.674,1.11688,81,0.36,31,-0.42,-0.48,0.39,-0.41,-0.38,0.045977,70,\N,2019-07-06 07:32:00
ARL,Finance,Real Estate,213.88,16.14,12.734,1.26751,95,2.53,64,-0.06,0.35,1.26,9.25,-0.38,-0.0332295,64,\N,2019-07-06 07:32:15
ARA,Health Care,Hospital/Nursing Management,226.97,7.28,9.054,0.804027,16,0.29,29,0.24,0.05,-0.01,-0.59,0.06,-0.216867,56,\N,2019-07-06 07:32:29
AWR,Public Utilities,Water Supply,2730,75.82,70.374,1.07739,72,6.27,86,0.29,0.44,0.62,0.37,0.35,0.181818,77,\N,2019-07-06 07:32:44
AMT,Consumer Services,Real Estate Investment Trusts,93180,209.04,188.288,1.11021,80,12.3,94,0.63,0.69,0.83,0.62,0.89,0.962963,97,\N,2019-07-06 07:32:58
AVD,Basic Industries,Agricultural Chemicals,439.23,15.51,16.371,0.947407,34,1.01,46,0.16,0.19,0.22,0.25,0.13,-0.25,54,\N,2019-07-06 07:33:12
AWK,Public Utilities,Water Supply,20860,117.96,104.401,1.12987,83,6.01,85,0.59,0.9,1.04,0.62,0.62,0.0666667,71,\N,2019-07-06 07:33:26
COLD,Consumer Services,Real Estate Investment Trusts,6380,34.48,30.25,1.13984,85,4.08,77,-0.08,0.2,0.17,0.02,-0.03,0.178571,77,\N,2019-07-06 07:33:40
APU,Consumer Services,Other Specialty Stores,3280,34.84,32.078,1.08609,75,1.18,49,1.44,-0.91,0.35,0.35,1.59,0.06,71,\N,2019-07-06 07:33:54
AMP,Finance,Investment Managers,19240,150.12,134.188,1.11873,82,1.56,55,3.91,3.1,3.43,3.76,2.82,-1,38,\N,2019-07-06 07:34:07
ABC,Health Care,Other Pharmaceuticals,17710,87.97,79.785,1.10259,78,0.11,24,1.29,1.25,1.09,1.84,0.13,-0.678363,44,\N,2019-07-06 07:34:22
ANFI,Consumer Non-Durables,Packaged Foods,30.3,0.72,1.093,0.658889,8,0.09,23,0.54,0.28,0.3,0.26,-2.85,-1,38,\N,2019-07-06 07:34:35
AMN,Technology,Professional Services,2470,54.44,53.163,1.02402,56,1.19,49,0.87,0.73,0.58,0.74,0.71,-0.551724,47,\N,2019-07-06 07:34:49
AMRX,Health Care,Major Pharmaceuticals,1970,6.66,11.599,0.574198,6,\N,8,\N,\N,\N,\N,\N,\N,12,,\N
AP,Capital Goods,Fluid Controls,49.73,3.85,3.759,1.02431,57,0.11,24,0.08,-0.24,-0.56,-4.84,-1.21,\N,12,\N,2019-07-06 07:35:18
APH,Capital Goods,Electrical Products,28320,98.32,92.789,1.05961,68,3.54,73,0.84,0.91,1.01,1.09,0.87,0.12,74,\N,2019-07-06 07:35:31
AXR,Consumer Services,Newspapers/Magazines,47.39,6.65,5.832,1.14031,85,1.35,51,-0.35,0.17,0.01,0.01,0,0.673077,92,\N,2019-07-06 07:35:45
AME,Consumer Durables,Metal Fabrications,19950,91.09,80.93,1.12554,83,4.18,78,0.78,0.83,0.82,0.91,0.89,0.846154,95,\N,2019-07-06 07:35:59
APC,Energy,Oil & Gas Production,35180,71.04,56.523,1.25683,95,2.74,66,0.22,0.05,0.72,0.21,-0.03,-0.333333,52,\N,2019-07-06 07:36:14
PLAN,Technology,Computer Software: Prepackaged Software,6400,52.97,37.763,1.4027,98,\N,7,\N,\N,\N,\N,\N,\N,12,,\N
ANDX,Energy,Natural Gas Distribution,8860,36.86,35.238,1.04603,64,3.64,74,0.59,0.63,0.68,0.66,0.6,0.111111,73,\N,2019-07-06 07:37:04
AU,Basic Industries,Precious Metals,7160,17.74,13.535,1.3107,97,1.85,58,-0.14,0,-0.35,-0.18,0.16,0.588235,90,\N,2019-07-06 07:37:18
BUD,Consumer Non-Durables,Beverages (Production/Distribution),172950,92.71,81.343,1.13974,85,3.15,70,0.52,0.65,0.48,0.23,1.83,0.81875,95,\N,2019-07-06 07:37:32
AXE,Consumer Non-Durables,Telecommunications Equipment,1940,59.58,58.576,1.01714,54,0.23,27,0.94,1.02,1.4,1.22,1.14,0.434783,86,\N,2019-07-06 07:37:47
NLY,Consumer Services,Real Estate Investment Trusts,13500,9.18,9.838,0.933093,31,-11.8,21,1.12,0.49,0.29,-1.74,-0.63,-0.611888,46,\N,2019-07-06 07:38:00
AM,Public Utilities,Natural Gas Distribution,5580,11.92,12.848,0.927775,30,30.39,98,0.07,0.07,0.09,1.09,0.04,-0.0285714,64,\N,2019-07-06 07:38:14
AR,Energy,Oil & Gas Production,1670,5.54,8.249,0.671565,9,0.39,32,0.05,-0.43,-0.49,-0.39,3.17,0.852459,95,\N,2019-07-06 07:38:27
ANTM,Health Care,Medical Specialities,73350,284.06,280.642,1.01218,51,0.78,41,4.99,3.98,3.62,1.61,5.91,0.213953,78,\N,2019-07-06 07:38:41
ANH,Consumer Services,Real Estate Investment Trusts,370.91,3.71,4.147,0.894585,25,-35.19,21,-0.05,0.13,0.15,-0.39,-0.23,-0.333333,52,\N,2019-07-06 07:38:55
AON,Finance,Specialty Insurers,46480,197.58,171.957,1.14901,87,4.33,79,2.37,0.19,0.6,1.41,2.7,0.131474,74,\N,2019-07-06 07:39:09
APA,Energy,Oil & Gas Production,10610,27.18,31.582,0.860613,21,1.43,53,0.38,0.51,0.21,-1,-0.12,-0.331126,52,\N,2019-07-06 07:39:23
AIV,Consumer Services,Real Estate Investment Trusts,7530,51.09,49.238,1.03761,61,7.89,89,0.54,0.02,3.72,0.03,1.88,0.362162,84,\N,2019-07-06 07:39:36
APY,Technology,Industrial Machinery/Components,2430,31.97,36.29,0.880961,23,\N,7,\N,\N,\N,\N,\N,\N,12,,\N
APHA,Consumer Durables,Specialty Chemicals,1730,6.85,8.07,0.848791,20,\N,7,\N,\N,\N,\N,\N,\N,12,could not convert string to float: N/A,\N
ARI,Consumer Services,Real Estate Investment Trusts,2540,18.44,18.281,1.00869,50,8.66,90,0.38,0.39,0.4,0.34,0.43,0.555556,89,\N,2019-07-06 07:40:03
APO,Finance,Investment Managers,13440,35.78,30.171,1.18591,90,9.36,91,-0.34,0.25,0.77,-1,0.67,0.570621,90,\N,2019-07-06 07:40:16
APLE,Consumer Services,Real Estate Investment Trusts,3510,15.81,16.061,0.984349,42,2.76,67,0.18,0.29,0.27,0.15,0.17,-0.0714286,62,\N,2019-07-06 07:40:38
AIT,Consumer Durables,Industrial Specialties,2270,61.22,58.184,1.05217,66,0.68,39,0.93,1.03,1.24,0.99,0.42,-0.621951,45,\N,2019-07-06 07:41:07
ATR,Consumer Non-Durables,Plastic Products,7650,124.61,107.321,1.1611,88,2.75,66,0.92,0.86,0.6,0.62,0.96,0.111111,73,\N,2019-07-06 07:41:28
APTV,Capital Goods,Auto Parts:O.E.M.,20140,79.19,77.688,1.01934,54,1.42,53,1.15,1.1,0.84,0.94,0.92,-0.741935,43,\N,2019-07-06 07:41:43
WTR,Public Utilities,Water Supply,8930,41.61,37.162,1.11969,82,10.54,92,0.29,0.37,0.44,-0.02,0.09,-0.434783,50,\N,2019-07-06 07:41:58
AQ,Technology,Semiconductors,464.56,13.15,10.195,1.28981,96,4.31,79,-0.04,-0.02,-0.06,-0.16,-0.37,\N,12,\N,2019-07-06 07:42:11
WAAS,Public Utilities,Water Supply,544.41,19.04,19.828,0.960269,37,3.21,70,-0.24,-0.19,-0.1,-0.25,-0.21,\N,12,\N,2019-07-06 07:42:24
ARMK,Consumer Services,Restaurants,8460,36.31,31.783,1.14244,86,0.55,36,0.11,0.29,0.68,0.99,0.12,0.0113636,68,\N,2019-07-06 07:42:38
ABR,Consumer Services,Real Estate Investment Trusts,1140,12.33,12.509,0.985678,43,2.93,68,0.42,0.25,0.36,0.47,0.26,-0.727273,43,\N,2019-07-06 07:42:52
ARC,Consumer Services,Professional Services,94.85,2.06,2.295,0.897439,25,0.24,27,0.01,0.09,0.06,0.04,0.01,4.44089e-16,67,\N,2019-07-06 07:43:20
MT,Basic Industries,Steel/Iron Ore,17370,17.29,20.396,0.847717,20,0.24,27,1.17,1.83,0.88,1.17,0.41,-0.535211,47,\N,2019-07-06 07:43:34
ARCH,Energy,Coal Mining,1490,90.99,89.756,1.01375,52,0.64,38,2.74,2.06,6.1,4.44,3.91,0.289604,82,\N,2019-07-06 07:43:47
ADM,Consumer Non-Durables,Packaged Foods,22640,41.94,42.034,0.997773,46,0.37,31,0.7,1,0.94,0.55,0.41,-0.491525,48,\N,2019-07-06 07:44:02
AROC,Public Utilities,Natural Gas Distribution,1270,10.42,9.675,1.07703,72,1.46,53,-0.06,0.02,0.08,0.1,0.15,1,99,\N,2019-07-06 07:44:17
ARNC,Capital Goods,Metal Fabrications,10760,26.1,20.467,1.27522,95,0.82,42,0.29,0.24,0.32,0.44,0.39,0.5,88,\N,2019-07-06 07:44:30
ARCO,Consumer Services,Restaurants,1440,7.51,7.552,0.99439,45,0.5,35,0,0.01,0.12,0.04,0.06,0.5,88,\N,2019-07-06 07:44:44
ACA,Capital Goods,Industrial Machinery/Components,1740,37.29,32.434,1.14971,87,\N,7,\N,\N,\N,\N,\N,\N,12,,\N
RCUS,Health Care,Major Pharmaceuticals,421.75,8.7,10.36,0.839762,19,43.77,98,-1.37,-0.32,-0.25,-0.28,-0.41,\N,12,\N,2019-07-06 07:45:12
ARD,Consumer Durables,Containers/Packaging,3920,17.78,13.547,1.31246,97,0.46,34,-0.06,0.25,0.03,-0.61,0.06,0.139535,75,\N,2019-07-06 07:45:26
ASC,Transportation,Marine Transportation,222.42,8.6,6.271,1.37131,98,1.29,50,-0.16,-0.26,-0.37,-0.51,-0.28,\N,12,\N,2019-07-06 07:45:40
ACRE,Consumer Services,Real Estate Investment Trusts,429.57,14.94,14.798,1.00961,50,7.6,89,0.33,0.33,0.35,0.35,0.3,-0.6,46,\N,2019-07-06 07:45:54
ARES,Finance,Investment Managers,2670,27.12,23.617,1.14832,86,5.05,82,0.28,-0.2,0.09,0.05,0.36,0.142857,75,\N,2019-07-06 07:46:08
AGX,Basic Industries,Engineering & Construction,604.85,41.2,45.618,0.903152,26,1.65,56,0.31,1.08,2.07,-0.14,-1.91,-0.557789,47,\N,2019-07-06 07:46:23
ARGO,Finance,Specialty Insurers,2570,74.55,70.742,1.05383,66,1.36,52,0.71,1.2,1.17,-1.29,2.63,0.489796,87,\N,2019-07-06 07:46:38
ANET,Technology,Computer Communications Equipment,18880,270.74,264.297,1.02438,57,9.12,91,1.79,-2.08,2.08,2.1,2.47,0.149451,75,\N,2019-07-06 07:46:51
AI,Consumer Services,Real Estate Investment Trusts,237.72,6.44,7.758,0.830077,18,-10.76,21,-2,-0.13,-0.19,-0.87,0.52,\N,12,\N,2019-07-06 07:47:05
ARLO,Consumer Non-Durables,Consumer Electronics/Appliances,299.93,4.34,4.841,0.896539,25,\N,7,\N,\N,\N,\N,\N,\N,12,,\N
AHH,Finance,Real Estate,1160,16.9,15.679,1.0779,73,6.14,86,0.11,0.09,0.09,0.07,0.1,-0.25,54,\N,2019-07-06 07:47:34
ARR,Consumer Services,Real Estate Investment Trusts,1100,18.85,19.622,0.960672,37,-4.94,21,0.96,0.22,1.02,-5.14,-2.21,-0.51461,48,\N,2019-07-06 07:47:48
AFI,Consumer Non-Durables,Plastic Products,256.56,10.22,12.889,0.792933,15,0.37,31,-0.4,0.4,0.3,-6.57,-0.63,-0.0329986,64,\N,2019-07-06 07:48:03
AWI,Consumer Non-Durables,Plastic Products,4740,99.83,79.818,1.25071,94,4.85,82,0.51,0.89,1.46,0.7,0.78,0.284211,81,\N,2019-07-06 07:48:18
ARW,Technology,Electronic Components,5920,71.23,74.907,0.950907,35,0.2,26,1.56,1.92,1.99,2.63,1.63,0.0654206,71,\N,2019-07-06 07:48:33
AJG,Finance,Specialty Insurers,15970,90.59,80.427,1.12637,83,2.47,64,1.48,0.62,0.68,0.63,1.77,0.252174,80,\N,2019-07-06 07:48:48
APAM,Finance,Investment Managers,2030,27.82,25.535,1.08947,75,2.66,66,0.75,0.72,0.77,0.57,0.47,-0.933333,40,\N,2019-07-06 07:49:03
ABG,Consumer Durables,Automotive Aftermarket,1570,83.91,74.041,1.1333,84,0.23,27,1.93,2.11,2.18,2.06,2.11,0.72,93,\N,2019-07-06 07:49:32
ASX,Technology,Semiconductors,8140,4.19,4.05,1.03465,60,\N,7,\N,\N,\N,\N,\N,\N,11,could not convert string to float: N/A,\N
ASGN,Technology,Professional Services,2980,58.9,61.057,0.964676,38,0.85,43,0.55,0.63,0.93,0.86,0.66,0.289474,82,\N,2019-07-06 07:49:47
AHT,Consumer Services,Real Estate Investment Trusts,294.17,2.77,4.729,0.585803,6,0.2,26,-0.39,-0.3,-0.4,-0.66,-0.49,\N,11,\N,2019-07-06 07:50:01
ASH,Consumer Durables,Specialty Chemicals,4910,79.17,77.067,1.02729,57,1.33,51,1.15,0.56,0.15,-0.76,1.19,0.0205128,68,\N,2019-07-06 07:50:16
ASPN,Consumer Services,RETAIL: Building Materials,152.27,6.94,3.825,1.81451,100,1.52,54,-0.29,-0.29,-0.27,-0.59,-0.25,\N,11,\N,2019-07-06 07:50:30
ASB,Finance,Major Banks,3360,21.44,21.793,0.983824,42,2.8,67,0.4,0.5,0.48,0.51,0.5,0.909091,96,\N,2019-07-06 07:50:43
AC,Finance,Investment Bankers/Brokers/Service,794.8,39.27,39.647,0.990489,44,39.3,98,-0.95,0.51,-0.32,-1.77,1.02,0.706093,92,\N,2019-07-06 07:50:57
AIZ,Finance,Accident &Health Insurance,6520,110.12,97.975,1.12396,82,0.76,40,1.96,1.09,0.76,0.32,2.52,0.254545,80,\N,2019-07-06 07:51:11
AIZP,Finance,Accident &Health Insurance,320.94,114.33,105.638,1.08228,74,\N,7,\N,\N,\N,\N,\N,\N,11,could not convert string to float: ,\N
AGO,Finance,Property-Casualty Insurers,4300,44.36,42.818,1.036,60,4.57,80,1.68,0.67,1.47,0.83,0.52,-1,38,\N,2019-07-06 07:51:38
AZN,Health Care,Major Pharmaceuticals,108620,40.94,39.335,1.04079,62,4.71,81,0.14,0.14,0.17,0.41,0.23,0.333333,83,\N,2019-07-06 07:51:52
HOME,Consumer Services,Home Furnishings,423.31,7.13,19.476,0.3661,3,0.38,31,0.28,-0.16,0.17,0.45,0.21,-0.114754,60,\N,2019-07-06 07:52:06
T,Public Utilities,Telecommunications Equipment,237550,34.3,31.139,1.10152,78,1.4,52,0.75,0.81,0.65,0.66,0.56,-0.76,43,\N,2019-07-06 07:52:20
ATTO,Public Utilities,Telecommunications Equipment,177.2,2.44,3.498,0.697508,10,0.1,24,-0.02,0.04,0.04,0.19,-0.62,-0.740741,43,\N,2019-07-06 07:52:35
ATH,Finance,Life Insurance,8090,44.24,42.959,1.02981,58,0.81,42,1.36,1.33,3.23,-0.53,3.64,0.546763,89,\N,2019-07-06 07:52:49
ATKR,Miscellaneous,Industrial Machinery/Components,1180,25.83,23.392,1.10423,79,0.62,38,0.79,0.7,0.66,0.54,0.61,-0.72,44,\N,2019-07-06 07:53:02
AT,Energy,Electric Utilities: Central,255.59,2.44,2.457,0.993041,45,0.99,45,0.12,-0.01,-0.03,0.18,0.07,-0.238095,55,\N,2019-07-06 07:53:16
ATO,Public Utilities,Oil/Gas Transmission,12630,107.11,99.982,1.0713,71,4.18,78,1.6,0.64,0.35,1.38,1.82,0.14966,75,\N,2019-07-06 07:53:29
AUO,Technology,Semiconductors,2710,2.97,3.505,0.847444,20,\N,7,\N,\N,\N,\N,\N,\N,11,could not convert string to float: N/A,\N
ACB,Consumer Durables,Specialty Chemicals,7560,7.54,7.848,0.960771,37,\N,7,\N,\N,\N,\N,\N,\N,11,could not convert string to float: N/A,\N
ATHM,Technology,EDP Services,9660,85.56,90.717,0.943148,33,\N,7,\N,\N,\N,\N,\N,\N,11,could not convert string to float: N/A,\N
ALV,Capital Goods,Auto Parts:O.E.M.,5890,67.75,74.934,0.904128,26,0.69,39,1.45,0.43,1.34,-1.04,1.27,-0.0722892,62,\N,2019-07-06 07:53:47
AN,Consumer Durables,Automotive Aftermarket,3610,42.01,38.106,1.10244,78,0.18,25,1.01,1.07,1.23,1.02,1.01,0,66,\N,2019-07-06 07:54:01
AZO,Consumer Services,Other Specialty Stores,26930,1130.31,977.487,1.15634,88,2.42,63,13.42,15.02,13.47,11.49,15.99,0.571111,90,\N,2019-07-06 07:54:14
AVLR,Technology,Computer Software: Prepackaged Software,4800,79.56,55.753,1.427,98,18.82,96,-0.27,-0.62,-0.36,-0.28,-0.14,\N,11,\N,2019-07-06 07:54:44
AVB,Consumer Services,Real Estate Investment Trusts,28500,207.87,196.699,1.05679,67,12.64,94,1.03,1.84,1.39,2.79,1.23,0.113636,73,\N,2019-07-06 07:54:57
AGR,Public Utilities,Electric Utilities: Central,15810,51.09,50.088,1.02001,55,2.44,64,0.79,0.34,0.4,0.38,0.7,-0.2,56,\N,2019-07-06 07:55:11
AVNS,Health Care,Industrial Specialties,2050,44,43.747,1.00578,49,3.12,70,0.43,0.73,0.09,-0.05,-0.43,-0.741379,43,\N,2019-07-06 07:55:24
AVTR,Capital Goods,Biotechnology: Laboratory Analytical Instruments,9990,19.18,0,0,0,\N,7,\N,\N,\N,\N,\N,\N,11,,\N
AVYA,Public Utilities,Telecommunications Equipment,1260,11.54,15.333,0.752645,12,\N,7,\N,\N,\N,\N,\N,\N,11,,\N
AVY,Consumer Durables,Containers/Packaging,9450,120.48,106.419,1.13213,84,1.43,53,1.4,1.07,1.69,1.11,-1.74,-0.915452,40,\N,2019-07-06 07:56:06
AVH,Transportation,Air Freight/Delivery Services,464.85,4.03,4.143,0.97282,39,0.1,24,-0.02,-0.32,0.16,0.11,-0.6,-0.763158,43,\N,2019-07-06 07:56:20
AVA,Public Utilities,Power Generation,2950,44.58,41.956,1.06253,68,2.1,61,0.83,0.39,0.15,0.7,1.76,0.57764,90,\N,2019-07-06 07:56:33
AVP,Consumer Non-Durables,Package Goods/Cosmetics,1730,4.04,2.929,1.37942,98,0.34,30,-0.06,-0.09,0.21,-0.19,-0.09,-0.075,62,\N,2019-07-06 07:56:47
AVX,Capital Goods,Electrical Products,2730,16.35,16.911,0.966849,38,1.53,54,0.19,0.33,0.43,0.44,0.41,0.88,96,\N,2019-07-06 07:57:01
EQH,Finance,Specialty Insurers,9770,21.83,20.256,1.07772,73,\N,7,\N,\N,\N,\N,\N,\N,11,,\N
AXTA,Basic Industries,Paints/Coatings,7190,30.29,26.191,1.15651,88,1.52,54,0.28,0.31,-0.05,0.32,0.18,-0.27027,54,\N,2019-07-06 07:57:30
AXS,Finance,Property-Casualty Insurers,5020,61,56.794,1.07405,71,1,46,0.75,1.11,0.52,-2.37,1.16,0.116147,73,\N,2019-07-06 07:57:45
AX,Finance,Savings Institutions,1580,26.99,29.493,0.915143,28,3.73,75,0.8,0.58,0.58,0.62,0.63,-0.772727,43,\N,2019-07-06 07:57:59
AZUL,Transportation,Air Freight/Delivery Services,3730,38.05,29.538,1.28819,96,\N,7,\N,\N,\N,\N,\N,\N,11,could not convert string to float: N/A,\N
AZRE,Public Utilities,Electric Utilities: Central,439.74,10.59,10.858,0.975277,40,\N,7,\N,\N,\N,\N,\N,\N,11,could not convert string to float: N/A,\N
AZZ,Consumer Durables,Building Products,1130,46.1,44.453,1.03704,61,1.31,51,0.9,0.6,0.43,0.59,0.34,-1,38,\N,2019-07-06 07:58:14
BGS,Consumer Non-Durables,Packaged Foods,1420,21.42,24.605,0.87057,22,0.83,42,0.31,0.12,0.48,1.7,0.26,-0.0316456,64,\N,2019-07-06 07:58:28
BRPM,Finance,Business Services,179.7,9.75,0,0,0,\N,7,\N,\N,\N,\N,\N,\N,11,could not convert string to float: N/A,\N
BW,Capital Goods,Building Products,60.81,0.349,0.461,0.757075,13,0.06,23,-2.73,-2.12,-0.63,-1.35,-0.29,\N,11,\N,2019-07-06 07:58:44
BMI,Capital Goods,Industrial Machinery/Components,1700,59.34,55.443,1.07028,71,3.98,76,0.26,0.21,0.1,0.39,0.37,0.37931,84,\N,2019-07-06 07:58:57
BHGE,Energy,Metal Fabrications,25530,24.55,24.615,0.997339,46,1.1,48,0.17,-0.05,0.03,0.28,0.06,-0.333333,52,\N,2019-07-06 07:59:11
BLL,Consumer Durables,Containers/Packaging,22780,71.77,57.91,1.23934,94,2.06,60,0.35,0.34,0.17,0.44,0.34,-0.037037,64,\N,2019-07-06 07:59:25
BANC,Finance,Major Banks,685.39,14.26,14.473,0.985305,42,2.52,64,0.06,0.18,0.07,0.13,0.05,-0.0769231,62,\N,2019-07-06 07:59:40
BBVA,Finance,Commercial Banks,36660,5.68,5.83,0.974322,40,\N,7,\N,\N,\N,\N,\N,\N,11,could not convert string to float: N/A,\N
BBD,Finance,Major Banks,77990,10.24,9.319,1.09884,77,\N,7,\N,\N,\N,\N,\N,\N,11,could not convert string to float: N/A,\N
BBDO,Finance,Major Banks,68640,9.14,9.033,1.01183,51,\N,7,\N,\N,\N,\N,\N,\N,11,could not convert string to float: N/A,\N
BCH,Finance,Commercial Banks,14960,29.45,29.86,0.986264,43,\N,7,\N,\N,\N,\N,\N,\N,11,could not convert string to float: N/A,\N
BLX,Finance,Commercial Banks,805,20.87,19.847,1.05155,65,11.4,93,0.37,0.42,-1.03,0.52,0.54,0.10828,73,\N,2019-07-06 08:00:14
BSBR,Finance,Commercial Banks,87320,12.46,11.889,1.04804,64,\N,7,\N,\N,\N,\N,\N,\N,11,could not convert string to float: N/A,\N
BSAC,Finance,Commercial Banks,13910,30.11,30.086,1.0008,47,\N,7,\N,\N,\N,\N,\N,\N,11,could not convert string to float: N/A,\N
BSMX,Finance,Commercial Banks,10220,7.88,7.276,1.08301,74,\N,7,\N,\N,\N,\N,\N,\N,11,could not convert string to float: N/A,\N
SAN,Finance,Commercial Banks,72740,4.69,4.713,0.995028,45,\N,7,\N,\N,\N,\N,\N,\N,11,could not convert string to float: N/A,\N
CIB,Finance,Commercial Banks,2410,51.01,48.124,1.05997,68,\N,7,\N,\N,\N,\N,\N,\N,11,could not convert string to float: N/A,\N
BAC,Finance,Major Banks,263950,29.26,28.482,1.02733,57,3.16,70,0.62,0.63,0.66,0.7,0.7,1,98,\N,2019-07-06 08:00:33
BOH,Finance,Major Banks,3260,83.09,79.247,1.04849,65,5.28,83,1.28,1.3,1.36,1.3,1.43,1,98,\N,2019-07-06 08:00:48
BMO,Finance,Commercial Banks,47990,77.18,75.05,1.02838,58,\N,7,\N,\N,\N,\N,\N,\N,11,could not convert string to float: N/A,\N
NTB,Finance,Commercial Banks,1940,34.26,36.25,0.945101,33,3.56,73,0.79,0.89,0.9,0.92,0.96,1,98,\N,2019-07-06 08:01:02
BK,Finance,Major Banks,41580,44.53,49.031,0.908208,26,2.65,65,1.1,1.03,1.06,0.84,0.94,-0.615385,46,\N,2019-07-06 08:01:17
BNS,Finance,Major Banks,66180,54.27,54.007,1.00488,49,\N,7,\N,\N,\N,\N,\N,\N,11,could not convert string to float: N/A,\N
BKU,Finance,Savings Institutions,3250,33.67,34.338,0.980544,41,2.99,69,0.77,0.82,0.9,0.5,0.65,-0.3,53,\N,2019-07-06 08:01:31
BCS,Finance,Commercial Banks,32070,7.84,8.166,0.960057,36,\N,7,\N,\N,\N,\N,\N,\N,11,could not convert string to float: N/A,\N
MPV,Consumer Services,Miscellaneous,172.64,16.01,15.612,1.02549,57,\N,7,\N,\N,\N,\N,\N,\N,11,,\N
BNED,Consumer Services,Other Specialty Stores,143.06,3.39,4.562,0.743147,12,0.08,23,0.36,-0.82,1.25,0.02,-0.97,-0.599099,46,\N,2019-07-06 08:01:48
BKS,Consumer Services,Other Specialty Stores,491.22,6.61,5.814,1.13701,85,0.14,24,-0.29,-0.23,-0.38,0.91,-0.26,0.0232558,68,\N,2019-07-06 08:02:02
B,Capital Goods,Metal Fabrications,2760,55.98,55.62,1.00647,49,1.91,59,0.72,0.93,0.75,0.75,0.65,-0.25,54,\N,2019-07-06 08:02:16
GOLD,Basic Industries,Precious Metals,28040,15.8,13.183,1.19849,91,3.6,73,0.14,-0.08,-0.35,-1.02,0.06,-0.0689655,62,\N,2019-07-06 08:02:31
BAS,Energy,Oilfield Services/Equipment,54.72,1.91,3.668,0.520772,5,0.05,22,-1.16,-1.51,-1.03,-1.76,-1.02,\N,11,\N,2019-07-06 08:02:45
BHC,Health Care,Major Pharmaceuticals,8520,25.28,23.738,1.06497,69,1.06,47,-7.68,-2.49,-1,-0.98,-0.15,\N,11,\N,2019-07-06 08:03:01
BAX,Health Care,Medical/Dental Instruments,41700,82.01,75.233,1.09008,76,3.76,75,0.71,0.63,1,0.65,0.66,-0.135135,59,\N,2019-07-06 08:03:31
BTE,Energy,Oil & Gas Production,857.08,1.47,1.772,0.8294,18,\N,7,\N,\N,\N,\N,\N,\N,11,could not convert string to float: N/A,\N
BBT,Finance,Major Banks,37020,49.94,48.765,1.02409,56,3.45,72,0.94,0.99,1.01,0.97,0.97,0.428571,86,\N,2019-07-06 08:03:47
BBAR,Finance,Commercial Banks,2290,12.04,10.618,1.13391,84,\N,7,\N,\N,\N,\N,\N,\N,11,could not convert string to float: N/A,\N
BBX,Finance,Real Estate,453.63,4.57,5.581,0.818828,17,0.51,35,0.11,0.07,0.06,0.12,0.02,-0.9,41,\N,2019-07-06 08:04:02
BCE,Public Utilities,Telecommunications Equipment,40960,46.22,44.105,1.04796,64,\N,7,\N,\N,\N,\N,\N,\N,11,could not convert string to float: N/A,\N
BZH,Capital Goods,Homebuilding,296.4,9.96,11.34,0.878271,23,0.15,25,0.35,0.41,1.84,0.23,-3.28,-0.708984,44,\N,2019-07-06 08:04:18
BDX,Health Care,Medical/Dental Instruments,66950,254.2,240.234,1.05814,67,4,77,-0.19,2.03,-0.64,2.05,-0.07,0.0446097,70,\N,2019-07-06 08:04:32
BDC,Basic Industries,Telecommunications Equipment,2350,56.37,55.781,1.01055,51,0.87,43,-0.15,0.49,1.8,0.87,0.42,0.292308,82,\N,2019-07-06 08:04:45
BHE,Technology,Electrical Products,931.4,25.08,25.541,0.981954,41,0.38,31,-0.49,0.23,0.17,0.64,0.34,0.734513,93,\N,2019-07-06 08:04:59
BHLB,Finance,Banks,1520,31.47,29.4,1.0704,71,3.59,73,0.55,0.74,0.7,0.31,0.51,-0.0930233,61,\N,2019-07-06 08:05:13
BERY,Consumer Non-Durables,Plastic Products,6760,54.36,52.017,1.04505,63,0.89,43,0.66,0.81,0.99,0.66,0.55,-0.25,54,\N,2019-07-06 08:05:26
BBY,Consumer Services,Consumer Electronics/Video Chains,17730,71.89,65.967,1.08979,76,0.45,33,0.72,0.86,0.99,2.69,0.98,0.13198,74,\N,2019-07-06 08:05:39
BEST,Transportation,Trucking Freight/Courier Services,2070,5.4,5.179,1.04265,63,\N,7,\N,\N,\N,\N,\N,\N,11,could not convert string to float: N/A,\N
BHP,Basic Industries,Precious Metals,144330,56.61,52.716,1.07386,71,\N,7,\N,\N,\N,\N,\N,\N,11,list index out of range,\N
BBL,Energy,Coal Mining,2810,49.37,46.352,1.06512,69,2.82,67,0.29,0.36,0.06,0.28,0.39,0.30303,82,\N,2019-07-06 08:06:08
BIG,Consumer Services,Department/Specialty Retail Stores,1080,27.06,32.743,0.826448,17,0.2,26,0.74,0.59,-0.16,2.68,0.39,-0.123239,60,\N,2019-07-06 08:06:21
BH,Consumer Services,Restaurants,236.29,102.5,124.385,0.824056,17,0.4,32,-5.15,-21.73,-39.5,18.65,28.36,0.493811,87,\N,2019-07-06 08:06:36
BHVN,Health Care,Major Pharmaceuticals,2050,42.92,49.361,0.869512,22,\N,7,\N,\N,\N,\N,\N,\N,11,could not convert string to float: N/A,\N
BIO,Capital Goods,Biotechnology: Laboratory Analytical Instruments,8990,313.33,284.579,1.10103,78,4.07,77,21.77,8.87,8.89,-27.88,28.74,0.123101,74,\N,2019-07-06 08:06:51
BITA,Technology,EDP Services,700.53,10.57,15.217,0.694617,10,\N,7,\N,\N,\N,\N,\N,\N,11,could not convert string to float: N/A,\N
BJ,Consumer Services,Department/Specialty Retail Stores,3550,25.95,25.96,0.9996,47,0.28,29,0.2,-0.05,0.39,0.46,0.25,0.0980392,72,\N,2019-07-06 08:07:07
BKH,Public Utilities,Electric Utilities: Central,4870,79.39,72.106,1.10102,78,2.7,66,2.46,0.4,0.31,1.49,1.73,-0.339535,52,\N,2019-07-06 08:07:19
BKI,Technology,Computer Software: Prepackaged Software,9050,60.64,53.721,1.12879,83,8.12,90,0.29,0.27,0.29,0.29,0.27,-1,38,\N,2019-07-06 08:07:34
BSM,Energy,Oil & Gas Production,3120,15.35,17.02,0.901884,26,5.72,85,0.18,0.17,0.27,0.72,0.02,-0.228571,55,\N,2019-07-06 08:07:46
BB,Technology,Computer Software: Prepackaged Software,4540,7.41,8.482,0.873648,22,4.27,78,-0.11,0.08,-0.01,0.08,-0.09,0.105263,73,\N,2019-07-06 08:08:15
BLK,Finance,Investment Bankers/Brokers/Service,71260,478.69,436.3,1.09716,77,5.27,83,6.68,6.62,7.54,5.78,6.61,-0.0397727,64,\N,2019-07-06 08:08:29
BE,Energy,Industrial Machinery/Components,1310,12.81,12.219,1.04833,65,1.91,59,-0.3,-4.32,-0.97,-0.91,-0.76,\N,11,\N,2019-07-06 08:08:42
APRN,Consumer Services,Catalog/Specialty Distribution,87.51,7.3,14.833,0.492148,5,0.15,25,-2.55,-2.55,-2.7,-1.8,-0.45,\N,11,\N,2019-07-06 08:08:56
BCRH,Finance,Property-Casualty Insurers,59.62,6.41,6.848,0.9361,31,1.63,56,0.06,0.28,-0.76,-2.84,0.21,0.0480769,70,\N,2019-07-06 08:09:11
BXG,Finance,Real Estate,834.54,11.78,13.407,0.878624,23,1.3,51,0.28,0.36,0.27,0.27,0.2,-0.5,48,\N,2019-07-06 08:09:24
BXC,Capital Goods,Wholesale Distributors,178.8,19.15,25.349,0.755442,13,0.06,23,-1.47,-0.93,-1.07,-1.74,-0.72,\N,11,\N,2019-07-06 08:09:39
BA,Capital Goods,Aerospace,207790,355.86,372.752,0.954682,35,1.99,59,4.15,3.73,4.07,5.93,3.75,-0.181818,57,\N,2019-07-06 08:09:52
BCC,Consumer Services,RETAIL: Building Materials,995.8,28.34,26.436,1.07202,71,0.23,27,0.94,1.06,0.35,-1.85,0.29,-0.223368,56,\N,2019-07-06 08:10:06
BCEI,Energy,Oil & Gas Production,394.34,20.66,22.325,0.925428,29,1.49,54,0.68,0.24,2.1,5.15,-0.34,-0.185792,57,\N,2019-07-06 08:10:19
BOOT,Consumer Services,Clothing/Shoe/Accessory Stores,970.63,34.99,27.695,1.2634,95,1.28,50,0.24,0.24,0.16,0.66,0.3,0.12,74,\N,2019-07-06 08:10:33
BAH,Consumer Services,Professional Services,9260,67.98,56.833,1.19613,91,1.42,53,0.58,0.72,0.64,0.92,0.64,0.176471,77,\N,2019-07-06 08:10:47
BWA,Capital Goods,Auto Parts:O.E.M.,8600,40.77,39.713,1.02661,57,0.82,42,1.07,1.3,0.98,1.1,0.77,-0.566038,47,\N,2019-07-06 08:11:01
SAM,Consumer Non-Durables,Beverages (Production/Distribution),4210,386.51,296.885,1.30188,96,4.22,78,0.78,1.98,3.21,1.86,2.02,0.510288,88,\N,2019-07-06 08:11:16
BXP,Consumer Services,Real Estate Investment Trusts,20210,131.87,130.987,1.00674,49,7.35,88,1.14,0.83,0.77,0.96,0.63,-1,38,\N,2019-07-06 08:11:29
BSX,Health Care,Medical/Dental Instruments,58020,42.62,38.384,1.11036,80,5.96,85,0.21,0.4,0.31,0.27,0.3,0.473684,87,\N,2019-07-06 08:11:43
BOX,Technology,Computer Software: Prepackaged Software,2580,17.45,19.771,0.882627,24,4.05,77,-0.26,-0.27,-0.28,-0.14,-0.25,\N,11,\N,2019-07-06 08:11:57
BYD,Consumer Services,Hotels/Resorts,2960,27.57,27.175,1.01454,53,1.08,47,0.36,0.34,0.1,0.2,0.4,0.133333,75,\N,2019-07-06 08:12:11
BPMP,Energy,Natural Gas Distribution,1600,15.67,15.357,1.0204,55,13.67,94,0.29,0.29,0.34,0.35,0.35,1,98,\N,2019-07-06 08:12:25
BP,Energy,Integrated oil Companies,142240,41.03,42.193,0.972428,39,0.47,34,0.74,0.84,1,0.23,0.87,0.168831,76,\N,2019-07-06 08:12:38
BPT,Energy,Integrated oil Companies,322.07,15.05,22.132,0.68,9,2.99,69,1.23,1.27,1.41,1.38,1,-0.560976,47,\N,2019-07-06 08:12:52
BRC,Consumer Durables,Miscellaneous manufacturing industries,2510,49.38,46.937,1.05205,66,2.24,62,0.49,0.66,0.58,0.55,0.65,0.941176,97,\N,2019-07-06 08:13:06
BHR,Consumer Services,Real Estate Investment Trusts,314.36,9.51,11.532,0.824657,17,0.73,40,0.07,0.29,-0.12,-0.44,-0.11,-0.246575,55,\N,2019-07-06 08:13:21
BDN,Consumer Services,Real Estate Investment Trusts,2590,14.56,15.115,0.963284,37,4.79,81,0.25,0.07,-0.24,0.68,0.02,-0.25,54,\N,2019-07-06 08:13:35
LND,Consumer Non-Durables,Farming/Seeds/Milling,225.43,4.31,4.101,1.05093,65,\N,7,\N,\N,\N,\N,\N,\N,11,could not convert string to float: N/A,\N
BRFS,Consumer Non-Durables,Meat/Poultry/Fish,6040,8.91,6.669,1.33608,97,\N,7,\N,\N,\N,\N,\N,\N,11,could not convert string to float: N/A,\N
BGG,Energy,Industrial Machinery/Components,410.07,10,12.084,0.827564,18,0.23,27,0.74,-0.29,-0.98,-0.07,0.19,-0.319767,52,\N,2019-07-06 08:14:06
MNRL,Energy,Oil & Gas Production,1070,20.93,0,0,0,\N,7,\N,\N,\N,\N,\N,\N,11,,\N
BFAM,Miscellaneous,Other Consumer Services,8640,154.8,127.254,1.21647,93,4.63,81,0.62,0.68,0.57,0.79,0.71,0.409091,85,\N,2019-07-06 08:14:34
BEDU,Consumer Services,Other Consumer Services,296.67,10.18,10.619,0.958679,36,\N,7,\N,\N,\N,\N,\N,\N,11,could not convert string to float: N/A,\N
BSIG,Finance,Investment Managers,1000,11.96,12.706,0.941308,32,1.23,50,0.52,0.02,0.51,0.22,0.54,0.0384615,69,\N,2019-07-06 08:14:50
BV,Consumer Non-Durables,Farming/Seeds/Milling,1930,18.89,15.31,1.23381,94,\N,7,\N,\N,\N,\N,\N,\N,11,,\N
EAT,Consumer Services,Restaurants,1440,39.42,42.99,0.916964,28,0.46,34,1.02,1.01,0.64,0.83,1.31,0.432836,86,\N,2019-07-06 08:15:18
BCO,Transportation,Oil Refining/Marketing,3960,84.66,76.899,1.10092,78,1.16,49,0.43,-2.11,0.34,0.69,0.27,-0.0571429,63,\N,2019-07-06 08:15:32
BMY,Health Care,Major Pharmaceuticals,74870,45.89,48.181,0.952441,35,3.23,71,0.91,0.23,1.16,0.73,1.04,0.139785,75,\N,2019-07-06 08:15:47
BTI,Consumer Non-Durables,Farming/Seeds/Milling,82050,37.52,37.014,1.01366,52,\N,7,\N,\N,\N,\N,\N,\N,11,could not convert string to float: N/A,\N
BRX,Consumer Services,Real Estate Investment Trusts,5400,18.19,17.469,1.04124,62,4.49,80,0.2,0.26,0.49,0.26,0.21,0.0344828,69,\N,2019-07-06 08:16:02
BR,Miscellaneous,Business Services,14870,132.45,110.817,1.19521,91,3.44,72,0.9,1.72,0.64,0.42,1.45,0.423077,86,\N,2019-07-06 08:16:45
BKD,Health Care,Hospital/Nursing Management,1290,8.16,6.984,1.16847,89,0.43,33,-2.45,-0.88,-0.2,0.7,-0.23,0.704762,92,\N,2019-07-06 08:16:59
BAM,Consumer Services,Building operators,47390,48.8,45.48,1.07299,71,0.79,41,0.84,0.62,0.11,1.87,0.58,-0.147727,59,\N,2019-07-06 08:17:13
BBU,Basic Industries,Engineering & Construction,2540,39.23,36.614,1.07145,71,0.07,23,-0.53,0.6,-0.02,1.04,0.48,0.643312,91,\N,2019-07-06 08:17:27
BIP,Consumer Services,Marine Transportation,11750,43.84,40.623,1.0792,73,2.32,63,0.42,0.21,-0.1,0.06,-0.05,-0.903846,41,\N,2019-07-06 08:17:41
BEP,Public Utilities,Electric Utilities: Central,6180,35.98,31.033,1.15942,88,2.11,61,0.03,-0.01,-0.18,0.29,0.14,0.234043,79,\N,2019-07-06 08:17:55
BRO,Finance,Specialty Insurers,9360,34.76,30.221,1.15018,87,4.61,80,0.32,0.26,0.38,0.26,0.4,0.571429,90,\N,2019-07-06 08:18:09
BRT,Consumer Services,Real Estate Investment Trusts,203.68,13.11,13.344,0.982438,42,1.65,56,1.75,-0.33,-0.2,0.51,-0.27,-0.971154,40,\N,2019-07-06 08:18:23
BC,Energy,Industrial Machinery/Components,3930,45.21,49.153,0.91978,28,0.74,40,0.82,0.9,0.8,0.49,-0.42,-0.939394,40,\N,2019-07-06 08:18:39
BT,Public Utilities,Telecommunications Equipment,25220,12.72,14.389,0.883994,24,\N,7,\N,\N,\N,\N,\N,\N,11,could not convert string to float: N/A,\N
BPL,Energy,Natural Gas Distribution,6290,41.18,35.112,1.17283,89,1.67,56,0.74,0.59,-4.86,3.13,0.52,-0.0275344,64,\N,2019-07-06 08:18:54
BKE,Consumer Services,Clothing/Shoe/Accessory Stores,826.57,16.95,17.934,0.945146,33,0.95,44,0.38,0.32,0.42,0.84,0.31,-0.132075,59,\N,2019-07-06 08:19:09
BVN,Basic Industries,Precious Metals,4260,16.58,16.107,1.02939,58,4.06,77,0.11,0.16,-0.04,-0.29,0.11,0,66,\N,2019-07-06 08:19:23
BBW,Consumer Services,Recreational Products/Toys,80.8,5.67,5.313,1.06721,70,0.25,28,0.02,-0.12,-0.42,-0.72,0.08,0.075,71,\N,2019-07-06 08:19:52
BG,Consumer Non-Durables,Packaged Foods,7900,56.61,53.293,1.06224,68,0.18,25,-0.21,-0.15,2.44,-0.52,0.26,0.158784,76,\N,2019-07-06 08:20:06
BURL,Consumer Services,Department/Specialty Retail Stores,11570,175.51,162.617,1.07928,73,1.72,57,1.2,1.03,1.12,2.7,1.15,-0.0299401,64,\N,2019-07-06 08:20:20
BWXT,Energy,Industrial Machinery/Components,4880,52.21,48.479,1.07696,72,2.82,67,0.66,0.6,0.78,0.22,0.51,-0.267857,54,\N,2019-07-06 08:20:34
BY,Finance,Major Banks,697.18,19.54,18.94,1.03167,59,3.23,71,0.22,0.08,0.39,0.46,0.34,0.315789,83,\N,2019-07-06 08:20:50
CJ,Energy,Oilfield Services/Equipment,802.52,11.56,14.751,0.783668,14,0.35,30,0.42,0.31,0.16,-2.87,-0.36,-0.237082,55,\N,2019-07-06 08:21:04
CABO,Consumer Services,Television Services,6440,1218.64,1003.25,1.2147,93,6.4,86,7.08,7.65,6.7,7.34,6.78,-0.315789,53,\N,2019-07-06 08:21:18
CBT,Basic Industries,Major Chemicals,2660,47.6,45.019,1.05734,67,0.83,42,-2.8,1.4,1.51,1.14,0.39,0.740139,93,\N,2019-07-06 08:21:34
COG,Energy,Oil & Gas Production,9720,23.64,25.159,0.939627,32,4.33,79,0.25,0.09,0.28,0.64,0.62,0.672727,92,\N,2019-07-06 08:21:48
CACI,Technology,EDP Services,5060,214.67,184.186,1.16551,89,1.12,48,2.56,2.05,3.1,2.71,2.69,0.12381,74,\N,2019-07-06 08:22:03
WHD,Energy,Metal Fabrications,2300,31.25,34.166,0.914643,27,4.01,77,0.14,0.46,0.52,0.44,0.59,1,98,\N,2019-07-06 08:22:17
CADE,Finance,Major Banks,2560,20.34,19.741,1.03036,59,4.8,81,0.46,0.57,0.56,0.39,0.44,-0.111111,60,\N,2019-07-06 08:22:32
CAE,Miscellaneous,Industrial Machinery/Components,7080,27.67,22.748,1.21639,93,\N,7,\N,\N,\N,\N,\N,\N,11,could not convert string to float: N/A,\N
CAI,Technology,Diversified Commercial Services,428.47,24.1,23.946,1.00642,49,0.97,45,0.83,0.97,1.03,0.89,0.87,0.2,78,\N,2019-07-06 08:22:47
CAL,Consumer Non-Durables,Shoe Manufacturing,793.82,19.39,25.664,0.755525,13,0.28,28,0.4,0.55,0.67,-1.83,0.22,-0.072,62,\N,2019-07-06 08:23:02
CRC,Energy,Oil & Gas Production,927.69,18.47,21.292,0.867481,22,0.3,29,-0.05,-1.7,1.32,7,-1.38,-0.152874,58,\N,2019-07-06 08:23:16
CWT,Public Utilities,Water Supply,2420,51.37,50.249,1.02231,56,3.58,73,-0.05,0.27,0.72,0.32,-0.16,-0.125,59,\N,2019-07-06 08:23:30
CALX,Consumer Services,Telecommunications Equipment,356.19,6.67,7.768,0.858683,21,0.84,42,-0.23,-0.05,0.02,-0.1,-0.18,0.2,78,\N,2019-07-06 08:23:45
ELY,Consumer Non-Durables,Recreational Products/Toys,1670,17.82,16.49,1.08064,74,1.24,50,0.65,0.63,0.1,-0.3,0.5,-0.157895,58,\N,2019-07-06 08:24:00
CPE,Energy,Oil & Gas Production,1420,6.49,7.422,0.874447,22,2.57,65,0.27,0.23,0.16,0.68,-0.09,-0.467532,49,\N,2019-07-06 08:24:14
CBM,Health Care,Major Pharmaceuticals,1510,47.15,41.525,1.13546,84,2.89,68,0.72,1.2,0.79,0.04,0.31,-0.353448,52,\N,2019-07-06 08:24:28
CPT,Consumer Services,Real Estate Investment Trusts,10230,107.43,99.358,1.08124,74,10.5,92,0.41,0.4,0.4,0.41,0.4,-1,38,\N,2019-07-06 08:24:42
CCJ,Basic Industries,Precious Metals,4120,10.81,11.359,0.951674,35,\N,7,\N,\N,\N,\N,\N,\N,10,could not convert string to float: N/A,\N
CPB,Consumer Non-Durables,Packaged Foods,12360,41.57,37.326,1.1137,81,1.24,50,-1.31,0.31,0.64,-0.2,0.28,0.815385,95,\N,2019-07-06 08:24:56
CWH,Consumer Durables,Automotive Aftermarket,420.17,12.24,13.372,0.915357,28,0.22,26,0.08,0.72,0.38,-0.83,-0.52,-0.387097,51,\N,2019-07-06 08:25:09
GOOS,Consumer Non-Durables,Apparel,2130,40.79,47.592,0.857084,21,\N,7,\N,\N,\N,\N,\N,\N,10,could not convert string to float: N/A,\N
CM,Finance,Commercial Banks,35220,79.92,81.514,0.980444,41,\N,7,\N,\N,\N,\N,\N,\N,10,could not convert string to float: N/A,\N
CNI,Transportation,Railroads,65980,94.84,87.837,1.07973,73,\N,7,\N,\N,\N,\N,\N,\N,10,could not convert string to float: N/A,\N
CNQ,Energy,Oil & Gas Production,32970,26.69,27.493,0.970801,39,\N,7,\N,\N,\N,\N,\N,\N,10,could not convert string to float: N/A,\N
CP,Transportation,Railroads,32810,238.51,212.04,1.12483,82,\N,6,\N,\N,\N,\N,\N,\N,10,could not convert string to float: N/A,\N
CANG,Technology,Computer Software: Prepackaged Software,997.76,6.64,7.063,0.940113,32,\N,6,\N,\N,\N,\N,\N,\N,10,could not convert string to float: N/A,\N
CNNE,Consumer Services,Restaurants,2100,29.16,23.745,1.22805,93,1.78,57,-0.02,-0.26,0.02,0.66,0.07,0.0978261,72,\N,2019-07-06 08:25:44
CTST,Consumer Durables,Specialty Chemicals,708.83,4.94,6.874,0.718617,11,\N,6,\N,\N,\N,\N,\N,\N,10,could not convert string to float: N/A,\N
CAJ,Miscellaneous,Industrial Machinery/Components,31820,29.51,28.623,1.03099,59,\N,6,\N,\N,\N,\N,\N,\N,10,could not convert string to float: N/A,\N
CGC,Consumer Durables,Specialty Chemicals,13700,40.16,43.422,0.924879,29,\N,6,\N,\N,\N,\N,\N,\N,10,could not convert string to float: N/A,\N
CMD,Health Care,Medical/Dental Instruments,3120,79.09,73.172,1.08088,74,3.64,74,0.45,0.4,0.46,0.45,0.2,-0.961538,40,\N,2019-07-06 08:26:02
COF,Finance,Major Banks,41710,92.54,85.384,1.08381,74,1.94,59,2.62,3.71,2.99,2.48,2.86,0.195122,78,\N,2019-07-06 08:26:16
CSU,Health Care,Hospital/Nursing Management,151.24,5.3,5.14,1.03107,59,0.35,30,-0.24,-0.3,-0.37,-0.88,-0.43,\N,10,\N,2019-07-06 08:26:30
BXMT,Consumer Services,Real Estate Investment Trusts,4500,35.6,34.735,1.02489,57,11.46,93,0.56,0.66,0.67,0.6,0.62,0.545455,89,\N,2019-07-06 08:26:45
CIC,Finance,Business Services,513.19,10.22,10.176,1.00436,48,\N,6,\N,\N,\N,\N,\N,\N,10,could not convert string to float: N/A,\N
CPRI,Consumer Non-Durables,Apparel,5080,34.75,41.832,0.830698,18,1,46,0.29,1.22,0.91,1.33,0.13,-0.133333,59,\N,2019-07-06 08:26:59
CMO,Consumer Services,Real Estate Investment Trusts,713.74,8.44,8.104,1.04148,62,19.71,96,0.16,0.09,0.04,0.05,-0.15,-1,38,\N,2019-07-06 08:27:13
CRR,Capital Goods,Industrial Machinery/Components,40.79,1.2,3.13,0.383415,3,0.17,25,-0.83,-0.55,-0.62,-0.76,-0.73,\N,10,\N,2019-07-06 08:27:27
CAH,Health Care,Other Pharmaceuticals,13640,48.23,47.99,1.005,49,0.1,24,0.81,-3.76,1.94,0.93,0.99,0.0315789,69,\N,2019-07-06 08:27:40
CRCM,Consumer Services,Other Consumer Services,457.6,11.29,18.52,0.609621,7,1.85,58,0.05,-0.03,0.03,1.23,-0.05,-0.078125,62,\N,2019-07-06 08:27:54
CSL,Basic Industries,Specialty Chemicals,7900,139.35,125.014,1.11467,81,1.74,57,4.94,1.85,1.64,1.47,1.36,-1,38,\N,2019-07-06 08:28:08
KMX,Consumer Durables,Automotive Aftermarket,13790,88.48,70.438,1.25615,95,0.74,40,1.33,1.24,1.09,1.13,1.59,0.52,88,\N,2019-07-06 08:28:22
CCL,Consumer Services,Marine Transportation,31360,46.91,53.509,0.876671,23,1.7,56,0.78,2.41,0.71,0.48,0.65,-0.0673575,62,\N,2019-07-06 08:28:35
CUK,Consumer Services,Marine Transportation,30470,45.71,52.625,0.868592,22,1.63,55,0.78,2.41,0.71,0.48,0.65,-0.0673575,62,\N,2019-07-06 08:28:50
CRS,Basic Industries,Steel/Iron Ore,2210,47.73,45.645,1.04568,64,0.96,45,0.63,0.88,0.65,0.73,1.05,1,98,\N,2019-07-06 08:29:05
CSV,Consumer Services,Other Consumer Services,340.94,19.02,19.079,0.996923,46,1.31,51,0.52,0.15,0.11,-0.14,0.36,-0.242424,55,\N,2019-07-06 08:29:35
CARS,Technology,EDP Services,1290,21.3,22.678,0.939232,32,2.16,61,0.01,0.18,0.23,0.14,-0.13,-0.388889,51,\N,2019-07-06 08:29:50
CRI,Consumer Non-Durables,Apparel,4170,94.52,93.125,1.01497,53,1.24,50,0.89,0.79,1.53,2.83,0.75,-0.0673077,62,\N,2019-07-06 08:30:04
CVNA,Consumer Durables,Automotive Aftermarket,9100,65.79,53.206,1.23652,94,4.23,78,-0.53,-0.41,-0.5,-0.74,-0.69,\N,10,\N,2019-07-06 08:30:18
CSLT,Technology,EDP Services,431.88,3.05,3.281,0.929489,30,2.69,66,-0.11,-0.1,-0.05,-0.03,-0.07,\N,10,\N,2019-07-06 08:30:33
CTLT,Health Care,Major Pharmaceuticals,7750,55.46,42.616,1.30138,96,3.26,71,0.14,0.61,-0.1,0.33,0.22,0.112676,73,\N,2019-07-06 08:30:46
CTT       ,Consumer Services,Real Estate Investment Trusts,495.25,10.72,9.528,1.12508,82,0,21,-0.08,-0.03,-1.61,-0.78,-0.62,\N,10,\N,2019-07-06 08:31:00
CAT,Capital Goods,Construction/Ag Equipment/Trucks,76470,135.49,132.443,1.02301,56,1.4,52,2.74,2.82,2.88,1.78,3.25,0.346939,84,\N,2019-07-06 08:31:13
CATO,Consumer Services,Clothing/Shoe/Accessory Stores,298.73,12.89,14.141,0.911544,27,0.39,32,0.94,0.26,0.16,-0.13,0.87,-0.0654206,62,\N,2019-07-06 08:31:26
CBZ,Miscellaneous,Business Services,1080,20,20.108,0.994621,45,1.19,49,0.64,0.23,0.24,-0.02,0.67,0.0434783,70,\N,2019-07-06 08:31:40
CBL,Consumer Services,Real Estate Investment Trusts,175.21,1.05,1.625,0.645987,8,0.22,26,-0.06,-0.2,-0.07,-0.39,-0.29,\N,10,\N,2019-07-06 08:31:53
CBRE,Finance,Real Estate,16830,52.77,48.285,1.09288,76,0.81,42,0.44,0.67,0.85,1.15,0.48,0.056338,70,\N,2019-07-06 08:32:08
CBS,Consumer Services,Broadcasting,17390,52.01,49.055,1.06024,68,1.31,51,1.32,1.05,1.29,1.49,4.21,0.914557,96,\N,2019-07-06 08:32:22
FUN,Consumer Services,Services-Misc. Amusement & Recreation,2660,47.98,52.316,0.917123,28,2,60,-1.49,0.34,3.76,-0.4,-1.49,0,66,\N,2019-07-06 08:32:36
CDR,Consumer Services,Real Estate Investment Trusts,232.35,2.59,3.194,0.811019,16,1.52,54,-0.26,0.08,0.04,0.02,0,0.764706,94,\N,2019-07-06 08:32:50
CE,Basic Industries,Major Chemicals,13220,105.63,100.953,1.04633,64,1.91,59,2.66,2.52,2.96,0.75,2.63,-0.0135747,65,\N,2019-07-06 08:33:05
CLS,Technology,Electrical Products,750.41,6.93,8.074,0.858265,21,0.14,24,0.1,0.11,0.06,0.44,0.66,0.933333,97,\N,2019-07-06 08:33:19
CEL,Public Utilities,Telecommunications Equipment,336.97,2.79,4.322,0.645582,8,\N,6,\N,\N,\N,\N,\N,\N,10,could not convert string to float: N/A,\N
CPAC,Capital Goods,Building Materials,714.94,9,9.458,0.951558,35,\N,6,\N,\N,\N,\N,\N,\N,10,could not convert string to float: N/A,\N
CX,Capital Goods,Building Materials,6230,4.3,4.718,0.9114,27,0.46,34,3.8,3.45,-1.2,0.32,4.93,0.184339,77,\N,2019-07-06 08:33:36
CVE,Energy,Oil & Gas Production,10780,8.95,8.627,1.03741,61,\N,6,\N,\N,\N,\N,\N,\N,10,could not convert string to float: N/A,\N
CNC,Health Care,Medical Specialities,22280,51.48,57.113,0.901378,26,0.35,30,0.95,0.75,0.04,0.57,1.24,0.241667,79,\N,2019-07-06 08:33:50
CNP,Public Utilities,Electric Utilities: Central,14820,29.44,29.952,0.982909,42,1.35,51,0.38,-0.17,0.35,0.18,0.28,-0.181818,57,\N,2019-07-06 08:34:03
EBR,Public Utilities,Electric Utilities: Central,11570,9.47,8.848,1.07026,71,\N,6,\N,\N,\N,\N,\N,\N,10,could not convert string to float: N/A,\N
CEPU,Public Utilities,Electric Utilities: Central,274.05,9.31,9.209,1.011,51,\N,6,\N,\N,\N,\N,\N,\N,10,could not convert string to float: N/A,\N
CCS,Capital Goods,Homebuilding,763.66,26.44,24.53,1.07787,73,0.35,30,0.67,1.1,0.56,0.85,0.56,-0.203704,56,\N,2019-07-06 08:34:34
CTL,Public Utilities,Telecommunications Equipment,11720,11.77,12.587,0.935079,31,0.55,36,0.11,0.27,0.25,-2.26,-5.77,-0.97351,40,\N,2019-07-06 08:34:48
CDAY,Technology,Computer Software: Prepackaged Software,6680,51.86,47.293,1.09656,77,9.59,92,-0.11,-0.6,0.03,0.05,0.08,0.279412,81,\N,2019-07-06 08:35:03
CF,Basic Industries,Agricultural Chemicals,10500,46.3,43.019,1.07627,72,2.29,62,0.27,0.63,0.13,0.21,0.4,0.26,81,\N,2019-07-06 08:35:16
GIB,Consumer Services,Professional Services,18610,77.59,69.471,1.11688,81,\N,6,\N,\N,\N,\N,\N,\N,10,could not convert string to float: N/A,\N
ECOM      ,Technology,Computer Software: Prepackaged Software,237.89,9.2,11.083,0.830079,18,0,21,-0.12,-0.1,-0.08,0.02,-0.08,0.285714,81,\N,2019-07-06 08:35:30
CHAP,Energy,Oil & Gas Production,181.19,4.92,5.747,0.856027,20,1.01,46,-0.25,-0.49,-0.27,1.74,-2.28,-0.504975,48,\N,2019-07-06 08:35:46
CHRA,Basic Industries,Environmental Services,160.19,5.46,6.445,0.847133,20,0.22,26,0.02,0.13,-0.6,0.15,-0.1,-0.16,58,\N,2019-07-06 08:36:00
CRL,Health Care,Biotechnology: Commercial Physical & Biological Re,6540,142.44,133.316,1.06844,70,2.92,68,1.08,1.1,1.22,1.21,1.11,0.214286,78,\N,2019-07-06 08:36:15
CLDT,Consumer Services,Real Estate Investment Trusts,882.55,18.76,19.537,0.960228,36,2.74,66,0.06,0.29,0.31,-0.01,0.03,-0.09375,61,\N,2019-07-06 08:36:28
CMCM,Technology,Computer Software: Prepackaged Software,528.9,3.69,5.946,0.62055,7,\N,6,\N,\N,\N,\N,\N,\N,10,could not convert string to float: N/A,\N
CHGG,Consumer Services,Other Consumer Services,4340,40.55,36.957,1.09722,77,14.07,95,-0.02,-0.03,-0.12,0.04,-0.04,-0.125,59,\N,2019-07-06 08:36:44
CHE,Health Care,Medical/Nursing Services,5560,371.32,321.394,1.15534,88,3.28,71,2.66,3.27,3.06,3.26,2.7,0.0655738,71,\N,2019-07-06 08:36:58
CC,Basic Industries,Major Chemicals,4020,21.25,32.416,0.655537,8,0.55,36,1.58,1.53,1.51,0.83,0.55,-1,38,\N,2019-07-06 08:37:11
CHMI,Consumer Services,Real Estate Investment Trusts,272.33,15.84,17.594,0.900312,26,-163.46,21,2.64,0.91,1.62,-2.42,-1.36,-0.790514,42,\N,2019-07-06 08:37:25
CHK,Energy,Oil & Gas Production,2990,1.85,2.611,0.708439,10,0.31,29,0.29,-0.04,0.07,0.49,-0.03,-0.603774,46,\N,2019-07-06 08:37:39
CHKR,Energy,Oil & Gas Production,51.43,1.01,1.35,0.74819,12,3.91,76,0.08,0.05,0.06,0.05,0.06,-0.666667,45,\N,2019-07-06 08:37:53
CHSP,Consumer Services,Real Estate Investment Trusts,1720,28.41,28.526,0.995943,46,2.9,68,0.11,0.4,0.89,0.22,0.14,0.0384615,69,\N,2019-07-06 08:38:09
CPK,Public Utilities,Oil & Gas Production,1550,94.86,90.724,1.04559,64,2.2,62,1.64,0.39,0.34,1.08,1.74,0.0714286,71,\N,2019-07-06 08:38:23
CVX,Energy,Integrated oil Companies,235520,123.54,119.512,1.0337,60,1.49,54,1.9,1.78,2.11,1.95,1.39,-0.708333,44,\N,2019-07-06 08:38:38
CHWY,Consumer Services,Catalog/Specialty Distribution,12680,34.27,0,0,0,\N,6,\N,\N,\N,\N,\N,\N,10,list index out of range,\N
CHS,Consumer Services,Clothing/Shoe/Accessory Stores,376.24,3.46,4.559,0.758899,13,0.2,26,0.23,0.13,0.05,-0.14,0.02,-0.567568,47,\N,2019-07-06 08:39:06
CIM,Consumer Services,Real Estate Investment Trusts,3600,19.09,18.808,1.015,53,7.24,88,1.22,0.58,0.79,-0.63,0.54,-0.367568,51,\N,2019-07-06 08:39:20
DL,Consumer Services,Other Consumer Services,177.86,5.25,6.557,0.80064,15,0.97,45,-0.1,0.15,0.29,0.06,-0.12,-0.0487805,63,\N,2019-07-06 08:39:34
CEA,Transportation,Air Freight/Delivery Services,8230,30.17,31.44,0.959599,36,\N,6,\N,\N,\N,\N,\N,\N,10,could not convert string to float: N/A,\N
CGA,Basic Industries,Agricultural Chemicals,23.55,5.28,0.721,7.32092,100,0.07,23,2.28,-8.52,2.76,0.72,1.56,-0.0638298,62,\N,2019-07-06 08:40:05
LFC,Finance,Life Insurance,68910,12.71,12.597,1.00897,50,\N,6,\N,\N,\N,\N,\N,\N,10,could not convert string to float: N/A,\N
CHL,Public Utilities,Telecommunications Equipment,183260,45.42,49.18,0.923539,29,\N,6,\N,\N,\N,\N,\N,\N,10,could not convert string to float: N/A,\N
COE,Consumer Services,Other Consumer Services,140.32,7.02,6.48,1.08334,74,\N,6,\N,\N,\N,\N,\N,\N,10,could not convert string to float: N/A,\N
SNP,Energy,Integrated oil Companies,81600,67.25,76.827,0.875343,23,\N,6,\N,\N,\N,\N,\N,\N,10,could not convert string to float: N/A,\N
XRF,Finance,Finance: Consumer Services,34.85,0.405,0.936,0.432858,4,0.28,28,-0.07,-0.06,-0.46,-0.16,-0.17,\N,10,\N,2019-07-06 08:40:23
ZNH,Transportation,Air Freight/Delivery Services,8130,35.91,37.445,0.959008,36,\N,6,\N,\N,\N,\N,\N,\N,10,could not convert string to float: N/A,\N
CHA,Public Utilities,Telecommunications Equipment,39890,50.02,52.558,0.951713,35,\N,6,\N,\N,\N,\N,\N,\N,10,could not convert string to float: N/A,\N
CHU,Public Utilities,Telecommunications Equipment,33050,10.93,11.617,0.940861,32,\N,6,\N,\N,\N,\N,\N,\N,10,could not convert string to float: N/A,\N
CYD,Energy,Industrial Machinery/Components,574.88,15.81,15.693,1.00747,50,\N,6,\N,\N,\N,\N,\N,\N,10,could not convert string to float: N/A,\N
CMG,Consumer Services,Restaurants,20320,739.54,641.11,1.15353,87,4.08,77,2.13,1.68,1.36,1.15,3.13,0.50505,88,\N,2019-07-06 08:40:40
CHH,Consumer Services,Hotels/Resorts,4710,89.04,80.62,1.10444,79,4.72,81,0.44,1.4,1.41,0.56,0.54,0.103093,73,\N,2019-07-06 08:40:53
CB,Finance,Property-Casualty Insurers,69110,149.62,138.868,1.07743,72,2.07,60,2.3,2.76,2.64,0.76,2.25,-0.025,65,\N,2019-07-06 08:41:08
CHT,Public Utilities,Telecommunications Equipment,28520,36.72,35.367,1.03826,61,\N,6,\N,\N,\N,\N,\N,\N,10,could not convert string to float: N/A,\N
CHD,Basic Industries,Package Goods/Cosmetics,18530,74.33,70.169,1.05931,68,4.3,79,0.63,0.49,0.58,0.57,0.7,0.333333,83,\N,2019-07-06 08:41:22
CIEN,Public Utilities,Telecommunications Equipment,6540,42.99,38.647,1.11236,80,1.98,59,0.09,0.34,0.34,0.21,0.33,0.96,97,\N,2019-07-06 08:41:38
CI,Health Care,Medical Specialities,60740,163.44,169.736,0.962906,37,0.83,42,3.72,3.29,3.14,0.4,3.56,-0.0481928,63,\N,2019-07-06 08:41:51
XEC,Energy,Oil & Gas Production,5640,59.13,67.469,0.876399,23,2.55,65,1.96,1.48,1.56,3.32,0.26,-0.555556,47,\N,2019-07-06 08:42:06
CBB,Public Utilities,Telecommunications Equipment,248.31,4.67,8.229,0.567536,6,0.16,25,-0.26,-0.39,-0.41,-0.65,-0.59,\N,10,\N,2019-07-06 08:42:21
CNK,Consumer Services,Movies/Entertainment,4150,37.16,39.126,0.949744,34,1.38,52,0.53,0.7,0.43,0.17,0.28,-0.471698,49,\N,2019-07-06 08:42:33
CINR,Basic Industries,Mining & Quarrying of Nonmetallic Minerals (No Fue,337.48,17.3,22.49,0.769223,13,0.69,39,0.51,0.83,0.44,0.7,0.61,0.25641,80,\N,2019-07-06 08:42:47
CIR,Capital Goods,Metal Fabrications,909.35,46.07,34.116,1.35039,97,0.78,41,-0.88,0.3,-0.34,-1.06,-0.23,0.477941,87,\N,2019-07-06 08:43:01
CISN,Technology,Computer Software: Prepackaged Software,1640,11.06,12.307,0.89864,25,2.23,62,0,-0.05,-0.05,-0.09,0.08,0.470588,87,\N,2019-07-06 08:43:15
CIT,Finance,Major Banks,4750,52.22,48.701,1.07225,71,2.2,62,0.74,0.94,1.15,0.78,1.18,1,98,\N,2019-07-06 08:43:29
BLW,Finance,Major Banks,536.37,15.1,14.625,1.03246,59,\N,6,\N,\N,\N,\N,\N,\N,10,,\N
C,Finance,Major Banks,153870,71.4,64.448,1.10787,79,2.52,64,1.68,1.63,1.73,1.64,1.87,0.791667,94,\N,2019-07-06 08:44:02
CFG,Finance,Major Banks,15830,35.89,34.661,1.03545,60,2.78,67,0.78,0.88,0.91,0.96,0.92,0.777778,94,\N,2019-07-06 08:44:16
CIA,Finance,Life Insurance,357.64,7.32,7.012,1.0439,63,1.48,54,0,-0.05,-0.3,0.13,-0.08,-0.186047,57,\N,2019-07-06 08:44:29
CIO,Consumer Services,Real Estate Investment Trusts,476.42,12.42,11.581,1.07248,71,3.64,74,1.24,-0.07,-0.08,-0.22,-0.07,\N,10,\N,2019-07-06 08:44:43
CVEO,Consumer Services,Hotels/Resorts,264.11,1.6,2,0.799847,15,0.57,36,-0.42,-0.29,-0.09,-0.08,-0.11,\N,10,\N,2019-07-06 08:44:56
CCC,Technology,EDP Services,4580,15.43,12.566,1.22795,93,\N,6,\N,\N,\N,\N,\N,\N,10,list index out of range,\N
CLH,Basic Industries,Environmental Services,3830,71.42,65.527,1.08993,76,1.2,49,-0.22,0.54,0.55,0.29,0.02,0.311688,82,\N,2019-07-06 08:45:23
CCO,Consumer Services,Advertising,1470,4.65,5.218,0.891065,25,0.63,38,-0.35,-0.14,-0.18,0.07,-0.45,-0.192308,57,\N,2019-07-06 08:45:38
CLW,Basic Industries,Paper,283.9,19.78,23.55,0.839929,19,0.19,26,0.16,0.42,2.08,-11.39,0.23,0.00519673,68,\N,2019-07-06 08:45:51
CWEN,Public Utilities,Electric Utilities: Central,3270,17.18,15.497,1.1086,80,3.1,69,0.16,0.62,0.2,-0.68,-0.18,-0.261538,54,\N,2019-07-06 08:46:05
CLF,Basic Industries,Precious Metals,2780,10.86,9.911,1.0958,77,1.33,51,-0.29,0.55,1.41,1.98,-0.08,0.092511,72,\N,2019-07-06 08:46:20
CLPR,Consumer Services,Real Estate Investment Trusts,225.36,11.51,12.915,0.891225,25,1.85,58,-0.21,0.01,0.02,-0.04,-0.01,0.869565,95,\N,2019-07-06 08:46:35
CLX,Consumer Durables,Specialty Chemicals,19840,155.77,153.95,1.01182,51,3.16,70,1.37,1.66,1.62,1.4,1.44,0.241379,79,\N,2019-07-06 08:46:49
CLDR,Technology,Computer Software: Prepackaged Software,1480,5.24,10.835,0.483609,5,2.55,65,-0.35,-0.22,-0.17,-0.45,-0.38,\N,10,\N,2019-07-06 08:47:03
CMS,Public Utilities,Power Generation,16730,58.72,54.454,1.07835,73,2.39,63,0.86,0.49,0.59,0.38,0.75,-0.229167,55,\N,2019-07-06 08:47:16
CNA,Finance,Property-Casualty Insurers,12860,47.96,44.97,1.06648,69,1.27,50,1.07,0.99,1.23,-0.31,1.25,0.115385,73,\N,2019-07-06 08:47:30
CNF,Finance,Finance: Consumer Services,39.19,5.86,5.789,1.01228,51,\N,6,\N,\N,\N,\N,\N,\N,10,could not convert string to float: N/A,\N
CNHI,Capital Goods,Construction/Ag Equipment/Trucks,13790,10.59,10.126,1.04587,64,0.5,35,0.14,0.29,0.16,0.19,0.19,0.333333,83,\N,2019-07-06 08:47:45
CNO,Finance,Accident &Health Insurance,2610,17.28,16.701,1.03466,60,0.64,38,0.5,0.61,-3.22,0.17,0.32,-0.0469974,63,\N,2019-07-06 08:47:59
CEO,Energy,Oil & Gas Production,1710,170.98,171.257,0.998384,46,\N,6,\N,\N,\N,\N,\N,\N,10,could not convert string to float: N/A,\N
CNXM,Public Utilities,Natural Gas Distribution,875.02,14.27,15.392,0.92711,30,3.43,72,0.4,0.43,0.47,0.59,0.47,0.368421,84,\N,2019-07-06 08:48:12
CEIX,Energy,Coal Mining,696.35,25.94,32.209,0.805376,16,0.48,34,2.2,1.58,0.2,1.41,0.52,-0.84,41,\N,2019-07-06 08:48:26
CNX,Energy,Oil & Gas Production,1340,7.36,9.964,0.738627,12,0.81,42,2.35,0.19,0.59,0.5,-0.44,-1,38,\N,2019-07-06 08:48:40
KOF,Consumer Non-Durables,Beverages (Production/Distribution),13180,62.98,63.318,0.99466,45,\N,6,\N,\N,\N,\N,\N,\N,10,could not convert string to float: N/A,\N
KO,Consumer Non-Durables,Beverages (Production/Distribution),220810,52.11,48.02,1.08518,75,6.89,88,0.32,0.54,0.44,0.2,0.39,0.205882,78,\N,2019-07-06 08:48:55
CCEP,Consumer Non-Durables,Beverages (Production/Distribution),26680,57.9,51.196,1.13095,84,\N,6,\N,\N,\N,\N,\N,\N,10,could not convert string to float: N/A,\N
CDE,Basic Industries,Precious Metals,917.95,4.27,4.17,1.02398,56,\N,6,\N,\N,\N,\N,\N,\N,10,,\N
CNS,Finance,Investment Managers,2400,52.79,44.08,1.1976,91,6.55,87,0.59,0.63,0.65,0.54,0.68,0.642857,91,\N,2019-07-06 08:49:39
CFX,Capital Goods,Fluid Controls,3120,27.02,26.614,1.01526,53,0.84,42,0.2,0.31,0.26,0.39,-0.39,-0.75641,43,\N,2019-07-06 08:49:54
CL,Consumer Non-Durables,Package Goods/Cosmetics,63450,73.14,67.811,1.07858,73,4,76,0.72,0.73,0.6,0.7,0.65,-0.538462,47,\N,2019-07-06 08:50:07
CCH,Finance,Business Services,569.93,10.1,9.91,1.01913,54,\N,6,\N,\N,\N,\N,\N,\N,10,could not convert string to float: N/A,\N
CLNY,Consumer Services,Real Estate Investment Trusts,2430,5.13,5.354,0.958195,36,0.94,44,-0.14,-0.19,-0.15,-0.82,-0.21,\N,10,\N,2019-07-06 08:50:21
CLNC,Consumer Services,Real Estate Investment Trusts,1990,15.58,16.022,0.972414,39,3.28,71,-0.05,0.12,-0.42,-1,0.11,0.142857,75,\N,2019-07-06 08:50:35
CXP,Consumer Services,Real Estate Investment Trusts,2470,21.32,21.817,0.977198,40,8.38,90,0.01,-0.03,0.05,0.04,0.03,0.25,80,\N,2019-07-06 08:50:48
CMA,Finance,Major Banks,10780,72.98,76.819,0.95002,34,3.3,71,1.59,1.87,1.86,1.88,2.11,1,98,\N,2019-07-06 08:51:02
FIX,Capital Goods,Engineering & Construction,1850,51.78,50.536,1.02462,57,0.84,42,0.44,0.87,1.02,0.67,0.53,0.155172,76,\N,2019-07-06 08:51:19
CMC,Basic Industries,Steel/Iron Ore,1980,17.81,16.465,1.08167,74,0.38,31,0.34,0.44,0.17,0.12,0.66,0.592593,90,\N,2019-07-06 08:51:32
CBU,Finance,Major Banks,3290,66.12,62.852,1.05199,66,6.09,86,0.78,0.86,0.83,0.78,0.8,0.25,80,\N,2019-07-06 08:51:45
CYH,Health Care,Hospital/Nursing Management,306.96,2.83,3.579,0.790823,14,0.02,22,-0.22,-0.97,-2.88,-2.91,-1.04,\N,9,\N,2019-07-06 08:51:59
CHCT,Consumer Services,Real Estate Investment Trusts,742.44,40.74,35.266,1.15523,88,15.17,95,0.09,0.12,0.1,-0.12,0.06,-0.125,59,\N,2019-07-06 08:52:12
CIG,Public Utilities,Electric Utilities: Central,5380,3.88,3.653,1.06224,68,\N,6,\N,\N,\N,\N,\N,\N,9,could not convert string to float: N/A,\N
CBD,Consumer Services,Food Chains,5940,24.07,23.561,1.0216,55,\N,6,\N,\N,\N,\N,\N,\N,9,could not convert string to float: N/A,\N
SBS,Public Utilities,Water Supply,8150,12.81,10.98,1.16667,89,\N,6,\N,\N,\N,\N,\N,\N,9,could not convert string to float: N/A,\N
ELP,Public Utilities,Electric Utilities: Central,3380,12.51,10.204,1.22594,93,\N,6,\N,\N,\N,\N,\N,\N,9,could not convert string to float: N/A,\N
CCU,Consumer Non-Durables,Beverages (Production/Distribution),5140,28.41,27.641,1.02783,58,\N,6,\N,\N,\N,\N,\N,\N,9,could not convert string to float: N/A,\N
CODI,Consumer Durables,Home Furnishings,1120,19.76,16.234,1.21721,93,0.68,39,-0.09,-0.1,-0.07,-0.25,1.72,\N,9,\N,2019-07-06 08:52:31
CMP,Basic Industries,Mining & Quarrying of Nonmetallic Minerals (No Fue,1830,54.84,52.772,1.03919,61,1.27,50,0.37,-0.23,0.37,1.5,0.22,-0.0867052,61,\N,2019-07-06 08:52:45
CRK,Energy,Oil & Gas Production,552.02,5.67,6.143,0.92304,29,\N,6,\N,\N,\N,\N,\N,\N,9,,\N
CAG,Consumer Non-Durables,Packaged Foods,14040,28.06,25.967,1.08061,74,1.43,53,0.9,0.18,0.45,0.31,0.5,-0.555556,47,\N,2019-07-06 08:53:13
CXO,Energy,Oil & Gas Production,20480,100.93,109.951,0.917954,28,5.02,82,5.58,0.92,-1.05,7.55,-3.49,-0.821558,42,\N,2019-07-06 08:53:27
CCM,Health Care,Medical/Nursing Services,97.56,2.4,2.803,0.856256,21,\N,6,\N,\N,\N,\N,\N,\N,9,could not convert string to float: N/A,\N
CNDT,Miscellaneous,Business Services,1870,9.86,11.939,0.825838,17,0.4,32,-0.26,0.04,-1.16,-0.69,-1.49,-0.803922,42,\N,2019-07-06 08:53:57
COP,Energy,Integrated oil Companies,67550,59.9,64.532,0.928227,30,1.78,57,0.75,1.39,1.59,1.61,1.6,0.988372,97,\N,2019-07-06 08:54:12
CCR,Energy,Coal Mining,431.9,16,17.259,0.927078,30,1.27,50,0.78,0.69,0.31,0.58,0.54,-0.510638,48,\N,2019-07-06 08:54:27
ED,Public Utilities,Power Generation,29090,88.81,83.091,1.06883,70,2.33,63,1.37,0.6,1.39,1.05,1.31,-0.0759494,62,\N,2019-07-06 08:54:42
STZ,Consumer Non-Durables,Beverages (Production/Distribution),35250,197.49,182.088,1.08458,74,4.63,81,3.77,5.87,1.56,6.37,-1.3,-0.661017,45,\N,2019-07-06 08:54:55
CSTM,Basic Industries,Metal Fabrications,1320,10.11,8.895,1.1366,84,\N,6,\N,\N,\N,\N,\N,\N,9,could not convert string to float: N/A,\N
TCS,Consumer Services,Home Furnishings,351.04,7.73,7.264,1.06419,69,0.43,33,-0.01,-0.14,0.07,0.19,0.33,0.723404,93,\N,2019-07-06 08:55:09
CBPX,Capital Goods,Building Materials,850.65,26.31,25.712,1.02325,56,1.71,57,0.36,0.59,0.5,0.55,0.45,0.391304,85,\N,2019-07-06 08:55:23
CLR,Energy,Oil & Gas Production,14960,41.05,43.546,0.942687,33,3.54,73,0.63,0.65,0.84,0.53,0.5,-0.382353,51,\N,2019-07-06 08:55:37
VLRS,Transportation,Air Freight/Delivery Services,982.8,9.89,8.547,1.15707,88,\N,6,\N,\N,\N,\N,\N,\N,9,could not convert string to float: N/A,\N
CTRA,Energy,Coal Mining,956.67,49.11,58.275,0.842733,19,0.44,33,5.53,7.16,1.15,9.89,0.35,-0.542977,47,\N,2019-07-06 08:55:51
CTB,Consumer Durables,Automotive Aftermarket,1540,31.6,31.271,1.01051,51,0.56,36,0.16,0.3,1.07,-0.01,0.14,-0.0185185,65,\N,2019-07-06 08:56:05
CPS,Capital Goods,Auto Parts:O.E.M.,756.97,45.46,55.659,0.816753,17,0.22,26,3.07,2.28,1.77,-1.3,-0.2,-0.748284,43,\N,2019-07-06 08:56:19
CTK,Technology,EDP Services,634.81,9.09,10.222,0.889273,24,\N,6,\N,\N,\N,\N,\N,\N,9,,\N
CPA,Transportation,Air Freight/Delivery Services,3980,103.34,88.334,1.16987,89,1.66,56,3.22,1.18,1.36,-3.67,2.11,-0.161103,58,\N,2019-07-06 08:56:49
CLB,Energy,Oilfield Services/Equipment,2300,53.45,62.401,0.85656,21,3.39,72,0.53,0.56,0.5,0.2,0.91,0.535211,89,\N,2019-07-06 08:57:03
CXW,Consumer Services,Real Estate Investment Trusts,2570,20.26,20.559,0.985467,42,1.28,50,0.32,0.33,0.34,0.35,0.41,1,98,\N,2019-07-06 08:57:17
CLGX,Technology,EDP Services,3350,43.19,38.855,1.11156,80,1.98,59,0.34,0.71,0.27,0.15,0.02,-0.463768,49,\N,2019-07-06 08:57:34
CORR,Consumer Services,Real Estate Investment Trusts,506.44,40.36,37.479,1.07686,72,5.79,85,0.45,0.45,0.44,1.52,0.12,-0.235714,55,\N,2019-07-06 08:57:49
CPLG,Consumer Services,Real Estate Investment Trusts,728.3,13,12.768,1.01818,54,\N,6,\N,\N,\N,\N,\N,\N,9,,\N
COR,Consumer Services,Real Estate Investment Trusts,4300,120.29,106.277,1.13185,84,8.02,89,0.59,0.57,0.52,0.54,0.54,-0.714286,44,\N,2019-07-06 08:58:17
CNR,Capital Goods,Metal Fabrications,647.65,5.88,6.436,0.91365,27,0.22,26,0.08,-0.09,0.54,0.41,-0.48,-0.54902,47,\N,2019-07-06 08:58:31
GLW,Basic Industries,Telecommunications Equipment,25750,33.61,32.428,1.03645,60,2.27,62,-0.72,0.78,0.67,0.32,0.55,0.846667,95,\N,2019-07-06 08:58:46
CAAP,Transportation,Aerospace,1270,8.22,7.684,1.0697,70,0.94,44,0.17,-0.14,-0.09,0.25,0.19,0.0512821,70,\N,2019-07-06 08:59:00
OFC,Consumer Services,Real Estate Investment Trusts,3070,27.5,26.482,1.03844,61,5.36,84,0.17,0.19,0.18,0.16,0.19,0.666667,91,\N,2019-07-06 08:59:31
CTVA,Consumer Non-Durables,Farming/Seeds/Milling,20750,28.64,0,0,0,\N,6,\N,\N,\N,\N,\N,\N,9,could not convert string to float: ,\N
CZZ,Consumer Non-Durables,Specialty Foods,3210,13.83,11.669,1.18519,90,\N,6,\N,\N,\N,\N,\N,\N,9,could not convert string to float: N/A,\N
CMRE,Transportation,Marine Transportation,564.47,5.48,5.246,1.04451,63,1.55,54,0.11,0.06,0.06,0.11,-0.08,-1,38,\N,2019-07-06 09:00:00
COT,Consumer Non-Durables,Beverages (Production/Distribution),1820,13.22,14.473,0.913412,27,0.75,40,2.54,0.08,0.07,0.01,-0.14,-1,38,\N,2019-07-06 09:00:15
COTY,Consumer Non-Durables,Package Goods/Cosmetics,9910,11.55,10.818,1.06763,70,0.98,45,-0.1,-0.24,-0.02,-1.28,-0.02,\N,9,\N,2019-07-06 09:00:29
CUZ,Consumer Services,Real Estate Investment Trusts,10040,37.26,36.952,1.00833,50,10.86,93,0.16,0.2,0.2,0.2,0.32,1,98,\N,2019-07-06 09:00:43
CVA,Basic Industries,Electric Utilities: Central,2360,18.1,16.946,1.0681,70,1.28,50,1.53,-0.24,-0.21,0.07,0.03,-0.847458,41,\N,2019-07-06 09:00:57
CVIA,Basic Industries,Mining & Quarrying of Nonmetallic Minerals (No Fue,262.89,1.65,4.385,0.37626,3,\N,6,\N,\N,\N,\N,\N,\N,9,,\N
CPF,Finance,Major Banks,825.96,30.47,28.571,1.06647,69,4.05,77,0.48,0.48,0.52,0.54,0.55,1,98,\N,2019-07-06 09:01:25
CPL,Public Utilities,Electric Utilities: Central,8570,16.51,15.512,1.06434,69,\N,6,\N,\N,\N,\N,\N,\N,9,could not convert string to float: N/A,\N
CR,Capital Goods,Metal Fabrications,4840,84.55,82.434,1.02567,57,1.5,54,1.13,1.32,1.59,1.46,1.36,0.5,88,\N,2019-07-06 09:01:40
BAP,Finance,Commercial Banks,18110,238.37,233.475,1.02097,55,\N,6,\N,\N,\N,\N,\N,\N,9,could not convert string to float: N/A,\N
CS,Finance,Investment Bankers/Brokers/Service,29040,12.25,12.03,1.0183,54,\N,6,\N,\N,\N,\N,\N,\N,9,could not convert string to float: N/A,\N
CPG,Energy,Oil & Gas Production,1770,3.13,3.326,0.941083,32,\N,5,\N,\N,\N,\N,\N,\N,9,could not convert string to float: N/A,\N
CEQP,Consumer Services,Other Consumer Services,2520,36.43,34.053,1.06981,70,0.78,41,0.21,-0.57,-0.34,0.57,-0.07,-0.245614,55,\N,2019-07-06 09:01:56
CRH,Capital Goods,Building Materials,25770,33.61,31.211,1.07686,72,\N,5,\N,\N,\N,\N,\N,\N,9,could not convert string to float: N/A,\N
CRT,Energy,Oil & Gas Production,75.49,12.49,12.042,1.0372,61,9.12,91,0.34,0.36,0.36,0.37,0.18,-0.842105,41,\N,2019-07-06 09:02:11
CAPL,Energy,Oil Refining/Marketing,540.08,16.37,16.902,0.968499,38,0.25,28,-0.06,-0.21,0.15,0.22,0,0.139535,75,\N,2019-07-06 09:02:25
CCI,Consumer Services,Real Estate Investment Trusts,55400,134.23,123.004,1.09127,76,10.05,92,0.21,0.36,0.33,0.44,0.44,1,98,\N,2019-07-06 09:02:39
CCK,Consumer Durables,Containers/Packaging,8050,63.33,54.913,1.15327,87,0.73,40,0.67,0.99,1.23,0.4,0.77,0.120482,74,\N,2019-07-06 09:02:53
CRY,Health Care,Medical/Dental Instruments,1110,30.48,29.12,1.0467,64,4.24,78,-0.11,0.01,0.04,-0.05,-0.01,0.666667,91,\N,2019-07-06 09:03:07
CSS,Consumer Services,Consumer: Greeting Cards,42.85,5,6.916,0.722934,11,0.12,24,-4.21,-2.03,-0.54,-0.77,-2.65,\N,9,\N,2019-07-06 09:03:20
CTS,Technology,Electrical Products,902.21,27.93,28.944,0.964955,38,1.93,59,0.34,0.21,0.3,0.52,0.34,0,66,\N,2019-07-06 09:03:34
CUBE,Consumer Services,Real Estate Investment Trusts,6330,34.35,31.648,1.08537,75,10.66,92,0.19,0.21,0.23,0.25,0.19,-0.00000000000000177636,66,\N,2019-07-06 09:03:48
CUB,Capital Goods,Industrial Machinery/Components,1930,67,58.981,1.13596,84,1.58,55,-0.07,0.23,0.65,-0.23,-0.3,-0.242105,55,\N,2019-07-06 09:04:18
CFR,Finance,Major Banks,5720,94.83,98.08,0.966865,38,4.59,80,1.61,1.68,1.78,1.82,1.79,0.857143,95,\N,2019-07-06 09:04:34
CULP,Basic Industries,Textiles,228.49,19.02,18.853,1.00885,50,0.79,41,-0.06,1,0.08,0.23,0.25,0.292453,82,\N,2019-07-06 09:04:48
CMI,Energy,Industrial Machinery/Components,26590,169.15,156.836,1.07851,73,1.1,48,1.96,3.32,4.28,3.62,4.2,0.965517,97,\N,2019-07-06 09:05:02
CURO,Finance,Finance: Consumer Services,449.1,11.15,10.762,1.03602,60,0.46,34,0.49,0.33,-1.03,-0.31,0.79,0.164835,76,\N,2019-07-06 09:05:16
CW,Technology,Industrial Machinery/Components,5120,127.32,114.606,1.11093,80,2.23,62,0.98,1.68,1.68,1.89,1.29,0.340659,83,\N,2019-07-06 09:05:29
CWK,Finance,Real Estate,3780,18.1,17.673,1.02414,56,\N,5,\N,\N,\N,\N,\N,\N,9,,\N
CUBI,Finance,Major Banks,619.49,20.82,20.359,1.02263,56,2.15,61,0.64,0.62,0.07,0.44,0.38,-0.45614,49,\N,2019-07-06 09:05:57
CVI,Energy,Integrated oil Companies,4860,51.15,42.411,1.20604,92,0.73,40,0.76,0.59,0.94,0.82,1,0.585366,90,\N,2019-07-06 09:06:13
UAN,Basic Industries,Agricultural Chemicals,415.75,3.64,3.735,0.974595,40,1.14,48,-0.17,-0.15,-0.12,-0.01,-0.05,\N,9,\N,2019-07-06 09:06:27
CVS,Health Care,Medical/Nursing Services,69740,55.57,57.817,0.961128,37,0.34,30,0.98,-2.52,1.36,-0.37,1.09,0.0283505,69,\N,2019-07-06 09:06:41
CELP,Energy,Oilfield Services/Equipment,86.73,7.38,7.239,1.01954,55,0.26,28,0.06,0.24,0.26,0.13,0.05,-0.047619,63,\N,2019-07-06 09:06:55
DHI,Capital Goods,Homebuilding,15890,43.48,41.659,1.04372,63,0.98,45,0.91,1.18,1.22,0.76,0.93,0.0434783,70,\N,2019-07-06 09:07:09
DAN,Capital Goods,Auto Parts:O.E.M.,2540,19.16,17.723,1.0811,74,0.34,30,0.73,0.85,0.65,0.69,0.68,-0.25,54,\N,2019-07-06 09:07:22
DHR,Capital Goods,Industrial Machinery/Components,101810,144.45,124.819,1.15728,88,5.11,83,0.8,0.95,0.93,1.05,0.46,-0.576271,46,\N,2019-07-06 09:07:35
DAC,Transportation,Marine Transportation,123.62,8.82,11.867,0.743222,12,0.29,29,1.96,0.7,10.78,-19.18,2.19,0.0076769,68,\N,2019-07-06 09:07:49
DQ,Technology,Semiconductors,530.19,43.54,35.36,1.23132,93,2.01,60,2.79,1,-1.39,0.85,0.48,-0.552632,47,\N,2019-07-06 09:08:04
DRI,Consumer Services,Restaurants,15140,123.64,114.266,1.08204,74,1.79,58,1.73,1.39,1.32,0.92,1.79,0.0689655,71,\N,2019-07-06 09:08:18
DAR,Consumer Non-Durables,Packaged Foods,3290,19.94,20.735,0.961671,37,0.98,45,0.58,-0.18,-0.04,0.24,0.11,-0.618421,45,\N,2019-07-06 09:08:34
DVA,Health Care,Hospital/Nursing Management,9030,58.27,53.594,1.08725,75,0.86,43,0.98,1.53,-0.82,-0.9,0.9,-0.0329218,64,\N,2019-07-06 09:08:47
DCP,Public Utilities,Natural Gas Distribution,4100,30.63,31.433,0.974466,40,0.43,33,0.08,0.07,0.18,0.28,0.14,0.285714,81,\N,2019-07-06 09:09:01
DF,Consumer Non-Durables,Packaged Foods,89.91,1.1,2.765,0.397792,4,0.01,21,0,-0.44,-0.29,-2.85,-0.67,\N,9,\N,2019-07-06 09:09:16
DECK,Consumer Non-Durables,Shoe Manufacturing,5010,176.92,146.811,1.20508,92,2.55,65,0.66,-1,2.48,6.68,0.82,0.0208333,68,\N,2019-07-06 09:09:30
DE,Capital Goods,Industrial Machinery/Components,52720,163.42,157.642,1.03665,60,1.33,51,3.67,2.78,2.42,1.54,3.52,-0.0704225,62,\N,2019-07-06 09:09:45
DKL,Energy,Natural Gas Distribution,750.77,33.69,31.162,1.08111,74,1.28,50,0.59,0.79,0.68,0.58,0.51,-0.285714,53,\N,2019-07-06 09:09:58
DK,Energy,Integrated oil Companies,2950,40.4,35.425,1.14043,85,0.31,29,-0.43,0.89,2.03,1.48,1.9,0.947154,97,\N,2019-07-06 09:10:29
DELL,Technology,Computer Manufacturing,37590,52.37,56.47,0.927395,30,\N,5,\N,\N,\N,\N,\N,\N,9,,\N
DLPH,Capital Goods,Auto Parts:O.E.M.,1630,18.45,19.367,0.952654,35,0.34,30,1.1,0.97,0.44,1.52,0.18,-0.686567,44,\N,2019-07-06 09:10:59
DAL,Transportation,Air Freight/Delivery Services,36610,58.7,52.984,1.10788,79,0.85,43,0.77,1.47,1.91,1.49,1.09,0.280702,81,\N,2019-07-06 09:11:13
DLX,Consumer Durables,Publishing,1750,41.02,43.325,0.946808,34,0.89,43,1.31,1.25,-0.67,1.4,0.93,-0.183575,57,\N,2019-07-06 09:11:27
DNR,Energy,Oil & Gas Production,530.41,1.22,1.878,0.649596,8,0.39,32,0.09,0.07,0.17,0.38,-0.06,-0.340909,52,\N,2019-07-06 09:11:41
DBI,Consumer Services,Clothing/Shoe/Accessory Stores,1360,19.22,23.171,0.829499,18,0.43,33,0.3,-0.48,0.48,-0.58,0.4,0.0943396,72,\N,2019-07-06 09:11:54
DESP,Consumer Services,Transportation Services,942.99,13.7,14.64,0.935797,31,1.84,58,0.24,0.02,-0.02,0.04,0.03,-0.807692,42,\N,2019-07-06 09:12:09
DB,Finance,Major Banks,14690,8.03,8.208,0.978266,40,\N,5,\N,\N,\N,\N,\N,\N,9,could not convert string to float: N/A,\N
DVN,Energy,Oil & Gas Production,11590,27.9,28.675,0.972979,39,1.19,49,-0.38,-0.83,5.14,2.48,-0.74,-0.0603015,63,\N,2019-07-06 09:12:23
DHX,Miscellaneous,Business Services,219.04,3.99,2.897,1.37717,98,1.41,52,0.07,0,0.02,0.06,0.03,-0.571429,47,\N,2019-07-06 09:12:36
DHT,Transportation,Marine Transportation,802.3,6.04,4.887,1.23583,94,2,60,-0.06,-0.2,-0.15,0.08,0.12,0.5625,89,\N,2019-07-06 09:12:50
DEO,Consumer Non-Durables,Beverages (Production/Distribution),102780,172.63,160.415,1.07614,72,\N,5,\N,\N,\N,\N,\N,\N,9,could not convert string to float: N/A,\N
DO,Energy,Oil & Gas Production,1140,8.79,10.019,0.877299,23,1.21,49,0.14,-0.5,-0.37,-0.58,-0.53,\N,9,\N,2019-07-06 09:13:04
DSSI,Consumer Services,Transportation Services,452.76,12.64,0,0,0,\N,5,\N,\N,\N,\N,\N,\N,9,,\N
DRH,Consumer Services,Real Estate Investment Trusts,2010,10.37,10.41,0.996143,46,2.35,63,0.02,0.14,0.15,0.12,0.04,0.153846,75,\N,2019-07-06 09:13:33
DSX,Transportation,Marine Transportation,330.1,3.64,3.076,1.18328,90,1.56,55,-0.04,0,0.13,0.01,0.02,0.352941,84,\N,2019-07-06 09:13:47
DKS,Consumer Services,Other Specialty Stores,3130,36.74,35.999,1.02058,55,0.4,32,0.59,1.2,0.39,1.07,0.61,0.0246914,69,\N,2019-07-06 09:14:01
DBD,Miscellaneous,Office Equipment/Supplies/Services,636.48,9.57,8.617,1.11057,80,0.16,25,-0.94,-1.82,-2.79,-1.62,-1.74,\N,9,\N,2019-07-06 09:14:15
DLR,Consumer Services,Real Estate Investment Trusts,25200,121.04,115.303,1.04975,65,8,89,0.42,0.32,0.33,0.15,0.46,0.129032,74,\N,2019-07-06 09:14:30
DDS,Consumer Services,Department/Specialty Retail Stores,1600,65.17,66.194,0.984528,42,0.26,28,2.89,-0.1,0.27,3.22,2.99,0.0301205,69,\N,2019-07-06 09:14:45
DIN,Consumer Services,Restaurants,1640,103.38,88.022,1.17448,89,2.18,61,0.92,0.69,1.29,1.47,1.73,0.778846,94,\N,2019-07-06 09:14:58
DPLO,Health Care,Medical/Nursing Services,404.95,5.97,7.859,0.759616,13,0.08,23,-0.01,-0.05,0,-4,-0.19,-0.045,63,\N,2019-07-06 09:15:12
DFS,Finance,Finance: Consumer Services,25060,80.2,72.899,1.10015,78,3.33,71,1.82,1.91,2.05,2.03,2.15,1,98,\N,2019-07-06 09:15:25
DLB,Miscellaneous,Multi-Sector Companies,4150,65.03,63.799,1.0193,54,5.45,84,0.66,0.78,0.47,0.93,0.7,0.0869565,72,\N,2019-07-06 09:15:39
DG,Consumer Services,Department/Specialty Retail Stores,35130,139.95,121.604,1.15086,87,1.38,52,1.36,1.52,1.26,1.84,1.48,0.206897,78,\N,2019-07-06 09:16:09
D,Public Utilities,Electric Utilities: Central,63150,77.9,74.689,1.043,63,4.54,80,0.77,0.69,1.3,0.94,-0.86,-0.75463,43,\N,2019-07-06 09:16:22
DPZ,Consumer Non-Durables,Food Distributors,11390,278.26,266.741,1.04318,63,3.2,70,2,1.78,1.95,2.62,2.2,0.238095,79,\N,2019-07-06 09:16:36
UFS,Basic Industries,Paper,2800,42.84,46.262,0.926036,29,0.49,34,0.86,0.68,1.57,1.38,1.27,0.460674,87,\N,2019-07-06 09:16:50
DCI,Capital Goods,Pollution Control Equipment,6320,49.87,49.458,1.00832,50,2.24,62,0.53,0.78,0.56,0.46,0.58,0.15625,76,\N,2019-07-06 09:17:03
DFIN,Consumer Services,Other Consumer Services,441.86,13.88,14.521,0.955832,36,0.5,34,0.23,0.56,1.4,-0.03,-0.04,-0.1875,57,\N,2019-07-06 09:17:18
LPG,Transportation,Marine Transportation,476.65,9.1,6.958,1.30776,96,3.18,70,-0.06,-0.38,-0.15,-0.11,-0.29,\N,9,\N,2019-07-06 09:17:31
PLOW,Capital Goods,Construction/Ag Equipment/Trucks,904.52,39.14,37.665,1.03918,61,1.67,56,-0.08,0.91,0.43,0.63,-0.01,0.0707071,71,\N,2019-07-06 09:17:46
DEI,Consumer Services,Real Estate Investment Trusts,7020,40.82,39.424,1.03541,60,7.95,89,0.17,0.19,0.18,0.15,0.17,0,66,\N,2019-07-06 09:19:03
DOV,Technology,Industrial Machinery/Components,14330,102.74,91.126,1.12745,83,2.11,61,0.84,0.91,1.05,0.96,0.72,-0.363636,51,\N,2019-07-06 09:19:17
DVD,Consumer Services,Services-Misc. Amusement & Recreation,72.47,2.04,2.026,1.00667,49,1.59,55,-0.03,0.18,-0.07,0.11,-0.07,-0.16,58,\N,2019-07-06 09:19:31
DOW,Basic Industries,Major Chemicals,37210,49.31,0,0,0,\N,5,\N,\N,\N,\N,\N,\N,9,,\N
RDY,Health Care,Major Pharmaceuticals,6020,37.94,38.616,0.982503,42,\N,5,\N,\N,\N,\N,\N,\N,9,could not convert string to float: N/A,\N
DRD,Basic Industries,Precious Metals,208.87,2.92,2.124,1.37473,98,\N,5,\N,\N,\N,\N,\N,\N,9,could not convert string to float: N/A,\N
DRQ,Energy,Metal Fabrications,1590,46.04,41.298,1.11483,81,4.35,79,-0.2,-0.08,-0.28,-2.09,-0.17,\N,9,\N,2019-07-06 09:20:00
DS,Consumer Services,Real Estate Investment Trusts,300.95,4.81,4.672,1.02957,58,1.06,47,-0.26,-0.09,-0.23,-0.07,-0.24,\N,9,\N,2019-07-06 09:20:14
DTE,Public Utilities,Electric Utilities: Central,23860,130.87,122.412,1.06909,70,1.72,57,2,1.29,1.84,1.04,2.19,0.165217,76,\N,2019-07-06 09:21:00
DCO,Capital Goods,Military/Government/Technical,504.64,45.87,42.882,1.06967,70,0.81,42,0.22,0.14,0.36,0.06,0.64,0.724138,93,\N,2019-07-06 09:21:14
DUK,Public Utilities,Power Generation,65610,89.68,88.261,1.01608,53,2.7,66,0.88,0.71,1.51,0.64,1.24,0.413793,85,\N,2019-07-06 09:21:28
DRE,Consumer Services,Real Estate Investment Trusts,11260,32.61,30.054,1.08507,74,11.89,93,0.2,0.54,0.15,0.18,0.12,-0.190476,57,\N,2019-07-06 09:21:43
DD,Basic Industries,Major Chemicals,55510,73.74,75.946,0.970954,39,0.66,38,1.41,2.28,0.63,0.63,0.69,-0.436364,49,\N,2019-07-06 09:21:57
DXC,Technology,EDP Services,14510,56.46,60.534,0.932699,31,0.72,40,1.93,0.9,0.92,1.66,1.01,-0.893204,41,\N,2019-07-06 09:22:10
DY,Basic Industries,Water Supply,1750,58.14,53.119,1.09452,76,0.57,36,0.53,0.94,0.87,-0.38,0.45,-0.0606061,63,\N,2019-07-06 09:22:23
DLNG,Consumer Services,Marine Transportation,52.53,1.42,2.472,0.574402,6,0.4,32,0.09,-0.04,-0.06,-0.03,-0.03,\N,9,\N,2019-07-06 09:22:37
DX,Consumer Services,Real Estate Investment Trusts,411.6,16.6,17.879,0.928479,30,-5.59,21,2.22,0.69,1.17,-4.02,-2.43,-0.745192,43,\N,2019-07-06 09:22:50
ELF,Consumer Non-Durables,Package Goods/Cosmetics,691.59,14.16,10.604,1.33533,97,2.63,65,0.01,0.03,0.08,0.2,-0.37,-0.666667,45,\N,2019-07-06 09:23:20
EXP,Capital Goods,Building Materials,3840,89.39,80.146,1.11533,81,2.73,66,0.76,1.38,1.53,1.24,-2.82,-0.822989,42,\N,2019-07-06 09:23:35
ESTE,Energy,Oil & Gas Production,355.04,6.64,6.449,1.0296,58,2.72,66,0.19,0.02,0.01,1.26,-0.6,-0.424731,50,\N,2019-07-06 09:23:50
DEA,Consumer Services,Real Estate Investment Trusts,1240,18.49,17.859,1.03535,60,7.18,88,0.03,0.02,0.03,0.01,-0.01,-1,38,\N,2019-07-06 09:24:03
EGP,Consumer Services,Real Estate Investment Trusts,4240,119.02,108.41,1.09787,77,14.08,95,0.83,0.52,0.64,0.51,0.62,-0.65625,45,\N,2019-07-06 09:24:17
EMN,Basic Industries,Major Chemicals,10580,77.85,77.597,1.00326,48,1.09,47,2,2.39,2.89,0.24,1.49,-0.192453,57,\N,2019-07-06 09:24:30
KODK,Miscellaneous,Industrial Machinery/Components,102.77,2.38,2.742,0.868009,22,0.08,23,-0.7,-0.02,0.33,-0.44,-0.54,0.15534,76,\N,2019-07-06 09:24:44
ETN,Technology,Industrial Machinery/Components,34730,81.81,78.512,1.04201,63,1.59,55,1.1,1.39,0.95,1.46,1.23,0.254902,80,\N,2019-07-06 09:24:58
EV,Finance,Investment Managers,4770,43.82,40.22,1.08952,75,2.93,68,0.78,0.83,0.87,0.75,0.89,0.785714,94,\N,2019-07-06 09:25:12
ECT,Energy,Oil & Gas Production,30.63,1.7,1.796,0.94629,33,4.33,79,0.06,0.06,0.08,0.11,0.06,0,66,\N,2019-07-06 09:25:26
ECL,Basic Industries,Package Goods/Cosmetics,55240,197.07,174.415,1.12989,83,3.86,76,0.84,1.2,1.48,1.35,1.01,0.265625,81,\N,2019-07-06 09:25:40
EC,Energy,Oil & Gas Production,38490,18.76,19.053,0.984627,42,\N,5,\N,\N,\N,\N,\N,\N,9,could not convert string to float: N/A,\N
EIX,Public Utilities,Electric Utilities: Central,21200,67.18,61.001,1.1013,78,1.69,56,0.67,0.84,1.57,-4.39,0.85,0.0302013,69,\N,2019-07-06 09:25:55
EW,Health Care,Industrial Specialties,39890,188.3,176.117,1.06918,70,10.09,92,0.96,1.32,1.06,0.03,1.18,0.170543,76,\N,2019-07-06 09:26:08
EE,Public Utilities,Electric Utilities: Central,2660,66.16,57.783,1.14497,86,2.97,68,-0.17,0.82,1.79,-0.38,0.15,0.147465,75,\N,2019-07-06 09:26:22
ELAN,Health Care,Major Pharmaceuticals,12720,34.19,31.713,1.07811,73,\N,5,\N,\N,\N,\N,\N,\N,9,,\N
ESTC,Technology,Computer Software: Prepackaged Software,5470,78.49,82.119,0.955804,36,\N,5,\N,\N,\N,\N,\N,\N,9,,\N
EGO,Basic Industries,Precious Metals,865.47,6.26,4.094,1.52913,99,2.44,64,0.05,-0.15,-0.8,-1.38,-0.17,\N,9,\N,2019-07-06 09:27:06
ESI,Basic Industries,Major Chemicals,2580,10.38,10.777,0.963181,37,1.37,52,0.13,0.04,-1.42,0.12,0.09,-0.0258065,65,\N,2019-07-06 09:27:20
ELVT,Finance,Finance: Consumer Services,185.74,4.23,4.466,0.947215,34,0.23,27,0.22,0.07,-0.1,0.09,0.3,0.2,78,\N,2019-07-06 09:27:35
LLY,Health Care,Major Pharmaceuticals,112000,112.82,119.339,0.945371,33,4.43,80,1.16,-0.25,1.12,1.06,4.31,0.690789,92,\N,2019-07-06 09:27:49
EFC,Finance,Real Estate,535.42,18.09,17.395,1.03994,62,6.56,87,0.67,0.69,0.22,-0.07,0.52,-0.197368,57,\N,2019-07-06 09:28:02
EARN,Consumer Services,Real Estate Investment Trusts,136.51,10.8,11.371,0.949792,34,16.35,96,-0.3,0.14,0.07,-0.8,0.72,0.671053,92,\N,2019-07-06 09:28:16
ERJ,Capital Goods,Aerospace,3620,20.39,20.086,1.01514,53,\N,5,\N,\N,\N,\N,\N,\N,9,could not convert string to float: N/A,\N
EME,Capital Goods,Engineering & Construction,4710,89.2,74.652,1.19489,91,0.59,37,0.94,1.21,1.35,1.36,1.28,0.809524,94,\N,2019-07-06 09:28:30
EEX,Miscellaneous,Business Services,772.4,11.1,12.702,0.87389,22,2.14,61,0.5,0.08,0.28,-1.24,0.36,-0.0804598,61,\N,2019-07-06 09:28:59
EBS,Health Care,Major Pharmaceuticals,2420,45.49,53.272,0.853914,20,2.73,66,-0.1,0.98,0.41,-0.07,-0.51,-0.275168,54,\N,2019-07-06 09:29:14
EMR,Energy,Consumer Electronics/Appliances,40160,65.4,66.222,0.987593,43,2.23,62,0.76,1.12,0.97,0.74,0.84,0.210526,78,\N,2019-07-06 09:29:28
ESRT,Consumer Services,Real Estate Investment Trusts,4500,15.25,15.383,0.991336,44,6.48,87,0.06,0.1,0.1,0.13,0.03,-0.3,53,\N,2019-07-06 09:29:42
EIG,Finance,Property-Casualty Insurers,1360,44.52,42.081,1.05795,67,1.67,56,0.77,1.28,1.43,0.77,1.57,1,98,\N,2019-07-06 09:29:55
EDN,Public Utilities,Electric Utilities: Central,814.41,20.1,22.243,0.903668,26,\N,5,\N,\N,\N,\N,\N,\N,9,could not convert string to float: N/A,\N
ENBL,Public Utilities,Natural Gas Distribution,5660,14.26,14.192,1.00479,49,1.73,57,0.24,0.2,0.3,0.38,0.26,0.111111,73,\N,2019-07-06 09:30:11
ENB,Energy,Natural Gas Distribution,70510,36.39,36.107,1.00782,50,\N,5,\N,\N,\N,\N,\N,\N,9,could not convert string to float: N/A,\N
ECA,Energy,Oil & Gas Production,6950,4.94,6.478,0.762534,13,1.21,49,0.16,-0.16,0.04,1.07,-0.2,-0.283465,54,\N,2019-07-06 09:30:26
EHC,Health Care,Hospital/Nursing Management,6150,63.82,62.334,1.02384,56,1.45,53,0.84,0.92,0.89,0.28,1.03,0.253333,80,\N,2019-07-06 09:30:41
DAVA,Technology,EDP Services,2080,40.25,29.778,1.35168,97,\N,5,\N,\N,\N,\N,\N,\N,9,could not convert string to float: N/A,\N
EXK,Basic Industries,Precious Metals,276.1,2,2.197,0.910228,27,1.87,58,0.02,-0.04,-0.04,-0.03,-0.1,\N,9,\N,2019-07-06 09:30:56
ENIA,Public Utilities,Electric Utilities: Central,9790,8.53,8.997,0.948107,34,0.72,40,0.19,0.15,0.09,0.59,0.18,-0.02,65,\N,2019-07-06 09:31:09
ENIC,Public Utilities,Electric Utilities: Central,6710,4.7,4.994,0.941078,32,\N,5,\N,\N,\N,\N,\N,\N,9,could not convert string to float: N/A,\N
ENR,Miscellaneous,Industrial Machinery/Components,2620,39.97,45.224,0.883816,24,1.39,52,0.13,0.39,0.02,1.16,-1.14,-0.552174,47,\N,2019-07-06 09:31:24
EPC,Consumer Non-Durables,Package Goods/Cosmetics,1460,28.05,38.258,0.733175,12,0.69,39,1.2,0.22,0.36,-0.01,0.89,-0.256198,54,\N,2019-07-06 09:31:38
ET,Public Utilities,Natural Gas Distribution,36620,14.6,14.773,0.988276,43,0.68,39,0.31,0.31,0.32,0.26,0.33,0.285714,81,\N,2019-07-06 09:31:53
ERF,Energy,Oil & Gas Production,1750,7.5,8.342,0.899025,25,\N,5,\N,\N,\N,\N,\N,\N,8,could not convert string to float: N/A,\N
ENS,Consumer Non-Durables,Telecommunications Equipment,2850,66.33,70.428,0.941819,32,1.02,46,1.27,1.08,1.11,1.12,0.42,-1,38,\N,2019-07-06 09:32:08
E,Energy,Oil & Gas Production,59240,32.66,33.408,0.977605,40,\N,5,\N,\N,\N,\N,\N,\N,8,could not convert string to float: N/A,\N
ENLC,Public Utilities,Natural Gas Distribution,4710,10.54,11.172,0.943457,33,0.67,39,0.07,0.15,0.04,-0.75,-0.45,-0.577778,46,\N,2019-07-06 09:32:22
EBF,Consumer Services,Office Equipment/Supplies/Services,533.85,20.59,20.167,1.02099,55,1.29,50,0.36,0.37,0.4,0.32,0.37,0.125,74,\N,2019-07-06 09:32:36
ENVA,Finance,Finance: Consumer Services,746.43,22.52,23.628,0.953097,35,0.73,40,0.81,0.52,0.43,0.25,1.02,0.272727,81,\N,2019-07-06 09:32:49
NPO,Basic Industries,Metal Fabrications,1320,64.17,65.466,0.980203,41,0.86,43,0.58,0.47,1.16,-1.07,0.63,0.0224215,68,\N,2019-07-06 09:33:03
ESV,Energy,Oil & Gas Production,1500,8.91,14.271,0.62436,7,1.03,46,-1.28,-1.4,-1.32,-1.88,-1.75,\N,8,\N,2019-07-06 09:33:17
ETM,Consumer Services,Broadcasting,814.17,6.16,6.353,0.969636,39,0.58,37,-0.1,0.02,0.27,-2.8,0.02,0.0390879,69,\N,2019-07-06 09:33:46
ETR,Public Utilities,Electric Utilities: Central,20480,104.34,94.1,1.10882,80,1.9,59,0.73,1.34,2.92,-0.36,1.32,0.179878,77,\N,2019-07-06 09:34:01
EPD,Public Utilities,Natural Gas Distribution,62790,29.38,28.31,1.03779,61,1.78,57,0.41,0.31,0.6,0.59,0.57,0.551724,89,\N,2019-07-06 09:34:16
EVC,Consumer Services,Broadcasting,249.42,3.18,3.345,0.950662,34,0.96,45,-0.02,0.05,0.02,0.08,0.02,0.4,85,\N,2019-07-06 09:34:30
ENV,Miscellaneous,Business Services,3480,70.14,63.074,1.11203,80,4.47,80,0.17,-0.12,0.06,0,-0.38,-1,38,\N,2019-07-06 09:34:44
EVA,Basic Industries,Forest Products,1030,31.01,30.719,1.00946,50,1.71,57,-0.78,0.08,0.43,0.28,-0.42,0.297521,82,\N,2019-07-06 09:34:57
ENZ,Health Care,Medical Specialities,177.39,3.65,3.39,1.07655,72,1.95,59,-0.06,-0.12,-0.13,-0.18,0.47,\N,8,\N,2019-07-06 09:35:10
EOG,Energy,Oil & Gas Production,52250,88.57,93.828,0.943962,33,2.92,68,1.1,1.2,2.05,1.54,1.1,8.88178e-16,67,\N,2019-07-06 09:35:23
EPAM,Technology,EDP Services,9310,180.11,160.688,1.12087,82,5.06,82,1.15,0.89,1.15,1.05,1.06,-0.346154,52,\N,2019-07-06 09:35:38
EPR,Consumer Services,Real Estate Investment Trusts,5780,76.08,75.164,1.01219,51,8.97,91,0.32,1.15,1.15,0.65,0.79,0.566265,89,\N,2019-07-06 09:35:51
EQM,Public Utilities,Natural Gas Distribution,8940,43.85,44.314,0.989535,44,5.9,85,1.61,1.09,1.14,-0.89,1.56,-0.02,65,\N,2019-07-06 09:36:06
EQT,Energy,Oil & Gas Production,3680,15.47,19.244,0.803895,16,0.83,42,-5.99,0.07,-0.15,-2.5,0.75,1,98,\N,2019-07-06 09:36:20
EFX,Finance,Finance: Consumer Services,15830,138.06,116.328,1.18681,91,4.92,82,0.75,1.19,0.32,0.21,-4.6,-0.924007,40,\N,2019-07-06 09:36:35
EQNR,Energy,Integrated oil Companies,65710,19.85,21.725,0.913712,27,0.88,43,0.39,0.37,0.5,1.01,0.51,0.1875,77,\N,2019-07-06 09:36:48
ETRN,Public Utilities,Natural Gas Distribution,5130,19.19,20.353,0.942838,33,\N,5,\N,\N,\N,\N,\N,\N,8,,\N
EQC,Consumer Services,Real Estate Investment Trusts,3970,33.08,32.237,1.02615,57,22.39,97,1.48,0.29,0.25,0.11,1.67,0.121795,74,\N,2019-07-06 09:37:18
ELS,Consumer Services,Real Estate Investment Trusts,10820,124.89,112.783,1.10734,79,11.04,93,0.68,0.52,0.63,0.56,1.26,0.783784,94,\N,2019-07-06 09:37:33
EQR,Consumer Services,Real Estate Investment Trusts,28500,77.92,74.162,1.05067,65,\N,5,\N,\N,\N,\N,\N,\N,8,list index out of range,\N
ERA,Transportation,Transportation Services,182.21,8.56,9.668,0.885436,24,0.88,43,-0.06,-0.49,1.44,-0.27,-0.28,-0.11399,60,\N,2019-07-06 09:38:59
EROS,Consumer Services,Movies/Entertainment,160.47,1.78,7.957,0.22371,3,0.52,35,-0.08,-0.32,-0.2,0.17,0.12,0.408163,85,\N,2019-07-06 09:39:14
ESE,Capital Goods,Telecommunications Equipment,2000,82.38,70.506,1.16841,89,2.69,66,0.38,0.73,1.09,0.66,0.72,0.478873,87,\N,2019-07-06 09:39:28
ESNT,Finance,Property-Casualty Insurers,4470,49.13,44.061,1.11505,81,6.31,86,1.13,1.14,1.18,1.31,1.3,0.944444,97,\N,2019-07-06 09:39:41
EPRT,Consumer Services,Real Estate Investment Trusts,1180,20.33,18.343,1.1083,79,\N,5,\N,\N,\N,\N,\N,\N,8,,\N
ESS,Consumer Services,Real Estate Investment Trusts,19330,301.1,280.411,1.07378,71,13.72,94,1.38,1.52,1.22,1.78,1.81,0.728814,93,\N,2019-07-06 09:40:06
EL,Consumer Non-Durables,Package Goods/Cosmetics,40340,185.35,159.134,1.16474,89,4.6,80,0.99,0.49,1.34,1.55,1.51,0.490566,87,\N,2019-07-06 09:40:20
ETH,Consumer Durables,Home Furnishings,537.97,20.96,20.045,1.04566,64,0.73,40,0.09,0.42,0.33,0.45,0.3,0.583333,90,\N,2019-07-06 09:40:51
EURN,Transportation,Marine Transportation,1950,8.94,8.457,1.05717,67,2.67,66,-0.25,-0.06,-0.29,0.03,0.09,0.894737,96,\N,2019-07-06 09:41:05
EB,Technology,Computer Software: Programming\, Data Processing,590.38,16.46,23.233,0.708462,10,\N,5,\N,\N,\N,\N,\N,\N,8,list index out of range,\N
EVR,Finance,Investment Managers,3570,89.66,88.029,1.01853,54,1.81,58,2.1,1.52,1.08,3.67,1.52,-0.223938,56,\N,2019-07-06 09:43:01
RE,Finance,Property-Casualty Insurers,10240,254.51,229.409,1.10942,80,1.35,51,5.11,1.7,5.02,-9.5,8.54,0.190133,77,\N,2019-07-06 12:31:12
EVRG,Public Utilities,Power Generation,15620,61.53,57.795,1.06463,69,3.03,69,0.42,0.56,1.32,-0.11,0.39,-0.020979,65,\N,2019-07-06 12:31:25
EVRI,Consumer Services,Services-Misc. Amusement & Recreation,785.08,12.1,9.244,1.30901,96,1.73,57,0.06,0.02,0.03,0.06,0.08,0.333333,83,\N,2019-07-06 12:31:40
ES,Public Utilities,Electric Utilities: Central,24430,76.99,71.08,1.08315,74,2.85,67,0.85,0.76,0.91,0.73,0.97,0.5,88,\N,2019-07-06 12:31:54
EVTC,Technology,EDP Services,2220,32.97,28.951,1.13882,85,5.11,83,0.31,0.27,0.31,0.27,0.36,0.555556,89,\N,2019-07-06 12:32:10
EVH,Consumer Services,Other Consumer Services,652.55,7.63,13.751,0.554863,6,0.94,44,-0.18,-0.13,-0.16,-0.21,-0.59,\N,8,\N,2019-07-06 12:32:24
AQUA,Technology,Industrial Machinery/Components,1470,14.3,12.451,1.14848,86,1.17,49,0.1,0.01,-0.03,-0.15,0.01,-0.36,51,\N,2019-07-06 12:32:37
XAN,Consumer Services,Real Estate Investment Trusts,355.91,11.34,10.81,1.04904,65,6.21,86,-0.4,0.2,0.19,0.23,0.18,0.920635,96,\N,2019-07-06 12:32:50
EXC,Public Utilities,Power Generation,47620,49.2,48.544,1.01351,52,1.34,51,0.6,0.56,0.76,0.16,0.93,0.428571,86,\N,2019-07-06 12:33:04
EXPR,Consumer Services,Clothing/Shoe/Accessory Stores,182.28,2.61,4.187,0.623298,7,0.08,23,0.01,0.03,0.11,-0.02,-0.15,-0.615385,46,\N,2019-07-06 12:33:18
EXTN,Technology,Diversified Commercial Services,475.88,13.86,16.169,0.857212,21,\N,5,\N,\N,\N,\N,\N,\N,8,,\N
EXR,Consumer Services,Real Estate Investment Trusts,13560,108.5,100.603,1.0785,73,11.19,93,0.7,0.75,1.02,0.8,0.74,0.125,74,\N,2019-07-06 12:33:47
XOM,Energy,Integrated oil Companies,322710,76.13,76.625,0.993535,45,1.17,49,1.09,0.92,1.46,1.41,0.55,-0.593407,46,\N,2019-07-06 12:34:00
FNB,Finance,Major Banks,3670,11.82,11.485,1.02913,58,3.3,71,0.26,0.26,0.3,0.3,0.28,0.5,88,\N,2019-07-06 12:34:13
FN,Public Utilities,Telecommunications Equipment,1750,51.1,53.494,0.955252,36,1.22,49,0.55,0.6,0.75,0.84,0.76,0.724138,93,\N,2019-07-06 12:34:28
FDS,Technology,Computer Software: Programming\, Data Processing,10910,295.45,250.724,1.17839,90,7.89,89,1.33,1.91,1.77,2.17,2.19,1,98,\N,2019-07-06 12:34:41
FICO,Miscellaneous,Business Services,8550,332.43,263.096,1.26353,95,8.68,90,1.03,1.04,1.64,1.32,1.1,0.114754,73,\N,2019-07-06 12:34:55
SFUN,Technology,EDP Services,299.53,0.66,1.37,0.481725,5,0.9,44,-0.51,-0.3,0.02,-0.54,0.15,0.956522,97,\N,2019-07-06 12:35:10
FPAC,Finance,Business Services,808.81,10.26,9.936,1.03266,59,\N,5,\N,\N,\N,\N,\N,\N,8,could not convert string to float: N/A,\N
FTCH,Miscellaneous,Business Services,6000,19.93,22.581,0.882613,24,\N,5,\N,\N,\N,\N,\N,\N,8,could not convert string to float: N/A,\N
FPI,Consumer Services,Real Estate Investment Trusts,252.46,6.75,6.073,1.11152,80,6.27,86,-0.08,-0.07,0.02,0.09,-0.1,-0.105263,60,\N,2019-07-06 12:35:27
FSLY,Technology,Computer Software: Prepackaged Software,1550,21.1,0,0,0,\N,5,\N,\N,\N,\N,\N,\N,8,'decimal' codec can't encode character u'u2014' in position 0: invalid decimal Unicode string,\N
FBK,Finance,Major Banks,1100,36.89,34.971,1.05487,66,3.45,72,0.63,0.7,0.68,0.54,0.62,-0.0625,63,\N,2019-07-06 12:50:26
FFG,Finance,Life Insurance,1540,64.48,66.089,0.975654,40,2.12,61,0.94,1.3,1.24,0.26,1.37,0.387387,85,\N,2019-07-06 12:50:39
AGM,Finance,Finance Companies,728.78,73.22,72.969,1.00344,48,4.15,78,2.1,2.45,2.46,1.82,2.03,-0.109375,60,\N,2019-07-06 12:50:54
FRT,Consumer Services,Real Estate Investment Trusts,9610,130.93,131.482,0.995805,46,10.44,92,0.81,0.84,0.82,0.71,0.78,-0.230769,55,\N,2019-07-06 12:51:08
FSS,Capital Goods,Auto Manufacturing,1550,26.72,24.528,1.08935,75,1.46,53,0.21,0.44,0.36,0.53,0.29,0.25,80,\N,2019-07-06 12:51:22
FII,Finance,Investment Managers,3190,33.28,29.728,1.1195,82,2.86,67,0.6,0.38,0.59,0.61,0.54,-0.26087,54,\N,2019-07-06 12:51:36
FDX,Transportation,Air Freight/Delivery Services,40640,161.97,175.107,0.924977,29,0.61,37,7.59,4.15,3.1,3.51,2.8,-1,38,\N,2019-07-06 12:51:50
RACE,Capital Goods,Auto Manufacturing,39010,165.61,133.57,1.23988,94,\N,5,\N,\N,\N,\N,\N,\N,8,could not convert string to float: N/A,\N
FGP,Consumer Services,Other Specialty Stores,89.92,1.02,1.19,0.857143,21,0.06,23,0.11,-2.2,-0.58,0.44,0.21,0.0378788,69,\N,2019-07-06 12:52:04
FOE,Basic Industries,Paints/Coatings,1230,15.82,16.777,0.942965,33,0.81,42,0.27,0.35,0.19,0.13,0.16,-0.5,48,\N,2019-07-06 12:52:18
FG,Finance,Life Insurance,1810,8.74,8.138,1.07402,71,1.62,55,0.21,0.06,0.23,-0.7,0.74,0.368056,84,\N,2019-07-06 12:52:33
FCAU,Capital Goods,Auto Manufacturing,27210,14.12,14.902,0.947549,34,\N,5,\N,\N,\N,\N,\N,\N,8,could not convert string to float: N/A,\N
FNF,Finance,Specialty Insurers,11140,41,37.051,1.10657,79,1.47,53,0.35,0.9,0.85,0.16,0.74,0.527027,88,\N,2019-07-06 12:52:48
FIS,Miscellaneous,Business Services,39270,126.8,112.281,1.12931,83,4.88,82,0.54,0.64,0.47,0.91,0.45,-0.195652,57,\N,2019-07-06 12:53:02
FAF,Finance,Specialty Insurers,6180,54.23,51.939,1.04411,63,1.05,47,0.67,1.37,1.34,0.81,0.97,0.428571,86,\N,2019-07-06 12:53:16
FBP,Finance,Major Banks,2170,11.04,10.611,1.04043,62,4.26,78,0.15,0.14,0.16,0.46,0.2,0.15625,76,\N,2019-07-06 12:53:29
FCF,Finance,Major Banks,1250,13.58,13.249,1.02499,57,4.03,77,0.24,0.32,0.25,0.27,0.25,0.125,74,\N,2019-07-06 12:53:42
FDC,Miscellaneous,Business Services,25400,28.18,24.813,1.13571,84,3.04,69,0.11,0.36,0.42,0.17,0.17,0.193548,77,\N,2019-07-06 12:53:57
FHN,Finance,Major Banks,4500,15.03,14.588,1.03031,59,2.43,64,0.27,0.25,0.83,0.3,0.31,0.0689655,71,\N,2019-07-06 12:54:10
FR,Consumer Services,Real Estate Investment Trusts,4610,37.52,34.194,1.09727,77,11.49,93,0.3,0.36,0.24,0.4,0.19,-0.52381,48,\N,2019-07-06 12:54:24
AG,Basic Industries,Precious Metals,1600,7.78,6.326,1.22985,93,4.77,81,-0.03,-0.22,0.03,-0.89,0.01,0.0434783,70,\N,2019-07-06 12:54:38
FE,Public Utilities,Electric Utilities: Central,23100,43.73,40.885,1.06958,70,2.1,61,2.54,0.28,-1.02,0.25,0.59,-0.547753,47,\N,2019-07-06 12:54:52
FIT,Technology,Computer Manufacturing,1120,4.39,5.498,0.798415,15,0.73,40,-0.34,-0.49,-0.01,0.06,-0.31,0.0545455,70,\N,2019-07-06 12:55:05
FPH,Finance,Real Estate,481.39,8.05,7.724,1.04227,63,11.74,93,-0.1,-0.08,-0.15,-0.22,0.35,\N,8,\N,2019-07-06 12:55:19
FVRR,Miscellaneous,Business Services,899.48,27.25,0,0,0,\N,5,\N,\N,\N,\N,\N,\N,8,'decimal' codec can't encode character u'u2014' in position 0: invalid decimal Unicode string,\N
FBC,Finance,Savings Institutions,1790,33.61,32.225,1.04299,63,1.98,59,0.6,0.85,0.83,0.93,0.63,0.0909091,72,\N,2019-07-06 12:56:04
FLT,Miscellaneous,Business Services,23900,291.77,239.642,1.21753,93,10.18,92,1.88,1.91,1.71,3.33,1.93,0.0308642,69,\N,2019-07-06 12:56:18
FND,Consumer Services,RETAIL: Building Materials,3810,41.95,38.317,1.09483,77,2.31,63,0.3,0.38,0.25,0.17,0.29,-0.047619,63,\N,2019-07-06 12:56:32
FTK,Basic Industries,Major Chemicals,181.59,3.18,3.016,1.05434,66,0.99,45,0,-1.3,-0.07,0.15,0.57,0.304813,82,\N,2019-07-06 12:56:46
FLO,Consumer Non-Durables,Packaged Foods,5000,23.75,21.124,1.12429,82,1.24,50,0.24,0.21,0.19,0.1,0.31,0.333333,83,\N,2019-07-06 12:57:00
FLS,Capital Goods,Fluid Controls,6650,53,46.436,1.14135,85,1.83,58,0.12,0.1,0.21,0.48,0.44,0.842105,95,\N,2019-07-06 12:57:14
FLR,Basic Industries,Military/Government/Technical,4440,32.37,34.857,0.928639,30,0.24,27,-0.13,0.81,0.55,0.36,-0.42,-0.235772,55,\N,2019-07-06 12:57:29
FMC,Basic Industries,Major Chemicals,10880,84.69,75.944,1.11516,81,2.32,63,1.96,0.96,0.54,0.24,1.62,-0.197674,57,\N,2019-07-06 12:57:43
FMX,Consumer Non-Durables,Beverages (Production/Distribution),174580,97.44,93.983,1.03679,60,\N,5,\N,\N,\N,\N,\N,\N,8,could not convert string to float: N/A,\N
FL,Consumer Services,Clothing/Shoe/Accessory Stores,4590,42.06,54.605,0.770259,14,0.58,37,1.38,0.75,1.14,1.39,1.52,0.181818,77,\N,2019-07-06 12:57:58
F,Capital Goods,Auto Manufacturing,39260,10.2,9.228,1.10533,79,0.26,28,0.43,0.27,0.25,-0.03,0.29,-0.304348,53,\N,2019-07-06 12:58:11
FELP,Energy,Coal Mining,103.73,0.72,2.147,0.335337,3,0.09,23,-0.12,-0.41,-0.39,0.14,-0.09,0.0545455,70,\N,2019-07-06 12:58:25
FOR,Finance,Real Estate,744.79,19.88,17.427,1.14078,85,5.39,84,-0.42,0.11,0.22,0.08,0.24,1,98,\N,2019-07-06 12:58:38
FTS,Public Utilities,Electric Utilities: Central,17140,39.95,36.689,1.08887,75,\N,5,\N,\N,\N,\N,\N,\N,8,could not convert string to float: N/A,\N
FTV,Capital Goods,Industrial Machinery/Components,27020,80.98,79.613,1.01717,54,4.14,78,0.74,0.83,0.64,6.17,0.43,-0.054007,63,\N,2019-07-06 12:58:52
FSM,Basic Industries,Precious Metals,472.51,2.85,3.283,0.868014,22,1.81,58,0.09,0.07,0.04,0.01,0.01,-1,38,\N,2019-07-06 12:59:05
FBHS,Basic Industries,Homebuilding,7710,56.52,48.551,1.16413,88,1.42,53,0.49,0.88,0.69,0.6,0.6,0.282051,81,\N,2019-07-06 12:59:20
FET,Energy,Metal Fabrications,357.21,3.05,5.041,0.605076,7,0.32,30,0.25,-0.14,-0.03,-3.53,-0.07,\N,8,\N,2019-07-06 12:59:34
FBM,Consumer Services,RETAIL: Building Materials,709.3,17.34,12.144,1.42783,98,0.36,31,-0.02,0.13,-0.81,0.43,0.08,0.0806452,72,\N,2019-07-06 12:59:49
FCPT,Consumer Services,Real Estate Investment Trusts,1930,27.92,28.086,0.994094,45,12.73,94,0.26,0.44,0.27,0.31,0.26,0,66,\N,2019-07-06 13:00:02
FEDU,Consumer Services,Other Consumer Services,92.88,1.84,2.151,0.855222,20,\N,5,\N,\N,\N,\N,\N,\N,8,could not convert string to float: N/A,\N
FNV,Basic Industries,Precious Metals,15860,83.66,75.063,1.11453,81,23.63,97,0.35,0.29,0.28,-0.17,0.35,0,66,\N,2019-07-06 13:00:17
FC,Consumer Services,Other Consumer Services,426.17,34.03,27.428,1.24069,94,2.13,61,-0.2,-0.18,0.13,-0.1,-0.25,-0.131579,59,\N,2019-07-06 13:00:31
FSB,Finance,Major Banks,405.78,28.65,29.143,0.983092,42,3.75,75,0.73,0.68,0.7,0.25,0.19,-1,38,\N,2019-07-06 13:00:46
BEN,Finance,Investment Managers,17150,35.29,32.801,1.07588,72,2.99,69,0.78,0.75,0.96,0.54,0.72,-0.142857,59,\N,2019-07-06 13:01:16
FI,Energy,Oilfield Services/Equipment,1180,5.71,6.021,0.948337,34,2.28,62,-0.19,-0.12,-0.03,-0.07,-0.13,\N,8,\N,2019-07-06 13:01:30
FCX,Basic Industries,Precious Metals,16450,11.29,11.82,0.955167,36,0.93,44,0.47,0.59,0.38,0.09,0.02,-0.789474,42,\N,2019-07-06 13:01:44
FMS,Health Care,Hospital/Nursing Management,23520,39.94,38.367,1.041,62,\N,5,\N,\N,\N,\N,\N,\N,8,could not convert string to float: N/A,\N
FDP,Consumer Non-Durables,Farming/Seeds/Milling,1330,27.25,28.302,0.962838,37,0.29,29,0.85,-0.16,-0.44,-0.7,0.74,-0.0709677,62,\N,2019-07-06 13:01:59
RESI,Finance,Real Estate,625.33,12.2,10.634,1.14722,86,3.34,72,-0.51,-0.4,-0.89,-0.64,-0.35,\N,8,\N,2019-07-06 13:02:12
FRO,Transportation,Marine Transportation,1340,8.03,6.966,1.15275,87,1.7,56,-0.08,-0.13,0.01,0.15,0.24,0.864865,95,\N,2019-07-06 13:02:28
FCN,Consumer Services,Professional Services,3210,85.21,76.466,1.11435,81,1.55,54,1.04,1.14,1.14,0.61,1.64,0.582524,90,\N,2019-07-06 13:02:42
FTSI,Energy,Oilfield Services/Equipment,622.87,5.84,8.47,0.689474,9,0.5,34,5.68,0.95,0.45,0.24,-0.5,-1,38,\N,2019-07-06 13:02:56
FF,Basic Industries,Major Chemicals,479.86,11.72,14.603,0.802568,16,1.81,58,0.92,0.14,0.22,0.04,0.13,-0.897727,41,\N,2019-07-06 13:03:10
GCAP,Finance,Investment Bankers/Brokers/Service,148.88,4.2,5.675,0.740153,12,0.55,36,0.35,1.47,0.27,-0.07,-0.76,-0.497758,48,\N,2019-07-06 13:03:23
GBL,Finance,Investment Bankers/Brokers/Service,488.7,19.94,19.657,1.01442,52,1.68,56,0.94,1.1,1.22,0.81,0.7,-0.461538,49,\N,2019-07-06 13:03:36
GME,Consumer Services,Electronics Distribution,557.37,5.52,9.993,0.552401,6,0.07,23,0.28,-0.24,-4.78,-1.84,0.07,-0.041502,64,\N,2019-07-06 13:03:50
GPS,Consumer Services,Clothing/Shoe/Accessory Stores,6610,18.3,23.822,0.768198,13,0.42,33,0.42,0.76,0.69,0.72,0.6,0.529412,88,\N,2019-07-06 13:04:04
GDI,Technology,Industrial Machinery/Components,6840,34.49,28.774,1.19863,91,2.59,65,0.2,0.29,0.35,0.45,0.23,0.12,74,\N,2019-07-06 13:04:18
GTX,Capital Goods,Auto Parts:O.E.M.,1080,15.09,15.922,0.947719,34,\N,5,\N,\N,\N,\N,\N,\N,8,'decimal' codec can't encode character u'u2014' in position 0: invalid decimal Unicode string,\N
IT,Consumer Services,Other Consumer Services,14500,168.97,147.802,1.14322,86,3.82,75,-0.22,0.5,0.13,0.92,0.23,0.394737,85,\N,2019-07-06 13:04:45
GLOG,Consumer Services,Marine Transportation,1090,14.34,16.182,0.886179,24,1.77,57,0.21,-0.08,0.19,0.14,-0.17,-1,38,\N,2019-07-06 13:04:59
GLOP,Consumer Services,Marine Transportation,955.36,21.48,21.566,0.996018,46,2.84,67,0.59,0.4,0.49,0.3,0.27,-1,38,\N,2019-07-06 13:05:12
GTES,Technology,Industrial Machinery/Components,3210,11.23,14.137,0.794389,15,0.99,45,0.09,0.29,0.2,0.26,2.08,1,98,\N,2019-07-06 13:05:27
GATX,Consumer Services,Transportation Services,2740,77.94,75.402,1.03366,59,2.06,60,1.98,1.01,1.22,1.3,1.12,-0.886598,41,\N,2019-07-06 13:05:40
GCP,Basic Industries,Major Chemicals,1610,23.11,26.756,0.863745,21,1.52,54,-0.09,-0.39,0.35,0.33,0.29,0.513514,88,\N,2019-07-06 13:05:54
GNK,Transportation,Marine Transportation,318.26,9.87,8.235,1.19848,91,1.07,47,-1.61,-0.03,0.14,0.44,-0.19,0.692683,92,\N,2019-07-06 13:06:08
GNRC,Consumer Durables,Metal Fabrications,4290,71.11,55.694,1.2768,95,2.12,61,0.42,0.82,1.11,1.2,0.76,0.435897,86,\N,2019-07-06 13:06:22
GD,Capital Goods,Marine Transportation,51320,182.28,170.393,1.06976,70,1.39,52,2.65,2.62,2.85,3.07,2.56,-0.176471,57,\N,2019-07-06 13:06:35
GE,Energy,Consumer Electronics/Appliances,89130,10.5,9.636,1.0897,76,0.76,40,-0.14,0.07,-2.62,0.07,0.4,0.178808,77,\N,2019-07-06 13:07:04
GIS,Consumer Non-Durables,Packaged Foods,32160,54.18,48.475,1.11769,82,1.93,59,0.59,0.65,0.57,0.74,0.94,0.945946,97,\N,2019-07-06 13:07:18
GM,Capital Goods,Auto Manufacturing,54700,38.5,37.664,1.02219,56,0.37,31,0.72,1.66,1.75,1.4,1.48,0.737864,93,\N,2019-07-06 13:07:32
GCO,Consumer Services,Clothing/Shoe/Accessory Stores,713.46,42.59,44.878,0.949009,34,\N,5,\N,\N,\N,\N,\N,\N,8,'decimal' codec can't encode character u'u2014' in position 0: invalid decimal Unicode string,\N
GWR,Transportation,Railroads,5520,108.98,86.658,1.25759,95,2.65,65,1.19,0.73,1.16,0.94,0.68,-1,38,\N,2019-07-06 13:08:00
GEL,Energy,Oil Refining/Marketing,2650,21.85,21.87,0.999103,47,0.95,44,-0.07,-0.05,-0.15,-0.35,-0.02,\N,8,\N,2019-07-06 13:08:15
GEN       ,Health Care,Hospital/Nursing Management,194.26,1.24,1.367,0.907131,26,0,21,-0.7,-0.39,-0.57,-0.67,-0.15,\N,8,\N,2019-07-06 13:08:28
GNE,Public Utilities,Power Generation,295.02,11.8,8.85,1.33329,97,1.15,48,0.24,-0.09,0.21,0.47,0.21,-0.0535714,63,\N,2019-07-06 13:08:43
G,Consumer Services,Professional Services,7180,38.53,33.984,1.13376,84,2.35,63,0.33,0.33,0.38,0.41,0.31,-0.2,56,\N,2019-07-06 13:08:56
GPC,Capital Goods,Automotive Aftermarket,15100,105.6,103.394,1.02134,55,0.82,42,1.2,1.54,1.49,1.27,1.09,-0.244444,55,\N,2019-07-06 13:09:09
GNW,Finance,Life Insurance,1770,3.8,3.965,0.958432,36,0.22,26,0.22,0.38,0.29,-0.66,0.34,0.115385,73,\N,2019-07-06 13:09:23
GEO,Consumer Services,Real Estate Investment Trusts,2520,20.89,21.221,0.98442,42,1.07,47,0.29,0.31,0.33,0.28,0.34,0.833333,95,\N,2019-07-06 13:09:36
GPRK,Energy,Oil & Gas Production,1110,18.22,17.204,1.05904,68,1.78,57,0.28,-0.01,0.33,0.55,0.3,0.0357143,69,\N,2019-07-06 13:09:50
GGB,Capital Goods,Steel/Iron Ore,6460,3.98,3.881,1.02547,57,\N,5,\N,\N,\N,\N,\N,\N,8,could not convert string to float: N/A,\N
GTY,Finance,Real Estate,1260,30.81,31.835,0.967811,38,9.15,91,0.25,0.33,0.27,0.32,0.26,0.125,74,\N,2019-07-06 13:10:05
GIG,Finance,Business Services,191.82,10.37,10.229,1.01374,52,\N,5,\N,\N,\N,\N,\N,\N,8,could not convert string to float: N/A,\N
GIL,Consumer Non-Durables,Apparel,7810,38.91,35.775,1.08763,75,2.78,67,0.31,0.51,0.55,0.29,0.11,-0.454545,49,\N,2019-07-06 13:10:21
GLT,Basic Industries,Paper,701.41,16.53,14.14,1.16899,89,0.82,42,0.13,-0.17,-2.19,-1.83,0.12,-0.00431034,65,\N,2019-07-06 13:10:35
GKOS,Health Care,Medical/Dental Instruments,2710,78.03,69.246,1.12686,83,14.55,95,-0.08,-0.15,-0.19,0.04,-0.04,0.173913,76,\N,2019-07-06 13:10:48
GSK,Health Care,Major Pharmaceuticals,101330,40.85,40.041,1.02021,55,\N,5,\N,\N,\N,\N,\N,\N,8,could not convert string to float: N/A,\N
BRSS,Capital Goods,Metal Fabrications,958.68,43.97,36.817,1.19428,91,0.56,36,0.71,0.94,0.66,0.29,0.82,0.169231,76,\N,2019-07-06 13:11:05
CO,Finance,Business Services,702.57,5.72,6.567,0.870968,22,\N,5,\N,\N,\N,\N,\N,\N,8,could not convert string to float: N/A,\N
GMRE,Consumer Services,Real Estate Investment Trusts,370.78,10.69,10.138,1.05443,66,\N,5,\N,\N,\N,\N,\N,\N,8,could not convert string to float: N/A,\N
GNL,Consumer Services,Real Estate Investment Trusts,1620,20.12,19.061,1.05554,66,5.83,85,0.03,0.08,0,-0.09,0.07,0.235294,79,\N,2019-07-06 13:11:20
GLP,Energy,Oil Refining/Marketing,681.95,20.41,19.142,1.06626,69,0.05,22,-0.21,0.44,0.55,-0.44,1.47,0.879581,96,\N,2019-07-06 13:11:33
GPN,Miscellaneous,Business Services,24730,162.49,135.351,1.20051,91,7.37,89,0.57,0.68,1.11,0.47,0.71,0.21875,79,\N,2019-07-06 13:12:03
GSL,Transportation,Marine Transportation,74.1,8.15,3.841,2.12159,100,0.45,33,0.72,0.64,0.64,-5.12,0.44,-0.0479452,63,\N,2019-07-06 13:12:16
GLOB,Technology,EDP Services,3680,104.59,77.7,1.34608,97,6.94,88,0.28,0.4,0.42,0.31,0.32,0.285714,81,\N,2019-07-06 13:12:29
GMED,Health Care,Medical/Dental Instruments,4210,41.3,44.186,0.934694,31,5.67,84,0.39,0.44,0.35,0.36,0.33,-0.545455,47,\N,2019-07-06 13:12:43
GMS,Consumer Services,RETAIL: Building Materials,749.76,22.89,18.075,1.2664,95,0.3,29,0.24,0.2,0.58,0.14,0.39,0.340909,83,\N,2019-07-06 13:12:56
GNC,Consumer Non-Durables,Food Chains,115.04,1.58,2.33,0.678134,9,\N,5,\N,\N,\N,\N,\N,\N,8,'decimal' codec can't encode character u'u2014' in position 0: invalid decimal Unicode string,\N
GDDY,Technology,EDP Services,12350,71.71,72.664,0.986876,43,4.64,81,0.02,0.11,0.08,0.24,0.07,0.227273,79,\N,2019-07-06 13:13:25
GOL,Transportation,Air Freight/Delivery Services,2860,21,13.706,1.53216,99,\N,5,\N,\N,\N,\N,\N,\N,8,could not convert string to float: N/A,\N
GFI,Basic Industries,Precious Metals,4600,5.18,4.089,1.26681,95,1.67,56,-0.03,-0.02,0.02,0.02,-0.47,-0.897959,41,\N,2019-07-06 13:13:40
GS,Finance,Investment Bankers/Brokers/Service,71730,207.9,195.109,1.06556,69,2.21,62,6.95,5.98,6.28,6.04,5.71,-1,38,\N,2019-07-06 13:13:54
GRC,Capital Goods,Fluid Controls,816.39,32.45,33.05,0.981843,41,2.04,60,0.37,0.39,0.41,0.36,0.28,-0.692308,44,\N,2019-07-06 13:14:08
GPX,Consumer Services,Other Consumer Services,243.14,15.63,14.176,1.10257,78,0.49,34,0.16,0.22,0.2,0.02,0.02,-0.7,44,\N,2019-07-06 13:14:21
GGG,Capital Goods,Fluid Controls,8470,50.88,47.838,1.0636,68,5.13,83,0.49,0.51,0.54,0.43,0.51,0.181818,77,\N,2019-07-06 13:14:35
GRAF,Finance,Business Services,304.71,9.98,9.846,1.01359,52,\N,5,\N,\N,\N,\N,\N,\N,8,could not convert string to float: N/A,\N
EAF,Energy,Industrial Machinery/Components,3220,11.52,12.434,0.926466,29,1.74,57,0.74,0.67,0.67,0.79,0.68,-0.5,48,\N,2019-07-06 13:14:50
GHM,Technology,Industrial Machinery/Components,204.24,20.26,21.317,0.950418,34,2.18,61,0.09,0.24,0.19,0.01,-0.46,-0.785714,42,\N,2019-07-06 13:15:04
GHC,Consumer Services,Other Consumer Services,3660,721.89,684.488,1.05464,66,1.41,52,7.78,8.63,23.28,10.61,15.26,0.482581,87,\N,2019-07-06 13:15:17
GRAM,Basic Industries,Military/Government/Technical,568.49,3.17,3.2,0.990554,44,\N,5,\N,\N,\N,\N,\N,\N,8,could not convert string to float: N/A,\N
GVA,Basic Industries,Military/Government/Technical,2120,47.05,44.131,1.06614,69,0.65,38,-0.29,-0.2,1.17,0.14,-0.74,-0.235602,55,\N,2019-07-06 13:15:32
GPMT,Consumer Services,Real Estate Investment Trusts,1020,19.06,18.945,1.00604,49,10.41,92,0.33,0.34,0.37,0.37,0.34,0.25,80,\N,2019-07-06 13:15:45
GPK,Consumer Durables,Containers/Packaging,4010,14.27,12.782,1.11641,81,0.7,39,0.1,0.16,0.3,0.15,0.19,0.45,86,\N,2019-07-06 13:15:58
GTN,Consumer Services,Broadcasting,1510,16.91,19.053,0.887543,24,1.24,50,0.22,0.46,0.7,1,-0.31,-0.40458,50,\N,2019-07-06 13:16:12
AJX,Consumer Services,Real Estate Investment Trusts,256.02,13.75,13.342,1.03059,59,4.52,80,0.38,0.37,0.34,0.34,0.36,-0.5,48,\N,2019-07-06 13:16:25
GWB,Finance,Major Banks,1960,36.16,34.15,1.05885,67,4.41,79,0.69,0.78,0.72,0.79,0.78,0.9,96,\N,2019-07-06 13:16:39
GDOT,Finance,Finance: Consumer Services,2520,49.4,61.945,0.797483,15,2.47,64,1.29,0.55,0.08,0.26,1.17,-0.0991736,61,\N,2019-07-06 13:16:54
GBX,Capital Goods,Railroads,932.65,28.91,35.604,0.811985,16,0.36,31,1.01,0.93,0.54,0.08,0.46,-0.591398,46,\N,2019-07-06 13:17:23
GHL,Finance,Investment Bankers/Brokers/Service,279.45,14.13,21.357,0.661604,8,1.02,46,0.21,0.38,0.43,0.45,-0.64,-0.779817,42,\N,2019-07-06 13:17:38
GHG,Consumer Services,Hotels/Resorts,1240,13.11,12.908,1.01563,53,\N,5,\N,\N,\N,\N,\N,\N,8,could not convert string to float: N/A,\N
GFF,Capital Goods,Building Products,746,16.57,16.437,1.00806,50,0.37,31,2.11,0.14,-0.04,0.21,-0.03,-0.995349,39,\N,2019-07-06 13:17:53
GPI,Consumer Durables,Automotive Aftermarket,1410,81.51,68.157,1.19592,91,0.13,24,1.7,2.72,1.74,1.62,2.08,0.345455,84,\N,2019-07-06 13:18:08
GRUB,Miscellaneous,Business Services,6920,77.86,72.924,1.06769,70,6.46,87,0.34,0.33,0.24,-0.06,0.07,-0.675,44,\N,2019-07-06 13:18:22
PAC,Transportation,Aerospace,6040,107.72,95.846,1.12389,82,\N,5,\N,\N,\N,\N,\N,\N,8,could not convert string to float: N/A,\N
ASR,Transportation,Aerospace,5090,163.77,164.885,0.993239,45,\N,5,\N,\N,\N,\N,\N,\N,8,could not convert string to float: N/A,\N
AVAL,Finance,Commercial Banks,8780,8.23,7.396,1.11277,80,\N,4,\N,\N,\N,\N,\N,\N,8,could not convert string to float: N/A,\N
SUPV,Finance,Commercial Banks,675.04,8.34,7.536,1.1067,79,\N,4,\N,\N,\N,\N,\N,\N,8,could not convert string to float: N/A,\N
TV,Consumer Services,Broadcasting,5160,8.76,10.763,0.813919,16,\N,4,\N,\N,\N,\N,\N,\N,8,could not convert string to float: N/A,\N
GSX,Consumer Services,Other Consumer Services,2210,10.6,1.573,6.73881,100,\N,4,\N,\N,\N,\N,\N,\N,8,could not convert string to float: N/A,\N
GTT,Public Utilities,Telecommunications Equipment,1020,18.01,29.641,0.607595,7,0.6,37,-0.69,-2.83,-0.43,-0.96,-0.49,\N,8,\N,2019-07-06 13:18:41
GSH,Transportation,Railroads,2500,17.73,19.351,0.91625,28,\N,4,\N,\N,\N,\N,\N,\N,8,could not convert string to float: N/A,\N
GES,Consumer Non-Durables,Apparel,1050,16.33,19.144,0.853,20,0.45,33,-0.27,0.31,-0.17,0.28,-0.27,0,66,\N,2019-07-06 13:18:55
GWRE,Technology,Computer Software: Prepackaged Software,8080,102.21,95.604,1.0691,70,11.12,93,-0.62,1.02,0.07,0.01,-0.11,0.310976,82,\N,2019-07-06 13:19:09
HRB,Consumer Services,Other Consumer Services,5630,28.83,25.833,1.11602,81,1.88,59,5.42,-0.74,-0.86,-0.62,4.29,-0.179936,57,\N,2019-07-06 13:19:22
FUL,Basic Industries,Home Furnishings,2280,47.17,46.889,1.00599,49,0.81,42,0.86,0.72,0.79,0.24,0.7,-0.258065,54,\N,2019-07-06 13:19:36
HAE,Health Care,Medical/Dental Instruments,5980,120.62,95.549,1.26238,95,6.39,86,0.22,-0.05,0.35,0.35,0.4,0.4,85,\N,2019-07-06 13:19:49
HK,Energy,Oil & Gas Production,26.3,0.19,1.147,0.165613,3,0.14,24,-0.02,-0.1,-0.52,0.93,-2.12,-0.688525,44,\N,2019-07-06 13:20:04
HAL,Energy,Oilfield Services/Equipment,19640,23.03,27.85,0.826944,17,0.84,42,0.05,0.58,0.5,0.76,0.17,0.169014,76,\N,2019-07-06 13:20:18
HBB,Consumer Durables,Home Furnishings,240.47,17.88,21.608,0.827474,17,0.33,30,-0.03,-0.06,0.59,1.09,-0.13,-0.0819672,61,\N,2019-07-06 13:20:33
HBI,Consumer Services,Clothing/Shoe/Accessory Stores,6020,17.38,16.825,1.033,59,0.91,44,0.22,0.39,0.47,0.44,0.22,0,66,\N,2019-07-06 13:20:48
HNGR,Health Care,Medical Specialities,673.48,17.13,19.515,0.877802,23,0.61,37,-0.62,0.35,0.12,0.12,-0.19,0.443299,86,\N,2019-07-06 13:21:02
HASI,Consumer Services,Real Estate Investment Trusts,1760,28.35,24.994,1.13425,84,26.16,97,-0.03,0.32,0.3,0.16,0.21,0.685714,92,\N,2019-07-06 13:21:16
HOG,Consumer Non-Durables,Motor Vehicles,5600,36.02,36.304,0.992178,44,1.03,46,1.03,1.45,0.68,0,0.8,-0.158621,58,\N,2019-07-06 13:21:46
HMY,Basic Industries,Precious Metals,1170,2.23,1.906,1.16969,89,\N,4,\N,\N,\N,\N,\N,\N,8,could not convert string to float: N/A,\N
HRS,Capital Goods,Industrial Machinery/Components,23110,184.96,167.112,1.1068,79,6.33,86,1.66,1.79,1.77,1.87,2.02,1,98,\N,2019-07-06 13:22:02
HSC,Capital Goods,Metal Fabrications,2120,27,23.066,1.17054,89,1.23,49,0.21,0.48,0.39,0.55,0.25,0.117647,74,\N,2019-07-06 13:22:15
HHS,Technology,Advertising,15.77,2.73,3.269,0.835018,18,0.07,23,4.67,-1.1,-1.62,0.2,-2.18,-1,38,\N,2019-07-06 13:22:28
HIG,Finance,Property-Casualty Insurers,20250,56.95,50.241,1.13354,84,1.07,47,1.64,1.6,1.19,0.52,1.71,0.0588235,71,\N,2019-07-06 13:22:42
HVT,Consumer Services,Other Specialty Stores,350.73,17.51,20.489,0.854621,20,0.44,33,0.29,0.29,0.39,0.45,0.17,-0.428571,50,\N,2019-07-06 13:22:57
HE,Public Utilities,Electric Utilities: Central,4760,44.35,40.025,1.10805,79,1.68,56,0.37,0.42,0.6,0.45,0.42,0.217391,79,\N,2019-07-06 13:23:12
HCHC,Capital Goods,Metal Fabrications,110.88,2.25,2.762,0.814564,16,0.05,22,-0.81,1.08,2.97,-0.36,-0.04,0.203704,78,\N,2019-07-06 13:23:26
HCA,Health Care,Hospital/Nursing Management,46270,138.53,130.336,1.06287,68,0.99,45,3.18,2.31,2.15,3.01,2.97,-0.203883,56,\N,2019-07-06 13:23:40
HCI,Finance,Property-Casualty Insurers,347.25,41.84,43.838,0.954431,35,1.52,54,1.11,0.92,1,-0.95,0.82,-0.140777,59,\N,2019-07-06 13:23:55
HCP,Consumer Services,Real Estate Investment Trusts,15410,32.68,30.764,1.06229,68,8.66,90,0.08,0.19,0.21,1.73,0.13,0.030303,69,\N,2019-07-06 13:24:10
HDB,Finance,Commercial Banks,116180,129.79,112.624,1.15242,87,\N,4,\N,\N,\N,\N,\N,\N,8,could not convert string to float: N/A,\N
HR,Consumer Services,Real Estate Investment Trusts,4130,32.37,31.478,1.02833,58,9.28,91,0.07,0.3,0.05,0.13,0.04,-0.115385,60,\N,2019-07-06 13:24:25
HTA,Consumer Services,Real Estate Investment Trusts,5700,27.63,27.911,0.989935,44,8.2,90,0.05,0.07,0.82,0.07,0.06,0.012987,68,\N,2019-07-06 13:24:41
HL,Basic Industries,Mining & Quarrying of Nonmetallic Minerals (No Fue,845.23,1.72,2.158,0.797141,15,1.44,53,0.02,0.03,-0.05,-0.05,-0.05,-0.875,41,\N,2019-07-06 13:24:55
HEI,Capital Goods,Aerospace,17300,135.92,99.999,1.35922,98,8.24,90,0.44,0.49,0.5,0.58,0.6,1,98,\N,2019-07-06 13:25:08
HLX,Energy,Oilfield Services/Equipment,1220,8.65,7.466,1.15855,88,1.73,57,-0.02,0.12,0.18,-0.09,0.01,0.111111,73,\N,2019-07-06 13:25:22
HP,Energy,Oil & Gas Production,5340,50.03,54.461,0.918631,28,1.95,59,-0.12,-0.08,0.02,0.17,0.55,1,98,\N,2019-07-06 13:25:37
HLF,Health Care,Other Pharmaceuticals,6420,42.99,52.162,0.824167,17,1.33,51,0.54,0.62,0.49,0.34,0.66,0.375,84,\N,2019-07-06 13:25:52
HRTG,Finance,Property-Casualty Insurers,451.7,16.15,14.78,1.09266,76,1,46,0.55,0.09,0.23,0.15,0.24,-0.673913,44,\N,2019-07-06 13:26:07
PSV,Transportation,Marine Transportation,52.82,2.84,3.59,0.79111,15,2.44,64,-2.5,-1.1,-1.5,-1.6,-0.98,\N,8,\N,2019-07-06 13:26:22
HT,Consumer Services,Real Estate Investment Trusts,639.57,16.88,17.824,0.947051,34,1.29,50,-0.36,0.16,-0.09,-0.09,-0.34,0.0384615,69,\N,2019-07-06 13:26:36
HSY,Consumer Non-Durables,Specialty Foods,28650,138.26,118.413,1.16761,89,3.68,74,1.65,1.08,1.25,1.6,1.45,-0.350877,52,\N,2019-07-06 13:26:50
HTZ,Consumer Services,Rental/Leasing Companies,1390,16.31,14.78,1.10349,79,0.14,24,-2.43,-0.75,1.68,-1.2,-1.75,0.16545,76,\N,2019-07-06 13:27:04
HES,Energy,Integrated oil Companies,18870,63.01,58.229,1.08211,74,3,69,-0.38,-0.48,-0.18,-0.05,0.09,\N,7,\N,2019-07-06 13:27:33
HESM,Energy,Oil & Gas Production,1050,19.92,20.842,0.95576,36,1.6,55,0.3,0.32,0.17,0.31,0.32,0.133333,75,\N,2019-07-06 13:27:48
HPE,Technology,Computer Manufacturing,19770,15.17,15.227,0.996255,46,0.67,39,0.49,0.29,-0.52,0.13,0.3,-0.188119,57,\N,2019-07-06 13:28:02
HXL,Basic Industries,Major Chemicals,6680,81.39,70.051,1.16187,88,3.06,69,0.68,0.76,0.91,0.76,0.84,0.695652,92,\N,2019-07-06 13:28:17
HF,Consumer Services,Real Estate,1800,45.6,43.95,1.03753,61,\N,4,\N,\N,\N,\N,\N,\N,7,Message: ReferenceError: SRT_stocFund is not defined\
,\N
HCR,Basic Industries,Mining & Quarrying of Nonmetallic Minerals (No Fue,287.14,2.39,3.604,0.663144,8,0.31,29,0.59,0.67,0.29,-0.08,-0.06,-0.866667,41,\N,2019-07-06 13:28:33
HPR,Energy,Oil & Gas Production,392.07,1.75,2.423,0.722343,11,0.85,43,-0.2,-0.22,-0.14,1.06,-0.46,-0.171053,58,\N,2019-07-06 13:28:47
HIW,Consumer Services,Real Estate Investment Trusts,4400,43,44.32,0.97022,39,6.24,86,0.31,0.49,0.32,0.52,0.07,-0.533333,47,\N,2019-07-06 13:29:01
HIL,Consumer Services,Military/Government/Technical,148.06,2.68,2.908,0.921446,28,0.36,31,-0.15,-0.14,-0.15,-0.13,-0.04,\N,7,\N,2019-07-06 13:29:15
HI,Consumer Durables,Miscellaneous manufacturing industries,2420,39.98,41.057,0.973757,39,1.39,52,-0.34,0.56,0.7,0.45,0.6,0.903846,96,\N,2019-07-06 13:29:30
HRC,Health Care,Medical/Dental Instruments,6980,105.89,100.748,1.05104,65,2.47,64,0.42,0.67,1.33,0.62,0.74,0.351648,84,\N,2019-07-06 13:29:43
HTH,Finance,Major Banks,1860,21.72,19.407,1.1192,82,1.38,52,0.25,0.35,0.38,0.3,0.41,1,98,\N,2019-07-06 13:29:58
HGV,Consumer Services,Hotels/Resorts,2760,32.21,30.145,1.06851,70,1.52,54,0.3,1.1,0.42,1.24,0.58,0.297872,82,\N,2019-07-06 13:30:11
HLT,Consumer Services,Hotels/Resorts,27140,100.6,84.779,1.18661,91,7.91,89,0.51,0.71,0.54,0.75,0.54,0.125,74,\N,2019-07-06 13:30:25
HNI,Consumer Durables,Office Equipment/Supplies/Services,1450,34.99,37.059,0.944174,33,0.68,39,0.06,0.42,0.89,0.73,0.02,-0.045977,63,\N,2019-07-06 13:30:38
HMLP,Consumer Services,Marine Transportation,340.58,17.91,18.102,0.989419,44,4.07,77,0.56,0.5,0.49,0.37,0.31,-1,38,\N,2019-07-06 13:30:53
HEP,Energy,Natural Gas Distribution,2850,28.05,28.208,0.994387,45,5.78,85,0.44,0.38,0.43,0.45,0.49,0.454545,86,\N,2019-07-06 13:31:06
HFC,Energy,Integrated oil Companies,7490,45.83,48.84,0.938364,32,0.45,33,1.5,1.94,1.93,0.81,1.47,-0.0265487,65,\N,2019-07-06 13:31:20
HD,Consumer Services,RETAIL: Building Materials,225780,211.46,191.696,1.1031,78,2.12,61,2.08,3.05,2.51,2.09,2.27,0.195876,78,\N,2019-07-06 13:31:33
HMC,Capital Goods,Auto Manufacturing,45310,26.16,27.271,0.959274,36,\N,4,\N,\N,\N,\N,\N,\N,7,could not convert string to float: N/A,\N
HON,Capital Goods,Auto Parts:O.E.M.,126580,176.59,158.663,1.11299,80,3.16,70,1.89,1.68,3.11,2.31,1.92,0.020979,68,\N,2019-07-06 13:31:48
HMN,Finance,Property-Casualty Insurers,1620,42.1,39.022,1.07889,73,1.43,53,0.48,0.14,0.3,-0.5,0.77,0.228346,79,\N,2019-07-06 13:32:03
HZN,Capital Goods,Auto Parts:O.E.M.,89.18,3.69,2.716,1.35845,98,0.11,24,-2.3,-2.68,-1.31,-1.86,-1,\N,7,\N,2019-07-06 13:32:16
HRL,Consumer Non-Durables,Meat/Poultry/Fish,21620,41.5,41.674,0.995831,46,2.31,63,0.44,0.39,0.48,0.44,0.52,0.615385,91,\N,2019-07-06 13:32:29
HOS,Consumer Services,Marine Transportation,46.21,1.2,1.424,0.842444,19,0.2,26,-1.04,-0.67,-0.83,-0.64,-0.97,\N,7,\N,2019-07-06 13:32:43
HST,Consumer Services,Real Estate Investment Trusts,13190,18.41,18.6,0.989777,44,2.44,64,0.34,0.28,0.43,0.41,0.25,-0.5,48,\N,2019-07-06 13:33:12
HLI,Finance,Investment Managers,2920,45.7,45.238,1.01022,51,2.74,66,0.58,0.45,0.61,0.67,0.69,0.458333,87,\N,2019-07-06 13:33:26
HOV,Capital Goods,Homebuilding,40.15,8.18,14.054,0.582026,6,0.03,22,-1.75,-0.25,7.25,-3,-2.56,-0.0790244,61,\N,2019-07-06 13:33:40
HHC,Consumer Services,Real Estate Investment Trusts,4100,130.08,108.412,1.19986,91,4.47,80,0.03,-0.12,0.54,0.86,0.74,0.72449,93,\N,2019-07-06 13:33:53
HPQ,Technology,Computer Manufacturing,31030,21.16,20.493,1.03255,59,0.54,36,0.64,0.54,0.91,0.51,0.51,-0.325,52,\N,2019-07-06 13:34:08
HSBC,Finance,Savings Institutions,165860,42.08,41.741,1.00812,50,3.26,71,0.77,1.02,0.95,0.35,1.05,0.4,85,\N,2019-07-06 13:34:22
HMI,Technology,Computer Manufacturing,587.42,10.03,11.828,0.847981,20,\N,4,\N,\N,\N,\N,\N,\N,7,could not convert string to float: N/A,\N
HNP,Public Utilities,Electric Utilities: Central,9140,24.29,24.511,0.990975,44,\N,4,\N,\N,\N,\N,\N,\N,7,could not convert string to float: N/A,\N
HUBB,Capital Goods,Electrical Products,6880,129.14,118.246,1.09213,76,1.54,54,1.05,1.82,2.06,1.6,1.32,0.267327,81,\N,2019-07-06 13:34:38
HUBS,Technology,Computer Software: Prepackaged Software,7100,176.4,165.93,1.0631,68,13.5,94,-0.41,-0.48,-0.48,-0.29,-0.27,\N,7,\N,2019-07-06 13:34:51
HBM,Basic Industries,Precious Metals,1430,5.24,6.002,0.873033,22,0.99,45,0.16,0.09,0.09,-0.01,-0.05,-1,38,\N,2019-07-06 13:35:06
HUD,Consumer Services,Department/Specialty Retail Stores,1270,14.14,14.427,0.980126,41,0.67,39,-0.06,0.15,0.29,-0.06,-0.07,-0.0277778,64,\N,2019-07-06 13:35:19
HPP,Finance,Real Estate,5080,34.16,33.299,1.02585,57,7.02,88,0.31,0.1,0.11,0.1,-0.26,-1,38,\N,2019-07-06 13:35:33
HUM,Health Care,Medical Specialities,35360,264.65,270.659,0.977797,40,0.61,37,3.53,1.39,4.65,2.58,4.16,0.193252,77,\N,2019-07-06 13:35:48
HCFT,Consumer Services,Real Estate Investment Trusts,81.72,3.42,3.397,1.00667,49,-16.08,21,0.45,-0.94,0.15,-0.02,-0.09,-0.388489,51,\N,2019-07-06 13:36:02
HII,Capital Goods,Marine Transportation,9290,230.53,209.887,1.09835,77,1.14,48,3.48,5.4,5.29,4.94,2.85,-0.247059,55,\N,2019-07-06 13:36:16
HUN,Basic Industries,Major Chemicals,4540,20.48,21.644,0.946219,33,0.52,35,1.11,1.71,-0.05,-1.45,0.51,-0.189873,57,\N,2019-07-06 13:36:30
HUYA,Technology,Computer Software: Programming\, Data Processing,5100,25.99,22.613,1.14935,87,\N,4,\N,\N,\N,\N,\N,\N,7,could not convert string to float: N/A,\N
H,Consumer Services,Hotels/Resorts,7720,77.52,73.193,1.05912,68,3.21,70,3.4,0.66,2.09,0.4,0.59,-0.936667,40,\N,2019-07-06 13:36:44
HY,Capital Goods,Construction/Ag Equipment/Trucks,900.27,54.21,61.413,0.882707,24,0.28,28,0.9,0.34,0.93,-0.07,0.2,-0.7,44,\N,2019-07-06 13:36:58
IAG,Basic Industries,Precious Metals,1560,3.35,3.218,1.04111,62,1.49,54,0.09,-0.06,-0.02,-0.07,-0.09,\N,7,\N,2019-07-06 13:37:12
IBN,Finance,Commercial Banks,40030,12.56,11.03,1.13868,85,\N,4,\N,\N,\N,\N,\N,\N,7,could not convert string to float: N/A,\N
IDA,Public Utilities,Electric Utilities: Central,5250,104.02,98.992,1.05079,65,3.71,74,0.72,1.23,2.02,0.52,0.84,0.08,72,\N,2019-07-06 13:37:26
IEX,Capital Goods,Fluid Controls,12670,171.73,149.501,1.14869,87,5.21,83,1.27,1.38,1.37,1.27,1.44,1,98,\N,2019-07-06 13:37:42
IDT,Public Utilities,Telecommunications Equipment,224.95,11.15,7.12,1.56603,99,0.2,26,-0.14,0.33,-0.06,0.01,0.15,0.617021,91,\N,2019-07-06 13:37:55
ITW,Technology,Industrial Machinery/Components,49130,147.98,144.48,1.02422,56,3.31,71,1.9,1.97,1.9,1.83,1.81,-0.5625,47,\N,2019-07-06 13:38:25
IMAX,Miscellaneous,Industrial Machinery/Components,1170,20.44,21.843,0.935767,31,3.4,72,0.13,0.12,0.08,0.03,0.13,0,66,\N,2019-07-06 13:38:39
ICD,Energy,Oil & Gas Production,122.55,1.44,2.803,0.513753,5,0.63,38,-0.11,-0.09,-0.1,-0.11,-0.03,\N,7,\N,2019-07-06 13:38:54
IHC,Finance,Life Insurance,551.16,39.2,37.13,1.05574,66,1.64,56,0.46,0.45,0.66,0.32,0.58,0.352941,84,\N,2019-07-06 13:39:08
IRT,Consumer Services,Real Estate Investment Trusts,1050,11.95,10.639,1.12327,82,5.5,84,0.04,0.04,0.05,0.16,0.03,-0.0769231,62,\N,2019-07-06 13:39:21
IBA,Consumer Non-Durables,Meat/Poultry/Fish,2560,52.9,47.85,1.10553,79,\N,4,\N,\N,\N,\N,\N,\N,7,could not convert string to float: N/A,\N
INFY,Technology,EDP Services,46090,10.69,10.566,1.01176,51,3.86,76,0.13,0.12,0.13,0.12,0.13,0,66,\N,2019-07-06 13:39:36
ING,Finance,Commercial Banks,43160,11.78,11.962,0.984818,42,\N,4,\N,\N,\N,\N,\N,\N,7,could not convert string to float: N/A,\N
IR,Capital Goods,Auto Parts:O.E.M.,30110,124.81,110.642,1.12805,83,1.9,59,0.48,1.79,2.06,1.03,0.82,0.21519,79,\N,2019-07-06 13:39:51
NGVT,Basic Industries,Major Chemicals,4010,103.87,100.184,1.03679,60,3.7,74,0.72,1.1,1.16,0.99,0.54,-0.290323,53,\N,2019-07-06 13:40:04
INGR,Consumer Non-Durables,Packaged Foods,5460,83.23,89.965,0.925137,29,0.96,45,1.9,1.57,1.32,1.36,1.48,-0.724138,44,\N,2019-07-06 13:40:17
IIPR,Finance,Real Estate,1280,130.16,80.478,1.61734,100,67.73,99,0.09,0.17,0.21,0.24,0.33,1,98,\N,2019-07-06 13:40:31
IPHI,Technology,Semiconductors,2170,51.74,43.256,1.19614,91,7.4,89,-0.53,-0.65,-0.52,-0.49,-0.51,\N,7,\N,2019-07-06 13:40:45
NSP,Technology,Professional Services,4970,127.15,117.055,1.08624,75,1.3,50,1.18,0.58,0.86,0.59,1.85,0.527559,88,\N,2019-07-06 13:40:59
INSP,Health Care,Medical/Dental Instruments,1400,63.88,53.969,1.18364,90,25.82,97,-0.48,-0.27,-0.22,-0.22,-0.35,\N,7,\N,2019-07-06 13:41:13
IBP,Basic Industries,Homebuilding,1610,57.56,47.818,1.20373,92,1.24,50,0.2,0.52,0.5,0.54,0.3,0.294118,82,\N,2019-07-06 13:41:27
INST,Technology,Computer Software: Prepackaged Software,1450,43.31,42.498,1.01909,54,7.09,88,-0.37,-0.36,-0.33,-0.22,-0.45,\N,7,\N,2019-07-06 13:41:41
ITGR,Miscellaneous,Industrial Machinery/Components,2720,82.9,78.39,1.05753,67,2.19,61,0.25,0.61,3.54,0.78,0.66,0.12462,74,\N,2019-07-06 13:41:55
I,Consumer Services,Telecommunications Equipment,2690,21.38,20.304,1.05298,66,1.4,52,-0.56,-0.38,-2.74,-0.78,-0.87,\N,7,\N,2019-07-06 13:42:08
ICE,Finance,Investment Bankers/Brokers/Service,48790,89.52,78.556,1.13958,85,10.06,92,0.79,0.78,0.79,1.07,0.85,0.206897,78,\N,2019-07-06 13:42:21
IHG,Consumer Services,Hotels/Resorts,12110,68.18,62.43,1.09211,76,3.85,76,0.71,0.8,0.63,0.84,0.49,-0.628571,45,\N,2019-07-06 13:42:35
IBM,Technology,Computer Manufacturing,122680,141.38,135.068,1.04673,64,1.59,55,1.81,2.61,2.94,2.15,1.78,-0.0258621,65,\N,2019-07-06 13:42:48
IFF,Basic Industries,Major Chemicals,15740,145.12,135.979,1.06722,70,3.56,73,1.63,1.25,1.17,0.09,0.96,-0.435065,50,\N,2019-07-06 13:43:02
IGT,Consumer Services,Services-Misc. Amusement & Recreation,2510,13.33,14.444,0.922891,29,0.57,36,-0.51,0.79,0.11,-0.5,0.2,0.546154,89,\N,2019-07-06 13:43:15
IP,Basic Industries,Paper,16950,43.87,45.079,0.97317,39,0.75,40,1.74,0.97,1.37,0.78,1.05,-0.71875,44,\N,2019-07-06 13:43:29
INSW,Consumer Services,Marine Transportation,530.67,19.04,18.093,1.05235,66,1.74,57,-1.01,-0.65,-1.64,0.24,0.37,0.686567,92,\N,2019-07-06 13:43:57
IPG,Technology,Advertising,8660,23.36,22.224,1.0511,65,1.09,47,-0.04,0.37,0.41,0.84,-0.02,0.0227273,68,\N,2019-07-06 13:44:11
INXN,Technology,Computer Software: Programming\, Data Processing,5400,76.84,66.747,1.15122,87,\N,4,\N,\N,\N,\N,\N,\N,7,could not convert string to float: N/A,\N
IPI,Basic Industries,Mining & Quarrying of Nonmetallic Minerals (No Fue,432.44,3.38,3.459,0.977159,40,2.73,66,0.01,-0.01,0.03,0.06,0.05,0.571429,90,\N,2019-07-06 13:44:26
IVC,Health Care,Industrial Specialties,163.42,5.36,6.739,0.795333,15,0.19,26,-0.43,-0.5,-0.36,-0.04,-0.42,\N,7,\N,2019-07-06 13:44:40
IVR,Consumer Services,Real Estate Investment Trusts,2100,16.28,15.955,1.02037,55,33.43,98,0.37,0.72,-0.58,-1.54,1.05,0.262548,81,\N,2019-07-06 13:44:53
IVZ,Finance,Investment Managers,9540,20.97,19.704,1.06424,69,1.93,59,0.62,0.59,0.65,0.28,0.44,-0.486486,48,\N,2019-07-06 13:45:08
IRET,Consumer Services,Real Estate Investment Trusts,682.92,60.53,58.67,1.03171,59,3.84,75,11.2,-1.9,0.1,-0.5,-0.54,-0.896183,41,\N,2019-07-06 13:45:23
NVTA,Health Care,Medical Specialities,1860,23.89,19.414,1.23053,93,13.74,94,-0.66,-0.47,-0.45,-0.4,-0.47,\N,7,\N,2019-07-06 13:45:37
INVH,Finance,Real Estate,14210,27.4,24.012,1.14111,85,8.29,90,-0.03,-0.03,0,0.05,0.04,0.875,96,\N,2019-07-06 13:45:51
IO,Energy,Oil & Gas Production,102.85,8.37,10.91,0.767202,13,0.64,38,-1.44,-1.86,-0.54,-1.38,-1.52,\N,7,\N,2019-07-06 13:46:06
IQV,Health Care,Biotechnology: Commercial Physical & Biological Re,30400,160.9,137.066,1.17388,89,3.01,69,0.32,0.29,0.29,0.34,0.29,-0.6,46,\N,2019-07-06 13:46:20
IRM,Consumer Services,Real Estate Investment Trusts,8860,31.59,33.91,0.931594,30,2.14,61,0.16,0.33,0.23,0.55,0.1,-0.133333,59,\N,2019-07-06 13:46:33
IRS,Consumer Services,Homebuilding,537.01,10.12,11.475,0.881949,23,\N,4,\N,\N,\N,\N,\N,\N,7,could not convert string to float: N/A,\N
ICL,Basic Industries,Agricultural Chemicals,6660,5.19,5.421,0.957335,36,1.2,49,0.73,0.08,0.1,0.06,0.11,-0.925373,40,\N,2019-07-06 13:46:49
STAR      ,Consumer Services,Real Estate Investment Trusts,763.39,12.82,9.548,1.34264,97,0,21,0.35,0.54,-0.28,-1.7,-0.26,-0.272321,54,\N,2019-07-06 13:47:02
ITCB,Finance,Commercial Banks,4000,12.26,13.344,0.918741,28,\N,4,\N,\N,\N,\N,\N,\N,7,could not convert string to float: N/A,\N
ITUB,Finance,Major Banks,90120,9.72,9.183,1.05844,67,\N,4,\N,\N,\N,\N,\N,\N,7,could not convert string to float: N/A,\N
ITT,Capital Goods,Fluid Controls,5550,65.36,57.881,1.12922,83,2.09,60,1.14,0.79,1.25,0.59,0.8,-0.515152,48,\N,2019-07-06 13:47:19
JPM,Finance,Major Banks,349570,113.49,106.685,1.06379,69,3.51,73,2.37,2.29,2.34,1.98,2.65,0.41791,86,\N,2019-07-06 13:47:33
JAX,Consumer Services,Restaurants,159.44,10.68,9.956,1.07274,71,0.64,38,0.11,0.14,-0.04,0.06,0.26,0.5,88,\N,2019-07-06 13:47:48
JILL,Consumer Non-Durables,Apparel,73.64,2.1,4.376,0.479866,5,0.13,24,0.26,0.23,0.15,0.05,0.1,-0.761905,43,\N,2019-07-06 13:48:04
JCP,Consumer Services,Department/Specialty Retail Stores,338.51,1.16,1.285,0.902858,26,0.03,22,-0.25,-0.32,-0.48,0.24,-0.48,-0.319444,52,\N,2019-07-06 13:48:18
SJM,Consumer Non-Durables,Packaged Foods,13710,119.49,113.155,1.05599,67,1.74,57,1.64,1.17,1.66,1.07,0.63,-0.980583,39,\N,2019-07-06 13:48:33
JBL,Technology,Electrical Products,4670,31.54,27.773,1.13564,84,0.2,26,0.25,-0.34,0.76,0.43,0.28,0.0272727,69,\N,2019-07-06 13:48:47
JEC,Basic Industries,Military/Government/Technical,11250,84.71,73.15,1.15803,88,0.7,39,0.34,1.05,-0.16,0.86,0.41,0.0578512,70,\N,2019-07-06 13:49:17
JAG,Energy,Oil & Gas Production,1710,8.82,9.947,0.886732,24,3.24,71,-0.18,0.21,-0.12,0.87,-0.44,-0.198473,57,\N,2019-07-06 13:49:31
JHX,Capital Goods,Building Materials,5950,13.27,12.567,1.05595,67,\N,4,\N,\N,\N,\N,\N,\N,7,'decimal' codec can't encode character u'u2014' in position 0: invalid decimal Unicode string,\N
JHG,Finance,Investment Managers,4080,22.01,22.892,0.961465,37,1.92,59,0.82,0.7,0.55,0.54,0.48,-1,38,\N,2019-07-06 13:49:59
JBGS,Consumer Services,Real Estate Investment Trusts,5330,40,40.059,0.998533,46,8.06,89,-0.04,0.17,0.19,0.01,0.2,1,98,\N,2019-07-06 13:50:13
JEF,Finance,Investment Bankers/Brokers/Service,5380,21.42,19.418,1.10309,78,1.19,49,-0.74,0.34,2.03,0.55,0.14,0.31769,83,\N,2019-07-06 13:50:26
JELD,Basic Industries,Forest Products,2080,21.52,19.054,1.12944,83,0.49,34,0.37,0.33,0.27,0.39,0.16,-0.913043,40,\N,2019-07-06 13:50:40
JCAP,Consumer Services,Real Estate Investment Trusts,455.21,20.48,21.104,0.970448,39,12.8,94,0.12,0.4,0.57,0.87,0.35,0.306667,82,\N,2019-07-06 13:50:52
JT,Technology,Computer Software: Programming\, Data Processing,676.56,3.92,5.157,0.760117,13,\N,4,\N,\N,\N,\N,\N,\N,7,could not convert string to float: N/A,\N
JKS,Technology,Semiconductors,825.38,23.16,18.209,1.27192,95,\N,4,\N,\N,\N,\N,\N,\N,7,could not convert string to float: N/A,\N
JMP,Finance,Investment Bankers/Brokers/Service,83.35,3.95,4.085,0.966925,38,0.61,37,-0.01,-0.09,0.01,-0.01,0.24,0.757576,93,\N,2019-07-06 13:51:07
JBT,Technology,Industrial Machinery/Components,3650,122.88,96.389,1.27483,95,2.02,60,0.04,1.04,0.82,1.34,0.61,0.438462,86,\N,2019-07-06 13:51:20
JNJ,Health Care,Major Pharmaceuticals,382970,140.57,136.162,1.03238,59,4.57,80,1.6,1.45,1.44,1.12,1.39,-0.4375,49,\N,2019-07-06 13:51:35
JCI,Consumer Services,Other Consumer Services,36440,41.87,36.427,1.14943,87,1.18,49,0.47,0.78,0.83,0.39,0.57,0.227273,79,\N,2019-07-06 13:51:50
JLL,Finance,Real Estate,6230,139.6,145.587,0.958878,36,0.79,41,0.88,2.35,2.93,4.37,0.46,-0.107417,60,\N,2019-07-06 13:52:04
JMEI,Consumer Services,Other Specialty Stores,318.88,2.42,2.396,1.00991,50,\N,4,\N,\N,\N,\N,\N,\N,7,could not convert string to float: N/A,\N
JMIA,Consumer Services,Catalog/Specialty Distribution,1960,26.07,0,0,0,\N,4,\N,\N,\N,\N,\N,\N,7,could not convert string to float: N/A,\N
JNPR,Technology,Computer Communications Equipment,9060,27.36,26.838,1.01946,55,2.06,60,0.1,0.33,0.64,0.55,0.09,-0.0181818,65,\N,2019-07-06 13:52:19
JP,Consumer Services,Other Consumer Services,77.91,2.43,3.631,0.669295,9,\N,4,\N,\N,\N,\N,\N,\N,7,could not convert string to float: N/A,\N
JE,Public Utilities,Oil/Gas Transmission,610.01,4.21,3.627,1.16078,88,\N,4,\N,\N,\N,\N,\N,\N,7,could not convert string to float: N/A,\N
LRN,Consumer Services,Other Consumer Services,1140,31.55,31.166,1.01233,51,1.27,50,0.32,0.23,-0.22,0.59,0.44,0.148148,75,\N,2019-07-06 13:52:35
KAI,Technology,Industrial Machinery/Components,994.97,91.4,87.947,1.03926,62,1.56,55,0.96,1.08,1.64,1.61,0.96,0,66,\N,2019-07-06 13:52:48
KDMN,Health Care,Major Pharmaceuticals,213.64,2.02,2.355,0.857569,21,253.69,100,-0.27,0.24,-0.13,-0.37,0.02,0.47541,87,\N,2019-07-06 13:53:02
KAMN,Consumer Durables,Industrial Specialties,1740,63.48,59.454,1.06772,70,0.95,44,0.5,0.53,0.05,0.84,0.5,0,66,\N,2019-07-06 13:53:17
KSU,Transportation,Railroads,11860,122.94,113.803,1.08029,73,4.5,80,1.4,1.45,1.7,1.59,1.02,-0.558824,47,\N,2019-07-06 13:53:30
KAR,Consumer Durables,Automotive Aftermarket,8200,24.9,20.316,1.22563,93,0.86,43,0.66,0.69,0.57,0.5,0.58,-0.421053,50,\N,2019-07-06 13:54:00
KB,Finance,Commercial Banks,15150,37.62,39.513,0.952098,35,\N,4,\N,\N,\N,\N,\N,\N,7,could not convert string to float: N/A,\N
KBH,Capital Goods,Homebuilding,2080,25.96,23.937,1.08453,74,0.51,35,-0.82,0.57,0.87,0.96,0.31,0.634831,91,\N,2019-07-06 13:54:15
KBR,Basic Industries,Military/Government/Technical,3460,24.96,20.276,1.23099,93,0.68,39,0.97,0.3,0.41,0.31,0.28,-1,38,\N,2019-07-06 13:54:30
FRAC,Energy,Oilfield Services/Equipment,727.43,6.65,9.568,0.695052,10,0.34,30,-0.07,0.27,0.28,0.06,-0.21,-0.285714,53,\N,2019-07-06 13:54:43
K,Consumer Non-Durables,Packaged Foods,18570,55.77,56.652,0.984434,42,1.39,52,1.27,1.71,1.09,-0.24,0.82,-0.230769,55,\N,2019-07-06 13:54:57
KEM,Capital Goods,Electrical Products,1040,19.36,17.965,1.07765,73,0.81,42,0.04,0.6,0.63,0.69,1.58,1,98,\N,2019-07-06 13:55:11
KMPR,Finance,Property-Casualty Insurers,5840,90.14,81.039,1.11231,80,1.42,53,1.02,0.73,1.4,0.1,2.35,0.591111,90,\N,2019-07-06 13:55:25
KMT,Capital Goods,Industrial Machinery/Components,2850,35.03,36.332,0.964156,37,1.19,49,0.61,0.83,0.68,0.66,0.82,0.954545,97,\N,2019-07-06 13:55:39
KW,Finance,Real Estate,2960,20.69,20.721,0.998515,46,3.84,75,-0.02,0.77,0.09,0.21,-0.04,-0.0246914,65,\N,2019-07-06 13:55:53
KEN,Public Utilities,Electric Utilities: Central,1080,20.39,19.126,1.06611,69,3.05,69,10.13,-0.53,-0.38,-1.15,-0.24,\N,7,\N,2019-07-06 13:56:06
KDP,Consumer Non-Durables,Beverages (Production/Distribution),41600,30.08,27.767,1.08329,74,4.63,81,0.88,1.3,0.11,0.19,0.16,-0.605042,46,\N,2019-07-06 13:56:21
KEG,Energy,Oilfield Services/Equipment,39.57,2.9,2.921,0.992891,45,0.12,24,-1.23,-0.84,-1.18,-1.14,-1.15,\N,7,\N,2019-07-06 13:56:35
KEY,Finance,Major Banks,17170,18,16.779,1.07276,71,2.95,68,0.38,0.44,0.45,0.45,0.38,0.00000000000000310862,67,\N,2019-07-06 13:56:48
KEYS,Capital Goods,Industrial Machinery/Components,16040,91.47,81.154,1.12711,83,4.13,77,0.34,0.63,-0.61,0.6,0.8,0.326241,83,\N,2019-07-06 13:57:02
KRC,Consumer Services,Real Estate Investment Trusts,7550,76.12,73.658,1.03343,59,10.04,92,0.36,0.27,0.33,1.58,0.36,0,66,\N,2019-07-06 13:57:15
KRP,Energy,Oil & Gas Production,751.03,16.05,16.922,0.948496,34,9.57,92,-3.23,0.08,-0.15,-0.1,-0.21,0.912387,96,\N,2019-07-06 13:57:28
KMB,Consumer Durables,Containers/Packaging,47040,137.06,122.906,1.11516,81,2.56,65,0.26,1.3,1.29,1.18,1.31,1,98,\N,2019-07-06 13:57:41
KIM,Consumer Services,Real Estate Investment Trusts,7850,18.45,17.596,1.04851,65,6.74,87,0.3,0.36,0.19,0.17,0.24,-0.315789,53,\N,2019-07-06 13:57:55
KMI,Public Utilities,Natural Gas Distribution,46590,21.11,19.384,1.08906,75,3.38,72,0.22,-0.08,0.31,0.21,0.24,0.0512821,70,\N,2019-07-06 13:58:09
KFS,Finance,Property-Casualty Insurers,53.16,2.62,2.452,1.06855,70,1.31,51,-0.07,-0.21,-0.11,-0.4,-0.2,\N,7,\N,2019-07-06 13:58:26
KGC,Basic Industries,Precious Metals,4880,3.83,3.363,1.13872,85,1.54,54,0.08,0,-0.08,-0.02,0.05,-0.1875,57,\N,2019-07-06 13:58:39
KEX,Consumer Services,Marine Transportation,4540,77.45,76.433,1.0133,52,1.56,55,0.54,0.48,0.7,-0.41,0.74,0.173913,76,\N,2019-07-06 13:58:53
KL,Basic Industries,Precious Metals,8990,42.07,33.318,1.26269,95,8.57,90,0.25,0.29,0.26,0.5,0.52,1,98,\N,2019-07-06 13:59:06
KRG,Consumer Services,Real Estate Investment Trusts,1260,15.34,15.764,0.973119,39,3.71,74,-0.21,-0.02,0.05,-0.37,0.07,0.636364,91,\N,2019-07-06 13:59:20
KKR,Finance,Investment Managers,13030,25.94,23.358,1.11056,80,3.85,76,0.32,1.24,1.17,-0.74,1.27,0.472637,87,\N,2019-07-06 13:59:50
KREF,Consumer Services,Real Estate Investment Trusts,1200,20.02,20.182,0.991989,44,9.55,91,0.44,0.44,0.37,0.34,0.43,-0.1,61,\N,2019-07-06 14:00:04
KNX,Transportation,Trucking Freight/Courier Services,5120,33.59,31.752,1.05788,67,1.1,48,0.39,0.51,0.6,0.86,0.51,0.255319,80,\N,2019-07-06 14:00:19
KNL,Consumer Durables,Office Equipment/Supplies/Services,1060,23.45,20.292,1.15562,88,0.87,43,0.31,0.27,0.41,0.5,0.37,0.26087,81,\N,2019-07-06 14:00:32
KNOP,Consumer Services,Marine Transportation,624.78,19.59,19.031,1.02936,58,2.28,62,0.94,0.58,0.64,0.27,0.39,-0.820895,42,\N,2019-07-06 14:00:47
KN,Consumer Non-Durables,Consumer Electronics/Appliances,1540,18.3,16.55,1.10577,79,2.01,60,0,0.05,-0.18,0.87,-0.03,-0.0285714,64,\N,2019-07-06 14:01:01
KSS,Consumer Services,Department/Specialty Retail Stores,7450,48.28,63.554,0.759665,13,0.39,32,0.45,1.76,0.98,1.67,0.38,-0.0507246,63,\N,2019-07-06 14:01:15
PHG,Energy,Consumer Electronics/Appliances,38970,44.43,39.667,1.12007,82,\N,4,\N,\N,\N,\N,\N,\N,7,could not convert string to float: N/A,\N
KTB,Consumer Non-Durables,Apparel,1490,29.83,629.402,0.047394,2,\N,4,\N,\N,\N,\N,\N,\N,7,could not convert string to float: ,\N
KOP,Basic Industries,Forest Products,545.52,29.25,25.636,1.14095,85,0.35,30,0.81,0.03,0.35,-0.13,0.55,-0.276596,54,\N,2019-07-06 14:01:43
KEP,Public Utilities,Electric Utilities: Central,14260,11.12,13.206,0.84201,19,\N,4,\N,\N,\N,\N,\N,\N,7,could not convert string to float: N/A,\N
KFY,Technology,Diversified Commercial Services,2180,39.1,45.275,0.863603,21,1.15,48,0.73,-0.7,0.81,0.8,0.89,0.100629,73,\N,2019-07-06 14:01:58
KOS,Energy,Oil & Gas Production,2480,6.02,5.93,1.01514,53,2.27,62,-0.13,-0.26,-0.31,0.43,-0.13,0,66,\N,2019-07-06 14:02:12
KRA,Basic Industries,Major Chemicals,903.48,31.69,30.025,1.05547,66,0.52,35,0.68,-0.47,1.31,0.55,0.39,-0.162921,58,\N,2019-07-06 14:02:27
KR,Consumer Services,Food Chains,17630,21.75,25.741,0.844963,19,0.14,24,2.37,0.62,0.39,0.32,0.95,-0.692683,44,\N,2019-07-06 14:02:41
KRO,Basic Industries,Major Chemicals,1710,15.26,13.845,1.10219,78,1.06,47,0.61,0.67,0.28,0.21,0.26,-0.76087,43,\N,2019-07-06 14:02:56
KT,Public Utilities,Telecommunications Equipment,6040,12.42,12.902,0.962608,37,\N,4,\N,\N,\N,\N,\N,\N,7,could not convert string to float: N/A,\N
LB,Consumer Services,Clothing/Shoe/Accessory Stores,6620,27.79,25.838,1.07553,72,0.58,37,0.17,0.36,-0.16,1.94,0.14,-0.0142857,65,\N,2019-07-06 14:03:12
SCX,Capital Goods,Industrial Machinery/Components,45.86,6.75,7.077,0.953832,35,0.21,26,0.23,0.12,0.08,0.27,0.3,0.318182,83,\N,2019-07-06 14:03:26
LLL,Technology,Radio And Television Broadcasting And Communicatio,20190,245.17,215.952,1.1353,84,1.84,58,-0.01,-0.03,-0.02,0.01,0,0.25,80,\N,2019-07-06 14:03:40
LH,Health Care,Medical Specialities,16690,177.78,153.126,1.161,88,1.55,54,1.67,2.27,3.1,1.56,1.86,0.123377,74,\N,2019-07-06 14:03:54
LADR,Consumer Services,Real Estate Investment Trusts,1970,16.9,16.84,1.00355,48,5.83,85,0.53,0.4,0.67,0.23,0.21,-0.695652,44,\N,2019-07-06 14:04:09
LAIX,Consumer Services,Other Consumer Services,501.35,10.41,10.417,0.999355,47,\N,4,\N,\N,\N,\N,\N,\N,7,could not convert string to float: N/A,\N
LW,Consumer Non-Durables,Packaged Foods,9150,64.34,68.311,0.941864,32,2.56,65,1.06,0.68,0.73,0.74,0.95,-0.289474,53,\N,2019-07-06 14:04:24
LCI,Health Care,Major Pharmaceuticals,223.36,6.03,7.217,0.835489,18,0.34,30,0.33,-0.3,-7.65,0.32,0.27,-0.0075188,65,\N,2019-07-06 14:04:38
LPI,Energy,Oil & Gas Production,664.72,2.91,3.283,0.886308,24,0.65,38,0.36,0.14,0.24,0.65,-0.04,-0.57971,46,\N,2019-07-06 14:05:09
LVS,Consumer Services,Hotels/Resorts,44360,61.84,60.283,1.02583,57,3.46,72,1.84,0.7,0.73,-0.22,0.75,-0.529126,47,\N,2019-07-06 14:05:23
LTM,Transportation,Air Freight/Delivery Services,5610,9.59,10.483,0.914816,28,0.6,37,0.15,-0.19,0.09,0.25,-0.1,-0.568182,47,\N,2019-07-06 14:05:36
LAZ,Finance,Investment Managers,3740,34.74,36.652,0.947824,34,1.41,52,1.21,1.13,0.82,0.89,0.8,-1,38,\N,2019-07-06 14:05:50
LZB,Consumer Durables,Home Furnishings,1410,31.59,31.977,0.987902,43,0.85,43,0.72,0.39,0.42,0.61,0.03,-1,38,\N,2019-07-06 14:06:04
LCII,Capital Goods,Auto Parts:O.E.M.,2170,89.52,83.531,1.0717,71,0.93,44,1.86,1.86,1.33,0.8,1.38,-0.45283,49,\N,2019-07-06 14:06:18
LEAF,Technology,EDP Services,180.98,6.96,7.782,0.894417,25,1.16,49,-0.26,-0.25,-0.24,-0.19,-0.4,\N,7,\N,2019-07-06 14:06:32
LEA,Capital Goods,Auto Parts:O.E.M.,8590,135.03,142.657,0.946534,33,0.41,32,5.16,4.83,3.8,3.37,3.73,-0.798883,42,\N,2019-07-06 14:06:47
LEE,Consumer Services,Newspapers/Magazines,131.53,2.2,2.761,0.796925,15,0.24,27,0.04,0.08,0.07,0.18,-0.05,-0.391304,51,\N,2019-07-06 14:07:02
LGC,Finance,Business Services,379.13,10.1,10.014,1.00862,50,\N,4,\N,\N,\N,\N,\N,\N,7,could not convert string to float: N/A,\N
LM,Finance,Investment Managers,3120,37.96,31.704,1.19734,91,1.13,48,0.86,0.75,0.82,-2.55,0.56,-0.0879765,61,\N,2019-07-06 14:07:17
LEG,Consumer Durables,Home Furnishings,4910,38.9,40.55,0.959308,36,1.16,48,0.57,0.63,0.67,0.39,0.45,-0.428571,50,\N,2019-07-06 14:07:30
LDOS,Technology,EDP Services,11410,82.02,66.897,1.22607,93,1.15,48,0.66,0.94,0.96,1.25,1.29,1,98,\N,2019-07-06 14:07:44
LEJU,Finance,Real Estate,173.29,1.3,1.571,0.827667,18,0.38,31,-0.15,-0.01,0.05,0.01,-0.1,0.25,80,\N,2019-07-06 14:07:57
LC,Miscellaneous,Business Services,1190,3.07,3.109,0.987429,43,1.85,58,-0.35,-0.7,-0.25,-0.15,-0.25,\N,7,\N,2019-07-06 14:08:10
LEN,Basic Industries,Homebuilding,15580,48.28,48.929,0.986743,43,0.71,39,0.94,1.37,2.42,0.74,1.3,0.214286,78,\N,2019-07-06 14:08:23
LII,Capital Goods,Industrial Machinery/Components,10620,288.05,256.157,1.12451,82,2.94,68,0.9,3.35,2.65,1.87,1.73,0.338776,83,\N,2019-07-06 14:08:37
LHC,Consumer Services,Movies/Entertainment,256.25,10.2,10.093,1.01057,51,\N,4,\N,\N,\N,\N,\N,\N,7,could not convert string to float: N/A,\N
LEVI,Consumer Non-Durables,Apparel,8140,22.27,0,0,0,\N,4,\N,\N,\N,\N,\N,\N,7,could not convert string to float: ,\N
LPL,Capital Goods,Industrial Machinery/Components,5370,7.45,8.385,0.888495,24,\N,4,\N,\N,\N,\N,\N,\N,7,could not convert string to float: N/A,\N
LBRT,Energy,Oilfield Services/Equipment,1700,15.82,15.275,1.03567,60,0.81,41,0.34,0.71,0.49,0.27,0.26,-0.177778,57,\N,2019-07-06 14:09:07
LPT,Consumer Services,Real Estate Investment Trusts,7400,51.55,47.742,1.07977,73,11.08,93,0.95,0.13,1.01,1.14,0.37,-0.574257,46,\N,2019-07-06 14:09:20
LSI,Consumer Services,Real Estate Investment Trusts,4480,98.79,96.181,1.02713,57,8.25,90,0.73,0.84,0.88,1.98,0.74,0.008,68,\N,2019-07-06 14:09:34
LITB,Consumer Services,Catalog/Specialty Distribution,100.84,1.44,1.209,1.19083,91,0.47,34,-0.12,-0.14,-0.26,-0.36,-0.2,\N,7,\N,2019-07-06 14:09:47
LNC,Finance,Life Insurance,12550,66.22,61.482,1.07706,72,0.8,41,1.64,1.7,2.24,1.8,1.22,-0.411765,50,\N,2019-07-06 14:10:01
LIN,Basic Industries,Major Chemicals,110070,202.43,177.11,1.14296,86,5.83,85,1.59,1.65,1.58,8.29,0.94,-0.0884354,61,\N,2019-07-06 14:10:30
LNN,Capital Goods,Industrial Machinery/Components,866.14,83.06,87.224,0.952257,35,1.74,57,0.16,0.96,0.46,0.11,-0.32,-0.375,51,\N,2019-07-06 14:10:44
LN,Technology,Computer Software: Programming\, Data Processing,6690,29.94,33.577,0.891679,25,\N,4,\N,\N,\N,\N,\N,\N,6,could not convert string to float: N/A,\N
LAD,Consumer Durables,Automotive Aftermarket,2700,122.37,99.137,1.23436,94,0.24,27,2.07,2.44,3.84,2.54,2.42,0.19774,78,\N,2019-07-06 14:11:00
LAC,Basic Industries,Precious Metals,334.53,4.12,3.759,1.09612,77,72.01,99,-0.04,-0.05,-0.08,-0.08,-0.11,\N,6,\N,2019-07-06 14:11:14
LYV,Consumer Services,Services-Misc. Amusement & Recreation,13930,69.66,60.514,1.15114,87,1.32,51,-0.24,0.24,0.7,-0.83,-0.31,-0.0457516,63,\N,2019-07-06 14:11:28
LTHM,Basic Industries,Major Chemicals,1000,7.22,10.923,0.661001,8,\N,4,\N,\N,\N,\N,\N,\N,6,'decimal' codec can't encode character u'u2014' in position 0: invalid decimal Unicode string,\N
RAMP,Technology,EDP Services,3130,47.96,51.476,0.931697,30,11.59,93,0.06,-0.04,0.27,13.65,-0.67,-0.0509777,63,\N,2019-07-06 14:11:56
LYG,Finance,Commercial Banks,50020,2.89,3.057,0.945293,33,\N,4,\N,\N,\N,\N,\N,\N,6,could not convert string to float: N/A,\N
LMT,Capital Goods,Military/Government/Technical,101870,369.92,314.632,1.17572,90,1.85,58,4.02,4.05,5.14,4.39,5.99,1,98,\N,2019-07-06 14:12:10
L,Finance,Property-Casualty Insurers,16610,55.69,49.394,1.12746,83,1.19,49,0.89,0.72,0.88,-0.51,1.27,0.213483,78,\N,2019-07-06 14:12:24
LOMA,Capital Goods,Building Materials,1330,12,11.23,1.06858,70,\N,4,\N,\N,\N,\N,\N,\N,6,could not convert string to float: N/A,\N
LPX,Basic Industries,Forest Products,3170,26.6,24.472,1.08695,75,1.21,49,0.62,1.11,0.86,0.12,0.2,-0.424242,50,\N,2019-07-06 14:12:38
LOW,Consumer Services,RETAIL: Building Materials,78180,104.22,102.447,1.01731,54,1.14,48,1.19,1.86,0.78,-1.03,1.31,0.0415225,70,\N,2019-07-06 14:12:52
LXU,Basic Industries,Major Chemicals,105.3,4.05,5.843,0.69314,9,0.31,29,-0.49,-1.27,-1.22,-0.75,-0.69,\N,6,\N,2019-07-06 14:13:05
LKSD,Miscellaneous,Publishing,127.67,3.62,6.745,0.536709,5,0.03,22,-1.68,-0.32,0.23,-0.12,-0.47,0.633508,91,\N,2019-07-06 14:13:19
LTC,Consumer Services,Real Estate Investment Trusts,1820,46.51,45.101,1.03123,59,11.48,93,0.51,1.73,0.88,0.77,0.51,-2.22045e-16,66,\N,2019-07-06 14:13:33
LUB,Consumer Services,Restaurants,33.46,1.14,1.428,0.798225,15,0.1,24,-0.37,-0.49,-0.06,-0.25,0.22,\N,6,\N,2019-07-06 14:13:48
LL,Consumer Services,RETAIL: Building Materials,303.49,11.74,11.153,1.05261,66,0.31,29,-0.07,-0.05,0.21,-1.99,-0.17,-0.0454545,63,\N,2019-07-06 14:14:02
LXFR,Basic Industries,Major Chemicals,630.41,25.18,22.204,1.13402,84,1.4,52,0.33,0.37,0.45,-0.25,-0.14,-0.671429,44,\N,2019-07-06 14:14:15
LDL,Capital Goods,Auto Parts:O.E.M.,334.31,19.55,23.322,0.838259,19,0.42,32,0.64,0.6,0.36,0.42,0.22,-1,38,\N,2019-07-06 14:14:29
WLH,Capital Goods,Homebuilding,675.72,18.93,15.91,1.18981,91,0.33,30,0.21,0.57,0.68,0.89,0.21,0,66,\N,2019-07-06 14:14:43
LYB,Basic Industries,Major Chemicals,32060,87.42,85.84,1.0184,54,0.85,43,3.11,4.22,2.85,1.83,2.19,-0.384937,51,\N,2019-07-06 14:14:58
MTB,Finance,Major Banks,22610,174.01,164.634,1.05695,67,4.01,77,2.23,3.26,3.53,3.76,3.35,0.732026,93,\N,2019-07-06 14:15:11
MDC,Capital Goods,Homebuilding,1930,33.01,30.76,1.07316,71,0.65,38,0.63,1.04,0.86,0.88,0.64,0.0243902,68,\N,2019-07-06 14:15:26
MHO,Capital Goods,Homebuilding,748.22,28.59,27.043,1.05722,67,0.34,30,0.6,0.96,1.01,1.15,0.63,0.0545455,70,\N,2019-07-06 14:15:55
MAC,Consumer Services,Real Estate Investment Trusts,4620,33.28,41.474,0.80244,16,4.62,81,-0.24,0.05,0.52,0.08,0.05,0.381579,85,\N,2019-07-06 14:16:10
CLI,Consumer Services,Real Estate Investment Trusts,2120,23.6,21.92,1.07663,72,4.07,77,0.45,-0.05,-0.05,0.45,2.66,0.815498,95,\N,2019-07-06 14:16:25
MIC,Energy,Oil Refining/Marketing,3410,41.14,40.913,1.00554,49,1.99,59,0.88,0.45,0.25,-0.01,0.79,-0.101124,60,\N,2019-07-06 14:16:39
BMA,Finance,Commercial Banks,4430,72.52,51.991,1.39486,98,\N,4,\N,\N,\N,\N,\N,\N,6,could not convert string to float: N/A,\N
M,Consumer Services,Department/Specialty Retail Stores,6580,21.7,24.032,0.902958,26,0.26,28,0.45,0.53,0.2,2.38,0.44,-0.00458716,65,\N,2019-07-06 14:16:53
MMP,Energy,Natural Gas Distribution,14370,64.84,61.25,1.05861,67,5.34,84,0.92,0.94,2.6,1.37,0.91,-0.00591716,65,\N,2019-07-06 14:17:08
MGA,Capital Goods,Auto Parts:O.E.M.,15680,48.21,49.753,0.968987,38,0.38,31,1.83,1.77,1.62,1.39,3.39,0.78,94,\N,2019-07-06 14:17:22
MX,Technology,Semiconductors,361.07,10.21,8.172,1.2494,94,0.48,34,0.08,-0.62,0.41,-0.07,-1,-0.765957,43,\N,2019-07-06 14:17:36
MGY,Energy,Oil & Gas Production,2800,11.34,12.167,0.93201,30,\N,4,\N,\N,\N,\N,\N,\N,6,'decimal' codec can't encode character u'u2014' in position 0: invalid decimal Unicode string,\N
MNK,Health Care,Major Pharmaceuticals,704.04,8.64,17.51,0.493439,5,0.22,26,-0.21,0.19,1.34,-44.64,1.83,0.0438993,70,\N,2019-07-06 14:18:03
MANU,Consumer Services,Services-Misc. Amusement & Recreation,2870,18.26,19.165,0.952784,35,\N,4,\N,\N,\N,\N,\N,\N,6,could not convert string to float: N/A,\N
MTW,Capital Goods,Construction/Ag Equipment/Trucks,615.91,16.76,16.599,1.0097,50,0.31,29,-0.28,0.27,0.32,-2.2,-0.75,-0.186508,57,\N,2019-07-06 14:18:18
MN,Finance,Investment Managers,27.54,1.8,2.109,0.853575,20,0.19,26,0.07,0.05,0.05,0.03,0.03,-1,38,\N,2019-07-06 14:18:33
MAN,Technology,Professional Services,5610,96.17,84.936,1.13227,84,0.27,28,1.45,2.17,2.43,2.54,0.88,-0.343374,52,\N,2019-07-06 14:18:46
MFC,Finance,Life Insurance,35580,18.58,17.014,1.09201,76,\N,4,\N,\N,\N,\N,\N,\N,6,could not convert string to float: N/A,\N
MRO,Energy,Oil & Gas Production,11370,13.76,15.792,0.871307,22,2.03,60,0.42,0.11,0.3,0.47,0.21,-0.583333,46,\N,2019-07-06 14:19:01
MPC,Energy,Integrated oil Companies,34050,54.87,58.636,0.935769,31,0.34,30,0.08,2.27,1.62,1.35,-0.01,-0.0394737,64,\N,2019-07-06 14:19:15
MMI,Finance,Real Estate,1180,31.09,37.033,0.839525,19,1.52,54,0.46,0.56,0.53,0.66,0.4,-0.230769,55,\N,2019-07-06 14:19:30
MCS,Consumer Services,Movies/Entertainment,1020,33.37,38.841,0.859135,21,1.53,54,0.35,0.65,0.56,0.3,0.06,-0.491525,48,\N,2019-07-06 14:19:44
MPX,Capital Goods,Marine Transportation,561.7,15.39,14.852,1.03622,60,1.73,57,0.22,0.26,0.21,0.14,0.22,0,66,\N,2019-07-06 14:19:58
HZO,Consumer Services,Other Specialty Stores,372.27,16.83,18.097,0.929995,30,0.32,30,0.27,0.75,0.5,0.21,0.23,-0.0740741,62,\N,2019-07-06 14:20:11
MKL,Finance,Property-Casualty Insurers,14910,1116.4,1034.09,1.0796,73,2,60,-4.25,19.97,28.5,-53.88,42.76,0.486445,87,\N,2019-07-06 14:20:24
VAC,Finance,Real Estate,4160,98.69,93.839,1.0517,65,1.97,59,1.32,0.39,-1.75,0.91,0.51,-0.263844,54,\N,2019-07-06 14:20:38
MMC,Finance,Specialty Insurers,50020,102.75,92.134,1.11522,81,3.51,73,1.34,1.04,0.54,0.3,1.4,0.0545455,70,\N,2019-07-06 14:20:52
MLM,Basic Industries,Mining & Quarrying of Nonmetallic Minerals (No Fue,14060,230.84,201.995,1.1428,86,3.52,73,0.16,2.92,2.85,1.5,0.68,0.188406,77,\N,2019-07-06 14:21:22
MAS,Basic Industries,Forest Products,11270,39.84,37.033,1.0758,72,1.4,52,0.47,0.68,0.58,0.64,0.39,-0.275862,54,\N,2019-07-06 14:21:36
DOOR,Basic Industries,Forest Products,1330,52.94,52.322,1.01181,51,0.61,37,0.73,1.24,0.89,0.46,0.15,-0.53211,47,\N,2019-07-06 14:21:49
MTZ,Basic Industries,Water Supply,3640,52.22,47.192,1.10654,79,0.57,36,0.32,1.01,1.52,0.41,0.57,0.208333,78,\N,2019-07-06 14:22:02
MA,Miscellaneous,Business Services,265290,272.14,233.094,1.16751,89,18.22,96,1.41,1.5,1.82,0.87,1.8,0.410526,85,\N,2019-07-06 14:22:15
MTDR,Energy,Oil & Gas Production,2120,19.06,18.743,1.01691,53,2.65,65,0.55,0.53,0.15,1.19,-0.15,-0.522388,48,\N,2019-07-06 14:22:29
MTRN,Capital Goods,Industrial Specialties,1340,66.13,57.565,1.1488,87,1.12,48,0.51,0.54,0.97,-1.03,0.82,0.155,76,\N,2019-07-06 14:22:43
MATX,Consumer Services,Marine Transportation,1580,38.55,36.192,1.06514,69,0.74,40,0.33,0.76,0.97,0.48,0.29,-0.0588235,63,\N,2019-07-06 14:22:56
MLP,Finance,Real Estate,191.07,10.25,11.059,0.926872,29,17.71,96,-0.05,-0.03,-0.09,0.2,-0.06,-0.0344828,64,\N,2019-07-06 14:23:09
MAXR,Technology,Radio And Television Broadcasting And Communicatio,430.76,9.8,6.261,1.56528,99,0.28,28,0.55,-0.33,-7.31,-14.47,-0.99,\N,6,\N,2019-07-06 14:23:24
MMS,Miscellaneous,Business Services,4660,73.93,71.258,1.0375,61,1.84,58,0.84,0.91,0.71,0.86,0.96,0.48,87,\N,2019-07-06 14:23:39
MXL,Technology,Semiconductors,1580,23.98,23.034,1.04107,62,4.72,81,0.03,-0.21,-0.2,0.01,-0.07,-0.416667,50,\N,2019-07-06 14:23:52
MEC,Capital Goods,Industrial Specialties,276.85,14.82,4.744,3.12388,100,\N,4,\N,\N,\N,\N,\N,\N,6,could not convert string to float: ,\N
MBI,Finance,Property-Casualty Insurers,834.17,9.31,9.545,0.975337,40,3.44,72,-1.12,-1.64,-0.5,-0.08,-0.2,\N,6,\N,2019-07-06 14:24:20
MKC,Consumer Non-Durables,Packaged Foods,20210,161.44,145.021,1.11322,81,3.94,76,0.93,1.3,1.6,1.11,1.12,0.283582,81,\N,2019-07-06 14:24:34
MDR,Capital Goods,Metal Fabrications,1570,9.15,8.113,1.12781,83,0.19,26,0.36,0.33,0.01,-15.33,-0.39,-0.0478011,63,\N,2019-07-06 14:24:48
MCD,Consumer Services,Restaurants,157070,211.24,190.213,1.11054,80,7.74,89,1.72,1.9,2.1,1.82,1.72,-0.00000000000000244249,66,\N,2019-07-06 14:25:02
MUX,Basic Industries,Precious Metals,662.44,1.7,1.624,1.04687,64,5.96,85,-0.02,-0.02,-0.04,-0.06,-0.03,\N,6,\N,2019-07-06 14:25:16
MCK,Health Care,Other Pharmaceuticals,24560,140.03,124.177,1.12767,83,0.12,24,-5.58,-0.68,2.51,2.4,-4.17,0.174289,76,\N,2019-07-06 14:25:31
MDU,Basic Industries,Mining & Quarrying of Nonmetallic Minerals (No Fue,5080,26.3,25.54,1.02974,58,1.13,48,0.22,0.22,0.55,0.4,0.21,-0.0294118,64,\N,2019-07-06 14:25:45
MTL,Basic Industries,Steel/Iron Ore,524.5,2.11,2.142,0.985173,42,\N,4,\N,\N,\N,\N,\N,\N,6,could not convert string to float: N/A,\N
MPW,Consumer Services,Real Estate Investment Trusts,7020,18.29,17.878,1.02302,56,9.49,91,0.25,0.3,2,0.21,0.2,-0.0277778,64,\N,2019-07-06 14:26:00
MED,Consumer Non-Durables,Packaged Foods,1500,122.4,132.477,0.923935,29,2.56,65,1.01,1.16,1.14,1.3,1.7,1,98,\N,2019-07-06 14:26:14
MDLY,Finance,Investment Managers,72.04,2.44,3.3,0.739382,12,1.33,51,-0.26,-0.08,-0.15,-0.16,-0.02,\N,6,\N,2019-07-06 14:26:28
MD,Health Care,Hospital/Nursing Management,2170,25.24,30.045,0.840068,19,0.6,37,0.68,0.85,0.72,0.68,-2.82,-0.953678,40,\N,2019-07-06 14:26:41
MDT,Health Care,Biotechnology: Electromedical & Electrotherapeutic,132640,98.11,90.646,1.08235,74,4.31,79,1.07,0.79,0.82,0.94,0.87,-0.714286,44,\N,2019-07-06 14:27:10
MFAC,Finance,Business Services,212.46,10.08,9.93,1.0151,53,\N,4,\N,\N,\N,\N,\N,\N,6,could not convert string to float: N/A,\N
MRK,Health Care,Major Pharmaceuticals,219460,85.6,79.44,1.07754,72,5.12,83,0.27,0.63,0.73,0.69,1.12,1,98,\N,2019-07-06 14:27:25
MCY,Finance,Property-Casualty Insurers,3400,64.81,54.137,1.19714,91,0.99,45,-0.77,1.09,1.06,-1.48,2.45,0.819338,95,\N,2019-07-06 14:27:39
MDP,Consumer Services,Newspapers/Magazines,2400,55.94,55.624,1.00569,49,0.8,41,-2.74,-0.06,-0.06,-0.03,0.1,\N,6,\N,2019-07-06 14:27:53
MTH,Capital Goods,Homebuilding,1890,52.23,46.664,1.11928,82,0.58,37,1.07,1.31,1.33,1.91,0.65,-0.333333,52,\N,2019-07-06 14:28:07
MTOR,Capital Goods,Auto Parts:O.E.M.,1920,23.31,21.394,1.08958,76,0.44,33,0.63,0.71,0.36,1.03,0.84,0.313433,82,\N,2019-07-06 14:28:22
MTR,Energy,Oil & Gas Production,21.63,11.12,12.489,0.890388,24,8.83,91,0.34,0.26,0.22,0.33,0.37,0.2,78,\N,2019-07-06 14:28:35
MSB,Basic Industries,Precious Metals,381.01,30.71,29.156,1.05329,66,8.93,91,0.48,1.44,1.04,0.52,0.37,-0.102804,60,\N,2019-07-06 14:28:49
MEI,Capital Goods,Electrical Products,996.16,28.38,27.572,1.02929,58,1.02,46,0.98,0.63,0.39,0.82,0.6,-0.644068,45,\N,2019-07-06 14:29:02
MET,Finance,Life Insurance,46310,50.7,45.669,1.11017,80,0.69,39,1.19,0.83,0.88,2.04,1.4,0.173554,76,\N,2019-07-06 14:29:15
MCB,Finance,Major Banks,366.12,44.1,37.831,1.16572,89,4.31,79,0.75,0.7,0.85,0.75,1.01,0.83871,95,\N,2019-07-06 14:29:29
MTD,Capital Goods,Biotechnology: Laboratory Analytical Instruments,20680,859.91,704.462,1.22066,93,7.22,88,3.58,4.31,4.93,7.11,4.42,0.23796,79,\N,2019-07-06 14:29:42
MFA,Consumer Services,Real Estate Investment Trusts,3260,7.25,7.254,0.999453,47,8.12,89,0.2,0.17,0.19,0.13,0.19,-0.142857,59,\N,2019-07-06 14:29:56
MTG,Finance,Property-Casualty Insurers,4630,13.91,13.135,1.05897,67,4.3,79,0.38,0.49,0.49,0.43,0.42,0.363636,84,\N,2019-07-06 14:30:10
MGP,Consumer Services,Real Estate Investment Trusts,9140,31.15,30.875,1.00891,50,8.69,90,0.22,0.18,0.26,0.26,0.24,0.25,80,\N,2019-07-06 14:30:24
MGM,Consumer Services,Hotels/Resorts,14840,29.23,27.051,1.08055,74,1.34,51,0.38,0.21,0.26,-0.06,0.05,-0.75,43,\N,2019-07-06 14:30:38
MFGP,Technology,Computer Software: Prepackaged Software,9040,26.39,23.329,1.13123,84,\N,4,\N,\N,\N,\N,\N,\N,6,list index out of range,\N
MAA,Consumer Services,Real Estate Investment Trusts,13390,121.26,107.88,1.12403,82,8.71,90,0.42,0.52,0.46,0.53,0.55,1,98,\N,2019-07-06 14:31:06
MSL,Finance,Major Banks,187.9,11.8,11.531,1.02331,56,3.09,69,-0.03,-0.09,-0.34,-1.39,-0.4,\N,6,\N,2019-07-06 14:31:19
MPO,Energy,Oil & Gas Production,115.55,5.71,8.915,0.64048,8,0.68,39,0.15,-0.06,0.44,1.38,-0.78,-0.430556,50,\N,2019-07-06 14:31:33
MCRN,Technology,Industrial Machinery/Components,917.23,14.18,13.291,1.06692,69,0.81,41,0.08,0.21,0.21,0.08,-0.01,-0.409091,50,\N,2019-07-06 14:31:46
MLR,Capital Goods,Construction/Ag Equipment/Trucks,344.17,30.91,30.832,1.00253,48,0.46,34,0.59,0.67,0.76,0.95,0.76,0.472222,87,\N,2019-07-06 14:32:00
MTX,Basic Industries,Major Chemicals,1850,53.39,57.474,0.928944,30,1.02,46,1.12,1.24,1.18,1.22,1.11,-0.0769231,62,\N,2019-07-06 14:32:13
MG,Consumer Services,Military/Government/Technical,405.34,15.05,14.364,1.04774,64,0.59,37,0.1,0.2,-0.04,-0.04,-0.19,-0.74359,43,\N,2019-07-06 14:32:29
MUFG,Finance,Commercial Banks,60390,4.84,4.987,0.970445,39,\N,4,\N,\N,\N,\N,\N,\N,6,could not convert string to float: N/A,\N
MIXT,Technology,Computer Software: Prepackaged Software,336.72,15.64,16.777,0.932244,31,\N,3,\N,\N,\N,\N,\N,\N,6,could not convert string to float: N/A,\N
MFG,Finance,Major Banks,35630,2.89,3.042,0.94999,34,\N,3,\N,\N,\N,\N,\N,\N,6,could not convert string to float: N/A,\N
MBT,Public Utilities,Telecommunications Equipment,8340,8.96,8.051,1.11287,80,\N,3,\N,\N,\N,\N,\N,\N,6,could not convert string to float: N/A,\N
MODN,Technology,Computer Software: Programming\, Data Processing,630.48,20.47,17.223,1.18852,91,4.55,80,-0.13,-0.5,-0.12,-0.15,-0.18,\N,6,\N,2019-07-06 14:33:02
MOD,Capital Goods,Auto Parts:O.E.M.,679.22,14.46,14.094,1.026,57,0.33,30,0.34,0.43,0.75,0.35,0.12,-0.349206,52,\N,2019-07-06 14:33:16
MC,Finance,Investment Managers,1600,34.27,39.127,0.875869,23,2.05,60,0.75,0.72,0.61,0.72,0.25,-1,38,\N,2019-07-06 14:33:30
MOGU,Miscellaneous,Business Services,310,2.85,11.368,0.250697,3,\N,3,\N,\N,\N,\N,\N,\N,6,could not convert string to float: N/A,\N
MHK,Consumer Durables,Home Furnishings,10310,151.4,134.518,1.1255,83,1.09,47,2.78,2.62,3.02,3.05,1.67,-0.804348,42,\N,2019-07-06 14:33:44
MOH,Health Care,Medical Specialities,9100,143.57,135.806,1.05717,67,0.51,35,1.64,3.02,2.9,3.01,2.99,0.978261,97,\N,2019-07-06 14:33:57
TAP,Consumer Non-Durables,Beverages (Production/Distribution),11980,56.85,59.834,0.950127,34,1.14,48,1.28,1.96,1.56,0.35,0.7,-0.360248,51,\N,2019-07-06 14:34:11
MNR,Consumer Services,Real Estate Investment Trusts,1290,13.82,13.488,1.02461,57,8.83,91,0.1,0.13,0.1,-0.36,0.26,0.258065,80,\N,2019-07-06 14:34:25
MR,Energy,Oil & Gas Production,216.17,5.43,12.762,0.425481,4,0.36,31,-0.15,-0.9,0.15,1.84,-0.55,-0.145985,59,\N,2019-07-06 14:34:39
MCO,Finance,Finance: Consumer Services,36740,201.43,177.113,1.1373,85,8.57,90,1.92,1.94,1.59,1.29,1.93,0.0153846,68,\N,2019-07-06 14:34:53
MS,Finance,Investment Bankers/Brokers/Service,71760,44.21,43.293,1.02117,55,1.89,59,1.45,1.3,1.17,0.8,1.39,-0.0923077,61,\N,2019-07-06 14:35:08
MOSC,Finance,Business Services,439.88,10.186,10.061,1.01244,52,\N,3,\N,\N,\N,\N,\N,\N,6,could not convert string to float: N/A,\N
MOS,Basic Industries,Agricultural Chemicals,9320,24.8,27.366,0.906228,26,1,46,0.11,0.18,0.64,0.29,0.34,0.433962,86,\N,2019-07-06 14:35:22
MSI,Technology,Radio And Television Broadcasting And Communicatio,27060,170.65,140.621,1.21354,92,3.73,74,0.69,1.05,1.43,2.44,0.86,0.0971429,72,\N,2019-07-06 14:35:36
MOV,Consumer Non-Durables,Consumer Specialties,606.9,27.18,32.256,0.842631,19,0.89,43,0.35,0.39,1.14,0.74,0.17,-0.185567,57,\N,2019-07-06 14:35:49
MPLX,Energy,Natural Gas Distribution,25310,32.51,32.638,0.996064,46,4.03,77,0.61,0.55,0.62,0.52,0.61,-0.00000000000000444089,65,\N,2019-07-06 14:36:02
MRC,Capital Goods,Industrial Machinery/Components,1330,16.81,16.474,1.02037,55,0.34,30,0.13,0.17,0.2,0.04,0.14,0.0625,71,\N,2019-07-06 14:36:15
MSA,Health Care,Industrial Specialties,3950,104.29,102.733,1.01516,53,2.97,68,0.83,0.85,0.86,0.64,0.59,-0.888889,41,\N,2019-07-06 14:36:29
MSM,Capital Goods,Industrial Machinery/Components,3990,73.95,79.461,0.930646,30,1.23,49,2.06,1.39,1.29,1.33,1.24,-1,38,\N,2019-07-06 14:36:44
MSCI,Miscellaneous,Business Services,19540,242.29,199.608,1.21383,92,14.11,95,1.24,1.28,1.36,1.7,2.08,1,98,\N,2019-07-06 14:36:58
MSGN,Consumer Services,Television Services,1540,20.9,22.452,0.930869,30,2.17,61,0.62,0.6,0.62,0.58,0.72,0.714286,93,\N,2019-07-06 14:37:12
MLI,Capital Goods,Metal Fabrications,1600,29.17,29.192,0.999247,47,0.66,38,0.42,0.58,0.35,0.47,0.28,-0.466667,49,\N,2019-07-06 14:37:42
MWA,Capital Goods,Metal Fabrications,1560,9.76,9.989,0.977059,40,1.66,56,0.06,0.1,0.16,-0.13,0.07,0.0344828,69,\N,2019-07-06 14:37:56
MUR,Energy,Oil & Gas Production,4210,24.79,27.202,0.911328,27,1.55,54,0.96,0.26,0.54,0.59,0.23,-1,38,\N,2019-07-06 14:38:10
MUSA,Consumer Durables,Automotive Aftermarket,2730,85.39,81.36,1.04953,65,0.22,26,1.16,1.58,1.38,2.38,0.16,-0.45045,49,\N,2019-07-06 14:38:24
MVO,Energy,Oil & Gas Production,91.43,7.88,7.926,0.994183,45,4.87,82,0.22,0.36,0.42,0.41,0.32,0.5,88,\N,2019-07-06 14:38:38
MYE,Consumer Non-Durables,Plastic Products,659.23,19.08,17.502,1.09018,76,1.21,49,0.22,0.26,-0.6,0.07,0.19,-0.0348837,64,\N,2019-07-06 14:38:53
MYOV,Health Care,Major Pharmaceuticals,817.36,8.69,17.338,0.501204,5,\N,3,\N,\N,\N,\N,\N,\N,6,could not convert string to float: N/A,\N
NBR,Energy,Oil & Gas Production,958.73,2.65,3.115,0.85067,20,0.29,29,-0.46,-0.61,-0.35,-0.55,-0.36,\N,6,\N,2019-07-06 14:39:07
NC,Consumer Durables,Consumer Electronics/Appliances,350.38,53.68,41.837,1.28309,96,2.57,65,1.18,0.92,1.33,1.57,2.15,0.788618,94,\N,2019-07-06 14:39:22
NTP,Finance,Real Estate,365.51,10,9.443,1.05904,68,355.61,100,0.07,-0.15,-0.1,-0.16,-0.05,\N,6,\N,2019-07-06 14:39:36
NBHC,Finance,Major Banks,1110,36.89,34.815,1.05962,68,4.21,78,0.27,0.56,0.58,0.55,0.6,1,98,\N,2019-07-06 14:39:49
NFG,Public Utilities,Oil/Gas Transmission,4700,53.71,57.228,0.938523,32,2.8,67,1.06,0.73,0.44,1.18,1.04,-0.027027,65,\N,2019-07-06 14:40:04
NGG,Public Utilities,Natural Gas Distribution,36290,53.88,53.76,1.00223,48,\N,3,\N,\N,\N,\N,\N,\N,6,could not convert string to float: N/A,\N
NHI,Consumer Services,Real Estate Investment Trusts,3400,79.44,78.528,1.01162,51,11.76,93,0.92,0.91,0.97,0.87,0.83,-0.642857,45,\N,2019-07-06 14:40:18
NOV,Energy,Metal Fabrications,8200,21.94,26.093,0.840839,19,0.98,45,-0.18,0.06,0,0.03,-0.2,-0.0769231,62,\N,2019-07-06 14:40:31
NPK,Capital Goods,Ordnance And Accessories,656.9,95.58,108.727,0.879082,23,2.15,61,1.57,1.54,0.91,1.68,0.85,-0.86747,41,\N,2019-07-06 14:40:44
NNN,Consumer Services,Real Estate Investment Trusts,8770,54.12,52.554,1.0298,58,13.9,95,0.62,0.4,0.47,0.17,0.44,-0.4,51,\N,2019-07-06 14:40:57
SID,Capital Goods,Steel/Iron Ore,5700,4.31,3.586,1.20204,92,\N,3,\N,\N,\N,\N,\N,\N,6,could not convert string to float: N/A,\N
NSA,Consumer Services,Real Estate Investment Trusts,1630,29.13,28.474,1.02304,56,4.85,82,0.09,0.07,0.03,-0.16,0.08,-0.04,64,\N,2019-07-06 14:41:12
NGS,Energy,Oilfield Services/Equipment,205.65,16.16,17.048,0.947936,34,3.09,69,0.02,0.02,0.02,-0.02,0.03,0.2,78,\N,2019-07-06 14:41:26
NGVC,Consumer Services,Food Chains,217.43,10.04,12.754,0.787201,14,0.25,28,0.15,0.09,0.09,0.1,0.17,0.25,80,\N,2019-07-06 14:41:40
NRP,Energy,Coal Mining,432.21,36,39.864,0.90308,26,2.12,61,1.15,1.75,1.3,2.36,1.75,0.495868,87,\N,2019-07-06 14:41:54
NTZ,Consumer Durables,Home Furnishings,24.19,2.46,4.438,0.55434,6,\N,3,\N,\N,\N,\N,\N,\N,6,could not convert string to float: N/A,\N
NLS,Consumer Non-Durables,Recreational Products/Toys,65.57,2.06,5.812,0.354435,3,0.17,25,0.26,0.03,0.14,0.05,-0.29,-1,38,\N,2019-07-06 14:42:09
NCI,Consumer Services,Professional Services,910.87,23.42,22.77,1.02856,58,1.33,51,0.25,0.62,1.61,0.14,0.1,-0.0993377,61,\N,2019-07-06 14:42:24
NVGS,Transportation,Marine Transportation,516.45,9.85,10.311,0.955284,36,1.8,58,0.01,-0.06,0.01,-0.07,-0.06,-0.875,41,\N,2019-07-06 14:42:54
NNA,Transportation,Marine Transportation,87.72,6.37,6.384,0.997871,46,0.4,32,-2.4,-2.25,-2.4,-1.5,0.06,\N,6,\N,2019-07-06 14:43:09
NM,Transportation,Marine Transportation,45.48,4.76,3.126,1.52273,99,0.11,24,-3.5,-2.3,-0.4,-17.03,1.22,\N,6,\N,2019-07-06 14:43:22
NMM,Transportation,Marine Transportation,142.45,15.79,14.218,1.11055,80,\N,3,\N,\N,\N,\N,\N,\N,6,'decimal' codec can't encode character u'u2014' in position 0: invalid decimal Unicode string,\N
NAV,Capital Goods,Auto Manufacturing,3310,33.89,33.081,1.02444,57,0.3,29,0.55,1.71,1.89,0.11,-0.48,-0.434599,50,\N,2019-07-06 14:43:50
NCR,Miscellaneous,Office Equipment/Supplies/Services,3650,31.17,28.617,1.08922,75,0.58,37,0.06,-1.33,0.56,-0.51,0.2,0.0740741,71,\N,2019-07-06 14:44:04
NP,Basic Industries,Paper,1100,67.57,64.708,1.04423,63,1.13,48,0.95,-0.29,0.7,0.76,0.69,-0.209677,56,\N,2019-07-06 14:44:19
NNI,Finance,Finance: Consumer Services,2300,60.95,56.262,1.08332,74,2.45,64,2.78,1.21,1.05,0.53,1.03,-0.777778,43,\N,2019-07-06 14:44:33
NPTN,Technology,Semiconductors,186.83,4.34,6.079,0.713905,11,0.61,37,-0.41,-0.24,-0.18,-0.15,-0.3,\N,6,\N,2019-07-06 14:44:46
NVRO,Health Care,Medical/Dental Instruments,1960,63.53,54.66,1.16227,88,5.06,82,-0.59,-0.35,-0.37,-0.32,-1.45,\N,6,\N,2019-07-06 14:45:00
NFC,Finance,Business Services,408.67,10.11,9.941,1.01695,54,\N,3,\N,\N,\N,\N,\N,\N,6,could not convert string to float: N/A,\N
NWHM,Capital Goods,Homebuilding,73.78,4.42,5.227,0.84563,19,0.15,25,-0.03,0.01,0.12,-0.8,-0.1,-0.076087,62,\N,2019-07-06 14:45:16
NEWM,Consumer Services,Newspapers/Magazines,560.51,9.33,11.323,0.82396,17,0.36,31,-0.01,0.2,-0.1,0.22,-0.15,-0.378378,51,\N,2019-07-06 14:45:32
EDU,Consumer Services,Other Consumer Services,14460,95.88,82.339,1.16445,88,5.14,83,0.43,0.41,0.77,-0.16,0.61,0.193548,77,\N,2019-07-06 14:45:46
NEWR,Technology,Computer Software: Prepackaged Software,5170,91.48,98.213,0.931448,30,11.09,93,-0.13,-0.1,-0.15,-0.18,-0.3,\N,6,\N,2019-07-06 14:46:01
NRZ,Consumer Services,Real Estate Investment Trusts,6500,15.56,16.311,0.953936,35,5.26,83,1.81,0.51,0.54,-0.05,0.37,-0.774194,43,\N,2019-07-06 14:46:15
SNR,Consumer Services,Real Estate Investment Trusts,571.36,6.82,5.637,1.20984,92,1.2,49,-0.16,-0.48,-0.25,-1.05,-0.14,\N,6,\N,2019-07-06 14:46:30
NYCB,Finance,Banks,4580,10.21,11.04,0.924832,29,4.39,79,0.2,0.2,0.2,0.19,0.19,-1,37,\N,2019-07-06 14:46:44
NYT,Consumer Services,Newspapers/Magazines,5350,34.68,31.366,1.10567,79,3.29,71,0.13,0.14,0.15,0.33,0.18,0.25,80,\N,2019-07-06 14:46:58
NJR,Public Utilities,Oil/Gas Transmission,4520,49.88,48.42,1.03015,58,1.56,55,1.59,-0.16,-0.18,0.97,0.82,-0.435028,50,\N,2019-07-06 14:47:13
NEU,Basic Industries,Major Chemicals,4440,402.14,417.228,0.963837,37,2.01,60,5.14,4.53,5.12,5.58,5.57,0.409524,85,\N,2019-07-06 14:47:27
NEM,Basic Industries,Precious Metals,31210,38.42,33.995,1.13017,83,4.35,79,0.36,0.54,-0.27,0,0.16,-0.246914,55,\N,2019-07-06 14:47:41
NR,Energy,Metal Fabrications,629.92,7.18,8.082,0.888421,24,0.7,39,0.08,0.12,0.04,0.11,0.01,-0.636364,45,\N,2019-07-06 14:47:55
NEXA,Basic Industries,Precious Metals,1330,9.5,10.691,0.88856,24,0.53,35,0.41,-0.3,0.06,0.39,-0.11,-0.732394,43,\N,2019-07-06 14:48:09
NXRT,Consumer Services,Real Estate Investment Trusts,959.44,42.88,37.991,1.1287,83,6.62,87,0.47,-0.08,-0.25,-0.23,-0.19,\N,6,\N,2019-07-06 14:48:22
NEP,Public Utilities,Electric Utilities: Central,2740,49.44,44.972,1.09934,78,3.73,74,1.21,1.43,0.58,-0.42,-0.38,-0.859459,41,\N,2019-07-06 14:48:52
NEE,Public Utilities,Electric Utilities: Central,98770,208.11,190.098,1.09475,76,5.88,85,9.32,1.64,2.1,0.88,1.41,-0.937204,40,\N,2019-07-06 14:49:07
NGL,Energy,Oil Refining/Marketing,1760,15.08,13.31,1.13298,84,0.08,23,0.71,-1.55,2.7,0.64,0.19,-0.122353,60,\N,2019-07-06 14:49:21
NLSN,Miscellaneous,Business Services,7820,23.02,24.902,0.924438,29,1.27,50,0.2,0.2,0.27,-2.68,0.12,-0.0271186,65,\N,2019-07-06 14:49:34
NKE,Consumer Non-Durables,Shoe Manufacturing,129860,86.82,83.201,1.0435,63,3.49,72,-0.57,0.69,0.67,0.52,0.68,0.992063,97,\N,2019-07-06 14:49:48
NINE,Energy,Oilfield Services/Equipment,515.88,15.96,21.81,0.731767,11,0.52,35,0.08,0.37,0.56,-2.78,0.59,0.151335,75,\N,2019-07-06 14:50:02
NIO,Capital Goods,Auto Manufacturing,2730,3.26,5.468,0.596194,7,\N,3,\N,\N,\N,\N,\N,\N,6,could not convert string to float: N/A,\N
NI,Public Utilities,Power Generation,10950,29.45,27.571,1.06816,70,2.1,61,0.81,0.07,-0.95,-0.05,0.55,-0.147727,59,\N,2019-07-06 14:50:19
NL,Basic Industries,Major Chemicals,181.27,4.14,3.844,1.07688,72,1.45,53,0.29,-0.87,-0.32,0.06,0.31,0.0169492,68,\N,2019-07-06 14:50:33
NOAH,Finance,Investment Managers,2410,44.74,47.096,0.949977,34,\N,3,\N,\N,\N,\N,\N,\N,6,could not convert string to float: N/A,\N
NE,Energy,Oil & Gas Production,408.61,1.78,2.697,0.66008,8,0.39,32,-0.58,-2.55,-0.33,-0.13,-0.29,\N,6,\N,2019-07-06 14:50:48
NBL,Energy,Oil & Gas Production,10130,21.92,23.058,0.95063,34,2.19,61,1.14,-0.05,0.47,-1.72,-0.65,-0.625874,45,\N,2019-07-06 14:51:02
NBLX,Energy,Natural Gas Distribution,1270,33.88,33.794,1.00255,48,2.47,64,0.97,0.9,1.09,1,1.01,0.210526,78,\N,2019-07-06 14:51:20
NOK,Technology,Radio And Television Broadcasting And Communicatio,27940,5.06,5.668,0.892729,25,\N,3,\N,\N,\N,\N,\N,\N,6,could not convert string to float: N/A,\N
NOMD,Consumer Non-Durables,Packaged Foods,4000,22.13,20.089,1.10158,78,\N,3,\N,\N,\N,\N,\N,\N,6,could not convert string to float: N/A,\N
NMR,Finance,Investment Bankers/Brokers/Service,11520,3.55,3.696,0.96049,37,\N,3,\N,\N,\N,\N,\N,\N,6,could not convert string to float: N/A,\N
OSB,Basic Industries,Forest Products,1940,25.05,25.445,0.984495,42,0.87,43,1.09,2,1.49,-0.32,0.01,-0.465517,49,\N,2019-07-06 14:51:36
NAT,Consumer Services,Marine Transportation,306.65,2.26,2.133,1.05978,68,1.02,46,-0.13,-0.19,-0.27,-0.07,0.04,\N,5,\N,2019-07-06 14:51:51
JWN,Consumer Services,Clothing/Shoe/Accessory Stores,5070,31.98,41.369,0.77304,14,0.31,29,0.51,0.95,0.39,1.48,0.23,-0.224,56,\N,2019-07-06 14:52:04
NSC,Transportation,Railroads,51130,200.94,185.481,1.08335,74,4.61,80,1.93,2.5,2.52,2.57,2.51,0.90625,96,\N,2019-07-06 14:52:18
NOA,Energy,Oilfield Services/Equipment,282.58,10.5,11.268,0.931847,30,\N,3,\N,\N,\N,\N,\N,\N,5,could not convert string to float: N/A,\N
NRT,Energy,Oil & Gas Production,61.3,7.3,6.849,1.06588,69,8.47,90,0.2,0.19,0.14,0.22,0.22,0.25,80,\N,2019-07-06 14:52:32
NOC,Capital Goods,Industrial Machinery/Components,54530,325.2,285.81,1.13782,85,1.75,57,4.21,3.93,6.54,3.81,5.06,0.311355,82,\N,2019-07-06 14:52:45
NRE,Consumer Services,Real Estate Investment Trusts,790.93,16.9,16.895,1.00027,47,8.02,89,-0.02,0.66,0.01,3.34,0.22,0.0714286,71,\N,2019-07-06 14:52:59
NWN,Public Utilities,Oil/Gas Transmission,2010,69.95,65.22,1.07252,71,2.78,67,1.44,-0.03,-0.41,1.24,1.49,0.0263158,69,\N,2019-07-06 14:53:13
NWE,Public Utilities,Power Generation,3680,73.38,68.296,1.07444,72,3,69,1.18,0.87,0.56,1.31,1.44,0.295455,82,\N,2019-07-06 14:53:43
NCLH,Consumer Services,Marine Transportation,10960,51.95,53.304,0.974599,40,1.81,58,0.45,1.01,2.11,0.7,0.54,0.0542169,70,\N,2019-07-06 14:53:58
NVS,Health Care,Major Pharmaceuticals,211920,90.44,82.63,1.09452,76,3.88,76,0.86,3.31,0.7,0.51,0.76,-0.0357143,64,\N,2019-07-06 14:54:12
NVO,Health Care,Major Pharmaceuticals,121540,50.59,49.279,1.02661,57,\N,3,\N,\N,\N,\N,\N,\N,5,could not convert string to float: N/A,\N
DNOW,Energy,Metal Fabrications,1520,14.68,14.063,1.0439,63,0.51,35,0.02,0.12,0.18,0.14,0.16,0.875,96,\N,2019-07-06 14:54:27
NRG,Public Utilities,Electric Utilities: Central,9390,36.09,39.382,0.916402,28,1.01,46,0.87,0.23,-0.24,-0.03,1.72,0.433673,86,\N,2019-07-06 14:54:41
NUS,Health Care,Other Pharmaceuticals,2670,47.13,55.521,0.848865,20,0.97,45,0.64,0.9,0.94,-0.32,0.77,0.103175,73,\N,2019-07-06 14:54:56
NUE,Basic Industries,Steel/Iron Ore,16550,55.31,56.612,0.977002,40,0.66,38,1.1,2.13,2.13,2.07,1.63,0.514563,88,\N,2019-07-06 14:55:11
NS,Energy,Natural Gas Distribution,2800,28.07,26.429,1.0621,68,1.5,54,1.15,0.15,-3.49,-0.31,-2.91,-0.875,41,\N,2019-07-06 14:55:25
NTR,Basic Industries,Agricultural Chemicals,31390,53.51,52.075,1.02755,58,1.65,56,0,2.24,-1.7,5.22,0.07,0.0101156,68,\N,2019-07-06 14:55:39
NVT,Technology,Industrial Machinery/Components,4270,25.35,25.602,0.990172,44,\N,3,\N,\N,\N,\N,\N,\N,5,'decimal' codec can't encode character u'u2014' in position 0: invalid decimal Unicode string,\N
NVR,Capital Goods,Homebuilding,11750,3348,2926.7,1.14395,86,1.64,56,39.34,49.05,48.28,58.57,47.64,0.431617,86,\N,2019-07-06 14:56:07
OAK,Finance,Investment Managers,8020,50.18,46.488,1.07942,73,6.2,86,0.78,0.44,0.74,1.04,0.66,-0.2,56,\N,2019-07-06 14:56:20
OMP,Energy,Oil & Gas Production,691.11,22.3,19.719,1.13086,84,2.5,64,0.36,0.45,0.45,0.54,0.63,1,98,\N,2019-07-06 14:56:35
OAS,Energy,Oil & Gas Production,1760,5.19,5.809,0.893393,25,0.73,40,0,-1.02,0.2,0.7,-0.37,-0.215116,56,\N,2019-07-06 14:56:48
OBE,Energy,Oil & Gas Production,85.39,1.06,2.197,0.482421,5,\N,3,\N,\N,\N,\N,\N,\N,5,could not convert string to float: N/A,\N
OXY,Energy,Oil & Gas Production,36950,49.28,60.642,0.812636,16,2.04,60,0.92,1.1,2.44,0.93,0.84,-0.05,63,\N,2019-07-06 14:57:03
OII,Energy,Oilfield Services/Equipment,1880,19.85,16.608,1.1952,91,0.99,45,-0.5,-0.34,-0.67,-0.65,-0.25,\N,5,\N,2019-07-06 14:57:17
OZM,Finance,Investment Managers,1070,24.31,15.777,1.54089,99,2.41,63,0.2,-0.6,-0.8,-0.05,1.73,0.604743,90,\N,2019-07-06 14:57:31
OCN,Finance,Finance: Consumer Services,243.33,2.14,1.824,1.17307,89,0.26,28,0.02,-0.22,-0.31,-0.02,-0.33,\N,5,\N,2019-07-06 14:57:44
OFG,Finance,Major Banks,1050,24.06,19.69,1.22194,93,3.58,73,0.3,0.35,0.42,0.45,0.42,0.8,94,\N,2019-07-06 14:57:59
OGE,Public Utilities,Electric Utilities: Central,8640,43.65,41.864,1.04267,63,3.85,75,0.27,0.55,1.02,0.27,0.24,-0.0384615,64,\N,2019-07-06 14:58:13
OIS,Energy,Metal Fabrications,1080,16.69,17.344,0.962277,37,0.93,44,-0.06,0.05,-0.07,-0.24,-0.25,-0.633333,45,\N,2019-07-06 14:58:29
ODC,Consumer Durables,Miscellaneous manufacturing industries,229.44,34.53,29.919,1.15413,87,0.96,45,0.48,0.36,0.12,0.3,0.74,0.419355,86,\N,2019-07-06 14:58:42
ORI,Finance,Property-Casualty Insurers,6860,23.15,21.436,1.07998,73,1.07,47,0.01,0.66,0.92,-0.36,1.37,0.786127,94,\N,2019-07-06 14:58:56
OLN,Basic Industries,Major Chemicals,3530,21.74,22.947,0.947406,34,0.53,35,0.12,0.35,1.16,0.32,0.25,0.125,74,\N,2019-07-06 14:59:26
OHI,Consumer Services,Real Estate Investment Trusts,7950,37.77,36.751,1.02773,58,9.15,91,0.42,0.39,0.28,0.31,0.34,-0.571429,47,\N,2019-07-06 14:59:41
OMC,Technology,Advertising,17680,84.75,77.15,1.0985,77,1.23,49,1.14,1.6,1.32,1.77,1.17,0.047619,70,\N,2019-07-06 14:59:55
OMN,Basic Industries,Specialty Chemicals,253.37,9.95,7.347,1.35426,97,0.59,37,0.19,-0.04,0.15,-0.1,0.12,-0.241379,55,\N,2019-07-06 15:00:10
ONDK,Finance,Finance: Consumer Services,304.43,4.05,5.482,0.738804,12,1.42,53,-0.03,0.07,0.12,0.18,0.07,0.47619,87,\N,2019-07-06 15:00:25
OGS,Public Utilities,Oil/Gas Transmission,4850,91.39,86.261,1.05945,68,2.91,68,1.72,0.39,0.31,0.84,1.76,0.0275862,69,\N,2019-07-06 15:00:40
OLP,Consumer Services,Real Estate Investment Trusts,577.95,29.28,28.236,1.03698,61,7.08,88,0.3,0.23,0.52,-0.01,0.19,-0.207547,56,\N,2019-07-06 15:00:54
OMF,Finance,Finance: Consumer Services,4300,34.7,31.714,1.09415,76,1.99,59,0.91,0.05,1.09,1.24,1.11,0.168067,76,\N,2019-07-06 15:01:09
OKE,Public Utilities,Oil & Gas Production,27540,70.28,65.925,1.06606,69,2.36,63,0.64,0.68,0.75,0.71,0.81,1,98,\N,2019-07-06 15:01:23
ONE,Consumer Services,Other Consumer Services,1270,8.07,8.254,0.977748,40,\N,3,\N,\N,\N,\N,\N,\N,5,could not convert string to float: N/A,\N
OOMA,Technology,EDP Services,210.31,10.78,13.754,0.783778,14,1.68,56,-0.19,-0.2,-0.18,-0.17,-0.23,\N,5,\N,2019-07-06 15:01:39
OPY,Finance,Investment Bankers/Brokers/Service,344.07,27.99,26.559,1.0539,66,0.39,32,0.48,0.63,0.36,0.59,0.81,0.733333,93,\N,2019-07-06 15:01:53
ORCL,Technology,Computer Software: Prepackaged Software,187040,59.28,52.567,1.12769,83,5.01,82,0.82,0.57,0.61,0.76,1.07,0.5,88,\N,2019-07-06 15:02:07
ORAN,Public Utilities,Telecommunications Equipment,41690,15.66,15.659,1.00008,47,\N,3,\N,\N,\N,\N,\N,\N,5,could not convert string to float: N/A,\N
ORC,Consumer Services,Real Estate Investment Trusts,339.78,6.35,6.642,0.956062,36,-53.41,21,-0.31,0.03,-0.06,-0.52,0.22,0.716216,93,\N,2019-07-06 15:02:21
OEC,Basic Industries,Major Chemicals,1190,20.46,22.411,0.912954,27,0.78,41,0.4,0.87,0.4,0.33,0.31,-0.160714,58,\N,2019-07-06 15:02:34
ORN,Basic Industries,Military/Government/Technical,67.15,3.1,3.341,0.927847,30,0.17,25,0.14,0.08,-0.22,-3.32,-0.27,-0.118497,60,\N,2019-07-06 15:02:50
IX,Finance,Diversified Financial Services,18930,75.34,72.705,1.03624,60,\N,3,\N,\N,\N,\N,\N,\N,5,could not convert string to float: N/A,\N
ORA,Public Utilities,Electric Utilities: Central,3160,63.49,57.598,1.1023,78,4.39,79,1.36,-0.01,0.21,0.36,0.51,-0.620438,45,\N,2019-07-06 15:03:04
OSK,Capital Goods,Auto Manufacturing,5740,83.29,76.198,1.09308,76,0.73,40,1.47,2.05,2.05,1.51,1.82,0.603448,90,\N,2019-07-06 15:03:18
OR,Basic Industries,Precious Metals,1680,10.33,10.42,0.991341,44,\N,3,\N,\N,\N,\N,\N,\N,5,could not convert string to float: N/A,\N
OUT,Consumer Services,Real Estate Investment Trusts,3660,26.3,23.032,1.1419,86,2.27,62,0.06,-0.04,0.33,0.4,0.04,-0.0454545,63,\N,2019-07-06 15:03:32
OSG,Transportation,Marine Transportation,145.85,1.99,1.915,1.03898,61,0.48,34,0.04,0.03,0.13,-0.05,0.04,-2.22045e-16,66,\N,2019-07-06 15:03:46
OMI,Health Care,Medical Specialities,190.7,3.3,4.825,0.683889,9,0.02,22,0.13,-3.07,-0.01,-4.37,-0.23,\N,5,\N,2019-07-06 15:03:59
OC,Capital Goods,Industrial Machinery/Components,5520,57.58,50.084,1.14966,87,0.89,43,0.82,1.08,1.45,1.55,0.4,-0.365217,51,\N,2019-07-06 15:04:13
OI,Consumer Durables,Containers/Packaging,2600,17.47,18.533,0.942632,32,0.4,32,0.59,0.31,0.75,-0.06,0.51,-0.0987654,61,\N,2019-07-06 15:04:42
OXM,Consumer Non-Durables,Apparel,1260,72.93,76.448,0.953982,35,1.11,48,1.23,1.61,0.11,0.99,1.29,0.04,69,\N,2019-07-06 15:04:56
ROYT,Energy,Oil & Gas Production,82.18,2.21,2.047,1.07978,73,6.83,87,0.08,0.04,0.12,0.09,0.05,-0.375,51,\N,2019-07-06 15:05:11
PACD,Energy,Oil & Gas Production,976.05,11.24,14.329,0.784444,14,\N,3,\N,\N,\N,\N,\N,\N,5,'decimal' codec can't encode character u'u2014' in position 0: invalid decimal Unicode string,\N
PCG,Public Utilities,Power Generation,11430,21.79,18.447,1.18121,90,0.69,39,0.86,-1.91,1.09,-13.29,0.25,-0.04242,64,\N,2019-07-06 15:05:38
PKG,Consumer Durables,Containers/Packaging,8740,99.79,95.585,1.04399,63,1.34,51,1.48,1.97,2.18,2.16,1.97,0.7,92,\N,2019-07-06 15:05:53
PD,Technology,Computer Software: Prepackaged Software,3620,47.69,0,0,0,\N,3,\N,\N,\N,\N,\N,\N,5,'decimal' codec can't encode character u'u2014' in position 0: invalid decimal Unicode string,\N
PAGS,Technology,EDP Services,12160,40.51,28.141,1.43955,99,\N,3,\N,\N,\N,\N,\N,\N,5,could not convert string to float: N/A,\N
PANW,Technology,Computer peripheral equipment,19050,209.42,222.118,0.942833,33,7.3,88,-0.51,-0.02,-0.41,-0.03,-0.21,\N,5,\N,2019-07-06 15:06:21
PAM,Public Utilities,Electric Utilities: Central,2400,33.92,29.941,1.13289,84,\N,3,\N,\N,\N,\N,\N,\N,5,could not convert string to float: N/A,\N
PHX,Energy,Oil & Gas Production,219.36,12.52,15.045,0.832198,18,4.69,81,0.06,-0.05,0.03,0.75,-0.11,-0.197674,57,\N,2019-07-06 15:06:37
PARR,Energy,Oil & Gas Production,966.23,21.59,18.065,1.19513,91,0.28,28,0.33,0.35,-0.13,0.3,1.14,0.637795,91,\N,2019-07-06 15:06:51
PAR,Miscellaneous,Office Equipment/Supplies/Services,453.94,26.26,25.054,1.04815,64,2.24,62,0,-0.08,-1.04,-0.38,-0.17,\N,5,\N,2019-07-06 15:07:06
PGRE,Consumer Services,Real Estate Investment Trusts,3330,14.22,14.218,1.00015,47,4.35,79,0,-0.14,0.16,0.02,0.02,0.0666667,71,\N,2019-07-06 15:07:19
PKE,Technology,Electrical Products,322.34,16.78,17.411,0.963772,37,6.73,87,0.89,0.16,0.13,0.18,5.07,0.846154,95,\N,2019-07-06 15:07:34
PK,Consumer Services,Hotels/Resorts,5550,27.85,29.795,0.934736,31,2.06,60,0.71,1.07,0.26,0.27,0.48,-0.283951,53,\N,2019-07-06 15:07:48
PKD,Energy,Oil & Gas Production,284.35,19.06,0,0,0,0.54,36,-3.15,-2.56,-7.7,-4.6,-9.63,\N,5,\N,2019-07-06 15:08:03
PH,Capital Goods,Metal Fabrications,21630,166.63,168.709,0.987678,43,1.48,54,2.7,2.62,2.79,2.36,3.14,0.564103,89,\N,2019-07-06 15:08:18
PE,Energy,Oil & Gas Production,5770,18.39,18.676,0.984668,42,3.14,70,0.32,0.44,0.41,0.19,-0.09,-0.773585,43,\N,2019-07-06 15:08:32
PSN,Technology,EDP Services,3650,36.94,10.555,3.49962,100,\N,3,\N,\N,\N,\N,\N,\N,5,could not convert string to float: ,\N
PRTY,Consumer Services,Other Specialty Stores,620.89,7.09,8.947,0.792409,15,0.27,28,-0.01,0.29,-0.03,1.02,-0.32,-0.231343,55,\N,2019-07-06 15:09:01
PAYC,Technology,Computer Software: Prepackaged Software,12780,239.3,184.345,1.29811,96,22.86,97,0.7,0.61,0.49,0.54,0.81,0.34375,84,\N,2019-07-06 15:09:15
PBF,Energy,Integrated oil Companies,3330,29.33,31.641,0.926953,29,0.13,24,0.27,2.37,1.5,-2.97,1.89,0.303371,82,\N,2019-07-06 15:09:28
PBFX,Energy,Natural Gas Distribution,1280,21.02,21.115,0.995503,46,4.37,79,0.43,0.39,0.42,0.48,0.35,-0.615385,46,\N,2019-07-06 15:09:41
BTU,Energy,Coal Mining,2440,23.5,28.731,0.817919,17,0.47,34,0.82,0.9,0.59,2.2,1.12,0.186335,77,\N,2019-07-06 15:09:54
PSO,Consumer Services,Books,8030,10.54,11.066,0.952478,35,\N,3,\N,\N,\N,\N,\N,\N,5,could not convert string to float: N/A,\N
PEB,Consumer Services,Real Estate Investment Trusts,3580,28.58,30.734,0.929904,30,3.68,74,0.29,0.78,0.37,-1.16,-0.02,-0.159794,58,\N,2019-07-06 15:10:24
PBA,Energy,Oil & Gas Production,18600,37.59,35.818,1.04948,65,\N,3,\N,\N,\N,\N,\N,\N,5,could not convert string to float: N/A,\N
PEI,Consumer Services,Real Estate Investment Trusts,461.98,6.52,6.52,0.999965,47,1.39,52,-0.15,-0.51,-0.11,-1.23,-0.3,\N,5,\N,2019-07-06 15:10:40
PFSI,Finance,Finance: Consumer Services,1730,22.92,22.088,1.03766,61,1.35,51,0.67,0.7,0.57,0.63,0.58,-0.692308,44,\N,2019-07-06 15:10:55
PMT,Consumer Services,Real Estate Investment Trusts,1640,22.16,20.682,1.07145,71,4.26,78,0.35,0.47,0.62,0.55,0.68,1,98,\N,2019-07-06 15:11:09
PAG,Consumer Durables,Automotive Aftermarket,3850,47.93,44.836,1.069,70,0.18,25,1.26,1.58,1.53,1.16,1.19,-0.166667,58,\N,2019-07-06 15:11:23
PNR,Technology,Industrial Machinery/Components,6270,38.18,39.65,0.962924,37,2.25,62,0.57,0.23,0.63,0.53,0.3,-0.675,44,\N,2019-07-06 15:11:37
PEN,Health Care,Medical/Dental Instruments,5800,162.68,143.796,1.13133,84,12.01,93,0.15,0.37,-0.55,0.18,0.3,0.163043,76,\N,2019-07-06 15:11:51
PFGC,Consumer Non-Durables,Food Distributors,4190,41.47,38.299,1.08279,74,0.24,27,0.32,0.61,0.27,0.41,0.31,-0.0294118,64,\N,2019-07-06 15:12:06
PKI,Capital Goods,Biotechnology: Laboratory Analytical Instruments,10480,98.46,91.525,1.07577,72,3.92,76,0.23,0.57,0.69,0.64,0.32,0.195652,78,\N,2019-07-06 15:12:21
PBT,Energy,Oil & Gas Production,268,5.77,6.793,0.849368,20,9.99,92,0.2,0.15,0.15,0.16,0.09,-1,37,\N,2019-07-06 15:12:34
PVL,Energy,Oil & Gas Production,90.26,2.7,2.833,0.952933,35,6.4,86,0.07,0.13,0.15,0.08,0.03,-0.333333,52,\N,2019-07-06 15:12:48
PRT,Energy,Oil & Gas Production,99.52,8.35,8.553,0.976302,40,\N,3,\N,\N,\N,\N,\N,\N,5,'decimal' codec can't encode character u'u2014' in position 0: invalid decimal Unicode string,\N
PRGO,Health Care,Major Pharmaceuticals,6190,50.17,47.115,1.06485,69,1.45,53,0.57,0.26,-0.49,0.59,0.47,-0.0925926,61,\N,2019-07-06 15:13:15
PRSP,Technology,EDP Services,3840,23.73,21.265,1.11594,81,\N,3,\N,\N,\N,\N,\N,\N,5,'decimal' codec can't encode character u'u2014' in position 0: invalid decimal Unicode string,\N
PTR,Energy,Oil & Gas Production,101080,54.5,62.022,0.878715,23,\N,3,\N,\N,\N,\N,\N,\N,5,could not convert string to float: N/A,\N
PBR,Energy,Oil & Gas Production,104230,15.68,15.494,1.01199,51,\N,3,\N,\N,\N,\N,\N,\N,5,could not convert string to float: N/A,\N
PFE,Health Care,Major Pharmaceuticals,243300,43.92,42.118,1.04279,63,4.53,80,0.59,0.65,0.69,-0.07,0.68,0.118421,74,\N,2019-07-06 15:13:44
PGTI,Capital Goods,Building Products,927.14,17.11,15.569,1.099,77,1.36,52,0.14,0.43,0.26,0.18,0.14,-8.88178e-16,66,\N,2019-07-06 15:13:59
PM,Consumer Non-Durables,Farming/Seeds/Milling,122630,80.12,81.195,0.986761,43,4.23,78,1,1.41,1.44,1.23,0.87,-0.22807,55,\N,2019-07-06 15:14:12
PSX,Energy,Integrated oil Companies,40740,96.8,92.303,1.04873,65,0.4,32,1.07,2.84,3.18,4.82,0.44,-0.143836,59,\N,2019-07-06 15:14:27
PSXP,Energy,Natural Gas Distribution,6150,50.31,49.901,1.00819,50,5.74,85,0.87,0.94,1.1,1.09,0.92,0.217391,79,\N,2019-07-06 15:14:39
FENG,Consumer Services,Broadcasting,261.28,3.12,3.829,0.814849,16,\N,3,\N,\N,\N,\N,\N,\N,5,could not convert string to float: N/A,\N
DOC,Consumer Services,Real Estate Investment Trusts,3280,17.51,17.938,0.976143,40,7.57,89,0.06,0.06,0.12,0.06,0.06,0,66,\N,2019-07-06 15:14:55
PDM,Consumer Services,Building operators,2520,20.3,20.09,1.01044,51,4.82,81,0.42,0.09,0.13,0.35,0.4,-0.0606061,63,\N,2019-07-06 15:15:23
PIR,Consumer Services,Home Furnishings,36.8,6.42,15.281,0.420123,4,0.02,22,3.6,-7.2,-12.6,-12.4,-17,\N,5,\N,2019-07-06 15:15:39
PNW,Public Utilities,Electric Utilities: Central,10850,95.29,92.712,1.02781,58,2.86,67,0.03,1.48,2.8,0.23,0.16,0.0469314,70,\N,2019-07-06 15:15:52
PINS,Technology,Computer Software: Programming\, Data Processing,14180,27.25,0,0,0,\N,3,\N,\N,\N,\N,\N,\N,5,could not convert string to float: ,\N
PES,Energy,Oil & Gas Production,19.77,0.25,1.364,0.183248,3,0.03,22,-0.14,-0.23,-0.07,-0.19,-0.19,\N,5,\N,2019-07-06 15:16:18
PXD,Energy,Oil & Gas Production,24960,146.52,146.947,0.997093,46,2.66,65,1.04,0.38,2.39,1.89,2.06,0.507463,88,\N,2019-07-06 15:16:32
PJC,Finance,Investment Bankers/Brokers/Service,1020,75.02,73.172,1.02526,57,1.32,51,0.47,0.43,1.43,1.21,1.32,0.85,95,\N,2019-07-06 15:16:47
PBI,Miscellaneous,Office Equipment/Supplies/Services,715.67,4.4,6.071,0.724712,11,0.23,27,0.28,0.26,0.41,0.24,-0.01,-0.690476,44,\N,2019-07-06 15:17:01
PVT,Finance,Business Services,293.83,10.19,7623.06,0.001337,2,\N,3,\N,\N,\N,\N,\N,\N,5,could not convert string to float: N/A,\N
PVTL,Technology,Computer Software: Prepackaged Software,2960,10.58,18.325,0.577362,6,4.18,78,-0.31,-0.14,-0.13,-0.15,-0.12,\N,5,\N,2019-07-06 15:17:16
PJT,Finance,Investment Managers,962.29,40.85,41.716,0.979247,41,1.69,56,0.24,0.3,0.33,0.22,0.04,-0.689655,44,\N,2019-07-06 15:17:30
PAA,Energy,Natural Gas Distribution,17360,24.69,23.689,1.04226,63,0.53,35,0.33,0.07,0.87,1.38,1.2,0.664122,91,\N,2019-07-06 15:17:44
PAGP,Energy,Natural Gas Distribution,3850,25.4,23.849,1.06501,69,0.12,24,0.23,0.05,0.7,1.12,0.92,0.64486,91,\N,2019-07-06 15:17:59
PLNT,Consumer Services,Hotels/Resorts,6630,76.24,67.987,1.12139,82,12.74,94,0.23,0.29,0.2,0.29,0.32,0.75,93,\N,2019-07-06 15:18:14
PLT,Public Utilities,Telecommunications Equipment,1400,37.59,44.521,0.844312,19,0.89,43,0.29,0.42,-2.21,-1.06,-0.55,-0.319392,52,\N,2019-07-06 15:18:27
AGS,Consumer Durables,Miscellaneous manufacturing industries,662.89,20.53,22.984,0.893225,25,2.48,64,-0.3,-0.15,0.12,-0.29,0,0.714286,93,\N,2019-07-06 15:18:41
PHI,Public Utilities,Telecommunications Equipment,5400,25.04,23.151,1.08159,74,\N,3,\N,\N,\N,\N,\N,\N,5,could not convert string to float: N/A,\N
PNC,Finance,Major Banks,60200,141.57,128.175,1.1045,79,3.8,75,2.43,2.72,2.82,2.75,2.61,0.461538,87,\N,2019-07-06 15:18:56
PNM,Public Utilities,Electric Utilities: Central,4120,51.06,45.795,1.11496,81,2.77,67,0.19,0.48,1.09,-0.69,0.23,0.0224719,68,\N,2019-07-06 15:19:10
PII,Capital Goods,Industrial Specialties,5320,84.19,87.725,0.959706,36,0.81,41,0.85,1.43,1.5,1.47,0.78,-0.0972222,61,\N,2019-07-06 15:19:24
POL,Basic Industries,Major Chemicals,2280,30.97,29.678,1.04354,63,0.68,39,0.58,0.63,0.62,0.14,0.49,-0.183673,57,\N,2019-07-06 15:19:38
POR,Public Utilities,Electric Utilities: Central,4920,55.01,50.886,1.08105,74,2.37,63,0.72,0.51,0.59,0.55,0.82,0.322581,83,\N,2019-07-06 15:19:53
PKX,Basic Industries,Steel/Iron Ore,18520,52.51,55.586,0.944668,33,\N,3,\N,\N,\N,\N,\N,\N,5,could not convert string to float: N/A,\N
POST,Consumer Non-Durables,Packaged Foods,7600,108.22,103.54,1.0452,63,1.31,51,1.2,1.29,-0.26,1.67,0.58,-0.321244,52,\N,2019-07-06 15:20:07
PSTL,Consumer Services,Real Estate Investment Trusts,77.62,15.77,0,0,0,\N,3,\N,\N,\N,\N,\N,\N,5,could not convert string to float: ,\N
PPDF,Finance,Finance: Consumer Services,1260,4.45,4.489,0.991395,44,\N,3,\N,\N,\N,\N,\N,\N,5,could not convert string to float: N/A,\N
PPG,Basic Industries,Paints/Coatings,27450,117.96,110.662,1.06595,69,1.83,58,1.33,1.51,1.55,1.08,1.31,-0.0425532,64,\N,2019-07-06 15:20:53
PPL,Public Utilities,Electric Utilities: Central,22680,31.01,30.974,1.00117,47,2.89,68,0.65,0.73,0.62,0.57,0.64,-0.0625,62,\N,2019-07-06 15:21:08
PQG,Basic Industries,Major Chemicals,2180,16.49,15.548,1.06057,68,1.4,52,0,0.12,0.11,0.21,0.02,0.0952381,72,\N,2019-07-06 15:21:22
PDS,Energy,Oil & Gas Production,537.5,1.87,2.208,0.847061,20,\N,3,\N,\N,\N,\N,\N,\N,5,could not convert string to float: N/A,\N
APTS,Consumer Services,Real Estate Investment Trusts,628.66,15.29,15.597,0.98031,41,1.58,55,-0.14,-0.66,-0.35,0.06,-0.66,-0.722222,44,\N,2019-07-06 15:21:36
PBH,Health Care,Major Pharmaceuticals,1600,31.66,29.316,1.07994,73,1.66,56,-0.75,0.65,0.59,0.73,-2.68,-0.565982,47,\N,2019-07-06 15:21:49
PVG,Basic Industries,Precious Metals,1850,10.08,8.285,1.21669,93,3.91,76,-0.04,0.17,0.06,0.01,0.02,0.285714,81,\N,2019-07-06 15:22:02
PRI,Finance,Life Insurance,5040,124.99,119.172,1.04882,65,2.68,66,1.46,1.95,1.94,1.99,1.83,0.698113,92,\N,2019-07-06 15:22:17
PRA,Finance,Property-Casualty Insurers,1950,37.52,38.78,0.9675,38,2.11,61,0.22,0.53,0.58,-0.46,0.59,0.352381,84,\N,2019-07-06 15:22:30
PG,Basic Industries,Package Goods/Cosmetics,280230,113.15,102.116,1.10805,79,4.23,78,0.95,0.72,1.22,1.22,1.04,0.18,77,\N,2019-07-06 15:22:45
PGR,Finance,Property-Casualty Insurers,46460,83.99,73.014,1.15033,87,1.45,53,1.22,1.19,1.57,0.44,1.83,0.438849,86,\N,2019-07-06 15:22:59
PLD,Consumer Services,Real Estate Investment Trusts,50320,82.43,72.202,1.14166,85,16.38,96,0.68,0.62,0.6,0.94,0.55,-0.333333,52,\N,2019-07-06 15:23:13
PUMP,Energy,Oilfield Services/Equipment,1850,20.39,19.451,1.04828,65,1.1,48,0.42,0.45,0.53,0.59,0.67,1,98,\N,2019-07-06 15:23:26
PRO,Technology,EDP Services,2350,65.65,45.68,1.43716,99,12.11,94,-0.58,-0.52,-0.44,-0.34,-0.45,\N,5,\N,2019-07-06 15:23:40
PB,Finance,Major Banks,4460,68.41,69.965,0.977774,40,6.46,87,1.07,1.17,1.18,1.19,1.18,0.916667,96,\N,2019-07-06 15:23:54
PRLB,Capital Goods,Metal Fabrications,2870,111,109.971,1.00935,50,6.6,87,0.66,0.67,0.77,0.71,0.57,-0.45,49,\N,2019-07-06 15:24:07
PFS,Finance,Savings Institutions,1580,24.67,25.679,0.960716,37,4.81,81,0.43,0.3,0.54,0.55,0.48,0.2,78,\N,2019-07-06 15:24:20
PRS,Finance,Life Insurance,578.86,26.56,25.554,1.03938,62,\N,3,\N,\N,\N,\N,\N,\N,5,Message: ReferenceError: SRT_stocFund is not defined\
,\N
PRU,Finance,Life Insurance,39900,102.74,95.85,1.07189,71,0.65,38,3.14,0.46,3.9,2,2.22,-0.267442,54,\N,2019-07-06 15:24:36
PUK,Finance,Life Insurance,55480,44.66,41.344,1.08022,73,\N,3,\N,\N,\N,\N,\N,\N,5,could not convert string to float: N/A,\N
PSB,Consumer Services,Real Estate Investment Trusts,4770,172.85,152.955,1.13007,83,11.35,93,1.69,2.56,0.92,1.15,0.96,-0.445122,49,\N,2019-07-06 15:24:50
TLK,Public Utilities,Telecommunications Equipment,28050,30.06,27.206,1.10492,79,\N,3,\N,\N,\N,\N,\N,\N,5,could not convert string to float: N/A,\N
PEG,Public Utilities,Power Generation,30400,59.57,57.667,1.033,59,3.05,69,1.1,0.53,0.81,0.39,1.38,0.282828,81,\N,2019-07-06 15:25:06
PSA,Consumer Services,Real Estate Investment Trusts,41610,245.22,219.788,1.11571,81,15.09,95,1.65,2,1.85,3.04,1.73,0.057554,70,\N,2019-07-06 15:25:20
PHM,Capital Goods,Homebuilding,8700,31.94,29.279,1.0909,76,0.87,43,0.59,1.12,1.01,0.84,0.59,0,66,\N,2019-07-06 15:25:50
PSTG,Technology,Electronic Components,3980,15.34,19.08,0.80399,16,2.71,66,-0.29,-0.26,-0.12,-0.11,-0.41,\N,5,\N,2019-07-06 15:26:04
NEW,Consumer Services,Other Consumer Services,495.95,6.77,6.894,0.982007,41,\N,3,\N,\N,\N,\N,\N,\N,5,could not convert string to float: N/A,\N
PVH,Consumer Non-Durables,Apparel,6840,92.82,109.17,0.850234,20,0.72,40,2.29,2.12,3.15,2.09,1.08,-0.584541,46,\N,2019-07-06 15:26:20
PYX,Consumer Services,Farming/Seeds/Milling,154.99,15.36,19.51,0.787289,14,0.08,23,-0.5,-0.08,-6.04,-0.56,-1.1,\N,5,\N,2019-07-06 15:26:34
PZN,Finance,Investment Managers,578.81,8.71,8.974,0.970535,39,4.02,77,0.2,0.2,0.22,0.15,0.17,-0.428571,50,\N,2019-07-06 15:26:48
QTWO,Technology,Computer Software: Prepackaged Software,3500,77.29,67.334,1.14786,86,14.13,95,-0.14,-0.2,-0.21,-0.27,-0.44,\N,5,\N,2019-07-06 15:27:02
QEP,Energy,Oil & Gas Production,1460,7.29,7.569,0.963148,37,0.97,45,-0.22,-1.42,0.03,-2.66,-0.49,-0.100372,60,\N,2019-07-06 15:27:16
QGEN,Health Care,Biotechnology: Biological Products (No Diagnostic ,9160,40.26,38.473,1.04645,64,6.06,86,0.14,0.16,0.26,0.26,0.13,-0.0769231,62,\N,2019-07-06 15:27:30
QTS,Consumer Services,Real Estate Investment Trusts,2530,45.82,43.595,1.05105,65,5.65,84,-0.02,-0.16,-0.25,-0.02,0.2,\N,5,\N,2019-07-06 15:27:45
QUAD,Miscellaneous,Publishing,287.13,7.73,11.789,0.6557,8,0.09,23,-0.07,0.18,0.46,-0.42,-0.45,-0.417582,50,\N,2019-07-06 15:27:59
KWR,Basic Industries,Major Chemicals,2610,198.74,200.434,0.99155,44,3.06,69,0.95,1.44,1.47,0.58,1.03,0.0898876,72,\N,2019-07-06 15:28:11
NX,Capital Goods,Metal Fabrications,593.87,18.58,16.331,1.13771,85,0.68,39,0.12,0.31,0.19,-0.11,-0.73,-0.817308,42,\N,2019-07-06 15:28:25
PWR,Capital Goods,Engineering & Construction,5400,38.58,36.391,1.06017,68,0.47,34,0.24,0.48,0.81,0.38,0.82,1,98,\N,2019-07-06 15:28:40
QD,Finance,Finance: Consumer Services,2520,8.05,6.131,1.31298,97,\N,3,\N,\N,\N,\N,\N,\N,5,could not convert string to float: N/A,\N
DGX,Health Care,Medical Specialities,13580,103.26,91.607,1.12721,83,1.84,58,1.27,1.57,1.53,0.92,1.2,-0.107692,60,\N,2019-07-06 15:28:55
QES,Energy,Oilfield Services/Equipment,62.91,1.79,3.966,0.451337,4,0.1,24,-0.44,0.06,-0.07,-0.05,-0.26,0.36,84,\N,2019-07-06 15:29:09
QHC,Health Care,Hospital/Nursing Management,40.93,1.4,2.154,0.649848,8,0.02,22,-3.48,-0.92,-1.85,-0.71,-1.33,\N,4,\N,2019-07-06 15:29:23
QUOT,Consumer Services,Advertising,976.84,11.53,10.243,1.12569,83,2.71,66,-0.12,-0.05,-0.08,-0.05,-0.14,\N,4,\N,2019-07-06 15:29:38
RRD,Miscellaneous,Publishing,145.14,2.1,4.136,0.507724,5,0.02,21,-0.14,-0.18,0.49,-0.32,-0.12,0.0246914,68,\N,2019-07-06 15:29:51
RMED,Health Care,Medical/Dental Instruments,44.6,3.57,5.395,0.6617,8,\N,3,\N,\N,\N,\N,\N,\N,4,'decimal' codec can't encode character u'u2014' in position 0: invalid decimal Unicode string,\N
RDN,Finance,Property-Casualty Insurers,4650,24.09,21.104,1.14147,85,3.73,74,0.52,0.96,0.66,0.64,0.78,0.590909,90,\N,2019-07-06 15:30:20
RL,Consumer Non-Durables,Apparel,8790,110.99,118.797,0.934281,31,1.36,52,0.5,1.31,2.07,1.48,0.39,-0.0654762,62,\N,2019-07-06 15:30:33
RRC,Energy,Oil & Gas Production,1700,6.29,9.646,0.652061,8,0.47,34,0.2,-0.32,0.19,-7.15,0.01,-0.0258503,65,\N,2019-07-06 15:30:47
RNGR,Energy,Oilfield Services/Equipment,109.44,7.975,7.22,1.10461,79,0.37,31,-0.68,-0.08,0.23,0.11,0.21,0.978022,97,\N,2019-07-06 15:31:02
PACK,Capital Goods,Containers/Packaging,470.28,9.05,10.005,0.904543,26,\N,2,\N,\N,\N,\N,\N,\N,4,could not convert string to float: N/A,\N
RJF,Finance,Investment Bankers/Brokers/Service,11290,85.61,82.815,1.03375,60,1.62,55,1.63,1.55,1.76,1.69,1.81,0.692308,92,\N,2019-07-06 15:31:31
RYAM,Basic Industries,Major Chemicals,303.28,6.18,11.742,0.526296,5,0.15,25,0.38,0.83,0.6,0.18,-0.52,-0.666667,45,\N,2019-07-06 15:31:47
RYN,Consumer Services,Real Estate Investment Trusts,3890,31.23,30.094,1.03776,61,5.03,82,0.31,0.28,0.18,0.02,0.19,-0.413793,50,\N,2019-07-06 15:32:01
RTN,Capital Goods,Industrial Machinery/Components,50070,173.65,176.49,0.983907,42,1.76,57,2.19,2.78,2.25,2.93,2.77,0.783784,94,\N,2019-07-06 15:32:15
RMAX,Finance,Real Estate,511.44,31.7,36.784,0.861796,21,2.44,64,0.28,0.43,0.46,0.35,0.25,-0.142857,59,\N,2019-07-06 15:32:29
RC,Consumer Services,Real Estate Investment Trusts,674.23,14.98,15.014,0.997737,46,3.45,72,0.56,0.48,0.53,0.3,0.9,0.566667,90,\N,2019-07-06 15:32:44
RLGY,Finance,Real Estate,781.22,6.55,12.205,0.536667,5,0.13,24,-0.51,0.96,0.83,-0.19,-0.87,-0.196721,57,\N,2019-07-06 15:32:58
O,Consumer Services,Real Estate Investment Trusts,22280,69.99,69.308,1.00984,50,16.24,95,0.29,0.34,0.34,0.29,0.37,1,98,\N,2019-07-06 15:33:11
RHT,Technology,Computer Software: Programming\, Data Processing,33330,187.71,181.967,1.03156,59,9.6,92,0.59,0.46,0.51,0.75,0.76,0.566667,90,\N,2019-07-06 15:33:25
RLH,Consumer Services,Hotels/Resorts,170.58,7.14,8.078,0.883897,24,1.37,52,0.11,-0.1,0.35,-0.3,-0.17,-0.430769,50,\N,2019-07-06 15:33:38
RWT,Consumer Services,Real Estate Investment Trusts,1570,16.48,15.993,1.03042,59,7.02,88,0.5,0.38,0.42,-0.02,0.49,-0.0192308,65,\N,2019-07-06 15:33:52
RBC,Consumer Durables,Metal Fabrications,3420,81.49,79.57,1.02413,56,0.96,45,1.31,1.5,1.17,1.28,1.99,0.829268,95,\N,2019-07-06 15:34:06
RWGE,Finance,Business Services,384.38,10.23,10.087,1.01415,52,\N,2,\N,\N,\N,\N,\N,\N,4,could not convert string to float: N/A,\N
RM,Finance,Finance: Consumer Services,292.14,25.96,25.719,1.00939,50,0.98,45,0.72,0.7,0.61,0.9,0.67,-0.172414,58,\N,2019-07-06 15:34:21
RF,Finance,Major Banks,14580,15.21,15,1.01402,52,2.81,67,0.35,0.32,0.5,0.37,0.37,0.111111,73,\N,2019-07-06 15:34:35
RGS,Consumer Services,Other Consumer Services,636.7,17.22,18.631,0.924285,29,0.62,38,-0.12,0.1,-0.02,0.15,-0.36,-0.470588,49,\N,2019-07-06 15:34:50
RGA,Finance,Life Insurance,9480,158.67,146.992,1.07945,73,0.76,40,1.52,3.13,4.68,1.72,2.65,0.357595,84,\N,2019-07-06 15:35:04
RS,Basic Industries,Metal Fabrications,6030,93.94,86.395,1.08733,75,0.54,35,2.3,3.16,2.03,1.22,2.8,0.257732,80,\N,2019-07-06 15:35:17
RELX,Consumer Services,Publishing,48020,24.57,22.45,1.09444,76,\N,2,\N,\N,\N,\N,\N,\N,4,could not convert string to float: N/A,\N
RNR,Finance,Property-Casualty Insurers,7950,183.18,152.816,1.19869,91,3.26,71,1.42,4.78,0.82,-2.1,6.43,0.587339,90,\N,2019-07-06 15:35:32
SOL,Technology,Semiconductors,48.36,1.29,1.559,0.827652,18,0.51,35,0.2,2.24,0.1,-0.1,-0.1,-0.128205,59,\N,2019-07-06 15:35:47
RENN,Technology,EDP Services,65.3,0.99,1.485,0.666513,9,0.14,24,-0.6,2.25,-0.45,-0.3,-0.45,0.0526316,70,\N,2019-07-06 15:36:01
RPLA,Finance,Business Services,351.11,9.71,17.715,0.54812,6,\N,2,\N,\N,\N,\N,\N,\N,4,could not convert string to float: N/A,\N
RSG,Public Utilities,Environmental Services,27930,87.5,80.23,1.09062,76,2.79,67,0.72,0.71,0.81,0.92,0.72,0,66,\N,2019-07-06 15:36:17
REZI,Capital Goods,Wholesale Distributors,2530,21.95,21.61,1.01574,53,\N,2,\N,\N,\N,\N,\N,\N,4,'decimal' codec can't encode character u'u2014' in position 0: invalid decimal Unicode string,\N
RMD,Health Care,Medical/Dental Instruments,17190,124.33,107.689,1.15453,87,7.06,88,0.76,0.76,0.73,0.86,0.73,-0.230769,55,\N,2019-07-06 15:37:01
RFP,Basic Industries,Paper,567.45,7.01,7.673,0.91365,27,0.17,25,0.11,0.77,1.25,0.38,0.45,0.298246,82,\N,2019-07-06 15:37:14
QSR,Consumer Services,Restaurants,17670,70.26,64.142,1.09539,77,3.32,71,0.59,0.66,0.53,0.64,0.53,-0.461538,49,\N,2019-07-06 15:37:27
RPAI,Consumer Services,Real Estate Investment Trusts,2490,11.97,12.18,0.982752,42,5.34,84,0.19,0.05,0.06,0.06,0.11,-0.571429,46,\N,2019-07-06 15:37:41
RVI,Finance,Real Estate,649.56,34.55,31.977,1.08045,73,\N,2,\N,\N,\N,\N,\N,\N,4,'decimal' codec can't encode character u'u2014' in position 0: invalid decimal Unicode string,\N
REVG,Capital Goods,Auto Manufacturing,837.37,14.06,10.693,1.31494,97,0.36,31,0.11,0.28,-0.35,-0.23,0.09,-0.031746,64,\N,2019-07-06 15:38:09
REV,Consumer Non-Durables,Package Goods/Cosmetics,1080,19.28,22.893,0.842183,19,0.4,32,-1.71,-2.32,-0.21,-1.33,-1.42,\N,4,\N,2019-07-06 15:38:23
REX,Basic Industries,Major Chemicals,426.6,71.72,76.808,0.933758,31,0.96,45,1.45,1.43,1.86,0.17,0.45,-0.591716,46,\N,2019-07-06 15:38:37
REXR,Consumer Services,Real Estate Investment Trusts,4210,41.55,35.911,1.15703,88,19.27,96,0.15,0.06,0.07,0.13,0.08,-0.777778,43,\N,2019-07-06 15:38:52
RXN,Technology,Industrial Machinery/Components,3030,29.85,26.897,1.10978,80,1.53,54,-0.65,-0.06,-0.42,0.19,0.39,1,98,\N,2019-07-06 15:39:06
RH,Consumer Services,Other Specialty Stores,2040,122.58,119.436,1.02632,57,0.88,43,1.11,2.33,0.81,1.41,1.43,0.210526,78,\N,2019-07-06 15:39:21
RNG,Technology,EDP Services,9110,118.15,106.574,1.10862,80,13.36,94,-0.03,-0.1,-0.12,-0.07,-0.08,\N,4,\N,2019-07-06 15:39:35
RIO,Basic Industries,Precious Metals,103310,60.05,57.433,1.04556,64,\N,2,\N,\N,\N,\N,\N,\N,4,list index out of range,\N
RBA,Miscellaneous,Business Services,3670,33.76,34.634,0.974768,40,3.03,69,0.16,0.42,0.21,0.32,0.17,0.0384615,69,\N,2019-07-06 15:40:04
RAD,Health Care,Medical/Nursing Services,368.73,9.11,11.908,0.765001,13,\N,2,\N,\N,\N,\N,\N,\N,4,'decimal' codec can't encode character u'u2014' in position 0: invalid decimal Unicode string,\N
RLI,Finance,Property-Casualty Insurers,3890,88.03,75.845,1.16065,88,4.38,79,0.27,0.74,0.88,-0.46,1.46,0.619792,91,\N,2019-07-06 15:40:33
RLJ,Consumer Services,Real Estate Investment Trusts,3020,17.92,18.136,0.98808,43,1.8,58,0.1,0.33,0.39,0.12,0.12,0.0689655,71,\N,2019-07-06 15:40:49
RMG,Finance,Business Services,280.6,9.79,4.993,1.96057,100,\N,2,\N,\N,\N,\N,\N,\N,4,could not convert string to float: N/A,\N
RRTS,Transportation,Oil Refining/Marketing,336.62,10.03,11.174,0.897646,25,0.17,25,-15.25,-27.25,-27,-38,-1.78,\N,4,\N,2019-07-06 15:41:04
ROAN,Energy,Oil & Gas Production,231.86,1.59,6.021,0.264096,3,0.58,37,0.86,0.06,-1.97,0.97,-0.38,-0.421769,50,\N,2019-07-06 15:41:20
RHI,Technology,Professional Services,6580,57.91,61.304,0.944641,33,1.17,49,0.78,0.89,0.95,0.95,0.93,0.882353,96,\N,2019-07-06 15:41:35
ROK,Capital Goods,Industrial Machinery/Components,19080,159.39,168.85,0.943974,33,2.8,67,1.77,1.58,2.8,0.66,2.88,0.5,88,\N,2019-07-06 15:41:49
RCI,Consumer Services,Television Services,21160,54.63,53.044,1.02989,58,\N,2,\N,\N,\N,\N,\N,\N,4,could not convert string to float: N/A,\N
ROG,Basic Industries,Major Chemicals,2900,174.31,148.788,1.17153,89,3.58,73,1.4,0.93,1.06,1.31,1.52,0.20339,78,\N,2019-07-06 15:42:04
ROL,Finance,Diversified Commercial Services,12000,37.19,38.707,0.960806,37,6.61,87,0.15,0.2,0.21,0.16,0.14,-0.142857,59,\N,2019-07-06 15:42:33
ROP,Capital Goods,Industrial Machinery/Components,37780,376.08,329.583,1.14108,85,7.4,89,2.03,2.19,2.37,2.46,3.53,1,98,\N,2019-07-06 15:42:47
RST,Technology,Computer Software: Prepackaged Software,530.48,23.09,20.777,1.11132,80,3.14,70,-0.29,-0.18,-0.31,-0.19,-0.02,\N,4,\N,2019-07-06 15:43:01
RY,Finance,Commercial Banks,113610,80.87,76.819,1.05274,66,\N,2,\N,\N,\N,\N,\N,\N,4,could not convert string to float: N/A,\N
RBS,Finance,Commercial Banks,33490,5.77,6.257,0.922231,29,\N,2,\N,\N,\N,\N,\N,\N,4,could not convert string to float: N/A,\N
RCL,Consumer Services,Marine Transportation,24330,115.4,117.316,0.983665,42,2.44,64,1.02,2.19,3.86,1.5,1.19,0.0598592,71,\N,2019-07-06 15:43:18
RES,Energy,Oilfield Services/Equipment,1530,6.98,9.982,0.699228,10,0.93,44,0.24,0.28,0.23,0.06,0,-0.857143,41,\N,2019-07-06 15:43:32
RPM,Basic Industries,Paints/Coatings,7840,62.24,58.051,1.07217,71,1.48,53,0.3,0.63,0.52,0.37,0.11,-0.365385,51,\N,2019-07-06 15:43:46
RPT,Consumer Services,Real Estate Investment Trusts,988.34,12.02,12.357,0.972696,39,3.75,75,0.07,0.03,0.1,-0.07,0.11,0.222222,79,\N,2019-07-06 15:44:00
RTW,Consumer Services,Clothing/Shoe/Accessory Stores,108.37,1.84,2.527,0.72813,11,0.14,24,0.05,0.05,0.03,-0.06,-0.04,-0.818182,42,\N,2019-07-06 15:44:14
RTEC,Capital Goods,Industrial Machinery/Components,878.1,27.46,23.243,1.18143,90,3.36,72,0.47,0.45,0.22,0.26,0.24,-0.92,40,\N,2019-07-06 15:44:27
RYB,Consumer Services,Other Consumer Services,193.12,6.7,7.282,0.920117,28,1.18,49,0.06,0.01,-0.09,0.15,-0.08,-0.583333,46,\N,2019-07-06 15:44:41
R,Consumer Services,Rental/Leasing Companies,2890,55.72,58.682,0.94952,34,0.34,30,0.63,0.8,1.68,2.05,0.86,0.161972,76,\N,2019-07-06 15:44:55
RYI,Basic Industries,Metal Fabrications,282.62,7.97,8.23,0.968426,38,0.06,23,0.28,0.46,2.06,0.01,0.78,0.243902,80,\N,2019-07-06 15:45:10
RHP,Consumer Services,Real Estate Investment Trusts,4040,81.33,80.564,1.00951,50,3.09,69,0.53,1.08,0.44,3.09,0.57,0.0150943,68,\N,2019-07-06 15:45:25
SPGI,Finance,Finance: Consumer Services,56130,237,206.286,1.14889,87,9.32,91,1.93,1.82,1.95,2.03,1.65,-0.736842,43,\N,2019-07-06 15:45:39
SBR,Energy,Oil & Gas Production,695.87,47.75,45.721,1.04438,63,12.54,94,0.68,0.86,0.78,1.1,0.88,0.47619,87,\N,2019-07-06 15:45:54
SB,Transportation,Marine Transportation,147.83,1.9,1.61,1.17979,90,0.97,45,0.03,0.01,0.05,0.07,0.03,0,66,\N,2019-07-06 15:46:07
SFE,Finance,Finance/Investors Services,247.33,11.99,10.912,1.09883,77,\N,2,\N,\N,\N,\N,\N,\N,4,could not convert string to float: N/A,\N
SAFE,Consumer Services,Real Estate,876.58,30.99,22.877,1.35462,97,16.38,96,0.2,0.09,0.11,0.23,0.36,0.592593,90,\N,2019-07-06 15:46:23
SAIL,Technology,Computer Software: Prepackaged Software,1760,20.16,25.303,0.796732,15,6.86,87,-0.07,-0.07,0.04,0.06,-0.1,-0.1875,57,\N,2019-07-06 15:46:37
CRM,Technology,Computer Software: Prepackaged Software,115970,154.58,155.365,0.994949,45,8.57,90,0.46,0.39,0.13,0.46,0.49,0.0833333,72,\N,2019-07-06 15:46:51
SBH,Consumer Services,Other Specialty Stores,1520,12.5,16.946,0.737639,12,0.39,32,0.49,0.48,0.46,0.54,0.54,0.625,91,\N,2019-07-06 15:47:07
SJT,Energy,Oil & Gas Production,167.79,3.53,4.682,0.753917,13,8.67,90,0.13,0.05,0.06,0.14,0.13,0,66,\N,2019-07-06 15:47:21
SD,Energy,Oil & Gas Production,219.11,6.72,7.878,0.853023,20,0.76,40,-1.18,-0.97,0.33,1.55,-0.15,0.377289,84,\N,2019-07-06 15:47:34
SDT,Energy,Oil & Gas Production,17.64,0.63,0.915,0.688726,9,2.29,62,0.04,0.05,0.05,0.04,0.04,0,66,\N,2019-07-06 15:48:03
SDR,Energy,Oil & Gas Production,32.53,0.64,0.925,0.691978,9,2.45,64,0.06,0.06,0.04,0.05,0.04,-1,37,\N,2019-07-06 15:48:18
PER,Energy,Oil & Gas Production,95.55,1.73,2.17,0.797375,15,3.27,71,0.11,0.12,0.13,0.12,0.1,-0.333333,52,\N,2019-07-06 15:48:33
SC,Finance,Finance: Consumer Services,8220,25.5,21.158,1.20524,92,2.27,62,0.67,0.92,0.64,0.29,0.7,0.047619,70,\N,2019-07-06 15:48:46
SAP,Technology,Computer Software: Prepackaged Software,158770,138.16,115.913,1.19193,91,\N,2,\N,\N,\N,\N,\N,\N,4,could not convert string to float: N/A,\N
SSL,Energy,Oil & Gas Production,15450,24.42,29.528,0.827003,17,\N,2,\N,\N,\N,\N,\N,\N,4,could not convert string to float: N/A,\N
BFS,Consumer Services,Real Estate Investment Trusts,1230,56.86,53.669,1.05945,68,5.6,84,0.31,0.43,0.45,0.41,0.46,1,98,\N,2019-07-06 15:49:03
SLB,Energy,Oilfield Services/Equipment,53440,39.57,41.553,0.95228,35,1.67,56,0.38,0.31,0.46,0.39,0.3,-0.5,48,\N,2019-07-06 15:49:20
SNDR,Transportation,Trucking Freight/Courier Services,1610,18.03,20.262,0.88983,24,0.64,38,0.27,0.37,0.4,0.48,0.21,-0.222222,56,\N,2019-07-06 15:49:34
SWM,Basic Industries,Paper,974.34,33.33,33.751,0.987524,43,0.98,45,0.67,0.83,1.33,0.23,0.56,-0.1,61,\N,2019-07-06 15:49:49
SAIC,Technology,EDP Services,5060,87.98,74.597,1.1794,90,1.02,46,1.13,1.13,1.11,-0.2,0.92,-0.157895,58,\N,2019-07-06 15:50:03
SALT,Transportation,Marine Transportation,307.66,5.69,4.682,1.21542,93,1.7,56,-0.08,0.01,-0.01,-0.11,-0.05,0.25,80,\N,2019-07-06 15:50:17
STNG,Transportation,Marine Transportation,1360,30.38,22.331,1.36047,98,2.5,64,-1,-2.3,-2.3,-0.38,0.3,\N,4,\N,2019-07-06 15:50:31
SMG,Basic Industries,Agricultural Chemicals,5440,100.83,82.321,1.22484,93,1.92,59,2.59,1.47,-2.65,-1.44,7.09,0.462012,87,\N,2019-07-06 15:50:45
SE,Consumer Services,Other Consumer Services,13820,35.71,22.528,1.5851,99,15.52,95,-0.64,-0.75,-0.64,-0.81,-1.86,\N,4,\N,2019-07-06 15:50:59
SA,Basic Industries,Precious Metals,845.71,13.31,12.752,1.04375,63,\N,2,\N,\N,\N,\N,\N,\N,4,could not convert string to float: N/A,\N
CKH,Transportation,Marine Transportation,841.24,47.36,43.259,1.09479,76,1.02,46,0.04,2.14,0.88,-0.26,0.41,0.154167,76,\N,2019-07-06 15:51:13
SMHI,Transportation,Marine Transportation,295.94,13.87,13.556,1.02319,56,1.2,49,-1.64,-1.25,-0.71,-0.35,-1.11,\N,4,\N,2019-07-06 15:51:27
SDRL,Energy,Oil & Gas Production,355,4.5,7.717,0.583121,6,\N,2,\N,\N,\N,\N,\N,\N,4,'decimal' codec can't encode character u'u2014' in position 0: invalid decimal Unicode string,\N
SDLP,Energy,Oil & Gas Production,33.31,4.02,8.765,0.458644,4,0.05,22,-0.35,13.91,-1.01,-6.44,-2.73,-0.116953,60,\N,2019-07-06 15:51:55
SEE,Basic Industries,Major Chemicals,6550,44.33,42.64,1.03963,62,1.46,53,-1.21,0.71,0.5,1.28,0.37,0.634538,91,\N,2019-07-06 15:52:09
SSW,Transportation,Marine Transportation,2040,10.19,9.182,1.10981,80,1.9,59,0.37,0.34,0.36,0.24,1.26,0.872549,96,\N,2019-07-06 15:52:23
SEAS,Consumer Services,Services-Misc. Amusement & Recreation,2370,32.01,26.556,1.20539,92,1.83,58,-0.73,0.26,1.1,-0.13,-0.44,0.15847,76,\N,2019-07-06 15:52:37
WTTR,Energy,Oilfield Services/Equipment,1240,10.65,10.469,1.01727,54,0.74,40,0.15,0.24,0.29,-0.17,0.01,-0.304348,53,\N,2019-07-06 15:52:51
SEM,Health Care,Hospital/Nursing Management,2110,15.58,14.83,1.05054,65,0.41,32,0.25,0.35,0.24,0.18,0.3,0.294118,82,\N,2019-07-06 15:53:05
SEMG,Energy,Oilfield Services/Equipment,879.77,12.29,14.414,0.852654,20,0.41,32,-0.48,-0.11,0.03,-0.08,-0.37,0.215686,79,\N,2019-07-06 15:53:37
SRE,Public Utilities,Natural Gas Distribution,38550,138.38,124.628,1.11034,80,3.15,70,1.33,-2.11,0.99,3.03,1.59,0.0505837,70,\N,2019-07-06 15:53:50
ST,Capital Goods,Industrial Machinery/Components,7740,48,47.473,1.0111,51,2.21,62,0.52,0.61,0.88,1.54,0.52,4.44089e-16,67,\N,2019-07-06 15:54:03
SXT,Basic Industries,Major Chemicals,3090,73.65,66.807,1.10243,78,2.3,63,0.89,0.92,1.12,0.78,0.78,-0.323529,52,\N,2019-07-06 15:54:18
SQNS,Technology,Semiconductors,83.31,0.95,1.018,0.933538,31,2.5,64,-0.1,-0.09,-0.1,-0.1,-0.1,\N,4,\N,2019-07-06 15:54:32
SRG,Finance,Real Estate,1530,44.27,42.581,1.03966,62,12.26,94,0.26,-0.23,-0.66,-1.57,-0.23,\N,4,\N,2019-07-06 15:54:46
SCI,Consumer Services,Other Consumer Services,8400,47.26,42.542,1.11089,80,2.7,66,0.43,0.55,0.37,1.04,0.43,0,66,\N,2019-07-06 15:54:59
SERV,Consumer Services,Other Consumer Services,7200,52.7,46.658,1.1295,83,3.67,74,0.3,0.71,0.52,-1.83,0.51,0.0826772,72,\N,2019-07-06 15:55:14
NOW,Technology,Computer Software: Prepackaged Software,51080,294.53,241.689,1.21863,93,19.46,96,0.06,-0.3,0.04,0.04,-0.01,-0.194444,57,\N,2019-07-06 15:55:27
SHAK,Consumer Services,Restaurants,2480,73.57,56.723,1.297,96,5.55,84,0.13,0.26,0.17,-0.03,0.08,-0.172414,58,\N,2019-07-06 15:55:40
SJR,Consumer Services,Television Services,10020,20.56,20.27,1.01431,52,\N,2,\N,\N,\N,\N,\N,\N,4,could not convert string to float: N/A,\N
SHLX,Energy,Natural Gas Distribution,4640,21.55,19.833,1.08658,75,9.05,91,0.18,0.35,0.5,0.46,0.47,0.90625,96,\N,2019-07-06 15:55:55
SHW,Consumer Services,RETAIL: Building Materials,42770,466.14,433.165,1.07613,72,2.44,64,2.62,4.25,3.72,1.07,2.62,0,66,\N,2019-07-06 15:56:10
SHG,Finance,Major Banks,18070,37.79,38.079,0.992398,45,\N,2,\N,\N,\N,\N,\N,\N,4,could not convert string to float: N/A,\N
SFL,Transportation,Marine Transportation,1460,12.69,12.338,1.02855,58,3.46,72,0.24,0.15,0.24,0.03,0.31,0.25,80,\N,2019-07-06 15:56:23
SHOP,Technology,Computer Software: Prepackaged Software,28410,313.72,219.986,1.42609,98,29.85,98,-0.16,-0.23,-0.22,-0.01,-0.22,\N,4,\N,2019-07-06 15:56:38
SSTK,Technology,EDP Services,1390,38.38,41.604,0.922515,29,2.13,61,0.92,-0.01,0.21,0.42,0.21,-0.763441,43,\N,2019-07-06 15:56:51
SBGL,Basic Industries,Precious Metals,3130,4.45,3.865,1.15151,87,\N,2,\N,\N,\N,\N,\N,\N,4,could not convert string to float: N/A,\N
SIG,Consumer Services,Consumer Specialties,875.25,17.31,24.405,0.709289,10,0.15,25,-8.48,-0.56,-0.74,-2.25,-0.35,\N,4,\N,2019-07-06 15:57:08
SBOW,Energy,Oil & Gas Production,157.95,12.84,19.901,0.645182,8,0.54,35,0.72,0.2,0.6,4.82,1.36,0.138528,75,\N,2019-07-06 15:57:22
SPG,Consumer Services,Real Estate Investment Trusts,49900,162.96,174.387,0.934475,31,8.95,91,2,1.77,1.8,2.3,1.78,-0.415094,50,\N,2019-07-06 15:57:35
SSD,Capital Goods,Industrial Machinery/Components,2890,66.42,61.503,1.07995,73,2.74,66,0.54,0.94,0.95,0.34,0.5,-0.0655738,62,\N,2019-07-06 15:57:48
SHI,Basic Industries,Major Chemicals,4190,38.65,46.296,0.834842,18,\N,2,\N,\N,\N,\N,\N,\N,4,could not convert string to float: N/A,\N
SITC,Consumer Services,Real Estate Investment Trusts,2430,13.45,13.16,1.02202,55,4,76,-0.34,-0.07,-0.09,0.93,0.15,0.385827,85,\N,2019-07-06 15:58:03
SITE,Consumer Non-Durables,Farming/Seeds/Milling,2820,69.5,59.956,1.15918,88,1.32,51,-0.43,1.48,0.7,-0.05,-0.59,-0.0772947,62,\N,2019-07-06 15:58:18
SIX,Consumer Services,Services-Misc. Amusement & Recreation,4130,53.18,54.013,0.984577,42,3.06,69,-0.74,0.88,2.16,0.93,-0.82,-0.0268456,65,\N,2019-07-06 15:58:50
SJW,Public Utilities,Water Supply,1730,63.75,60.71,1.05008,65,4.53,80,0.06,0.62,0.76,0.38,0.21,0.214286,78,\N,2019-07-06 15:59:04
SKM,Public Utilities,Telecommunications Equipment,16060,24.86,24.898,0.998464,46,\N,2,\N,\N,\N,\N,\N,\N,4,could not convert string to float: N/A,\N
SKX,Consumer Non-Durables,Shoe Manufacturing,4740,32.75,30.271,1.08191,74,1.1,47,0.75,0.29,0.58,0.31,0.71,-0.0869565,61,\N,2019-07-06 15:59:19
SKY,Basic Industries,Homebuilding,1490,26.75,20.634,1.29641,96,1.13,48,0.14,-0.02,-1.42,0.19,0.26,0.0714286,71,\N,2019-07-06 15:59:33
SLG,Consumer Services,Real Estate Investment Trusts,6940,81,87.876,0.921754,28,5.58,84,1.12,1.19,1.03,-0.73,0.52,-0.3125,53,\N,2019-07-06 15:59:46
WORK,Consumer Services,Other Consumer Services,17760,35.52,0,0,0,\N,2,\N,\N,\N,\N,\N,\N,4,'decimal' codec can't encode character u'u2014' in position 0: invalid decimal Unicode string,\N
SM,Energy,Oil & Gas Production,1340,11.6,15.963,0.726702,11,0.85,42,2.81,0.15,-1.21,2.73,-1.58,-1,37,\N,2019-07-06 16:00:15
SMAR,Technology,Computer Software: Prepackaged Software,4940,51.5,38.667,1.33189,97,27.77,97,-0.68,-0.12,-0.15,-0.11,-0.19,\N,4,\N,2019-07-06 16:00:29
SNN,Health Care,Industrial Specialties,18990,43.17,39.986,1.07961,73,3.81,75,0.36,0.33,0.2,0.23,0.36,0.00000000000000155431,67,\N,2019-07-06 16:00:43
SNAP,Technology,Computer Software: Programming\, Data Processing,19470,15.23,10.413,1.46265,99,16.24,95,-0.3,-0.27,-0.25,-0.14,-0.23,\N,4,\N,2019-07-06 16:00:56
SNA,Capital Goods,Industrial Machinery/Components,9090,161.7,160.457,1.00775,50,2.21,62,2.82,3.12,2.85,3.09,3.16,1,98,\N,2019-07-06 16:01:11
IPOA,Finance,Business Services,897,10.43,10.202,1.0223,56,\N,2,\N,\N,\N,\N,\N,\N,4,could not convert string to float: N/A,\N
SQM,Basic Industries,Mining & Quarrying of Nonmetallic Minerals (No Fue,7990,30.12,37.238,0.808846,16,3.52,73,0.39,0.51,0.32,0.41,0.31,-0.4,51,\N,2019-07-06 16:01:26
SOGO,Technology,EDP Services,1630,4.12,5.465,0.753925,13,1.37,52,0.04,0.08,0.06,0.07,-0.01,-0.555556,47,\N,2019-07-06 16:01:39
SOI,Energy,Metal Fabrications,719.53,13.78,15.824,0.870822,22,3.03,69,0.23,0.4,0.49,0.47,0.43,0.769231,94,\N,2019-07-06 16:01:52
SWI,Technology,Computer Software: Prepackaged Software,5750,18.68,18.108,1.03158,59,\N,2,\N,\N,\N,\N,\N,\N,4,'decimal' codec can't encode character u'u2014' in position 0: invalid decimal Unicode string,\N
SAH,Consumer Durables,Automotive Aftermarket,955.1,23.27,17.264,1.34791,97,0.1,24,-0.05,0.39,0.35,0.51,0.98,1,98,\N,2019-07-06 16:02:22
SON,Consumer Durables,Containers/Packaging,6480,66.38,60.381,1.09935,78,1.25,50,0.73,0.88,0.72,0.77,0.73,0,66,\N,2019-07-06 16:02:35
SNE,Consumer Non-Durables,Consumer Electronics/Appliances,65660,55.03,48.165,1.14254,86,\N,2,\N,\N,\N,\N,\N,\N,4,could not convert string to float: N/A,\N
BID,Miscellaneous,Business Services,2690,58.5,41.437,1.4118,98,2.69,66,-0.12,1.08,-0.55,1.72,-0.15,-0.0132159,65,\N,2019-07-06 16:02:49
SJI,Public Utilities,Oil/Gas Transmission,3110,34.27,31.309,1.09459,76,1.8,58,1.4,-1.12,-0.53,0.55,0.94,-0.18254,57,\N,2019-07-06 16:03:03
SO,Public Utilities,Electric Utilities: Central,58240,56.36,51.282,1.09902,77,2.6,65,0.92,-0.15,1.13,0.27,1.99,0.5,88,\N,2019-07-06 16:03:18
SCCO,Basic Industries,Precious Metals,30010,38.16,35.979,1.06061,68,4.21,78,0.61,0.53,0.48,0.38,0.5,-0.478261,49,\N,2019-07-06 16:03:31
LUV,Transportation,Air Freight/Delivery Services,27700,51.88,52.13,0.995201,45,1.27,50,0.79,1.27,1.08,1.17,0.7,-0.157895,58,\N,2019-07-06 16:03:46
SWX,Public Utilities,Oil & Gas Production,4850,91.54,82.585,1.10843,80,1.67,56,1.63,0.44,0.25,1.36,1.77,0.0921053,72,\N,2019-07-06 16:04:15
SWN,Energy,Oil & Gas Production,1640,2.95,4.05,0.72845,11,0.42,32,0.36,0.09,-0.05,0.54,1.1,0.643478,91,\N,2019-07-06 16:04:28
SPAQ,Finance,Business Services,685.17,10,9.826,1.01772,54,\N,2,\N,\N,\N,\N,\N,\N,4,could not convert string to float: N/A,\N
SPB       ,Miscellaneous,Industrial Machinery/Components,2630,53.55,56.064,0.955155,36,0,21,-1.12,11.51,-2.31,-2.11,14.07,0.92735,96,\N,2019-07-06 16:04:44
TRK,Consumer Services,Services-Misc. Amusement & Recreation,762.03,18.53,16.916,1.09541,77,1.52,54,-0.07,0.78,0.59,-0.3,0.21,0.259259,81,\N,2019-07-06 16:04:58
SR,Public Utilities,Oil/Gas Transmission,4320,85.49,80.887,1.05691,67,2.17,61,2.03,0.52,-0.51,1.32,3.04,0.284507,81,\N,2019-07-06 16:05:13
SPR,Capital Goods,Military/Government/Technical,8430,78.8,85.693,0.919563,28,1.09,47,1.1,1.31,1.59,1.68,1.55,0.775862,94,\N,2019-07-06 16:05:28
SAVE,Transportation,Air Freight/Delivery Services,3210,50.87,54.127,0.939822,32,1,46,-0.66,0.16,1.42,1.34,0.82,0.711538,92,\N,2019-07-06 16:05:43
SMTA,Consumer Services,Real Estate Investment Trusts,372.04,8.54,7.462,1.14451,86,1.53,54,-0.14,-0.01,-0.18,-5,-0.99,\N,4,\N,2019-07-06 16:05:57
SRC,Consumer Services,Building operators,4330,44.6,40.203,1.10938,80,10.75,93,0.3,0.15,0.3,0.6,0.48,0.4,85,\N,2019-07-06 16:06:10
SPOT,Consumer Services,Broadcasting,26050,146.31,136.898,1.06875,70,\N,2,\N,\N,\N,\N,\N,\N,4,could not convert string to float: N/A,\N
SRLP,Energy,Oil Refining/Marketing,410.58,18.52,17.835,1.03838,61,0.11,24,3.21,-0.67,-0.9,1.51,1.4,-0.440389,49,\N,2019-07-06 16:06:26
S,Public Utilities,Telecommunications Equipment,27940,7.04,6.269,1.12304,82,0.86,43,0.02,0.04,0.05,-0.03,-0.53,-0.948276,40,\N,2019-07-06 16:06:39
SPXC,Technology,Industrial Machinery/Components,1390,33.5,32.834,1.02028,55,0.97,45,0.28,0.51,0.15,0.88,-0.02,-0.333333,52,\N,2019-07-06 16:06:53
FLOW,Technology,Industrial Machinery/Components,1670,39.79,34.982,1.13744,85,0.8,41,0.36,0.54,0.77,-0.64,0.46,0.070922,71,\N,2019-07-06 16:07:08
SQ,Technology,Computer Software: Prepackaged Software,29550,74.31,70.885,1.04832,65,8.76,90,-0.06,-0.01,0.04,-0.07,-0.09,-0.230769,55,\N,2019-07-06 16:07:21
JOE,Consumer Services,Homebuilding,965.62,18.08,16.07,1.12506,82,10.23,92,0.01,0.41,0.09,0,0.03,0.0487805,70,\N,2019-07-06 16:07:36
STAG,Consumer Services,Real Estate Investment Trusts,3830,30.61,28.641,1.06874,70,10.58,92,0.22,0.09,0.07,0.4,0.05,-0.485714,48,\N,2019-07-06 16:07:50
SSI,Consumer Services,Clothing/Shoe/Accessory Stores,21.78,0.76,0.97,0.783505,14,0.01,21,-1.14,-0.6,-1.11,-0.28,-1.67,\N,4,\N,2019-07-06 16:08:05
SMP,Capital Goods,Auto Parts:O.E.M.,1020,45.11,48.475,0.930575,30,0.9,44,0.35,0.69,0.69,0.14,0.53,0.327273,83,\N,2019-07-06 16:08:19
SXI,Technology,Industrial Machinery/Components,883.05,73.13,72.999,1.00179,48,1.05,47,1,0.99,1.24,1.05,2.09,0.990909,97,\N,2019-07-06 16:08:32
SWK,Capital Goods,Industrial Machinery/Components,21470,146.52,135.721,1.07956,73,1.57,55,1.11,1.93,1.65,-0.45,1.13,0.00840336,68,\N,2019-07-06 16:08:46
STN,Consumer Services,Military/Government/Technical,2700,24.57,23.876,1.02908,58,\N,2,\N,\N,\N,\N,\N,\N,4,could not convert string to float: N/A,\N
SGU,Consumer Services,Other Specialty Stores,498.8,9.96,9.626,1.03473,60,0.28,28,0.81,-0.15,-0.4,0.04,1.15,0.219355,79,\N,2019-07-06 16:09:01
SRT,Technology,Professional Services,287.67,7.86,7.554,1.04049,62,0.5,34,-0.15,-0.62,-0.23,-0.32,-0.09,\N,4,\N,2019-07-06 16:09:15
STWD,Consumer Services,Real Estate Investment Trusts,6480,22.93,22.227,1.03165,59,9.49,91,0.38,0.4,0.31,0.33,0.25,-0.866667,41,\N,2019-07-06 16:09:43
STT,Finance,Major Banks,20900,56.8,65.337,0.869341,22,1.79,58,1.62,1.88,1.87,1.04,1.18,-0.52381,47,\N,2019-07-06 16:09:57
SPLP,Capital Goods,Industrial Specialties,342.18,13.6,13.881,0.979773,41,0.22,26,-0.35,0.42,-0.23,-1.17,0.48,0.50303,88,\N,2019-07-06 16:10:12
SCS,Consumer Durables,Office Equipment/Supplies/Services,1870,17.26,16.609,1.03922,61,0.58,37,0.14,0.41,0.31,0.19,0.15,0.037037,69,\N,2019-07-06 16:10:27
SCL,Basic Industries,Package Goods/Cosmetics,2020,91.92,87.796,1.04697,64,1.05,47,1.31,1.41,0.95,1.16,1.07,-0.521739,48,\N,2019-07-06 16:10:40
STE,Health Care,Industrial Specialties,12350,152.78,126.092,1.21165,92,4.64,81,1.11,0.86,0.82,0.91,0.56,-1,37,\N,2019-07-06 16:10:55
STL,Finance,Major Banks,4250,21.43,19.794,1.08265,74,4.42,79,0.43,0.5,0.52,0.51,0.47,0.444444,86,\N,2019-07-06 16:11:09
STC,Finance,Specialty Insurers,978.17,39.78,42.592,0.933972,31,0.51,35,-0.16,0.95,0.74,0.48,-0.29,-0.104839,60,\N,2019-07-06 16:11:22
SF,Finance,Investment Bankers/Brokers/Service,3940,59.68,54.034,1.10448,79,1.4,52,1.06,1.04,1.25,1.38,1.22,0.470588,87,\N,2019-07-06 16:11:37
STM,Technology,Semiconductors,14800,17.69,16.22,1.0906,76,1.66,56,0.34,0.26,0.23,0.41,0.2,-0.666667,45,\N,2019-07-06 16:11:51
STON,Consumer Services,Other Consumer Services,63.56,1.68,3.026,0.555099,6,0.21,26,-0.47,-0.44,-0.45,-0.54,-0.59,\N,4,\N,2019-07-06 16:12:05
SRI,Capital Goods,Auto Parts:O.E.M.,880.64,31.46,28.463,1.10529,79,1.05,47,0.46,0.52,0.46,0.41,0.33,-0.684211,44,\N,2019-07-06 16:12:19
STOR,Consumer Services,Real Estate Investment Trusts,7780,34.11,32.603,1.04621,64,13.55,94,0.26,0.31,0.23,0.26,0.2,-0.545455,47,\N,2019-07-06 16:12:33
SYK,Health Care,Medical/Dental Instruments,76180,208.56,185.532,1.12412,82,5.62,84,1.16,1.19,1.55,5.44,1.09,-0.016092,65,\N,2019-07-06 16:12:48
MSC,Consumer Services,Hotels/Resorts,676.73,20.55,17.317,1.18668,91,\N,2,\N,\N,\N,\N,\N,\N,3,'decimal' codec can't encode character u'u2014' in position 0: invalid decimal Unicode string,\N
RGR,Capital Goods,Ordnance And Accessories,928.77,54.98,53.845,1.02107,55,2.01,60,0.81,0.86,0.52,0.69,0.74,-0.205882,56,\N,2019-07-06 16:13:15
SPH,Consumer Services,Other Specialty Stores,1490,23.96,22.635,1.05854,67,1.12,48,1.73,-0.27,-0.83,0.45,1.49,-0.09375,61,\N,2019-07-06 16:13:29
SMFG,Finance,Commercial Banks,48210,7.07,7.1,0.995828,46,\N,2,\N,\N,\N,\N,\N,\N,3,could not convert string to float: N/A,\N
INN,Consumer Services,Real Estate Investment Trusts,1170,11.63,11.395,1.02061,55,2.16,61,0.01,0.32,0.33,0.02,0.09,0.25,80,\N,2019-07-06 16:13:44
SUM,Basic Industries,Mining & Quarrying of Nonmetallic Minerals (No Fue,1870,19.36,16.048,1.20641,92,1.02,46,-0.49,0.32,0.64,-0.17,-0.62,-0.103175,60,\N,2019-07-06 16:13:59
SMLP,Public Utilities,Natural Gas Distribution,571.42,7.53,9.839,0.765327,13,1.18,49,-0.18,-0.79,0.64,0.39,-0.58,-0.27972,54,\N,2019-07-06 16:14:13
SUI,Consumer Services,Real Estate Investment Trusts,11160,133.01,117.83,1.12883,83,10.5,92,0.38,0.25,0.56,0.11,0.4,0.0444444,70,\N,2019-07-06 16:14:27
SLF,Finance,Life Insurance,24260,42.2,38.445,1.09767,77,\N,2,\N,\N,\N,\N,\N,\N,3,could not convert string to float: N/A,\N
SXCP,Basic Industries,Steel/Iron Ore,551.95,12.41,12.539,0.989718,44,\N,2,\N,\N,\N,\N,\N,\N,3,could not convert string to float: N/A,\N
SXC,Basic Industries,Steel/Iron Ore,542.94,8.26,8.934,0.924514,29,0.37,31,0.13,0.06,0.18,0.03,0.15,0.133333,75,\N,2019-07-06 16:14:43
SU,Energy,Integrated oil Companies,49370,31.45,32.145,0.978373,41,\N,2,\N,\N,\N,\N,\N,\N,3,could not convert string to float: N/A,\N
STG,Consumer Services,Other Consumer Services,389.9,2.4,3.6,0.666712,9,\N,2,\N,\N,\N,\N,\N,\N,3,could not convert string to float: N/A,\N
SUN,Energy,Oil Refining/Marketing,2550,32.4,30.211,1.07247,71,0.16,25,-3.74,0.58,1.12,-1.11,1.07,0.989712,97,\N,2019-07-06 16:15:16
SHO,Consumer Services,Hotels/Resorts,3030,13.82,14.226,0.971485,39,2.78,67,0.15,0.2,0.38,0.32,0.06,-0.28125,54,\N,2019-07-06 16:15:32
STI,Finance,Major Banks,27460,63.96,61.781,1.03528,60,3.16,70,1.29,1.49,1.56,1.4,1.24,-0.15625,58,\N,2019-07-06 16:15:46
SPN,Energy,Oilfield Services/Equipment,199.62,1.25,3.534,0.353748,3,0.1,23,-0.39,-0.17,-0.14,-4.85,-0.31,\N,3,\N,2019-07-06 16:16:00
SUP,Capital Goods,Auto Parts:O.E.M.,82.88,3.59,4.918,0.730003,11,0.06,23,0.07,0.09,-0.37,0.61,-0.24,-0.316327,53,\N,2019-07-06 16:16:14
SUZ,Basic Industries,Paper,11700,17.2,21.451,0.801839,15,\N,2,\N,\N,\N,\N,\N,\N,3,could not convert string to float: N/A,\N
SWCH,Technology,Computer Software: Programming\, Data Processing,3210,13.3,10.29,1.29246,96,7.87,89,0.02,0.02,0,0.05,0.01,-0.2,56,\N,2019-07-06 16:16:28
SYF,Finance,Finance: Consumer Services,23370,35.61,31.925,1.11543,81,2.92,68,0.83,0.92,0.91,1.09,1.56,1,98,\N,2019-07-06 16:16:41
SNX,Technology,Retail: Computer Software & Peripheral Equipment,4710,102.02,96.696,1.05505,66,0.24,27,2.34,1.74,2.41,1.69,2.23,-0.152778,58,\N,2019-07-06 16:16:55
SNV,Finance,Major Banks,5240,35.06,35.599,0.984853,42,3.78,75,0.84,0.91,0.84,0.87,0.72,-0.631579,45,\N,2019-07-06 16:17:10
SYY,Consumer Non-Durables,Food Distributors,36850,71.75,68.125,1.05321,66,0.62,38,0.63,0.85,0.81,0.51,0.85,0.647059,91,\N,2019-07-06 16:17:23
SYX,Capital Goods,Industrial Machinery/Components,794.61,21.16,22.352,0.946666,34,0.88,43,0.38,0.48,4.72,0.35,0.25,-0.0290828,64,\N,2019-07-06 16:17:36
DATA,Technology,Computer Software: Prepackaged Software,14210,169.82,129.902,1.30729,96,12.44,94,-0.57,-0.15,-0.26,0.03,-1.04,-0.439252,49,\N,2019-07-06 16:17:49
TLRD,Consumer Services,Clothing/Shoe/Accessory Stores,294.53,5.71,9.329,0.612069,7,0.09,23,0.27,0.97,0.27,0.12,0.14,-0.152941,58,\N,2019-07-06 16:18:03
TSM,Technology,Semiconductors,201840,39.93,39.645,1.00718,50,\N,2,\N,\N,\N,\N,\N,\N,3,could not convert string to float: N/A,\N
TAK,Health Care,Major Pharmaceuticals,54590,17.84,19.048,0.936573,31,\N,2,\N,\N,\N,\N,\N,\N,3,could not convert string to float: N/A,\N
TAL,Consumer Services,Other Consumer Services,21490,38.25,34.288,1.11556,81,8.82,91,0.12,0.11,0.13,0.21,0.17,0.5,87,\N,2019-07-06 16:18:19
TGE,Public Utilities,Natural Gas Distribution,5750,21.69,23.613,0.918554,28,7.78,89,0.29,0.02,0.38,0.42,0.31,0.05,70,\N,2019-07-06 16:18:34
TALO,Energy,Oil & Gas Production,1200,25.41,23.816,1.06693,69,\N,2,\N,\N,\N,\N,\N,\N,3,'decimal' codec can't encode character u'u2014' in position 0: invalid decimal Unicode string,\N
SKT,Consumer Services,Real Estate Investment Trusts,1490,16.34,19.663,0.831019,18,3.11,70,0.24,0.24,-0.24,0.21,0.66,0.466667,87,\N,2019-07-06 16:19:01
TPR,Consumer Non-Durables,Apparel,8760,30.24,33.026,0.91565,28,1.46,53,0.48,0.73,0.42,0.88,0.4,-0.166667,58,\N,2019-07-06 16:19:15
TRGP,Public Utilities,Natural Gas Distribution,8660,40.25,40.649,0.990173,44,0.91,44,-0.03,0.35,-0.24,-0.61,-0.3,-0.28125,54,\N,2019-07-06 16:19:29
TGT,Consumer Services,Department/Specialty Retail Stores,43910,88.64,77.062,1.15024,87,0.6,37,1.33,1.49,1.17,1.52,1.53,0.555556,89,\N,2019-07-06 16:19:43
TARO,Health Care,Major Pharmaceuticals,3280,84.5,98.48,0.858039,21,4.86,82,2.17,1.71,1.6,2.4,1.52,-0.738636,43,\N,2019-07-06 16:20:13
TTM,Capital Goods,Auto Manufacturing,7770,11.64,12.998,0.895506,25,\N,2,\N,\N,\N,\N,\N,\N,3,could not convert string to float: N/A,\N
TCO,Consumer Services,Real Estate Investment Trusts,2520,41.1,49.01,0.838596,19,3.93,76,0.3,0.25,0.34,0.05,0.25,-0.172414,58,\N,2019-07-06 16:20:28
TMHC,Capital Goods,Homebuilding,2070,21.14,18.887,1.11926,82,0.53,35,0.41,0.52,0.83,0.08,0.46,0.0666667,71,\N,2019-07-06 16:20:43
TRP,Public Utilities,Natural Gas Distribution,45830,49.84,45.409,1.09759,77,\N,2,\N,\N,\N,\N,\N,\N,3,could not convert string to float: N/A,\N
TCP,Public Utilities,Natural Gas Distribution,2690,38.76,35.033,1.10639,79,3.97,76,1.32,1,0.79,-5.8,1.28,-0.00561798,65,\N,2019-07-06 16:20:59
TCF,Finance,Major Banks,3260,21.35,21.284,1.00311,48,2.51,64,0.39,0.34,0.51,0.51,0.42,0.176471,76,\N,2019-07-06 16:21:14
TEL,Technology,Electronic Components,31850,95.39,85.618,1.11414,81,2.32,63,1.38,1.29,4.75,0.8,1.29,-0.0227848,65,\N,2019-07-06 16:21:28
TISI,Consumer Services,Other Consumer Services,446.15,15.04,15.929,0.944176,33,0.38,31,-0.6,-1.08,-0.76,0.27,-0.8,-0.148148,59,\N,2019-07-06 16:21:42
FTI,Energy,Metal Fabrications,11160,25.15,23.137,1.08701,75,0.91,44,0.2,0.23,0.3,-5,0.05,-0.0283019,64,\N,2019-07-06 16:21:56
TECK,Basic Industries,Mining & Quarrying of Nonmetallic Minerals (No Fue,12620,22.08,22.461,0.983048,42,\N,2,\N,\N,\N,\N,\N,\N,3,could not convert string to float: N/A,\N
TK,Transportation,Marine Transportation,311.12,3.38,3.798,0.890028,24,0.2,26,-0.21,-0.28,-0.12,-0.18,-0.84,\N,3,\N,2019-07-06 16:22:13
TGP,Consumer Services,Marine Transportation,1060,14.33,13.863,1.03369,60,2.1,61,-0.16,-0.05,0.24,0,0.19,0.875,96,\N,2019-07-06 16:22:27
TOO,Consumer Services,Marine Transportation,467.86,1.37,1.262,1.08546,75,0.4,32,0.03,-0.43,-0.11,0.12,0.03,0,66,\N,2019-07-06 16:22:41
TNK,Consumer Services,Marine Transportation,293.21,1.28,1.082,1.18293,90,0.42,32,-0.07,-0.1,-0.07,0.04,0.05,0.8,94,\N,2019-07-06 16:22:55
GCI,Consumer Services,Newspapers/Magazines,924.18,8.48,9.761,0.868723,22,0.34,30,0,0.14,0.11,-0.13,-0.1,-0.37037,51,\N,2019-07-06 16:23:10
TGNA,Consumer Services,Broadcasting,3180,15.68,14.039,1.11688,81,1.53,54,0.25,0.43,0.45,0.74,0.34,0.183673,77,\N,2019-07-06 16:23:23
TRC,Finance,Real Estate,432.02,18.15,17.702,1.02532,57,11,93,0.06,-0.04,0.13,0.01,0,-0.352941,52,\N,2019-07-06 16:23:37
TDOC,Health Care,Medical/Nursing Services,4350,68.28,59.637,1.14494,86,10.7,93,-0.39,-0.4,-0.34,-0.35,-0.43,\N,3,\N,2019-07-06 16:23:50
TLRA,Technology,Advertising,320.72,7.48,5.833,1.28233,95,5.88,85,-0.12,-0.06,-0.03,0.03,-0.1,0.133333,74,\N,2019-07-06 16:24:05
TEO,Public Utilities,Telecommunications Equipment,7680,17.74,15.494,1.14498,86,\N,2,\N,\N,\N,\N,\N,\N,3,could not convert string to float: N/A,\N
TI,Consumer Services,Telecommunications Equipment,120.77,5.63,5.589,1.0074,50,\N,2,\N,\N,\N,\N,\N,\N,3,could not convert string to float: N/A,\N
TDY,Capital Goods,Industrial Machinery/Components,9640,277.21,238.476,1.16243,88,3.48,72,1.81,2.32,2.43,2.45,2.02,0.328125,83,\N,2019-07-06 16:24:21
TFX,Health Care,Medical/Dental Instruments,15510,334.15,290.984,1.14835,86,6.3,86,1.2,-0.05,1.21,1.93,0.87,-0.166667,58,\N,2019-07-06 16:24:34
VIV,Public Utilities,Telecommunications Equipment,21830,13.26,12.383,1.07083,71,\N,2,\N,\N,\N,\N,\N,\N,3,could not convert string to float: N/A,\N
TEF,Public Utilities,Telecommunications Equipment,42990,8.4,8.435,0.995837,46,\N,2,\N,\N,\N,\N,\N,\N,3,could not convert string to float: N/A,\N
TDS,Public Utilities,Telecommunications Equipment,3590,31.61,32.565,0.970677,39,0.7,39,0.34,0.29,0.41,0.14,0.5,0.444444,86,\N,2019-07-06 16:25:06
TU,Public Utilities,Telecommunications Equipment,22060,37.55,36.141,1.03899,61,\N,2,\N,\N,\N,\N,\N,\N,3,could not convert string to float: N/A,\N
TPX,Consumer Durables,Home Furnishings,3950,74.94,59.454,1.26046,95,1.49,54,0.42,0.42,0.77,0.22,0.51,0.163636,76,\N,2019-07-06 16:25:22
TS,Basic Industries,Steel/Iron Ore,14990,26.44,26.164,1.01055,51,2.03,60,0.4,0.29,0.42,0.38,0.41,0.0769231,71,\N,2019-07-06 16:25:36
TME,Consumer Services,Broadcasting,23690,15.46,15.806,0.978089,40,\N,2,\N,\N,\N,\N,\N,\N,3,could not convert string to float: N/A,\N
THC,Health Care,Hospital/Nursing Management,2100,19.35,23.571,0.820924,17,0.11,24,0.96,0.25,-0.09,-0.05,-0.18,-1,37,\N,2019-07-06 16:25:50
TNC,Technology,Industrial Machinery/Components,1120,61.13,60.898,1.00381,48,1.01,46,0.18,0.69,0.52,0.42,0.29,0.215686,79,\N,2019-07-06 16:26:05
TEN,Capital Goods,Auto Parts:O.E.M.,589.52,10.37,23.488,0.441502,4,0.06,23,1.13,0.98,1.05,-1.35,-1.44,-1,37,\N,2019-07-06 16:26:19
TDC,Technology,Computer Software: Prepackaged Software,4040,37.25,41.654,0.894273,25,2.05,60,-0.06,0.03,0.15,0.13,-0.09,-0.125,59,\N,2019-07-06 16:26:33
TEX,Capital Goods,Construction/Ag Equipment/Trucks,2210,29.06,31.065,0.935454,31,0.41,32,0.62,0.75,0.51,-0.45,-0.94,-0.923077,40,\N,2019-07-06 16:26:47
TX,Basic Industries,Steel/Iron Ore,4150,22.4,26.862,0.83388,18,0.39,32,1.9,1.7,2.5,1.79,1.1,-0.571429,46,\N,2019-07-06 16:27:01
TRNO,Finance,Real Estate,3010,49.72,42.72,1.16385,88,20.19,97,0.18,0.35,0.17,0.38,0.25,0.333333,83,\N,2019-07-06 16:27:15
TTI,Energy,Oil & Gas Production,194.69,1.59,2.135,0.744691,12,0.19,26,-0.46,-0.05,-0.06,0.04,-0.09,0.74,93,\N,2019-07-06 16:27:30
TEVA,Health Care,Major Pharmaceuticals,9620,9.47,14.656,0.64615,8,0.57,36,1.03,-0.24,-0.27,-2.85,-0.1,\N,3,\N,2019-07-06 16:27:44
TPL,Energy,Oil & Gas Production,6150,800,752.139,1.06363,68,14.4,95,5.6,6.73,6.52,8.07,18.04,1,98,\N,2019-07-06 16:27:59
TGH,Technology,Diversified Commercial Services,537.28,9.96,10.793,0.922816,29,0.82,42,0.33,0.3,0.03,0.21,0.3,-0.1,61,\N,2019-07-06 16:28:13
TXT,Capital Goods,Aerospace,12010,53.15,51.079,1.04054,62,0.9,43,0.72,0.87,2.26,1.02,0.76,0.025974,69,\N,2019-07-06 16:28:27
AES,Basic Industries,Electric Utilities: Central,11050,17.12,16.825,1.01756,54,1.07,47,1.03,0.44,0.15,0.19,0.23,-0.909091,41,\N,2019-07-06 16:28:40
BX,Finance,Investment Managers,52870,47.21,36.847,1.28125,95,8.16,90,0.53,1.09,0.64,-0.01,0.71,0.163636,76,\N,2019-07-06 16:28:54
SCHW,Finance,Investment Bankers/Brokers/Service,52370,40.86,44.165,0.925171,29,5.22,83,0.55,0.6,0.65,0.65,0.69,1,98,\N,2019-07-06 16:29:08
COO,Health Care,Ophthalmic Goods,16330,332.73,290.613,1.14492,86,6.35,86,1.23,2.03,2.02,2.07,2.45,1,97,\N,2019-07-06 16:29:23
THG,Finance,Property-Casualty Insurers,5250,129.61,118.547,1.09332,76,1.11,48,1.57,2.31,2.33,2.88,2.97,1,97,\N,2019-07-06 16:29:37
MSG,Consumer Services,Services-Misc. Amusement & Recreation,6470,284.82,290.847,0.979276,41,4.04,77,0.38,-1.94,-1.36,3.42,1.48,0.205224,78,\N,2019-07-06 16:29:51
RUBI,Technology,Computer Software: Programming\, Data Processing,326.19,6.42,5.633,1.13975,85,2.51,64,-0.56,-0.36,-0.27,-0.04,-0.24,\N,3,\N,2019-07-06 16:30:05
TRV,Finance,Property-Casualty Insurers,40010,154.09,136.327,1.13029,83,1.31,51,2.42,1.92,2.62,2.13,2.99,0.53271,89,\N,2019-07-06 16:30:35
TMO,Capital Goods,Industrial Machinery/Components,117410,300.65,262.646,1.1447,86,4.88,82,1.43,1.85,1.75,2.22,2.02,0.746835,93,\N,2019-07-06 16:30:50
THR,Energy,Industrial Machinery/Components,828.63,25.96,24.338,1.06664,69,2.05,60,0.18,0.09,0.1,0.29,0.2,0.1,72,\N,2019-07-06 16:31:03
TPRE,Finance,Property-Casualty Insurers,953.86,10.62,10.64,0.998099,46,1.85,58,-0.26,0.19,-0.14,-3.24,1.43,0.361884,84,\N,2019-07-06 16:31:17
TRI,Consumer Services,Publishing,32430,66.12,58.008,1.13985,85,5.85,85,-0.53,0.97,0.41,6.18,0.23,0.113264,73,\N,2019-07-06 16:31:31
THO,Consumer Non-Durables,Homebuilding,3150,58.22,61.614,0.944921,33,0.43,33,2.53,1.67,0.26,-0.1,0.59,-0.737643,43,\N,2019-07-06 16:31:46
TDW,Consumer Services,Marine Transportation,844.45,22.4,22.653,0.988846,43,1.96,59,-1.67,-0.44,-1.16,-2.83,-0.58,\N,3,\N,2019-07-06 16:32:00
TIF,Consumer Services,Consumer Specialties,11080,94.48,95.22,0.992232,45,2.6,65,1.14,1.17,0.77,1.67,1.03,-0.122222,60,\N,2019-07-06 16:32:14
TLYS,Consumer Services,Clothing/Shoe/Accessory Stores,227.61,7.94,10.871,0.730364,11,0.39,32,0.04,0.33,0.18,0.29,0.02,-0.0645161,62,\N,2019-07-06 16:32:29
TSU,Public Utilities,Telecommunications Equipment,7340,15.88,15.303,1.03771,61,\N,2,\N,\N,\N,\N,\N,\N,3,could not convert string to float: N/A,\N
TKR,Capital Goods,Metal Fabrications,3830,49.81,45.155,1.10308,78,1.05,47,1.02,1.16,0.91,0.77,1.19,0.404762,85,\N,2019-07-06 16:32:44
TMST,Basic Industries,Steel/Iron Ore,333.51,7.77,10.161,0.764672,13,0.23,27,-0.04,0.19,0.03,-0.89,0.09,0.12037,74,\N,2019-07-06 16:32:58
TWI,Basic Industries,Steel/Iron Ore,280.2,4.62,5.492,0.841261,19,0.17,25,0.23,0.02,-0.03,-0.22,0.02,-0.466667,49,\N,2019-07-06 16:33:12
TJX,Consumer Services,Clothing/Shoe/Accessory Stores,64330,54.43,51.428,1.05837,67,1.67,56,0.56,0.58,0.61,0.68,0.57,0.0833333,72,\N,2019-07-06 16:33:25
TOL,Capital Goods,Homebuilding,5150,36.79,36.571,1.00598,49,0.71,39,0.72,1.26,2.08,0.76,0.87,0.110294,73,\N,2019-07-06 16:33:39
TR,Consumer Non-Durables,Specialty Foods,1450,38.38,36.913,1.03975,62,4.76,81,0.13,0.16,0.41,0.19,0.14,0.0357143,69,\N,2019-07-06 16:33:54
BLD,Basic Industries,Engineering & Construction,2690,81.5,66.51,1.22538,93,1.1,47,0.74,0.76,1.19,1.1,1.09,0.777778,94,\N,2019-07-06 16:34:08
TMK,Finance,Life Insurance,9700,91.77,84.52,1.08578,75,2.34,63,1.49,1.59,1.55,1.45,1.65,0.8,94,\N,2019-07-06 16:34:22
TTC,Capital Goods,Tools/Hardware,7200,66.88,66.605,1.00413,48,2.58,65,1.21,0.73,0.36,0.55,1.07,-0.164706,58,\N,2019-07-06 16:34:35
TD,Finance,Commercial Banks,106050,59.41,55.729,1.06606,69,\N,1,\N,\N,\N,\N,\N,\N,3,could not convert string to float: N/A,\N
SHLL,Finance,Business Services,283.69,9.75,0,0,0,\N,1,\N,\N,\N,\N,\N,\N,3,could not convert string to float: N/A,\N
TOT,Energy,Oil & Gas Production,144580,55.37,55.065,1.00555,49,0.78,41,0.99,1.38,1.47,0.4,1.16,0.158879,76,\N,2019-07-06 16:34:50
TSS,Miscellaneous,Business Services,22430,131.16,100.799,1.3012,96,5.7,85,0.77,0.78,0.85,0.74,0.9,0.8125,94,\N,2019-07-06 16:35:05
TOWR,Capital Goods,Auto Parts:O.E.M.,387.09,19.02,23.07,0.824439,17,0.25,28,0.83,1.07,1.07,-0.65,-0.25,-0.627907,45,\N,2019-07-06 16:35:19
TSQ,Consumer Services,Broadcasting,99.55,5.61,5.663,0.990685,44,0.24,27,-1.44,0.05,0.34,-0.89,-0.26,0.662921,91,\N,2019-07-06 16:35:32
TM,Capital Goods,Auto Manufacturing,178430,126.57,121.499,1.04173,62,\N,1,\N,\N,\N,\N,\N,\N,3,could not convert string to float: N/A,\N
TPGH,Finance,Business Services,583.88,10.375,10.222,1.01497,53,\N,1,\N,\N,\N,\N,\N,\N,3,could not convert string to float: N/A,\N
TRTX,Consumer Services,Real Estate Investment Trusts,1440,19.52,19.609,0.995461,46,9.98,92,0.42,0.44,0.42,0.43,0.42,0,66,\N,2019-07-06 16:36:03
TAC,Public Utilities,Electric Utilities: Central,1830,6.33,6.184,1.02354,56,\N,1,\N,\N,\N,\N,\N,\N,3,could not convert string to float: N/A,\N
TCI,Consumer Services,Real Estate Investment Trusts,212.63,26.82,30.703,0.87354,22,2.37,63,-0.05,0.81,2.52,17.44,-0.64,-0.0326327,64,\N,2019-07-06 16:36:19
TDG,Capital Goods,Military/Government/Technical,25760,497.08,436.699,1.13827,85,6.27,86,3.53,3.91,4.11,3.05,3.6,0.0660377,71,\N,2019-07-06 16:36:33
RIG,Energy,Oil & Gas Production,3790,6.16,7.908,0.778911,14,1.21,49,-0.48,-2.46,-0.88,-0.41,-0.28,\N,3,\N,2019-07-06 16:36:46
TGS,Public Utilities,Natural Gas Distribution,412.16,14.73,13.86,1.0628,68,\N,1,\N,\N,\N,\N,\N,\N,3,could not convert string to float: N/A,\N
TRU,Finance,Finance: Consumer Services,13300,74.75,65.286,1.14496,86,5.77,85,0.38,0.29,0.24,0.53,0.37,-0.0344828,64,\N,2019-07-06 16:37:01
TREC,Energy,Integrated oil Companies,227.37,9.57,9.192,1.04114,62,0.84,42,0.09,0.09,-0.07,-0.22,0.07,-0.0645161,62,\N,2019-07-06 16:37:16
TG,Capital Goods,Metal Fabrications,529.62,16.7,16.88,0.989323,44,0.54,35,0.55,0.44,-1.03,0.79,0.6,0.0274725,69,\N,2019-07-06 16:37:30
THS,Consumer Non-Durables,Packaged Foods,3000,56.28,58.38,0.964035,37,0.56,36,-0.6,-0.36,0.1,-0.23,-0.49,0.157143,76,\N,2019-07-06 16:37:44
TREX,Basic Industries,Forest Products,3990,72.77,68.665,1.05979,68,6.15,86,0.62,0.73,0.5,0.43,0.54,-0.266667,54,\N,2019-07-06 16:37:58
TPH,Capital Goods,Homebuilding,1630,12.19,12.813,0.951385,35,0.56,36,0.28,0.42,0.43,0.7,0,-0.4,50,\N,2019-07-06 16:38:12
TRCO,Consumer Services,Broadcasting,4080,46.41,46.098,1.00678,49,2.02,60,1.6,0.96,0.61,1.5,1.27,-0.333333,52,\N,2019-07-06 16:38:25
TRNE,Finance,Business Services,365.06,9.78,0,0,0,\N,1,\N,\N,\N,\N,\N,\N,3,could not convert string to float: N/A,\N
TNET,Miscellaneous,Business Services,4700,69.15,58.192,1.18831,91,1.36,52,0.75,0.8,0.71,0.4,0.89,0.285714,81,\N,2019-07-06 16:38:40
TRN,Capital Goods,Railroads,2570,20.28,21.958,0.923594,29,1.02,46,0.26,0.43,0.19,0.19,0.23,-0.125,59,\N,2019-07-06 16:38:54
TSE,Basic Industries,Major Chemicals,1670,40.6,45.439,0.89351,25,0.37,31,2.71,2.24,1.72,-0.02,0.86,-0.677656,44,\N,2019-07-06 16:39:09
GTS,Finance,Accident &Health Insurance,533.31,25.03,22.578,1.10859,80,0.19,26,0.17,-1.68,-0.77,-0.48,1.52,0.421875,86,\N,2019-07-06 16:39:22
TRTN,Technology,Diversified Commercial Services,2390,33.01,32.42,1.01821,54,1.75,57,1,1.3,1.17,0.87,1.17,0.395349,85,\N,2019-07-06 16:39:36
TGI,Capital Goods,Aerospace,968.15,23.24,20.076,1.15758,88,0.37,31,-6.04,-1.54,-0.3,-0.62,-4.01,\N,3,\N,2019-07-06 16:39:50
TROX,Basic Industries,Major Chemicals,1690,12.95,11.39,1.13694,85,1.37,52,-0.36,0.29,0.05,-0.05,-0.27,0.138462,75,\N,2019-07-06 16:40:04
TBI,Technology,Professional Services,843.21,21.95,23.2,0.94613,33,0.35,30,0.22,0.44,0.61,0.37,0.21,-0.025,65,\N,2019-07-06 16:40:18
TNP,Transportation,Marine Transportation,273.33,3.36,3.202,1.04927,65,0.55,36,-0.21,-0.19,-0.28,-0.84,0.01,\N,3,\N,2019-07-06 16:40:32
TUFN,Technology,EDP Services,860.85,27.71,0,0,0,\N,1,\N,\N,\N,\N,\N,\N,3,could not convert string to float: ,\N
TUP,Consumer Non-Durables,Plastic Products,931.3,18.73,26.304,0.712072,10,0.45,33,0.7,1.26,0.79,0.35,0.76,0.0659341,71,\N,2019-07-06 16:41:17
TKC,Public Utilities,Telecommunications Equipment,4730,5.64,5.752,0.980609,41,\N,1,\N,\N,\N,\N,\N,\N,3,could not convert string to float: N/A,\N
TPB,Consumer Non-Durables,Tobacco,941.86,51.76,43.225,1.19745,91,2.89,68,0.15,0.47,0.4,0.25,0.33,0.5625,89,\N,2019-07-06 16:41:33
TRQ,Basic Industries,Precious Metals,2430,1.23,1.528,0.805086,16,1.93,59,0.04,0.09,0.03,0.05,0.06,0.333333,83,\N,2019-07-06 16:41:47
TPC,Basic Industries,General Bldg Contractors - Nonresidential Bldgs,660.37,14.53,16.996,0.854925,20,0.17,25,-0.24,0.49,0.42,0.98,-0.01,0.188525,77,\N,2019-07-06 16:42:01
TWLO,Technology,Computer Software: Prepackaged Software,17030,140.27,122.712,1.14308,86,23.49,97,-0.25,-0.25,-0.28,-0.47,-0.31,\N,3,\N,2019-07-06 16:42:14
TRWH,Consumer Services,Hotels/Resorts,1250,29.13,0,0,0,\N,1,\N,\N,\N,\N,\N,\N,3,'decimal' codec can't encode character u'u2014' in position 0: invalid decimal Unicode string,\N
TWTR,Technology,Computer Software: Programming\, Data Processing,26690,36.25,34.162,1.06112,68,8.81,91,0.08,0.13,1.02,0.33,0.25,0.180851,77,\N,2019-07-06 16:42:42
TWO,Consumer Services,Real Estate Investment Trusts,3470,12.77,13.519,0.944607,33,16.68,96,1.69,0.68,0.08,-2.31,-0.18,-0.4675,49,\N,2019-07-06 16:42:55
TYL,Technology,Computer Software: Prepackaged Software,8180,221.99,207.498,1.06984,70,8.86,91,0.95,0.97,0.96,0.79,0.69,-0.928571,40,\N,2019-07-06 16:43:08
TSN,Consumer Non-Durables,Meat/Poultry/Fish,29170,82.63,69.576,1.18763,91,0.74,40,0.85,1.47,1.47,1.5,1.17,0.492308,87,\N,2019-07-06 16:43:23
USB,Finance,Major Banks,82850,53.68,50.799,1.05672,67,4.09,77,0.96,1.02,1.06,1.1,1,0.285714,81,\N,2019-07-06 16:43:38
USPH,Health Care,Medical/Nursing Services,1520,125.02,111.429,1.12197,82,3.49,72,0.27,0.48,0.13,0.43,0.39,0.342857,83,\N,2019-07-06 16:43:52
SLCA,Basic Industries,Mining & Quarrying of Nonmetallic Minerals (No Fue,887.79,13,13.867,0.937476,32,0.62,38,0.39,0.22,0.08,-3.34,-0.26,-0.174263,58,\N,2019-07-06 16:44:05
USX,Transportation,Trucking Freight/Courier Services,241.11,5.3,6.845,0.774309,14,0.14,24,0.18,0.04,0.33,0.14,0.1,-0.275862,54,\N,2019-07-06 16:44:20
UBER,Technology,Computer Software: Prepackaged Software,73060,43.53,0,0,0,\N,1,\N,\N,\N,\N,\N,\N,3,could not convert string to float: ,\N
UBS,Finance,Major Banks,44690,12.14,12.439,0.975938,40,1.6,55,0.41,0.33,0.33,0.18,0.3,-0.478261,49,\N,2019-07-06 16:44:48
UDR,Consumer Services,Real Estate Investment Trusts,12710,46,44.171,1.0414,62,12.22,94,0.3,0.07,0.07,0.3,0.08,-0.956522,40,\N,2019-07-06 16:45:03
UGI,Public Utilities,Natural Gas Distribution,9410,52.9,53.9,0.981443,41,1.23,49,1.57,0.3,0.14,0.36,1.38,-0.132867,59,\N,2019-07-06 16:45:17
UGP,Public Utilities,Oil/Gas Transmission,5860,5.14,10.446,0.492039,5,\N,1,\N,\N,\N,\N,\N,\N,3,could not convert string to float: N/A,\N
UMH,Consumer Services,Real Estate Investment Trusts,497.84,12.75,13.372,0.953459,35,3.76,75,-0.76,0.4,-0.31,-0.86,0.15,0.722222,93,\N,2019-07-06 16:45:34
UA,Consumer Non-Durables,Apparel,9860,22.65,19.86,1.14047,85,2.1,61,-0.07,-0.21,0.17,0.01,0.05,0.315789,83,\N,2019-07-06 16:45:48
UAA,Consumer Non-Durables,Apparel,11230,25.9,22.211,1.16607,89,2.1,61,-0.07,-0.21,0.17,0.01,0.05,0.315789,83,\N,2019-07-06 16:46:02
UFI,Consumer Non-Durables,Textiles,313.02,18.79,20.532,0.915151,28,0.49,34,0.01,0.58,0.1,0.06,-0.08,-0.136364,59,\N,2019-07-06 16:46:17
UNF,Consumer Services,Other Consumer Services,3180,190.78,152.272,1.25289,94,2.06,60,1.85,1.81,1.99,2.48,2.46,0.910448,96,\N,2019-07-06 16:46:47
UN,Basic Industries,Package Goods/Cosmetics,160400,61.62,57.448,1.07263,71,\N,1,\N,\N,\N,\N,\N,\N,3,could not convert string to float: N/A,\N
UL,Basic Industries,Package Goods/Cosmetics,164210,63.27,57.346,1.10331,78,\N,1,\N,\N,\N,\N,\N,\N,3,could not convert string to float: N/A,\N
UNP,Transportation,Railroads,117760,170.03,165.723,1.02599,57,5.29,83,1.68,1.98,2.15,2.12,1.93,0.531915,89,\N,2019-07-06 16:47:04
UIS,Technology,EDP Services,517.16,9.85,11.532,0.85418,20,0.18,25,0.62,0.07,0.12,0.41,-0.38,-1,37,\N,2019-07-06 16:47:19
UNT,Energy,Oil & Gas Production,489.78,8.54,13.584,0.628686,7,0.57,36,0.15,0.11,0.36,-1.49,-0.07,-0.118919,60,\N,2019-07-06 16:47:33
UMC,Technology,Semiconductors,5040,2.21,1.95,1.13316,84,\N,1,\N,\N,\N,\N,\N,\N,3,could not convert string to float: N/A,\N
UNFI,Consumer Non-Durables,Food Distributors,450.1,9.58,12.335,0.776625,14,0.03,22,1.02,0.64,-0.38,-6.72,1.12,0.0127551,68,\N,2019-07-06 16:47:49
UPS,Transportation,Trucking Freight/Courier Services,67750,102.42,104.766,0.977608,40,1.23,49,1.55,1.71,1.73,0.52,1.28,-0.22314,56,\N,2019-07-06 16:48:04
URI,Technology,Diversified Commercial Services,10110,132.92,124.964,1.06366,69,1.24,50,2.15,3.2,4.01,3.8,2.19,0.0215054,68,\N,2019-07-06 16:48:17
USM,Public Utilities,Telecommunications Equipment,2510,47.04,49.411,0.952016,35,1.02,46,0.52,0.56,0.41,0.23,0.62,0.25641,80,\N,2019-07-06 16:48:30
X,Basic Industries,Steel/Iron Ore,2570,14.75,18.186,0.811069,16,0.18,25,0.1,1.2,1.62,3.34,0.31,0.0648148,71,\N,2019-07-06 16:48:45
UTX,Capital Goods,Aerospace,111330,132.54,126.589,1.04701,64,1.64,56,1.62,2.56,1.54,0.83,1.56,-0.0346821,64,\N,2019-07-06 16:49:00
UNH,Health Care,Medical Specialities,235360,246.99,247.552,0.997729,46,1.01,46,2.87,2.98,3.24,3.1,3.56,1,97,\N,2019-07-06 16:49:17
UTL,Public Utilities,Power Generation,910.5,60.54,54.657,1.10763,79,2,60,1.06,0.24,0.19,0.74,1.78,0.45283,86,\N,2019-07-06 16:49:30
UNVR,Consumer Durables,Specialty Chemicals,3560,21.88,21.619,1.01207,51,0.43,33,0.46,0.4,0.35,0.01,-0.43,-1,37,\N,2019-07-06 16:49:44
UVV,Consumer Services,Farming/Seeds/Milling,1520,61.33,56.833,1.07912,73,0.69,39,1.2,0.52,1.24,1.11,1.24,0.0555556,70,\N,2019-07-06 16:49:59
UHT,Consumer Services,Real Estate Investment Trusts,1180,88.66,76.741,1.15532,88,15.52,95,0.7,0.42,0.32,0.32,0.31,-1,37,\N,2019-07-06 16:50:14
UHS,Health Care,Hospital/Nursing Management,11600,131.38,128.492,1.02248,56,1.09,47,2.36,2.39,1.84,1.7,2.57,0.241379,79,\N,2019-07-06 16:50:28
UVE,Finance,Property-Casualty Insurers,970.49,28.96,32.535,0.890117,24,1.15,48,1.12,1.29,1.04,-0.19,1.14,0.0135135,68,\N,2019-07-06 16:50:42
UTI,Consumer Services,Other Consumer Services,84.14,3.7,3.475,1.0646,69,0.29,29,-0.4,-0.52,-0.49,-0.36,-0.26,\N,3,\N,2019-07-06 16:50:57
UNM,Finance,Accident &Health Insurance,6870,34.6,34.584,1.00045,47,0.63,38,1.23,1.29,-1.3,1.15,1.31,0.0306513,69,\N,2019-07-06 16:51:11
UE,Finance,Real Estate,2080,17.38,18.663,0.931259,30,5.07,83,0.18,0.47,0.21,0.06,0.22,0.097561,72,\N,2019-07-06 16:51:25
UBA,Consumer Services,Real Estate Investment Trusts,843.49,21.33,21.222,1.00507,49,5.98,85,0.23,0.14,0.13,0.15,0.15,-0.8,42,\N,2019-07-06 16:51:39
UBP,Consumer Services,Real Estate Investment Trusts,679.65,17.1,16.84,1.01541,53,5.89,85,0.23,0.14,0.13,0.15,0.15,-0.8,42,\N,2019-07-06 16:51:53
USFD,Consumer Non-Durables,Food Distributors,7810,36.67,35.273,1.0396,62,0.33,30,0.31,0.58,0.52,0.46,0.32,0.037037,69,\N,2019-07-06 16:52:22
USAC,Public Utilities,Natural Gas Distribution,1710,18.09,16.178,1.11816,82,2.57,65,-0.23,-0.64,-0.1,0.01,-0.02,0.323077,83,\N,2019-07-06 16:52:36
USNA,Consumer Durables,Specialty Chemicals,1820,61.53,91.512,0.672372,9,1.23,49,1.19,1.36,1.24,1.32,1.01,-0.514286,48,\N,2019-07-06 16:52:51
USDP,Transportation,Railroads,290.45,11.75,10.973,1.07077,71,2.76,66,0.24,0.25,0.21,0.07,0.04,-0.952381,40,\N,2019-07-06 16:53:05
VFC,Consumer Non-Durables,Apparel,33920,87.81,81.956,1.07143,71,2.52,64,0.63,0.4,1.26,1.16,0.32,-0.329787,52,\N,2019-07-06 16:53:19
EGY,Energy,Oil & Gas Production,101.06,1.66,2,0.829905,18,1,46,0.15,0.01,1.28,0.17,0.1,-0.0393701,64,\N,2019-07-06 16:53:33
MTN,Consumer Services,Services-Misc. Amusement & Recreation,8980,223.08,213.618,1.04429,63,4.01,77,6.17,-2.07,-2.66,5.02,7.12,0.097137,72,\N,2019-07-06 16:53:46
VALE,Basic Industries,Precious Metals,68360,13.12,12.9,1.01702,54,\N,1,\N,\N,\N,\N,\N,\N,3,could not convert string to float: N/A,\N
VLO,Energy,Integrated oil Companies,34060,81.84,82.391,0.993308,45,0.31,29,1.09,1.96,2.01,2.24,0.34,-0.394737,51,\N,2019-07-06 16:54:01
VHI,Basic Industries,Major Chemicals,885.27,2.55,2.69,0.948117,34,0.47,34,0.26,0.03,0.42,0.06,0.05,-0.538462,47,\N,2019-07-06 16:54:16
VMI,Capital Goods,Metal Fabrications,2610,127.74,126.459,1.01013,50,1.02,46,1.72,1.46,0.2,0.8,1.66,-0.0394737,64,\N,2019-07-06 16:54:30
VVV,Basic Industries,Major Chemicals,3560,20.47,19.161,1.06829,70,1.66,56,0.33,0.33,0.23,0.28,0.33,0.00000000000000222045,67,\N,2019-07-06 16:54:43
VAPO,Health Care,Medical/Dental Instruments,368.44,20.95,18.368,1.14058,85,\N,1,\N,\N,\N,\N,\N,\N,3,'decimal' codec can't encode character u'u2014' in position 0: invalid decimal Unicode string,\N
VAR,Health Care,Biotechnology: Electromedical & Electrotherapeutic,12310,139.44,132.235,1.05449,66,4.18,78,0.79,0.79,1.26,1.12,0.96,0.361702,84,\N,2019-07-06 16:55:10
VGR,Consumer Non-Durables,Farming/Seeds/Milling,1380,9.74,10.397,0.936827,32,0.98,45,0.04,0.11,0.07,0.14,0.08,0.4,85,\N,2019-07-06 16:55:23
VEC,Consumer Services,Diversified Commercial Services,437.39,41.45,31.425,1.31901,97,0.37,31,0.54,0.81,0.86,0.89,0.62,0.228571,79,\N,2019-07-06 16:55:38
VEDL,Capital Goods,Metal Fabrications,9130,9.68,9.989,0.96908,38,\N,1,\N,\N,\N,\N,\N,\N,3,could not convert string to float: N/A,\N
VEEV,Technology,Computer Software: Prepackaged Software,23140,170.05,129.722,1.31088,97,27.48,97,0.29,0.32,0.41,0.45,0.47,1,97,\N,2019-07-06 16:55:52
VNTR,Basic Industries,Major Chemicals,540.25,5.28,5.357,0.985622,42,0.26,28,0.73,1.84,-3.46,-0.65,-0.03,-0.143396,59,\N,2019-07-06 16:56:05
VTR,Consumer Services,Real Estate Investment Trusts,25770,69.79,63.233,1.10369,79,6.97,88,0.22,0.46,0.28,0.17,0.35,0.448276,86,\N,2019-07-06 16:56:20
VNE,Capital Goods,Auto Parts:O.E.M.,1940,16.55,24.065,0.687717,9,0.87,43,-0.37,-0.72,-0.78,-1.31,-1.57,\N,2,\N,2019-07-06 16:56:33
VER,Consumer Services,Real Estate Investment Trusts,8980,9.16,8.321,1.10079,78,7.07,88,0.01,-0.09,-0.09,0.01,0.05,0.285714,81,\N,2019-07-06 16:56:48
VRTV,Consumer Services,Paper,293.38,18.35,26.446,0.693878,10,0.03,22,-1,-0.67,0.09,0.57,-1.68,-0.302222,53,\N,2019-07-06 16:57:03
VZ,Public Utilities,Telecommunications Equipment,239870,58.31,57.118,1.02087,55,1.84,58,1.11,1,1.19,0.47,1.22,0.146667,75,\N,2019-07-06 16:57:16
VET,Energy,Oil & Gas Production,3340,21.71,23.753,0.913982,27,\N,1,\N,\N,\N,\N,\N,\N,2,could not convert string to float: N/A,\N
VRS,Basic Industries,Paper,638.06,19.23,21.554,0.892163,25,0.25,28,-0.06,0.03,2.45,2.44,1.03,0.434263,86,\N,2019-07-06 16:57:47
VSM,Basic Industries,Major Chemicals,5610,51.62,45.559,1.13304,84,4.13,77,0.56,0.58,0.49,0.56,0.46,-0.833333,42,\N,2019-07-06 16:58:01
VVI,Miscellaneous,Business Services,1330,68.4,58.078,1.17772,90,1.06,47,-0.47,1.15,1.83,-0.12,-0.89,-0.154412,58,\N,2019-07-06 16:58:16
VICI,Consumer Services,Real Estate Investment Trusts,8960,22.32,21.694,1.02884,58,10.26,92,0.33,0.38,0.35,0.37,0.37,0.8,94,\N,2019-07-06 16:58:30
VNCE,Consumer Services,Clothing/Shoe/Accessory Stores,151.52,14.34,12.937,1.10843,79,0.6,37,-0.49,-0.33,0.57,0.06,-0.6,-0.0940171,61,\N,2019-07-06 16:58:45
VIPS,Consumer Services,Catalog/Specialty Distribution,5280,8.69,7.57,1.14788,86,\N,1,\N,\N,\N,\N,\N,\N,2,could not convert string to float: N/A,\N
V,Miscellaneous,Business Services,374310,176.66,154.228,1.14545,86,18.36,96,1.11,1,1.23,1.3,1.31,0.645161,91,\N,2019-07-06 16:59:00
VSH,Capital Goods,Electrical Products,2270,16.38,18.705,0.875696,23,0.77,41,0.39,0.65,0.51,0.69,0.52,0.433333,86,\N,2019-07-06 16:59:14
VPG,Capital Goods,Electrical Products,510.68,40.6,35.676,1.13801,85,1.81,58,0.37,0.57,0.56,0.25,0.61,0.666667,91,\N,2019-07-06 16:59:27
VSTO,Capital Goods,Ordnance And Accessories,475.08,8.82,9.204,0.958322,36,0.25,28,-0.28,-0.91,-0.57,-8.94,-0.84,\N,2,\N,2019-07-06 16:59:41
VST,Public Utilities,Electric Utilities: Central,11280,22.54,25.007,0.901341,26,0.96,45,-0.71,0.2,0.61,-0.37,0.44,0.871212,95,\N,2019-07-06 16:59:56
VSI,Consumer Non-Durables,Food Chains,86.86,3.75,5.451,0.687958,9,0.08,23,-0.17,0.3,-0.07,-0.23,0.15,0.603774,90,\N,2019-07-06 17:00:10
VSLR,Capital Goods,Building Products,839.46,7.99,5.51,1.45001,99,3.31,71,-0.11,0.15,-0.07,-0.11,-0.22,-0.297297,53,\N,2019-07-06 17:00:24
VMW,Technology,Computer Software: Prepackaged Software,69920,169.18,174.551,0.969229,39,7.5,89,2.29,1.56,0.81,1.21,1.21,-0.72973,43,\N,2019-07-06 17:00:38
VOC,Energy,Oil & Gas Production,81.94,5.18,5.118,1.01216,51,6.51,87,0.11,0.18,0.2,0.22,0.14,0.272727,81,\N,2019-07-06 17:00:51
VCRA,Capital Goods,Telecommunications Equipment,965.18,31.74,33.711,0.941545,32,5.66,84,-0.16,-0.12,-0.01,-0.04,-0.38,\N,2,\N,2019-07-06 17:01:05
VG,Public Utilities,Telecommunications Equipment,2740,12.61,10.24,1.23146,93,2.84,67,0.1,0.03,0.04,-0.03,0,-0.769231,43,\N,2019-07-06 17:01:19
VNO,Consumer Services,Real Estate Investment Trusts,12320,65.52,66.973,0.978307,41,5.71,85,-0.09,0.58,1,0.53,0.95,0.954128,97,\N,2019-07-06 17:01:33
VJET,Capital Goods,Industrial Machinery/Components,44.49,1.89,2.031,0.930685,30,\N,1,\N,\N,\N,\N,\N,\N,2,could not convert string to float: N/A,\N
VOYA,Finance,Life Insurance,7580,56.88,50.486,1.12666,83,0.93,44,2.5,0.96,0.87,0.76,0.42,-1,37,\N,2019-07-06 17:01:48
VMC,Basic Industries,Mining & Quarrying of Nonmetallic Minerals (No Fue,17750,139.76,118.168,1.18272,90,4.08,77,0.39,1.19,1.34,0.93,0.48,0.0947368,72,\N,2019-07-06 17:02:03
WTI,Energy,Oil & Gas Production,634.3,4.57,5.357,0.853086,20,1.15,48,0.19,0.25,0.32,0.96,-0.34,-0.407692,50,\N,2019-07-06 17:02:17
WPC,Consumer Services,Real Estate Investment Trusts,14320,82.98,77.144,1.07566,72,14.02,95,0.6,0.7,0.71,1.33,0.41,-0.206522,56,\N,2019-07-06 17:02:31
WRB,Finance,Property-Casualty Insurers,12220,67.46,57.469,1.17385,89,1.6,55,0.87,0.93,0.84,0.69,0.94,0.28,81,\N,2019-07-06 17:02:44
GRA,Basic Industries,Major Chemicals,5010,79.2,74.196,1.06745,70,2.69,66,0.64,0.58,0.24,1.03,0.37,-0.341772,52,\N,2019-07-06 17:02:58
GWW,Consumer Services,Office Equipment/Supplies/Services,14830,269.53,288.042,0.93573,31,1.33,51,4.07,4.16,1.82,3.68,4.48,0.154135,76,\N,2019-07-06 17:03:27
WNC,Capital Goods,Construction/Ag Equipment/Trucks,869.09,15.56,14.455,1.07643,72,0.37,31,0.35,0.54,0.08,0.21,0.27,-0.173913,58,\N,2019-07-06 17:03:42
WBC,Capital Goods,Auto Manufacturing,6770,132.07,127.281,1.03762,61,1.8,58,1.87,1.95,1.41,2.2,1.64,-0.291139,53,\N,2019-07-06 17:03:56
WDR,Finance,Investment Bankers/Brokers/Service,1210,16.82,17.509,0.960648,37,1.13,48,0.56,0.55,0.58,0.6,0.42,-0.777778,42,\N,2019-07-06 17:04:11
WAGE,Miscellaneous,Business Services,2030,50.69,40.097,1.26419,95,4.36,79,0.27,0.27,0.05,0.05,0.1,-0.772727,43,\N,2019-07-06 17:04:25
WD,Finance,Finance: Consumer Services,1580,55.66,51.75,1.07555,72,2.28,62,1.16,1.28,1.17,1.44,1.39,0.821429,95,\N,2019-07-06 17:04:39
WMT,Consumer Services,Department/Specialty Retail Stores,316070,111.98,100.537,1.11381,81,0.62,37,0.72,-0.29,0.58,1.27,1.33,0.376543,84,\N,2019-07-06 17:04:53
DIS,Consumer Services,Services-Misc. Amusement & Recreation,251850,142.45,122.643,1.1615,88,4.29,79,1.95,1.95,1.55,1.86,3.55,0.8,94,\N,2019-07-06 17:05:08
HCC,Energy,Coal Mining,1290,25.51,27.776,0.918425,28,0.98,45,3.36,1.72,1,7.11,2.14,-0.199673,56,\N,2019-07-06 17:05:23
WPG,Consumer Services,Real Estate Investment Trusts,654.6,3.85,4.957,0.776712,14,1,46,0.07,0.05,0,0.29,-0.03,-0.3125,53,\N,2019-07-06 17:05:38
WCN,Public Utilities,Environmental Services,24980,96.89,87.347,1.10926,80,5.08,83,0.47,0.52,0.57,0.5,0.48,0.1,72,\N,2019-07-06 17:05:51
WM,Public Utilities,Environmental Services,49450,116.48,103.191,1.12878,83,3.28,71,0.91,1.15,1.16,1.24,0.81,-0.232558,55,\N,2019-07-06 17:06:06
WAT,Capital Goods,Biotechnology: Laboratory Analytical Instruments,14680,220.23,222.155,0.991333,44,6.37,86,1.4,1.98,1.83,2.46,1.51,0.103774,73,\N,2019-07-06 17:06:20
WSO,Consumer Durables,Industrial Machinery/Components,6060,163.73,150.521,1.08775,75,1.36,52,0.89,2.4,2.11,0.94,0.88,-0.00657895,65,\N,2019-07-06 17:06:35
WTS,Capital Goods,Metal Fabrications,2530,91.61,80.795,1.13386,84,1.98,59,0.82,1.05,0.92,0.85,0.91,0.391304,85,\N,2019-07-06 17:06:50
W,Consumer Services,Catalog/Specialty Distribution,13200,145.15,139.539,1.04021,62,1.82,58,-1.22,-1.13,-1.69,-1.59,-2.2,\N,2,\N,2019-07-06 17:07:04
WBS,Finance,Major Banks,4180,47.42,51.747,0.916385,28,3.71,74,0.85,0.86,1.06,1.05,1.06,1,97,\N,2019-07-06 17:07:17
WEC,Public Utilities,Power Generation,26790,85.02,77.273,1.10026,78,3.45,72,1.23,0.73,0.74,0.65,1.33,0.147059,75,\N,2019-07-06 17:07:33
WEI,Finance,Finance: Consumer Services,639.66,8.89,10.217,0.870078,22,\N,1,\N,\N,\N,\N,\N,\N,2,could not convert string to float: N/A,\N
WRI,Consumer Services,Real Estate Investment Trusts,3560,27.74,28.302,0.980133,41,6.84,87,1.13,0.61,0.34,0.46,0.39,-0.936709,40,\N,2019-07-06 17:07:47
WMK,Consumer Services,Food Chains,970.76,36.55,42.987,0.850258,20,0.28,28,0.6,0.71,0.53,0.49,0.53,-0.318182,53,\N,2019-07-06 17:08:01
WBT,Technology,Industrial Machinery/Components,2260,16.24,15.417,1.05337,66,\N,1,\N,\N,\N,\N,\N,\N,2,could not convert string to float: N/A,\N
WCG,Health Care,Medical Specialities,14600,282.55,266.851,1.05883,67,0.63,38,2.25,3.35,2.7,1.11,2.98,0.325893,83,\N,2019-07-06 17:08:17
WFC,Finance,Major Banks,207370,47.77,47.894,0.997405,46,2.56,65,0.96,0.98,1.13,1.21,1.2,0.96,97,\N,2019-07-06 17:08:32
WELL,Consumer Services,Real Estate Investment Trusts,33730,84.22,76.885,1.09541,77,7.09,88,1.17,0.41,0.17,0.27,0.71,-0.46,49,\N,2019-07-06 17:08:46
WAIR,Capital Goods,Wholesale Distributors,1040,11.07,8.965,1.23483,94,0.67,39,0.15,0.11,0.07,0.06,0.12,-0.333333,52,\N,2019-07-06 17:09:15
WCC,Consumer Non-Durables,Telecommunications Equipment,2240,50.39,52.409,0.961479,37,0.28,28,0.93,1.22,1.41,1.26,0.93,0,66,\N,2019-07-06 17:09:29
WST,Basic Industries,Specialty Chemicals,9010,124,111.206,1.11505,81,5.22,83,0.58,0.75,0.73,0.69,0.73,0.882353,96,\N,2019-07-06 17:09:42
WAL,Finance,Major Banks,4520,45.11,44.265,1.0191,54,4.83,82,0.96,0.99,1.05,1.13,1.16,1,97,\N,2019-07-06 17:09:56
WMC,Consumer Services,Real Estate Investment Trusts,483.21,9.96,9.97,0.998974,47,8.64,90,0.52,0.03,0.5,-0.37,0.58,0.0631579,71,\N,2019-07-06 17:10:11
WES,Public Utilities,Natural Gas Distribution,13570,31.95,31.193,1.02426,56,6.7,87,0.46,0.31,0.49,0.43,0.3,-0.842105,41,\N,2019-07-06 17:10:24
WU,Miscellaneous,Business Services,8590,20.35,18.753,1.08516,75,1.58,55,0.46,0.47,0.46,0.48,0.39,-0.777778,42,\N,2019-07-06 17:10:38
WAB,Capital Goods,Railroads,11150,73.74,71.498,1.03136,59,2.45,64,0.92,0.87,0.91,0.36,-0.04,-1,37,\N,2019-07-06 17:10:50
WLK,Basic Industries,Major Chemicals,8500,69.73,69.339,1.00564,49,1.05,47,2.2,2.12,2.35,0.95,0.55,-0.916667,40,\N,2019-07-06 17:11:04
WLKP,Basic Industries,Major Chemicals,856.13,24.18,22.988,1.05184,66,0.65,38,0.36,0.4,0.38,0.37,0.46,1,97,\N,2019-07-06 17:11:17
WBK,Finance,Commercial Banks,67780,19.92,18.891,1.05445,66,\N,1,\N,\N,\N,\N,\N,\N,2,could not convert string to float: N/A,\N
WRK,Consumer Durables,Containers/Packaging,8910,38.07,37.902,1.00444,48,0.56,36,4.38,0.86,1.03,1.08,0.54,-1,37,\N,2019-07-06 17:11:31
WHG,Finance,Investment Managers,282.32,33.84,34.687,0.975579,40,2.7,66,0.93,0.94,0.62,0.64,0.05,-0.988764,39,\N,2019-07-06 17:11:45
WEX,Miscellaneous,Business Services,8600,210.24,185.05,1.13613,84,5.98,85,1.12,0.9,1.31,0.49,0.37,-0.797872,42,\N,2019-07-06 17:11:59
WY,Consumer Services,Real Estate Investment Trusts,19040,26.61,25.263,1.05331,66,2.73,66,0.35,0.42,0.34,-0.12,-0.39,-0.91358,40,\N,2019-07-06 17:12:13
WPM,Basic Industries,Precious Metals,10970,23.46,21.743,1.07899,73,12.75,94,0.15,0.72,0.08,0.01,0.13,-0.028169,64,\N,2019-07-06 17:12:27
WHR,Consumer Durables,Consumer Electronics/Appliances,8720,144.66,132.88,1.08865,75,0.44,33,1.3,-9.5,3.22,2.64,7.31,0.357525,84,\N,2019-07-06 17:12:40
WTM,Finance,Property-Casualty Insurers,3260,1059.5,936.238,1.13166,84,4.37,79,-12.82,1.02,12.83,-43.24,89.64,0.771072,94,\N,2019-07-06 17:12:54
WSR,Consumer Services,Real Estate Investment Trusts,498.67,12.9,12.859,1.00322,48,4.22,78,0.07,0.04,0.19,0.21,0.07,0,66,\N,2019-07-06 17:13:09
WLL,Energy,Oil & Gas Production,1580,17.01,24.582,0.691964,9,0.79,41,0.16,0.02,1.32,2.22,-0.76,-0.308725,53,\N,2019-07-06 17:13:22
WOW,Consumer Services,Television Services,593.35,7.88,8.115,0.971046,39,0.58,36,-2.4,0.31,0.37,0.2,0.1,0.902527,96,\N,2019-07-06 17:13:36
WMB,Public Utilities,Natural Gas Distribution,32460,28.35,27.205,1.0421,63,3.97,76,0.18,0.16,0.13,-0.47,0.16,-0.0307692,64,\N,2019-07-06 17:13:50
WSM,Consumer Services,Home Furnishings,4930,64.84,56.395,1.14975,87,0.89,43,0.54,0.62,1,1.93,0.66,0.0863309,72,\N,2019-07-06 17:14:03
WGO,Consumer Non-Durables,Homebuilding,1180,38.38,32.619,1.17661,90,0.61,37,1.02,0.94,0.7,0.68,1.14,0.26087,81,\N,2019-07-06 17:14:18
WIT,Technology,EDP Services,26010,4.29,4.781,0.897275,25,\N,1,\N,\N,\N,\N,\N,\N,2,could not convert string to float: N/A,\N
WNS,Miscellaneous,Business Services,2940,59.68,53.115,1.12359,82,3.69,74,0.47,0.42,0.48,0.55,0.57,0.666667,91,\N,2019-07-06 17:14:48
WWW,Consumer Non-Durables,Shoe Manufacturing,2380,27.79,33.142,0.838525,19,1.11,48,0.48,0.57,0.6,0.4,0.43,-0.25,54,\N,2019-07-06 17:15:02
WF,Finance,Commercial Banks,8280,35.57,37.714,0.943163,33,\N,1,\N,\N,\N,\N,\N,\N,2,could not convert string to float: N/A,\N
WK,Technology,Computer Software: Prepackaged Software,1990,59.45,48.842,1.21719,93,10.55,92,-0.22,-0.5,-0.25,-0.17,-0.17,\N,2,\N,2019-07-06 17:15:16
INT,Energy,Oil Refining/Marketing,2290,36.07,28.895,1.2483,94,0.06,22,0.46,0.42,0.56,0.44,0.55,0.642857,91,\N,2019-07-06 17:15:30
WWE,Consumer Services,Movies/Entertainment,5630,75.15,82.537,0.910504,27,6.34,86,0.18,0.11,0.37,0.46,-0.11,-0.508772,48,\N,2019-07-06 17:15:44
WP,Miscellaneous,Business Services,38220,128.43,104.909,1.2242,93,9.88,92,-0.36,-0.01,0.01,0.36,0.12,0.666667,91,\N,2019-07-06 17:15:59
WOR,Capital Goods,Steel/Iron Ore,2130,40.1,37.627,1.06574,69,0.59,37,1.27,0.5,0.91,0.57,0.46,-1,37,\N,2019-07-06 17:16:13
WPP,Technology,Advertising,15570,62.6,58.266,1.07438,72,\N,1,\N,\N,\N,\N,\N,\N,2,could not convert string to float: N/A,\N
WPX,Energy,Oil & Gas Production,4630,10.88,12.417,0.876216,23,1.95,59,-0.3,-0.21,-0.01,0.87,-0.11,0.162393,76,\N,2019-07-06 17:16:28
WYND,Consumer Services,Hotels/Resorts,3930,45.59,42.314,1.07742,72,1.08,47,0.34,3.77,1.49,1.16,0.85,0.148688,75,\N,2019-07-06 17:16:43
WH,Consumer Services,Hotels/Resorts,5380,60.3,52.675,1.14475,86,4.32,79,0.39,0.21,0.58,0.43,0.22,-0.459459,49,\N,2019-07-06 17:16:59
XYF,Finance,Finance: Consumer Services,596.38,3.58,5.183,0.690702,9,\N,1,\N,\N,\N,\N,\N,\N,2,could not convert string to float: N/A,\N
XHR,Consumer Services,Hotels/Resorts,2340,21.38,20.306,1.05289,66,2.21,62,0.52,0.26,0.08,0.88,0.15,-0.4625,49,\N,2019-07-06 17:17:14
XRX,Technology,Computer peripheral equipment,7810,36.44,30.748,1.18514,90,0.85,42,0.08,0.42,0.34,0.56,0.55,0.979167,97,\N,2019-07-06 17:17:29
XIN,Basic Industries,Homebuilding,250.39,4.24,4.581,0.92561,29,0.1,23,-0.16,-0.11,0.62,2.26,0.66,0.338843,83,\N,2019-07-06 17:17:44
XPO,Consumer Services,Transportation Services,4790,56.71,57.178,0.991807,44,0.3,29,0.5,1.03,0.74,0.62,0.37,-0.19697,57,\N,2019-07-06 17:17:58
XYL,Capital Goods,Fluid Controls,14680,82.84,76.353,1.08497,74,2.85,67,0.43,0.64,0.72,1.24,0.43,-6.66134e-16,66,\N,2019-07-06 17:18:13
AUY,Basic Industries,Precious Metals,2350,2.53,2.395,1.05635,67,1.36,51,-0.17,0.02,-0.09,-0.06,0,0.894737,96,\N,2019-07-06 17:18:28
YELP,Consumer Services,Other Consumer Services,2530,34.92,35.326,0.988506,43,2.87,67,-0.03,0.12,0.17,0.37,0.02,0.125,74,\N,2019-07-06 17:18:42
YETI,Consumer Non-Durables,Recreational Products/Toys,2330,30.32,25.242,1.20118,92,\N,1,\N,\N,\N,\N,\N,\N,2,'decimal' codec can't encode character u'u2014' in position 0: invalid decimal Unicode string,\N
YEXT,Technology,EDP Services,2150,20.19,19.31,1.04555,64,9.12,91,-0.19,-0.22,-0.25,-0.15,-0.18,\N,2,\N,2019-07-06 17:19:10
YRD,Finance,Finance: Consumer Services,824.35,13.18,13.581,0.970463,39,\N,1,\N,\N,\N,\N,\N,\N,2,could not convert string to float: N/A,\N
YPF,Energy,Integrated oil Companies,7140,18.15,15.086,1.20308,92,\N,1,\N,\N,\N,\N,\N,\N,2,could not convert string to float: N/A,\N
YUMC,Consumer Services,Restaurants,17390,44.39,41.357,1.07334,71,1.98,59,0.72,0.36,0.51,0.19,0.57,-0.283019,54,\N,2019-07-06 17:19:27
YUM,Consumer Services,Restaurants,33750,110.24,99.509,1.10784,79,6.05,85,1.27,0.97,1.4,1.04,0.83,-0.77193,43,\N,2019-07-06 17:19:56
ZAYO,Public Utilities,Telecommunications Equipment,7770,33.17,29.223,1.13505,84,3.01,69,0.09,0.18,0.09,0.13,0.15,0.666667,91,\N,2019-07-06 17:20:11
ZEN,Technology,EDP Services,9620,91.94,79.61,1.15488,87,15.49,95,-0.28,-0.33,-0.32,-0.31,-0.41,\N,2,\N,2019-07-06 17:20:25
ZBH,Health Care,Industrial Specialties,23900,117.81,118.456,0.994543,45,3.06,69,0.85,0.9,0.79,-4.43,1.2,0.062167,71,\N,2019-07-06 17:20:39
ZTS,Health Care,Major Pharmaceuticals,54500,114.18,98.077,1.16418,88,9.24,91,0.72,0.79,0.71,0.71,0.65,-0.5,48,\N,2019-07-06 17:20:53
ZTO,Transportation,Trucking Freight/Courier Services,14930,19.87,18.542,1.0716,71,\N,1,\N,\N,\N,\N,\N,\N,2,could not convert string to float: N/A,\N
ZUO,Technology,Computer Software: Prepackaged Software,1650,16.11,20.056,0.80325,16,7.25,88,-0.43,-0.19,-0.17,-0.19,-0.19,\N,2,\N,2019-07-06 17:21:09
ZYME,Health Care,Major Pharmaceuticals,875.29,23.6,17.066,1.3829,98,14.74,95,-0.83,-0.22,-0.59,0.29,-0.43,0.357143,84,\N,2019-07-06 17:21:23
XXII,Consumer Non-Durables,Farming/Seeds/Milling,240.59,1.95,2.123,0.918455,28,9.14,91,0.01,-0.05,0.04,-0.07,-0.02,-0.272727,54,\N,2019-07-06 17:21:38
ACU,Capital Goods,Industrial Machinery/Components,74.48,21.39,18.465,1.15843,88,0.52,35,0.21,0.67,0.23,0.17,0.24,0.06,71,\N,2019-07-06 17:21:52
ATNM,Health Care,Major Pharmaceuticals,41.4,0.248,0.425,0.583268,6,\N,1,\N,\N,\N,\N,\N,\N,2,could not convert string to float: N/A,\N
AE,Energy,Oil Refining/Marketing,141.72,33.3,37.556,0.886682,24,0.08,23,0.27,0.86,0.48,-0.91,1.16,0.429952,86,\N,2019-07-06 17:22:08
ACY,Technology,Diversified Commercial Services,11.75,7.3,10.232,0.713433,11,0.38,31,0.22,-0.06,-3.16,-2.48,-0.85,\N,2,\N,2019-07-06 17:22:21
UAVS,Capital Goods,Aerospace,4.56,0.32,0.409,0.783112,14,38.75,98,-0.04,-0.07,-0.07,-0.11,-0.04,\N,2,\N,2019-07-06 17:22:36
AGE,Health Care,Major Pharmaceuticals,146.76,3.27,3.953,0.827241,17,\N,1,\N,\N,\N,\N,\N,\N,2,'decimal' codec can't encode character u'u2014' in position 0: invalid decimal Unicode string,\N
AIRI,Capital Goods,Military/Government/Technical,28.66,1.05,1.112,0.944452,33,0.62,37,0.05,0.01,-0.12,-0.25,-0.03,-0.266667,54,\N,2019-07-06 17:23:04
AXU,Basic Industries,Precious Metals,134.54,1.16,1.111,1.04368,63,\N,1,\N,\N,\N,\N,\N,\N,2,could not convert string to float: N/A,\N
ALO,Basic Industries,Precious Metals,65.22,0.8,0.751,1.06526,69,0.6,37,0.07,0.05,-0.04,-0.25,0.02,-0.15625,58,\N,2019-07-06 17:23:19
AAU,Basic Industries,Precious Metals,71.51,0.61,0.608,1.00364,48,\N,1,\N,\N,\N,\N,\N,\N,2,could not convert string to float: N/A,\N
APT,Health Care,Industrial Specialties,45.41,3.37,3.729,0.90367,26,0.94,44,0.04,0.07,0.11,0.05,0.09,0.714286,93,\N,2019-07-06 17:23:34
AAMC,Finance,Real Estate,23.05,12.6,26.688,0.472127,4,1.38,52,-2.75,-0.69,-0.75,-2.69,-0.56,\N,2,\N,2019-07-06 17:23:49
AMBO,Consumer Services,Other Consumer Services,83.68,3.46,5.384,0.642703,8,\N,1,\N,\N,\N,\N,\N,\N,2,could not convert string to float: N/A,\N
DIT,Consumer Non-Durables,Food Distributors,56.62,95.83,92.669,1.03411,60,0.06,22,0.49,1.18,1.59,1.99,2.45,1,97,\N,2019-07-06 17:24:05
AMS,Health Care,Medical Specialities,16.97,2.95,2.728,1.08146,74,0.85,42,0.07,0.05,0.03,0.03,0.05,-0.5,48,\N,2019-07-06 17:24:19
USAS,Basic Industries,Precious Metals,175.03,2.33,1.78,1.30904,96,2.71,66,0.01,0.03,-0.13,-0.16,-0.06,-0.368421,51,\N,2019-07-06 17:24:33
AMPE,Health Care,Major Pharmaceuticals,56.53,0.43,0.542,0.793492,15,\N,1,\N,\N,\N,\N,\N,\N,2,could not convert string to float: N/A,\N
ARMP,Health Care,Biotechnology: Biological Products (No Diagnostic ,35.86,3.86,3.793,1.01777,54,\N,1,\N,\N,\N,\N,\N,\N,2,could not convert string to float: N/A,\N
AKG,Basic Industries,Mining & Quarrying of Nonmetallic Minerals (No Fue,137.9,0.64,0.652,0.981733,41,\N,1,\N,\N,\N,\N,\N,\N,2,'decimal' codec can't encode character u'u2014' in position 0: invalid decimal Unicode string,\N
AINC,Consumer Services,Professional Services,78.46,27.8,51.838,0.536287,5,0.33,30,-2.84,0.93,0.18,-1.96,-1.13,0.453581,86,\N,2019-07-06 17:25:19
AUG,Basic Industries,Precious Metals,159.72,1.68,1.356,1.23895,94,\N,1,\N,\N,\N,\N,\N,\N,2,could not convert string to float: N/A,\N
AWX,Public Utilities,Environmental Services,9.52,2.55,2.572,0.991335,44,0.15,25,-0.21,0.16,0.21,-0.48,-0.16,0.0724638,71,\N,2019-07-06 17:25:33
ASM,Basic Industries,Precious Metals,36.99,0.58,0.573,1.01185,51,\N,1,\N,\N,\N,\N,\N,\N,2,'decimal' codec can't encode character u'u2014' in position 0: invalid decimal Unicode string,\N
BTG,Basic Industries,Precious Metals,3020,2.98,2.861,1.04176,62,2.5,64,0.04,0.02,0.01,-0.06,0.02,-0.2,56,\N,2019-07-06 17:26:01
BTN,Miscellaneous,Industrial Machinery/Components,48.2,3.3,2.169,1.52138,99,0.76,40,-0.26,-0.47,-0.08,-0.04,-0.29,\N,2,\N,2019-07-06 17:26:15
BKJ,Finance,Major Banks,99.85,13.89,13.356,1.04,62,3.88,76,0.19,0.16,0.24,0.16,0.21,0.25,80,\N,2019-07-06 17:26:30
BHB,Finance,Major Banks,383.77,26.18,25.072,1.04418,63,3.53,73,0.5,0.55,0.58,0.49,0.47,-0.272727,54,\N,2019-07-06 17:26:43
BRN,Energy,Oil & Gas Production,9.68,1.05,1.321,0.794581,15,0.78,41,0.08,-0.05,-0.12,-0.56,-0.26,\N,2,\N,2019-07-06 17:26:58
BGSF,Technology,Professional Services,185.67,18.59,21.972,0.846074,20,0.65,38,0.27,0.54,0.49,0.47,0.24,-0.1,61,\N,2019-07-06 17:27:12
BIOX,Basic Industries,Agricultural Chemicals,188.55,5.4,6.481,0.833177,18,\N,1,\N,\N,\N,\N,\N,\N,2,'decimal' codec can't encode character u'u2014' in position 0: invalid decimal Unicode string,\N
BPMX,Health Care,Major Pharmaceuticals,8.47,0.637,1.954,0.326036,3,174.46,100,-0.5,-0.5,-0.5,-0.5,-0.38,\N,2,\N,2019-07-06 17:27:40
BTX,Health Care,Biotechnology: Biological Products (No Diagnostic ,158.62,1.11,1.187,0.935293,31,31.85,98,-0.5,-0.03,0.53,-0.35,0.3,0.776699,94,\N,2019-07-06 17:27:55
BGI,Consumer Services,Consumer Specialties,17.06,1.17,0.999,1.17107,89,0.14,24,0.31,-0.17,-0.19,-4.58,-1.79,\N,2,\N,2019-07-06 17:28:08
BKTI,Technology,Radio And Television Broadcasting And Communicatio,52.33,4,4.121,0.970694,39,1.12,48,-0.03,0.07,0.05,-0.1,-0.1,-0.411765,50,\N,2019-07-06 17:28:23
BDR,Technology,Radio And Television Broadcasting And Communicatio,8.93,0.96,1.054,0.91071,27,0.45,33,-0.01,-0.04,-0.02,-0.08,0.53,\N,2,\N,2019-07-06 17:28:37
BRG,Consumer Services,Real Estate Investment Trusts,251.94,11.99,10.87,1.10304,78,1.32,51,-0.4,-0.44,-0.44,-0.55,-0.53,\N,2,\N,2019-07-06 17:28:52
CMCL,Basic Industries,Precious Metals,63.72,6,5.805,1.03357,59,1.01,46,0.29,0.24,0.2,0.25,0.89,0.869565,95,\N,2019-07-06 17:29:05
CEI,Energy,Oil & Gas Production,3.22,0.12,0.424,0.283294,3,1.97,59,-692.39,-687.5,250,-16,2.57,0.737444,93,\N,2019-07-06 17:29:20
CANF,Health Care,Major Pharmaceuticals,9.41,2.93,11.268,0.260025,3,\N,1,\N,\N,\N,\N,\N,\N,2,'decimal' codec can't encode character u'u2014' in position 0: invalid decimal Unicode string,\N
ROX,Consumer Non-Durables,Beverages (Production/Distribution),78.73,0.49,0.704,0.695902,10,0.93,44,0,0,0,-0.01,0.05,0.833333,95,\N,2019-07-06 17:29:49
YCBD,Consumer Non-Durables,Package Goods/Cosmetics,163.55,5.21,4.981,1.046,64,18.66,96,0.17,0.03,-0.11,-0.06,-3.13,-1,37,\N,2019-07-06 17:30:04
CVM,Health Care,Biotechnology: Biological Products (No Diagnostic ,242.32,8.42,4.557,1.84776,100,522.47,100,-0.31,-0.36,-0.7,0.02,-0.22,0.125,74,\N,2019-07-06 17:30:36
LEU,Basic Industries,Mining & Quarrying of Nonmetallic Minerals (No Fue,28.94,3.43,2.99,1.14719,86,0.17,25,-2.97,-3.08,-1.06,-5.1,-2.4,\N,2,\N,2019-07-06 17:30:51
CHAC,Finance,Business Services,85.84,9.8,0,0,0,\N,1,\N,\N,\N,\N,\N,\N,2,could not convert string to float: N/A,\N
CCF,Consumer Durables,Building Products,978.88,109.21,97.577,1.11922,82,3.48,72,1.07,1.43,1.18,0.93,0.56,-0.586207,46,\N,2019-07-06 17:31:08
CQP,Public Utilities,Oil/Gas Transmission,19970,42.98,41.784,1.02863,58,3.16,70,0.67,0.55,0.6,0.69,0.75,0.4,85,\N,2019-07-06 17:31:22
LNG,Public Utilities,Oil/Gas Transmission,17430,68.77,65.897,1.04359,63,2.23,62,1.5,-0.07,0.26,0.26,0.54,-0.611465,46,\N,2019-07-06 17:31:35
CVR,Technology,Industrial Machinery/Components,27.45,26.72,28.824,0.927016,29,0.72,40,0.73,0.73,0.3,0.31,0.3,-1,37,\N,2019-07-06 17:31:50
CPHI,Health Care,Major Pharmaceuticals,12.55,0.31,0.306,1.01196,51,1.15,48,-0.01,-0.02,-0.04,-0.18,-0.01,\N,2,\N,2019-07-06 17:32:04
CKX,Energy,Oil & Gas Production,19.7,9.88,10.225,0.966234,38,19.15,96,0.43,0.08,0.04,0.02,0.05,-0.926829,40,\N,2019-07-06 17:32:18
COHN,Finance,Investment Bankers/Brokers/Service,5.53,4.76,6.805,0.699521,10,0.14,24,-1.26,0.07,-0.57,-0.37,-1.06,0.150376,75,\N,2019-07-06 17:32:31
CIX,Capital Goods,Industrial Machinery/Components,179.51,15.87,14.952,1.06141,68,1.63,55,0.3,0.4,0.32,0.22,0.32,0.111111,73,\N,2019-07-06 17:32:45
LODE,Basic Industries,Precious Metals,16.13,0.18,0.184,0.975993,40,93.87,99,-0.05,-0.04,-0.03,-0.03,-0.02,\N,2,\N,2019-07-06 17:33:00
CDOR,Consumer Services,Real Estate Investment Trusts,106.93,8.75,8.924,0.980556,41,1.62,55,0.05,0.23,0.21,-0.1,-0.01,-0.181818,57,\N,2019-07-06 17:33:15
CTO,Finance,Real Estate,291.04,60.31,59.777,1.00891,50,3.85,75,1.96,2.56,0.05,2.17,1.21,-0.298805,53,\N,2019-07-06 17:33:29
MCF,Energy,Oil & Gas Production,70.56,1.63,3.06,0.532759,5,0.92,44,0.04,-0.29,-3.26,-1.16,-0.26,\N,2,\N,2019-07-06 17:33:43
CUO,Capital Goods,Building Materials,27.88,15.72,17.357,0.905693,26,0.17,25,-3.65,1.24,-0.73,-0.32,7.8,1,97,\N,2019-07-06 17:33:58
CMT,Consumer Non-Durables,Plastic Products,58.97,7.3,7.722,0.945297,33,0.21,26,0.07,0.06,-0.23,-0.51,-0.49,-0.965517,40,\N,2019-07-06 17:34:11
CVRS,Health Care,Medical/Dental Instruments,632.5,3.18,1.96,1.62232,100,53.3,98,-0.08,-0.06,-0.04,-0.04,-0.05,\N,2,\N,2019-07-06 17:34:24
CRMD,Health Care,Major Pharmaceuticals,183.61,9.19,8.383,1.09622,77,383.77,100,-0.7,-0.5,-0.55,0.1,-0.22,0.6,90,\N,2019-07-06 17:34:38
CVU,Capital Goods,Military/Government/Technical,97.27,8.01,6.997,1.14482,86,1.04,47,0.14,0.14,0.15,-0.2,0.14,0,66,\N,2019-07-06 17:34:52
CRHM,Health Care,Medical/Nursing Services,206.4,2.9,2.973,0.975403,40,1.66,56,0.02,0.02,0,0.02,0,-1,37,\N,2019-07-06 17:35:07
CTEK,Miscellaneous,Business Services,47.21,4.88,4.749,1.0275,58,0.66,38,-0.07,0.01,0.12,0.13,1.77,1,97,\N,2019-07-06 17:35:22
DXR,Health Care,Medical/Dental Instruments,28.89,8.45,11.834,0.714023,11,72.57,99,0.53,-0.31,-0.04,-0.99,-0.35,\N,1,\N,2019-07-06 17:35:37
DLA,Consumer Non-Durables,Apparel,155.84,22.85,22.486,1.01619,53,0.39,32,0.48,0.62,0.43,-0.17,0.13,-0.443038,49,\N,2019-07-06 17:35:51
DNN,Basic Industries,Precious Metals,304.15,0.52,0.52,1.00073,47,\N,1,\N,\N,\N,\N,\N,\N,1,could not convert string to float: N/A,\N
DGSE,Consumer Services,Consumer Specialties,36.35,1.25,0.564,2.21613,100,0.6,37,0.01,0.01,-0.02,0.02,0.01,0,66,\N,2019-07-06 17:36:22
DSS,Consumer Durables,Containers/Packaging,8.75,0.499,1.023,0.487726,5,0.48,34,-0.02,0.16,-0.02,-0.02,-0.03,-0.0526316,63,\N,2019-07-06 17:36:37
DPW,Capital Goods,Industrial Machinery/Components,6.38,0.23,0.968,0.237637,3,0.31,29,-3.4,-2.6,-2.2,-3.35,-1.17,\N,1,\N,2019-07-06 17:36:53
DXF,Finance,Finance: Consumer Services,45.04,2.16,2.794,0.77322,14,\N,1,\N,\N,\N,\N,\N,\N,1,could not convert string to float: N/A,\N
ELMD,Health Care,Biotechnology: Electromedical & Electrotherapeutic,43.42,5.49,5.438,1.00962,50,1.44,53,0.04,0.13,0.02,0.04,0.04,0,66,\N,2019-07-06 17:37:08
ELLO,Public Utilities,Electric Utilities: Central,116.08,13,8.853,1.46851,99,\N,1,\N,\N,\N,\N,\N,\N,1,could not convert string to float: N/A,\N
EMAN,Technology,Semiconductors,22.87,0.46,0.711,0.6474,8,0.91,44,-0.05,-0.11,0,-0.05,-0.03,0.181818,77,\N,2019-07-06 17:37:24
MSN,Consumer Non-Durables,Consumer Electronics/Appliances,22.09,1.03,1.267,0.812684,16,2.37,63,-0.15,-0.04,-0.03,-0.02,-0.02,\N,1,\N,2019-07-06 17:37:38
EMX,Basic Industries,Precious Metals,102.37,1.23,1.184,1.03861,61,\N,1,\N,\N,\N,\N,\N,\N,1,could not convert string to float: N/A,\N
UUUU,Basic Industries,Mining & Quarrying of Nonmetallic Minerals (No Fue,271.2,3.04,3.009,1.01032,51,8.96,91,-0.14,0.08,-0.16,-0.1,-0.13,0.0416667,70,\N,2019-07-06 17:37:53
ENSV,Energy,Oilfield Services/Equipment,23.35,0.39,0.466,0.836321,19,0.4,32,0.04,-0.06,-0.08,-0.01,0.08,0.25,80,\N,2019-07-06 17:38:08
EGI,Basic Industries,Precious Metals,59.25,0.32,0.368,0.868988,22,\N,0,\N,\N,\N,\N,\N,\N,1,could not convert string to float: N/A,\N
ESP,Capital Goods,Industrial Machinery/Components,58.56,24.75,24.853,0.995841,46,1.82,58,0.14,0.29,0.03,0.09,0.39,0.694444,92,\N,2019-07-06 17:38:23
EVBN,Finance,Major Banks,167.41,35.32,35.344,0.999328,47,2.78,67,0.68,0.77,0.97,0.9,0.75,0.241379,79,\N,2019-07-06 17:38:38
EVI,Consumer Services,Other Consumer Services,431.89,36.52,36.739,0.994031,45,2.07,60,0.09,0.06,0.06,0.1,0.04,-0.833333,42,\N,2019-07-06 17:38:52
EPM,Energy,Oil & Gas Production,241.6,6.58,7.002,0.939703,32,4.86,82,0.09,0.14,0.17,0.12,0.07,-0.2,56,\N,2019-07-06 17:39:07
BDL,Consumer Services,Restaurants,42.3,23,24.382,0.943331,33,0.38,31,0.75,0.56,0.33,0.4,0.55,-0.47619,49,\N,2019-07-06 17:39:22
FSI,Basic Industries,Major Chemicals,45.89,4.13,2.517,1.64068,100,2.23,62,0.06,0.18,-0.01,-0.02,0.09,0.15,75,\N,2019-07-06 17:39:35
FSP,Consumer Services,Real Estate Investment Trusts,786,7.64,7.363,1.03757,61,2.97,68,0.01,0.01,0.09,0.01,-0.01,-0.2,56,\N,2019-07-06 17:39:49
FRD,Capital Goods,Steel/Iron Ore,45.28,6.23,7.498,0.830861,18,0.24,27,0.3,0.51,0.29,0.09,-0.17,-0.691176,44,\N,2019-07-06 17:40:03
FTNW,Public Utilities,Telecommunications Equipment,30.23,1.06,1.642,0.645521,8,0.07,23,0.46,-2.83,-2.09,-2.26,-1.89,\N,1,\N,2019-07-06 17:40:17
JOB,Technology,Diversified Commercial Services,9.28,0.85,1.204,0.705774,10,0.07,23,-0.28,-0.18,-0.09,-0.32,-0.34,\N,1,\N,2019-07-06 17:40:32
GMO,Basic Industries,Precious Metals,43.31,0.35,0.268,1.30515,96,\N,0,\N,\N,\N,\N,\N,\N,1,could not convert string to float: N/A,\N
GSB,Technology,Computer Software: Prepackaged Software,180.8,9.14,6.876,1.32924,97,4.36,79,-0.04,0.03,0.05,0.14,0.14,1,97,\N,2019-07-06 17:40:46
GSAT,Consumer Services,Telecommunications Equipment,846,0.48,0.542,0.88526,24,5.33,83,0.06,-0.01,0.01,-0.07,0.02,-0.307692,53,\N,2019-07-06 17:41:00
GLOW,Public Utilities,Telecommunications Equipment,4.68,1.1,1.322,0.832082,18,0.48,34,-0.3,-0.4,-0.3,-0.6,-0.12,\N,1,\N,2019-07-06 17:41:30
GORO,Basic Industries,Precious Metals,212.2,3.23,3.832,0.842821,19,1.84,58,0.09,0.06,-0.01,0.01,0.01,-0.8,42,\N,2019-07-06 17:41:44
GSV,Basic Industries,Mining & Quarrying of Nonmetallic Minerals (No Fue,275.65,1.01,1.118,0.90351,26,\N,0,\N,\N,\N,\N,\N,\N,1,could not convert string to float: N/A,\N
AUMN,Basic Industries,Precious Metals,30.63,0.29,0.285,1.01632,53,3.8,75,-0.01,-0.02,0.02,-0.01,-0.02,-0.25,54,\N,2019-07-06 17:42:00
GSS,Basic Industries,Precious Metals,428.94,4.07,3.782,1.07613,72,1.64,56,-0.05,-0.1,-0.05,-0.11,-0.02,\N,1,\N,2019-07-06 17:42:14
GV,Basic Industries,Water Supply,56.4,2.32,2.475,0.937504,32,0.38,31,0.09,0.08,-0.01,0.03,0.07,-0.2,56,\N,2019-07-06 17:42:29
GDP,Energy,Oil & Gas Production,145.22,11.98,13.113,0.913572,27,1.42,53,-0.47,-0.23,0.12,0.58,0.03,0.47619,87,\N,2019-07-06 17:42:44
GTE,Energy,Oil & Gas Production,618.14,1.51,2.213,0.68248,9,0.89,43,0.05,0.05,0.18,-0.03,0.01,-0.190476,57,\N,2019-07-06 17:42:59
GPL,Basic Industries,Precious Metals,240.99,0.78,0.821,0.950512,34,3.66,74,0,-0.02,-0.02,-0.02,-0.05,\N,1,\N,2019-07-06 17:43:13
SIM,Basic Industries,Steel/Iron Ore,1290,8.34,8.961,0.930724,30,\N,0,\N,\N,\N,\N,\N,\N,1,could not convert string to float: N/A,\N
HEB,Health Care,Biotechnology: Biological Products (No Diagnostic ,9.51,4.1,7.369,0.556407,6,29.01,98,-3.08,-2.2,-3.08,-1.32,-3.08,\N,1,\N,2019-07-06 17:43:28
HEXO,Consumer Durables,Specialty Chemicals,1320,5.2,6.337,0.820565,17,\N,0,\N,\N,\N,\N,\N,\N,1,could not convert string to float: N/A,\N
HMG,Consumer Services,Real Estate Investment Trusts,13.35,13.17,14.008,0.940166,32,166.21,100,5.15,-0.07,-0.49,-0.49,-0.01,\N,1,\N,2019-07-06 17:43:43
HUSA,Energy,Oil & Gas Production,12.88,0.21,0.222,0.944712,33,\N,0,\N,\N,\N,\N,\N,\N,1,'decimal' codec can't encode character u'u2014' in position 0: invalid decimal Unicode string,\N
IBIO,Health Care,Major Pharmaceuticals,14.19,0.69,0.83,0.831172,18,10.35,92,-0.3,-0.34,-0.25,-0.24,-0.22,\N,1,\N,2019-07-06 17:44:13
IEC,Technology,Electrical Products,62.39,6.2,6.87,0.902505,26,0.47,34,0.15,0.02,0.87,0.1,0.06,-0.105882,60,\N,2019-07-06 17:44:27
IMH,Consumer Services,Real Estate Investment Trusts,67.78,3.03,3.69,0.821172,17,-0.74,21,0.18,-4.65,-2.16,-0.31,-0.6,\N,1,\N,2019-07-06 17:44:41
IMO,Energy,Integrated oil Companies,21530,27.49,27.584,0.996577,46,\N,0,\N,\N,\N,\N,\N,\N,1,could not convert string to float: N/A,\N
IOR,Consumer Services,Real Estate Investment Trusts,51.98,12.91,11.304,1.14208,86,\N,0,\N,\N,\N,\N,\N,\N,1,could not convert string to float: N/A,\N
IGC,Technology,Electronic Components,66.38,1.6,1.294,1.2368,94,12.36,94,-0.02,-0.02,-0.03,-0.03,-0.06,\N,1,\N,2019-07-06 17:44:57
INFU,Health Care,Medical/Dental Instruments,88.27,4.45,4.302,1.03452,60,1.27,50,0.01,-0.02,-0.03,-0.01,-0.05,\N,1,\N,2019-07-06 17:45:11
IHT,Consumer Services,Real Estate Investment Trusts,13.43,1.58,1.639,0.964043,37,2.39,63,-0.3,-0.03,-0.12,0.23,0.77,1,97,\N,2019-07-06 17:45:25
NSPR,Health Care,Medical/Dental Instruments,5.09,3.53,6.292,0.561018,6,1.64,56,-54,-7.5,-2.5,-2.5,-3.82,\N,1,\N,2019-07-06 17:45:40
IDN,Technology,Computer Software: Prepackaged Software,83.12,5.5,3.491,1.57559,99,18.62,96,-0.07,-0.07,-0.07,-0.05,-0.08,\N,1,\N,2019-07-06 17:45:53
INS,Technology,Computer Software: Prepackaged Software,230.3,30.29,27.333,1.10818,79,11.65,93,0.1,0.12,0.21,0.27,0.23,0.764706,94,\N,2019-07-06 17:46:07
THM,Basic Industries,Precious Metals,111.13,0.59,0.53,1.11321,81,\N,0,\N,\N,\N,\N,\N,\N,1,could not convert string to float: N/A,\N
INTT,Capital Goods,Electrical Products,48.31,4.76,6.404,0.743333,12,0.65,38,0.04,0.39,-0.05,-0.08,0.11,0.148936,75,\N,2019-07-06 17:46:37
INUV,Consumer Services,Advertising,11.35,0.35,1.088,0.321551,3,0.17,25,-0.05,-0.03,-0.04,-0.07,-0.08,\N,1,\N,2019-07-06 17:46:51
ISR,Health Care,Medical/Dental Instruments,28.23,0.41,0.403,1.01666,53,3.95,76,-0.02,-0.04,-0.02,-0.02,-0.02,\N,1,\N,2019-07-06 17:47:06
ISDR,Miscellaneous,Publishing,41.44,11,12.194,0.902051,26,2.85,67,0.1,0.12,0.02,0.02,0.05,-0.5,48,\N,2019-07-06 17:47:21
ITP,Consumer Durables,Containers/Packaging,17.62,0.68,0.869,0.782846,14,0.15,25,-0.19,0.01,-0.07,-0.26,-0.12,0.259259,81,\N,2019-07-06 17:47:35
KIQ,Capital Goods,Railroads,68.5,1.5,0.94,1.59652,99,4.56,80,-0.01,0,0.01,0.01,0.02,1,97,\N,2019-07-06 17:47:48
LTS,Finance,Investment Bankers/Brokers/Service,523.42,3.32,3.17,1.04745,64,0.36,31,-0.02,0,0,0.01,-0.04,-0.4,50,\N,2019-07-06 17:48:03
LGL,Capital Goods,Industrial Machinery/Components,37.98,8.13,7.378,1.10191,78,1.55,54,0.04,0.1,0.1,0.05,0.12,1,97,\N,2019-07-06 17:48:18
LBY,Capital Goods,Industrial Machinery/Components,36.54,1.88,3.249,0.578584,6,0.05,22,-0.13,0.18,-0.22,-0.18,-0.2,-0.175,58,\N,2019-07-06 17:48:33
LLEX,Energy,Oil & Gas Production,55.02,0.61,1.301,0.468708,4,0.8,41,-0.17,-0.53,-0.09,-0.12,-0.35,\N,1,\N,2019-07-06 17:48:47
MAG,Basic Industries,Precious Metals,930.67,10.37,9.624,1.07757,72,\N,0,\N,\N,\N,\N,\N,\N,1,could not convert string to float: N/A,\N
MHH,Consumer Services,Professional Services,52.52,4.93,6.069,0.812344,16,0.3,29,0.12,0.26,0.14,0.08,0.09,-0.166667,58,\N,2019-07-06 17:49:03
MTNB,Health Care,Major Pharmaceuticals,114.92,0.87,1.004,0.8666,21,\N,0,\N,\N,\N,\N,\N,\N,1,invalid literal for float(): 1\,385.12,\N
MNI,Consumer Services,Newspapers/Magazines,20.68,2.52,4.51,0.55873,6,0.03,22,-5.04,-2.62,0.9,-3.52,-5.34,-0.0480769,63,\N,2019-07-06 17:49:18
MXC,Energy,Oil & Gas Production,7.51,4.03,4.093,0.984542,42,2.75,66,0.13,0.01,0.01,-0.01,-0.02,-1,37,\N,2019-07-06 17:49:32
MICR,Health Care,Biotechnology: Electromedical & Electrotherapeutic,6.98,2.7,2.725,0.990701,44,0.43,33,-0.06,0.01,-0.03,-0.31,-0.18,-0.375,51,\N,2019-07-06 17:49:47
MLSS,Health Care,Industrial Specialties,13.87,0.42,0.366,1.14816,86,1.81,58,-0.06,-0.04,-0.12,0.01,-0.02,0.307692,82,\N,2019-07-06 17:50:02
MYO,Health Care,Industrial Specialties,14.02,0.75,1.213,0.618547,7,4.33,79,-0.2,-0.21,-0.21,-0.22,-0.17,\N,1,\N,2019-07-06 17:50:17
NNVC,Health Care,Biotechnology: Commercial Physical & Biological Re,17.93,0.24,0.288,0.83351,18,\N,0,\N,\N,\N,\N,\N,\N,1,could not convert string to float: N/A,\N
NHC,Health Care,Hospital/Nursing Management,1220,80.53,78.311,1.02833,58,1.26,50,-0.18,1.47,1.39,1.19,1.39,0.951515,97,\N,2019-07-06 17:50:32
NAVB,Health Care,Biotechnology: In Vitro & In Vivo Diagnostic Subst,12.59,0.6,2.376,0.252522,3,10.24,92,-0.8,-0.4,-0.4,-0.4,-0.24,\N,1,\N,2019-07-06 17:50:45
NTIP,Miscellaneous,Multi-Sector Companies,58.71,2.43,2.462,0.987192,43,17.87,96,0.34,-0.02,0.01,-0.03,-0.01,-0.945946,40,\N,2019-07-06 17:51:00
GBR,Energy,Oil & Gas Production,9.55,1.8,1.887,0.953961,35,14.04,95,-0.07,-0.08,-0.06,-0.01,0.02,\N,1,\N,2019-07-06 17:51:14
NEN,Consumer Services,Building operators,215.77,60.2,60.574,0.993831,45,3.73,74,0.5,0.01,0.18,0.42,0.4,-0.204082,56,\N,2019-07-06 17:51:29
NGD,Basic Industries,Precious Metals,531.92,0.92,0.884,1.04076,62,0.81,41,-0.05,-0.52,-0.29,-1.26,-0.02,\N,1,\N,2019-07-06 17:51:59
NXE,Basic Industries,Precious Metals,530.08,1.59,1.643,0.967486,38,\N,0,\N,\N,\N,\N,\N,\N,1,could not convert string to float: N/A,\N
HLTH,Health Care,Hospital/Nursing Management,11.93,0.15,0.298,0.502558,5,0.04,22,0.02,0.01,0.05,-0.05,0.01,-0.1,61,\N,2019-07-06 17:52:14
NAK,Basic Industries,Precious Metals,168.22,0.56,0.644,0.868988,22,\N,0,\N,\N,\N,\N,\N,\N,1,could not convert string to float: N/A,\N
NOG,Energy,Oil & Gas Production,729.07,1.98,2.389,0.828928,18,1.58,55,0.05,-0.49,0.06,0.58,-0.29,-0.317757,53,\N,2019-07-06 17:52:29
NBY,Health Care,Major Pharmaceuticals,33.74,1.65,1.219,1.35373,97,2.85,67,-0.14,-0.12,-0.11,-0.09,-0.25,\N,1,\N,2019-07-06 17:52:44
NG,Basic Industries,Precious Metals,1790,5.56,4.151,1.33932,97,\N,0,\N,\N,\N,\N,\N,\N,1,could not convert string to float: N/A,\N
NRCG,Basic Industries,Environmental Services,417.79,11.67,8.92,1.30825,96,1.14,48,0.01,-0.24,-0.08,-1.89,-0.28,\N,1,\N,2019-07-06 17:53:00
NTN,Consumer Services,Broadcasting,10.22,3.82,3.33,1.14723,86,0.49,34,-0.16,-0.05,0.08,0.02,-0.11,0.208333,78,\N,2019-07-06 17:53:15
NES,Energy,Oilfield Services/Equipment,62.84,5.05,8.318,0.607086,7,0.58,36,-2.75,-0.96,-0.61,-0.72,-0.41,\N,1,\N,2019-07-06 17:53:30
OCX,Health Care,Biotechnology: In Vitro & In Vivo Diagnostic Subst,207.37,2.13,3.599,0.59178,6,\N,0,\N,\N,\N,\N,\N,\N,1,could not convert string to float: N/A,\N
OGEN,Health Care,Major Pharmaceuticals,25.23,0.48,0.687,0.698511,10,\N,0,\N,\N,\N,\N,\N,\N,1,could not convert string to float: N/A,\N
PTN,Health Care,Major Pharmaceuticals,237.11,1.03,1.043,0.987847,43,10.75,93,0,0.05,-0.03,-0.02,-0.03,-0.375,51,\N,2019-07-06 17:53:46
PZG,Basic Industries,Precious Metals,23.61,0.863,0.861,1.00202,48,79.22,99,-0.07,-0.06,-0.04,-0.06,-0.04,\N,1,\N,2019-07-06 17:53:59
PRK,Finance,Major Banks,1600,99.85,96.205,1.03788,61,4.75,81,2.02,1.83,1.56,1.67,1.62,-0.869565,41,\N,2019-07-06 17:54:14
PED,Energy,Oil & Gas Production,101.03,1.95,1.976,0.986732,43,16.29,95,-0.58,4.73,-0.19,-1.24,-0.11,0.078727,72,\N,2019-07-06 17:54:29
PFNX,Health Care,Major Pharmaceuticals,194.68,7.33,5.403,1.35677,98,10.42,92,-0.47,-0.41,-0.34,-0.22,-0.12,\N,1,\N,2019-07-06 17:54:44
PLAG,Consumer Non-Durables,Packaged Foods,37.03,4.9,3.72,1.31712,97,\N,0,\N,\N,\N,\N,\N,\N,0,'decimal' codec can't encode character u'u2014' in position 0: invalid decimal Unicode string,\N
PLG,Basic Industries,Precious Metals,43.53,1.48,1.516,0.976037,40,\N,0,\N,\N,\N,\N,\N,\N,0,could not convert string to float: N/A,\N
PLYM,Consumer Services,Real Estate Investment Trusts,160.11,18.34,16.642,1.10205,78,2.96,68,-1.38,-2.27,-1.22,-1.1,-1.37,\N,0,\N,2019-07-06 17:55:13
PLM,Basic Industries,Precious Metals,130.5,0.48,0.606,0.792638,15,\N,0,\N,\N,\N,\N,\N,\N,0,could not convert string to float: N/A,\N
PW,Consumer Services,Real Estate Investment Trusts,10.79,5.94,5.812,1.02195,55,5.62,84,0.08,0.08,0.07,0.07,0.07,-1,37,\N,2019-07-06 17:55:28
PLX,Health Care,Biotechnology: Biological Products (No Diagnostic ,67.5,0.45,0.434,1.0373,61,1.76,57,-0.06,-0.08,-0.1,0.07,-0.05,0.0588235,71,\N,2019-07-06 17:55:43
RLGT,Transportation,Oil Refining/Marketing,292.48,5.93,5.984,0.990918,44,0.32,30,0,0.09,0.05,0.07,0.06,0.666667,91,\N,2019-07-06 17:55:57
RFL,Finance,Real Estate,369.69,22.47,16.114,1.39446,98,65.99,99,-0.04,-0.1,-0.04,-0.08,-0.07,\N,0,\N,2019-07-06 17:56:11
RHE,Health Care,Hospital/Nursing Management,3.04,1.75,1.63,1.07388,71,0.15,25,-2.76,-3,-3.84,-2.31,-1.22,\N,0,\N,2019-07-06 17:56:43
RVP,Health Care,Medical/Dental Instruments,24.01,0.7,0.706,0.991458,44,0.68,39,-0.01,-0.03,-0.01,-0.01,-0.01,\N,0,\N,2019-07-06 17:56:58
REI,Energy,Oil & Gas Production,221.06,3.34,5.124,0.651887,8,1.8,58,0.1,0.08,0.09,-0.12,0.17,0.241379,79,\N,2019-07-06 17:57:11
SACH,Consumer Services,Real Estate Investment Trusts,99.07,5.13,4.571,1.12222,82,9.51,91,0.13,0.14,0.13,0.1,0.13,0,66,\N,2019-07-06 17:57:26
SNMP,Energy,Oil & Gas Production,39.71,2.29,2.368,0.967242,38,0.54,35,-0.53,-0.85,-0.59,0.33,-0.61,-0.0677966,62,\N,2019-07-06 17:57:40
SAND      ,Basic Industries,Precious Metals,1040,5.54,5.316,1.04207,63,0,21,0,0,0.01,0.01,0.01,1,97,\N,2019-07-06 17:57:54
SEB,Finance,Investment Bankers/Brokers/Service,4680,4134.88,4063.22,1.01764,54,0.74,40,26.75,6.28,29.93,-77.83,48.79,0.174064,76,\N,2019-07-06 17:58:08
SENS,Capital Goods,Industrial Machinery/Components,341.63,1.83,2.371,0.771953,14,16.71,96,-0.16,-0.23,-0.18,-0.03,-0.17,\N,0,\N,2019-07-06 17:58:23
SVT,Capital Goods,Industrial Machinery/Components,25.92,10.1,11.478,0.879966,23,0.52,35,0.14,0.3,0.61,0.42,0.04,-0.175439,57,\N,2019-07-06 17:58:37
SMTS,Basic Industries,Precious Metals,205.69,1.32,1.566,0.842982,19,0.98,45,0.01,0.05,0.07,0.01,-0.01,-0.25,54,\N,2019-07-06 17:58:52
SIF,Capital Goods,Aerospace,17.26,3.02,3.048,0.990858,44,0.15,25,-0.37,-0.28,-0.49,-0.23,-0.23,\N,0,\N,2019-07-06 17:59:07
SVM,Basic Industries,Precious Metals,431.8,2.46,2.346,1.04849,65,2.44,64,0.07,0.06,0.05,0.05,0.07,0.00000000000000133227,67,\N,2019-07-06 17:59:22
SILV,Basic Industries,Precious Metals,326.03,3.91,3.458,1.1308,84,\N,0,\N,\N,\N,\N,\N,\N,0,could not convert string to float: N/A,\N
XPL,Basic Industries,Precious Metals,19.21,0.33,0.335,0.985861,43,46.31,98,-0.02,-0.01,-0.01,-0.02,-0.01,\N,0,\N,2019-07-06 17:59:37
SGB,Finance,Major Banks,53.59,20.31,20.654,0.983332,42,2.45,64,0.48,0.45,0.45,0.46,0.48,0.00000000000000732747,67,\N,2019-07-06 17:59:51
LOV,Consumer Services,Other Consumer Services,154.3,11.5,11.737,0.979805,41,\N,0,\N,\N,\N,\N,\N,\N,0,could not convert string to float: N/A,\N
SRCI,Energy,Oil & Gas Production,1170,4.71,5.148,0.914929,28,1.64,56,0.27,0.2,0.26,0.34,0.2,-0.5,48,\N,2019-07-06 18:00:06
SDI,Consumer Non-Durables,Tobacco,313.59,19.99,17.683,1.13044,83,0.82,42,0.06,0.2,0.08,-0.18,-0.21,-0.658537,45,\N,2019-07-06 18:00:21
SSY,Health Care,Hospital/Nursing Management,10.34,1.5,1.425,1.05289,66,0.2,26,-0.08,-0.17,-0.12,0.04,0.15,0.71875,93,\N,2019-07-06 18:00:35
SDPI,Energy,Metal Fabrications,26.04,0.99,1.292,0.766263,13,1.32,51,0,0.04,0.01,-0.05,-0.01,-0.111111,60,\N,2019-07-06 18:00:49
SYN,Health Care,Major Pharmaceuticals,8.74,0.56,0.616,0.909722,27,\N,0,\N,\N,\N,\N,\N,\N,0,could not convert string to float: N/A,\N
TKAT,Consumer Services,Other Specialty Stores,7.88,0.69,0.71,0.972176,39,1.54,54,0.04,-0.1,-0.26,-0.36,-0.06,\N,0,\N,2019-07-06 18:01:04
TRX,Basic Industries,Precious Metals,113.99,1.12,0.656,1.70704,100,\N,0,\N,\N,\N,\N,\N,\N,0,could not convert string to float: N/A,\N
TGB,Basic Industries,Precious Metals,128.02,0.52,0.582,0.892792,25,\N,0,\N,\N,\N,\N,\N,\N,0,could not convert string to float: N/A,\N
TGC,Energy,Oil & Gas Production,8.63,0.86,0.975,0.881672,23,1.57,55,0.11,0.01,0.03,-0.01,-0.01,-1,37,\N,2019-07-06 18:01:21
TMP,Finance,Major Banks,1210,82.25,78.483,1.04799,64,4.4,79,1.33,1.43,1.36,1.23,1.37,0.2,78,\N,2019-07-06 18:01:50
TAT,Energy,Oil & Gas Production,45.67,0.76,0.973,0.780863,14,0.55,36,-0.04,-0.02,-0.03,-0.01,-0.07,\N,0,\N,2019-07-06 18:02:06
TRXC,Health Care,Medical/Dental Instruments,262.98,1.31,2.105,0.622384,7,13.23,94,0,-0.17,-0.1,-0.03,-0.1,\N,0,\N,2019-07-06 18:02:19
TMQ,Basic Industries,Precious Metals,410.97,3.06,2.425,1.2618,95,\N,0,\N,\N,\N,\N,\N,\N,0,could not convert string to float: N/A,\N
TPHS,Consumer Services,Building operators,127.6,3.82,4.121,0.926944,29,32.25,98,-0.05,-0.06,-0.07,-0.07,-0.07,\N,0,\N,2019-07-06 18:02:34
TRT,Technology,Industrial Machinery/Components,10.98,2.86,3.127,0.914742,27,0.27,28,-0.21,0.17,0.02,0.09,0.19,1,97,\N,2019-07-06 18:02:49
UFAB,Capital Goods,Auto Parts:O.E.M.,27.58,2.844,4.099,0.693762,10,0.17,25,0.15,0.18,0.06,-0.02,-0.02,-0.85,41,\N,2019-07-06 18:03:04
UAMY,Capital Goods,Metal Fabrications,37.62,0.57,0.561,1.01689,53,\N,0,\N,\N,\N,\N,\N,\N,0,'decimal' codec can't encode character u'u2014' in position 0: invalid decimal Unicode string,\N
UUU,Technology,Electronic Components,2.94,1.28,1.266,1.01079,51,0.17,25,-0.44,-0.23,-0.19,-0.05,-0.22,\N,0,\N,2019-07-06 18:03:32
UQM,Capital Goods,Industrial Machinery/Components,93.33,1.66,1.57,1.05738,67,5.76,85,-0.04,-0.05,-0.02,-0.02,-0.05,\N,0,\N,2019-07-06 18:03:47
URG,Basic Industries,Precious Metals,147.2,0.94,0.8,1.17556,90,17.44,96,0.04,0.02,-0.02,-0.01,-0.03,-1,37,\N,2019-07-06 18:04:02
UEC,Basic Industries,Precious Metals,238.5,1.34,1.347,0.995125,45,\N,0,\N,\N,\N,\N,\N,\N,0,could not convert string to float: N/A,\N
VHC,Miscellaneous,Multi-Sector Companies,402.49,6.17,5.659,1.09033,76,\N,0,\N,\N,\N,\N,\N,\N,0,invalid literal for float(): 6\,464.64,\N
VGZ,Basic Industries,Precious Metals,78.31,0.77,0.669,1.15135,87,\N,0,\N,\N,\N,\N,\N,\N,0,could not convert string to float: N/A,\N
VNRX,Health Care,Biotechnology: In Vitro & In Vivo Diagnostic Subst,124.76,3.11,2.994,1.03889,61,\N,0,\N,\N,\N,\N,\N,\N,0,could not convert string to float: N/A,\N
VISI,Technology,Professional Services,90.36,4.5,4.178,1.07711,72,0.09,23,-0.37,-0.54,-0.14,-0.15,-0.24,\N,0,\N,2019-07-06 18:04:20
WRN,Basic Industries,Precious Metals,69.49,0.65,0.592,1.09772,77,\N,0,\N,\N,\N,\N,\N,\N,0,could not convert string to float: N/A,\N
WYY,Technology,EDP Services,35.58,0.43,0.453,0.948796,34,0.42,32,-0.01,-0.01,0,0,0,1,97,\N,2019-07-06 18:04:36
WTT,Capital Goods,Electrical Products,33.02,1.64,1.604,1.02237,56,0.66,38,0.02,-0.01,0.03,-0.03,-0.02,-0.666667,45,\N,2019-07-06 18:04:51
XTNT,Health Care,Biotechnology: Biological Products (No Diagnostic ,36.85,2.7,2.966,0.910354,27,0.5,34,-0.7,-0.38,-0.24,-4.31,-0.21,\N,0,\N,2019-07-06 18:05:05
YUMA,Energy,Oil & Gas Production,4.06,3.05,0.223,13.6846,100,3.56,73,-2.4,-2.85,-3.75,-2.1,-10.35,\N,0,\N,2019-07-06 18:05:19
ZDGE,Technology,Computer Software: Prepackaged Software,18.02,1.83,2.035,0.899226,25,1.88,59,-0.03,-0.03,-0.07,-0.02,-0.12,\N,0,\N,2019-07-06 18:05:34
ZOM,Health Care,Major Pharmaceuticals,26.47,0.25,0.592,0.422395,4,\N,0,\N,\N,\N,\N,\N,\N,0,could not convert string to float: N/A,\N
