YI,Health Care,Medical/Nursing Services,471.99,\N,\N,\N,\N,\N,\N,\N,\N,\N,\N,\N,\N,\N
PIH,Finance,Property-Casualty Insurers,31.81,\N,\N,0.5,\N,0.32,-0.05,-0.41,0.08,-0.04,\N,\N,\N,2019-07-05 16:55:27
PIHPP,Finance,Property-Casualty Insurers,17.33,\N,\N,\N,\N,\N,\N,\N,\N,\N,\N,\N,\N,\N
TURN,Finance,Finance/Investors Services,61,\N,\N,85.36,\N,0.06,-0.2,-0.04,-0.2,-0.1,\N,\N,\N,2019-07-05 16:55:58
FLWS,Consumer Services,Other Specialty Stores,1220,\N,\N,1.02,\N,-0.13,-0.13,-0.27,1.04,-0.13,\N,\N,\N,2019-07-05 16:56:12
BCOW,Finance,Banks,45.35,\N,\N,\N,\N,\N,\N,\N,\N,\N,\N,\N,\N,\N
FCCY,Finance,Savings Institutions,151.33,\N,\N,3.05,\N,0.34,0.22,0.46,0.38,0.39,\N,\N,\N,2019-07-05 16:56:40
SRCE,Finance,Major Banks,1140,\N,\N,4.13,\N,0.73,0.84,0.76,0.82,0.86,\N,\N,\N,2019-07-05 16:56:55
VNET,Technology,Computer Software: Programming\, Data Processing,853.06,\N,\N,\N,\N,\N,\N,\N,\N,\N,\N,\N,\N,\N
TWOU,Technology,Computer Software: Prepackaged Software,2260,\N,\N,5.5,\N,-0.28,-0.33,-0.17,0.08,-0.37,\N,\N,\N,2019-07-05 16:57:08
QFIN,Finance,Finance: Consumer Services,1540,\N,\N,\N,\N,\N,\N,\N,\N,\N,\N,\N,\N,\N
JOBS,Technology,Diversified Commercial Services,4380,\N,\N,\N,\N,\N,\N,\N,\N,\N,\N,\N,\N,\N
JFK,Finance,Business Services,73.61,\N,\N,\N,\N,\N,\N,\N,\N,\N,\N,\N,\N,\N
JFKKU,Finance,Business Services,51.6,\N,\N,\N,\N,\N,\N,\N,\N,\N,\N,\N,\N,\N
JFKKW,Finance,Business Services,1.15,\N,\N,\N,\N,\N,\N,\N,\N,\N,\N,\N,\N,\N
EGHT,Technology,EDP Services,2240,\N,\N,6.76,\N,-0.14,-0.16,-0.23,-0.25,-0.29,\N,\N,\N,2019-07-06 07:12:02
AAON,Capital Goods,Industrial Machinery/Components,2490,\N,\N,5.87,\N,0.08,0.22,0.27,0.24,0.21,\N,\N,\N,2019-07-05 16:57:43
ABEO,Health Care,Major Pharmaceuticals,226.64,\N,\N,93.83,\N,-0.18,-0.25,-0.34,-0.42,-0.39,\N,\N,\N,2019-07-05 16:57:58
ABIL,Capital Goods,Telecommunications Equipment,7.4,\N,\N,13.2,\N,0.01,-1.23,-1.09,-0.83,-0.53,\N,\N,\N,2019-07-05 16:58:12
ABMD,Health Care,Medical/Dental Instruments,11600,\N,\N,15.4,\N,0.8,1.95,1.09,0.97,1.6,\N,\N,\N,2019-07-05 16:58:25
AXAS,Energy,Oil & Gas Production,178.47,\N,\N,1.25,\N,0.06,-0.06,0.01,0.33,-0.15,\N,\N,\N,2019-07-05 16:58:38
ACIU,Health Care,Major Pharmaceuticals,355.38,\N,\N,\N,\N,\N,\N,\N,\N,\N,\N,\N,\N,\N
ACIA,Technology,Semiconductors,1820,\N,\N,5.21,\N,-0.23,-0.08,0.19,0.22,0.17,\N,\N,\N,2019-07-05 16:58:53
ACTG,Miscellaneous,Multi-Sector Companies,144.69,\N,\N,1.95,\N,-0.63,-0.57,-0.67,-0.23,-0.09,\N,\N,\N,2019-07-05 16:59:05
ACHC,Health Care,Medical Specialities,3050,\N,\N,1.01,\N,0.58,0.67,0.53,-3.8,0.34,\N,\N,\N,2019-07-05 16:59:19
ACAD,Health Care,Major Pharmaceuticals,3710,\N,\N,16.15,\N,-0.44,-0.51,-0.5,-0.5,-0.59,\N,\N,\N,2019-07-05 16:59:34
ACAM,Finance,Business Services,372.42,\N,\N,\N,\N,\N,\N,\N,\N,\N,\N,\N,\N,\N
ACST,Health Care,Major Pharmaceuticals,82.04,\N,\N,\N,\N,\N,\N,\N,\N,\N,\N,\N,\N,\N
AXDX,Capital Goods,Biotechnology: Laboratory Analytical Instruments,1080,\N,\N,189.15,\N,-0.37,-0.43,-0.41,-0.41,-0.4,\N,\N,\N,2019-07-05 16:59:51
XLRN,Health Care,Biotechnology: Biological Products (No Diagnostic ,2090,\N,\N,161.4,\N,-0.58,-0.63,-0.63,-0.75,-0.74,\N,\N,\N,2019-07-05 17:00:04
ARAY,Health Care,Medical/Dental Instruments,333.61,\N,\N,0.8,\N,-0.1,-0.01,-0.11,-0.05,-0.01,\N,\N,\N,2019-07-05 17:00:19
ACRX,Health Care,Major Pharmaceuticals,172.82,\N,\N,93.27,\N,-0.23,-0.2,-0.21,-0.18,-0.17,\N,\N,\N,2019-07-05 17:00:34
ACER,Health Care,Major Pharmaceuticals,41.56,\N,\N,\N,\N,\N,\N,\N,\N,\N,\N,\N,\N,\N
ACHV,Health Care,Biotechnology: In Vitro & In Vivo Diagnostic Subst,16.2,\N,\N,\N,\N,\N,\N,\N,\N,\N,\N,\N,\N,\N
ACHN,Health Care,Major Pharmaceuticals,377.33,\N,\N,\N,\N,\N,\N,\N,\N,\N,\N,\N,\N,\N
ACIW,Technology,Computer Software: Prepackaged Software,3580,\N,\N,3.8,\N,-0.17,-0.13,0.13,0.74,-0.22,\N,\N,\N,2019-07-05 17:00:51
ACRS,Health Care,Major Pharmaceuticals,181.6,\N,\N,6.58,\N,-0.98,-1.01,-1.06,-0.99,-0.91,\N,\N,\N,2019-07-05 17:01:05
ACMR,Technology,Industrial Machinery/Components,248.46,\N,\N,3.12,\N,-0.18,0.18,0.21,0.13,0.1,\N,\N,\N,2019-07-05 17:01:19
ACNB,Finance,Major Banks,251.67,\N,\N,3.65,\N,0.7,0.78,0.86,0.75,0.83,\N,\N,\N,2019-07-05 17:01:33
ACOR,Health Care,Biotechnology: Biological Products (No Diagnostic ,339.58,\N,\N,0.87,\N,-0.18,0.98,-0.29,0.2,-1,\N,\N,\N,2019-07-05 17:01:46
ACTT,Finance,Business Services,291.9,\N,\N,\N,\N,\N,\N,\N,\N,\N,\N,\N,\N,\N
ACTTW,Finance,Business Services,15.01,\N,\N,\N,\N,\N,\N,\N,\N,\N,\N,\N,\N,\N
ATVI,Technology,Computer Software: Prepackaged Software,35390,\N,\N,4.94,\N,0.65,0.52,0.34,0.84,0.58,\N,\N,\N,2019-07-05 17:02:01
ADMS,Health Care,Major Pharmaceuticals,161.62,\N,\N,3.78,\N,-1.35,-1.26,-1.22,-1.06,-1.08,\N,\N,\N,2019-07-05 17:02:14
ADMP,Health Care,Major Pharmaceuticals,59.78,\N,\N,3.43,\N,-0.23,-0.29,-0.21,-0.28,-0.19,\N,\N,\N,2019-07-05 17:02:28
ADAP,Health Care,Biotechnology: Biological Products (No Diagnostic ,416.81,\N,\N,7.59,\N,-0.24,-0.48,0.06,-0.36,-0.24,\N,\N,\N,2019-07-05 17:02:42
ADUS,Health Care,Medical/Nursing Services,986.19,\N,\N,1.84,\N,0.42,0.36,0.28,0.36,0.36,\N,\N,\N,2019-07-05 17:02:55
AEY,Consumer Services,Office Equipment/Supplies/Services,16.37,\N,\N,0.34,\N,-0.03,-0.15,-0.47,-0.1,-0.12,\N,\N,\N,2019-07-05 17:03:09
IOTS,Technology,Semiconductors,231.22,\N,\N,2.59,\N,-0.05,-0.24,-0.29,-0.23,-0.24,\N,\N,\N,2019-07-05 17:03:24
ADIL,Health Care,Major Pharmaceuticals,18.91,\N,\N,\N,\N,\N,\N,\N,\N,\N,\N,\N,\N,\N
ADMA,Health Care,Biotechnology: Biological Products (No Diagnostic ,215.32,\N,\N,13.41,\N,-0.39,-0.35,-0.33,-0.39,-0.28,\N,\N,\N,2019-07-05 17:03:39
ADBE,Technology,Computer Software: Prepackaged Software,140520,\N,\N,14.4,\N,1.33,1.34,1.37,1.36,1.29,\N,\N,\N,2019-07-05 17:03:53
ADOM,Capital Goods,Auto Parts:O.E.M.,22.58,\N,\N,4.67,\N,-0.06,-0.06,-0.02,-0.01,-0.02,\N,\N,\N,2019-07-05 17:04:08
ADTN,Public Utilities,Telecommunications Equipment,736.26,\N,\N,1.32,\N,-0.22,-0.16,0.16,-0.17,0.02,\N,\N,\N,2019-07-05 17:04:23
ADRO,Health Care,Major Pharmaceuticals,143.28,\N,\N,9.82,\N,-0.28,-0.31,-0.29,-0.33,-0.29,\N,\N,\N,2019-07-05 17:04:35
ADES,Basic Industries,Major Chemicals,228.08,\N,\N,6.05,\N,0.37,0.75,0.28,0.36,0.78,\N,\N,\N,2019-07-05 17:04:49
AEIS,Capital Goods,Industrial Machinery/Components,2060,\N,\N,3.23,\N,1.16,1.17,0.89,0.5,0.4,\N,\N,\N,2019-07-05 17:05:04
AMD,Technology,Semiconductors,31210,\N,\N,5.59,\N,0.08,0.11,0.09,0.04,0.01,\N,\N,\N,2019-07-05 17:05:18
ADXS,Health Care,Major Pharmaceuticals,17.65,\N,\N,0.75,\N,-4.05,-4.05,-4.35,2.7,-1.59,\N,\N,\N,2019-07-05 17:05:32
ADVM,Health Care,Biotechnology: Biological Products (No Diagnostic ,701.59,\N,\N,545.05,\N,-0.3,-0.3,-0.34,-0.24,-0.23,\N,\N,\N,2019-07-05 17:05:46
AEGN,Basic Industries,Water Supply,532.82,\N,\N,0.44,\N,-0.06,0.24,-0.01,-0.08,-0.13,\N,\N,\N,2019-07-05 17:06:00
AGLE,Health Care,Major Pharmaceuticals,181.74,\N,\N,81.15,\N,-0.49,-0.46,-0.54,-0.64,-0.59,\N,\N,\N,2019-07-05 17:06:14
AEHR,Capital Goods,Electrical Products,35.42,\N,\N,1.61,\N,0.01,0.01,-0.07,-0.03,-0.14,\N,\N,\N,2019-07-05 17:06:29
AMTX,Basic Industries,Major Chemicals,17.32,\N,\N,0.1,\N,-0.51,-0.27,-0.29,-0.56,-0.48,\N,\N,\N,2019-07-05 17:06:43
AERI,Health Care,Biotechnology: Biological Products (No Diagnostic ,1360,\N,\N,34,\N,-1.05,-1.4,-1.96,-1.14,-1.06,\N,\N,\N,2019-07-05 17:06:59
AVAV,Capital Goods,Aerospace,1470,\N,\N,4.26,\N,0.77,1.14,0.25,0.35,0.24,\N,\N,\N,2019-07-05 17:07:14
ARPO,Health Care,Major Pharmaceuticals,35.72,\N,\N,1.8,\N,-0.27,-0.22,0.28,-0.21,-0.21,\N,\N,\N,2019-07-05 17:07:29
AEZS,Health Care,Major Pharmaceuticals,43.44,\N,\N,21.75,\N,0.87,-0.16,-0.15,-0.32,-0.3,\N,\N,\N,2019-07-05 17:07:42
AEMD,Capital Goods,Biotechnology: Laboratory Analytical Instruments,6.87,\N,\N,35.66,\N,-0.06,-0.06,-0.08,-0.11,-0.09,\N,\N,\N,2019-07-05 17:07:58
GNMX,Health Care,Biotechnology: Biological Products (No Diagnostic ,11.15,\N,\N,\N,\N,\N,\N,\N,\N,\N,\N,\N,\N,\N
AFMD,Health Care,Major Pharmaceuticals,167.31,\N,\N,\N,\N,\N,\N,\N,\N,\N,\N,\N,\N,\N
AGBAU,Finance,Business Services,42.18,\N,\N,\N,\N,\N,\N,\N,\N,\N,\N,\N,\N,\N
AGEN,Health Care,Biotechnology: Biological Products (No Diagnostic ,408.15,\N,\N,3.18,\N,-0.53,-0.24,-0.29,-0.4,0.12,\N,\N,\N,2019-07-05 17:08:14
AGRX,Health Care,Major Pharmaceuticals,62.99,\N,\N,\N,\N,\N,\N,\N,\N,\N,\N,\N,\N,\N
AGYS,Technology,EDP Services,495.51,\N,\N,3.72,\N,-0.01,-0.08,-0.16,-0.18,-0.16,\N,\N,\N,2019-07-05 17:11:48
AGIO,Health Care,Major Pharmaceuticals,2910,\N,\N,23.53,\N,-1.63,-1.19,-1.63,-1.58,-1.59,\N,\N,\N,2019-07-05 17:12:08
AGMH,Technology,EDP Services,541.52,\N,\N,\N,\N,\N,\N,\N,\N,\N,\N,\N,\N,\N
AGNC,Consumer Services,Real Estate Investment Trusts,9040,\N,\N,127.83,\N,1.06,0.7,0.45,-1.61,0.47,\N,\N,\N,2019-07-05 17:12:48
AGNCB,Consumer Services,Real Estate Investment Trusts,9020,\N,\N,\N,\N,\N,\N,\N,\N,\N,\N,\N,\N,\N
AGNCN,Consumer Services,Real Estate Investment Trusts,0.34008,\N,\N,\N,\N,\N,\N,\N,\N,\N,\N,\N,\N,\N
AGFS,Finance,Business Services,80.27,\N,\N,0.47,\N,-0.26,-0.37,0.06,-0.04,-0.25,\N,\N,\N,2019-07-05 17:13:48
ALRN,Health Care,Major Pharmaceuticals,20.3,\N,\N,\N,\N,\N,\N,\N,\N,\N,\N,\N,\N,\N
AIMT,Health Care,Major Pharmaceuticals,1220,\N,\N,\N,\N,\N,\N,\N,\N,\N,\N,\N,\N,\N
AIRT,Transportation,Air Freight/Delivery Services,53.47,\N,\N,0.22,\N,0.51,0.92,-0.43,-0.89,0.83,\N,\N,\N,2019-07-05 17:14:11
ATSG,Transportation,Air Freight/Delivery Services,1350,\N,\N,1.33,\N,0.27,0.21,0.24,-0.09,0.25,\N,\N,\N,2019-07-05 17:14:34
AIRG,Technology,Radio And Television Broadcasting And Communicatio,137.64,\N,\N,2.3,\N,-0.12,-0.34,0.04,0.13,0.03,\N,\N,\N,2019-07-05 17:14:53
ANTE,Technology,Advertising,19.35,\N,\N,0.77,\N,-0.9,-0.5,-1.6,-0.8,14.5,\N,\N,\N,2019-07-05 17:15:11
AITB,Health Care,Medical/Dental Instruments,52.99,\N,\N,\N,\N,\N,\N,\N,\N,\N,\N,\N,\N,\N
AKAM,Miscellaneous,Business Services,12750,\N,\N,4.82,\N,0.31,0.25,0.64,0.57,0.65,\N,\N,\N,2019-07-05 17:15:52
AKTX,Health Care,Major Pharmaceuticals,32.98,\N,\N,\N,\N,\N,\N,\N,\N,\N,\N,\N,\N,\N
AKCA,Health Care,Major Pharmaceuticals,2150,\N,\N,9.56,\N,-0.44,-0.72,-0.73,-0.79,0.34,\N,\N,\N,2019-07-05 17:16:12
AKBA,Health Care,Major Pharmaceuticals,522.13,\N,\N,2.22,\N,-0.48,-0.6,-0.46,-0.76,-0.62,\N,\N,\N,2019-07-05 17:16:36
AKER,Health Care,Biotechnology: In Vitro & In Vivo Diagnostic Subst,6.12,\N,\N,2.78,\N,-0.24,-0.16,-0.26,-0.34,-0.07,\N,\N,\N,2019-07-05 17:16:55
AKRX,Health Care,Major Pharmaceuticals,585.2,\N,\N,0.93,\N,-0.23,-0.7,-0.56,-1.71,-0.65,\N,\N,\N,2019-07-05 17:17:19
AKTS,Public Utilities,Telecommunications Equipment,180.64,\N,\N,158.15,\N,-0.22,-0.31,-0.33,-0.24,-0.31,\N,\N,\N,2019-07-05 17:17:40
ALRM,Technology,Computer Software: Prepackaged Software,2540,\N,\N,5.68,\N,0.21,0.22,-0.16,0.16,0.18,\N,\N,\N,2019-07-05 17:18:02
ALSK,Public Utilities,Telecommunications Equipment,90.36,\N,\N,0.39,\N,0.04,0.06,0.03,0.03,0,\N,\N,\N,2019-07-05 17:18:27
ALAC,Finance,Business Services,147.78,\N,\N,\N,\N,\N,\N,\N,\N,\N,\N,\N,\N,\N
ALBO,Health Care,Major Pharmaceuticals,374.42,\N,\N,180.51,\N,-0.15,-1.22,-1.17,-1.34,-1.39,\N,\N,\N,2019-07-05 17:18:51
ALDR,Health Care,Major Pharmaceuticals,919.05,\N,\N,\N,\N,\N,\N,\N,\N,\N,\N,\N,\N,\N
ALDX,Health Care,Major Pharmaceuticals,170.72,\N,\N,\N,\N,\N,\N,\N,\N,\N,\N,\N,\N,\N
ALEC,Health Care,Biotechnology: Biological Products (No Diagnostic ,1230,\N,\N,\N,\N,\N,\N,\N,\N,\N,\N,\N,\N,\N
ALXN,Health Care,Major Pharmaceuticals,28060,\N,\N,6.77,\N,1.11,-2.05,1.47,-0.2,2.61,\N,\N,\N,2019-07-05 17:19:40
ALCO,Consumer Non-Durables,Farming/Seeds/Milling,225.15,\N,\N,2.45,\N,-0.67,1.09,0.09,-0.33,1.01,\N,\N,\N,2019-07-05 17:20:07
ALGN,Health Care,Industrial Specialties,22080,\N,\N,10.36,\N,1.17,1.3,1.24,1.2,0.89,\N,\N,\N,2019-07-05 17:20:27
ALIM,Health Care,Major Pharmaceuticals,65.32,\N,\N,1.24,\N,-0.11,-0.06,0.39,-0.02,-0.04,\N,\N,\N,2019-07-05 17:20:47
ALYA,Technology,Computer Software: Programming\, Data Processing,145.02,\N,\N,\N,\N,\N,\N,\N,\N,\N,\N,\N,\N,\N
ALJJ,Miscellaneous,Business Services,59.32,\N,\N,0.18,\N,-0.01,-0.08,0.03,0.02,0.01,\N,\N,\N,2019-07-05 17:21:14
ALKS,Health Care,Major Pharmaceuticals,3420,\N,\N,3.19,\N,-0.4,-0.21,-0.22,-0.06,-0.62,\N,\N,\N,2019-07-05 17:21:36
ALLK,Health Care,Major Pharmaceuticals,1740,\N,\N,\N,\N,\N,\N,\N,\N,\N,\N,\N,\N,\N
ABTX,Finance,Major Banks,692.32,\N,\N,4.73,\N,0.57,0.55,0.65,0.59,0.58,\N,\N,\N,2019-07-05 17:22:09
ALGT,Transportation,Air Freight/Delivery Services,2190,\N,\N,1.37,\N,3.42,3.1,0.94,2.56,3.52,\N,\N,\N,2019-07-05 17:22:43
ALGR,Finance,Business Services,191.74,\N,\N,\N,\N,\N,\N,\N,\N,\N,\N,\N,\N,\N
ALNA,Health Care,Biotechnology: Biological Products (No Diagnostic ,92.63,\N,\N,\N,\N,\N,\N,\N,\N,\N,\N,\N,\N,\N
ARLP,Energy,Coal Mining,2170,\N,\N,1.08,\N,1.16,0.64,0.55,0.38,2.12,\N,\N,\N,2019-07-05 17:23:17
LNT,Public Utilities,Power Generation,11820,\N,\N,3.26,\N,0.52,0.43,0.87,0.36,0.53,\N,\N,\N,2019-07-05 17:23:37
AHPI,Health Care,Industrial Specialties,7.19,\N,\N,0.2,\N,-0.22,-0.04,-0.31,-0.19,0.09,\N,\N,\N,2019-07-05 17:24:04
AMOT,Capital Goods,Electrical Products,349.79,\N,\N,1.1,\N,0.45,0.45,0.52,0.28,0.48,\N,\N,\N,2019-07-05 17:24:29
ALLO,Health Care,Biotechnology: Biological Products (No Diagnostic ,3180,\N,\N,\N,\N,\N,\N,\N,\N,\N,\N,\N,\N,\N
ALLT,Technology,Computer Communications Equipment,246.77,\N,\N,2.65,\N,-0.11,-0.07,-0.07,-0.05,-0.1,\N,\N,\N,2019-07-05 17:24:53
MDRX,Technology,EDP Services,1860,\N,\N,1.1,\N,-0.22,0.36,-0.2,2.14,-0.04,\N,\N,\N,2019-07-05 17:25:14
ALNY,Health Care,Major Pharmaceuticals,7580,\N,\N,89.52,\N,-1.41,-1.63,-2.43,-2.09,-1.73,\N,\N,\N,2019-07-05 17:25:38
AOSL,Technology,Semiconductors,209.4,\N,\N,0.49,\N,0.07,0.04,0.1,-0.06,-0.06,\N,\N,\N,2019-07-05 17:25:56
GOOG,Technology,Computer Software: Programming\, Data Processing,754190,\N,\N,5.48,\N,13.33,4.54,13.06,12.77,9.5,\N,\N,\N,2019-07-05 17:26:23
GOOGL,Technology,Computer Software: Programming\, Data Processing,755050,\N,\N,5.48,\N,13.33,4.54,13.06,12.77,9.5,\N,\N,\N,2019-07-05 17:26:45
ATEC,Health Care,Medical/Dental Instruments,190.71,\N,\N,2.1,\N,-0.09,-0.21,-0.22,-0.25,-0.29,\N,\N,\N,2019-07-05 17:27:11
ALPN,Health Care,Major Pharmaceuticals,83.57,\N,\N,211.9,\N,-0.38,-0.57,-0.88,-0.8,-0.7,\N,\N,\N,2019-07-05 17:27:34
AMR,Energy,Oil & Gas Production,59.04,\N,\N,\N,\N,\N,\N,\N,\N,\N,\N,\N,\N,\N
AABA,Technology,EDP Services,35660,\N,\N,109.72,\N,-0.1,-0.46,0.17,0.17,0.1,\N,\N,\N,2019-07-05 17:28:23
ALTR,Technology,Computer Software: Prepackaged Software,2760,\N,\N,7,\N,0.05,0.02,0.1,-0.15,0.17,\N,\N,\N,2019-07-05 17:28:52
ATHE,Health Care,Major Pharmaceuticals,18.36,\N,\N,\N,\N,\N,\N,\N,\N,\N,\N,\N,\N,\N
ALT,Health Care,Major Pharmaceuticals,29.46,\N,\N,3.05,\N,-7.5,-10.2,-1.73,-2.79,-0.27,\N,\N,\N,2019-07-05 17:29:15
ASPS,Consumer Services,Other Consumer Services,301.16,\N,\N,0.43,\N,-0.24,0.09,0.49,-0.69,-0.2,\N,\N,\N,2019-07-05 17:29:37
AIMC,Capital Goods,Industrial Machinery/Components,2260,\N,\N,1.56,\N,0.31,0.65,0.42,-0.08,0.55,\N,\N,\N,2019-07-05 17:30:02
ALTM,Public Utilities,Natural Gas Distribution,1190,\N,\N,12.72,\N,0.02,0.01,-0.09,-0.01,0.01,\N,\N,\N,2019-07-05 17:30:19
AMAG,Health Care,Major Pharmaceuticals,299.51,\N,\N,0.78,\N,-1.59,-0.58,0.89,-0.64,-3.54,\N,\N,\N,2019-07-05 17:30:41
AMAL,Consumer Non-Durables,Textiles,527.41,\N,\N,\N,\N,\N,\N,\N,\N,\N,\N,\N,\N,\N
AMRN,Health Care,Major Pharmaceuticals,6010,\N,\N,28.98,\N,-0.08,-0.12,-0.08,-0.11,-0.07,\N,\N,\N,2019-07-05 17:31:32
AMRK,Basic Industries,Other Specialty Stores,93.94,\N,\N,\N,\N,\N,\N,\N,\N,\N,\N,\N,\N,\N
AMZN,Consumer Services,Catalog/Specialty Distribution,924730,\N,\N,3.95,\N,3.27,5.07,5.75,6.04,7.09,\N,\N,\N,2019-07-05 17:32:15
AMBC,Finance,Property-Casualty Insurers,769.3,\N,\N,1.73,\N,6.7,0.09,-2.27,-0.45,-0.94,\N,\N,\N,2019-07-05 17:32:33
AMBA,Technology,Semiconductors,1440,\N,\N,6.68,\N,-0.3,-0.21,-0.28,-0.14,-0.53,\N,\N,\N,2019-07-05 17:32:52
AMCX,Consumer Services,Television Services,3080,\N,\N,1.05,\N,2.54,1.82,1.93,1.24,2.48,\N,\N,\N,2019-07-05 17:33:10
AMCI,Finance,Business Services,274,\N,\N,\N,\N,\N,\N,\N,\N,\N,\N,\N,\N,\N
DOX,Technology,EDP Services,8520,\N,\N,2.12,\N,0.7,0.64,0.31,0.72,0.9,\N,\N,\N,2019-07-05 17:33:34
AMED,Health Care,Medical/Nursing Services,3890,\N,\N,2.25,\N,0.79,0.98,0.96,0.84,0.95,\N,\N,\N,2019-07-05 17:33:51
AMTB,Finance,Major Banks,782,\N,\N,\N,\N,\N,\N,\N,\N,\N,\N,\N,\N,\N
AMTBB,Finance,Major Banks,606.07,\N,\N,\N,\N,\N,\N,\N,\N,\N,\N,\N,\N,\N
UHAL,Consumer Services,Rental/Leasing Companies,7420,\N,\N,1.94,\N,0.55,6.53,8.35,4.01,0.04,\N,\N,\N,2019-07-05 17:34:59
AMRH,Technology,Semiconductors,16.98,\N,\N,0.41,\N,-0.11,-0.07,0.16,-0.84,-0.04,\N,\N,\N,2019-07-05 17:35:23
ATAX,Finance,Finance: Consumer Services,444.74,\N,\N,8.04,\N,0.09,0.04,0.25,0.22,0.08,\N,\N,\N,2019-07-05 17:35:51
AMOV,Public Utilities,Telecommunications Equipment,50140,\N,\N,\N,\N,\N,\N,\N,\N,\N,\N,\N,could not convert string to float: N/A,\N
AAL,Transportation,Air Freight/Delivery Services,13910,\N,\N,0.32,\N,0.39,1.22,0.74,0.69,0.41,\N,\N,\N,2019-07-05 17:36:16
AETI,Energy,Industrial Machinery/Components,6.34,\N,\N,0.98,\N,-0.35,-0.23,0.32,-0.15,-0.06,\N,\N,\N,2019-07-05 17:36:38
AFIN,Consumer Services,Real Estate Investment Trusts,1130,\N,\N,4.01,\N,0.15,-0.11,-0.26,-0.13,-0.03,\N,\N,\N,2019-07-05 17:36:57
AFINP,Consumer Services,Real Estate Investment Trusts,30.47,\N,\N,\N,\N,\N,\N,\N,\N,\N,\N,\N,\N,\N
AMNB,Finance,Major Banks,398.03,\N,\N,5.75,\N,0.67,0.69,0.66,0.57,0.69,\N,\N,\N,2019-07-05 17:37:33
ANAT,Finance,Life Insurance,3060,\N,\N,0.89,\N,0.7,3.12,6.44,-4.37,9.6,\N,\N,\N,2019-07-05 17:37:49
AOBC,Capital Goods,Ordnance And Accessories,459.79,\N,\N,0.77,\N,0.14,0.14,0.12,-0.1,0.18,\N,\N,\N,2019-07-05 17:38:06
APEI,Consumer Services,Other Consumer Services,466.57,\N,\N,1.65,\N,0.28,0.39,0.33,0.55,0.06,\N,\N,\N,2019-07-05 17:38:26
AREC,Consumer Services,Other Consumer Services,64.35,\N,\N,2.75,\N,-2.93,-2.1,-2.49,-0.27,-0.48,\N,\N,\N,2019-07-05 17:38:42
AMRB,Finance,Major Banks,74.07,\N,\N,3.15,\N,0.22,0.22,0.2,0.19,0.2,\N,\N,\N,2019-07-05 17:39:01
AMSWA,Technology,Computer Software: Prepackaged Software,413.65,\N,\N,3.81,\N,0.18,0.04,0.04,0.04,0.07,\N,\N,\N,2019-07-05 17:39:18
AMSC,Consumer Durables,Metal Fabrications,180.26,\N,\N,3.66,\N,-0.3,-0.23,1.1,0.83,-0.41,\N,\N,\N,2019-07-05 17:39:33
AMWD,Basic Industries,Forest Products,1310,\N,\N,0.86,\N,1.08,1.41,1.05,1.07,1.3,\N,\N,\N,2019-07-05 17:39:47
CRMT,Consumer Durables,Automotive Aftermarket,579.34,\N,\N,0.86,\N,1.43,1.53,1.58,1.55,2.07,\N,\N,\N,2019-07-05 17:40:02
ABCB,Finance,Major Banks,1800,\N,\N,5.89,\N,0.7,0.24,0.87,0.91,0.84,\N,\N,\N,2019-07-05 17:40:24
AMSF,Finance,Property-Casualty Insurers,1200,\N,\N,3.23,\N,0.84,0.88,1.02,0.98,1.01,\N,\N,\N,2019-07-05 17:40:43
ASRV,Finance,Major Banks,71.4,\N,\N,1.42,\N,0.1,0.1,0.13,0.11,0.11,\N,\N,\N,2019-07-05 17:41:03
ASRVP,Finance,Major Banks,0.63,\N,\N,\N,\N,\N,\N,\N,\N,\N,\N,\N,\N,\N
ATLO,Finance,Major Banks,243.36,\N,\N,5.06,\N,0.43,0.46,0.48,0.45,0.46,\N,\N,\N,2019-07-05 17:41:26
AMGN,Health Care,Biotechnology: Biological Products (No Diagnostic ,112500,\N,\N,4.73,\N,3.25,3.48,2.86,3.01,3.18,\N,\N,\N,2019-07-05 17:41:50
FOLD,Health Care,Major Pharmaceuticals,3070,\N,\N,26.92,\N,-0.28,-0.33,-0.84,-0.41,-0.56,\N,\N,\N,2019-07-05 17:42:22
AMKR,Technology,Semiconductors,1660,\N,\N,0.43,\N,0.04,0.14,0.24,0.12,-0.1,\N,\N,\N,2019-07-05 17:42:57
AMPH,Health Care,Major Pharmaceuticals,963.43,\N,\N,3.1,\N,-0.16,-0.06,0.05,0.04,0.02,\N,\N,\N,2019-07-05 17:43:25
ASYS,Technology,Industrial Machinery/Components,72.62,\N,\N,0.49,\N,0.19,0.33,-0.61,-0.17,-0.4,\N,\N,\N,2019-07-05 17:43:51
AMRS,Basic Industries,Major Chemicals,301.08,\N,\N,4.03,\N,-1.14,-0.17,-1.79,-0.29,-1.13,\N,\N,\N,2019-07-05 17:44:32
ADI,Technology,Semiconductors,40780,\N,\N,6.82,\N,1.01,1.1,1.15,0.95,0.98,\N,\N,\N,2019-07-05 17:45:00
ANAB,Health Care,Major Pharmaceuticals,1480,\N,\N,289.77,\N,-0.63,-0.57,-0.66,-0.64,-0.82,\N,\N,\N,2019-07-05 16:12:21
AVXL,Health Care,Biotechnology: Commercial Physical & Biological Re,167.42,\N,\N,\N,\N,\N,\N,\N,\N,\N,\N,\N,\N,\N
ANCN,Health Care,Major Pharmaceuticals,28.99,\N,\N,\N,\N,\N,\N,\N,\N,\N,\N,\N,\N,\N
ANDA,Finance,Business Services,137.14,\N,\N,\N,\N,\N,\N,\N,\N,\N,\N,\N,\N,\N
ANGI,Consumer Services,Advertising,6910,\N,\N,5.54,\N,-0.02,0.05,0.05,0.07,0.02,\N,\N,\N,2019-07-05 17:51:02
ANGO,Health Care,Medical/Dental Instruments,735.76,\N,\N,2.14,\N,0.37,0.06,-0.01,0.06,0.02,\N,\N,\N,2019-07-05 17:51:33
ANIP,Health Care,Major Pharmaceuticals,939,\N,\N,4.85,\N,0.19,0.23,0.42,0.46,0.04,\N,\N,\N,2019-07-05 17:52:18
ANIK,Health Care,Medical/Dental Instruments,548.53,\N,\N,5.26,\N,-0.46,0.68,0.53,0.54,0.31,\N,\N,\N,2019-07-05 16:13:18
ANIX,Health Care,Medical Specialities,73.76,\N,\N,117.1,\N,-0.08,-0.3,-0.29,-0.25,-0.13,\N,\N,\N,2019-07-05 17:58:00
ANSS,Technology,Computer Software: Prepackaged Software,16490,\N,\N,13.07,\N,0.98,1.08,1.04,1.79,1.01,\N,\N,\N,2019-07-05 17:58:38
ATRS,Health Care,Medical/Dental Instruments,510.63,\N,\N,7.37,\N,-0.04,-0.03,-0.01,0.04,-0.03,\N,\N,\N,2019-07-05 17:59:10
APLS,Health Care,Major Pharmaceuticals,1510,\N,\N,\N,\N,\N,\N,\N,\N,\N,\N,\N,\N,\N
APOG,Capital Goods,Auto Parts:O.E.M.,1010,\N,\N,0.81,\N,0.78,0.54,0.72,0.78,-0.45,\N,\N,\N,2019-07-05 17:59:42
APEN,Health Care,Medical/Dental Instruments,74.97,\N,\N,1.2,\N,-0.47,-0.53,-0.45,-0.84,-0.13,\N,\N,\N,2019-07-05 18:00:15
AMEH,Consumer Services,Professional Services,565.49,\N,\N,1.16,\N,0.06,0.07,0.24,-0.1,0,\N,\N,\N,2019-07-05 18:00:50
APPF,Technology,Computer Software: Prepackaged Software,3410,\N,\N,17.06,\N,0.12,0.21,0.16,0.07,0.11,\N,\N,\N,2019-07-05 18:01:20
APPN,Technology,Computer Software: Prepackaged Software,2280,\N,\N,9.71,\N,-0.16,-0.18,-0.24,-0.22,-0.27,\N,\N,\N,2019-07-05 18:01:59
AAPL,Technology,Computer Manufacturing,899830,\N,\N,3.61,\N,2.73,2.34,2.91,4.18,2.46,\N,\N,\N,2019-07-05 18:02:28
ARCI,Consumer Services,Home Furnishings,7.59,\N,\N,0.21,\N,-1.05,-1,-0.8,-0.85,-1.2,\N,\N,\N,2019-07-05 18:02:52
APDN,Consumer Services,Other Consumer Services,21.22,\N,\N,5.15,\N,-0.07,-0.1,-0.12,-0.11,-0.08,\N,\N,\N,2019-07-05 18:03:51
AGTC,Health Care,Biotechnology: Biological Products (No Diagnostic ,68.14,\N,\N,1.46,\N,-0.45,-0.37,0.07,-0.23,0.63,\N,\N,\N,2019-07-05 18:04:44
AMAT,Technology,Semiconductors,39300,\N,\N,2.61,\N,1.09,1.17,0.89,0.8,0.7,\N,\N,\N,2019-07-05 18:05:57
AAOI,Technology,Semiconductors,181.45,\N,\N,0.78,\N,0.11,0.4,-0.19,-0.43,-0.53,\N,\N,\N,2019-07-05 18:07:05
APLT,Health Care,Major Pharmaceuticals,143.32,\N,\N,\N,\N,\N,\N,\N,\N,\N,\N,\N,\N,\N
AREX,Energy,Oil & Gas Production,33.86,\N,\N,0.29,\N,-0.08,-0.1,-0.05,0.01,-0.18,\N,\N,\N,2019-07-05 18:07:39
APVO,Health Care,Major Pharmaceuticals,39.85,\N,\N,1.55,\N,-0.63,-0.58,-0.56,-0.62,-0.44,\N,\N,\N,2019-07-05 18:08:05
APTX,Health Care,Major Pharmaceuticals,108.74,\N,\N,25.58,\N,-0.45,-1.83,-0.43,-0.42,-0.5,\N,\N,\N,2019-07-05 18:08:23
APM,Health Care,Major Pharmaceuticals,171.93,\N,\N,\N,\N,\N,\N,\N,\N,\N,\N,\N,\N,\N
APTO,Health Care,Biotechnology: Biological Products (No Diagnostic ,125,\N,\N,\N,\N,\N,\N,\N,\N,\N,\N,\N,\N,\N
APYX,Health Care,Medical/Dental Instruments,199.44,\N,\N,12.53,\N,-0.03,-0.01,1.98,-0.12,-0.14,\N,\N,\N,2019-07-05 18:09:20
AQMS,Basic Industries,Metal Fabrications,67.6,\N,\N,26.49,\N,-0.27,-0.33,-0.24,-0.36,-0.27,\N,\N,\N,2019-07-05 18:09:53
AQST,Health Care,Major Pharmaceuticals,104.9,\N,\N,\N,\N,\N,\N,\N,\N,\N,\N,\N,\N,\N
AQXP,Health Care,Major Pharmaceuticals,56.02,\N,\N,2.28,\N,-0.62,0.12,-0.64,-0.2,-0.09,\N,\N,\N,2019-07-05 18:11:42
PETX,Health Care,Major Pharmaceuticals,256.28,\N,\N,6.4,\N,-0.19,-0.14,0.19,-0.18,-0.14,\N,\N,\N,2019-07-05 18:12:54
ARAV,Health Care,Major Pharmaceuticals,67.66,\N,\N,21.74,\N,-1.5,-1.62,-1.08,-4.82,-0.42,\N,\N,\N,2019-07-05 18:13:54
ABUS,Health Care,Major Pharmaceuticals,140.39,\N,\N,26.79,\N,-0.36,0.01,-0.49,-0.37,-0.47,\N,\N,\N,2019-07-05 18:14:25
ARCW,Capital Goods,Metal Fabrications,10.53,\N,\N,0.08,\N,-0.16,-0.09,-0.07,-0.15,-0.26,\N,\N,\N,2019-07-05 18:15:10
ABIO,Health Care,Biotechnology: In Vitro & In Vivo Diagnostic Subst,18.47,\N,\N,\N,\N,\N,\N,\N,\N,\N,\N,\N,\N,\N
RKDA,Basic Industries,Agricultural Chemicals,15.34,\N,\N,10.25,\N,-4.86,-2.02,0.93,0.16,-2.64,\N,\N,\N,2019-07-05 18:16:21
ARCB,Transportation,Trucking Freight/Courier Services,646.51,\N,\N,0.22,\N,0.37,0.05,1.52,0.57,0.18,\N,\N,\N,2019-07-05 18:17:02
ACGL,Finance,Property-Casualty Insurers,14500,\N,\N,2.58,\N,0.33,0.56,0.53,0.31,1.07,\N,\N,\N,2019-07-05 18:17:48
FUV,Consumer Non-Durables,Motor Vehicles,50.19,\N,\N,549.74,\N,-0.13,-0.14,-0.2,-0.23,-0.2,\N,\N,\N,2019-07-05 18:18:20
ARCE,Consumer Services,Other Consumer Services,971.16,\N,\N,\N,\N,\N,\N,\N,\N,\N,\N,\N,\N,\N
ARCT,Health Care,Major Pharmaceuticals,128.43,\N,\N,7.11,\N,-0.66,-0.99,-0.42,-0.09,-0.68,\N,\N,\N,2019-07-05 18:19:09
ARDX,Health Care,Major Pharmaceuticals,157.13,\N,\N,586.73,\N,-0.36,-0.42,-0.39,-0.45,-0.42,\N,\N,\N,2019-07-05 18:19:26
ARNA,Health Care,Major Pharmaceuticals,2780,\N,\N,3.67,\N,-0.8,-0.65,-0.7,1.35,12.1,\N,\N,\N,2019-07-05 18:20:08
ARGX,Health Care,Biotechnology: Biological Products (No Diagnostic ,5290,\N,\N,\N,\N,\N,\N,\N,\N,\N,\N,\N,\N,\N
ARDS,Health Care,Major Pharmaceuticals,89.99,\N,\N,\N,\N,\N,\N,\N,\N,\N,\N,\N,\N,\N
ARKR,Consumer Services,Restaurants,71.07,\N,\N,0.43,\N,-0.19,0.75,0.28,-0.02,-0.19,\N,\N,\N,2019-07-05 18:21:24
ARTX,Miscellaneous,Industrial Machinery/Components,50.4,\N,\N,\N,\N,\N,\N,\N,\N,\N,\N,\N,\N,\N
ARQL,Health Care,Major Pharmaceuticals,1180,\N,\N,51.73,\N,-0.07,0.05,-0.05,-0.08,-0.09,\N,\N,\N,2019-07-05 18:23:15
ARRY,Health Care,Major Pharmaceuticals,10310,\N,\N,53.65,\N,-0.11,-0.25,-0.12,-0.05,-0.17,\N,\N,\N,2019-07-05 18:24:00
AROW,Finance,Major Banks,480.88,\N,\N,4.45,\N,0.59,0.67,0.64,0.6,0.6,\N,\N,\N,2019-07-05 18:24:40
ARWR,Health Care,Major Pharmaceuticals,2610,\N,\N,26.11,\N,-0.18,-0.18,-0.12,0.13,0.24,\N,\N,\N,2019-07-05 18:25:23
ARTNA,Public Utilities,Water Supply,336.57,\N,\N,4.18,\N,0.37,0.42,0.42,0.32,0.39,\N,\N,\N,2019-07-05 18:26:02
ARTW,Capital Goods,Industrial Machinery/Components,9.13,\N,\N,0.48,\N,-0.14,-0.16,-0.18,-0.34,-0.14,\N,\N,\N,2019-07-05 18:26:43
ARVN,Health Care,Major Pharmaceuticals,725.72,\N,\N,\N,\N,\N,\N,\N,\N,\N,\N,\N,\N,\N
ARYA,Finance,Business Services,179.87,\N,\N,\N,\N,\N,\N,\N,\N,\N,\N,\N,\N,\N
ASNA,Consumer Services,Clothing/Shoe/Accessory Stores,128.57,\N,\N,0.02,\N,-0.2,0.17,0.03,-0.36,-1.2,\N,\N,\N,2019-07-05 18:27:49
ASND,Health Care,Major Pharmaceuticals,5680,\N,\N,\N,\N,\N,\N,\N,\N,\N,\N,\N,\N,\N
ASCMA,Consumer Services,Other Consumer Services,13.73,\N,\N,0.02,\N,-2.51,-19.82,-3.24,-30.97,-2.24,\N,\N,\N,2019-07-05 18:28:18
APWC,Basic Industries,Telecommunications Equipment,30.61,\N,\N,0.07,\N,0.23,0.01,0.12,0.06,0.02,\N,\N,\N,2019-07-05 18:29:00
ASLN,Health Care,Major Pharmaceuticals,111.53,\N,\N,\N,\N,\N,\N,\N,\N,\N,\N,\N,\N,\N
ASML,Technology,Industrial Machinery/Components,84720,\N,\N,\N,\N,\N,\N,\N,\N,\N,\N,\N,\N,\N
ASPU,Consumer Services,Other Consumer Services,73.66,\N,\N,2.5,\N,-0.15,-0.25,-0.15,-0.13,-0.13,\N,\N,\N,2019-07-05 18:29:54
AZPN,Technology,EDP Services,8270,\N,\N,16.07,\N,0.52,0.53,0.53,0.83,0.88,\N,\N,\N,2019-07-05 18:30:22
ASMB,Health Care,Major Pharmaceuticals,354.83,\N,\N,24.69,\N,-0.8,-1.3,-0.87,-1.03,-1.05,\N,\N,\N,2019-07-05 18:31:03
ASRT,Health Care,Major Pharmaceuticals,204.81,\N,\N,0.9,\N,0.48,-0.33,0.65,-0.38,-0.22,\N,\N,\N,2019-07-05 18:31:50
ASFI,Finance,Finance Companies,47.8,\N,\N,2.18,\N,0.15,0.29,0.56,0.19,0.27,\N,\N,\N,2019-07-05 18:32:14
ASTE,Capital Goods,Construction/Ag Equipment/Trucks,706.11,\N,\N,0.6,\N,0.87,-1.76,0.3,-2.08,0.63,\N,\N,\N,2019-07-05 18:32:46
ATRO,Capital Goods,Military/Government/Technical,1340,\N,\N,1.6,\N,0.1,0.43,0.52,0.37,2.35,\N,\N,\N,2019-07-05 18:33:24
ALOT,Technology,Computer peripheral equipment,179.69,\N,\N,1.29,\N,0.12,0.17,0.2,0.32,0.23,\N,\N,\N,2019-07-05 18:33:52
ASTC,Capital Goods,Biotechnology: Laboratory Analytical Instruments,16.98,\N,\N,175.92,\N,-0.7,-1.04,-0.55,-0.46,-0.25,\N,\N,\N,2019-07-05 18:34:26
ASUR,Technology,EDP Services,117.39,\N,\N,1.44,\N,-0.15,-0.29,-0.24,0.14,-0.19,\N,\N,\N,2019-07-05 18:35:04
ASV,Capital Goods,Construction/Ag Equipment/Trucks,16.53,\N,\N,0.55,\N,-0.03,0.03,0.06,-3.33,-0.07,\N,\N,\N,2019-07-05 18:35:52
ATAI,Consumer Services,Other Consumer Services,64.21,\N,\N,\N,\N,\N,\N,\N,\N,\N,\N,\N,\N,\N
ATRA,Health Care,Biotechnology: Biological Products (No Diagnostic ,926.42,\N,\N,\N,\N,\N,\N,\N,\N,\N,\N,\N,\N,\N
ATNX,Health Care,Major Pharmaceuticals,1390,\N,\N,19.73,\N,-0.12,-0.58,-0.7,-0.41,-0.53,\N,\N,\N,2019-07-05 18:36:44
ATHX,Health Care,Major Pharmaceuticals,259.11,\N,\N,9.9,\N,-0.08,0.05,-0.07,-0.08,-0.09,\N,\N,\N,2019-07-05 18:37:20
ATIF,Consumer Services,Professional Services,133.38,\N,\N,\N,\N,\N,\N,\N,\N,\N,\N,\N,\N,\N
AAME,Finance,Life Insurance,50.16,\N,\N,0.24,\N,-0.25,0.15,0.04,0.01,0.19,\N,\N,\N,2019-07-05 18:38:26
ACBI,Finance,Major Banks,400.13,\N,\N,4.92,\N,0.19,0.31,0.25,0.34,0.21,\N,\N,\N,2019-07-05 18:39:02
AUB,Finance,Major Banks,2800,\N,\N,5.48,\N,0.25,0.72,0.58,0.67,0.47,\N,\N,\N,2019-07-05 18:40:14
AY,Public Utilities,Electric Utilities: Central,2340,\N,\N,2.17,\N,-0.05,0.72,0.53,-0.79,-0.09,\N,\N,\N,2019-07-05 18:41:00
ATLC,Finance,Finance: Consumer Services,61.5,\N,\N,1.16,\N,-0.34,0.41,-1.16,1.65,0.39,\N,\N,\N,2019-07-05 18:41:27
AAWW,Transportation,Transportation Services,1040,\N,\N,0.4,\N,0.37,-0.83,0.84,2.73,-1.15,\N,\N,\N,2019-07-05 18:42:10
AFH,Finance,Property-Casualty Insurers,9.58,\N,\N,0.04,\N,0.42,-4.48,0.45,0.47,0.47,\N,\N,\N,2019-07-05 18:42:53
TEAM,Technology,Computer Software: Prepackaged Software,30310,\N,\N,29.29,\N,-0.06,-0.11,-1.03,0.18,-0.85,\N,\N,\N,2019-07-05 18:43:33
ATNI,Public Utilities,Telecommunications Equipment,912.76,\N,\N,2.1,\N,-0.35,0.45,1.06,0.07,-0.1,\N,\N,\N,2019-07-05 18:44:10
ATOM,Technology,Semiconductors,73.59,\N,\N,222.34,\N,-0.26,-0.26,-0.28,-0.22,-0.24,\N,\N,\N,2019-07-05 18:44:58
ATOS,Health Care,Major Pharmaceuticals,21.08,\N,\N,\N,\N,\N,\N,\N,\N,\N,\N,\N,\N,\N
ATRC,Health Care,Medical/Dental Instruments,1170,\N,\N,5.77,\N,-0.31,-0.01,-0.22,-0.09,-0.15,\N,\N,\N,2019-07-05 18:45:42
ATRI,Health Care,Medical/Dental Instruments,1620,\N,\N,9.89,\N,4.57,4.74,4.96,4.17,5.07,\N,\N,\N,2019-07-05 18:46:24
ATIS,Basic Industries,Major Chemicals,5.92,\N,\N,2.83,\N,-7.54,-5.68,-17.52,-5.04,4.59,\N,\N,\N,2019-07-05 18:47:06
LIFE,Health Care,Biotechnology: Biological Products (No Diagnostic ,17.2,\N,\N,\N,\N,\N,\N,\N,\N,\N,\N,\N,\N,\N
AUBN,Finance,Major Banks,113.01,\N,\N,3.97,\N,0.6,0.62,0.54,0.66,0.7,\N,\N,\N,2019-07-05 18:47:42
BOLD,Health Care,Biotechnology: Biological Products (No Diagnostic ,1660,\N,\N,\N,\N,\N,\N,\N,\N,\N,\N,\N,\N,\N
AUDC,Public Utilities,Telecommunications Equipment,448.43,\N,\N,2.52,\N,0.08,0.08,0.14,0.15,0.1,\N,\N,\N,2019-07-05 18:48:13
AEYE,Technology,Computer Software: Prepackaged Software,55.02,\N,\N,8.8,\N,-0.25,-0.17,-0.19,-0.19,-0.28,\N,\N,\N,2019-07-05 18:48:52
AUPH,Health Care,Major Pharmaceuticals,567.29,\N,\N,\N,\N,\N,\N,\N,\N,\N,\N,\N,\N,\N
EARS,Health Care,Major Pharmaceuticals,5.26,\N,\N,\N,\N,\N,\N,\N,\N,\N,\N,\N,\N,\N
JG,Technology,Computer Software: Programming\, Data Processing,577.55,\N,\N,\N,\N,\N,\N,\N,\N,\N,\N,\N,\N,\N
ADSK,Technology,Computer Software: Prepackaged Software,35830,\N,\N,13.63,\N,-0.38,-0.18,-0.11,0.29,-0.11,\N,\N,\N,2019-07-05 18:49:41
AUTL,Health Care,Biotechnology: Biological Products (No Diagnostic ,715.14,\N,\N,\N,\N,\N,\N,\N,\N,\N,\N,\N,\N,\N
ADP,Technology,EDP Services,72040,\N,\N,5.06,\N,1.45,0.25,1.15,1.27,1.73,\N,\N,\N,2019-07-05 18:50:40
AUTO,Technology,Computer Software: Programming\, Data Processing,42.85,\N,\N,0.38,\N,-0.81,-0.41,-1.41,-0.41,-0.41,\N,\N,\N,2019-07-05 18:51:17
AVDL,Health Care,Major Pharmaceuticals,102.35,\N,\N,1.08,\N,-0.32,-0.09,-0.43,-1.71,-0.35,\N,\N,\N,2019-07-05 18:51:48
AVCO,Consumer Services,Professional Services,174.01,\N,\N,124.31,\N,-0.02,-0.02,-0.03,-0.04,-0.06,\N,\N,\N,2019-07-05 18:52:20
AVDR,Health Care,Major Pharmaceuticals,335.19,\N,\N,\N,\N,\N,\N,\N,\N,\N,\N,\N,\N,\N
ATXI,Health Care,Major Pharmaceuticals,98.53,\N,\N,\N,\N,\N,\N,\N,\N,\N,\N,\N,\N,\N
AVEO,Health Care,Major Pharmaceuticals,113.8,\N,\N,18.29,\N,-0.08,-0.06,-0.18,-0.03,-0.06,\N,\N,\N,2019-07-05 18:53:19
AVNW,Technology,Radio And Television Broadcasting And Communicatio,70.29,\N,\N,0.28,\N,-0.49,0.01,-0.14,0.41,0.78,\N,\N,\N,2019-07-05 18:53:53
CDMO,Health Care,Major Pharmaceuticals,217.01,\N,\N,6.2,\N,0.03,-0.06,-0.05,-0.05,-0.02,\N,\N,\N,2019-07-05 18:54:22
CDMOP,Health Care,Major Pharmaceuticals,18.47,\N,\N,\N,\N,\N,\N,\N,\N,\N,\N,\N,\N,\N
AVID,Technology,Computer Software: Prepackaged Software,362.65,\N,\N,0.96,\N,-0.22,-0.2,0.02,0.14,-0.01,\N,\N,\N,2019-07-05 18:55:18
AVGR,Health Care,Medical/Dental Instruments,22.4,\N,\N,2.59,\N,-79.9,-9.8,-5.6,-3.1,-1.4,\N,\N,\N,2019-07-05 18:55:41
CAR,Consumer Services,Rental/Leasing Companies,2680,\N,\N,0.29,\N,-1.08,0.32,2.68,0.16,-1.2,\N,\N,\N,2019-07-05 18:56:11
AVT,Technology,Electronic Components,4580,\N,\N,0.24,\N,-2.68,0.5,0.72,0.33,0.81,\N,\N,\N,2019-07-05 18:56:36
AVRO,Health Care,Biotechnology: Biological Products (No Diagnostic ,374.52,\N,\N,\N,\N,\N,\N,\N,\N,\N,\N,\N,\N,\N
AWRE,Technology,Computer Software: Prepackaged Software,71.12,\N,\N,4.16,\N,-0.02,-0.01,0.06,0.03,0.01,\N,\N,\N,2019-07-05 18:57:57
ACLS,Technology,Industrial Machinery/Components,463.17,\N,\N,1.21,\N,0.41,0.43,0.26,0.25,0.18,\N,\N,\N,2019-07-05 19:00:05
AXLA,Health Care,Biotechnology: Biological Products (No Diagnostic ,211.68,\N,\N,\N,\N,\N,\N,\N,\N,\N,\N,\N,\N,\N
AXGN,Health Care,Biotechnology: Electromedical & Electrotherapeutic,760.29,\N,\N,8.62,\N,-0.16,-0.2,-0.11,-0.13,-0.24,\N,\N,\N,2019-07-05 19:54:09
AAXN,Capital Goods,Ordnance And Accessories,4070,\N,\N,8.64,\N,0.24,0.15,0.1,0.03,0.11,\N,\N,\N,2019-07-05 19:54:23
AXNX,Health Care,Medical/Dental Instruments,1050,\N,\N,\N,\N,\N,\N,\N,\N,\N,\N,\N,\N,\N
AXGT,Health Care,Major Pharmaceuticals,145.56,\N,\N,\N,\N,\N,\N,\N,\N,\N,\N,\N,\N,\N
AXSM,Health Care,Major Pharmaceuticals,798.66,\N,\N,\N,\N,\N,\N,\N,\N,\N,\N,\N,\N,\N
AXTI,Technology,Semiconductors,143.16,\N,\N,1.68,\N,0.07,0.1,0.1,-0.03,-0.03,\N,\N,\N,2019-07-05 19:54:55
AYTU,Health Care,Major Pharmaceuticals,30.49,\N,\N,4.8,\N,-4.8,0.31,-1.96,-0.72,-0.5,\N,\N,\N,2019-07-05 19:55:12
AZRX,Health Care,Major Pharmaceuticals,36.01,\N,\N,\N,\N,\N,\N,\N,\N,\N,\N,\N,\N,\N
BCOM,Consumer Services,Telecommunications Equipment,71.57,\N,\N,\N,\N,\N,\N,\N,\N,\N,\N,\N,\N,\N
RILY,Miscellaneous,Business Services,531.84,\N,\N,\N,\N,\N,\N,\N,\N,\N,\N,\N,\N,\N
BOSC,Technology,Computer Communications Equipment,10.22,\N,\N,0.34,\N,0.06,0.06,0.06,0.11,0.04,\N,\N,\N,2019-07-05 19:55:46
BIDU,Technology,Computer Software: Programming\, Data Processing,39640,\N,\N,\N,\N,\N,\N,\N,\N,\N,\N,\N,\N,\N
BCPC,Basic Industries,Major Chemicals,3140,\N,\N,4.96,\N,0.6,0.61,0.59,0.63,0.58,\N,\N,\N,2019-07-05 19:56:01
BLDP,Energy,Industrial Machinery/Components,875.89,\N,\N,10.78,\N,-0.03,-0.02,-0.03,-0.06,-0.05,\N,\N,\N,2019-07-05 19:56:16
BANF,Finance,Major Banks,1800,\N,\N,4.76,\N,0.89,0.91,0.98,0.98,0.96,\N,\N,\N,2019-07-05 19:56:31
BANFP,Finance,Major Banks,26.65,\N,\N,\N,\N,\N,\N,\N,\N,\N,\N,\N,\N,\N
BCTF,Finance,Savings Institutions,52.92,\N,\N,1.86,\N,0.11,0.12,0.04,0.05,0.01,\N,\N,\N,2019-07-05 19:56:47
BAND,Technology,Computer Software: Prepackaged Software,1650,\N,\N,8.26,\N,0.3,0.5,0.12,-0.07,0.09,\N,\N,\N,2019-07-05 19:57:01
BFC,Finance,Major Banks,452.37,\N,\N,6.59,\N,0.49,1.05,0.89,0.91,1,\N,\N,\N,2019-07-05 19:57:17
BOCH,Finance,Major Banks,189.05,\N,\N,3.68,\N,0.2,0.22,0.25,0.3,0.13,\N,\N,\N,2019-07-05 19:57:32
BMRC,Finance,Major Banks,568.64,\N,\N,5.68,\N,0.46,0.56,0.61,0.69,0.54,\N,\N,\N,2019-07-05 19:57:47
BMLP,Finance,Commercial Banks,47.96,\N,\N,\N,\N,\N,\N,\N,\N,\N,\N,\N,\N,\N
BKSC,Finance,Major Banks,104.27,\N,\N,5.55,\N,0.26,0.31,0.32,0.32,0.3,\N,\N,\N,2019-07-05 19:58:07
BOTJ,Finance,Major Banks,63.58,\N,\N,2.22,\N,0.26,0.3,0.32,0.34,0.28,\N,\N,\N,2019-07-05 19:58:23
OZK,Finance,Major Banks,3650,\N,\N,4.11,\N,0.88,0.89,0.58,0.89,0.86,\N,\N,\N,2019-07-05 19:58:38
BSVN,Finance,Major Banks,167.58,\N,\N,\N,\N,\N,\N,\N,\N,\N,\N,\N,\N,\N
BFIN,Finance,Savings Institutions,211.66,\N,\N,3.34,\N,0.2,0.26,0.22,0.44,0.22,\N,\N,\N,2019-07-05 19:59:09
BWFG,Finance,Major Banks,216.99,\N,\N,3.99,\N,0.59,0.6,0.62,0.41,0.65,\N,\N,\N,2019-07-05 19:59:24
BANR,Finance,Major Banks,1860,\N,\N,3.68,\N,0.89,1,1.17,1.09,0.95,\N,\N,\N,2019-07-05 19:59:40
BZUN,Consumer Services,Catalog/Specialty Distribution,2810,\N,\N,\N,\N,\N,\N,\N,\N,\N,\N,\N,\N,\N
BBSI,Technology,Professional Services,590.27,\N,\N,0.65,\N,-1.25,1.46,2.5,2.21,-0.31,\N,\N,\N,2019-07-05 19:59:57
GOLD,Basic Industries,Precious Metals,28040,\N,\N,3.6,\N,0.14,-0.08,-0.35,-1.02,0.06,\N,\N,\N,2019-07-06 08:02:31
BSET,Consumer Durables,Home Furnishings,143.59,\N,\N,0.3,\N,-0.09,0.4,0.28,0.18,0.04,\N,\N,\N,2019-07-05 20:00:28
GLG,Finance,Major Banks,3.23,\N,\N,4.55,\N,-0.1,2.14,-0.13,-0.24,-0.35,\N,\N,\N,2019-07-05 20:00:43
BCML,Finance,Major Banks,264.5,\N,\N,4.6,\N,0.54,0.45,0.31,0.24,0.45,\N,\N,\N,2019-07-05 20:00:59
BCBP,Finance,Savings Institutions,200.23,\N,\N,2.53,\N,0.29,0.13,0.27,0.31,0.32,\N,\N,\N,2019-07-05 20:01:14
BECN,Consumer Services,RETAIL: Building Materials,2400,\N,\N,0.36,\N,-1.07,0.55,0.54,-0.1,-1.08,\N,\N,\N,2019-07-05 20:01:29
BBGI,Consumer Services,Broadcasting,83.6,\N,\N,0.34,\N,-0.11,0.18,0.1,0.08,0.05,\N,\N,\N,2019-07-05 20:01:44
BBBY,Consumer Services,Home Furnishings,1510,\N,\N,0.12,\N,1.41,0.32,0.36,0.18,-1.92,\N,\N,\N,2019-07-05 20:01:58
BGNE,Health Care,Major Pharmaceuticals,7240,\N,\N,30.94,\N,-2.08,-2.86,-2.47,-4.55,-2.86,\N,\N,\N,2019-07-05 20:02:14
BELFA,Capital Goods,Electrical Products,191.59,\N,\N,0.38,\N,-0.11,0.56,0.94,0.33,0.09,\N,\N,\N,2019-07-05 20:02:29
BELFB,Capital Goods,Electrical Products,205.07,\N,\N,0.36,\N,-0.11,0.56,0.94,0.33,0.09,\N,\N,\N,2019-07-05 20:02:43
BLPH,Health Care,Major Pharmaceuticals,45.48,\N,\N,\N,\N,\N,\N,\N,\N,\N,\N,\N,\N,\N
BLCM,Health Care,Major Pharmaceuticals,92.94,\N,\N,54.3,\N,-0.68,-0.6,-0.55,-0.63,-0.55,\N,\N,\N,2019-07-05 20:02:59
BNFT,Technology,Computer Software: Prepackaged Software,822.7,\N,\N,3.17,\N,-0.44,-0.45,-0.36,-0.41,-0.44,\N,\N,\N,2019-07-05 20:03:13
BNTC,Health Care,Major Pharmaceuticals,9,\N,\N,\N,\N,\N,\N,\N,\N,\N,\N,\N,\N,\N
BRY,Energy,Oil & Gas Production,850.72,\N,\N,1.43,\N,0.02,-0.84,-0.66,2.44,-0.42,\N,\N,\N,2019-07-05 20:03:27
BYND,Consumer Non-Durables,Packaged Foods,9050,\N,\N,\N,\N,\N,\N,\N,\N,\N,\N,\N,\N,\N
BYSI,Health Care,Major Pharmaceuticals,482.01,\N,\N,\N,\N,\N,\N,\N,\N,\N,\N,\N,\N,\N
BGCP,Finance,Investment Bankers/Brokers/Service,1710,\N,\N,0.97,\N,0.19,0.1,0.35,-0.07,0.18,\N,\N,\N,2019-07-05 20:03:56
BCYC,Health Care,Major Pharmaceuticals,188.47,\N,\N,\N,\N,\N,\N,\N,\N,\N,\N,\N,\N,\N
BGFV,Consumer Services,Other Specialty Stores,43.47,\N,\N,0.04,\N,-0.06,-0.01,0.15,-0.24,0.08,\N,\N,\N,2019-07-05 20:04:24
BRPA,Finance,Business Services,94.24,\N,\N,\N,\N,\N,\N,\N,\N,\N,\N,\N,\N,\N
BILI,Technology,EDP Services,5100,\N,\N,\N,\N,\N,\N,\N,\N,\N,\N,\N,\N,\N
BASI,Health Care,Biotechnology: Commercial Physical & Biological Re,20.27,\N,\N,0.63,\N,0.01,-0.01,-0.02,-0.01,-0.06,\N,\N,\N,2019-07-05 20:04:41
BIOC,Health Care,Medical Specialities,21.13,\N,\N,5.77,\N,-3.3,-2.7,-2.42,-1.43,-0.61,\N,\N,\N,2019-07-05 20:04:54
BCRX,Health Care,Biotechnology: Biological Products (No Diagnostic ,399.33,\N,\N,17.74,\N,-0.26,-0.19,-0.28,-0.25,-0.28,\N,\N,\N,2019-07-05 20:05:09
BDSI,Health Care,Major Pharmaceuticals,389.38,\N,\N,6.45,\N,-0.18,-0.16,-0.29,-0.08,-0.05,\N,\N,\N,2019-07-05 20:05:24
BFRA,Health Care,Major Pharmaceuticals,368.89,\N,\N,\N,\N,\N,\N,\N,\N,\N,\N,\N,\N,\N
BIIB,Health Care,Biotechnology: Biological Products (No Diagnostic ,46590,\N,\N,3.29,\N,5.54,4.18,7.15,4.73,7.15,\N,\N,\N,2019-07-05 20:05:39
BHTG,Consumer Services,Other Consumer Services,25.19,\N,\N,8.08,\N,-0.49,-0.39,-0.15,-0.12,-0.14,\N,\N,\N,2019-07-05 20:05:54
BKYI,Technology,Computer Communications Equipment,17.74,\N,\N,4.77,\N,-0.3,-0.15,-0.23,-0.1,-0.13,\N,\N,\N,2019-07-05 20:06:08
BIOL,Health Care,Medical/Dental Instruments,31.09,\N,\N,0.8,\N,-0.25,-0.24,-0.23,-0.33,-0.23,\N,\N,\N,2019-07-05 20:06:22
BLFS,Health Care,Biotechnology: Electromedical & Electrotherapeutic,285.75,\N,\N,13.61,\N,-0.01,0.05,0.05,0.04,0.02,\N,\N,\N,2019-07-05 20:06:36
BLRX,Health Care,Major Pharmaceuticals,54.22,\N,\N,\N,\N,\N,\N,\N,\N,\N,\N,\N,\N,\N
BMRN,Health Care,Major Pharmaceuticals,15010,\N,\N,9.66,\N,-0.26,-0.09,-0.07,-0.03,-0.32,\N,\N,\N,2019-07-05 20:06:51
BMRA,Health Care,Medical/Dental Instruments,24.36,\N,\N,5.04,\N,-0.04,-0.08,-0.05,-0.05,-0.07,\N,\N,\N,2019-07-05 20:07:05
BNGO,Capital Goods,Biotechnology: Laboratory Analytical Instruments,27.11,\N,\N,\N,\N,\N,\N,\N,\N,\N,\N,\N,\N,\N
BVXV,Health Care,Biotechnology: Biological Products (No Diagnostic ,37.58,\N,\N,\N,\N,\N,\N,\N,\N,\N,\N,\N,\N,\N
BPTH,Health Care,Major Pharmaceuticals,37.03,\N,\N,\N,\N,\N,\N,\N,\N,\N,\N,\N,\N,\N
BIOS,Health Care,Medical/Nursing Services,296.14,\N,\N,0.54,\N,-0.12,-0.14,-0.09,-0.14,-0.18,\N,\N,\N,2019-07-05 20:07:35
BSGM,Health Care,Biotechnology: Electromedical & Electrotherapeutic,178.26,\N,\N,\N,\N,\N,\N,\N,\N,\N,\N,\N,\N,\N
BSTC,Health Care,Major Pharmaceuticals,421.26,\N,\N,12.48,\N,0.54,0.59,0.69,0.84,0.6,\N,\N,\N,2019-07-05 20:07:51
TECH,Health Care,Biotechnology: Biological Products (No Diagnostic ,7700,\N,\N,11.7,\N,0.52,1.07,0.45,0.45,1.15,\N,\N,\N,2019-07-05 20:08:06
BEAT,Health Care,Medical Specialities,1640,\N,\N,4.26,\N,0.17,0.29,0.45,0.29,0.32,\N,\N,\N,2019-07-05 20:08:21
BTAI,Health Care,Major Pharmaceuticals,164.33,\N,\N,\N,\N,\N,\N,\N,\N,\N,\N,\N,\N,\N
BIQI,Consumer Non-Durables,Farming/Seeds/Milling,5.78,\N,\N,0.21,\N,0.05,0.08,0.03,-0.05,-0.32,\N,\N,\N,2019-07-05 20:08:37
BJRI,Consumer Services,Restaurants,891.57,\N,\N,0.82,\N,0.7,0.79,0.39,0.49,0.6,\N,\N,\N,2019-07-05 20:08:51
BRAC,Consumer Services,Services-Misc. Amusement & Recreation,182.54,\N,\N,\N,\N,\N,\N,\N,\N,\N,\N,\N,\N,\N
BLKB,Technology,Computer Software: Prepackaged Software,3850,\N,\N,4.81,\N,0.37,0.14,0.23,0.19,-0.02,\N,\N,\N,2019-07-05 20:09:06
BL,Technology,Computer Software: Prepackaged Software,2900,\N,\N,11.24,\N,-0.13,-0.16,-0.08,-0.14,-0.16,\N,\N,\N,2019-07-05 20:09:19
BLNK,Consumer Durables,Electrical Products,67.69,\N,\N,26.46,\N,-2.58,-0.05,-0.13,0.03,-0.07,\N,\N,\N,2019-07-05 20:09:34
BLMN,Consumer Services,Restaurants,1730,\N,\N,0.4,\N,0.68,0.28,0.04,0.12,0.69,\N,\N,\N,2019-07-05 20:09:48
BCOR,Finance,Finance: Consumer Services,1410,\N,\N,2.48,\N,0.93,0.71,-0.37,-0.38,1.25,\N,\N,\N,2019-07-05 20:10:02
BLBD,Capital Goods,Construction/Ag Equipment/Trucks,501.86,\N,\N,0.5,\N,-0.36,0.04,0.77,0.52,-0.05,\N,\N,\N,2019-07-05 20:10:16
BLUE,Health Care,Biotechnology: Biological Products (No Diagnostic ,6610,\N,\N,135.55,\N,-2.31,-2.91,-2.73,-2.72,-2.99,\N,\N,\N,2019-07-05 20:10:30
BKEP,Energy,Natural Gas Distribution,46.41,\N,\N,0.13,\N,-0.05,-0.11,-0.09,-1.36,-0.06,\N,\N,\N,2019-07-05 20:10:44
BKEPP,Energy,Natural Gas Distribution,155.02,\N,\N,\N,\N,\N,\N,\N,\N,\N,\N,\N,\N,\N
BPMC,Health Care,Major Pharmaceuticals,4480,\N,\N,104.29,\N,-1.29,-0.62,-1.66,-1.83,-1.98,\N,\N,\N,2019-07-05 20:11:12
BMCH,Consumer Services,RETAIL: Building Materials,1380,\N,\N,0.39,\N,0.23,0.6,0.53,0.41,0.3,\N,\N,\N,2019-07-05 20:11:26
WIFI,Consumer Services,Telecommunications Equipment,828.24,\N,\N,3.08,\N,-0.08,0.05,-0.01,0.01,-0.12,\N,\N,\N,2019-07-05 20:11:41
BOKF,Finance,Major Banks,5270,\N,\N,3.36,\N,1.61,1.75,1.79,1.5,1.54,\N,\N,\N,2019-07-05 20:11:55
BNSO,Capital Goods,Industrial Machinery/Components,12.59,\N,\N,1.26,\N,-0.29,-0.64,-0.64,0.04,0.04,\N,\N,\N,2019-07-05 20:12:11
BKNG,Miscellaneous,Business Services,79890,\N,\N,5.74,\N,12.34,20.13,37.02,13.86,16.85,\N,\N,\N,2019-07-05 20:12:25
BRQS,Technology,EDP Services,85.54,\N,\N,0.39,\N,-1.21,0.01,0.04,0.07,-0.09,\N,\N,\N,2019-07-05 20:12:39
BOMN,Finance,Real Estate,502.32,\N,\N,20.28,\N,-0.13,-0.08,-0.09,-0.17,-0.18,\N,\N,\N,2019-07-05 20:12:53
BPFH,Finance,Major Banks,929.92,\N,\N,2.74,\N,0.27,0.03,0.2,0.42,0.25,\N,\N,\N,2019-07-05 20:13:07
EPAY,Technology,Computer Software: Prepackaged Software,1920,\N,\N,4.52,\N,-0.03,0.32,-0.02,0.14,0.02,\N,\N,\N,2019-07-05 20:13:21
BOXL,Miscellaneous,Industrial Machinery/Components,30.71,\N,\N,0.86,\N,-0.2,-0.45,-0.12,-0.06,-0.46,\N,\N,\N,2019-07-05 20:13:36
BWMC,Finance,Business Services,247.45,\N,\N,\N,\N,\N,\N,\N,\N,\N,\N,\N,\N,\N
BCLI,Health Care,Biotechnology: Biological Products (No Diagnostic ,117.67,\N,\N,\N,\N,\N,\N,\N,\N,\N,\N,\N,\N,\N
BWAY,Health Care,Medical/Dental Instruments,114.57,\N,\N,6.3,\N,-0.08,-0.22,-0.26,-0.12,-0.22,\N,\N,\N,2019-07-05 20:13:52
BDGE,Finance,Major Banks,562.45,\N,\N,3.95,\N,0.61,0.34,0.33,0.7,0.65,\N,\N,\N,2019-07-05 20:14:07
BLIN      ,Technology,Computer Software: Prepackaged Software,2.3,\N,\N,0,\N,-9,-62,-12,-23,-41.52,\N,\N,\N,2019-07-05 20:14:21
BWB,Finance,Major Banks,340.7,\N,\N,5.55,\N,0.23,0.22,0.21,0.25,0.23,\N,\N,\N,2019-07-05 20:14:36
BRID,Consumer Non-Durables,Specialty Foods,261.69,\N,\N,1.72,\N,-0.18,0.52,0.16,0.21,0.24,\N,\N,\N,2019-07-05 20:14:51
BCOV,Technology,EDP Services,372.34,\N,\N,2.35,\N,-0.06,-0.16,-0.1,-0.07,-0.14,\N,\N,\N,2019-07-05 20:15:06
BHF,Finance,Life Insurance,3900,\N,\N,0.55,\N,-0.56,-2.01,-2.26,12.14,-6.31,\N,\N,\N,2019-07-05 20:15:21
AVGO,Technology,Semiconductors,110070,\N,\N,5.35,\N,8.33,2.71,2.64,1.12,1.64,\N,\N,\N,2019-07-05 20:15:35
BVSN,Technology,Computer Software: Prepackaged Software,7.13,\N,\N,1.57,\N,-0.3,-0.43,-0.34,-0.33,0.12,\N,\N,\N,2019-07-05 20:15:50
BYFC,Finance,Savings Institutions,38.75,\N,\N,3.42,\N,0,0,0.03,0.01,0.01,\N,\N,\N,2019-07-05 20:16:05
BWEN,Capital Goods,Metal Fabrications,36.61,\N,\N,0.27,\N,-0.32,-0.4,-0.05,-0.79,-0.07,\N,\N,\N,2019-07-05 20:16:19
BPY,Finance,Real Estate,7930,\N,\N,0.92,\N,0.68,0.68,0.43,0.53,0.32,\N,\N,\N,2019-07-05 20:16:33
BPYPP,Finance,Real Estate,160.91,\N,\N,\N,\N,\N,\N,\N,\N,\N,\N,\N,\N,\N
BPR,Consumer Services,Real Estate Investment Trusts,14060,\N,\N,7.31,\N,0.06,0.09,4.68,0.33,0.33,\N,\N,\N,2019-07-05 20:17:02
BPRAP,Consumer Services,Real Estate Investment Trusts,249.3,\N,\N,\N,\N,\N,\N,\N,\N,\N,\N,\N,\N,\N
BRKL,Finance,Savings Institutions,1170,\N,\N,4.49,\N,0.24,0.26,0.28,0.26,0.28,\N,\N,\N,2019-07-05 20:17:32
BRKS,Technology,Industrial Machinery/Components,2640,\N,\N,3.94,\N,0.95,0.32,0.15,0.2,0.05,\N,\N,\N,2019-07-05 20:17:46
DOOO,Capital Goods,Industrial Specialties,1490,\N,\N,\N,\N,\N,\N,\N,\N,\N,\N,\N,\N,\N
BRKR,Capital Goods,Biotechnology: Laboratory Analytical Instruments,7580,\N,\N,4.15,\N,0.17,0.2,0.28,0.5,0.2,\N,\N,\N,2019-07-05 20:18:02
BMTC,Finance,Major Banks,735.57,\N,\N,3.59,\N,0.75,0.72,0.82,0.84,0.53,\N,\N,\N,2019-07-05 20:18:16
BSQR,Miscellaneous,Business Services,15.92,\N,\N,0.23,\N,-0.19,-0.29,-0.16,-0.43,-0.22,\N,\N,\N,2019-07-05 20:18:32
BLDR,Consumer Services,RETAIL: Building Materials,1780,\N,\N,0.26,\N,0.2,0.49,0.63,0.45,0.31,\N,\N,\N,2019-07-05 20:18:45
BFST,Finance,Major Banks,342.05,\N,\N,\N,\N,\N,\N,\N,\N,\N,\N,\N,\N,\N
CFFI,Finance,Major Banks,174.53,\N,\N,1.92,\N,1.11,1.45,1.46,1.13,1.08,\N,\N,\N,2019-07-05 20:19:12
CHRW,Transportation,Oil Refining/Marketing,11300,\N,\N,0.7,\N,1.01,1.13,1.25,1.34,1.16,\N,\N,\N,2019-07-05 20:19:27
CCMP,Technology,Semiconductors,3090,\N,\N,4.03,\N,1.14,1.34,1.84,0.48,0.92,\N,\N,\N,2019-07-05 20:19:42
CDNS,Technology,Computer Software: Prepackaged Software,19510,\N,\N,9.42,\N,0.26,0.27,0.35,0.35,0.43,\N,\N,\N,2019-07-05 20:19:56
CDZI,Public Utilities,Water Supply,289,\N,\N,734.06,\N,-0.26,-0.25,-0.26,-0.32,-0.29,\N,\N,\N,2019-07-05 20:20:10
CZR,Consumer Services,Hotels/Resorts,7780,\N,\N,0.99,\N,-0.05,0.04,0.14,0.25,-0.32,\N,\N,\N,2019-07-05 20:20:24
CSTE,Capital Goods,Building Materials,504.19,\N,\N,0.93,\N,0.05,0.32,0.31,0.04,-0.01,\N,\N,\N,2019-07-05 20:20:39
CLBS,Health Care,Hospital/Nursing Management,25.64,\N,\N,\N,\N,\N,\N,\N,\N,\N,\N,\N,\N,\N
CAMP,Technology,Radio And Television Broadcasting And Communicatio,336.73,\N,\N,1.06,\N,0.23,-0.02,-0.02,0.33,-0.26,\N,\N,\N,2019-07-05 20:20:56
CVGW,Consumer Non-Durables,Farming/Seeds/Milling,1670,\N,\N,1.49,\N,0.8,0.7,-0.08,0.26,0.93,\N,\N,\N,2019-07-05 20:21:11
CALA,Health Care,Major Pharmaceuticals,146.96,\N,\N,9.72,\N,-0.37,-0.09,-0.52,-0.51,-0.61,\N,\N,\N,2019-07-05 20:21:24
CALM,Consumer Non-Durables,Farming/Seeds/Milling,1970,\N,\N,1.37,\N,1.99,1.48,0.26,0.45,0.82,\N,\N,\N,2019-07-05 20:21:39
CLMT,Energy,Integrated oil Companies,323.82,\N,\N,0.09,\N,-0.06,-0.65,-0.21,0.23,0.2,\N,\N,\N,2019-07-05 20:21:53
CLXT,Basic Industries,Agricultural Chemicals,411.4,\N,\N,957.02,\N,-0.16,-0.25,-0.23,-0.26,-0.23,\N,\N,\N,2019-07-05 20:22:08
CATC,Finance,Major Banks,374.18,\N,\N,4.09,\N,1.41,1.48,1.61,1.28,1.49,\N,\N,\N,2019-07-05 20:22:22
CAC,Finance,Major Banks,681.56,\N,\N,4.39,\N,0.82,0.78,0.9,0.89,0.91,\N,\N,\N,2019-07-05 20:22:37
CAMT,Capital Goods,Electronic Components,293.45,\N,\N,2.39,\N,0.1,0.12,0.14,0.16,0.16,\N,\N,\N,2019-07-05 20:22:51
CSIQ,Technology,Semiconductors,1260,\N,\N,0.48,\N,0.72,0.26,1.09,1.81,-0.29,\N,\N,\N,2019-07-05 20:23:06
CGIX,Health Care,Medical Specialities,9.82,\N,\N,0.38,\N,-0.16,-0.13,-0.31,-0.14,-0.09,\N,\N,\N,2019-07-05 20:23:20
CPHC,Consumer Services,Services-Misc. Amusement & Recreation,56.88,\N,\N,0.97,\N,0.22,0.16,0.36,0.52,0.01,\N,\N,\N,2019-07-05 20:23:34
CBNK,Finance,Major Banks,158.45,\N,\N,\N,\N,\N,\N,\N,\N,\N,\N,\N,\N,\N
CCBG,Finance,Major Banks,414.09,\N,\N,2.86,\N,0.34,0.35,0.35,0.5,0.38,\N,\N,\N,2019-07-05 20:24:03
CPLP,Transportation,Marine Transportation,184.69,\N,\N,0.68,\N,0.14,0.07,-1.4,0.56,-8.01,\N,\N,\N,2019-07-05 20:24:18
CSWC,Consumer Non-Durables,Textiles,372.77,\N,\N,7.17,\N,0.93,0.72,0.4,0.25,0.62,\N,\N,\N,2019-07-05 20:24:31
CFFN,Finance,Savings Institutions,1890,\N,\N,8.64,\N,0.17,0.17,0.16,0.18,0.18,\N,\N,\N,2019-07-05 20:24:46
CAPR,Health Care,Major Pharmaceuticals,11.41,\N,\N,8.08,\N,-1.4,-1.4,-1.4,-1.1,-0.8,\N,\N,\N,2019-07-05 20:24:59
CSTR,Finance,Major Banks,266.43,\N,\N,3.82,\N,0.25,0.27,0.28,-0.04,0.25,\N,\N,\N,2019-07-05 20:25:14
CPST,Energy,Industrial Machinery/Components,57.22,\N,\N,0.72,\N,-0.02,-0.08,-0.07,-0.05,-0.06,\N,\N,\N,2019-07-05 20:25:29
CARA,Health Care,Major Pharmaceuticals,784.3,\N,\N,48.94,\N,-0.51,-0.52,-0.51,-0.52,-0.56,\N,\N,\N,2019-07-05 20:25:43
CBLK,Technology,Computer Software: Prepackaged Software,1150,\N,\N,\N,\N,\N,\N,\N,\N,\N,\N,\N,\N,\N
CARB,Technology,EDP Services,884.25,\N,\N,2.8,\N,0.4,-0.2,0.02,0.02,0.06,\N,\N,\N,2019-07-05 20:26:12
CSII,Health Care,Medical/Dental Instruments,1450,\N,\N,6.24,\N,0.01,0.11,-0.09,0.01,0.02,\N,\N,\N,2019-07-05 20:26:26
CDLX,Technology,Computer Software: Programming\, Data Processing,532.87,\N,\N,4.34,\N,-1.54,-0.64,-0.4,-0.53,-0.28,\N,\N,\N,2019-07-05 20:26:41
CATM,Miscellaneous,Business Services,1240,\N,\N,0.96,\N,-0.06,0.08,0.19,-0.13,0.09,\N,\N,\N,2019-07-05 20:26:55
CDNA,Health Care,Medical Specialities,1500,\N,\N,16.55,\N,-0.3,-0.4,-0.54,-0.09,-0.18,\N,\N,\N,2019-07-05 20:27:10
CECO,Consumer Services,Other Consumer Services,1310,\N,\N,2.29,\N,0.25,0.12,0.21,0.2,0.35,\N,\N,\N,2019-07-05 20:27:24
CTRE,Consumer Services,Real Estate Investment Trusts,2320,\N,\N,14.5,\N,0.19,0.17,0.18,0.18,0.18,\N,\N,\N,2019-07-05 20:27:39
CARG,Technology,EDP Services,4090,\N,\N,8.15,\N,0.03,0.28,0.11,0.11,0.11,\N,\N,\N,2019-07-05 20:27:53
CARO,Finance,Major Banks,772.33,\N,\N,4.58,\N,0.19,0.7,0.66,0.68,0.65,\N,\N,\N,2019-07-05 20:28:08
CART,Finance,Major Banks,71.59,\N,\N,3.63,\N,0.12,0.08,0.13,0.13,0.04,\N,\N,\N,2019-07-05 20:28:23
CRZO,Energy,Oil & Gas Production,888.97,\N,\N,0.89,\N,0.18,0.36,0.85,2.75,1.58,\N,\N,\N,2019-07-05 20:28:37
TAST,Consumer Services,Restaurants,387.81,\N,\N,0.37,\N,-0.09,0.17,0.08,0.04,-0.32,\N,\N,\N,2019-07-05 20:28:52
CARV,Finance,Savings Institutions,11.32,\N,\N,0.51,\N,1.17,-0.28,-0.55,-0.36,-0.41,\N,\N,\N,2019-07-05 20:29:07
CASA,Technology,Radio And Television Broadcasting And Communicatio,514.07,\N,\N,2.19,\N,0.19,0.23,0.21,0.17,-0.18,\N,\N,\N,2019-07-05 20:29:22
CWST,Public Utilities,Environmental Services,1880,\N,\N,2.89,\N,-0.09,0.04,0.5,-0.32,-0.04,\N,\N,\N,2019-07-05 20:29:37
CASY,Consumer Durables,Automotive Aftermarket,5670,\N,\N,0.7,\N,0.51,1.9,1.8,1.13,0.68,\N,\N,\N,2019-07-05 20:29:51
CASI,Health Care,Biotechnology: Biological Products (No Diagnostic ,286.19,\N,\N,\N,\N,\N,\N,\N,\N,\N,\N,\N,\N,\N
CASS,Miscellaneous,Business Services,679.25,\N,\N,4.5,\N,0.54,0.5,0.51,0.47,0.55,\N,\N,\N,2019-07-05 20:30:06
SAVA,Health Care,Major Pharmaceuticals,22.39,\N,\N,\N,\N,\N,\N,\N,\N,\N,\N,\N,\N,\N
CTRM,Transportation,Marine Transportation,10.01,\N,\N,\N,\N,\N,\N,\N,\N,\N,\N,\N,\N,\N
CATB,Health Care,Major Pharmaceuticals,86.01,\N,\N,\N,\N,\N,\N,\N,\N,\N,\N,\N,\N,\N
CBIO,Health Care,Major Pharmaceuticals,91.17,\N,\N,\N,\N,\N,\N,\N,\N,\N,\N,\N,\N,\N
CPRX,Health Care,Major Pharmaceuticals,373.36,\N,\N,29.91,\N,-0.06,-0.06,-0.08,-0.14,-0.01,\N,\N,\N,2019-07-05 20:30:36
CATS,Health Care,Hospital/Nursing Management,301.27,\N,\N,14.8,\N,-0.27,-0.26,-0.27,-0.09,-0.18,\N,\N,\N,2019-07-05 20:30:50
CATY,Finance,Major Banks,2760,\N,\N,4.73,\N,0.78,0.9,0.85,0.8,0.83,\N,\N,\N,2019-07-05 20:31:04
CVCO,Basic Industries,Homebuilding,1330,\N,\N,1.44,\N,2.4,2.12,1.67,1.44,2.17,\N,\N,\N,2019-07-05 20:31:18
CBFV,Finance,Major Banks,127.14,\N,\N,2.8,\N,0.33,0.19,0.42,0.45,0.54,\N,\N,\N,2019-07-05 20:31:34
CBAT,Miscellaneous,Industrial Machinery/Components,32.06,\N,\N,1.14,\N,-0.1,-0.13,0.3,-0.14,-0.1,\N,\N,\N,2019-07-05 20:31:49
CBMB,Finance,Savings Institutions,58.61,\N,\N,\N,\N,\N,\N,\N,\N,\N,\N,\N,\N,\N
CBTX,Finance,Major Banks,727.46,\N,\N,5.19,\N,0.37,0.44,0.52,0.56,0.42,\N,\N,\N,2019-07-05 20:32:18
CDK,Miscellaneous,Business Services,5840,\N,\N,2.61,\N,0.71,0.75,0.69,0.7,0.8,\N,\N,\N,2019-07-05 20:32:33
CDW,Consumer Services,Catalog/Specialty Distribution,15720,\N,\N,1,\N,0.82,1.12,1.2,1.05,1.02,\N,\N,\N,2019-07-05 20:32:48
CECE,Capital Goods,Pollution Control Equipment,319.67,\N,\N,0.95,\N,0.17,-0.03,-0.37,0.03,0.05,\N,\N,\N,2019-07-05 20:33:02
CELC,Health Care,Medical Specialities,206.73,\N,\N,\N,\N,\N,\N,\N,\N,\N,\N,\N,\N,\N
CELG,Health Care,Major Pharmaceuticals,65720,\N,\N,4.17,\N,1.1,1.43,1.5,1.5,2.14,\N,\N,\N,2019-07-05 20:33:16
CLDX,Health Care,Biotechnology: In Vitro & In Vivo Diagnostic Subst,34.7,\N,\N,5.53,\N,-12.6,-1.65,-0.6,-0.81,-1.4,\N,\N,\N,2019-07-05 20:33:30
APOP,Health Care,Medical/Dental Instruments,5.83,\N,\N,\N,\N,\N,\N,\N,\N,\N,\N,\N,\N,\N
CLRB,Health Care,Major Pharmaceuticals,20.01,\N,\N,\N,\N,\N,\N,\N,\N,\N,\N,\N,\N,\N
CLLS,Health Care,Biotechnology: Biological Products (No Diagnostic ,630.74,\N,\N,40.23,\N,-0.71,-0.17,-0.54,-0.53,-0.36,\N,\N,\N,2019-07-05 20:33:46
CBMG,Health Care,Biotechnology: Biological Products (No Diagnostic ,279.78,\N,\N,\N,\N,\N,\N,\N,\N,\N,\N,\N,\N,\N
CLSN,Health Care,Major Pharmaceuticals,36.46,\N,\N,71.28,\N,-0.25,-0.46,-0.26,0.32,-0.12,\N,\N,\N,2019-07-05 20:34:02
CELH,Consumer Non-Durables,Beverages (Production/Distribution),216.05,\N,\N,4.22,\N,-0.06,-0.07,-0.08,-0.02,0.19,\N,\N,\N,2019-07-05 20:34:16
CYAD,Health Care,Major Pharmaceuticals,139.84,\N,\N,\N,\N,\N,\N,\N,\N,\N,\N,\N,\N,\N
CETX,Capital Goods,Industrial Machinery/Components,4.83,\N,\N,0.08,\N,0.32,-2.38,-5.39,-1.92,-1.12,\N,\N,\N,2019-07-05 20:34:31
CETXP,Capital Goods,Industrial Machinery/Components,2.74,\N,\N,\N,\N,\N,\N,\N,\N,\N,\N,\N,\N,\N
CDEV,Energy,Oil & Gas Production,1990,\N,\N,2.37,\N,0.25,0.24,0.15,0.12,-0.03,\N,\N,\N,2019-07-05 20:34:58
CSFL,Finance,Major Banks,2900,\N,\N,5.71,\N,0.42,0.38,0.43,0.52,0.46,\N,\N,\N,2019-07-05 20:35:13
CETV,Consumer Services,Broadcasting,1060,\N,\N,1.58,\N,0.01,0.06,0.18,0.15,0.03,\N,\N,\N,2019-07-05 20:35:28
CFBK,Finance,Savings Institutions,52.7,\N,\N,2.31,\N,0.17,0.28,0.24,0.33,0.39,\N,\N,\N,2019-07-05 20:35:41
CENT,Consumer Durables,Consumer Specialties,1570,\N,\N,0.67,\N,0.86,0.79,0.19,0.03,0.73,\N,\N,\N,2019-07-05 20:35:56
CENTA,Consumer Durables,Consumer Specialties,1420,\N,\N,0.67,\N,0.86,0.79,0.19,0.03,0.73,\N,\N,\N,2019-07-05 20:36:11
CVCY,Finance,Major Banks,270.56,\N,\N,3.98,\N,0.38,0.36,0.42,0.38,0.38,\N,\N,\N,2019-07-05 20:36:25
CTRC,Consumer Non-Durables,Apparel,255.25,\N,\N,0.18,\N,-0.43,-0.54,-0.89,-1.78,-1.4,\N,\N,\N,2019-07-05 20:36:39
CENX,Basic Industries,Aluminum,587.08,\N,\N,0.31,\N,0,0.2,-0.23,-0.75,-0.39,\N,\N,\N,2019-07-05 20:36:54
CNBKA,Finance,Major Banks,466.81,\N,\N,4.6,\N,1.38,1.62,1.72,1.78,1.69,\N,\N,\N,2019-07-05 20:37:08
CNTY,Consumer Services,Hotels/Resorts,283.79,\N,\N,1.64,\N,0.03,0.01,0.05,0.02,0.04,\N,\N,\N,2019-07-05 20:37:23
CRNT,Technology,Radio And Television Broadcasting And Communicatio,234.82,\N,\N,0.64,\N,0.03,0.04,0.08,0.14,0.01,\N,\N,\N,2019-07-05 20:37:39
CERC,Health Care,Major Pharmaceuticals,208.8,\N,\N,12,\N,-0.12,-0.19,-0.71,-0.15,-0.13,\N,\N,\N,2019-07-05 20:37:53
CERN,Technology,EDP Services,23190,\N,\N,4.46,\N,0.48,0.51,0.51,0.4,0.51,\N,\N,\N,2019-07-05 20:38:07
CERS,Health Care,Medical/Dental Instruments,674.02,\N,\N,11.48,\N,-0.11,-0.1,-0.11,-0.12,-0.14,\N,\N,\N,2019-07-05 20:38:21
KOOL,Capital Goods,Medical Specialities,6.41,\N,\N,0.74,\N,-2.7,-17.3,-1.2,-1.5,-0.8,\N,\N,\N,2019-07-05 20:38:35
CEVA,Technology,Semiconductors,513.98,\N,\N,7.02,\N,-0.1,-0.09,0.11,0.1,-0.1,\N,\N,\N,2019-07-05 20:38:50
CFFA,Finance,Business Services,359.23,\N,\N,\N,\N,\N,\N,\N,\N,\N,\N,\N,\N,\N
CSBR,Health Care,Biotechnology: Biological Products (No Diagnostic ,93.74,\N,\N,3.75,\N,-0.01,-0.06,0.04,0.02,-0.03,\N,\N,\N,2019-07-05 20:39:06
CYOU,Technology,Computer Software: Prepackaged Software,513.87,\N,\N,1.06,\N,-0.25,0.6,1.03,0.19,0.69,\N,\N,\N,2019-07-05 20:39:23
BURG,Consumer Services,Restaurants,3.9,\N,\N,0.24,\N,-0.83,-0.23,-0.34,-0.62,-0.51,\N,\N,\N,2019-07-05 20:39:38
CTHR,Consumer Durables,Consumer Specialties,42.04,\N,\N,1.46,\N,0.03,-0.03,0.01,0.05,0.04,\N,\N,\N,2019-07-05 20:39:53
GTLS,Capital Goods,Metal Fabrications,2550,\N,\N,2.33,\N,0.18,0.38,0.67,1.47,0.03,\N,\N,\N,2019-07-05 20:40:08
CHTR,Consumer Services,Television Services,87330,\N,\N,2.02,\N,0.7,1.15,2.11,1.29,1.11,\N,\N,\N,2019-07-05 20:40:23
CTAC,Finance,Business Services,281.4,\N,\N,\N,\N,\N,\N,\N,\N,\N,\N,\N,\N,\N
CHKP,Technology,Computer Software: Prepackaged Software,17370,\N,\N,9.6,\N,1.16,1.24,1.25,1.51,1.15,\N,\N,\N,2019-07-05 20:40:39
CHEK,Health Care,Medical Electronics,18.04,\N,\N,\N,\N,\N,\N,\N,\N,\N,\N,\N,\N,\N
CKPT,Health Care,Major Pharmaceuticals,128.38,\N,\N,33.54,\N,-0.35,-0.23,-0.32,-0.38,-0.18,\N,\N,\N,2019-07-05 20:40:54
CEMI,Health Care,Major Pharmaceuticals,101.63,\N,\N,2.92,\N,-0.05,-0.12,-0.16,-0.21,-0.16,\N,\N,\N,2019-07-05 20:41:10
CHFC,Finance,Major Banks,2830,\N,\N,4.09,\N,0.97,0.96,0.98,1.01,0.87,\N,\N,\N,2019-07-05 20:41:24
CCXI,Health Care,Major Pharmaceuticals,506.18,\N,\N,12.28,\N,-0.19,-0.14,-0.22,-0.21,-0.23,\N,\N,\N,2019-07-05 20:41:40
CHMG,Finance,Major Banks,228.33,\N,\N,2.96,\N,0.92,0.52,1.43,1.18,0.92,\N,\N,\N,2019-07-05 20:41:55
CHKE,Consumer Non-Durables,Apparel,7.99,\N,\N,\N,\N,\N,\N,\N,\N,\N,\N,\N,\N,\N
CHFS,Health Care,Biotechnology: Electromedical & Electrotherapeutic,7.08,\N,\N,1.25,\N,-15.12,-13.02,-8.54,-8.37,-11.47,\N,\N,\N,2019-07-05 20:42:13
CHMA,Health Care,Major Pharmaceuticals,241.75,\N,\N,\N,\N,\N,\N,\N,\N,\N,\N,\N,\N,\N
CSSE,Consumer Services,Movies/Entertainment,89.01,\N,\N,3.91,\N,-0.05,-0.12,-0.01,0.02,-0.28,\N,\N,\N,2019-07-05 20:42:27
CSSEP,Consumer Services,Movies/Entertainment,23.11,\N,\N,\N,\N,\N,\N,\N,\N,\N,\N,\N,\N,\N
PLCE,Consumer Services,Clothing/Shoe/Accessory Stores,1450,\N,\N,0.81,\N,1.78,0.45,3.03,0.74,0.28,\N,\N,\N,2019-07-05 20:42:57
CMRX,Health Care,Major Pharmaceuticals,171.6,\N,\N,24.42,\N,-0.42,-0.39,-0.33,-0.29,-0.35,\N,\N,\N,2019-07-05 20:43:10
CADC,Basic Industries,Engineering & Construction,18.37,\N,\N,0.41,\N,0.2,0.15,-1.4,-0.17,-0.38,\N,\N,\N,2019-07-05 20:43:24
CAAS,Capital Goods,Auto Parts:O.E.M.,73.41,\N,\N,0.17,\N,0.14,0.02,0.01,-0.09,0.05,\N,\N,\N,2019-07-05 20:43:39
CBPO,Health Care,Biotechnology: Biological Products (No Diagnostic ,3670,\N,\N,7.64,\N,0.92,0.83,0.94,0.87,0.94,\N,\N,\N,2019-07-05 20:43:53
CCCL,Capital Goods,Building Materials,5.23,\N,\N,\N,\N,\N,\N,\N,\N,\N,\N,\N,\N,\N
CCRC,Miscellaneous,Business Services,194.66,\N,\N,\N,\N,\N,\N,\N,\N,\N,\N,\N,\N,\N
JRJC,Finance,Investment Bankers/Brokers/Service,21.49,\N,\N,0.51,\N,-0.25,-0.2,-0.25,-0.2,-0.1,\N,\N,\N,2019-07-05 20:44:24
HGSH,Finance,Real Estate,38.97,\N,\N,0.83,\N,0.05,0.08,-0.03,0.01,0.01,\N,\N,\N,2019-07-05 20:44:39
CIFS,Consumer Services,Professional Services,43.56,\N,\N,\N,\N,\N,\N,\N,\N,\N,\N,\N,\N,\N
CJJD,Health Care,Medical/Nursing Services,34.91,\N,\N,0.33,\N,-0.51,-0.02,-0.06,-0.06,0.11,\N,\N,\N,2019-07-05 20:45:11
CLDC,Finance,Diversified Financial Services,23.39,\N,\N,-0.29,\N,0.09,0.23,0.2,-0.76,-2.83,\N,\N,\N,2019-07-05 20:45:26
CHNR,Basic Industries,Precious Metals,43.1,\N,\N,\N,\N,\N,\N,\N,\N,\N,\N,\N,\N,\N
CREG,Miscellaneous,Business Services,6.65,\N,\N,1.13,\N,-0.02,-0.19,-0.29,-7.12,-0.16,\N,\N,\N,2019-07-05 20:45:42
SXTC,Health Care,Major Pharmaceuticals,91.87,\N,\N,\N,\N,\N,\N,\N,\N,\N,\N,\N,\N,\N
CNTF,Miscellaneous,Business Services,5.71,\N,\N,0.16,\N,-0.75,-0.3,-0.17,-0.75,-0.23,\N,\N,\N,2019-07-05 21:13:07
CXDC,Capital Goods,Containers/Packaging,114.63,\N,\N,0.09,\N,0.29,0.41,0.13,0.2,0.16,\N,\N,\N,2019-07-05 21:13:23
CCIH,Technology,EDP Services,23.55,\N,\N,0,\N,-1.44,-5.6,-4.32,-3.68,-5.92,\N,\N,\N,2019-07-05 21:13:39
CNET,Technology,Computer Software: Programming\, Data Processing,22.49,\N,\N,0.4,\N,-0.04,-0.6,-0.19,-0.06,-0.07,\N,\N,\N,2019-07-05 21:13:55
IMOS,Technology,Semiconductors,550.54,\N,\N,\N,\N,\N,\N,\N,\N,\N,\N,\N,\N,\N
CDXC,Consumer Durables,Specialty Chemicals,209.87,\N,\N,6.89,\N,-0.15,-0.15,-0.16,-0.15,-0.15,\N,\N,\N,2019-07-05 21:14:10
CHSCL,Consumer Services,Farming/Seeds/Milling,573.18,\N,\N,\N,\N,\N,\N,\N,\N,\N,\N,\N,\N,\N
CHSCM,Consumer Services,Farming/Seeds/Milling,497.04,\N,\N,\N,\N,\N,\N,\N,\N,\N,\N,\N,\N,\N
CHSCN,Consumer Services,Farming/Seeds/Milling,449.9,\N,\N,\N,\N,\N,\N,\N,\N,\N,\N,\N,\N,\N
CHSCO,Consumer Services,Farming/Seeds/Milling,310.82,\N,\N,\N,\N,\N,\N,\N,\N,\N,\N,\N,\N,\N
CHSCP,Consumer Services,Farming/Seeds/Milling,204.67,\N,\N,\N,\N,\N,\N,\N,\N,\N,\N,\N,\N,\N
CHDN,Consumer Services,Services-Misc. Amusement & Recreation,4400,\N,\N,4.39,\N,4.18,2.52,1.37,0.28,0.29,\N,\N,\N,2019-07-05 21:14:29
CHUY,Consumer Services,Restaurants,376.18,\N,\N,0.94,\N,0.19,0.38,-0.44,0.2,0.19,\N,\N,\N,2019-07-05 21:14:44
CDTX,Health Care,Biotechnology: Biological Products (No Diagnostic ,42.63,\N,\N,\N,\N,\N,\N,\N,\N,\N,\N,\N,\N,\N
CMCT,Consumer Services,Real Estate Investment Trusts,841.51,\N,\N,4.56,\N,-0.07,-0.04,-0.1,-0.11,6.3,\N,\N,\N,2019-07-05 21:14:58
CMCTP,Consumer Services,Real Estate Investment Trusts,209.62,\N,\N,\N,\N,\N,\N,\N,\N,\N,\N,\N,\N,\N
CMPR,Miscellaneous,Publishing,2860,\N,\N,1.05,\N,-0.07,-0.24,-0.47,2.17,0.21,\N,\N,\N,2019-07-05 21:15:25
CINF,Finance,Property-Casualty Insurers,17150,\N,\N,2.72,\N,-0.19,1.32,3.38,-2.78,4.22,\N,\N,\N,2019-07-05 21:15:41
CIDM,Consumer Services,Consumer Electronics/Video Chains,48.93,\N,\N,0.81,\N,-0.2,0,-0.09,-0.09,-0.09,\N,\N,\N,2019-07-05 21:15:57
CTAS,Consumer Non-Durables,Apparel,24200,\N,\N,3.7,\N,2.71,1.66,1.89,2.18,1.85,\N,\N,\N,2019-07-05 21:16:12
CRUS,Technology,Semiconductors,2370,\N,\N,2.17,\N,0.19,-0.07,0.93,0.49,0.1,\N,\N,\N,2019-07-05 21:16:34
CSCO,Technology,Computer Communications Equipment,240060,\N,\N,4.72,\N,0.56,0.81,0.77,0.63,0.69,\N,\N,\N,2019-07-05 21:16:58
CTRN,Consumer Services,Clothing/Shoe/Accessory Stores,172.9,\N,\N,0.23,\N,0.83,0.24,-0.04,0.59,0.65,\N,\N,\N,2019-07-05 21:17:19
CTXR,Health Care,Major Pharmaceuticals,21.48,\N,\N,\N,\N,\N,\N,\N,\N,\N,\N,\N,\N,\N
CZNC,Finance,Major Banks,343.91,\N,\N,5.28,\N,0.36,0.52,0.45,0.46,0.41,\N,\N,\N,2019-07-05 21:17:36
CZWI,Finance,Savings Institutions,121.44,\N,\N,\N,\N,\N,\N,\N,\N,\N,\N,\N,\N,\N
CZFC,Finance,Major Banks,63.78,\N,\N,\N,\N,\N,\N,\N,\N,\N,\N,\N,\N,\N
CIZN,Finance,Major Banks,104.14,\N,\N,2.96,\N,0.36,0.35,0.31,0.35,0.25,\N,\N,\N,2019-07-05 21:18:14
CTXS,Technology,Computer Software: Prepackaged Software,12920,\N,\N,4.37,\N,0.99,0.73,1.08,1.15,0.78,\N,\N,\N,2019-07-05 21:18:33
CHCO,Finance,Major Banks,1230,\N,\N,6.04,\N,1.13,1.35,1.33,0.68,1.3,\N,\N,\N,2019-07-05 21:18:49
CIVB,Finance,Major Banks,338.26,\N,\N,3.8,\N,0.55,0.24,-0.31,0.45,0.57,\N,\N,\N,2019-07-05 21:19:06
CIVBP,Finance,Major Banks,0.7337,\N,\N,\N,\N,\N,\N,\N,\N,\N,\N,\N,\N,\N
CLAR,Consumer Non-Durables,Recreational Products/Toys,416.38,\N,\N,1.95,\N,0.01,-0.03,0.14,0.12,0.12,\N,\N,\N,2019-07-05 21:19:44
CLNE,Public Utilities,Natural Gas Distribution,517.78,\N,\N,1.62,\N,0.08,-0.07,-0.05,0.03,-0.05,\N,\N,\N,2019-07-05 21:20:15
CLFD,Public Utilities,Telecommunications Equipment,179.82,\N,\N,2.18,\N,-0.02,0.13,0.14,0.08,0.02,\N,\N,\N,2019-07-05 21:20:54
CLRO,Public Utilities,Telecommunications Equipment,38.58,\N,\N,1.47,\N,-0.22,-0.26,-1.22,-0.23,-0.14,\N,\N,\N,2019-07-05 21:21:20
CLSD,Health Care,Major Pharmaceuticals,38.72,\N,\N,538.87,\N,-0.62,-0.65,-0.75,-0.68,-0.45,\N,\N,\N,2019-07-05 21:21:47
CLIR,Capital Goods,Industrial Machinery/Components,29.23,\N,\N,\N,\N,\N,\N,\N,\N,\N,\N,\N,\N,\N
CBLI,Health Care,Biotechnology: Commercial Physical & Biological Re,18.87,\N,\N,15.09,\N,-0.11,-0.08,-0.1,-0.04,-0.08,\N,\N,\N,2019-07-05 21:22:16
CLVS,Health Care,Major Pharmaceuticals,711.33,\N,\N,7.03,\N,-1.54,-1.94,-1.71,-1.89,-1.63,\N,\N,\N,2019-07-05 21:22:35
CLPS,Technology,Computer Software: Prepackaged Software,77.36,\N,\N,\N,\N,\N,\N,\N,\N,\N,\N,\N,\N,\N
CME,Finance,Investment Bankers/Brokers/Service,70990,\N,\N,16.42,\N,1.76,1.66,1.21,1.09,1.39,\N,\N,\N,2019-07-05 21:23:13
CCNE,Finance,Major Banks,402.47,\N,\N,3.37,\N,0.46,0.55,0.6,0.59,0.62,\N,\N,\N,2019-07-05 21:23:28
CCB,Finance,Major Banks,181.81,\N,\N,\N,\N,\N,\N,\N,\N,\N,\N,\N,\N,\N
COKE,Consumer Non-Durables,Beverages (Production/Distribution),2810,\N,\N,0.64,\N,-1.52,-0.42,2.69,-2.88,-0.73,\N,\N,\N,2019-07-05 21:23:58
COCP,Health Care,Major Pharmaceuticals,65.45,\N,\N,13.89,\N,-0.06,-0.05,-0.06,-1.58,0.1,\N,\N,\N,2019-07-05 21:24:14
CODA,Capital Goods,Industrial Machinery/Components,135.19,\N,\N,5.69,\N,-0.01,0.19,0.31,0.12,0.18,\N,\N,\N,2019-07-05 21:24:30
CDXS,Basic Industries,Major Chemicals,1060,\N,\N,17.23,\N,-0.1,-0.07,-0.04,-0.01,-0.09,\N,\N,\N,2019-07-05 21:24:45
CODX,Health Care,Medical/Dental Instruments,12.76,\N,\N,420.14,\N,-0.11,-0.11,-0.13,-0.15,-0.09,\N,\N,\N,2019-07-05 21:25:07
CVLY,Finance,Savings Institutions,200.74,\N,\N,2.93,\N,0.43,0.64,0.5,0.46,0.43,\N,\N,\N,2019-07-05 21:37:09
JVA,Consumer Non-Durables,Food Distributors,21.61,\N,\N,0.25,\N,0.09,0,0.02,0.06,-0.04,\N,\N,\N,2019-07-05 21:37:35
CCOI,Consumer Services,Telecommunications Equipment,2720,\N,\N,5.57,\N,0.15,0.14,0.18,0.16,0.2,\N,\N,\N,2019-07-05 21:37:59
CGNX,Capital Goods,Industrial Machinery/Components,7920,\N,\N,9.37,\N,0.21,0.32,0.45,0.26,0.19,\N,\N,\N,2019-07-05 21:38:24
CTSH,Technology,EDP Services,35960,\N,\N,2.26,\N,0.88,0.78,0.82,1.12,0.77,\N,\N,\N,2019-07-05 21:38:49
CWBR,Health Care,Major Pharmaceuticals,73.52,\N,\N,\N,\N,\N,\N,\N,\N,\N,\N,\N,\N,\N
COHR,Capital Goods,Biotechnology: Laboratory Analytical Instruments,3100,\N,\N,1.91,\N,2.61,2.69,2.99,1.45,0.85,\N,\N,\N,2019-07-05 21:39:15
CHRS,Health Care,Biotechnology: Biological Products (No Diagnostic ,1470,\N,\N,41.78,\N,-0.74,-0.68,-0.87,-0.92,-0.29,\N,\N,\N,2019-07-05 21:40:14
COHU,Capital Goods,Electrical Products,616.89,\N,\N,1.24,\N,0.28,0.39,0.16,-1.4,-0.55,\N,\N,\N,2019-07-05 21:40:35
CLCT,Miscellaneous,Business Services,176.29,\N,\N,2.95,\N,0.17,0.11,0.24,0.17,0.4,\N,\N,\N,2019-07-05 21:40:54
COLL,Health Care,Major Pharmaceuticals,421.34,\N,\N,1.48,\N,-0.57,-0.4,-0.5,0.27,-0.29,\N,\N,\N,2019-07-05 21:41:24
CIGI,Finance,Real Estate,2700,\N,\N,0.97,\N,0.13,0.6,0.41,1.33,0.04,\N,\N,\N,2019-07-05 21:41:47
CLGN,Health Care,Industrial Specialties,19.07,\N,\N,3.22,\N,-0.57,0.41,0.28,0.27,-0.5,\N,\N,\N,2019-07-05 21:42:09
CBAN,Finance,Major Banks,158.25,\N,\N,3.2,\N,0.37,0.36,0.32,0.35,0.34,\N,\N,\N,2019-07-05 21:42:27
COLB,Finance,Major Banks,2580,\N,\N,4.81,\N,0.55,0.57,0.63,0.61,0.63,\N,\N,\N,2019-07-05 21:42:58
CLBK,Finance,Savings Institutions,1730,\N,\N,\N,\N,\N,\N,\N,\N,\N,\N,\N,\N,\N
COLM,Consumer Non-Durables,Apparel,6690,\N,\N,2.41,\N,0.64,0.14,1.42,1.63,1.07,\N,\N,\N,2019-07-05 21:43:54
CMCO,Capital Goods,Construction/Ag Equipment/Trucks,938.72,\N,\N,1.11,\N,0.36,0.33,0.67,-0.03,0.83,\N,\N,\N,2019-07-05 21:44:19
CMCSA,Consumer Services,Television Services,194030,\N,\N,1.99,\N,0.66,0.69,0.62,0.55,0.77,\N,\N,\N,2019-07-05 21:44:40
CCNI,Technology,Professional Services,25.32,\N,\N,0.28,\N,-0.24,0.11,0.11,0.22,-0.16,\N,\N,\N,2019-07-05 21:44:55
CBSH,Finance,Major Banks,6320,\N,\N,5.21,\N,0.88,0.96,0.98,0.96,0.85,\N,\N,\N,2019-07-05 21:45:12
CBSHP,Finance,Major Banks,2400,\N,\N,\N,\N,\N,\N,\N,\N,\N,\N,\N,\N,\N
CVGI,Capital Goods,Auto Parts:O.E.M.,222.24,\N,\N,0.26,\N,0.32,0.43,0.41,0.29,0.36,\N,\N,\N,2019-07-05 21:45:44
COMM,Technology,Radio And Television Broadcasting And Communicatio,3020,\N,\N,0.67,\N,0.17,0.34,0.33,-0.12,-0.01,\N,\N,\N,2019-07-05 21:46:05
JCS,Public Utilities,Telecommunications Equipment,28.42,\N,\N,0.43,\N,-0.21,-0.29,-0.17,-0.09,0.03,\N,\N,\N,2019-07-05 21:46:26
ESXB,Finance,Major Banks,170.04,\N,\N,3.45,\N,0.12,0.17,0.17,0.15,0.16,\N,\N,\N,2019-07-05 21:46:53
CFBI,Finance,Savings Institutions,75.36,\N,\N,5.46,\N,0.04,0.08,0.06,0.02,0.02,\N,\N,\N,2019-07-05 21:47:14
CTBI,Finance,Major Banks,731.35,\N,\N,3.99,\N,0.89,0.66,0.91,0.89,0.84,\N,\N,\N,2019-07-05 21:47:47
CWBC,Finance,Major Banks,81.71,\N,\N,2.31,\N,0.21,0.21,0.27,0.16,0.18,\N,\N,\N,2019-07-05 21:48:07
CVLT,Technology,Computer Software: Prepackaged Software,2160,\N,\N,3.22,\N,-0.04,-0.19,0.02,0.28,-0.05,\N,\N,\N,2019-07-05 21:48:39
CGEN,Health Care,Biotechnology: Biological Products (No Diagnostic ,234.82,\N,\N,29.06,\N,0,-0.19,-0.05,-0.16,-0.14,\N,\N,\N,2019-07-05 21:48:57
CPSI,Technology,EDP Services,390.17,\N,\N,1.41,\N,0.29,0.02,0.41,0.54,0.24,\N,\N,\N,2019-07-05 21:49:12
CTG,Technology,EDP Services,56.6,\N,\N,0.15,\N,0.03,0.07,0.08,-0.39,0.05,\N,\N,\N,2019-07-05 21:49:27
SCOR,Miscellaneous,Business Services,369.44,\N,\N,0.81,\N,-0.93,-1.02,-0.42,-0.46,-0.46,\N,\N,\N,2019-07-05 21:49:49
CHCI,Capital Goods,Homebuilding,10.37,\N,\N,0.18,\N,-0.21,-0.27,-0.52,-0.23,0.02,\N,\N,\N,2019-07-05 21:50:04
CMTL,Technology,Radio And Television Broadcasting And Communicatio,663.79,\N,\N,1.02,\N,0.34,0.31,0.14,0.32,0.31,\N,\N,\N,2019-07-05 21:50:20
CNAT,Health Care,Major Pharmaceuticals,9.62,\N,\N,0.33,\N,-0.17,-0.15,-0.15,-0.13,-0.14,\N,\N,\N,2019-07-05 21:50:36
CNCE,Health Care,Major Pharmaceuticals,274.85,\N,\N,277.17,\N,-0.19,-0.57,-0.74,-0.89,-0.93,\N,\N,\N,2019-07-05 21:50:51
BBCP,Basic Industries,Engineering & Construction,272.37,\N,\N,\N,\N,\N,\N,\N,\N,\N,\N,\N,\N,\N
CDOR,Consumer Services,Real Estate Investment Trusts,106.93,\N,\N,1.62,\N,0.05,0.23,0.21,-0.1,-0.01,\N,\N,\N,2019-07-06 17:33:15
CFMS,Health Care,Industrial Specialties,260.66,\N,\N,2.83,\N,-0.22,-0.24,-0.12,-0.16,-0.12,\N,\N,\N,2019-07-05 21:51:38
CNFR,Finance,Property-Casualty Insurers,33.36,\N,\N,0.39,\N,0.02,-0.13,-0.42,-0.56,-0.08,\N,\N,\N,2019-07-05 21:51:54
CNMD,Health Care,Biotechnology: Electromedical & Electrotherapeutic,2400,\N,\N,2.82,\N,0.37,0.3,0.2,0.54,0.04,\N,\N,\N,2019-07-05 21:52:10
CTWS,Public Utilities,Water Supply,840.45,\N,\N,7.1,\N,-0.1,0.39,1.13,-0.04,0.19,\N,\N,\N,2019-07-05 21:52:25
CNOB,Finance,Major Banks,772.58,\N,\N,4.94,\N,0.13,0.54,0.61,0.58,0.33,\N,\N,\N,2019-07-05 21:52:42
CONN,Consumer Services,Consumer Electronics/Video Chains,550.01,\N,\N,0.37,\N,0.39,0.53,0.45,0.91,0.6,\N,\N,\N,2019-07-05 21:53:00
CNSL,Public Utilities,Telecommunications Equipment,322.28,\N,\N,0.28,\N,-0.16,-0.15,-0.21,-0.2,-0.11,\N,\N,\N,2019-07-05 21:53:26
CWCO,Public Utilities,Water Supply,214.49,\N,\N,3.21,\N,0.14,0.14,0.3,0.16,0.41,\N,\N,\N,2019-07-05 21:53:42
CNAC,Health Care,Medical Specialities,55.03,\N,\N,\N,\N,\N,\N,\N,\N,\N,\N,\N,\N,\N
CNACU,Health Care,Medical Specialities,196.42,\N,\N,\N,\N,\N,\N,\N,\N,\N,\N,\N,\N,\N
CNST,Health Care,Major Pharmaceuticals,233.3,\N,\N,\N,\N,\N,\N,\N,\N,\N,\N,\N,\N,\N
ROAD,Basic Industries,Military/Government/Technical,716.21,\N,\N,1.03,\N,0.27,0.29,0.29,0.1,0.08,\N,\N,\N,2019-07-05 21:54:02
CPSS,Finance,Finance: Consumer Services,80.84,\N,\N,0.56,\N,0.12,0.13,0.13,0.22,0.07,\N,\N,\N,2019-07-05 21:54:25
CFRX,Health Care,Major Pharmaceuticals,39.75,\N,\N,\N,\N,\N,\N,\N,\N,\N,\N,\N,\N,\N
CTRV,Health Care,Major Pharmaceuticals,3.68,\N,\N,\N,\N,\N,\N,\N,\N,\N,\N,\N,\N,\N
CTRL,Capital Goods,Electrical Products,636.44,\N,\N,2.33,\N,0.04,0.24,0.21,1.11,-0.07,\N,\N,\N,2019-07-05 21:54:46
AWSM,Technology,Electronic Components,13.81,\N,\N,0.68,\N,-2.91,-1.21,-0.71,-2.29,-0.46,\N,\N,\N,2019-07-05 21:55:02
CPRT,Consumer Durables,Automotive Aftermarket,16810,\N,\N,8.77,\N,0.52,0.45,0.47,0.55,0.81,\N,\N,\N,2019-07-05 21:55:19
CRBP,Health Care,Major Pharmaceuticals,441.52,\N,\N,77.13,\N,-0.21,-0.21,-0.26,-0.3,-0.43,\N,\N,\N,2019-07-05 21:55:36
CORT,Health Care,Major Pharmaceuticals,1190,\N,\N,4.77,\N,0.14,0.14,0.14,0.18,0.15,\N,\N,\N,2019-07-05 21:55:51
CORE,Consumer Non-Durables,Food Distributors,1730,\N,\N,0.15,\N,-0.03,0.24,0.51,0.26,0.03,\N,\N,\N,2019-07-05 21:56:07
CSOD,Technology,Computer Software: Prepackaged Software,3280,\N,\N,6.38,\N,-0.28,-0.21,-0.04,-0.05,-0.06,\N,\N,\N,2019-07-05 21:56:22
CORV,Health Care,Major Pharmaceuticals,95.25,\N,\N,2.83,\N,-0.24,0.16,-0.2,-0.18,-0.23,\N,\N,\N,2019-07-05 21:56:40
CRTX,Health Care,Biotechnology: Biological Products (No Diagnostic ,1020,\N,\N,\N,\N,\N,\N,\N,\N,\N,\N,\N,\N,\N
CLDB,Finance,Savings Institutions,99.08,\N,\N,3.62,\N,0.35,0.75,0.46,0.48,0.49,\N,\N,\N,2019-07-05 21:56:58
CRVL,Finance,Specialty Insurers,1550,\N,\N,2.76,\N,0.47,0.62,0.67,0.54,0.63,\N,\N,\N,2019-07-05 21:57:15
CRVS,Health Care,Major Pharmaceuticals,100.3,\N,\N,\N,\N,\N,\N,\N,\N,\N,\N,\N,\N,\N
CSGP,Miscellaneous,Business Services,19680,\N,\N,16.54,\N,1.44,1.2,1.61,2.29,2.33,\N,\N,\N,2019-07-05 21:57:37
COST,Consumer Services,Department/Specialty Retail Stores,117140,\N,\N,0.79,\N,1.7,2.36,1.73,2.01,2.05,\N,\N,\N,2019-07-05 21:57:55
CPAH,Technology,Computer Software: Prepackaged Software,10.35,\N,\N,0.83,\N,-0.14,-0.24,-0.17,-0.35,-0.18,\N,\N,\N,2019-07-05 21:58:12
ICBK,Finance,Major Banks,115.82,\N,\N,2.45,\N,0.58,0.55,0.5,0.4,0.54,\N,\N,\N,2019-07-05 21:58:30
COUP,Technology,Computer Software: Prepackaged Software,7440,\N,\N,29.37,\N,-0.28,-0.24,-0.17,-0.28,-0.34,\N,\N,\N,2019-07-05 21:58:47
CVTI,Transportation,Trucking Freight/Courier Services,244.12,\N,\N,0.29,\N,0.24,0.54,0.63,0.89,0.24,\N,\N,\N,2019-07-05 21:59:05
CVET,Health Care,Medical/Nursing Services,2620,\N,\N,\N,\N,\N,\N,\N,\N,\N,\N,\N,\N,\N
COWN,Finance,Investment Bankers/Brokers/Service,492.02,\N,\N,0.61,\N,0.5,0.12,0.45,0.11,0.26,\N,\N,\N,2019-07-05 21:59:37
PMTS,Finance,Finance Companies,30.13,\N,\N,0.11,\N,-0.65,-1.5,-0.55,-0.66,-0.27,\N,\N,\N,2019-07-05 21:59:53
CPSH,Capital Goods,Building Materials,15.58,\N,\N,0.66,\N,-0.04,-0.02,0,-0.22,-0.06,\N,\N,\N,2019-07-05 22:00:09
CRAI,Miscellaneous,Other Consumer Services,280.23,\N,\N,0.73,\N,0.57,0.79,0.46,0.8,0.56,\N,\N,\N,2019-07-05 22:00:26
CBRL,Consumer Services,Restaurants,4110,\N,\N,1.34,\N,2.03,2.55,1.96,2.52,2.09,\N,\N,\N,2019-07-05 22:00:44
BREW,Consumer Non-Durables,Beverages (Production/Distribution),269.87,\N,\N,1.42,\N,0.01,0.23,0,-0.03,-0.38,\N,\N,\N,2019-07-05 22:01:02
CRAY,Technology,Computer Manufacturing,1430,\N,\N,3.2,\N,-0.62,-0.27,-0.55,-0.33,-0.72,\N,\N,\N,2019-07-05 22:12:41
CREX,Technology,EDP Services,23.05,\N,\N,0.78,\N,-0.9,-0.3,-0.35,-1.11,-0.02,\N,\N,\N,2019-07-05 22:12:56
CACC,Finance,Finance: Consumer Services,8830,\N,\N,8.16,\N,6.17,7.75,7.75,7.79,8.65,\N,\N,\N,2019-07-05 22:13:12
DGLD,Finance,Investment Bankers/Brokers/Service,14.03,\N,\N,\N,\N,\N,\N,\N,\N,\N,\N,\N,\N,\N
DSLV,Finance,Investment Bankers/Brokers/Service,27.15,\N,\N,\N,\N,\N,\N,\N,\N,\N,\N,\N,\N,\N
GLDI,Finance,Investment Bankers/Brokers/Service,33.78,\N,\N,\N,\N,\N,\N,\N,\N,\N,\N,\N,\N,\N
SLVO,Finance,Investment Bankers/Brokers/Service,20.57,\N,\N,\N,\N,\N,\N,\N,\N,\N,\N,\N,\N,\N
TVIX,Finance,Investment Bankers/Brokers/Service,796.44,\N,\N,\N,\N,\N,\N,\N,\N,\N,\N,\N,\N,\N
UGLD,Finance,Investment Bankers/Brokers/Service,132.79,\N,\N,\N,\N,\N,\N,\N,\N,\N,\N,\N,\N,\N
USLV,Finance,Investment Bankers/Brokers/Service,243.6,\N,\N,\N,\N,\N,\N,\N,\N,\N,\N,\N,\N,\N
USOI,Finance,Investment Bankers/Brokers/Service,7.74,\N,\N,\N,\N,\N,\N,\N,\N,\N,\N,\N,\N,\N
VIIX,Finance,Investment Bankers/Brokers/Service,44.07,\N,\N,\N,\N,\N,\N,\N,\N,\N,\N,\N,\N,\N
ZIV,Finance,Investment Bankers/Brokers/Service,85.35,\N,\N,\N,\N,\N,\N,\N,\N,\N,\N,\N,\N,\N
CREE,Technology,Semiconductors,5800,\N,\N,3.73,\N,-2.4,-0.33,-0.11,-0.02,-2.2,\N,\N,\N,2019-07-05 22:13:48
CRSA,Finance,Business Services,245.5,\N,\N,\N,\N,\N,\N,\N,\N,\N,\N,\N,\N,\N
CRESY,Finance,Real Estate,513.68,\N,\N,\N,\N,\N,\N,\N,\N,\N,\N,\N,\N,\N
CRNX,Health Care,Major Pharmaceuticals,595.49,\N,\N,\N,\N,\N,\N,\N,\N,\N,\N,\N,\N,\N
CRSP,Health Care,Biotechnology: Biological Products (No Diagnostic ,2410,\N,\N,\N,\N,\N,\N,\N,\N,\N,\N,\N,\N,\N
CRTO,Technology,Advertising,1190,\N,\N,0.52,\N,0.29,0.2,0.25,0.57,0.29,\N,\N,\N,2019-07-05 22:14:32
CROX,Consumer Non-Durables,Shoe Manufacturing,1370,\N,\N,1.33,\N,0.15,0.35,0.07,-1.72,0.33,\N,\N,\N,2019-07-05 22:14:49
CRON,Consumer Durables,Specialty Chemicals,5260,\N,\N,\N,\N,\N,\N,\N,\N,\N,\N,\N,\N,\N
CCRN,Technology,Professional Services,322.6,\N,\N,0.42,\N,0.05,0.04,-0.01,-0.55,-0.05,\N,\N,\N,2019-07-05 22:15:06
CRWD,Technology,Computer Software: Prepackaged Software,436.38,\N,\N,\N,\N,\N,\N,\N,\N,\N,\N,\N,\N,\N
CRWS,Basic Industries,Textiles,45.23,\N,\N,0.59,\N,0.12,0.03,0.18,0.15,0.14,\N,\N,\N,2019-07-05 22:15:38
CYRX,Transportation,Oil Refining/Marketing,528.4,\N,\N,30.66,\N,-0.1,-0.09,-0.07,-0.08,-0.08,\N,\N,\N,2019-07-05 22:15:53
CSGS,Technology,EDP Services,1600,\N,\N,1.78,\N,0.42,0.46,0.49,0.64,0.59,\N,\N,\N,2019-07-05 22:16:10
CCLP,Energy,Oilfield Services/Equipment,164.73,\N,\N,0.37,\N,-0.4,-0.23,-0.18,-0.1,-0.26,\N,\N,\N,2019-07-05 22:16:27
CSPI,Technology,EDP Services,61.47,\N,\N,\N,\N,\N,\N,\N,\N,\N,\N,\N,\N,\N
CSWI,Basic Industries,Home Furnishings,980.78,\N,\N,2.92,\N,0.4,0.73,0.97,0.32,0.9,\N,\N,\N,2019-07-05 22:17:00
CSX,Transportation,Railroads,61570,\N,\N,5.1,\N,0.78,1.01,1.05,1.01,1.02,\N,\N,\N,2019-07-05 22:17:16
CTIC,Health Care,Major Pharmaceuticals,54.04,\N,\N,2.88,\N,-0.08,-0.2,-0.26,0.01,-0.19,\N,\N,\N,2019-07-05 22:17:31
CTIB,Basic Industries,Specialty Chemicals,10.8,\N,\N,0.22,\N,-0.13,0.07,-0.16,-0.79,-0.24,\N,\N,\N,2019-07-05 22:17:49
CTRP,Miscellaneous,Business Services,19350,\N,\N,\N,\N,\N,\N,\N,\N,\N,\N,\N,\N,\N
CUE,Health Care,Major Pharmaceuticals,165.23,\N,\N,118.33,\N,-0.37,-0.36,-0.62,-0.58,-0.54,\N,\N,\N,2019-07-05 22:18:10
CUI,Technology,Electronic Components,25.32,\N,\N,0.26,\N,-0.11,-0.17,-0.05,-0.27,-0.11,\N,\N,\N,2019-07-05 22:18:29
CPIX,Health Care,Major Pharmaceuticals,98.66,\N,\N,2.25,\N,-0.15,-0.05,-0.11,-0.14,0,\N,\N,\N,2019-07-05 22:19:09
CMLS,Consumer Services,Broadcasting,286.33,\N,\N,\N,\N,\N,\N,\N,\N,\N,\N,\N,\N,\N
CRIS,Health Care,Biotechnology: Biological Products (No Diagnostic ,56.36,\N,\N,6.1,\N,-0.35,-0.26,-0.22,-0.18,-0.3,\N,\N,\N,2019-07-05 22:19:56
CUTR,Health Care,Biotechnology: Electromedical & Electrotherapeutic,270.35,\N,\N,1.75,\N,-0.15,-0.11,-0.06,-1.89,-0.59,\N,\N,\N,2019-07-05 22:20:20
CVBF,Finance,Major Banks,2930,\N,\N,6.91,\N,0.32,0.32,0.3,0.31,0.37,\N,\N,\N,2019-07-05 22:20:39
CVV,Technology,Industrial Machinery/Components,24.45,\N,\N,1.3,\N,0.09,-0.21,-0.39,-0.29,-0.33,\N,\N,\N,2019-07-05 22:20:59
CYAN,Consumer Durables,Specialty Chemicals,19.43,\N,\N,0.57,\N,-0.18,-0.22,-0.2,0.05,-0.25,\N,\N,\N,2019-07-05 22:21:19
CYBR,Technology,Computer Software: Prepackaged Software,4690,\N,\N,13.15,\N,0.18,0.23,0.22,0.64,0.36,\N,\N,\N,2019-07-05 22:21:38
CYBE,Capital Goods,Electronic Components,111.75,\N,\N,1.34,\N,-0.02,0.1,0.15,0.16,0.07,\N,\N,\N,2019-07-05 22:22:02
CYCC,Health Care,Major Pharmaceuticals,9.46,\N,\N,65.93,\N,-0.12,-0.16,-0.18,-0.17,-0.14,\N,\N,\N,2019-07-05 22:22:18
CYCCP,Health Care,Major Pharmaceuticals,1.64,\N,\N,\N,\N,\N,\N,\N,\N,\N,\N,\N,\N,\N
CYCN,Health Care,Major Pharmaceuticals,308.27,\N,\N,\N,\N,\N,\N,\N,\N,\N,\N,\N,\N,\N
CBAY,Health Care,Major Pharmaceuticals,471.24,\N,\N,\N,\N,\N,\N,\N,\N,\N,\N,\N,\N,\N
CY,Technology,Semiconductors,8110,\N,\N,3.33,\N,0.02,0.07,0.14,0.72,0.05,\N,\N,\N,2019-07-05 22:22:57
CYRN,Technology,Computer Software: Prepackaged Software,88.23,\N,\N,2.54,\N,-0.1,-0.08,-0.08,-0.1,-0.08,\N,\N,\N,2019-07-05 22:23:19
CONE,Consumer Services,Real Estate Investment Trusts,6540,\N,\N,8,\N,0.45,1.06,-0.43,-1,0.82,\N,\N,\N,2019-07-05 22:23:36
CYTK,Health Care,Major Pharmaceuticals,625.7,\N,\N,18.33,\N,-0.56,-0.51,-0.4,-0.48,-0.54,\N,\N,\N,2019-07-05 22:23:54
CTMX,Health Care,Major Pharmaceuticals,478.94,\N,\N,6.59,\N,-0.4,-0.35,-0.53,-0.74,-0.31,\N,\N,\N,2019-07-05 22:24:16
CYTX,Health Care,Medical/Dental Instruments,5.1,\N,\N,0.81,\N,-0.7,-0.59,-0.55,-0.15,-0.18,\N,\N,\N,2019-07-05 22:24:34
CTSO,Health Care,Medical/Dental Instruments,208.65,\N,\N,9.81,\N,-0.1,-0.19,-0.1,-0.17,-0.15,\N,\N,\N,2019-07-05 22:24:54
DJCO,Consumer Services,Newspapers/Magazines,310.67,\N,\N,7.73,\N,-0.17,-0.7,-3.86,-15.6,3.63,\N,\N,\N,2019-07-05 22:25:12
DAKT,Consumer Durables,Miscellaneous manufacturing industries,270.18,\N,\N,0.52,\N,-0.09,0.1,0.19,-0.07,-0.24,\N,\N,\N,2019-07-05 22:25:28
DARE,Health Care,Major Pharmaceuticals,13.18,\N,\N,\N,\N,\N,\N,\N,\N,\N,\N,\N,\N,\N
DRIO,Health Care,Medical/Dental Instruments,19,\N,\N,2.53,\N,-0.2,-0.32,-0.17,-0.11,-0.15,\N,\N,\N,2019-07-05 22:25:45
DZSI,Public Utilities,Telecommunications Equipment,268.7,\N,\N,0.93,\N,0.01,0.08,0.11,-0.08,-0.1,\N,\N,\N,2019-07-05 22:26:01
DSKE,Consumer Services,Transportation Services,236.05,\N,\N,0.13,\N,-0.04,0.2,0.01,-0.33,-0.16,\N,\N,\N,2019-07-05 22:26:17
DAIO,Capital Goods,Electrical Products,37.64,\N,\N,1.28,\N,0.02,0.06,0.04,0.08,0,\N,\N,\N,2019-07-05 22:26:32
DTSS,Technology,Computer Software: Prepackaged Software,36.23,\N,\N,\N,\N,\N,\N,\N,\N,\N,\N,\N,\N,\N
PLAY,Consumer Services,Restaurants,1420,\N,\N,1.14,\N,1.04,0.84,0.3,0.75,1.13,\N,\N,\N,2019-07-05 22:26:50
DTEA,Consumer Non-Durables,Food Chains,34.14,\N,\N,\N,\N,\N,\N,\N,\N,\N,\N,\N,\N,\N
DWSN,Energy,Oil & Gas Production,51.9,\N,\N,0.36,\N,-0.07,-0.25,-0.23,-0.51,-0.01,\N,\N,\N,2019-07-05 22:27:09
DBVT,Health Care,Biotechnology: Biological Products (No Diagnostic ,588.92,\N,\N,\N,\N,\N,\N,\N,\N,\N,\N,\N,\N,\N
DDMX,Finance,Business Services,72.19,\N,\N,\N,\N,\N,\N,\N,\N,\N,\N,\N,\N,\N
DDMXU,Finance,Business Services,73.82,\N,\N,\N,\N,\N,\N,\N,\N,\N,\N,\N,\N,\N
DCPH,Health Care,Major Pharmaceuticals,904.7,\N,\N,\N,\N,\N,\N,\N,\N,\N,\N,\N,\N,\N
DFRG,Consumer Services,Restaurants,264.66,\N,\N,0.64,\N,0.02,-0.08,-2.43,-0.24,-0.55,\N,\N,\N,2019-07-05 22:27:36
TACO,Consumer Services,Restaurants,458.95,\N,\N,0.95,\N,0.08,0.11,0.15,0.15,0.04,\N,\N,\N,2019-07-05 22:27:54
DMPI,Health Care,Major Pharmaceuticals,5.43,\N,\N,\N,\N,\N,\N,\N,\N,\N,\N,\N,\N,\N
DNLI,Health Care,Biotechnology: Biological Products (No Diagnostic ,1930,\N,\N,14.93,\N,-0.26,-0.59,-0.38,0.79,-0.41,\N,\N,\N,2019-07-05 22:28:11
DENN,Consumer Services,Restaurants,1210,\N,\N,2.04,\N,0.15,0.18,0.16,0.18,0.24,\N,\N,\N,2019-07-05 22:28:32
XRAY,Health Care,Medical/Dental Instruments,13540,\N,\N,3.39,\N,0.35,-4.98,0.13,0.01,0.17,\N,\N,\N,2019-07-05 22:29:23
DERM,Health Care,Major Pharmaceuticals,515.75,\N,\N,10.86,\N,-1.42,-0.57,-1.58,-1.7,-1.49,\N,\N,\N,2019-07-05 23:06:27
DEST,Consumer Services,Clothing/Shoe/Accessory Stores,18.64,\N,\N,0.05,\N,0.02,-0.29,-0.3,-0.46,0.01,\N,\N,\N,2019-07-05 23:06:44
DXLG,Consumer Services,Clothing/Shoe/Accessory Stores,83.77,\N,\N,0.19,\N,-0.06,-0.02,-0.04,-0.15,-0.06,\N,\N,\N,2019-07-05 23:07:00
DSWL,Consumer Non-Durables,Plastic Products,44.48,\N,\N,0.62,\N,0,-0.07,-0.15,-0.02,-0.07,\N,\N,\N,2019-07-05 23:07:15
DXCM,Health Care,Medical/Dental Instruments,13070,\N,\N,11.87,\N,-0.28,0.34,0.52,-2.03,-0.3,\N,\N,\N,2019-07-05 23:07:32
DFBH,Finance,Business Services,316.56,\N,\N,\N,\N,\N,\N,\N,\N,\N,\N,\N,could not convert string to float: N/A,\N
DMAC,Health Care,Major Pharmaceuticals,58.11,\N,\N,118.7,\N,-0.2,-0.6,-0.07,-0.11,-0.27,\N,\N,\N,2019-07-05 23:07:50
DEACU,Finance,Business Services,352.1,\N,\N,\N,\N,\N,\N,\N,\N,\N,\N,\N,could not convert string to float: N/A,\N
DHIL,Finance,Investment Managers,481.41,\N,\N,3.45,\N,3.72,4.08,4.31,1.37,4.84,\N,\N,\N,2019-07-05 23:08:11
FANG,Energy,Oil & Gas Production,17330,\N,\N,6.87,\N,1.65,2.22,1.59,2.5,0.06,\N,\N,\N,2019-07-05 23:08:31
DPHC,Finance,Business Services,340.2,\N,\N,\N,\N,\N,\N,\N,\N,\N,\N,\N,could not convert string to float: N/A,\N
DRNA,Health Care,Major Pharmaceuticals,1080,\N,\N,128.41,\N,-0.3,-0.68,-0.35,-0.29,-0.38,\N,\N,\N,2019-07-05 23:08:57
DFFN,Health Care,Major Pharmaceuticals,13.62,\N,\N,\N,\N,\N,\N,\N,\N,\N,\N,\N,could not convert string to float: N/A,\N
DGII,Technology,Computer Communications Equipment,338.39,\N,\N,1.38,\N,-0.01,0.09,0.13,0.17,0.05,\N,\N,\N,2019-07-05 23:09:21
DMRC,Technology,EDP Services,508.16,\N,\N,26.79,\N,-0.72,-0.71,-0.73,-0.7,-0.74,\N,\N,\N,2019-07-05 23:10:00
DRAD,Health Care,Biotechnology: Electromedical & Electrotherapeutic,14.42,\N,\N,0.13,\N,2,-0.2,-0.7,-0.8,-0.8,\N,\N,\N,2019-07-05 23:10:32
DGLY,Technology,Radio And Television Broadcasting And Communicatio,16.12,\N,\N,1.57,\N,-0.37,-0.42,-0.6,-0.51,-0.29,\N,\N,\N,2019-07-05 23:10:56
APPS,Miscellaneous,Multi-Sector Companies,372.48,\N,\N,4.15,\N,-0.51,0.01,0.02,-0.01,-0.09,\N,\N,\N,2019-07-05 23:11:13
DCOM,Finance,Savings Institutions,656.59,\N,\N,4.61,\N,0.39,0.33,0.32,0.34,0.32,\N,\N,\N,2019-07-05 23:11:30
DIOD,Technology,Semiconductors,1700,\N,\N,1.5,\N,0.37,0.49,0.61,0.58,0.62,\N,\N,\N,2019-07-05 23:11:46
DISCA,Consumer Services,Television Services,15710,\N,\N,1.42,\N,-0.01,0.3,0.16,0.38,0.53,\N,\N,\N,2019-07-05 23:12:01
DISCB,Consumer Services,Television Services,18060,\N,\N,1.4,\N,-0.01,0.3,0.16,0.38,0.53,\N,\N,\N,2019-07-05 23:12:17
DISCK,Consumer Services,Television Services,14470,\N,\N,1.42,\N,-0.01,0.3,0.16,0.38,0.53,\N,\N,\N,2019-07-05 23:12:35
DISH,Consumer Services,Television Services,17750,\N,\N,1.41,\N,0.7,0.83,0.82,0.65,0.65,\N,\N,\N,2019-07-05 23:12:50
DVCR,Health Care,Hospital/Nursing Management,23.59,\N,\N,0.04,\N,-0.01,-0.05,-1.15,0.07,-0.52,\N,\N,\N,2019-07-05 23:13:07
SAUC,Consumer Services,Restaurants,25.51,\N,\N,0.15,\N,0.01,-0.04,-0.06,-0.07,0,\N,\N,\N,2019-07-05 23:13:26
DLHC,Technology,Professional Services,60.84,\N,\N,0.47,\N,0.1,0.13,0.14,0.13,0.1,\N,\N,\N,2019-07-05 23:13:40
BOOM,Capital Goods,Industrial Specialties,900.17,\N,\N,2.51,\N,0.26,0.43,0.33,1.02,1.01,\N,\N,\N,2019-07-05 23:13:59
DNBF,Finance,Major Banks,190.05,\N,\N,4.72,\N,0.61,0.47,0.7,0.69,0.6,\N,\N,\N,2019-07-05 23:14:13
DOCU,Technology,Computer Software: Prepackaged Software,8660,\N,\N,11.87,\N,-7.46,-0.22,-0.31,-0.4,-0.27,\N,\N,\N,2019-07-05 23:14:29
DOGZ,Consumer Durables,Miscellaneous manufacturing industries,75.34,\N,\N,\N,\N,\N,\N,\N,\N,\N,\N,\N,list index out of range,\N
DLTR,Consumer Services,Department/Specialty Retail Stores,25880,\N,\N,1.13,\N,0.67,1.15,1.18,-9.69,1.12,\N,\N,\N,2019-07-05 23:15:19
DLPN,Consumer Services,Other Consumer Services,16.12,\N,\N,0.63,\N,0.07,-0.01,0.01,-0.27,-0.08,\N,\N,\N,2019-07-05 23:15:34
DOMO,Technology,Computer Software: Prepackaged Software,778.45,\N,\N,\N,\N,\N,\N,\N,\N,\N,\N,\N,,\N
DGICA,Finance,Property-Casualty Insurers,420.72,\N,\N,0.53,\N,-0.6,-0.03,0.04,-0.5,0.75,\N,\N,\N,2019-07-05 23:16:06
DGICB,Finance,Property-Casualty Insurers,412.19,\N,\N,0.53,\N,-0.6,-0.03,0.04,-0.5,0.75,\N,\N,\N,2019-07-05 23:16:22
DMLP,Energy,Oil & Gas Production,629.78,\N,\N,8.96,\N,0.33,0.49,0.27,0.52,0.42,\N,\N,\N,2019-07-05 23:16:37
DORM,Capital Goods,Auto Parts:O.E.M.,2790,\N,\N,2.9,\N,0.93,1.03,1.03,1.05,0.71,\N,\N,\N,2019-07-05 23:16:54
DOVA,Health Care,Major Pharmaceuticals,289.39,\N,\N,29.05,\N,-0.52,-0.7,-0.69,-0.69,-0.58,\N,\N,\N,2019-07-05 23:17:08
LYL,Finance,Finance/Investors Services,11.37,\N,\N,\N,\N,\N,\N,\N,\N,\N,\N,\N,list index out of range,\N
DBX,Technology,Computer Software: Prepackaged Software,9860,\N,\N,7.06,\N,-2.13,-0.01,-0.01,-0.02,-0.02,\N,\N,\N,2019-07-05 23:17:38
DCAR,Consumer Services,Telecommunications Equipment,4.15,\N,\N,0.81,\N,-3.36,-3.24,-3,-4.98,-0.93,\N,\N,\N,2019-07-05 23:17:56
DRYS,Transportation,Marine Transportation,331.04,\N,\N,1.79,\N,0.01,0.04,0.12,0.06,0.02,\N,\N,\N,2019-07-05 23:18:18
DSPG,Technology,Semiconductors,320.73,\N,\N,2.64,\N,-0.08,-0.01,0.02,-0.01,-0.05,\N,\N,\N,2019-07-05 23:18:40
DLTH,Consumer Services,Clothing/Shoe/Accessory Stores,436.55,\N,\N,0.78,\N,-0.02,0.2,-0.1,0.64,-0.23,\N,\N,\N,2019-07-05 23:19:02
DNKN,Consumer Services,Restaurants,6610,\N,\N,4.97,\N,0.57,0.72,0.79,0.64,0.63,\N,\N,\N,2019-07-05 23:19:22
DRRX,Health Care,Major Pharmaceuticals,106.44,\N,\N,5.67,\N,-0.05,-0.04,-0.02,-0.05,-0.04,\N,\N,\N,2019-07-05 23:19:48
DXPE,Capital Goods,Industrial Machinery/Components,639.93,\N,\N,0.52,\N,0.24,0.63,0.46,0.6,0.4,\N,\N,\N,2019-07-05 23:20:09
DYAI,Basic Industries,Major Chemicals,156.03,\N,\N,104.87,\N,-0.07,-0.06,-0.06,-0.02,-0.08,\N,\N,\N,2019-07-05 23:20:32
DYSL,Capital Goods,Industrial Machinery/Components,16.84,\N,\N,0.42,\N,0.08,0.02,0.05,-0.01,0,\N,\N,\N,2019-07-05 23:20:52
DYNT,Health Care,Medical/Dental Instruments,13.9,\N,\N,0.23,\N,-0.18,-0.08,0.02,-0.08,-0.09,\N,\N,\N,2019-07-05 23:21:10
DVAX,Health Care,Major Pharmaceuticals,237.49,\N,\N,16.91,\N,-0.63,-0.63,-0.65,-0.64,-0.62,\N,\N,\N,2019-07-05 23:21:26
ETFC,Finance,Savings Institutions,10880,\N,\N,3.77,\N,0.88,0.95,1,1.06,1.09,\N,\N,\N,2019-07-05 23:21:45
SSP,Consumer Services,Broadcasting,1160,\N,\N,1.04,\N,-0.33,0.06,0.23,0.27,-0.08,\N,\N,\N,2019-07-05 23:22:02
EBMT,Finance,Major Banks,107.52,\N,\N,2.29,\N,0.11,0.24,0.3,0.26,0.18,\N,\N,\N,2019-07-05 23:22:21
EGBN,Finance,Major Banks,1820,\N,\N,5.67,\N,1.04,1.08,1.13,1.17,0.98,\N,\N,\N,2019-07-05 23:22:42
EGLE,Transportation,Marine Transportation,335.78,\N,\N,\N,\N,\N,\N,\N,\N,\N,\N,\N,could not convert string to float: N/A,\N
EFBI,Finance,Savings Institutions,25.96,\N,\N,4.32,\N,0.09,0.05,0.05,0.04,0.05,\N,\N,\N,2019-07-05 23:23:10
EGRX,Health Care,Major Pharmaceuticals,720.76,\N,\N,3.46,\N,0.17,0.17,0.91,0.86,0.62,\N,\N,\N,2019-07-05 23:23:29
EWBC,Finance,Major Banks,6500,\N,\N,4.7,\N,1.28,1.18,1.17,1.18,1.12,\N,\N,\N,2019-07-05 23:23:49
EML,Capital Goods,Industrial Machinery/Components,159.44,\N,\N,0.73,\N,0.49,0.52,0.6,1.05,0.25,\N,\N,\N,2019-07-05 23:24:29
EAST,Consumer Non-Durables,Beverages (Production/Distribution),40.38,\N,\N,4.79,\N,-0.27,-0.37,-0.42,-0.42,-0.32,\N,\N,\N,2019-07-05 23:24:46
EBAY,Miscellaneous,Business Services,34010,\N,\N,3.22,\N,0.4,0.64,0.73,0.8,0.57,\N,\N,\N,2019-07-05 23:25:05
EBIX,Technology,EDP Services,1440,\N,\N,2.88,\N,0.83,0.92,0.92,0.27,0.84,\N,\N,\N,2019-07-05 23:25:28
ECHO,Transportation,Oil Refining/Marketing,535.34,\N,\N,0.23,\N,0.17,0.28,0.33,0.25,0.13,\N,\N,\N,2019-07-05 23:25:50
SATS,Technology,Radio And Television Broadcasting And Communicatio,2020,\N,\N,2.04,\N,-0.22,0.8,0.17,-1.17,0.15,\N,\N,\N,2019-07-05 23:26:09
EEI,Consumer Services,Military/Government/Technical,46.13,\N,\N,0.55,\N,0.04,-0.05,-0.03,-0.07,-0.24,\N,\N,\N,2019-07-05 23:26:27
EDAP,Health Care,Biotechnology: Electromedical & Electrotherapeutic,76.84,\N,\N,\N,\N,\N,\N,\N,\N,\N,\N,\N,could not convert string to float: N/A,\N
EDSA,Health Care,Major Pharmaceuticals,46.4,\N,\N,\N,\N,\N,\N,\N,\N,\N,\N,\N,could not convert string to float: N/A,\N
EDNT,Consumer Non-Durables,Recreational Products/Toys,15.68,\N,\N,\N,\N,\N,\N,\N,\N,\N,\N,\N,,\N
EDIT,Health Care,Biotechnology: Biological Products (No Diagnostic ,1120,\N,\N,38.33,\N,-0.67,-0.82,-0.32,-0.52,-0.6,\N,\N,\N,2019-07-05 23:27:06
EDTX,Finance,Business Services,79.3,\N,\N,\N,\N,\N,\N,\N,\N,\N,\N,\N,could not convert string to float: N/A,\N
EDTXU,Finance,Business Services,80.96,\N,\N,\N,\N,\N,\N,\N,\N,\N,\N,\N,could not convert string to float: N/A,\N
EDUC,Consumer Durables,Consumer Specialties,55.27,\N,\N,0.5,\N,0.1,0.22,0.18,0.34,0.07,\N,\N,\N,2019-07-05 23:27:32
EGAN,Technology,Computer Software: Prepackaged Software,236.79,\N,\N,3.62,\N,0,-0.02,0.02,0.07,0.05,\N,\N,\N,2019-07-05 23:27:56
EHTH,Finance,Specialty Insurers,1780,\N,\N,7.1,\N,-0.26,-0.63,-0.47,1.25,-0.24,\N,\N,\N,2019-07-05 23:28:18
EIDX,Health Care,Major Pharmaceuticals,931.74,\N,\N,\N,\N,\N,\N,\N,\N,\N,\N,\N,could not convert string to float: N/A,\N
EIGR,Health Care,Biotechnology: Biological Products (No Diagnostic ,261.95,\N,\N,\N,\N,\N,\N,\N,\N,\N,\N,\N,could not convert string to float: N/A,\N
EKSO,Capital Goods,Industrial Machinery/Components,94.41,\N,\N,7.6,\N,-0.13,-0.13,-0.11,-0.07,-0.1,\N,\N,\N,2019-07-05 23:28:43
LOCO,Consumer Services,Restaurants,399.32,\N,\N,0.92,\N,0.06,0.13,0.17,-0.6,0.02,\N,\N,\N,2019-07-05 23:28:59
ESLT,Capital Goods,Military/Government/Technical,6680,\N,\N,1.72,\N,1.16,2.15,1.5,0.03,1.18,\N,\N,\N,2019-07-05 23:29:16
ERI,Consumer Services,Hotels/Resorts,3390,\N,\N,1.69,\N,0.27,0.47,0.48,0,0.49,\N,\N,\N,2019-07-05 23:29:33
SOLO,Capital Goods,Auto Manufacturing,97.03,\N,\N,\N,\N,\N,\N,\N,\N,\N,\N,\N,could not convert string to float: N/A,\N
ECOR,Health Care,Biotechnology: Electromedical & Electrotherapeutic,51.26,\N,\N,40.14,\N,-0.02,-0.21,-0.45,-0.53,-0.47,\N,\N,\N,2019-07-05 23:29:54
EA,Technology,Computer Software: Prepackaged Software,28720,\N,\N,5.87,\N,1.95,0.95,0.83,0.86,0.69,\N,\N,\N,2019-07-05 23:30:16
EFII,Technology,Computer Communications Equipment,1590,\N,\N,1.6,\N,-0.08,0.08,0.04,-0.07,-0.44,\N,\N,\N,2019-07-05 23:30:33
ELSE,Capital Goods,Industrial Machinery/Components,11.3,\N,\N,1.41,\N,-0.06,-0.01,0.06,0.02,-0.01,\N,\N,\N,2019-07-05 23:30:57
ESBK,Finance,Major Banks,55.83,\N,\N,2.66,\N,0.17,0.29,0.28,0.33,0,\N,\N,\N,2019-07-05 23:31:21
ELOX,Health Care,Biotechnology: Commercial Physical & Biological Re,345.12,\N,\N,\N,\N,\N,\N,\N,\N,\N,\N,\N,could not convert string to float: N/A,\N
ELTK,Technology,Electrical Products,17.13,\N,\N,0.53,\N,-0.33,-0.42,-0.23,-0.31,0.12,\N,\N,\N,2019-07-05 23:31:46
EMCI,Finance,Property-Casualty Insurers,779.84,\N,\N,1.12,\N,0,-0.24,0.89,-1,1.55,\N,\N,\N,2019-07-05 23:32:26
EMCF,Finance,Major Banks,86.03,\N,\N,2.9,\N,0.6,0.62,0.51,0.07,0.77,\N,\N,\N,2019-07-05 23:32:50
EMKR,Technology,Semiconductors,97.18,\N,\N,1.09,\N,-0.11,-0.31,-0.21,-0.2,-0.18,\N,\N,\N,2019-07-05 23:33:18
EMMS,Consumer Services,Broadcasting,60.27,\N,\N,0.69,\N,0.97,1.75,-0.03,0.05,-0.05,\N,\N,\N,2019-07-05 23:33:36
NYNY,Consumer Services,Restaurants,305.25,\N,\N,1.63,\N,-0.64,-1.14,-1.03,-1.4,-1.09,\N,\N,\N,2019-07-05 23:33:55
ENTA,Health Care,Major Pharmaceuticals,1610,\N,\N,6.86,\N,0.61,0.97,1.3,1.25,0.2,\N,\N,\N,2019-07-05 23:34:13
ECPG,Finance,Finance Companies,1030,\N,\N,0.78,\N,0.83,1,0.69,1.5,1.57,\N,\N,\N,2019-07-05 23:34:40
WIRE,Capital Goods,Metal Fabrications,1120,\N,\N,0.93,\N,0.54,0.86,1.13,1.2,0.64,\N,\N,\N,2019-07-05 23:35:03
ENDP,Health Care,Major Pharmaceuticals,825.48,\N,\N,0.33,\N,-2.26,-0.27,-0.77,-1.3,-0.08,\N,\N,\N,2019-07-05 23:35:26
ELGX,Health Care,Medical/Dental Instruments,132.11,\N,\N,0.84,\N,-2.4,-2.8,-1.2,-2.6,-2.12,\N,\N,\N,2019-07-05 23:35:51
NDRA,Health Care,Biotechnology: Electromedical & Electrotherapeutic,15.14,\N,\N,\N,\N,\N,\N,\N,\N,\N,\N,\N,,\N
EIGI,Technology,Computer Software: Prepackaged Software,722.51,\N,\N,0.63,\N,-0.05,-0.01,-0.04,0.09,-0.02,\N,\N,\N,2019-07-05 23:36:22
WATT,Technology,Radio And Television Broadcasting And Communicatio,121.68,\N,\N,237.81,\N,-0.55,-0.48,-0.49,-0.48,-0.39,\N,\N,\N,2019-07-05 23:36:51
EFOI,Consumer Durables,Building Products,5.24,\N,\N,0.29,\N,-0.16,-0.2,-0.15,-0.16,-0.25,\N,\N,\N,2019-07-05 23:37:16
ERII,Technology,Industrial Machinery/Components,532.26,\N,\N,7.08,\N,-0.01,0.28,0.08,0.04,0.05,\N,\N,\N,2019-07-05 23:37:32
ENG,Consumer Services,Military/Government/Technical,24.67,\N,\N,0.46,\N,-0.04,-0.04,-0.01,-0.12,-0.04,\N,\N,\N,2019-07-05 23:37:48
ENLV,Health Care,Major Pharmaceuticals,187.1,\N,\N,\N,\N,\N,\N,\N,\N,\N,\N,\N,could not convert string to float: N/A,\N
ENOB,Health Care,Major Pharmaceuticals,190.07,\N,\N,\N,\N,\N,\N,\N,\N,\N,\N,\N,could not convert string to float: N/A,\N
ENPH,Technology,Semiconductors,1970,\N,\N,6.71,\N,-0.06,-0.04,-0.03,0.01,0.02,\N,\N,\N,2019-07-05 23:38:07
ESGR,Finance,Property-Casualty Insurers,3650,\N,\N,2.33,\N,-2.12,0.4,-0.74,-5.45,16.57,\N,\N,\N,2019-07-05 23:38:22
ESGRO,Finance,Property-Casualty Insurers,0.11352,\N,\N,\N,\N,\N,\N,\N,\N,\N,\N,\N,could not convert string to float: ,\N
ESGRP,Finance,Property-Casualty Insurers,0.416,\N,\N,\N,\N,\N,\N,\N,\N,\N,\N,\N,could not convert string to float: ,\N
ETTX,Health Care,Major Pharmaceuticals,81.02,\N,\N,\N,\N,\N,\N,\N,\N,\N,\N,\N,could not convert string to float: N/A,\N
ENFC,Finance,Banks,205.92,\N,\N,3.8,\N,0.51,0.44,0.5,0.54,0.55,\N,\N,\N,2019-07-05 23:39:23
ENTG,Consumer Non-Durables,Plastic Products,5070,\N,\N,3.21,\N,0.4,0.38,0.34,0.57,0.24,\N,\N,\N,2019-07-05 23:39:47
ENTX,Health Care,Biotechnology: Biological Products (No Diagnostic ,37.47,\N,\N,75.18,\N,-0.35,-13.97,-0.45,-0.17,-0.26,\N,\N,\N,2019-07-05 23:40:12
EBTC,Finance,Major Banks,330.26,\N,\N,3,\N,0.58,0.64,0.68,0.55,0.74,\N,\N,\N,2019-07-05 23:40:38
EFSC,Finance,Major Banks,1080,\N,\N,4.86,\N,0.9,0.95,0.97,1.02,0.67,\N,\N,\N,2019-07-05 23:40:57
EVSI,Technology,Semiconductors,26.11,\N,\N,\N,\N,\N,\N,\N,\N,\N,\N,\N,,\N
EPZM,Health Care,Major Pharmaceuticals,1210,\N,\N,39.02,\N,-0.49,-0.42,-0.54,-0.29,-0.39,\N,\N,\N,2019-07-05 23:41:37
PLUS,Technology,Retail: Computer Software & Peripheral Equipment,919.1,\N,\N,0.73,\N,0.65,1.12,1.33,1.1,1.12,\N,\N,\N,2019-07-05 23:42:14
EPSN,Energy,Oil & Gas Production,109.54,\N,\N,3.81,\N,0.08,0.02,0.1,0.02,0.05,\N,\N,\N,2019-07-05 23:42:34
EQ,Health Care,Major Pharmaceuticals,102.87,\N,\N,\N,\N,\N,\N,\N,\N,\N,\N,\N,could not convert string to float: N/A,\N
EQIX,Consumer Services,Real Estate Investment Trusts,42040,\N,\N,8.28,\N,0.79,0.85,1.55,1.36,1.44,\N,\N,\N,2019-07-05 23:42:52
EQBK,Finance,Major Banks,411.46,\N,\N,3.36,\N,0.58,0.44,0.64,0.62,-0.26,\N,\N,\N,2019-07-05 23:43:17
ERIC,Technology,Radio And Television Broadcasting And Communicatio,32090,\N,\N,\N,\N,\N,\N,\N,\N,\N,\N,\N,could not convert string to float: N/A,\N
ERIE,Finance,Specialty Insurers,13420,\N,\N,5.66,\N,1.26,1.52,1.54,1.19,1.44,\N,\N,\N,2019-07-05 23:43:39
ERYP,Health Care,Biotechnology: Biological Products (No Diagnostic ,119.46,\N,\N,\N,\N,\N,\N,\N,\N,\N,\N,\N,could not convert string to float: N/A,\N
ESCA,Consumer Non-Durables,Recreational Products/Toys,156.44,\N,\N,0.94,\N,0.08,0.83,0.25,0.25,0.02,\N,\N,\N,2019-07-05 23:43:58
ESPR,Health Care,Major Pharmaceuticals,1320,\N,\N,8.66,\N,-1.73,-1.71,-1.86,-2.24,3.07,\N,\N,\N,2019-07-05 23:44:13
ESQ,Finance,Commercial Banks,184.7,\N,\N,5.12,\N,0.26,0.29,0.22,0.37,0.39,\N,\N,\N,2019-07-05 23:44:29
ESSA,Finance,Banks,171.25,\N,\N,3.3,\N,0.21,0.26,0.28,0.27,0.26,\N,\N,\N,2019-07-05 23:44:44
EPIX,Health Care,Major Pharmaceuticals,13.51,\N,\N,\N,\N,\N,\N,\N,\N,\N,\N,\N,could not convert string to float: N/A,\N
ESTA,Health Care,Industrial Specialties,441.25,\N,\N,\N,\N,\N,\N,\N,\N,\N,\N,\N,,\N
ESTR,Public Utilities,Environmental Services,50.42,\N,\N,\N,\N,\N,\N,\N,\N,\N,\N,\N,could not convert string to float: N/A,\N
ETON,Health Care,Major Pharmaceuticals,128.33,\N,\N,\N,\N,\N,\N,\N,\N,\N,\N,\N,,\N
ETSY,Miscellaneous,Business Services,7430,\N,\N,11.38,\N,0.1,0.03,0.15,0.32,0.24,\N,\N,\N,2019-07-05 23:45:38
CLWT,Consumer Durables,Diversified Electronic Products,8.43,\N,\N,0.42,\N,0.02,0.07,-0.1,0,0,\N,\N,\N,2019-07-05 23:45:56
EDRY,Consumer Services,Marine Transportation,16.3,\N,\N,\N,\N,\N,\N,\N,\N,\N,\N,\N,,\N
EEFT,Finance,Investment Bankers/Brokers/Service,8370,\N,\N,3.37,\N,0.49,0.82,1.89,1.1,0.62,\N,\N,\N,2019-07-05 23:46:34
ESEA,Transportation,Marine Transportation,7.33,\N,\N,0.24,\N,-0.33,0.2,-0.1,-0.07,-0.04,\N,\N,\N,2019-07-05 23:46:51
EVLO,Health Care,Major Pharmaceuticals,278.46,\N,\N,\N,\N,\N,\N,\N,\N,\N,\N,\N,could not convert string to float: N/A,\N
EVBG,Technology,Computer Software: Prepackaged Software,2880,\N,\N,18.87,\N,-0.43,-0.59,-0.29,-0.33,-0.44,\N,\N,\N,2019-07-05 23:47:08
EVK,Consumer Non-Durables,Apparel,44.55,\N,\N,0.08,\N,0.06,0.19,0.22,0.34,-0.04,\N,\N,\N,2019-07-05 23:47:28
EVER,Technology,Computer Software: Programming\, Data Processing,309.02,\N,\N,\N,\N,\N,\N,\N,\N,\N,\N,\N,,\N
MRAM,Technology,Semiconductors,115.81,\N,\N,2.29,\N,-0.09,-0.4,-0.33,-0.2,-0.25,\N,\N,\N,2019-07-05 23:48:03
EVLV,Consumer Services,Catalog/Specialty Distribution,31.26,\N,\N,0.06,\N,-0.05,0,-0.14,-0.15,-0.31,\N,\N,\N,2019-07-05 23:48:18
EVOP,Miscellaneous,Business Services,2510,\N,\N,4.31,\N,-0.15,0.96,-1.51,-0.16,-0.2,\N,\N,\N,2019-07-05 23:48:39
EVFM,Health Care,Major Pharmaceuticals,279.8,\N,\N,\N,\N,\N,\N,\N,\N,\N,\N,\N,could not convert string to float: N/A,\N
EVGN,Basic Industries,Agricultural Chemicals,38.89,\N,\N,23.47,\N,-0.21,-0.19,-0.19,-0.23,-0.15,\N,\N,\N,2019-07-05 23:49:08
EVOK,Health Care,Major Pharmaceuticals,13.06,\N,\N,\N,\N,\N,\N,\N,\N,\N,\N,\N,could not convert string to float: N/A,\N
EOLS,Health Care,Major Pharmaceuticals,390.34,\N,\N,\N,\N,\N,\N,\N,\N,\N,\N,\N,could not convert string to float: N/A,\N
EVOL,Technology,EDP Services,10.58,\N,\N,0.34,\N,0.04,0.01,0.05,-1.32,-0.09,\N,\N,\N,2019-07-05 23:49:47
EXAS,Health Care,Biotechnology: Commercial Physical & Biological Re,14390,\N,\N,28.84,\N,-0.33,-0.3,-0.37,-0.44,-0.66,\N,\N,\N,2019-07-05 23:50:10
XELA,Miscellaneous,Business Services,294.28,\N,\N,0.19,\N,-0.16,-0.17,-0.2,-0.56,-0.21,\N,\N,\N,2019-07-05 23:50:25
EXEL,Health Care,Biotechnology: Commercial Physical & Biological Re,6380,\N,\N,7.4,\N,0.37,0.28,0.41,1.15,0.24,\N,\N,\N,2019-07-05 23:50:43
EXFO,Capital Goods,Electrical Products,89.54,\N,\N,0.76,\N,-0.08,-0.11,-0.07,-0.14,0.09,\N,\N,\N,2019-07-05 23:51:05
EXLS,Miscellaneous,Business Services,2230,\N,\N,2.45,\N,0.66,0.41,0.43,0.11,0.42,\N,\N,\N,2019-07-05 23:51:32
EXPI,Finance,Real Estate,664.26,\N,\N,1.11,\N,-0.19,-0.03,-0.08,-0.09,-0.1,\N,\N,\N,2019-07-05 23:52:00
EXPE,Consumer Services,Transportation Services,19320,\N,\N,1.77,\N,-0.91,0.01,3.43,0.11,-0.69,\N,\N,\N,2019-07-05 23:52:19
EXPD,Transportation,Oil Refining/Marketing,12700,\N,\N,1.54,\N,0.76,0.79,0.92,1.02,0.8,\N,\N,\N,2019-07-05 23:52:39
EXPO,Consumer Services,Professional Services,2970,\N,\N,8.35,\N,0.38,0.34,0.32,0.3,0.42,\N,\N,\N,2019-07-05 23:52:59
STAY,Consumer Services,Hotels/Resorts,3120,\N,\N,2.59,\N,0.08,0.34,0.38,-0.21,0.12,\N,\N,\N,2019-07-05 23:53:19
XOG,Energy,Oil & Gas Production,677.45,\N,\N,0.71,\N,-0.32,0.03,0.33,0.51,-0.6,\N,\N,\N,2019-07-05 23:53:35
EXTR,Technology,Computer Communications Equipment,680.47,\N,\N,0.75,\N,-0.12,-0.05,-0.08,0.06,-0.06,\N,\N,\N,2019-07-05 23:53:54
EYEG,Health Care,Major Pharmaceuticals,11.17,\N,\N,3.58,\N,-0.14,-0.07,-0.07,-0.05,0.01,\N,\N,\N,2019-07-05 23:54:14
EYEN,Health Care,Major Pharmaceuticals,51.92,\N,\N,\N,\N,\N,\N,\N,\N,\N,\N,\N,could not convert string to float: N/A,\N
EYPT,Capital Goods,Biotechnology: Laboratory Analytical Instruments,167.65,\N,\N,24.92,\N,-0.13,-0.15,-0.62,-0.44,-0.2,\N,\N,\N,2019-07-05 23:54:42
EZPW,Consumer Services,Other Specialty Stores,530.61,\N,\N,0.63,\N,0.2,0.25,0,-0.07,0.06,\N,\N,\N,2019-07-05 23:55:00
FFIV,Technology,Computer Communications Equipment,8420,\N,\N,3.98,\N,1.77,1.99,2.18,2.16,1.93,\N,\N,\N,2019-07-05 23:55:20
FB,Technology,Computer Software: Programming\, Data Processing,539040,\N,\N,9.4,\N,1.69,1.74,1.76,2.38,0.85,\N,\N,\N,2019-07-05 23:56:14
FLMN,Energy,Oil & Gas Production,675.71,\N,\N,\N,\N,\N,\N,\N,\N,\N,\N,\N,,\N
DAVE,Consumer Services,Restaurants,37.47,\N,\N,0.84,\N,0.13,0.16,0.15,0.12,0.01,\N,\N,\N,2019-07-05 23:57:31
FANH,Finance,Specialty Insurers,1980,\N,\N,\N,\N,\N,\N,\N,\N,\N,\N,\N,could not convert string to float: N/A,\N
FARM,Consumer Non-Durables,Packaged Foods,277.75,\N,\N,0.49,\N,-0.24,0,-0.18,-0.6,-3.05,\N,\N,\N,2019-07-05 23:57:52
FMAO,Finance,Savings Institutions,307.09,\N,\N,5.88,\N,0.41,0.44,0.42,0.34,0.29,\N,\N,\N,2019-07-05 23:58:12
FMNB,Finance,Major Banks,388,\N,\N,4.02,\N,0.28,0.29,0.29,0.31,0.3,\N,\N,\N,2019-07-05 23:58:31
FAMI,Consumer Non-Durables,Packaged Foods,21.48,\N,\N,\N,\N,\N,\N,\N,\N,\N,\N,\N,list index out of range,\N
FARO,Capital Goods,Industrial Machinery/Components,851.4,\N,\N,2.09,\N,0.03,0.07,-0.15,0.33,0.01,\N,\N,\N,2019-07-05 23:59:10
FAST,Consumer Services,RETAIL: Building Materials,18400,\N,\N,3.6,\N,0.3,0.37,0.34,0.29,0.34,\N,\N,\N,2019-07-05 23:59:26
FAT,Consumer Services,Restaurants,48.42,\N,\N,2.55,\N,0.05,0.04,0,-0.23,-0.06,\N,\N,\N,2019-07-06 00:00:08
FATE,Health Care,Biotechnology: Biological Products (No Diagnostic ,1290,\N,\N,203.77,\N,-0.27,-0.37,-0.31,-0.25,-0.3,\N,\N,\N,2019-07-06 00:00:31
FBSS,Finance,Major Banks,79.6,\N,\N,2.81,\N,0.42,0.44,0.35,0.42,0.43,\N,\N,\N,2019-07-06 00:00:46
FNHC,Finance,Property-Casualty Insurers,184.97,\N,\N,0.46,\N,0.58,0.69,0.62,-0.73,-0.3,\N,\N,\N,2019-07-06 00:01:09
FENC,Health Care,Biotechnology: Biological Products (No Diagnostic ,77.2,\N,\N,\N,\N,\N,\N,\N,\N,\N,\N,\N,could not convert string to float: N/A,\N
GSM,Capital Goods,Metal Fabrications,248.61,\N,\N,0.14,\N,0.21,0.39,-0.01,-0.35,-0.16,\N,\N,\N,2019-07-06 00:01:31
FFBW,Finance,Savings Institutions,68.58,\N,\N,7.71,\N,0.02,0.06,0.05,0.04,0.04,\N,\N,\N,2019-07-06 00:01:55
FCSC,Health Care,Major Pharmaceuticals,18.64,\N,\N,\N,\N,\N,\N,\N,\N,\N,\N,\N,could not convert string to float: N/A,\N
FGEN,Health Care,Major Pharmaceuticals,3640,\N,\N,18.67,\N,-0.5,-0.28,-0.5,0.23,-0.53,\N,\N,\N,2019-07-06 00:02:17
FDBC,Finance,Major Banks,232.83,\N,\N,6.38,\N,0.67,0.73,0.75,0.75,0.73,\N,\N,\N,2019-07-06 00:02:34
LION,Finance,Major Banks,839.4,\N,\N,\N,\N,\N,\N,\N,\N,\N,\N,\N,,\N
FRGI,Consumer Services,Restaurants,343.7,\N,\N,0.53,\N,0.15,0.35,0.08,-0.3,0.08,\N,\N,\N,2019-07-06 00:03:07
FITB,Finance,Major Banks,19830,\N,\N,2.94,\N,0.97,0.8,0.61,0.64,1.12,\N,\N,\N,2019-07-06 00:03:21
FITBI,Finance,Major Banks,509.58,\N,\N,\N,\N,\N,\N,\N,\N,\N,\N,\N,could not convert string to float: ,\N
FISI,Finance,Major Banks,438.45,\N,\N,2.99,\N,0.56,0.74,0.64,0.45,0.7,\N,\N,\N,2019-07-06 00:04:00
FNSR,Technology,Semiconductors,2680,\N,\N,2.17,\N,-0.16,-0.16,-0.04,-0.13,-0.12,\N,\N,\N,2019-07-06 00:04:24
FNJN,Miscellaneous,Multi-Sector Companies,61.02,\N,\N,3.52,\N,0.93,0.24,-0.28,-0.29,-0.22,\N,\N,\N,2019-07-06 00:04:43
FTAC,Finance,Business Services,442.43,\N,\N,\N,\N,\N,\N,\N,\N,\N,\N,\N,could not convert string to float: N/A,\N
FEYE,Technology,Computer peripheral equipment,3020,\N,\N,3.56,\N,-0.39,-0.38,-0.26,-0.25,-0.38,\N,\N,\N,2019-07-06 00:05:11
FBNC,Finance,Major Banks,1060,\N,\N,4.02,\N,0.7,0.77,0.74,0.8,0.75,\N,\N,\N,2019-07-06 00:05:30
FNLC,Finance,Major Banks,272.73,\N,\N,4.59,\N,0.51,0.53,0.55,0.59,0.57,\N,\N,\N,2019-07-06 00:05:52
BUSE,Finance,Major Banks,1430,\N,\N,4.41,\N,0.45,0.51,0.55,0.51,0.48,\N,\N,\N,2019-07-06 00:06:15
FBIZ,Finance,Major Banks,204.6,\N,\N,2.68,\N,0.42,0.38,0.6,0.46,0.67,\N,\N,\N,2019-07-06 00:06:37
FCAP,Finance,Savings Institutions,162.27,\N,\N,5.33,\N,0.64,0.63,0.76,0.74,0.64,\N,\N,\N,2019-07-06 00:06:57
FCBP,Finance,Major Banks,249.31,\N,\N,3.84,\N,0.33,0.47,0.25,0.56,0.59,\N,\N,\N,2019-07-06 00:07:14
FCNCA,Finance,Major Banks,4870,\N,\N,3.21,\N,8.35,7.77,9.8,7.62,9.67,\N,\N,\N,2019-07-06 00:07:33
FCBC,Finance,Major Banks,517.45,\N,\N,4.6,\N,0.52,0.54,0.55,0.57,0.6,\N,\N,\N,2019-07-06 00:07:50
FCCO,Finance,Major Banks,142.34,\N,\N,3.2,\N,0.35,0.39,0.37,0.35,0.32,\N,\N,\N,2019-07-06 00:08:07
FDEF,Finance,Savings Institutions,540.33,\N,\N,3.8,\N,0.57,0.54,0.55,0.59,0.57,\N,\N,\N,2019-07-06 00:08:24
FFBC,Finance,Major Banks,2310,\N,\N,4.11,\N,0.49,0.37,0.51,0.56,0.47,\N,\N,\N,2019-07-06 00:08:46
FFIN,Finance,Major Banks,4030,\N,\N,11.23,\N,0.26,0.28,0.29,0.28,0.28,\N,\N,\N,2019-07-06 00:09:27
THFF,Finance,Major Banks,481.68,\N,\N,3.31,\N,0.73,1.25,0.92,0.9,0.79,\N,\N,\N,2019-07-06 00:09:50
FFNW,Finance,Major Banks,142.99,\N,\N,3.41,\N,0.66,0.3,0.27,0.21,0.19,\N,\N,\N,2019-07-06 00:10:12
FFWM,Finance,Major Banks,582.3,\N,\N,3.19,\N,0.23,0.12,0.33,0.31,0.25,\N,\N,\N,2019-07-06 00:10:37
FGBI,Finance,Savings Institutions,172.62,\N,\N,2.95,\N,0.41,0.52,0.39,0.3,0.36,\N,\N,\N,2019-07-06 00:10:58
FHB,Finance,Major Banks,3410,\N,\N,4.74,\N,0.49,0.5,0.5,0.44,0.52,\N,\N,\N,2019-07-06 00:11:22
INBK,Finance,Major Banks,198.9,\N,\N,3.21,\N,0.71,0.67,0.61,0.35,0.56,\N,\N,\N,2019-07-06 00:11:42
FIBK,Finance,Major Banks,2490,\N,\N,4.47,\N,0.65,0.74,0.71,0.67,0.69,\N,\N,\N,2019-07-06 00:12:07
FRME,Finance,Major Banks,1810,\N,\N,4.58,\N,0.74,0.8,0.83,0.85,0.78,\N,\N,\N,2019-07-06 00:12:27
FMBH,Finance,Major Banks,565.69,\N,\N,3.7,\N,0.66,0.72,0.54,0.62,0.8,\N,\N,\N,2019-07-06 00:12:48
FMBI,Finance,Major Banks,2240,\N,\N,3.61,\N,0.33,0.29,0.52,0.39,0.43,\N,\N,\N,2019-07-06 00:13:11
FXNC,Finance,Major Banks,107.61,\N,\N,2.83,\N,0.54,0.49,0.54,0.47,0.46,\N,\N,\N,2019-07-06 00:13:32
FNWB,Finance,Banks,178.67,\N,\N,4.27,\N,0.14,0.15,0.19,0.21,0.22,\N,\N,\N,2019-07-06 00:13:53
FSFG,Finance,Savings Institutions,135.65,\N,\N,2.46,\N,0.69,1.31,1.16,1.24,1.5,\N,\N,\N,2019-07-06 00:14:18
FSLR,Technology,Semiconductors,6510,\N,\N,3.21,\N,0.78,-0.46,0.54,0.49,-0.64,\N,\N,\N,2019-07-06 00:14:43
FUNC,Finance,Major Banks,130.08,\N,\N,2.39,\N,0.35,0.43,0.39,0.34,0.44,\N,\N,\N,2019-07-06 00:15:04
FUSB,Finance,Major Banks,58.37,\N,\N,1.55,\N,0.06,0.06,0.03,0.22,0.18,\N,\N,\N,2019-07-06 00:15:28
MYFW,Finance,Major Banks,110.9,\N,\N,\N,\N,\N,\N,\N,\N,\N,\N,\N,,\N
FCFS,Consumer Services,Other Specialty Stores,4320,\N,\N,2.43,\N,0.9,0.67,0.76,1.09,0.98,\N,\N,\N,2019-07-06 00:16:09
FSV,Finance,Real Estate,3610,\N,\N,1.77,\N,0.17,0.62,0.7,0.31,0.06,\N,\N,\N,2019-07-06 00:16:33
FISV,Technology,EDP Services,35430,\N,\N,6.26,\N,1,0.6,0.55,0.71,0.56,\N,\N,\N,2019-07-06 00:16:52
FIVE,Consumer Services,Department/Specialty Retail Stores,6630,\N,\N,4.25,\N,0.39,0.45,0.24,1.59,0.46,\N,\N,\N,2019-07-06 00:17:14
FPRX,Health Care,Major Pharmaceuticals,219.62,\N,\N,9.49,\N,-0.63,-0.99,-1.37,-1.12,-1.02,\N,\N,\N,2019-07-06 00:17:35
FVE,Health Care,Hospital/Nursing Management,25.95,\N,\N,0.02,\N,-0.16,-0.42,-0.43,-0.47,-0.66,\N,\N,\N,2019-07-06 00:17:58
FIVN,Technology,EDP Services,2990,\N,\N,11.28,\N,-0.01,-0.04,-0.02,0.06,-0.03,\N,\N,\N,2019-07-06 00:18:19
FLEX,Technology,Electrical Products,4790,\N,\N,0.19,\N,-0.04,0.22,0.16,-0.09,-0.12,\N,\N,\N,2019-07-06 00:18:38
FLKS,Health Care,Major Pharmaceuticals,9.22,\N,\N,12.44,\N,-0.46,-0.5,-0.15,-0.11,-0.12,\N,\N,\N,2019-07-06 00:19:00
FLXN,Health Care,Major Pharmaceuticals,428.94,\N,\N,13.72,\N,-1.1,-1.16,-1.15,-1.07,-1.09,\N,\N,\N,2019-07-06 00:19:20
FPAY,Technology,Diversified Commercial Services,18.02,\N,\N,0.21,\N,-0.87,-0.55,-0.48,-0.56,-0.01,\N,\N,\N,2019-07-06 00:19:41
FLXS,Consumer Durables,Home Furnishings,130.81,\N,\N,0.28,\N,0.39,0.28,0.16,0.2,-1.97,\N,\N,\N,2019-07-06 00:20:03
FLIR,Capital Goods,Industrial Machinery/Components,7250,\N,\N,4.12,\N,0.28,0.51,0.52,0.71,0.45,\N,\N,\N,2019-07-06 00:20:39
FLNT,Consumer Services,Advertising,384.96,\N,\N,1.6,\N,-0.4,0.03,0.06,0.02,0.01,\N,\N,\N,2019-07-06 00:20:59
FLDM,Capital Goods,Biotechnology: Laboratory Analytical Instruments,828.93,\N,\N,6.98,\N,-0.34,-0.42,-0.38,-0.36,-0.44,\N,\N,\N,2019-07-06 00:21:17
FFIC,Finance,Major Banks,600.39,\N,\N,3.67,\N,0.39,0.48,0.61,0.44,0.25,\N,\N,\N,2019-07-06 00:21:44
FNCB,Finance,Major Banks,156.45,\N,\N,4.06,\N,0.12,0.14,0.11,0.42,0.14,\N,\N,\N,2019-07-06 00:22:03
FOMX,Consumer Durables,Specialty Chemicals,140.95,\N,\N,41.05,\N,-0.69,-0.46,-0.38,-0.2,-0.28,\N,\N,\N,2019-07-06 00:22:21
FOCS,Finance,Investment Managers,1870,\N,\N,\N,\N,\N,\N,\N,\N,\N,\N,\N,,\N
FONR,Health Care,Biotechnology: Electromedical & Electrotherapeutic,147.86,\N,\N,1.56,\N,0.51,1.44,0.48,0.51,0.56,\N,\N,\N,2019-07-06 00:23:06
FSCT,Technology,Computer peripheral equipment,1490,\N,\N,5.01,\N,-0.74,-0.5,-0.2,-0.42,-0.78,\N,\N,\N,2019-07-06 00:23:26
FRSX,Technology,Computer Software: Prepackaged Software,34.58,\N,\N,\N,\N,\N,\N,\N,\N,\N,\N,\N,could not convert string to float: N/A,\N
FORM,Technology,Semiconductors,1070,\N,\N,2.17,\N,0.03,0.12,0.1,1.13,0.07,\N,\N,\N,2019-07-06 00:23:47
FORTY,Technology,EDP Services,757.07,\N,\N,0.54,\N,0.48,0.51,0.45,0.7,0.58,\N,\N,\N,2019-07-06 00:24:07
FORR,Consumer Services,Diversified Commercial Services,853.45,\N,\N,2.3,\N,-0.1,0.43,0.21,0.29,-0.73,\N,\N,\N,2019-07-06 00:24:31
FRTA,Capital Goods,Building Materials,265.55,\N,\N,0.23,\N,-0.31,0.11,0.09,-0.27,-0.39,\N,\N,\N,2019-07-06 00:24:54
FTNT,Technology,Computer peripheral equipment,12780,\N,\N,7.12,\N,0.24,0.28,0.33,1.04,0.34,\N,\N,\N,2019-07-06 00:51:41
FBIO,Health Care,Major Pharmaceuticals,108.28,\N,\N,3.61,\N,-0.49,-0.5,-0.37,-0.58,0.02,\N,\N,\N,2019-07-06 00:51:55
FBIOP,Health Care,Major Pharmaceuticals,21.1,\N,\N,\N,\N,\N,\N,\N,\N,\N,\N,\N,could not convert string to float: ,\N
FTSV,Health Care,Major Pharmaceuticals,338.68,\N,\N,\N,\N,\N,\N,\N,\N,\N,\N,\N,could not convert string to float: N/A,\N
FMCI,Finance,Business Services,258.35,\N,\N,\N,\N,\N,\N,\N,\N,\N,\N,\N,could not convert string to float: N/A,\N
FWRD,Transportation,Oil Refining/Marketing,1630,\N,\N,1.26,\N,0.6,0.82,0.76,0.95,0.64,\N,\N,\N,2019-07-06 00:52:26
FORD,Consumer Non-Durables,Plastic Products,11.15,\N,\N,0.3,\N,0.1,0.02,0.02,-0.06,-0.12,\N,\N,\N,2019-07-06 00:52:40
FWP,Health Care,Major Pharmaceuticals,48.96,\N,\N,\N,\N,\N,\N,\N,\N,\N,\N,\N,could not convert string to float: N/A,\N
FOSL,Consumer Non-Durables,Consumer Specialties,560.07,\N,\N,0.23,\N,-0.99,-0.16,0.1,0.94,-0.25,\N,\N,\N,2019-07-06 00:52:54
FOX,Consumer Services,Broadcasting,21840,\N,\N,\N,\N,\N,\N,\N,\N,\N,\N,\N,,\N
FOXA,Consumer Services,Broadcasting,21930,\N,\N,\N,\N,\N,\N,\N,\N,\N,\N,\N,,\N
FOXF,Consumer Non-Durables,Motor Vehicles,2990,\N,\N,4.89,\N,0.55,0.47,0.62,0.52,0.46,\N,\N,\N,2019-07-06 00:53:36
FRAN,Consumer Services,Clothing/Shoe/Accessory Stores,14.16,\N,\N,0.03,\N,-1.32,0.12,-5.64,-7.32,-3.48,\N,\N,\N,2019-07-06 00:53:50
FELE,Consumer Durables,Metal Fabrications,2120,\N,\N,1.66,\N,0.45,0.64,0.63,0.51,0.19,\N,\N,\N,2019-07-06 00:54:04
FRAF,Finance,Major Banks,160.21,\N,\N,3.81,\N,0.8,-1.18,0.91,0.86,0.73,\N,\N,\N,2019-07-06 00:54:18
FRED,Consumer Services,Department/Specialty Retail Stores,12.06,\N,\N,0.02,\N,-0.6,-0.88,-0.74,1.91,-0.96,\N,\N,\N,2019-07-06 00:54:32
RAIL,Capital Goods,Railroads,75.58,\N,\N,0.25,\N,-0.51,-0.19,-0.5,-2.06,-1.12,\N,\N,\N,2019-07-06 00:54:45
FEIM,Capital Goods,Electrical Products,94.28,\N,\N,2.32,\N,-1.18,-1.42,0,0.01,-0.04,\N,\N,\N,2019-07-06 00:54:59
FRPT,Consumer Non-Durables,Packaged Foods,1640,\N,\N,8.07,\N,-0.1,-0.1,0,0.05,-0.1,\N,\N,\N,2019-07-06 00:55:13
FTDR,Finance,Diversified Commercial Services,3450,\N,\N,\N,\N,\N,\N,\N,\N,\N,\N,\N,,\N
FTEO,Technology,EDP Services,131.14,\N,\N,\N,\N,\N,\N,\N,\N,\N,\N,\N,could not convert string to float: N/A,\N
FTR,Public Utilities,Telecommunications Equipment,158.99,\N,\N,0.02,\N,-0.44,-0.92,-4.11,-2.12,-0.84,\N,\N,\N,2019-07-06 00:55:42
FRPH,Finance,Real Estate,489.71,\N,\N,23.8,\N,0.15,11.87,0.22,0.07,0.19,\N,\N,\N,2019-07-06 00:55:56
FSBW,Finance,Banks,220.04,\N,\N,3.11,\N,1.15,1.13,1.07,2.83,1.15,\N,\N,\N,2019-07-06 00:56:11
FSBC,Finance,Savings Institutions,34.39,\N,\N,3.19,\N,0.05,0.04,-0.03,0.02,0,\N,\N,\N,2019-07-06 00:56:25
FTEK,Capital Goods,Pollution Control Equipment,31.44,\N,\N,0.63,\N,-0.01,-0.07,0.04,0.04,-0.05,\N,\N,\N,2019-07-06 00:56:54
FCEL,Miscellaneous,Industrial Machinery/Components,4.25,\N,\N,0.29,\N,-2.76,-2.4,-2.28,-3.96,-2.06,\N,\N,\N,2019-07-06 00:57:09
FLGT,Health Care,Medical Specialities,109.95,\N,\N,5.01,\N,-0.11,-0.06,-0.03,-0.05,-0.1,\N,\N,\N,2019-07-06 00:57:25
FORK,Consumer Non-Durables,Plastic Products,33.96,\N,\N,0.25,\N,0.02,0.09,0.1,0.13,0.09,\N,\N,\N,2019-07-06 00:57:39
FLL,Consumer Services,Hotels/Resorts,50.41,\N,\N,0.28,\N,-0.2,-0.02,0.04,-0.07,-0.06,\N,\N,\N,2019-07-06 00:57:53
FULT,Finance,Major Banks,2650,\N,\N,3.5,\N,0.28,0.2,0.37,0.33,0.33,\N,\N,\N,2019-07-06 00:58:07
FNKO,Consumer Non-Durables,Recreational Products/Toys,1150,\N,\N,1.53,\N,0.04,0.01,0.08,0.23,0.08,\N,\N,\N,2019-07-06 00:58:21
FHL,Finance,Investment Bankers/Brokers/Service,1100,\N,\N,\N,\N,\N,\N,\N,\N,\N,\N,\N,could not convert string to float: N/A,\N
FTFT,Consumer Non-Durables,Packaged Foods,38.77,\N,\N,20.08,\N,-1.9,-18.07,-0.42,-0.23,-0.94,\N,\N,\N,2019-07-06 00:58:36
FFHL,Capital Goods,Specialty Chemicals,6.18,\N,\N,\N,\N,\N,\N,\N,\N,\N,\N,\N,could not convert string to float: N/A,\N
FVCB,Finance,Major Banks,260.37,\N,\N,6.28,\N,0.25,0.26,0.27,0.1,0.27,\N,\N,\N,2019-07-06 00:58:50
WILC,Consumer Non-Durables,Food Distributors,130.42,\N,\N,\N,\N,\N,\N,\N,\N,\N,\N,\N,could not convert string to float: N/A,\N
GTHX,Health Care,Major Pharmaceuticals,1030,\N,\N,\N,\N,\N,\N,\N,\N,\N,\N,\N,could not convert string to float: N/A,\N
GAIA,Consumer Services,Movies/Entertainment,136.22,\N,\N,2.79,\N,-0.39,-0.35,-0.58,-0.62,-0.38,\N,\N,\N,2019-07-06 00:59:06
GLPG,Health Care,Major Pharmaceuticals,6920,\N,\N,\N,\N,\N,\N,\N,\N,\N,\N,\N,could not convert string to float: N/A,\N
GALT,Health Care,Major Pharmaceuticals,219.5,\N,\N,\N,\N,\N,\N,\N,\N,\N,\N,\N,could not convert string to float: N/A,\N
GLMD,Health Care,Major Pharmaceuticals,138.29,\N,\N,83.38,\N,-0.17,-0.17,-0.05,-0.18,-0.17,\N,\N,\N,2019-07-06 00:59:22
GMDA,Health Care,Biotechnology: Biological Products (No Diagnostic ,125.2,\N,\N,\N,\N,\N,\N,\N,\N,\N,\N,\N,could not convert string to float: N/A,\N
GLPI,Consumer Services,Real Estate Investment Trusts,8380,\N,\N,7.69,\N,0.45,0.43,0.49,0.21,0.43,\N,\N,\N,2019-07-06 00:59:37
GRMN,Capital Goods,Industrial Machinery/Components,15220,\N,\N,4.42,\N,0.68,1,0.97,1,0.74,\N,\N,\N,2019-07-06 00:59:51
GLIBA,Public Utilities,Telecommunications Equipment,6100,\N,\N,7.43,\N,-1.58,-2.82,2.91,-6.64,6.41,\N,\N,\N,2019-07-06 01:00:05
GLIBP,Public Utilities,Telecommunications Equipment,931.33,\N,\N,\N,\N,\N,\N,\N,\N,\N,\N,\N,could not convert string to float: ,\N
GDS,Technology,Computer Software: Programming\, Data Processing,4140,\N,\N,\N,\N,\N,\N,\N,\N,\N,\N,\N,could not convert string to float: N/A,\N
GEMP,Health Care,Major Pharmaceuticals,17.19,\N,\N,\N,\N,\N,\N,\N,\N,\N,\N,\N,could not convert string to float: N/A,\N
GENC,Capital Goods,Construction/Ag Equipment/Trucks,180.31,\N,\N,2.07,\N,0.26,0.18,0.25,0.02,0.51,\N,\N,\N,2019-07-06 01:00:35
GFN,Technology,Diversified Commercial Services,249.71,\N,\N,0.66,\N,-0.06,-0.44,-0.01,-0.17,-0.04,\N,\N,\N,2019-07-06 01:01:04
GFNCP,Technology,Diversified Commercial Services,41.24,\N,\N,\N,\N,\N,\N,\N,\N,\N,\N,\N,could not convert string to float: ,\N
GENE,Health Care,Biotechnology: Biological Products (No Diagnostic ,11.06,\N,\N,\N,\N,\N,\N,\N,\N,\N,\N,\N,could not convert string to float: N/A,\N
GNFT,Health Care,Biotechnology: Biological Products (No Diagnostic ,774.11,\N,\N,\N,\N,\N,\N,\N,\N,\N,\N,\N,could not convert string to float: N/A,\N
GNUS,Consumer Services,Movies/Entertainment,16.17,\N,\N,7.38,\N,-0.18,-0.26,-0.24,-0.41,-0.54,\N,\N,\N,2019-07-06 01:01:35
GNMK,Health Care,Medical/Dental Instruments,358.14,\N,\N,5.09,\N,-0.21,-0.3,-0.2,-0.21,-0.21,\N,\N,\N,2019-07-06 01:01:48
GNCA,Health Care,Biotechnology: Biological Products (No Diagnostic ,49.32,\N,\N,\N,\N,\N,\N,\N,\N,\N,\N,\N,could not convert string to float: N/A,\N
GHDX,Health Care,Medical Specialities,2000,\N,\N,5.28,\N,-0.11,0.23,0.32,0.23,0.34,\N,\N,\N,2019-07-06 01:02:04
GNPX,Health Care,Major Pharmaceuticals,18.72,\N,\N,\N,\N,\N,\N,\N,\N,\N,\N,\N,could not convert string to float: N/A,\N
GNTX,Capital Goods,Auto Parts:O.E.M.,6220,\N,\N,3.39,\N,0.4,0.4,0.42,0.41,0.4,\N,\N,\N,2019-07-06 01:02:19
THRM,Capital Goods,Auto Parts:O.E.M.,1360,\N,\N,1.33,\N,0.35,0.45,-0.01,0.36,0.25,\N,\N,\N,2019-07-06 01:02:33
GEOS,Capital Goods,Industrial Machinery/Components,176.4,\N,\N,2.45,\N,-0.36,-0.36,-0.02,-0.44,0.05,\N,\N,\N,2019-07-06 01:02:47
GABC,Finance,Major Banks,728.27,\N,\N,5.15,\N,0.51,0.48,0.55,0.44,0.6,\N,\N,\N,2019-07-06 01:03:01
GERN,Health Care,Major Pharmaceuticals,272.31,\N,\N,319.77,\N,-0.04,-0.04,-0.03,-0.04,-0.05,\N,\N,\N,2019-07-06 01:03:16
GEVO,Basic Industries,Major Chemicals,22.58,\N,\N,0.87,\N,-2.2,-7.19,-0.85,-0.83,-0.6,\N,\N,\N,2019-07-06 01:03:30
ROCK,Capital Goods,Steel/Iron Ore,1250,\N,\N,1.27,\N,0.26,0.7,0.6,0.4,0.19,\N,\N,\N,2019-07-06 01:03:44
GIGM,Technology,Computer Software: Programming\, Data Processing,27.63,\N,\N,4.44,\N,-0.08,-0.07,-0.1,-0.05,-0.05,\N,\N,\N,2019-07-06 01:03:58
GIII,Consumer Non-Durables,Apparel,1320,\N,\N,0.46,\N,0.2,0.2,1.86,0.48,0.24,\N,\N,\N,2019-07-06 01:04:12
GILT,Technology,Radio And Television Broadcasting And Communicatio,458.57,\N,\N,1.76,\N,0.04,0.04,0.16,0.09,0.05,\N,\N,\N,2019-07-06 01:04:27
GILD,Health Care,Biotechnology: Biological Products (No Diagnostic ,87300,\N,\N,3.9,\N,1.17,1.39,1.6,0,1.54,\N,\N,\N,2019-07-06 01:04:40
GBCI,Finance,Major Banks,3400,\N,\N,6.3,\N,0.48,0.52,0.58,0.59,0.58,\N,\N,\N,2019-07-06 01:04:55
GLAD,Consumer Non-Durables,Textiles,268.86,\N,\N,5.76,\N,0.35,0.45,-0.38,-0.13,0.33,\N,\N,\N,2019-07-06 01:05:09
GLADN,Consumer Non-Durables,Textiles,52.81,\N,\N,\N,\N,\N,\N,\N,\N,\N,\N,\N,could not convert string to float: ,\N
GOOD,Consumer Services,Real Estate,656.1,\N,\N,6.15,\N,0.06,-0.01,-0.01,-0.02,0.06,\N,\N,\N,2019-07-06 01:05:38
GOODM,Consumer Services,Real Estate,89.86,\N,\N,\N,\N,\N,\N,\N,\N,\N,\N,\N,could not convert string to float: ,\N
GOODO,Consumer Services,Real Estate,31.31,\N,\N,\N,\N,\N,\N,\N,\N,\N,\N,\N,could not convert string to float: ,\N
GOODP,Consumer Services,Real Estate,26.64,\N,\N,\N,\N,\N,\N,\N,\N,\N,\N,\N,could not convert string to float: ,\N
LAND,Consumer Services,Real Estate Investment Trusts,211.27,\N,\N,6.11,\N,-0.02,-0.11,0.35,-0.08,-0.03,\N,\N,\N,2019-07-06 01:06:50
LANDP,Consumer Services,Real Estate Investment Trusts,29.88,\N,\N,\N,\N,\N,\N,\N,\N,\N,\N,\N,could not convert string to float: ,\N
GLBZ,Finance,Major Banks,32.16,\N,\N,2.23,\N,0.09,0.17,0.19,0.11,0.05,\N,\N,\N,2019-07-06 01:07:22
GBT,Health Care,Major Pharmaceuticals,3520,\N,\N,\N,\N,\N,\N,\N,\N,\N,\N,\N,could not convert string to float: N/A,\N
ENT,Consumer Services,Telecommunications Equipment,58.66,\N,\N,0.09,\N,-0.42,-0.5,-0.47,-1.19,-0.41,\N,\N,\N,2019-07-06 01:07:36
GBLI,Finance,Property-Casualty Insurers,405.89,\N,\N,0.85,\N,0.4,0.5,0.26,-5.2,1.37,\N,\N,\N,2019-07-06 01:07:50
SELF,Consumer Services,Real Estate Investment Trusts,29.23,\N,\N,3.62,\N,0.01,0.05,0.01,0.01,0.02,\N,\N,\N,2019-07-06 01:08:03
GWRS,Public Utilities,Water Supply,218.36,\N,\N,6.16,\N,0.02,0.11,0.03,0,0.03,\N,\N,\N,2019-07-06 01:08:17
GLBS,Transportation,Marine Transportation,9.42,\N,\N,0.6,\N,-0.5,-0.3,0.08,-0.42,-0.15,\N,\N,\N,2019-07-06 01:08:31
GLUU,Technology,EDP Services,1030,\N,\N,2.75,\N,-0.05,-0.03,0,-0.01,0,\N,\N,\N,2019-07-06 01:08:45
GLYC,Health Care,Major Pharmaceuticals,491.83,\N,\N,\N,\N,\N,\N,\N,\N,\N,\N,\N,could not convert string to float: N/A,\N
GOGO,Consumer Services,Telecommunications Equipment,345.05,\N,\N,0.44,\N,-0.34,-0.47,-0.47,-0.74,-0.21,\N,\N,\N,2019-07-06 01:09:01
GLNG,Consumer Services,Marine Transportation,1710,\N,\N,3.84,\N,-0.21,0.36,0.66,-3.09,-0.41,\N,\N,\N,2019-07-06 01:09:14
GMLP,Consumer Services,Marine Transportation,780.52,\N,\N,2.39,\N,0.16,0.35,0.64,-0.27,-0.22,\N,\N,\N,2019-07-06 01:09:28
GMLPP,Consumer Services,Marine Transportation,137.06,\N,\N,\N,\N,\N,\N,\N,\N,\N,\N,\N,could not convert string to float: N/A,\N
DNJR,Finance,Finance: Consumer Services,49.59,\N,\N,\N,\N,\N,\N,\N,\N,\N,\N,\N,list index out of range,\N
GDEN,Consumer Services,Services-Misc. Amusement & Recreation,373.8,\N,\N,0.46,\N,0.13,0.12,-0.11,-0.9,-0.29,\N,\N,\N,2019-07-06 01:09:57
GOGL,Consumer Services,Marine Transportation,753.78,\N,\N,1.4,\N,0.12,0.06,0.24,0.16,-0.05,\N,\N,\N,2019-07-06 01:10:11
GTIM,Consumer Services,Restaurants,23.17,\N,\N,0.22,\N,-0.03,0.02,-0.03,-0.08,-0.04,\N,\N,\N,2019-07-06 01:10:25
GSHD,Finance,Specialty Insurers,1600,\N,\N,26.14,\N,0.1,-0.68,0.02,0.01,0.16,\N,\N,\N,2019-07-06 01:10:39
GPRO,Miscellaneous,Industrial Machinery/Components,871.79,\N,\N,0.71,\N,-0.55,-0.27,-0.19,0.22,-0.17,\N,\N,\N,2019-07-06 01:10:53
GPAQ,Finance,Business Services,194.06,\N,\N,\N,\N,\N,\N,\N,\N,\N,\N,\N,could not convert string to float: N/A,\N
GRSH,Finance,Business Services,502,\N,\N,\N,\N,\N,\N,\N,\N,\N,\N,\N,could not convert string to float: N/A,\N
GMHI,Finance,Business Services,505,\N,\N,\N,\N,\N,\N,\N,\N,\N,\N,\N,could not convert string to float: N/A,\N
GMHIW,Finance,Business Services,9,\N,\N,\N,\N,\N,\N,\N,\N,\N,\N,\N,could not convert string to float: N/A,\N
GOSS,Health Care,Major Pharmaceuticals,1460,\N,\N,\N,\N,\N,\N,\N,\N,\N,\N,\N,could not convert string to float: N/A,\N
LOPE,Consumer Services,Other Consumer Services,5700,\N,\N,7.43,\N,1.52,0.95,0.7,1.56,1.52,\N,\N,\N,2019-07-06 01:11:28
GRVY,Miscellaneous,Business Services,312.7,\N,\N,\N,\N,\N,\N,\N,\N,\N,\N,\N,could not convert string to float: N/A,\N
GEC,Technology,Computer Software: Prepackaged Software,107.68,\N,\N,2.83,\N,-0.18,-0.1,-0.08,-0.17,0.17,\N,\N,\N,2019-07-06 01:11:43
GLDD,Basic Industries,Military/Government/Technical,682.47,\N,\N,1.04,\N,-0.15,-0.02,0.18,-0.12,0.27,\N,\N,\N,2019-07-06 01:11:58
GSBC,Finance,Major Banks,830.55,\N,\N,4.43,\N,0.86,0.95,0.97,1.57,1.21,\N,\N,\N,2019-07-06 01:12:13
GRBK,Capital Goods,Homebuilding,427.7,\N,\N,0.7,\N,0.22,0.29,0.24,0.26,0.25,\N,\N,\N,2019-07-06 01:12:26
GPP,Basic Industries,Major Chemicals,317.45,\N,\N,3.39,\N,0.41,0.42,0.44,0.51,0.43,\N,\N,\N,2019-07-06 01:12:40
GPRE,Basic Industries,Major Chemicals,405.54,\N,\N,0.12,\N,-0.6,-0.02,-0.31,1.13,-1.06,\N,\N,\N,2019-07-06 01:12:54
GCBC,Finance,Banks,248.45,\N,\N,5.37,\N,0.43,0.42,0.51,0.54,0.51,\N,\N,\N,2019-07-06 01:13:09
GLAC,Finance,Business Services,58.88,\N,\N,\N,\N,\N,\N,\N,\N,\N,\N,\N,could not convert string to float: N/A,\N
GNLN,Capital Goods,Recreational Products/Toys,404.47,\N,\N,\N,\N,\N,\N,\N,\N,\N,\N,\N,could not convert string to float: ,\N
GLRE,Finance,Property-Casualty Insurers,307.69,\N,\N,0.88,\N,-3.85,-1.01,-2.48,-2.25,0.16,\N,\N,\N,2019-07-06 01:13:37
GRNQ,Technology,EDP Services,61.6,\N,\N,15.72,\N,0,-0.01,0,-0.14,-0.01,\N,\N,\N,2019-07-06 01:13:51
GSKY,Miscellaneous,Business Services,2200,\N,\N,4.76,\N,0.08,0.09,0.2,0.11,0.05,\N,\N,\N,2019-07-06 01:14:06
GSUM,Technology,Computer Software: Prepackaged Software,90.5,\N,\N,\N,\N,\N,\N,\N,\N,\N,\N,\N,could not convert string to float: N/A,\N
GRIF,Finance,Real Estate,186.55,\N,\N,5.3,\N,-0.34,0.07,-0.02,-0.03,-0.12,\N,\N,\N,2019-07-06 01:14:21
GRFS,Health Care,Major Pharmaceuticals,13760,\N,\N,\N,\N,\N,\N,\N,\N,\N,\N,\N,could not convert string to float: N/A,\N
GRIN,Transportation,Marine Transportation,89.6,\N,\N,\N,\N,\N,\N,\N,\N,\N,\N,\N,list index out of range,\N
GRTS,Health Care,Biotechnology: Biological Products (No Diagnostic ,350.76,\N,\N,\N,\N,\N,\N,\N,\N,\N,\N,\N,,\N
GRPN,Technology,Advertising,1940,\N,\N,0.77,\N,-0.01,-0.17,0.08,0.08,-0.07,\N,\N,\N,2019-07-06 01:15:05
OMAB,Transportation,Aerospace,2510,\N,\N,\N,\N,\N,\N,\N,\N,\N,\N,\N,could not convert string to float: N/A,\N
GGAL,Finance,Commercial Banks,4960,\N,\N,\N,\N,\N,\N,\N,\N,\N,\N,\N,could not convert string to float: N/A,\N
GVP,Technology,Computer Software: Prepackaged Software,44.39,\N,\N,0.48,\N,-0.08,0.05,-0.03,0.03,-0.21,\N,\N,\N,2019-07-06 01:15:38
GSIT,Technology,Semiconductors,193.44,\N,\N,3.86,\N,0.01,-0.08,-0.02,0.1,0,\N,\N,\N,2019-07-06 01:15:53
GTYH,Technology,EDP Services,351.53,\N,\N,\N,\N,\N,\N,\N,\N,\N,\N,\N,,\N
GNTY,Finance,Major Banks,359.11,\N,\N,4.24,\N,0.39,0.41,0.42,0.55,0.45,\N,\N,\N,2019-07-06 01:16:21
GFED,Finance,Major Banks,102.89,\N,\N,2.52,\N,0.3,-0.08,0.88,0.54,0.47,\N,\N,\N,2019-07-06 01:16:35
GH,Health Care,Medical Specialities,7550,\N,\N,\N,\N,\N,\N,\N,\N,\N,\N,\N,,\N
GHSI,Health Care,Major Pharmaceuticals,29.69,\N,\N,\N,\N,\N,\N,\N,\N,\N,\N,\N,,\N
GIFI,Capital Goods,Metal Fabrications,111.84,\N,\N,0.45,\N,-0.35,0.04,-0.73,-0.31,-0.2,\N,\N,\N,2019-07-06 01:17:18
GURE,Basic Industries,Major Chemicals,44.34,\N,\N,116.62,\N,-0.15,-0.1,-0.42,-0.82,-0.1,\N,\N,\N,2019-07-06 01:17:32
GPOR,Energy,Oil & Gas Production,744.01,\N,\N,0.52,\N,0.5,0.64,0.55,0.78,0.38,\N,\N,\N,2019-07-06 01:17:47
GWPH,Health Care,Major Pharmaceuticals,5280,\N,\N,83.26,\N,-3.11,-1.26,-2.76,-2.4,-1.68,\N,\N,\N,2019-07-06 01:18:01
GWGH,Finance,Life Insurance,257.21,\N,\N,\N,\N,\N,\N,\N,\N,\N,\N,\N,could not convert string to float: N/A,\N
GYRO,Consumer Services,Building operators,28.32,\N,\N,9.99,\N,-0.44,-0.11,1.55,-0.44,-0.55,\N,\N,\N,2019-07-06 01:18:17
HLG,Consumer Services,Other Consumer Services,1570,\N,\N,\N,\N,\N,\N,\N,\N,\N,\N,\N,could not convert string to float: N/A,\N
HNRG,Energy,Coal Mining,161.81,\N,\N,0.56,\N,0.07,0,0.09,0.09,0.23,\N,\N,\N,2019-07-06 01:18:32
HALL,Finance,Property-Casualty Insurers,260.97,\N,\N,0.66,\N,0.04,0.28,0.53,-0.28,0.83,\N,\N,\N,2019-07-06 01:18:46
HALO,Health Care,Biotechnology: Biological Products (No Diagnostic ,2370,\N,\N,13.92,\N,-0.19,-0.16,-0.19,-0.01,0.01,\N,\N,\N,2019-07-06 01:19:01
HLNE,Finance,Investment Managers,2820,\N,\N,11.74,\N,0.72,0.39,0.49,0.22,0.32,\N,\N,\N,2019-07-06 01:19:16
HJLI,Health Care,Medical/Dental Instruments,13.52,\N,\N,70.74,\N,-0.44,-1.06,-0.13,-0.05,-0.13,\N,\N,\N,2019-07-06 01:19:30
HWC,Finance,Major Banks,3310,\N,\N,3.08,\N,0.83,0.82,0.96,1.1,0.91,\N,\N,\N,2019-07-06 01:19:45
HAFC,Finance,Major Banks,657.84,\N,\N,3.46,\N,0.46,0.48,0.5,0.37,0.48,\N,\N,\N,2019-07-06 01:19:58
HONE,Finance,Major Banks,594.55,\N,\N,4.48,\N,0.07,0.1,0.19,0,0.07,\N,\N,\N,2019-07-06 01:20:13
HLIT,Technology,Radio And Television Broadcasting And Communicatio,497.25,\N,\N,1.3,\N,-0.16,-0.03,-0.09,0.04,-0.13,\N,\N,\N,2019-07-06 01:20:27
HARP,Health Care,Biotechnology: Biological Products (No Diagnostic ,303.37,\N,\N,\N,\N,\N,\N,\N,\N,\N,\N,\N,,\N
HROW,Health Care,Major Pharmaceuticals,195.77,\N,\N,4.36,\N,-0.17,0.11,-0.12,0.77,0.43,\N,\N,\N,2019-07-06 01:20:55
HBIO,Capital Goods,Biotechnology: Laboratory Analytical Instruments,75,\N,\N,0.59,\N,-0.11,-0.04,-0.01,0.06,-0.06,\N,\N,\N,2019-07-06 01:21:26
HAS,Consumer Non-Durables,Recreational Products/Toys,13230,\N,\N,2.88,\N,-0.9,0.48,2.06,0.07,0.21,\N,\N,\N,2019-07-06 01:21:41
HA,Transportation,Air Freight/Delivery Services,1240,\N,\N,0.48,\N,0.56,1.56,1.84,0.64,0.75,\N,\N,\N,2019-07-06 01:21:56
HWKN,Consumer Durables,Specialty Chemicals,426.89,\N,\N,0.81,\N,-3.51,0.85,0.69,0.39,0.35,\N,\N,\N,2019-07-06 01:22:10
HWBK,Finance,Major Banks,165.07,\N,\N,3.17,\N,0.33,0.46,0.49,0.42,0.74,\N,\N,\N,2019-07-06 01:22:25
HAYN,Capital Goods,Steel/Iron Ore,387.35,\N,\N,0.84,\N,-0.17,0.06,0.17,-0.13,0.12,\N,\N,\N,2019-07-06 01:22:39
HDS,Consumer Services,Office Equipment/Supplies/Services,6760,\N,\N,1.1,\N,0.48,0.71,0.45,0.52,0.63,\N,\N,\N,2019-07-06 01:22:53
HHR,Technology,Professional Services,795.5,\N,\N,\N,\N,\N,\N,\N,\N,\N,\N,\N,could not convert string to float: N/A,\N
HIIQ,Finance,Specialty Insurers,340.29,\N,\N,0.99,\N,0.33,0.22,0.22,0.4,0.11,\N,\N,\N,2019-07-06 01:23:08
HCSG,Health Care,Hospital/Nursing Management,2200,\N,\N,1.13,\N,0,0.35,0.35,0.42,0.12,\N,\N,\N,2019-07-06 01:23:22
HQY,Miscellaneous,Business Services,4060,\N,\N,13.28,\N,0.36,0.36,0.25,0.21,0.65,\N,\N,\N,2019-07-06 01:23:36
HSTM,Technology,Computer Software: Programming\, Data Processing,824.93,\N,\N,3.48,\N,0.74,0.08,0.09,0.09,0.18,\N,\N,\N,2019-07-06 01:23:50
HTLD,Transportation,Trucking Freight/Courier Services,1440,\N,\N,2.53,\N,0.16,0.22,0.23,0.27,0.21,\N,\N,\N,2019-07-06 01:24:04
HTLF,Finance,Major Banks,1580,\N,\N,3.2,\N,0.76,0.85,0.97,0.93,0.91,\N,\N,\N,2019-07-06 01:24:19
HTBX,Health Care,Major Pharmaceuticals,24.2,\N,\N,4.12,\N,-0.75,-0.27,-0.16,-0.15,-0.17,\N,\N,\N,2019-07-06 01:24:33
HEBT,Capital Goods,Metal Fabrications,24.08,\N,\N,\N,\N,\N,\N,\N,\N,\N,\N,\N,list index out of range,\N
HSII,Technology,Diversified Commercial Services,574.88,\N,\N,0.77,\N,0.53,0.59,0.85,0.56,0.62,\N,\N,\N,2019-07-06 01:25:02
HELE,Consumer Durables,Home Furnishings,3320,\N,\N,2.12,\N,2.22,1.42,1.66,1.88,1.46,\N,\N,\N,2019-07-06 01:25:17
HLIO,Capital Goods,Metal Fabrications,1400,\N,\N,2.62,\N,0.4,0.22,0.36,0.51,0.51,\N,\N,\N,2019-07-06 01:25:32
HSDT,Health Care,Biotechnology: Electromedical & Electrotherapeutic,59.38,\N,\N,48.98,\N,-0.08,-0.78,-0.19,-0.22,-0.06,\N,\N,\N,2019-07-06 01:25:46
HMTV,Consumer Services,Television Services,487.43,\N,\N,3.38,\N,-0.19,-0.13,-0.03,0.07,-0.04,\N,\N,\N,2019-07-06 01:26:02
HNNA,Finance,Investment Managers,72.05,\N,\N,1.48,\N,0.58,0.53,0.46,0.39,0.37,\N,\N,\N,2019-07-06 01:26:16
HCAC,Finance,Business Services,298.65,\N,\N,\N,\N,\N,\N,\N,\N,\N,\N,\N,could not convert string to float: N/A,\N
HSIC,Health Care,Medical Specialities,10330,\N,\N,0.78,\N,0.91,0.92,0.79,0.87,0.73,\N,\N,\N,2019-07-06 01:26:32
HTBK,Finance,Major Banks,521.86,\N,\N,4.09,\N,0.23,0.02,0.28,0.3,0.28,\N,\N,\N,2019-07-06 01:26:46
HFWA,Finance,Banks,1080,\N,\N,4.99,\N,0.27,0.35,0.42,0.45,0.45,\N,\N,\N,2019-07-06 01:27:16
HCCI,Basic Industries,Miscellaneous,593.86,\N,\N,1.44,\N,-0.01,0.26,0.27,0.11,-0.11,\N,\N,\N,2019-07-06 01:27:31
MLHR,Consumer Durables,Office Equipment/Supplies/Services,2180,\N,\N,1.04,\N,0.49,0.53,0.6,0.66,0.66,\N,\N,\N,2019-07-06 01:27:45
HRTX,Health Care,Major Pharmaceuticals,1440,\N,\N,14.28,\N,-0.81,-0.54,-0.49,-0.63,-0.8,\N,\N,\N,2019-07-06 01:27:59
HSKA,Health Care,Biotechnology: Biological Products (No Diagnostic ,636.17,\N,\N,5.07,\N,0.28,0.24,-0.23,0.44,0.1,\N,\N,\N,2019-07-06 01:28:13
HX,Finance,Finance: Consumer Services,106.77,\N,\N,1.98,\N,0.52,0.32,0.56,-0.36,-0.2,\N,\N,\N,2019-07-06 01:28:28
HFFG,Consumer Non-Durables,Food Distributors,560.17,\N,\N,\N,\N,\N,\N,\N,\N,\N,\N,\N,,\N
HIBB,Consumer Services,Other Specialty Stores,352.62,\N,\N,0.32,\N,0.51,1.12,-0.06,0.08,0.36,\N,\N,\N,2019-07-06 01:28:57
HPJ,Miscellaneous,Industrial Machinery/Components,47.02,\N,\N,0.23,\N,-0.07,0.17,0.39,0.35,0.02,\N,\N,\N,2019-07-06 01:29:12
HIHO,Capital Goods,Metal Fabrications,10.23,\N,\N,0.72,\N,0.2,0.02,-0.06,-0.08,-0.05,\N,\N,\N,2019-07-06 01:29:26
HIMX,Technology,Semiconductors,573.24,\N,\N,0.84,\N,-0.02,0.01,0.01,0.05,-0.01,\N,\N,\N,2019-07-06 01:29:40
HSGX,Health Care,Industrial Specialties,18.54,\N,\N,\N,\N,\N,\N,\N,\N,\N,\N,\N,could not convert string to float: N/A,\N
HCCH,Finance,Business Services,69.63,\N,\N,\N,\N,\N,\N,\N,\N,\N,\N,\N,could not convert string to float: N/A,\N
HMNF,Finance,Savings Institutions,100.51,\N,\N,2.77,\N,0.29,0.36,0.59,0.51,0.35,\N,\N,\N,2019-07-06 01:29:57
HMSY,Miscellaneous,Business Services,2740,\N,\N,4.89,\N,0.07,-0.04,0.22,0.38,0.22,\N,\N,\N,2019-07-06 01:30:11
HOLI,Energy,Industrial Machinery/Components,1110,\N,\N,2.06,\N,0.36,0.45,0.46,0.72,0.46,\N,\N,\N,2019-07-06 01:30:25
HOLX,Health Care,Medical Electronics,12950,\N,\N,3.94,\N,-2.46,0.41,0.18,0.36,-1.01,\N,\N,\N,2019-07-06 01:30:40
HBCP,Finance,Banks,340.86,\N,\N,3.55,\N,0.81,0.84,0.89,0.87,0.85,\N,\N,\N,2019-07-06 01:30:55
HOMB,Finance,Major Banks,3150,\N,\N,4.99,\N,0.42,0.44,0.46,0.41,0.42,\N,\N,\N,2019-07-06 01:31:09
HFBL,Finance,Savings Institutions,61.97,\N,\N,3.52,\N,0.54,0.61,0.63,0.62,0.63,\N,\N,\N,2019-07-06 01:31:23
HMST,Finance,Major Banks,783.69,\N,\N,1.86,\N,0.22,0.26,0.44,0.56,-0.06,\N,\N,\N,2019-07-06 01:31:36
HTBI,Finance,Savings Institutions,447,\N,\N,3.78,\N,0.32,0.38,0.41,0.43,0.18,\N,\N,\N,2019-07-06 01:31:52
FIXX,Health Care,Major Pharmaceuticals,838.28,\N,\N,284.69,\N,-4.21,-0.35,-0.4,-0.52,-0.64,\N,\N,\N,2019-07-06 01:32:07
HOFT,Consumer Durables,Home Furnishings,232.56,\N,\N,0.37,\N,0.61,0.74,0.79,1.24,0.17,\N,\N,\N,2019-07-06 01:32:21
HOOK,Health Care,Major Pharmaceuticals,162.61,\N,\N,\N,\N,\N,\N,\N,\N,\N,\N,\N,could not convert string to float: ,\N
HOPE,Finance,Major Banks,1660,\N,\N,3.39,\N,0.38,0.36,0.36,0.35,0.34,\N,\N,\N,2019-07-06 01:33:10
HFBC,Finance,Major Banks,129.39,\N,\N,3.65,\N,0.18,0.28,0.2,0.26,0.1,\N,\N,\N,2019-07-06 01:33:25
HBNC,Finance,Major Banks,715.89,\N,\N,4.44,\N,0.33,0.37,0.34,0.34,0.28,\N,\N,\N,2019-07-06 01:33:40
HZNP,Health Care,Major Pharmaceuticals,4420,\N,\N,3.56,\N,-0.96,-0.2,0.15,0.5,-0.19,\N,\N,\N,2019-07-06 01:33:55
HPT,Consumer Services,Real Estate Investment Trusts,4010,\N,\N,1.81,\N,0.49,0.59,0.71,-0.66,1.37,\N,\N,\N,2019-07-06 01:34:10
TWNK,Consumer Non-Durables,Packaged Foods,1880,\N,\N,2.22,\N,0.23,0.18,0.08,0.12,0.21,\N,\N,\N,2019-07-06 01:34:24
HOTH,Health Care,Major Pharmaceuticals,54.36,\N,\N,\N,\N,\N,\N,\N,\N,\N,\N,\N,could not convert string to float: N/A,\N
HMHC,Consumer Services,Books,651.58,\N,\N,0.53,\N,-0.82,-0.19,0.7,-0.45,-0.95,\N,\N,\N,2019-07-06 01:34:39
HWCC,Consumer Non-Durables,Telecommunications Equipment,87.13,\N,\N,0.25,\N,0.12,0.16,0.15,0.1,0.14,\N,\N,\N,2019-07-06 01:34:53
HOVNP,Capital Goods,Homebuilding,14.9,\N,\N,\N,\N,\N,\N,\N,\N,\N,\N,\N,could not convert string to float: N/A,\N
HBMD,Finance,Major Banks,269.14,\N,\N,3.49,\N,-0.43,-0.12,0.21,0.01,0.22,\N,\N,\N,2019-07-06 01:35:08
HTGM,Capital Goods,Biotechnology: Laboratory Analytical Instruments,48.69,\N,\N,2.12,\N,-0.22,-0.14,-0.17,-0.07,-0.19,\N,\N,\N,2019-07-06 01:35:23
HTHT,Consumer Services,Hotels/Resorts,10010,\N,\N,\N,\N,\N,\N,\N,\N,\N,\N,\N,could not convert string to float: N/A,\N
HUBG,Transportation,Oil Refining/Marketing,1370,\N,\N,0.38,\N,0.48,0.66,3.41,1.46,0.71,\N,\N,\N,2019-07-06 01:35:39
HSON,Technology,Professional Services,37.03,\N,\N,0.55,\N,3.3,-0.4,-0.3,-0.2,-0.6,\N,\N,\N,2019-07-06 01:35:53
HDSN,Consumer Durables,Industrial Specialties,37.14,\N,\N,0.24,\N,-0.07,-0.72,-0.33,-0.19,-0.09,\N,\N,\N,2019-07-06 01:36:08
HBAN,Finance,Major Banks,14030,\N,\N,3.31,\N,0.28,0.3,0.33,0.29,0.32,\N,\N,\N,2019-07-06 01:36:23
HBANN,Finance,Major Banks,2.62,\N,\N,\N,\N,\N,\N,\N,\N,\N,\N,\N,could not convert string to float: N/A,\N
HBANO,Finance,Major Banks,21330,\N,\N,\N,\N,\N,\N,\N,\N,\N,\N,\N,could not convert string to float: ,\N
HURC,Capital Goods,Industrial Machinery/Components,236.24,\N,\N,0.8,\N,0.55,0.95,1.22,0.97,0.76,\N,\N,\N,2019-07-06 01:36:53
HURN,Consumer Services,Professional Services,1170,\N,\N,1.44,\N,-0.15,0.25,0.38,0.14,0.15,\N,\N,\N,2019-07-06 01:37:07
HCM,Health Care,Major Pharmaceuticals,3900,\N,\N,13.95,\N,-0.38,0.03,-0.01,-0.16,-0.02,\N,\N,\N,2019-07-06 01:37:21
HBP,Consumer Services,RETAIL: Building Materials,60.27,\N,\N,0.08,\N,-0.02,0.01,0.05,-0.29,-0.13,\N,\N,\N,2019-07-06 01:37:36
HVBC,Finance,Major Banks,34.23,\N,\N,3.07,\N,0.07,0.11,0.13,0.07,0.03,\N,\N,\N,2019-07-06 01:37:52
HYGS,Basic Industries,Major Chemicals,266.33,\N,\N,8.33,\N,-0.13,-0.31,-0.22,-0.2,-0.15,\N,\N,\N,2019-07-06 01:38:06
HYRE,Consumer Services,Rental/Leasing Companies,49.83,\N,\N,4.17,\N,-0.17,-0.92,-0.15,-0.23,-0.14,\N,\N,\N,2019-07-06 01:38:38
IDSY,Capital Goods,Telecommunications Equipment,102.73,\N,\N,1.99,\N,-0.06,-0.07,-0.05,-0.16,-0.12,\N,\N,\N,2019-07-06 01:38:53
IIIV,Miscellaneous,Business Services,897.14,\N,\N,\N,\N,\N,\N,\N,\N,\N,\N,\N,,\N
IAC,Consumer Services,Other Specialty Stores,17910,\N,\N,4.38,\N,0.71,2.32,1.49,2.04,0.91,\N,\N,\N,2019-07-06 01:39:22
IBKC,Finance,Major Banks,4000,\N,\N,3.65,\N,1.1,1.3,1.73,2.32,1.75,\N,\N,\N,2019-07-06 01:39:36
ICAD,Health Care,Medical/Dental Instruments,109.15,\N,\N,4.17,\N,-0.2,-0.06,-0.08,-0.2,-0.22,\N,\N,\N,2019-07-06 01:39:50
IEP,Capital Goods,Auto Parts:O.E.M.,14010,\N,\N,1.39,\N,0.77,1.7,0.68,8.03,-2.02,\N,\N,\N,2019-07-06 01:40:04
ICCH,Finance,Property-Casualty Insurers,46.48,\N,\N,0.89,\N,0.21,0.01,-0.07,0.21,0.1,\N,\N,\N,2019-07-06 01:40:18
ICFI,Consumer Services,Professional Services,1360,\N,\N,1.07,\N,0.65,0.71,0.86,0.97,0.8,\N,\N,\N,2019-07-06 01:40:32
ICHR,Technology,Semiconductors,485.63,\N,\N,0.77,\N,0.63,1.07,0.39,0.15,0.07,\N,\N,\N,2019-07-06 01:40:47
ICLK,Technology,Computer Software: Prepackaged Software,214.86,\N,\N,1.32,\N,0,-0.02,-0.2,-0.15,-0.04,\N,\N,\N,2019-07-06 01:41:02
ICLR,Health Care,Biotechnology: Commercial Physical & Biological Re,7990,\N,\N,3.14,\N,1.42,1.31,1.54,1.62,1.63,\N,\N,\N,2019-07-06 01:41:16
ICON,Consumer Non-Durables,Shoe Manufacturing,8.32,\N,\N,0.05,\N,5.1,-12.6,-0.1,-9.75,-0.01,\N,\N,\N,2019-07-06 01:41:30
ICUI,Health Care,Medical/Dental Instruments,5140,\N,\N,3.81,\N,0.23,1.44,0.01,-0.36,1.44,\N,\N,\N,2019-07-06 01:41:45
IPWR,Energy,Industrial Machinery/Components,4.85,\N,\N,\N,\N,\N,\N,\N,\N,\N,\N,\N,could not convert string to float: N/A,\N
IDEX,Consumer Services,Television Services,192.15,\N,\N,1.18,\N,-0.06,-0.12,-0.1,-0.08,0.18,\N,\N,\N,2019-07-06 01:42:00
IDYA,Health Care,Major Pharmaceuticals,199.66,\N,\N,\N,\N,\N,\N,\N,\N,\N,\N,\N,could not convert string to float: N/A,\N
INVE,Technology,Computer peripheral equipment,79.77,\N,\N,1,\N,-0.15,-0.18,-0.02,-0.01,-0.06,\N,\N,\N,2019-07-06 01:42:16
IDRA,Health Care,Biotechnology: Biological Products (No Diagnostic ,75.38,\N,\N,179.7,\N,-0.8,-0.59,-0.43,-0.45,-0.4,\N,\N,\N,2019-07-06 01:42:30
IDXX,Health Care,Biotechnology: In Vitro & In Vivo Diagnostic Subst,23330,\N,\N,10.57,\N,1.01,1.23,1.05,0.98,1.17,\N,\N,\N,2019-07-06 01:42:44
IESC,Capital Goods,Engineering & Construction,388.53,\N,\N,0.41,\N,0.11,0.4,0.22,0.32,0.26,\N,\N,\N,2019-07-06 01:42:59
IROQ,Finance,Savings Institutions,75.99,\N,\N,3.56,\N,0.27,0.14,0.25,0.22,0.24,\N,\N,\N,2019-07-06 01:43:13
IFMK,Consumer Services,Food Chains,16.74,\N,\N,0.19,\N,-0.02,-0.13,-0.28,-0.11,-0.27,\N,\N,\N,2019-07-06 01:43:27
INFO,Technology,Computer Software: Programming\, Data Processing,23690,\N,\N,6.1,\N,0.28,0.26,0.2,0.27,0.37,\N,\N,\N,2019-07-06 01:43:41
IIVI,Capital Goods,Electronic Components,2200,\N,\N,1.76,\N,0.45,0.42,0.4,0.44,0.38,\N,\N,\N,2019-07-06 01:43:55
IKNX,Miscellaneous,Industrial Machinery/Components,14.8,\N,\N,0.8,\N,-0.07,0.07,-0.01,0.08,-0.23,\N,\N,\N,2019-07-06 01:44:25
ILMN,Capital Goods,Biotechnology: Laboratory Analytical Instruments,52640,\N,\N,16.09,\N,1.41,1.41,1.33,1.41,1.57,\N,\N,\N,2019-07-06 01:44:41
IMAC,Health Care,Medical Specialities,31.62,\N,\N,\N,\N,\N,\N,\N,\N,\N,\N,\N,,\N
ISNS,Capital Goods,Industrial Machinery/Components,27.86,\N,\N,1.86,\N,0,0.1,0.16,0.1,0.06,\N,\N,\N,2019-07-06 01:45:10
IMMR,Technology,Computer peripheral equipment,239.81,\N,\N,7.78,\N,2.29,-0.25,-0.15,-0.1,-0.35,\N,\N,\N,2019-07-06 01:45:24
ICCC,Health Care,Biotechnology: In Vitro & In Vivo Diagnostic Subst,46.86,\N,\N,3.85,\N,-0.04,-0.15,-0.05,-0.19,0.03,\N,\N,\N,2019-07-06 01:45:39
IMUX,Health Care,Major Pharmaceuticals,131.82,\N,\N,\N,\N,\N,\N,\N,\N,\N,\N,\N,could not convert string to float: N/A,\N
IMGN,Health Care,Major Pharmaceuticals,272.15,\N,\N,8.47,\N,-0.3,-0.31,-0.32,-0.28,-0.3,\N,\N,\N,2019-07-06 01:45:54
IMMU,Health Care,Biotechnology: In Vitro & In Vivo Diagnostic Subst,2490,\N,\N,\N,\N,\N,\N,\N,\N,\N,\N,\N,invalid literal for float(): -5\,344.24,\N
IMRN,Health Care,Major Pharmaceuticals,12.59,\N,\N,\N,\N,\N,\N,\N,\N,\N,\N,\N,could not convert string to float: N/A,\N
IMMP,Health Care,Major Pharmaceuticals,61.85,\N,\N,\N,\N,\N,\N,\N,\N,\N,\N,\N,could not convert string to float: N/A,\N
PI,Capital Goods,Industrial Machinery/Components,583.07,\N,\N,5.35,\N,-0.68,-0.36,-0.33,-0.28,-0.33,\N,\N,\N,2019-07-06 01:46:12
IMV,Health Care,Major Pharmaceuticals,139.14,\N,\N,\N,\N,\N,\N,\N,\N,\N,\N,\N,could not convert string to float: N/A,\N
INCY,Health Care,Biotechnology: Commercial Physical & Biological Re,18790,\N,\N,9,\N,-0.19,0.24,0.14,0.32,0.47,\N,\N,\N,2019-07-06 01:46:27
INDB,Finance,Major Banks,2540,\N,\N,6.56,\N,1,1.13,1.2,1.07,1.25,\N,\N,\N,2019-07-06 01:46:41
IBCP,Finance,Major Banks,479.4,\N,\N,3.09,\N,0.42,0.36,0.49,0.41,0.39,\N,\N,\N,2019-07-06 01:46:56
IBTX,Finance,Major Banks,2320,\N,\N,5.99,\N,1.02,1.02,1.17,1.11,0.85,\N,\N,\N,2019-07-06 01:47:10
ILPT,Consumer Services,Real Estate Investment Trusts,1340,\N,\N,8.18,\N,0.31,0.29,0.28,0.28,0.26,\N,\N,\N,2019-07-06 01:47:24
IDSA,Consumer Durables,Industrial Specialties,7.54,\N,\N,0.12,\N,0,0.1,-0.06,-0.08,-0.05,\N,\N,\N,2019-07-06 01:47:39
INFN,Public Utilities,Telecommunications Equipment,528.01,\N,\N,0.51,\N,-0.17,-0.14,-0.21,-0.75,-0.69,\N,\N,\N,2019-07-06 01:47:53
INFI,Health Care,Major Pharmaceuticals,95.92,\N,\N,4.05,\N,-0.18,-0.12,0.23,-0.14,-0.24,\N,\N,\N,2019-07-06 01:48:07
III,Consumer Services,Professional Services,148.35,\N,\N,\N,\N,\N,\N,\N,\N,\N,\N,\N,could not convert string to float: N/A,\N
IEA,Finance,Business Services,44.5,\N,\N,0.07,\N,-0.81,0.14,0.17,-1.63,-1.06,\N,\N,\N,2019-07-06 01:48:22
IMKTA,Consumer Services,Food Chains,628.26,\N,\N,0.15,\N,0.46,1.21,0.91,1.09,0.74,\N,\N,\N,2019-07-06 01:48:37
INMB,Health Care,Biotechnology: Biological Products (No Diagnostic ,91.34,\N,\N,\N,\N,\N,\N,\N,\N,\N,\N,\N,could not convert string to float: N/A,\N
INWK,Miscellaneous,Business Services,196.55,\N,\N,0.18,\N,-0.03,-0.01,-0.87,-0.57,-0.05,\N,\N,\N,2019-07-06 01:49:08
INOD,Technology,EDP Services,25.1,\N,\N,0.43,\N,-0.01,-0.02,0.03,0,-0.02,\N,\N,\N,2019-07-06 01:49:24
IPHS,Consumer Durables,Specialty Chemicals,549.58,\N,\N,0.71,\N,0.55,0.31,0.71,0.24,0.44,\N,\N,\N,2019-07-06 01:49:38
IOSP,Basic Industries,Major Chemicals,2070,\N,\N,1.51,\N,0.9,0.89,0.84,0.83,1.17,\N,\N,\N,2019-07-06 01:49:52
INNT,Health Care,Major Pharmaceuticals,37.86,\N,\N,\N,\N,\N,\N,\N,\N,\N,\N,\N,could not convert string to float: N/A,\N
ISSC,Technology,EDP Services,76.09,\N,\N,5.49,\N,-0.08,-0.06,-0.02,0.01,0.01,\N,\N,\N,2019-07-06 01:50:08
INVA,Health Care,Major Pharmaceuticals,1420,\N,\N,5.53,\N,0.27,0.49,0.43,2.34,0.31,\N,\N,\N,2019-07-06 01:50:22
INGN,Health Care,Industrial Specialties,1490,\N,\N,3.91,\N,0.48,0.65,0.73,0.44,0.24,\N,\N,\N,2019-07-06 01:50:36
INOV,Technology,EDP Services,1040,\N,\N,3.93,\N,-0.12,-0.07,-0.01,-0.07,-0.06,\N,\N,\N,2019-07-06 01:50:51
INO,Health Care,Medical/Dental Instruments,247.05,\N,\N,9.32,\N,-0.36,-0.08,-0.27,-0.35,-0.3,\N,\N,\N,2019-07-06 01:51:05
INPX,Technology,EDP Services,6.41,\N,\N,1.65,\N,-74,-43.2,-4.84,-10.18,-1.42,\N,\N,\N,2019-07-06 01:51:19
INSG,Capital Goods,Telecommunications Equipment,333.83,\N,\N,1.88,\N,-0.13,-0.11,0.15,-0.06,-0.1,\N,\N,\N,2019-07-06 01:51:34
NSIT,Consumer Services,Catalog/Specialty Distribution,2000,\N,\N,0.3,\N,0.9,1.44,0.89,1.31,1.09,\N,\N,\N,2019-07-06 01:51:48
ISIG,Consumer Services,Advertising,12.88,\N,\N,0.41,\N,0.01,0.02,0.05,0.04,-0.09,\N,\N,\N,2019-07-06 01:52:02
INSM,Health Care,Major Pharmaceuticals,2240,\N,\N,68.91,\N,-0.89,-1,-1.14,-1.19,-0.96,\N,\N,\N,2019-07-06 01:52:17
INSE,Technology,Computer Software: Prepackaged Software,188.71,\N,\N,1.5,\N,-0.02,-0.19,-0.57,-0.23,-0.24,\N,\N,\N,2019-07-06 01:52:32
IIIN,Capital Goods,Steel/Iron Ore,371.17,\N,\N,0.89,\N,0.31,0.67,0.49,0.21,0.05,\N,\N,\N,2019-07-06 01:52:46
PODD,Health Care,Medical/Dental Instruments,6930,\N,\N,11.92,\N,-0.11,-0.03,0.03,0.16,0.07,\N,\N,\N,2019-07-06 01:53:00
INSU,Finance,Business Services,203.44,\N,\N,\N,\N,\N,\N,\N,\N,\N,\N,\N,could not convert string to float: N/A,\N
INSUU,Finance,Business Services,138.55,\N,\N,\N,\N,\N,\N,\N,\N,\N,\N,\N,could not convert string to float: N/A,\N
INSUW,Finance,Business Services,7.2,\N,\N,\N,\N,\N,\N,\N,\N,\N,\N,\N,could not convert string to float: N/A,\N
NTEC,Health Care,Major Pharmaceuticals,140.85,\N,\N,\N,\N,\N,\N,\N,\N,\N,\N,\N,could not convert string to float: N/A,\N
IART,Health Care,Medical/Dental Instruments,4620,\N,\N,3.18,\N,0.14,0.14,0.15,0.29,0.38,\N,\N,\N,2019-07-06 01:53:18
IMTE,Consumer Non-Durables,Consumer Electronics/Appliances,33.88,\N,\N,\N,\N,\N,\N,\N,\N,\N,\N,\N,could not convert string to float: N/A,\N
INTC,Technology,Semiconductors,209750,\N,\N,3.04,\N,0.93,1.05,1.38,1.12,0.87,\N,\N,\N,2019-07-06 01:53:33
NTLA,Health Care,Biotechnology: In Vitro & In Vivo Diagnostic Subst,680.64,\N,\N,21.44,\N,-0.51,-0.52,-0.53,-0.43,-0.49,\N,\N,\N,2019-07-06 01:54:07
IPAR,Consumer Non-Durables,Package Goods/Cosmetics,2070,\N,\N,2.97,\N,0.51,0.35,0.6,0.26,0.6,\N,\N,\N,2019-07-06 01:54:21
ICPT,Health Care,Major Pharmaceuticals,2550,\N,\N,13.35,\N,-3.22,-2.58,-2.18,-2.97,-3.03,\N,\N,\N,2019-07-06 01:54:36
IDCC,Miscellaneous,Multi-Sector Companies,2040,\N,\N,7.12,\N,0.84,0.3,0.6,0.05,-0.09,\N,\N,\N,2019-07-06 01:54:50
TILE,Consumer Durables,Home Furnishings,889.01,\N,\N,0.74,\N,0.25,0.35,0.14,0.11,0.12,\N,\N,\N,2019-07-06 01:55:05
IMI,Technology,Semiconductors,57.72,\N,\N,1.89,\N,-0.01,0.01,-0.01,-0.05,-0.05,\N,\N,\N,2019-07-06 01:55:19
INAP,Technology,Computer Software: Programming\, Data Processing,82.61,\N,\N,0.27,\N,-0.7,-0.69,-0.75,-0.82,-0.83,\N,\N,\N,2019-07-06 01:55:33
IBOC,Finance,Major Banks,2390,\N,\N,4.33,\N,0.8,0.79,0.77,0.88,0.79,\N,\N,\N,2019-07-06 01:55:48
IMXI,Miscellaneous,Business Services,546.95,\N,\N,\N,\N,\N,\N,\N,\N,\N,\N,\N,,\N
ISCA,Consumer Services,Services-Misc. Amusement & Recreation,1950,\N,\N,2.88,\N,3.83,0.38,0.27,0.62,0.5,\N,\N,\N,2019-07-06 01:56:17
IGLD,Public Utilities,Telecommunications Equipment,10.23,\N,\N,\N,\N,\N,\N,\N,\N,\N,\N,\N,could not convert string to float: N/A,\N
IDXG,Health Care,Medical/Dental Instruments,27.62,\N,\N,1.16,\N,-0.11,-0.07,-0.11,-0.14,-0.1,\N,\N,\N,2019-07-06 01:56:32
XENT,Health Care,Medical/Dental Instruments,703.98,\N,\N,6.11,\N,-0.21,-0.14,-0.25,-0.16,-0.35,\N,\N,\N,2019-07-06 01:56:46
IPLDP,Public Utilities,Power Generation,201.92,\N,\N,\N,\N,\N,\N,\N,\N,\N,\N,\N,could not convert string to float: ,\N
IVAC,Technology,Industrial Machinery/Components,106.76,\N,\N,1.18,\N,-0.23,-0.01,-0.05,0.44,-0.1,\N,\N,\N,2019-07-06 01:57:14
INTL,Finance,Investment Bankers/Brokers/Service,698.94,\N,\N,0.03,\N,1.18,1.25,0.81,0.94,1.21,\N,\N,\N,2019-07-06 01:57:28
ITCI,Health Care,Major Pharmaceuticals,719.51,\N,\N,\N,\N,\N,\N,\N,\N,\N,\N,\N,could not convert string to float: N/A,\N
XON,Health Care,Biotechnology: Commercial Physical & Biological Re,1180,\N,\N,8.62,\N,-0.33,-0.51,-0.44,-2.59,-0.4,\N,\N,\N,2019-07-06 01:57:42
IIN,Capital Goods,Electrical Products,197.63,\N,\N,1.68,\N,0.1,0.25,0.22,0.09,0.08,\N,\N,\N,2019-07-06 01:57:56
INTU,Technology,Computer Software: Prepackaged Software,66750,\N,\N,10.64,\N,4.59,0.18,0.13,0.72,5.22,\N,\N,\N,2019-07-06 01:58:10
ISRG,Health Care,Industrial Specialties,60090,\N,\N,15.88,\N,2.44,2.15,2.45,2.45,2.56,\N,\N,\N,2019-07-06 01:58:24
ISTR,Finance,Major Banks,232.94,\N,\N,3.89,\N,0.25,0.39,0.41,0.34,0.4,\N,\N,\N,2019-07-06 01:58:39
ISBC,Finance,Major Banks,3030,\N,\N,4.63,\N,0.2,0.2,0.19,0.12,0.18,\N,\N,\N,2019-07-06 01:58:54
ITIC,Finance,Specialty Insurers,307.44,\N,\N,1.92,\N,2.2,3.66,5.61,0.07,3.49,\N,\N,\N,2019-07-06 01:59:08
NVIV,Health Care,Medical/Dental Instruments,7.23,\N,\N,\N,\N,\N,\N,\N,\N,\N,\N,\N,could not convert string to float: N/A,\N
IONS,Health Care,Major Pharmaceuticals,9050,\N,\N,12.12,\N,-0.01,-0.29,-0.03,2.21,0.62,\N,\N,\N,2019-07-06 01:59:39
IOVA,Health Care,Biotechnology: Biological Products (No Diagnostic ,2690,\N,\N,\N,\N,\N,\N,\N,\N,\N,\N,\N,could not convert string to float: N/A,\N
IPGP,Technology,Semiconductors,7650,\N,\N,5.56,\N,1.93,2.21,1.84,1.4,1.02,\N,\N,\N,2019-07-06 01:59:55
IPIC,Consumer Services,Restaurants,38.2,\N,\N,0.26,\N,-1.7,-0.59,-1.03,-0.78,-1.26,\N,\N,\N,2019-07-06 02:00:10
IQ,Consumer Services,Consumer Electronics/Video Chains,5690,\N,\N,\N,\N,\N,\N,\N,\N,\N,\N,\N,could not convert string to float: N/A,\N
IRMD,Health Care,Medical/Dental Instruments,228.28,\N,\N,6.88,\N,0.07,0.11,0.2,0.14,0.15,\N,\N,\N,2019-07-06 02:00:25
IRTC,Health Care,Medical/Dental Instruments,1910,\N,\N,11.8,\N,-0.47,-0.51,-0.43,-0.61,-0.33,\N,\N,\N,2019-07-06 02:00:39
IRIX,Health Care,Biotechnology: Electromedical & Electrotherapeutic,61.37,\N,\N,1.31,\N,-0.31,-0.28,-0.26,-0.21,-0.22,\N,\N,\N,2019-07-06 02:00:54
IRDM,Capital Goods,Telecommunications Equipment,2500,\N,\N,5.19,\N,0.07,-0.06,-0.13,-0.09,-0.18,\N,\N,\N,2019-07-06 02:01:09
IRBT,Consumer Durables,Consumer Electronics/Appliances,2540,\N,\N,2.23,\N,0.71,0.37,1.12,0.88,0.78,\N,\N,\N,2019-07-06 02:01:23
IRWD,Health Care,Major Pharmaceuticals,1620,\N,\N,4.7,\N,-0.29,-0.32,-1.14,-0.1,-0.38,\N,\N,\N,2019-07-06 02:01:39
IRCP,Consumer Services,Building operators,614.95,\N,\N,\N,\N,\N,\N,\N,\N,\N,\N,\N,could not convert string to float: N/A,\N
ISRL,Energy,Oil & Gas Production,330.47,\N,\N,3.95,\N,1.85,1.73,2.27,0.74,1.48,\N,\N,\N,2019-07-06 02:01:54
ITMR,Health Care,Medical/Dental Instruments,113.69,\N,\N,\N,\N,\N,\N,\N,\N,\N,\N,\N,,\N
ITI,Capital Goods,Telecommunications Equipment,175.29,\N,\N,2.09,\N,-0.07,-0.05,-0.04,-0.07,-0.07,\N,\N,\N,2019-07-06 02:02:22
ITRM,Health Care,Major Pharmaceuticals,87.51,\N,\N,133.04,\N,-1.6,-2.22,-1.77,-1.19,-1.44,\N,\N,\N,2019-07-06 02:02:37
ITRI,Capital Goods,Electrical Products,2410,\N,\N,1.03,\N,-3.74,0.07,0.5,0.6,-0.05,\N,\N,\N,2019-07-06 02:02:51
ITRN,Technology,Electronic Components,718.35,\N,\N,2.72,\N,0.54,0.57,1.24,0.71,0.38,\N,\N,\N,2019-07-06 02:03:05
ISEE,Health Care,Major Pharmaceuticals,52.26,\N,\N,\N,\N,\N,\N,\N,\N,\N,\N,\N,could not convert string to float: N/A,\N
IZEA,Consumer Services,Advertising,14.93,\N,\N,0.68,\N,-0.35,-0.28,-0.13,-0.06,-0.15,\N,\N,\N,2019-07-06 02:03:21
JJSF,Consumer Non-Durables,Specialty Foods,3060,\N,\N,2.67,\N,0.95,1.39,1.24,0.93,1.08,\N,\N,\N,2019-07-06 02:03:35
MAYS,Consumer Services,Building operators,68.54,\N,\N,3.43,\N,0.16,-0.1,-0.04,0.15,0.32,\N,\N,\N,2019-07-06 02:03:48
JBHT,Transportation,Trucking Freight/Courier Services,9550,\N,\N,1.11,\N,1.07,1.37,1.19,0.8,1.09,\N,\N,\N,2019-07-06 02:04:02
JCOM,Technology,Telecommunications Equipment,4190,\N,\N,3.57,\N,0.38,0.57,0.61,1.03,0.66,\N,\N,\N,2019-07-06 02:04:17
JKHY,Technology,EDP Services,10470,\N,\N,6.6,\N,0.93,1.1,1.08,0.88,0.77,\N,\N,\N,2019-07-06 02:04:32
JACK,Consumer Services,Restaurants,2070,\N,\N,2.41,\N,1.62,1.6,0.6,1.31,0.96,\N,\N,\N,2019-07-06 02:05:02
JAGX,Health Care,Major Pharmaceuticals,7.58,\N,\N,1.6,\N,-52.5,-53.2,-35.7,-12.57,-16.8,\N,\N,\N,2019-07-06 02:05:17
JAKK,Consumer Non-Durables,Recreational Products/Toys,18.27,\N,\N,0.04,\N,-1.57,-0.8,0.38,-0.14,-1.24,\N,\N,\N,2019-07-06 02:05:32
JRVR,Finance,Property-Casualty Insurers,1400,\N,\N,1.63,\N,0.52,0.56,0.64,0.38,0.75,\N,\N,\N,2019-07-06 02:05:46
JASN,Consumer Durables,Miscellaneous manufacturing industries,19.1,\N,\N,0.03,\N,-0.09,-0.05,-0.23,-0.48,-0.28,\N,\N,\N,2019-07-06 02:06:01
JAZZ,Health Care,Major Pharmaceuticals,7790,\N,\N,4.12,\N,0.75,1.5,2.41,2.64,1.47,\N,\N,\N,2019-07-06 02:06:15
JD,Consumer Services,Other Specialty Stores,41240,\N,\N,\N,\N,\N,\N,\N,\N,\N,\N,\N,could not convert string to float: N/A,\N
JRSH,Consumer Non-Durables,Apparel,79.52,\N,\N,\N,\N,\N,\N,\N,\N,\N,\N,\N,,\N
JBLU,Transportation,Air Freight/Delivery Services,5510,\N,\N,0.73,\N,0.27,-0.38,0.16,0.55,0.14,\N,\N,\N,2019-07-06 02:06:45
JCTCF,Consumer Services,RETAIL: Building Materials,79.55,\N,\N,0.74,\N,0.12,0.31,0.16,0.08,0.03,\N,\N,\N,2019-07-06 02:07:00
JFIN,Finance,Finance: Consumer Services,682.66,\N,\N,\N,\N,\N,\N,\N,\N,\N,\N,\N,could not convert string to float: N/A,\N
JMU,Technology,EDP Services,1.06,\N,\N,0.28,\N,-18.02,-0.33,-9,-0.18,-4.52,\N,\N,\N,2019-07-06 02:07:15
JBSS,Consumer Non-Durables,Specialty Foods,694.35,\N,\N,1.05,\N,0.75,0.49,0.57,0.98,0.9,\N,\N,\N,2019-07-06 02:07:29
JOUT,Consumer Non-Durables,Recreational Products/Toys,668.98,\N,\N,1.4,\N,2.15,2.37,-0.5,0.35,2.18,\N,\N,\N,2019-07-06 02:07:43
JNCE,Health Care,Biotechnology: Biological Products (No Diagnostic ,146.07,\N,\N,2.39,\N,-0.4,-0.14,-0.23,-0.06,-0.38,\N,\N,\N,2019-07-06 02:07:57
KALU,Capital Goods,Metal Fabrications,1550,\N,\N,0.98,\N,1.51,1.22,1.29,1.4,1.71,\N,\N,\N,2019-07-06 02:08:11
KXIN,Consumer Durables,Automotive Aftermarket,131.91,\N,\N,0.33,\N,0.02,0.03,0.03,0.01,0.03,\N,\N,\N,2019-07-06 02:08:26
KALA,Health Care,Major Pharmaceuticals,194.49,\N,\N,158.86,\N,-0.46,-0.6,-0.63,-0.76,-0.75,\N,\N,\N,2019-07-06 02:08:41
KLDO,Health Care,Biotechnology: Biological Products (No Diagnostic ,376.77,\N,\N,\N,\N,\N,\N,\N,\N,\N,\N,\N,could not convert string to float: N/A,\N
KALV,Health Care,Major Pharmaceuticals,354.61,\N,\N,17.92,\N,-0.49,-0.06,-0.47,-0.22,-0.23,\N,\N,\N,2019-07-06 02:08:56
KMDA,Health Care,Major Pharmaceuticals,218,\N,\N,1.85,\N,0.03,0.14,-0.06,0.44,0.12,\N,\N,\N,2019-07-06 02:09:12
KNDI,Capital Goods,Auto Manufacturing,247.13,\N,\N,2.09,\N,0.07,0.03,-0.13,-0.08,-0.09,\N,\N,\N,2019-07-06 02:09:26
KPTI,Health Care,Major Pharmaceuticals,358.49,\N,\N,19.24,\N,-0.78,-0.6,-0.79,-0.96,-1.09,\N,\N,\N,2019-07-06 02:09:40
KZIA,Health Care,Major Pharmaceuticals,12.48,\N,\N,\N,\N,\N,\N,\N,\N,\N,\N,\N,could not convert string to float: N/A,\N
KBLM,Finance,Business Services,101.83,\N,\N,\N,\N,\N,\N,\N,\N,\N,\N,\N,could not convert string to float: N/A,\N
KBSF,Consumer Non-Durables,Apparel,5.86,\N,\N,0.36,\N,-0.89,-0.18,-0.28,-6.72,0.14,\N,\N,\N,2019-07-06 02:10:12
KRNY,Finance,Savings Institutions,1160,\N,\N,7.45,\N,0.07,0.08,0.12,0.12,0.13,\N,\N,\N,2019-07-06 02:10:27
KELYA,Technology,Professional Services,965,\N,\N,0.18,\N,0.74,-0.4,0.84,-0.62,0.56,\N,\N,\N,2019-07-06 02:10:42
KELYB,Technology,Professional Services,914.21,\N,\N,0.2,\N,0.74,-0.4,0.84,-0.62,0.56,\N,\N,\N,2019-07-06 02:10:56
KMPH,Health Care,Major Pharmaceuticals,44.49,\N,\N,\N,\N,\N,\N,\N,\N,\N,\N,\N,could not convert string to float: N/A,\N
KFFB,Finance,Savings Institutions,63.21,\N,\N,6.62,\N,0.02,0,0.02,0.02,0.02,\N,\N,\N,2019-07-06 02:11:11
KEQU,Capital Goods,Medical Specialities,51.17,\N,\N,0.35,\N,0.31,0.52,0.5,0.51,-0.01,\N,\N,\N,2019-07-06 02:11:26
KTCC,Technology,Computer peripheral equipment,53.8,\N,\N,0.11,\N,0.06,0.12,0.15,0.15,-1.11,\N,\N,\N,2019-07-06 02:11:40
KZR,Health Care,Major Pharmaceuticals,145.88,\N,\N,\N,\N,\N,\N,\N,\N,\N,\N,\N,could not convert string to float: N/A,\N
KFRC,Technology,Professional Services,889.97,\N,\N,0.63,\N,0.37,0.65,0.64,0.63,1.07,\N,\N,\N,2019-07-06 02:11:55
KE,Technology,Electrical Products,393.23,\N,\N,0.35,\N,0.4,0.22,0.19,0.27,0.46,\N,\N,\N,2019-07-06 02:12:09
KBAL,Consumer Durables,Home Furnishings,603.71,\N,\N,0.84,\N,0.16,0.28,0.29,0.25,0.22,\N,\N,\N,2019-07-06 02:12:23
KIN,Health Care,Major Pharmaceuticals,333.49,\N,\N,127.24,\N,-0.36,-0.39,-0.39,-0.46,-0.42,\N,\N,\N,2019-07-06 02:12:39
KGJI,Miscellaneous,Business Services,40.99,\N,\N,0.02,\N,0.2,0.2,0.2,0.14,0.1,\N,\N,\N,2019-07-06 02:12:53
KINS,Finance,Property-Casualty Insurers,91.65,\N,\N,0.79,\N,-0.25,0.25,0.36,-0.08,-0.68,\N,\N,\N,2019-07-06 02:13:07
KNSA,Health Care,Major Pharmaceuticals,775.16,\N,\N,\N,\N,\N,\N,\N,\N,\N,\N,\N,could not convert string to float: N/A,\N
KNSL,Finance,Property-Casualty Insurers,1860,\N,\N,8.35,\N,0.34,0.47,0.55,0.2,0.86,\N,\N,\N,2019-07-06 02:13:23
KIRK,Consumer Services,Other Specialty Stores,33.43,\N,\N,0.05,\N,-0.06,-0.43,-0.18,0.9,-0.62,\N,\N,\N,2019-07-06 02:13:37
KTOV,Health Care,Major Pharmaceuticals,18.27,\N,\N,\N,\N,\N,\N,\N,\N,\N,\N,\N,,\N
KLAC,Capital Goods,Electronic Components,18270,\N,\N,4.35,\N,1.95,2.22,2.54,2.42,1.23,\N,\N,\N,2019-07-06 02:14:06
KLXE,Energy,Oilfield Services/Equipment,441.68,\N,\N,\N,\N,\N,\N,\N,\N,\N,\N,\N,,\N
KOD,Health Care,Biotechnology: Biological Products (No Diagnostic ,420.8,\N,\N,\N,\N,\N,\N,\N,\N,\N,\N,\N,could not convert string to float: N/A,\N
KOPN,Technology,Semiconductors,104.33,\N,\N,4.08,\N,-0.08,-0.13,-0.13,-0.15,-0.15,\N,\N,\N,2019-07-06 02:14:36
KRNT,Capital Goods,Industrial Machinery/Components,1110,\N,\N,8.19,\N,0.02,0.05,0.09,0.19,-0.05,\N,\N,\N,2019-07-06 02:14:49
KOSS,Consumer Non-Durables,Consumer Electronics/Appliances,15.18,\N,\N,0.64,\N,-0.11,0.05,0.01,0.02,0.02,\N,\N,\N,2019-07-06 02:15:05
KTOS,Capital Goods,Military/Government/Technical,2310,\N,\N,3.98,\N,-0.02,-0.07,0.02,0.04,0.03,\N,\N,\N,2019-07-06 02:15:34
KRYS,Health Care,Biotechnology: Biological Products (No Diagnostic ,582.22,\N,\N,\N,\N,\N,\N,\N,\N,\N,\N,\N,could not convert string to float: N/A,\N
KLIC,Technology,Semiconductors,1420,\N,\N,2.02,\N,0.51,0.86,0.43,0.11,-0.05,\N,\N,\N,2019-07-06 02:15:50
KURA,Health Care,Major Pharmaceuticals,746.51,\N,\N,\N,\N,\N,\N,\N,\N,\N,\N,\N,could not convert string to float: N/A,\N
KVHI,Technology,Radio And Television Broadcasting And Communicatio,183.98,\N,\N,1.13,\N,-0.23,-0.08,-0.07,-0.11,-0.36,\N,\N,\N,2019-07-06 02:16:05
FSTR,Basic Industries,Metal Fabrications,253.95,\N,\N,0.43,\N,-0.2,0.47,0.47,-3.97,0.35,\N,\N,\N,2019-07-06 02:16:20
LJPC,Health Care,Biotechnology: Biological Products (No Diagnostic ,230.07,\N,\N,19.05,\N,-2.22,-2.02,-1.93,-1.73,-1.17,\N,\N,\N,2019-07-06 02:16:34
LSBK,Finance,Savings Institutions,88.8,\N,\N,4.48,\N,0.15,0.16,0.17,0.17,0.15,\N,\N,\N,2019-07-06 02:16:49
LBAI,Finance,Major Banks,781.84,\N,\N,4.15,\N,0.32,0.33,0.35,0.32,0.31,\N,\N,\N,2019-07-06 02:17:04
LKFN,Finance,Major Banks,1160,\N,\N,6.27,\N,0.71,0.78,0.8,0.83,0.84,\N,\N,\N,2019-07-06 02:17:19
LAKE,Health Care,Industrial Specialties,88.71,\N,\N,0.9,\N,0.23,0.12,0.06,-0.24,-0.06,\N,\N,\N,2019-07-06 02:17:34
LRCX,Technology,Industrial Machinery/Components,26360,\N,\N,2.68,\N,4.33,5.82,3.23,3.51,3.47,\N,\N,\N,2019-07-06 02:17:48
LAMR,Consumer Services,Real Estate Investment Trusts,6930,\N,\N,4.9,\N,0.15,1.02,0.95,0.96,0.51,\N,\N,\N,2019-07-06 02:18:03
LANC,Consumer Non-Durables,Packaged Foods,4050,\N,\N,3.17,\N,1,1.18,1.42,1.73,1.11,\N,\N,\N,2019-07-06 02:18:18
LCA,Finance,Business Services,307.4,\N,\N,\N,\N,\N,\N,\N,\N,\N,\N,\N,could not convert string to float: N/A,\N
LCAHU,Finance,Business Services,249.75,\N,\N,\N,\N,\N,\N,\N,\N,\N,\N,\N,could not convert string to float: N/A,\N
LNDC,Consumer Non-Durables,Packaged Foods,278.99,\N,\N,0.55,\N,0.58,0.22,0.01,-0.02,0.04,\N,\N,\N,2019-07-06 02:18:35
LARK,Finance,Major Banks,102.79,\N,\N,2.56,\N,0.49,0.65,0.69,0.56,0.5,\N,\N,\N,2019-07-06 02:18:50
LMRK,Consumer Services,Real Estate,411.75,\N,\N,6.58,\N,0.19,0.12,3.71,-0.21,0,\N,\N,\N,2019-07-06 02:19:04
LMRKN,Consumer Services,Real Estate,50.1,\N,\N,\N,\N,\N,\N,\N,\N,\N,\N,\N,could not convert string to float: N/A,\N
LMRKO,Consumer Services,Real Estate,61.9,\N,\N,\N,\N,\N,\N,\N,\N,\N,\N,\N,could not convert string to float: N/A,\N
LMRKP,Consumer Services,Real Estate,40.5,\N,\N,\N,\N,\N,\N,\N,\N,\N,\N,\N,could not convert string to float: N/A,\N
LE,Consumer Services,Clothing/Shoe/Accessory Stores,392.29,\N,\N,0.27,\N,-0.08,-0.16,0.1,0.5,-0.21,\N,\N,\N,2019-07-06 02:19:21
LSTR,Transportation,Trucking Freight/Courier Services,4120,\N,\N,0.95,\N,1.37,1.51,1.63,1.68,1.58,\N,\N,\N,2019-07-06 02:19:35
LNTH,Health Care,Biotechnology: In Vitro & In Vivo Diagnostic Subst,1080,\N,\N,3.21,\N,0.21,0.25,0.24,0.34,0.25,\N,\N,\N,2019-07-06 02:19:50
LTRX,Technology,Computer Communications Equipment,72.55,\N,\N,1.51,\N,0.02,0.04,0,0.01,0.04,\N,\N,\N,2019-07-06 02:20:19
LSCC,Technology,Semiconductors,1800,\N,\N,5,\N,-0.05,-0.16,0.05,-0.05,0.05,\N,\N,\N,2019-07-06 02:20:34
LAUR,Consumer Services,Other Consumer Services,3340,\N,\N,1.07,\N,0.59,1,-0.42,0.31,0.85,\N,\N,\N,2019-07-06 02:20:50
LAWS,Consumer Durables,Industrial Specialties,305.3,\N,\N,0.97,\N,0.13,0.35,-0.09,0.28,0.44,\N,\N,\N,2019-07-06 02:21:05
LAZY,Consumer Durables,Automotive Aftermarket,45.32,\N,\N,0.07,\N,-0.06,-0.25,0.04,-0.41,0.04,\N,\N,\N,2019-07-06 02:21:20
LCNB,Finance,Major Banks,247.14,\N,\N,4.03,\N,0.27,0.25,0.32,0.4,0.35,\N,\N,\N,2019-07-06 02:21:34
LPTX,Health Care,Major Pharmaceuticals,37.87,\N,\N,\N,\N,\N,\N,\N,\N,\N,\N,\N,could not convert string to float: N/A,\N
LEGH,Basic Industries,Homebuilding,304.34,\N,\N,\N,\N,\N,\N,\N,\N,\N,\N,\N,,\N
LGCY,Energy,Oil & Gas Production,7.85,\N,\N,0,\N,0.78,-0.72,-0.46,0.73,-0.7,\N,\N,\N,2019-07-06 02:22:05
LTXB,Finance,Savings Institutions,1930,\N,\N,5.77,\N,0.54,0.58,0.89,1.21,0.61,\N,\N,\N,2019-07-06 02:22:20
LACQ,Finance,Business Services,254.25,\N,\N,\N,\N,\N,\N,\N,\N,\N,\N,\N,could not convert string to float: N/A,\N
LMAT,Health Care,Medical/Dental Instruments,542.14,\N,\N,5.15,\N,0.19,0.43,0.21,0.3,0.17,\N,\N,\N,2019-07-06 02:22:35
TREE,Finance,Finance: Consumer Services,5220,\N,\N,6.16,\N,2.12,3.01,1.86,-0.26,-0.04,\N,\N,\N,2019-07-06 02:22:50
LEVL,Finance,Major Banks,183.01,\N,\N,\N,\N,\N,\N,\N,\N,\N,\N,\N,,\N
LXRX,Health Care,Major Pharmaceuticals,611.06,\N,\N,14.21,\N,-0.4,-0.33,-0.26,-0.16,-0.21,\N,\N,\N,2019-07-06 02:23:18
LX,Finance,Finance: Consumer Services,1980,\N,\N,\N,\N,\N,\N,\N,\N,\N,\N,\N,could not convert string to float: N/A,\N
LFAC,Finance,Business Services,196.97,\N,\N,\N,\N,\N,\N,\N,\N,\N,\N,\N,could not convert string to float: N/A,\N
LGIH,Capital Goods,Homebuilding,1580,\N,\N,1.06,\N,1.1,1.9,1.52,1.72,0.73,\N,\N,\N,2019-07-06 02:23:34
LHCG,Health Care,Medical/Nursing Services,3660,\N,\N,1.91,\N,0.28,0.55,0.68,0.66,0.6,\N,\N,\N,2019-07-06 02:23:49
LLIT,Health Care,Medical/Dental Instruments,19.05,\N,\N,32.47,\N,-0.05,0.03,0.36,0.22,0.08,\N,\N,\N,2019-07-06 02:24:03
LBRDA,Consumer Services,Television Services,18170,\N,\N,\N,\N,\N,\N,\N,\N,\N,\N,\N,invalid literal for float(): 1\,377.24,\N
LBRDK,Consumer Services,Television Services,15520,\N,\N,\N,\N,\N,\N,\N,\N,\N,\N,\N,invalid literal for float(): 1\,377.40,\N
LEXEA,Consumer Services,Other Consumer Services,2670,\N,\N,0.24,\N,-0.77,-0.47,-0.74,-0.27,-1.12,\N,\N,\N,2019-07-06 02:24:21
LEXEB,Consumer Services,Other Consumer Services,2440,\N,\N,0.24,\N,-0.77,-0.47,-0.74,-0.27,-1.12,\N,\N,\N,2019-07-06 02:24:35
LBTYA,Consumer Services,Television Services,19360,\N,\N,1.71,\N,-1.47,0.8,-0.56,-0.46,-0.43,\N,\N,\N,2019-07-06 02:24:50
LBTYB,Consumer Services,Television Services,18290,\N,\N,1.7,\N,-1.47,0.8,-0.56,-0.46,-0.43,\N,\N,\N,2019-07-06 02:25:20
LBTYK,Consumer Services,Television Services,18940,\N,\N,1.71,\N,-1.47,0.8,-0.56,-0.46,-0.43,\N,\N,\N,2019-07-06 02:25:36
LILA,Consumer Services,Television Services,879.54,\N,\N,0.83,\N,-0.26,-0.25,-0.15,-1.34,-0.23,\N,\N,\N,2019-07-06 02:25:50
LILAK,Consumer Services,Television Services,2370,\N,\N,0.83,\N,-0.26,-0.25,-0.15,-1.34,-0.23,\N,\N,\N,2019-07-06 02:26:05
BATRA,Consumer Services,Broadcasting,1370,\N,\N,3.25,\N,-1.02,-0.04,0.8,0.35,-1.39,\N,\N,\N,2019-07-06 02:26:19
BATRK,Consumer Services,Broadcasting,1380,\N,\N,3.24,\N,-1.02,-0.04,0.8,0.35,-1.39,\N,\N,\N,2019-07-06 02:26:34
FWONA,Consumer Services,Broadcasting,8130,\N,\N,4.36,\N,-0.07,0.04,0.18,-0.8,-0.64,\N,\N,\N,2019-07-06 02:26:49
FWONK,Consumer Services,Broadcasting,8430,\N,\N,4.36,\N,-0.07,0.04,0.18,-0.8,-0.64,\N,\N,\N,2019-07-06 02:27:04
LSXMA,Consumer Services,Broadcasting,11870,\N,\N,2.03,\N,0.59,0.49,0.55,0.38,0.19,\N,\N,\N,2019-07-06 02:27:18
LSXMB,Consumer Services,Broadcasting,11810,\N,\N,2.11,\N,0.59,0.49,0.55,0.38,0.19,\N,\N,\N,2019-07-06 02:27:32
LSXMK,Consumer Services,Broadcasting,11920,\N,\N,2.03,\N,0.59,0.49,0.55,0.38,0.19,\N,\N,\N,2019-07-06 02:27:47
LTRPA,Technology,EDP Services,879.15,\N,\N,0.59,\N,-0.41,-0.52,0.19,-0.11,-0.03,\N,\N,\N,2019-07-06 02:28:01
LTRPB,Technology,EDP Services,937.94,\N,\N,0,\N,-0.41,-0.52,0.19,-0.11,-0.03,\N,\N,\N,2019-07-06 02:28:15
LCUT,Capital Goods,Industrial Machinery/Components,191.44,\N,\N,0.28,\N,-0.7,-0.3,0.29,0.49,-0.24,\N,\N,\N,2019-07-06 02:28:29
LFVN,Health Care,Major Pharmaceuticals,162.04,\N,\N,0.83,\N,0.12,0.21,0.06,0.06,0.12,\N,\N,\N,2019-07-06 02:28:43
LWAY,Consumer Non-Durables,Packaged Foods,59.07,\N,\N,0.52,\N,0,0.01,-0.03,-0.17,-0.02,\N,\N,\N,2019-07-06 02:28:58
LGND,Health Care,Major Pharmaceuticals,2150,\N,\N,9.6,\N,1.83,2.99,2.8,-2.02,31.32,\N,\N,\N,2019-07-06 02:29:13
LTBR,Consumer Services,Professional Services,23.21,\N,\N,\N,\N,\N,\N,\N,\N,\N,\N,\N,could not convert string to float: N/A,\N
LPTH,Technology,Semiconductors,23.04,\N,\N,0.78,\N,0.04,-0.03,-0.02,0,-0.01,\N,\N,\N,2019-07-06 02:29:28
LLEX,Energy,Oil & Gas Production,55.02,\N,\N,0.8,\N,-0.17,-0.53,-0.09,-0.12,-0.35,\N,\N,\N,2019-07-06 17:48:47
LMB,Basic Industries,Engineering & Construction,59.69,\N,\N,0.12,\N,-0.6,0.09,-0.46,0.44,0.28,\N,\N,\N,2019-07-06 02:29:57
LLNW,Miscellaneous,Business Services,307.89,\N,\N,1.69,\N,0,0.13,0,-0.05,-0.07,\N,\N,\N,2019-07-06 02:30:12
LMST,Finance,Major Banks,112.36,\N,\N,2.75,\N,0.31,0.27,0.33,0.33,0.38,\N,\N,\N,2019-07-06 02:30:27
LMNR,Consumer Non-Durables,Farming/Seeds/Milling,337.86,\N,\N,2.51,\N,0.44,0.5,-0.19,-0.28,0.15,\N,\N,\N,2019-07-06 02:30:42
LINC,Consumer Services,Other Consumer Services,56.78,\N,\N,0.21,\N,-0.28,-0.17,-0.02,0.2,-0.22,\N,\N,\N,2019-07-06 02:30:56
LECO,Technology,Industrial Machinery/Components,5030,\N,\N,1.7,\N,0.92,1.04,1.07,1.35,1.12,\N,\N,\N,2019-07-06 02:31:28
LIND,Consumer Services,Transportation Services,781.48,\N,\N,2.47,\N,0.24,0,0.11,-0.1,0.31,\N,\N,\N,2019-07-06 02:31:43
LPCN,Health Care,Major Pharmaceuticals,39.16,\N,\N,\N,\N,\N,\N,\N,\N,\N,\N,\N,,\N
LIQT,Technology,Industrial Machinery/Components,195.95,\N,\N,11.84,\N,-0.12,-0.02,-0.05,-0.08,0,\N,\N,\N,2019-07-06 02:31:59
YVR,Consumer Non-Durables,Beverages (Production/Distribution),7.42,\N,\N,\N,\N,\N,\N,\N,\N,\N,\N,\N,could not convert string to float: N/A,\N
LQDA,Health Care,Biotechnology: Biological Products (No Diagnostic ,156.22,\N,\N,\N,\N,\N,\N,\N,\N,\N,\N,\N,,\N
LQDT,Miscellaneous,Business Services,198.97,\N,\N,0.96,\N,-0.18,-0.12,-0.03,-0.15,-0.13,\N,\N,\N,2019-07-06 02:32:28
LFUS,Consumer Durables,Electrical Products,4280,\N,\N,2.57,\N,1.45,1.67,2.1,1.29,1.48,\N,\N,\N,2019-07-06 02:32:43
LIVN,Health Care,Biotechnology: Electromedical & Electrotherapeutic,3520,\N,\N,3.17,\N,0.27,0.31,-0.15,-4.34,-0.31,\N,\N,\N,2019-07-06 02:32:58
LOB,Finance,Major Banks,663.03,\N,\N,3.66,\N,0.3,0.34,0.34,0.26,0.06,\N,\N,\N,2019-07-06 02:33:13
LIVE,Finance,Finance/Investors Services,13.28,\N,\N,0.07,\N,0.5,0.56,0.02,0.41,0.13,\N,\N,\N,2019-07-06 02:33:27
LPSN,Technology,Computer Software: Prepackaged Software,1760,\N,\N,7.21,\N,-0.06,-0.14,-0.12,-0.11,-0.31,\N,\N,\N,2019-07-06 02:33:42
LIVX,Consumer Services,Restaurants,227.4,\N,\N,5.27,\N,-0.21,-0.21,-0.2,-0.13,-0.19,\N,\N,\N,2019-07-06 02:33:56
LKQ,Consumer Services,Motor Vehicles,8250,\N,\N,0.68,\N,0.49,0.5,0.42,0.12,0.31,\N,\N,\N,2019-07-06 02:34:11
LMFA,Finance,Finance: Consumer Services,3.76,\N,\N,1.37,\N,-0.01,0.7,-0.94,-0.11,-0.15,\N,\N,\N,2019-07-06 02:34:26
LOGC,Health Care,Biotechnology: Biological Products (No Diagnostic ,267.23,\N,\N,\N,\N,\N,\N,\N,\N,\N,\N,\N,could not convert string to float: N/A,\N
LOGI,Technology,Computer peripheral equipment,6370,\N,\N,2.35,\N,0.2,0.23,0.38,0.67,0.25,\N,\N,\N,2019-07-06 02:34:41
LOGM,Technology,Computer Software: Prepackaged Software,3490,\N,\N,3,\N,0.56,0.12,0.24,0.49,-0.18,\N,\N,\N,2019-07-06 02:34:56
LONE,Energy,Oil & Gas Production,60.83,\N,\N,0.29,\N,-0.75,-0.84,-0.88,3.05,-2.45,\N,\N,\N,2019-07-06 02:35:11
LOAC,Finance,Business Services,53.23,\N,\N,\N,\N,\N,\N,\N,\N,\N,\N,\N,could not convert string to float: N/A,\N
LOOP,Basic Industries,Major Chemicals,363.19,\N,\N,\N,\N,\N,\N,\N,\N,\N,\N,\N,could not convert string to float: N/A,\N
LORL,Technology,Radio And Television Broadcasting And Communicatio,1050,\N,\N,\N,\N,\N,\N,\N,\N,\N,\N,\N,could not convert string to float: N/A,\N
LPLA,Finance,Investment Bankers/Brokers/Service,6440,\N,\N,1.3,\N,1.01,1.3,1.19,1.36,1.79,\N,\N,\N,2019-07-06 02:35:27
LRAD,Consumer Non-Durables,Consumer Electronics/Appliances,102.6,\N,\N,3.92,\N,0.01,0,-0.07,0.03,0.04,\N,\N,\N,2019-07-06 02:35:42
LYTS,Consumer Durables,Building Products,89.74,\N,\N,0.32,\N,0.01,-0.1,0.07,-0.61,-0.12,\N,\N,\N,2019-07-06 02:35:57
LK,Consumer Services,Restaurants,4250,\N,\N,\N,\N,\N,\N,\N,\N,\N,\N,\N,could not convert string to float: N/A,\N
LULU,Consumer Non-Durables,Apparel,23090,\N,\N,6.86,\N,0.55,0.71,0.71,1.65,0.74,\N,\N,\N,2019-07-06 02:36:27
LITE,Capital Goods,Telecommunications Equipment,3690,\N,\N,2.78,\N,0.04,0.4,0.72,0.08,-0.98,\N,\N,\N,2019-07-06 02:36:42
LMNX,Health Care,Medical/Dental Instruments,910.34,\N,\N,2.93,\N,0.3,0.13,0.04,-0.05,0.07,\N,\N,\N,2019-07-06 02:36:57
LUNA,Health Care,Biotechnology: Commercial Physical & Biological Re,118.78,\N,\N,2.63,\N,0,0.03,0.27,0.03,0.03,\N,\N,\N,2019-07-06 02:37:12
LKCO,Technology,EDP Services,1180,\N,\N,0.44,\N,1.3,1.8,1.3,1.7,2.3,\N,\N,\N,2019-07-06 02:37:27
LBC,Finance,Major Banks,590.21,\N,\N,4.93,\N,0.2,0.2,0.21,0.19,0.21,\N,\N,\N,2019-07-06 02:37:42
LYFT,Miscellaneous,Business Services,18610,\N,\N,\N,\N,\N,\N,\N,\N,\N,\N,\N,,\N
MBTF,Finance,Major Banks,229.22,\N,\N,4.9,\N,0.17,0.21,0.21,0.17,-0.22,\N,\N,\N,2019-07-06 02:38:12
MCBC,Finance,Major Banks,337.37,\N,\N,4.43,\N,0.17,0.2,0.2,0.21,0.22,\N,\N,\N,2019-07-06 02:38:27
MFNC,Finance,Major Banks,170.24,\N,\N,3.09,\N,0.24,0.05,0.29,0.34,0.3,\N,\N,\N,2019-07-06 02:38:42
MTSI,Technology,Semiconductors,888.93,\N,\N,1.78,\N,-0.5,-1.32,-0.29,-0.44,-0.71,\N,\N,\N,2019-07-06 02:38:56
MGNX,Health Care,Major Pharmaceuticals,801.39,\N,\N,12.26,\N,-1.34,-1.03,-0.81,-1.06,-0.99,\N,\N,\N,2019-07-06 02:39:10
MDGL,Health Care,Major Pharmaceuticals,1520,\N,\N,\N,\N,\N,\N,\N,\N,\N,\N,\N,could not convert string to float: N/A,\N
MAGS,Capital Goods,Telecommunications Equipment,107.62,\N,\N,1.24,\N,-0.01,0.07,0.06,-0.01,-0.02,\N,\N,\N,2019-07-06 02:39:26
MGLN,Health Care,Hospital/Nursing Management,1580,\N,\N,0.25,\N,0.45,0.53,1.09,-1.16,0.02,\N,\N,\N,2019-07-06 02:39:40
MGTA,Health Care,Major Pharmaceuticals,581.56,\N,\N,\N,\N,\N,\N,\N,\N,\N,\N,\N,could not convert string to float: N/A,\N
MGIC,Technology,Computer Software: Prepackaged Software,434.64,\N,\N,1.58,\N,0.1,0.13,0.1,0.06,0.11,\N,\N,\N,2019-07-06 02:39:56
MGYR,Finance,Savings Institutions,70.7,\N,\N,3.28,\N,0.07,0.1,0.12,0.12,0.13,\N,\N,\N,2019-07-06 02:40:12
MHLD,Finance,Property-Casualty Insurers,56.47,\N,\N,0.03,\N,0.16,-0.07,-3.72,-3.25,-0.44,\N,\N,\N,2019-07-06 02:40:26
MNSB,Finance,Major Banks,177.3,\N,\N,5.54,\N,0.12,0.29,0.26,0.35,0.39,\N,\N,\N,2019-07-06 02:40:42
MJCO,Technology,Computer Software: Prepackaged Software,363.5,\N,\N,2.71,\N,0.01,0.03,0.07,0.05,0.03,\N,\N,\N,2019-07-06 02:40:57
MMYT,Consumer Services,Transportation Services,1480,\N,\N,5.89,\N,-0.45,-0.42,-0.5,-0.45,-0.28,\N,\N,\N,2019-07-06 02:41:12
MBUU,Capital Goods,Marine Transportation,759.4,\N,\N,1.33,\N,0.76,0.6,0.54,0.68,1.01,\N,\N,\N,2019-07-06 02:41:26
MLVF,Finance,Savings Institutions,160.74,\N,\N,6.15,\N,0.31,0.35,0.41,0.27,0.26,\N,\N,\N,2019-07-06 02:41:41
MAMS,Technology,Computer Software: Prepackaged Software,121.1,\N,\N,3.74,\N,0.1,0.08,0.1,0.06,0.07,\N,\N,\N,2019-07-06 02:42:12
TUSK,Energy,Oilfield Services/Equipment,296.63,\N,\N,0.24,\N,1.24,0.95,1.54,1.51,0.63,\N,\N,\N,2019-07-06 02:42:26
MANH,Technology,Computer Software: Prepackaged Software,4320,\N,\N,7.88,\N,0.33,0.42,0.43,0.4,0.32,\N,\N,\N,2019-07-06 02:42:41
LOAN,Consumer Services,Real Estate Investment Trusts,60.47,\N,\N,11.16,\N,0.12,0.12,0.13,0.11,0.12,\N,\N,\N,2019-07-06 02:42:55
MNTX,Technology,Industrial Machinery/Components,104.32,\N,\N,0.5,\N,-0.09,-0.05,0.01,-0.55,0.05,\N,\N,\N,2019-07-06 02:43:09
MTEX,Consumer Durables,Specialty Chemicals,39.92,\N,\N,0.23,\N,-0.1,-0.14,-0.69,-0.66,0.28,\N,\N,\N,2019-07-06 02:43:23
MNKD,Health Care,Major Pharmaceuticals,210.32,\N,\N,5.3,\N,-0.25,-0.16,-0.16,-0.04,-0.08,\N,\N,\N,2019-07-06 02:43:38
MANT,Consumer Services,Other Consumer Services,1730,\N,\N,1.33,\N,0.51,0.5,0.55,0.5,0.53,\N,\N,\N,2019-07-06 02:43:54
MARA,Miscellaneous,Multi-Sector Companies,17.05,\N,\N,11.35,\N,-0.64,-0.92,-0.24,-0.72,-0.16,\N,\N,\N,2019-07-06 02:44:09
MCHX,Miscellaneous,Business Services,179.59,\N,\N,2.25,\N,-0.02,-0.02,-0.01,-0.01,-0.03,\N,\N,\N,2019-07-06 02:44:23
MRIN,Technology,EDP Services,16.04,\N,\N,0.26,\N,-1.59,-1.44,-3.71,-0.48,-0.77,\N,\N,\N,2019-07-06 02:44:38
MARPS,Energy,Oil & Gas Production,4.48,\N,\N,4.81,\N,0.09,0.1,0.11,0.07,0.05,\N,\N,\N,2019-07-06 02:44:52
MRNS,Health Care,Major Pharmaceuticals,192.88,\N,\N,\N,\N,\N,\N,\N,\N,\N,\N,\N,could not convert string to float: N/A,\N
MRKR,Health Care,Major Pharmaceuticals,347.5,\N,\N,\N,\N,\N,\N,\N,\N,\N,\N,\N,invalid literal for float(): 1\,799.56,\N
MKTX,Finance,Investment Bankers/Brokers/Service,12030,\N,\N,29.69,\N,1.27,1.07,1.02,1.21,1.39,\N,\N,\N,2019-07-06 02:45:10
MRLN,Finance,Major Banks,281.56,\N,\N,2.73,\N,0.5,0.52,0.47,0.51,0.41,\N,\N,\N,2019-07-06 02:45:26
MAR,Consumer Services,Hotels/Resorts,44380,\N,\N,9,\N,1.09,1.71,1.38,0.92,1.09,\N,\N,\N,2019-07-06 02:45:41
MBII,Basic Industries,Agricultural Chemicals,155.01,\N,\N,6.4,\N,-0.04,-0.04,-0.04,-0.08,-0.04,\N,\N,\N,2019-07-06 02:45:56
MRTN,Transportation,Trucking Freight/Courier Services,916.36,\N,\N,1.23,\N,0.19,0.25,0.28,0.29,0.25,\N,\N,\N,2019-07-06 02:46:10
MMLP,Energy,Oil Refining/Marketing,268.27,\N,\N,0.29,\N,0.32,-0.18,1,-0.02,-0.09,\N,\N,\N,2019-07-06 02:46:25
MRVL,Technology,Semiconductors,15470,\N,\N,5.37,\N,0.25,0.01,-0.08,-0.4,-0.07,\N,\N,\N,2019-07-06 02:46:40
MASI,Health Care,Biotechnology: Electromedical & Electrotherapeutic,7700,\N,\N,9.06,\N,0.82,0.79,1.02,0.83,0.87,\N,\N,\N,2019-07-06 02:47:03
MCFT,Capital Goods,Marine Transportation,373.92,\N,\N,0.86,\N,0.61,0.7,0.45,0.54,0.68,\N,\N,\N,2019-07-06 02:47:26
MTCH,Technology,Computer Software: Programming\, Data Processing,18870,\N,\N,11.08,\N,0.33,0.45,0.44,0.39,0.42,\N,\N,\N,2019-07-06 02:47:56
MTLS,Technology,Computer Software: Prepackaged Software,950.98,\N,\N,\N,\N,\N,\N,\N,\N,\N,\N,\N,could not convert string to float: N/A,\N
MTRX,Basic Industries,Engineering & Construction,519.79,\N,\N,\N,\N,\N,\N,\N,\N,\N,\N,\N,,\N
MAT,Consumer Non-Durables,Recreational Products/Toys,3600,\N,\N,0.88,\N,-0.9,-0.7,0.02,0.04,-0.53,\N,\N,\N,2019-07-06 02:48:45
MATW,Capital Goods,Metal Fabrications,1070,\N,\N,0.7,\N,0.57,0.77,0.92,0.1,0.48,\N,\N,\N,2019-07-06 02:49:07
MXIM,Technology,Semiconductors,15710,\N,\N,6.76,\N,0.68,0.68,0.7,0.47,0.47,\N,\N,\N,2019-07-06 02:49:21
MGRC,Technology,Diversified Commercial Services,1470,\N,\N,2.98,\N,0.59,0.65,1.01,0.99,0.75,\N,\N,\N,2019-07-06 02:49:36
MDCA,Technology,Advertising,183.35,\N,\N,0.13,\N,-0.56,0.02,-0.32,-1.46,-0.04,\N,\N,\N,2019-07-06 02:49:50
MDJH,Finance,Real Estate,34.75,\N,\N,\N,\N,\N,\N,\N,\N,\N,\N,\N,list index out of range,\N
MDRR,Consumer Services,Real Estate Investment Trusts,19.78,\N,\N,\N,\N,\N,\N,\N,\N,\N,\N,\N,could not convert string to float: N/A,\N
MFIN,Finance,Finance: Consumer Services,156.21,\N,\N,0.96,\N,-0.62,-0.6,-0.19,0.38,0.05,\N,\N,\N,2019-07-06 02:50:21
MNOV,Health Care,Major Pharmaceuticals,405.21,\N,\N,\N,\N,\N,\N,\N,\N,\N,\N,\N,could not convert string to float: N/A,\N
MDSO,Technology,Computer Software: Prepackaged Software,5650,\N,\N,8.56,\N,0.17,0.27,0.17,0.23,0.18,\N,\N,\N,2019-07-06 02:50:37
MDGS,Health Care,Medical/Dental Instruments,8.73,\N,\N,\N,\N,\N,\N,\N,\N,\N,\N,\N,,\N
MDWD,Consumer Durables,Specialty Chemicals,86.97,\N,\N,26.76,\N,-0.17,-0.15,-0.11,0.39,-0.15,\N,\N,\N,2019-07-06 02:51:06
MEDP,Health Care,Biotechnology: Commercial Physical & Biological Re,2220,\N,\N,3.12,\N,0.4,0.45,0.52,0.61,0.51,\N,\N,\N,2019-07-06 02:51:20
MEIP,Health Care,Major Pharmaceuticals,184.64,\N,\N,38,\N,-0.16,-0.41,-0.21,-0.15,-0.24,\N,\N,\N,2019-07-06 02:51:36
MGTX,Health Care,Biotechnology: Biological Products (No Diagnostic ,766.21,\N,\N,\N,\N,\N,\N,\N,\N,\N,\N,\N,invalid literal for float(): 1\,185.53,\N
MLCO,Consumer Services,Hotels/Resorts,9830,\N,\N,0.27,\N,0.32,0.11,0.02,0.27,0.26,\N,\N,\N,2019-07-06 02:51:50
MLNT,Health Care,Major Pharmaceuticals,70.21,\N,\N,0.75,\N,-4.75,-6.9,-2.5,-3.94,-2.34,\N,\N,\N,2019-07-06 02:52:05
MLNX,Technology,Semiconductors,6080,\N,\N,5.42,\N,0.71,0.3,0.68,0.78,0.87,\N,\N,\N,2019-07-06 02:52:20
MELR,Finance,Major Banks,43.73,\N,\N,5.22,\N,0.2,0.16,0.18,0.19,0.14,\N,\N,\N,2019-07-06 02:52:35
MNLO,Health Care,Major Pharmaceuticals,144.09,\N,\N,12.53,\N,-0.72,-0.36,-0.56,-0.76,-0.81,\N,\N,\N,2019-07-06 02:52:50
MTSL,Public Utilities,Telecommunications Equipment,3.33,\N,\N,0.65,\N,-1.56,-0.3,0.03,-0.04,-0.27,\N,\N,\N,2019-07-06 02:53:04
MELI,Miscellaneous,Business Services,30310,\N,\N,19.56,\N,-0.29,-0.25,-0.23,-0.05,0.13,\N,\N,\N,2019-07-06 02:53:19
MBWM,Finance,Major Banks,519.95,\N,\N,3.91,\N,0.66,0.57,0.61,0.7,0.72,\N,\N,\N,2019-07-06 02:53:35
MERC,Basic Industries,Paper,963.22,\N,\N,0.63,\N,0.39,0.26,0.63,0.68,0.78,\N,\N,\N,2019-07-06 02:53:49
MBIN,Finance,Major Banks,448.93,\N,\N,3.71,\N,0.5,0.52,0.55,0.51,0.34,\N,\N,\N,2019-07-06 02:54:19
MBINP,Finance,Major Banks,53.64,\N,\N,\N,\N,\N,\N,\N,\N,\N,\N,\N,could not convert string to float: ,\N
MRCY,Capital Goods,Electrical Products,3700,\N,\N,6.2,\N,0.08,0.21,0.16,0.26,0.29,\N,\N,\N,2019-07-06 02:54:49
MREO,Health Care,Major Pharmaceuticals,65.68,\N,\N,\N,\N,\N,\N,\N,\N,\N,\N,\N,could not convert string to float: N/A,\N
EBSB,Finance,Major Banks,916.11,\N,\N,5.95,\N,0.23,0.27,0.33,0.24,0.29,\N,\N,\N,2019-07-06 02:55:04
VIVO,Health Care,Biotechnology: In Vitro & In Vivo Diagnostic Subst,485.54,\N,\N,2.44,\N,0.12,0.16,0.13,0.19,0.17,\N,\N,\N,2019-07-06 02:55:18
MMSI,Health Care,Medical/Dental Instruments,3240,\N,\N,3.49,\N,0.1,0.21,0.3,0.16,0.11,\N,\N,\N,2019-07-06 02:55:33
MACK,Health Care,Major Pharmaceuticals,77.12,\N,\N,\N,\N,\N,\N,\N,\N,\N,\N,\N,could not convert string to float: N/A,\N
MRSN,Health Care,Major Pharmaceuticals,203.75,\N,\N,3.92,\N,-0.54,-0.54,-0.74,-0.97,0.7,\N,\N,\N,2019-07-06 02:55:48
MRUS,Health Care,Major Pharmaceuticals,324.74,\N,\N,\N,\N,\N,\N,\N,\N,\N,\N,\N,could not convert string to float: N/A,\N
MESA,Transportation,Air Freight/Delivery Services,276.34,\N,\N,0.42,\N,0.1,-0.89,0.65,0.55,0.38,\N,\N,\N,2019-07-06 02:56:04
MLAB,Capital Goods,Industrial Machinery/Components,930.8,\N,\N,9.03,\N,1.08,1.06,0.25,0.21,0.35,\N,\N,\N,2019-07-06 02:56:18
MESO,Health Care,Biotechnology: Biological Products (No Diagnostic ,554.54,\N,\N,31.29,\N,-0.22,-0.22,-0.2,-0.25,-0.25,\N,\N,\N,2019-07-06 02:56:33
CASH,Finance,Savings Institutions,1080,\N,\N,3.12,\N,1.08,0.23,0.24,0.39,0.81,\N,\N,\N,2019-07-06 02:56:47
MEOH,Basic Industries,Major Chemicals,3420,\N,\N,0.95,\N,2,1.36,1.61,1.68,0.5,\N,\N,\N,2019-07-06 02:57:01
MGEE,Energy,Electric Utilities: Central,2610,\N,\N,4.66,\N,0.58,0.53,0.85,0.47,0.69,\N,\N,\N,2019-07-06 02:57:16
MGPI,Consumer Non-Durables,Beverages (Production/Distribution),1040,\N,\N,3.11,\N,0.52,0.44,0.52,0.69,0.57,\N,\N,\N,2019-07-06 02:57:31
MBOT,Health Care,Biotechnology: Biological Products (No Diagnostic ,21.19,\N,\N,\N,\N,\N,\N,\N,\N,\N,\N,\N,could not convert string to float: N/A,\N
MCHP,Technology,Semiconductors,19970,\N,\N,3.97,\N,0.58,0.14,0.38,0.2,0.7,\N,\N,\N,2019-07-06 02:57:47
MU,Technology,Semiconductors,36170,\N,\N,1.61,\N,3.1,3.56,2.81,1.42,0.74,\N,\N,\N,2019-07-06 02:58:02
MSFT,Technology,Computer Software: Prepackaged Software,1022450,\N,\N,8.59,\N,0.95,1.14,1.14,1.08,1.14,\N,\N,\N,2019-07-06 02:58:17
MSTR,Technology,Computer Software: Prepackaged Software,1440,\N,\N,2.94,\N,0.15,0.42,1.1,0.3,-0.77,\N,\N,\N,2019-07-06 02:58:31
MVIS,Capital Goods,Industrial Machinery/Components,78.16,\N,\N,4.71,\N,-0.09,-0.1,0,-0.13,-0.08,\N,\N,\N,2019-07-06 02:58:46
MICT,Capital Goods,Electrical Products,9.03,\N,\N,0.91,\N,-0.1,0.38,-0.28,-0.28,-0.09,\N,\N,\N,2019-07-06 02:59:01
MPB,Finance,Major Banks,200.98,\N,\N,3.14,\N,0.17,0.45,0.28,0.59,0.48,\N,\N,\N,2019-07-06 02:59:14
MTP,Health Care,Major Pharmaceuticals,276.34,\N,\N,\N,\N,\N,\N,\N,\N,\N,\N,\N,could not convert string to float: N/A,\N
MCEP,Energy,Oil & Gas Production,13.85,\N,\N,0.2,\N,-0.37,-0.26,-0.14,0.02,-0.16,\N,\N,\N,2019-07-06 02:59:44
MBCN,Finance,Major Banks,129.1,\N,\N,3.1,\N,0.8,0.96,1.02,1.05,0.92,\N,\N,\N,2019-07-06 02:59:58
MSEX,Public Utilities,Water Supply,989.1,\N,\N,7.65,\N,0.27,0.52,0.74,0.43,0.39,\N,\N,\N,2019-07-06 03:00:13
MSBI,Finance,Major Banks,629.26,\N,\N,2.52,\N,0.08,0.52,0.35,0.68,0.57,\N,\N,\N,2019-07-06 03:01:11
MSVB,Finance,Savings Institutions,45.42,\N,\N,5.69,\N,0.09,0.2,0.08,0.15,0.11,\N,\N,\N,2019-07-06 03:01:25
MOFG,Finance,Major Banks,425.91,\N,\N,3.69,\N,0.64,0.67,0.55,0.62,0.6,\N,\N,\N,2019-07-06 03:01:41
MIST,Health Care,Major Pharmaceuticals,544.92,\N,\N,\N,\N,\N,\N,\N,\N,\N,\N,\N,could not convert string to float: N/A,\N
MLND,Health Care,Major Pharmaceuticals,156.75,\N,\N,\N,\N,\N,\N,\N,\N,\N,\N,\N,could not convert string to float: N/A,\N
TIGO,Public Utilities,Telecommunications Equipment,5620,\N,\N,1.41,\N,0.17,-0.01,0.68,-0.94,0.14,\N,\N,\N,2019-07-06 03:01:58
MIME,Technology,Computer Software: Prepackaged Software,2760,\N,\N,8.41,\N,-0.11,-0.06,-0.03,0.01,-0.03,\N,\N,\N,2019-07-06 03:02:13
MNDO,Technology,EDP Services,42.8,\N,\N,2.37,\N,0.06,0.06,0.07,0.07,0.08,\N,\N,\N,2019-07-06 03:02:27
NERV,Health Care,Major Pharmaceuticals,217.37,\N,\N,\N,\N,\N,\N,\N,\N,\N,\N,\N,could not convert string to float: N/A,\N
MGEN,Health Care,Medical Specialities,71.76,\N,\N,17.2,\N,-0.18,-0.29,-0.29,-0.33,-0.38,\N,\N,\N,2019-07-06 03:02:43
MRTX,Health Care,Major Pharmaceuticals,3680,\N,\N,796.17,\N,-0.51,-0.94,-0.85,-0.87,-1.17,\N,\N,\N,2019-07-06 03:02:57
MSON,Capital Goods,Medical Specialities,239.87,\N,\N,6.24,\N,0.23,-0.2,-0.29,-0.09,-0.17,\N,\N,\N,2019-07-06 03:03:12
MIND,Technology,Diversified Commercial Services,47.18,\N,\N,1.06,\N,-0.52,-0.41,-0.47,-0.38,-0.24,\N,\N,\N,2019-07-06 03:03:27
MINDP,Technology,Diversified Commercial Services,19.47,\N,\N,\N,\N,\N,\N,\N,\N,\N,\N,\N,could not convert string to float: ,\N
MITK,Technology,Computer peripheral equipment,379.35,\N,\N,5.43,\N,-0.03,-0.08,-0.06,-0.08,-0.02,\N,\N,\N,2019-07-06 03:03:56
MKSI,Capital Goods,Industrial Machinery/Components,4000,\N,\N,2.18,\N,1.9,2.22,1.7,1.32,0.23,\N,\N,\N,2019-07-06 03:04:11
MMAC,Finance,Real Estate,200.07,\N,\N,17.3,\N,3.25,0.42,1.41,4.9,0.49,\N,\N,\N,2019-07-06 03:04:25
MINI,Capital Goods,Metal Fabrications,1330,\N,\N,2.26,\N,0.33,0.33,-1.18,0.53,0.4,\N,\N,\N,2019-07-06 03:04:40
MOBL,Technology,Computer Software: Prepackaged Software,618.63,\N,\N,3.43,\N,-0.17,-0.12,-0.07,-0.07,-0.16,\N,\N,\N,2019-07-06 03:04:54
MMDM,Consumer Services,Broadcasting,230.82,\N,\N,\N,\N,\N,\N,\N,\N,\N,\N,\N,could not convert string to float: N/A,\N
MRNA,Health Care,Biotechnology: Biological Products (No Diagnostic ,4530,\N,\N,\N,\N,\N,\N,\N,\N,\N,\N,\N,,\N
MOGO,Finance,Finance: Consumer Services,85.69,\N,\N,\N,\N,\N,\N,\N,\N,\N,\N,\N,could not convert string to float: N/A,\N
MWK,Consumer Durables,Home Furnishings,124.01,\N,\N,\N,\N,\N,\N,\N,\N,\N,\N,\N,,\N
MTEM,Health Care,Major Pharmaceuticals,288.64,\N,\N,13.62,\N,-0.32,-0.36,-0.19,-0.18,-0.17,\N,\N,\N,2019-07-06 03:05:57
MBRX,Health Care,Major Pharmaceuticals,54.23,\N,\N,\N,\N,\N,\N,\N,\N,\N,\N,\N,could not convert string to float: N/A,\N
MNTA,Health Care,Biotechnology: Biological Products (No Diagnostic ,1190,\N,\N,16.09,\N,-0.63,-0.91,-0.65,-0.1,-0.46,\N,\N,\N,2019-07-06 03:06:11
MOMO,Technology,Computer Software: Prepackaged Software,6910,\N,\N,\N,\N,\N,\N,\N,\N,\N,\N,\N,could not convert string to float: N/A,\N
MKGI,Consumer Services,Transportation Services,32.14,\N,\N,54.33,\N,-0.86,-0.11,0.64,-0.24,0.23,\N,\N,\N,2019-07-06 03:06:28
MCRI,Consumer Services,Hotels/Resorts,752.7,\N,\N,3.32,\N,0.36,0.5,0.58,0.39,0.38,\N,\N,\N,2019-07-06 03:06:43
MDLZ,Consumer Non-Durables,Packaged Foods,79920,\N,\N,3.06,\N,0.62,0.22,0.81,0.56,0.63,\N,\N,\N,2019-07-06 03:06:57
MGI,Miscellaneous,Business Services,142.15,\N,\N,0.11,\N,0.11,0.03,-0.32,-0.19,-0.21,\N,\N,\N,2019-07-06 03:07:11
MDB,Technology,Computer Software: Prepackaged Software,8770,\N,\N,28,\N,-0.58,-0.61,-0.59,-0.41,-0.61,\N,\N,\N,2019-07-06 03:07:26
MNCL,Finance,Business Services,220.57,\N,\N,\N,\N,\N,\N,\N,\N,\N,\N,\N,could not convert string to float: N/A,\N
MPWR,Technology,Semiconductors,5350,\N,\N,9.77,\N,0.49,0.55,0.71,0.61,0.58,\N,\N,\N,2019-07-06 03:07:41
TYPE,Technology,EDP Services,701.28,\N,\N,3.02,\N,-0.03,0.02,0.08,0.23,0.06,\N,\N,\N,2019-07-06 03:07:56
MNRO,Consumer Services,Automotive Aftermarket,2770,\N,\N,2.42,\N,0.53,0.62,0.65,0.61,0.5,\N,\N,\N,2019-07-06 03:08:10
MNST,Consumer Non-Durables,Beverages (Production/Distribution),34420,\N,\N,9,\N,0.38,0.48,0.48,0.43,0.48,\N,\N,\N,2019-07-06 03:08:24
MORN,Finance,Investment Managers,6020,\N,\N,6.06,\N,0.98,0.97,1.32,0.99,0.77,\N,\N,\N,2019-07-06 03:08:40
MOR,Health Care,Major Pharmaceuticals,3130,\N,\N,\N,\N,\N,\N,\N,\N,\N,\N,\N,could not convert string to float: N/A,\N
MOSY,Technology,Semiconductors,7.9,\N,\N,0.53,\N,0.04,0.04,-0.34,-0.25,0,\N,\N,\N,2019-07-06 03:08:55
MTFB,Health Care,Major Pharmaceuticals,12.33,\N,\N,\N,\N,\N,\N,\N,\N,\N,\N,\N,could not convert string to float: N/A,\N
MPAA,Capital Goods,Auto Parts:O.E.M.,339.13,\N,\N,0.74,\N,0.47,-0.27,0.18,-0.16,-0.15,\N,\N,\N,2019-07-06 03:09:10
MOTS,Health Care,Medical/Dental Instruments,77.01,\N,\N,\N,\N,\N,\N,\N,\N,\N,\N,\N,invalid literal for float(): 2\,574.04,\N
MPVD,Basic Industries,Precious Metals,224.82,\N,\N,\N,\N,\N,\N,\N,\N,\N,\N,\N,could not convert string to float: N/A,\N
MOXC,Technology,Computer Software: Programming\, Data Processing,36.31,\N,\N,69.03,\N,-0.15,-0.15,-0.25,0,0,\N,\N,\N,2019-07-06 03:09:26
COOP,Finance,Finance: Consumer Services,657.33,\N,\N,\N,\N,\N,\N,\N,\N,\N,\N,\N,,\N
MSBF,Finance,Savings Institutions,83.19,\N,\N,4.61,\N,0.19,0.23,0.24,0.24,0.1,\N,\N,\N,2019-07-06 03:10:11
MTBC,Technology,Computer Software: Prepackaged Software,56.29,\N,\N,1.01,\N,-0.06,-0.09,-0.25,-0.19,-0.15,\N,\N,\N,2019-07-06 03:10:26
MTBCP,Technology,Computer Software: Prepackaged Software,18.77,\N,\N,\N,\N,\N,\N,\N,\N,\N,\N,\N,could not convert string to float: ,\N
MTSC,Capital Goods,Industrial Machinery/Components,1020,\N,\N,1.24,\N,0.44,0.47,0.56,0.54,0.73,\N,\N,\N,2019-07-06 03:10:55
MUDS,Finance,Business Services,264.29,\N,\N,\N,\N,\N,\N,\N,\N,\N,\N,\N,could not convert string to float: N/A,\N
LABL,Miscellaneous,Publishing,1030,\N,\N,0.6,\N,1.08,0.88,1.16,0.55,-4.02,\N,\N,\N,2019-07-06 03:11:10
MBIO,Health Care,Major Pharmaceuticals,138.09,\N,\N,\N,\N,\N,\N,\N,\N,\N,\N,\N,could not convert string to float: N/A,\N
MFSF,Finance,Major Banks,270.59,\N,\N,3.24,\N,0.5,0.48,0.62,0.61,0.6,\N,\N,\N,2019-07-06 03:11:26
MVBF,Finance,Major Banks,194.52,\N,\N,2.17,\N,0.23,0.25,0.29,0.24,0.26,\N,\N,\N,2019-07-06 03:11:40
MYSZ,Technology,Computer Software: Prepackaged Software,19.75,\N,\N,979.73,\N,-0.2,0.02,-0.05,-0.01,-0.05,\N,\N,\N,2019-07-06 03:11:55
MYL,Health Care,Major Pharmaceuticals,9610,\N,\N,0.88,\N,0.17,0.07,0.34,0.1,-0.05,\N,\N,\N,2019-07-06 03:12:09
MYND,Health Care,Hospital/Nursing Management,14.99,\N,\N,13.06,\N,-0.61,-0.46,-0.2,-0.32,-0.27,\N,\N,\N,2019-07-06 03:12:23
MYOK,Health Care,Major Pharmaceuticals,2110,\N,\N,78.04,\N,-0.5,-0.49,-0.39,-0.38,-0.93,\N,\N,\N,2019-07-06 03:12:38
MYOS,Health Care,Major Pharmaceuticals,15.13,\N,\N,\N,\N,\N,\N,\N,\N,\N,\N,\N,,\N
MYRG,Basic Industries,Water Supply,588.49,\N,\N,0.37,\N,0.34,0.41,0.48,0.64,0.44,\N,\N,\N,2019-07-06 03:13:06
MYGN,Health Care,Biotechnology: In Vitro & In Vivo Diagnostic Subst,1660,\N,\N,2.36,\N,0.16,0.18,-0.01,0.03,0.09,\N,\N,\N,2019-07-06 03:13:21
NBRV,Health Care,Major Pharmaceuticals,153.57,\N,\N,50.64,\N,-0.36,-0.44,-0.9,-0.41,-0.29,\N,\N,\N,2019-07-06 03:13:35
NAKD,Consumer Non-Durables,Apparel,13.96,\N,\N,\N,\N,\N,\N,\N,\N,\N,\N,\N,could not convert string to float: N/A,\N
NNDM,Technology,Electrical Products,16.6,\N,\N,3.05,\N,-0.25,-0.2,-0.2,-0.2,-0.1,\N,\N,\N,2019-07-06 03:13:51
NANO,Capital Goods,Industrial Machinery/Components,827.29,\N,\N,2.64,\N,0.67,0.72,0.47,0.49,0.12,\N,\N,\N,2019-07-06 03:14:05
NSTG,Health Care,Biotechnology: Biological Products (No Diagnostic ,919.99,\N,\N,9.17,\N,-0.75,-0.8,-0.56,-0.68,-0.69,\N,\N,\N,2019-07-06 03:14:20
NAOV,Health Care,Industrial Specialties,12.59,\N,\N,35.71,\N,-0.12,-0.13,-0.21,-0.18,-0.4,\N,\N,\N,2019-07-06 03:14:35
NH,Technology,EDP Services,64.12,\N,\N,0.64,\N,-0.2,-0.21,-0.89,-0.45,-0.18,\N,\N,\N,2019-07-06 03:14:50
NK,Health Care,Biotechnology: Biological Products (No Diagnostic ,108.54,\N,\N,\N,\N,\N,\N,\N,\N,\N,\N,\N,invalid literal for float(): 2\,266.23,\N
NSSC,Capital Goods,Telecommunications Equipment,520.62,\N,\N,4.71,\N,0.1,0.2,0.08,0.15,0.17,\N,\N,\N,2019-07-06 03:15:05
NDAQ,Finance,Investment Bankers/Brokers/Service,16240,\N,\N,3.95,\N,1.05,0.97,0.97,-0.27,1.48,\N,\N,\N,2019-07-06 03:15:35
NTRA,Health Care,Medical Specialities,1820,\N,\N,6.99,\N,-0.61,-0.62,-0.49,-0.51,-0.54,\N,\N,\N,2019-07-06 03:15:50
NATH,Consumer Services,Restaurants,304.14,\N,\N,3.23,\N,0.08,1.13,1.06,2.3,0.59,\N,\N,\N,2019-07-06 03:16:05
NKSH,Finance,Major Banks,243.7,\N,\N,5.45,\N,0.47,0.58,0.61,0.66,0.65,\N,\N,\N,2019-07-06 03:16:19
FIZZ,Consumer Non-Durables,Beverages (Production/Distribution),2010,\N,\N,2.04,\N,0.77,1.04,0.88,0.53,0.56,\N,\N,\N,2019-07-06 03:16:33
NCMI,Consumer Services,Advertising,503.02,\N,\N,1.28,\N,-0.03,0.05,0.14,0.21,-0.01,\N,\N,\N,2019-07-06 03:16:47
NESR,Energy,Oilfield Services/Equipment,757.74,\N,\N,\N,\N,\N,\N,\N,\N,\N,\N,\N,,\N
NGHC,Finance,Property-Casualty Insurers,2650,\N,\N,0.55,\N,0.55,0.34,0.55,0.16,0.72,\N,\N,\N,2019-07-06 03:17:16
NGHCN,Finance,Property-Casualty Insurers,4.94,\N,\N,\N,\N,\N,\N,\N,\N,\N,\N,\N,could not convert string to float: ,\N
NGHCO,Finance,Property-Casualty Insurers,4.08,\N,\N,\N,\N,\N,\N,\N,\N,\N,\N,\N,could not convert string to float: ,\N
NGHCP,Finance,Property-Casualty Insurers,55.04,\N,\N,\N,\N,\N,\N,\N,\N,\N,\N,\N,could not convert string to float: ,\N
NHLD,Finance,Investment Bankers/Brokers/Service,34.18,\N,\N,0.17,\N,-0.18,0.06,-0.16,0.08,-0.22,\N,\N,\N,2019-07-06 03:18:13
NATI,Technology,Computer Software: Prepackaged Software,5270,\N,\N,4.12,\N,0.18,0.23,0.32,0.42,0.17,\N,\N,\N,2019-07-06 03:18:27
NRC,Health Care,Biotechnology: Commercial Physical & Biological Re,1350,\N,\N,11.66,\N,0.17,0.28,0.27,0.3,0.32,\N,\N,\N,2019-07-06 03:18:42
NSEC,Finance,Life Insurance,31.36,\N,\N,0.42,\N,0.19,0.18,0.36,-0.42,0.97,\N,\N,\N,2019-07-06 03:18:56
EYE,Health Care,Ophthalmic Goods,2410,\N,\N,1.47,\N,0.32,0.17,0.07,-0.24,0.21,\N,\N,\N,2019-07-06 03:19:10
NWLI,Finance,Life Insurance,920.39,\N,\N,1.44,\N,7.6,9.18,10.08,6.16,11.37,\N,\N,\N,2019-07-06 03:19:25
NAII,Consumer Durables,Specialty Chemicals,84.2,\N,\N,0.59,\N,0.3,0.41,0.37,0.31,0.27,\N,\N,\N,2019-07-06 03:19:39
NHTC,Consumer Durables,Consumer Specialties,88.34,\N,\N,0.52,\N,0.78,0.8,0.67,0.49,-0.17,\N,\N,\N,2019-07-06 03:19:53
NATR,Health Care,Major Pharmaceuticals,163.63,\N,\N,0.43,\N,0.03,0,0.08,-0.15,0.09,\N,\N,\N,2019-07-06 03:20:07
BABY,Health Care,Biotechnology: Electromedical & Electrotherapeutic,839.94,\N,\N,1.71,\N,-0.1,-0.08,-0.17,-0.35,-0.89,\N,\N,\N,2019-07-06 03:20:22
NAVI,Finance,Investment Bankers/Brokers/Service,3110,\N,\N,2.21,\N,0.47,0.31,0.43,0.28,0.52,\N,\N,\N,2019-07-06 03:20:37
NMCI,Transportation,Marine Transportation,64.71,\N,\N,\N,\N,\N,\N,\N,\N,\N,\N,\N,,\N
NBTB,Finance,Major Banks,1580,\N,\N,3.97,\N,0.59,0.64,0.68,0.65,0.66,\N,\N,\N,2019-07-06 03:21:07
NCSM,Energy,Oilfield Services/Equipment,181.08,\N,\N,0.66,\N,0.23,-0.09,0.13,-4.51,-0.26,\N,\N,\N,2019-07-06 03:21:22
NEBU,Finance,Business Services,348.56,\N,\N,\N,\N,\N,\N,\N,\N,\N,\N,\N,could not convert string to float: N/A,\N
NKTR,Health Care,Major Pharmaceuticals,6030,\N,\N,5.16,\N,-0.6,5.33,-0.56,-0.57,-0.68,\N,\N,\N,2019-07-06 03:21:52
NMRD,Health Care,Medical/Dental Instruments,177.83,\N,\N,\N,\N,\N,\N,\N,\N,\N,\N,\N,could not convert string to float: N/A,\N
NEOG,Health Care,Biotechnology: In Vitro & In Vivo Diagnostic Subst,3110,\N,\N,7.57,\N,0.32,0.33,0.29,0.31,0.25,\N,\N,\N,2019-07-06 03:22:08
NEO,Health Care,Precision Instruments,2160,\N,\N,7.24,\N,-0.03,0.07,0.02,0,-0.03,\N,\N,\N,2019-07-06 03:22:22
NTGN,Health Care,Biotechnology: Biological Products (No Diagnostic ,131.46,\N,\N,\N,\N,\N,\N,\N,\N,\N,\N,\N,could not convert string to float: N/A,\N
NEON,Capital Goods,Industrial Machinery/Components,23.23,\N,\N,3.11,\N,-0.1,-0.2,-0.14,-0.1,-0.07,\N,\N,\N,2019-07-06 03:22:37
NEOS,Health Care,Major Pharmaceuticals,61.16,\N,\N,1.3,\N,-0.5,-0.52,-0.43,-0.23,-0.15,\N,\N,\N,2019-07-06 03:22:52
NVCN,Health Care,Medical/Dental Instruments,45.93,\N,\N,18.55,\N,-380,-40,-7.8,4.15,-2.1,\N,\N,\N,2019-07-06 03:23:06
NEPT,Health Care,Major Pharmaceuticals,354.58,\N,\N,\N,\N,\N,\N,\N,\N,\N,\N,\N,could not convert string to float: N/A,\N
UEPS,Finance,Investment Bankers/Brokers/Service,214.2,\N,\N,0.59,\N,0.05,0.12,-0.09,-1.13,-0.96,\N,\N,\N,2019-07-06 03:23:22
NETE,Technology,EDP Services,17.69,\N,\N,0.3,\N,-0.42,-0.23,-0.23,-0.4,-0.29,\N,\N,\N,2019-07-06 03:23:36
NTAP,Technology,Electronic Components,14630,\N,\N,2.44,\N,0.99,1.05,0.91,0.98,1.59,\N,\N,\N,2019-07-06 03:23:50
NTES,Miscellaneous,Business Services,32580,\N,\N,\N,\N,\N,\N,\N,\N,\N,\N,\N,could not convert string to float: N/A,\N
NFLX,Consumer Services,Consumer Electronics/Video Chains,157530,\N,\N,9.85,\N,0.64,0.85,0.89,0.3,0.76,\N,\N,\N,2019-07-06 03:24:05
NTGR,Public Utilities,Telecommunications Equipment,779.42,\N,\N,0.76,\N,0.17,-0.17,0.3,-0.41,0.39,\N,\N,\N,2019-07-06 03:24:19
NTCT,Technology,EDP Services,1890,\N,\N,2.23,\N,0.2,-0.78,-0.34,-0.05,0.24,\N,\N,\N,2019-07-06 03:24:33
NTWK,Technology,Computer Software: Prepackaged Software,64.9,\N,\N,1.01,\N,0.25,0.1,0.08,0.25,0.11,\N,\N,\N,2019-07-06 03:24:48
CUR,Health Care,Biotechnology: Biological Products (No Diagnostic ,5.69,\N,\N,24.06,\N,-0.14,-0.04,-0.12,-0.02,-0.17,\N,\N,\N,2019-07-06 03:25:02
NBIX,Health Care,Biotechnology: Biological Products (No Diagnostic ,7380,\N,\N,14.65,\N,-0.47,-0.07,0.52,0.19,-1.12,\N,\N,\N,2019-07-06 03:25:17
NURO,Health Care,Medical/Dental Instruments,4.76,\N,\N,0.26,\N,0.08,0.04,0.08,-0.38,0.15,\N,\N,\N,2019-07-06 03:25:32
STIM,Health Care,Medical/Dental Instruments,218.42,\N,\N,4.28,\N,-0.49,-30.6,-0.29,-0.35,-0.42,\N,\N,\N,2019-07-06 03:25:46
NTRP,Health Care,Major Pharmaceuticals,107.46,\N,\N,\N,\N,\N,\N,\N,\N,\N,\N,\N,could not convert string to float: N/A,\N
NBEV,Consumer Non-Durables,Beverages (Production/Distribution),330.22,\N,\N,3.31,\N,-0.07,-0.09,-0.08,-0.02,-0.02,\N,\N,\N,2019-07-06 03:26:01
NFE,Public Utilities,Oil/Gas Transmission,1820,\N,\N,\N,\N,\N,\N,\N,\N,\N,\N,\N,,\N
NYMT,Consumer Services,Real Estate Investment Trusts,1290,\N,\N,7.04,\N,0.2,0.2,0.2,0.02,0.21,\N,\N,\N,2019-07-06 03:26:47
NYMTN,Consumer Services,Real Estate Investment Trusts,132.84,\N,\N,\N,\N,\N,\N,\N,\N,\N,\N,\N,could not convert string to float: ,\N
NYMTO,Consumer Services,Real Estate Investment Trusts,89.96,\N,\N,\N,\N,\N,\N,\N,\N,\N,\N,\N,could not convert string to float: ,\N
NYMTP,Finance,Finance: Consumer Services,74.01,\N,\N,\N,\N,\N,\N,\N,\N,\N,\N,\N,could not convert string to float: ,\N
NEWA,Basic Industries,Miscellaneous,60.53,\N,\N,\N,\N,\N,\N,\N,\N,\N,\N,\N,list index out of range,\N
NWL,Consumer Non-Durables,Plastic Products,6280,\N,\N,0.73,\N,0.11,0.27,-15.52,0.46,-0.36,\N,\N,\N,2019-07-06 03:27:59
NLNK,Health Care,Major Pharmaceuticals,58.15,\N,\N,20.31,\N,-0.49,-0.47,-0.2,-0.28,-0.27,\N,\N,\N,2019-07-06 03:28:13
NMRK,Finance,Real Estate,1560,\N,\N,0.81,\N,0.12,0,0.43,0.09,0.08,\N,\N,\N,2019-07-06 03:28:28
NWS,Consumer Services,Newspapers/Magazines,7990,\N,\N,0.78,\N,-1.94,-0.64,0.17,0.16,0.02,\N,\N,\N,2019-07-06 03:28:43
NWSA,Consumer Services,Newspapers/Magazines,7750,\N,\N,0.78,\N,-1.94,-0.64,0.17,0.16,0.02,\N,\N,\N,2019-07-06 03:28:57
NXST,Consumer Services,Broadcasting,4540,\N,\N,1.83,\N,1.01,1.86,2.12,3.22,1.15,\N,\N,\N,2019-07-06 03:29:11
NXTC,Health Care,Major Pharmaceuticals,325.73,\N,\N,\N,\N,\N,\N,\N,\N,\N,\N,\N,could not convert string to float: ,\N
NEXT,Public Utilities,Oil & Gas Production,670.58,\N,\N,\N,\N,\N,\N,\N,\N,\N,\N,\N,could not convert string to float: N/A,\N
NXGN,Technology,EDP Services,1210,\N,\N,2.45,\N,-0.17,0.04,0.2,0.07,0.06,\N,\N,\N,2019-07-06 03:29:40
BIMI,Capital Goods,Metal Fabrications,17.8,\N,\N,2.76,\N,-0.06,-0.06,-0.07,-0.22,-0.04,\N,\N,\N,2019-07-06 03:29:55
NGM,Health Care,Major Pharmaceuticals,952.04,\N,\N,\N,\N,\N,\N,\N,\N,\N,\N,\N,,\N
NODK,Finance,Property-Casualty Insurers,403.99,\N,\N,1.73,\N,0.27,0.01,0.44,0.67,0.62,\N,\N,\N,2019-07-06 03:30:24
EGOV,Miscellaneous,Business Services,1060,\N,\N,3.18,\N,0.23,0.25,0.24,0.15,0.17,\N,\N,\N,2019-07-06 03:30:38
NICE,Technology,Computer Manufacturing,8600,\N,\N,5.96,\N,0.37,0.54,0.62,0.98,0.58,\N,\N,\N,2019-07-06 03:30:53
NICK,Finance,Finance Companies,71.19,\N,\N,1.96,\N,0.08,0.18,0.07,-0.12,-0.6,\N,\N,\N,2019-07-06 03:31:07
NCBS,Finance,Major Banks,581.12,\N,\N,4.04,\N,0.94,0.98,1.09,1.1,1.05,\N,\N,\N,2019-07-06 03:31:22
NIHD,Public Utilities,Telecommunications Equipment,178.78,\N,\N,0.32,\N,-0.43,-0.99,-0.5,-0.04,-0.01,\N,\N,\N,2019-07-06 03:31:48
NIU,Capital Goods,Auto Manufacturing,454.94,\N,\N,\N,\N,\N,\N,\N,\N,\N,\N,\N,could not convert string to float: N/A,\N
LASR,Technology,Semiconductors,669.05,\N,\N,\N,\N,\N,\N,\N,\N,\N,\N,\N,,\N
NMIH,Finance,Property-Casualty Insurers,1870,\N,\N,6.59,\N,0.34,0.37,0.36,0.46,0.48,\N,\N,\N,2019-07-06 03:32:21
NNBR,Capital Goods,Metal Fabrications,374.52,\N,\N,0.49,\N,-0.22,-0.89,-0.48,-5.25,-0.44,\N,\N,\N,2019-07-06 03:33:19
NDLS,Consumer Services,Restaurants,297.08,\N,\N,0.75,\N,-0.09,-0.14,0.02,0,-0.04,\N,\N,\N,2019-07-06 03:33:33
NDSN,Capital Goods,Industrial Machinery/Components,7730,\N,\N,3.58,\N,1.55,1.61,1.47,0.83,1.58,\N,\N,\N,2019-07-06 03:33:48
NSYS,Capital Goods,Industrial Machinery/Components,10.78,\N,\N,0.09,\N,-0.14,0.14,0.14,-0.07,-0.14,\N,\N,\N,2019-07-06 03:34:05
NBN,Finance,Major Banks,176.13,\N,\N,2.94,\N,0.43,0.48,0.49,0.56,0.52,\N,\N,\N,2019-07-06 03:34:19
NTIC,Capital Goods,Industrial Specialties,112.85,\N,\N,1.98,\N,0.14,0.23,0.23,0.16,0.15,\N,\N,\N,2019-07-06 03:34:34
NTRS,Finance,Major Banks,18670,\N,\N,3.4,\N,1.58,1.68,1.58,1.8,1.48,\N,\N,\N,2019-07-06 03:34:47
NTRSP,Finance,Major Banks,5560,\N,\N,3.35,\N,1.58,1.68,1.58,1.8,1.48,\N,\N,\N,2019-07-06 03:35:02
NFBK,Finance,Savings Institutions,750.15,\N,\N,6.62,\N,0.22,0.23,0.19,0.21,0.19,\N,\N,\N,2019-07-06 03:35:16
NRIM,Finance,Savings Institutions,231.53,\N,\N,2.6,\N,0.58,0.84,0.75,0.69,0.62,\N,\N,\N,2019-07-06 03:35:31
NWBI,Finance,Major Banks,1810,\N,\N,4.49,\N,0.24,0.25,0.27,0.26,0.24,\N,\N,\N,2019-07-06 03:35:46
NWPX,Basic Industries,Steel/Iron Ore,247.56,\N,\N,1.24,\N,-0.2,-0.59,2.86,0.02,0.22,\N,\N,\N,2019-07-06 03:36:00
NCLH,Consumer Services,Marine Transportation,10960,\N,\N,1.81,\N,0.45,1.01,2.11,0.7,0.54,\N,\N,\N,2019-07-06 14:53:58
NWFL,Finance,Major Banks,203.57,\N,\N,5.19,\N,0.5,0.56,0.58,0.53,0.51,\N,\N,\N,2019-07-06 03:36:28
NVFY,Consumer Durables,Home Furnishings,20.7,\N,\N,0.27,\N,0.06,0.05,-0.02,0.1,-0.01,\N,\N,\N,2019-07-06 03:36:43
NVMI,Capital Goods,Electronic Components,702.48,\N,\N,2.96,\N,0.49,0.41,0.46,0.53,0.27,\N,\N,\N,2019-07-06 03:36:58
NOVN,Health Care,Major Pharmaceuticals,69.87,\N,\N,12.08,\N,-0.21,-0.29,-0.27,0.28,-0.27,\N,\N,\N,2019-07-06 03:37:13
NOVT,Miscellaneous,Industrial Machinery/Components,3170,\N,\N,5.15,\N,0.18,0.32,0.6,0.33,0.35,\N,\N,\N,2019-07-06 03:37:27
NVAX,Health Care,Biotechnology: Biological Products (No Diagnostic ,131.92,\N,\N,4.21,\N,-2.8,-2.4,-2.4,-2.6,-2.2,\N,\N,\N,2019-07-06 03:37:41
NVLN,Health Care,Major Pharmaceuticals,15.25,\N,\N,0.11,\N,-1.76,-1.67,-1.32,-1.03,-1.67,\N,\N,\N,2019-07-06 03:37:54
NVCR,Health Care,Medical/Dental Instruments,5500,\N,\N,22.86,\N,-0.23,-0.17,-0.13,-0.17,-0.13,\N,\N,\N,2019-07-06 03:38:09
NVUS,Health Care,Major Pharmaceuticals,12.9,\N,\N,\N,\N,\N,\N,\N,\N,\N,\N,\N,could not convert string to float: N/A,\N
NUAN,Technology,Computer Software: Prepackaged Software,4570,\N,\N,2.29,\N,-0.56,-0.05,-0.12,0.07,0.27,\N,\N,\N,2019-07-06 03:38:26
NCNA,Health Care,Major Pharmaceuticals,338.8,\N,\N,\N,\N,\N,\N,\N,\N,\N,\N,\N,could not convert string to float: N/A,\N
NTNX,Technology,Computer Software: Prepackaged Software,4600,\N,\N,3.9,\N,-0.51,-0.51,-0.54,-0.68,-1.15,\N,\N,\N,2019-07-06 03:38:41
NUVA,Health Care,Medical/Dental Instruments,2980,\N,\N,2.66,\N,-0.53,0.22,0.3,0.23,0.18,\N,\N,\N,2019-07-06 03:39:12
NVTR,Health Care,Medical/Dental Instruments,57.67,\N,\N,1.01,\N,-0.84,-0.83,-0.87,-0.73,-0.83,\N,\N,\N,2019-07-06 03:39:26
NVEE,Consumer Services,Other Consumer Services,1000,\N,\N,2.35,\N,0.39,0.69,0.62,0.62,0.44,\N,\N,\N,2019-07-06 03:39:42
NVEC,Technology,Semiconductors,335.3,\N,\N,12.6,\N,0.8,0.81,0.88,0.71,0.59,\N,\N,\N,2019-07-06 03:39:56
NVDA,Technology,Semiconductors,92250,\N,\N,9.09,\N,1.98,1.76,1.97,0.92,0.64,\N,\N,\N,2019-07-06 03:40:10
NXPI,Technology,Semiconductors,27120,\N,\N,2.98,\N,0.17,0.16,5.6,0.94,-0.07,\N,\N,\N,2019-07-06 03:40:25
NXTD,Consumer Services,Diversified Commercial Services,22.24,\N,\N,1.26,\N,-0.07,-0.04,-0.05,-0.13,-0.05,\N,\N,\N,2019-07-06 03:40:39
NYMX,Health Care,Biotechnology: In Vitro & In Vivo Diagnostic Subst,114.12,\N,\N,552.62,\N,-0.05,-0.04,-0.05,-0.05,-0.04,\N,\N,\N,2019-07-06 03:40:55
OIIM,Technology,Semiconductors,37.07,\N,\N,0.58,\N,0.27,0.06,-0.13,-0.12,-0.15,\N,\N,\N,2019-07-06 03:41:09
OVLY,Finance,Major Banks,158.37,\N,\N,3.67,\N,0.35,0.32,0.39,0.37,0.38,\N,\N,\N,2019-07-06 03:41:24
OASM,Health Care,Major Pharmaceuticals,99.92,\N,\N,\N,\N,\N,\N,\N,\N,\N,\N,\N,could not convert string to float: N/A,\N
OBLN,Health Care,Medical/Dental Instruments,24.66,\N,\N,2.07,\N,-0.71,-0.57,-0.35,-0.39,-0.36,\N,\N,\N,2019-07-06 03:41:39
OBSV,Health Care,Major Pharmaceuticals,506.92,\N,\N,\N,\N,\N,\N,\N,\N,\N,\N,\N,invalid literal for float(): 32\,063.27,\N
OBCI,Consumer Durables,Specialty Chemicals,32.78,\N,\N,0.75,\N,0.06,0.12,0.14,-0.02,0.08,\N,\N,\N,2019-07-06 03:41:54
OPTT,Public Utilities,Electric Utilities: Central,5.36,\N,\N,8.04,\N,-1.8,-3.6,-3.6,-4.2,-2.8,\N,\N,\N,2019-07-06 03:42:09
OCFC,Finance,Savings Institutions,1240,\N,\N,4.63,\N,0.12,0.32,0.5,0.55,0.42,\N,\N,\N,2019-07-06 03:42:23
OFED,Finance,Savings Institutions,131.66,\N,\N,8.21,\N,0.22,0.16,0.15,0.16,0.16,\N,\N,\N,2019-07-06 03:42:39
OCUL,Health Care,Major Pharmaceuticals,181.2,\N,\N,102.13,\N,-0.4,-0.37,-0.38,-0.42,-0.45,\N,\N,\N,2019-07-06 03:42:53
ODT,Health Care,Major Pharmaceuticals,752.12,\N,\N,\N,\N,\N,\N,\N,\N,\N,\N,\N,could not convert string to float: N/A,\N
OMEX,Consumer Services,Marine Transportation,49.25,\N,\N,14.51,\N,-0.21,-0.08,-0.15,-0.16,-0.13,\N,\N,\N,2019-07-06 03:43:08
ODP,Consumer Services,Other Specialty Stores,999.69,\N,\N,0.11,\N,0.07,0.03,0.11,-0.02,0.01,\N,\N,\N,2019-07-06 03:43:23
OPI,Finance,Real Estate,1230,\N,\N,2.72,\N,0.24,1.2,-0.4,-2.31,0.71,\N,\N,\N,2019-07-06 03:43:38
OVBC,Finance,Major Banks,174.21,\N,\N,3.67,\N,0.71,0.63,0.37,0.82,0.25,\N,\N,\N,2019-07-06 03:43:53
OHRP,Health Care,Major Pharmaceuticals,10.04,\N,\N,\N,\N,\N,\N,\N,\N,\N,\N,\N,could not convert string to float: N/A,\N
OKTA,Technology,Computer Software: Prepackaged Software,13810,\N,\N,32.67,\N,-0.25,-0.37,-0.27,-0.28,-0.46,\N,\N,\N,2019-07-06 03:44:08
ODFL,Transportation,Trucking Freight/Courier Services,11500,\N,\N,2.96,\N,1.33,1.99,2.12,1.95,1.64,\N,\N,\N,2019-07-06 03:44:38
OLBK,Finance,Major Banks,443.37,\N,\N,4.25,\N,0.48,0.17,0.48,0.59,0.5,\N,\N,\N,2019-07-06 03:44:53
ONB,Finance,Major Banks,2830,\N,\N,4.13,\N,0.31,0.29,0.34,0.28,0.32,\N,\N,\N,2019-07-06 03:45:08
OPOF,Finance,Major Banks,115.95,\N,\N,2.57,\N,0.19,0.19,0.31,0.27,0.39,\N,\N,\N,2019-07-06 03:45:22
OSBC,Finance,Major Banks,374.01,\N,\N,3.13,\N,0.31,0.21,0.32,0.28,0.28,\N,\N,\N,2019-07-06 03:45:37
OLLI,Consumer Services,Department/Specialty Retail Stores,5490,\N,\N,4.17,\N,0.46,0.45,0.38,0.76,0.59,\N,\N,\N,2019-07-06 03:45:51
ZEUS,Basic Industries,Metal Fabrications,139.76,\N,\N,0.08,\N,0.67,1.39,1.01,-0.11,0.18,\N,\N,\N,2019-07-06 03:46:05
OFLX,Capital Goods,Industrial Specialties,757.9,\N,\N,7.02,\N,0.41,0.47,0.51,0.6,0.43,\N,\N,\N,2019-07-06 03:46:20
OMER,Health Care,Major Pharmaceuticals,761.87,\N,\N,14.56,\N,-0.62,-0.7,-0.81,-0.48,-0.5,\N,\N,\N,2019-07-06 03:46:33
OMCL,Technology,Computer Manufacturing,3560,\N,\N,4.41,\N,0.07,0.16,0.33,0.36,0.08,\N,\N,\N,2019-07-06 03:46:47
ON,Technology,Semiconductors,7930,\N,\N,1.42,\N,0.31,0.35,0.38,0.39,0.27,\N,\N,\N,2019-07-06 03:47:02
OTIV,Technology,Semiconductors,17.39,\N,\N,0.99,\N,-0.01,-0.01,0,0.01,-0.04,\N,\N,\N,2019-07-06 03:47:17
ONCY,Health Care,Major Pharmaceuticals,35.12,\N,\N,\N,\N,\N,\N,\N,\N,\N,\N,\N,could not convert string to float: N/A,\N
ONTX,Health Care,Major Pharmaceuticals,19.68,\N,\N,24.51,\N,-5.1,-1.05,-0.94,-0.85,-1.29,\N,\N,\N,2019-07-06 03:47:32
ONCS,Health Care,Major Pharmaceuticals,27.5,\N,\N,\N,\N,\N,\N,\N,\N,\N,\N,\N,could not convert string to float: N/A,\N
ONCT,Health Care,Major Pharmaceuticals,23.85,\N,\N,8.06,\N,-4.34,-3.01,-2.73,-1.54,-1.68,\N,\N,\N,2019-07-06 03:47:47
OSS,Technology,Computer Manufacturing,25.15,\N,\N,0.77,\N,-0.08,-0.12,0.09,-0.01,-0.07,\N,\N,\N,2019-07-06 03:48:01
OSPN,Technology,EDP Services,555.76,\N,\N,2.54,\N,0.04,-0.03,-0.02,0.1,-0.14,\N,\N,\N,2019-07-06 03:48:16
OSW,Consumer Services,Hotels/Resorts,941.22,\N,\N,\N,\N,\N,\N,\N,\N,\N,\N,\N,,\N
OPBK,Finance,Major Banks,155,\N,\N,2.98,\N,0.22,0.23,0.21,0.23,0.29,\N,\N,\N,2019-07-06 03:48:45
OTEX,Technology,EDP Services,11030,\N,\N,3.93,\N,0.22,0.23,0.13,0.39,0.27,\N,\N,\N,2019-07-06 03:48:59
OPES,Finance,Business Services,152.65,\N,\N,\N,\N,\N,\N,\N,\N,\N,\N,\N,could not convert string to float: N/A,\N
OPGN,Health Care,Medical Specialities,7.38,\N,\N,2.3,\N,-0.75,-0.57,-0.53,-0.47,-0.41,\N,\N,\N,2019-07-06 03:49:15
OPNT,Basic Industries,Precious Metals,52.86,\N,\N,3.04,\N,-3.68,-0.52,-0.32,-2.78,-0.44,\N,\N,\N,2019-07-06 03:49:30
OPK,Health Care,Major Pharmaceuticals,1230,\N,\N,1.54,\N,-0.08,-0.01,-0.05,-0.13,-0.14,\N,\N,\N,2019-07-06 03:49:45
OBAS,Finance,Real Estate,63.9,\N,\N,4.02,\N,-0.13,-0.21,-0.04,-0.16,-0.04,\N,\N,\N,2019-07-06 03:50:15
OCC,Basic Industries,Telecommunications Equipment,29.77,\N,\N,0.37,\N,0.18,0.06,-0.05,-0.44,-0.08,\N,\N,\N,2019-07-06 03:50:30
OPRX,Miscellaneous,Business Services,177.8,\N,\N,8.84,\N,-0.03,0.02,0.02,-0.01,0,\N,\N,\N,2019-07-06 03:50:44
OPHC,Finance,Major Banks,6.66,\N,\N,1.33,\N,-0.24,1.35,-0.13,-0.5,-0.08,\N,\N,\N,2019-07-06 03:50:59
OPTN,Health Care,Major Pharmaceuticals,294.22,\N,\N,26.4,\N,-0.81,-0.64,-0.61,-0.64,-0.7,\N,\N,\N,2019-07-06 03:51:14
ORMP,Health Care,Major Pharmaceuticals,61.7,\N,\N,22.15,\N,-0.2,-0.3,-0.18,-0.25,-0.21,\N,\N,\N,2019-07-06 03:51:29
OSUR,Health Care,Medical/Dental Instruments,540.38,\N,\N,3.36,\N,-0.03,0.07,0.13,0.16,-0.05,\N,\N,\N,2019-07-06 03:51:42
ORBC,Consumer Services,Telecommunications Equipment,568.08,\N,\N,2.28,\N,-0.13,-0.09,-0.04,-0.07,-0.07,\N,\N,\N,2019-07-06 03:51:58
ORTX,Health Care,Biotechnology: Biological Products (No Diagnostic ,1150,\N,\N,\N,\N,\N,\N,\N,\N,\N,\N,\N,,\N
ORLY,Consumer Services,Other Specialty Stores,29310,\N,\N,3.1,\N,3.61,4.28,4.5,3.72,4.05,\N,\N,\N,2019-07-06 03:52:26
OGI,Health Care,Major Pharmaceuticals,947.32,\N,\N,\N,\N,\N,\N,\N,\N,\N,\N,\N,could not convert string to float: N/A,\N
ORGO,Health Care,Major Pharmaceuticals,670.26,\N,\N,3.36,\N,-0.11,-0.09,0.36,-0.12,-0.17,\N,\N,\N,2019-07-06 03:52:41
ONVO,Health Care,Biotechnology: Biological Products (No Diagnostic ,54.98,\N,\N,20.91,\N,-0.07,-0.07,-0.05,-0.06,-0.06,\N,\N,\N,2019-07-06 03:52:55
ORGS,Health Care,Major Pharmaceuticals,68.81,\N,\N,3.65,\N,-0.52,-0.2,-0.35,-0.39,-0.55,\N,\N,\N,2019-07-06 03:53:11
SEED,Consumer Non-Durables,Farming/Seeds/Milling,1.36,\N,\N,\N,\N,\N,\N,\N,\N,\N,\N,\N,could not convert string to float: N/A,\N
OBNK,Finance,Major Banks,783.62,\N,\N,\N,\N,\N,\N,\N,\N,\N,\N,\N,,\N
OESX,Consumer Durables,Building Products,82.59,\N,\N,1.4,\N,-0.05,-0.09,-0.08,-0.02,-0.03,\N,\N,\N,2019-07-06 03:53:41
ORIT,Finance,Major Banks,730.8,\N,\N,7.22,\N,0.3,0.3,0.3,0.31,0.28,\N,\N,\N,2019-07-06 03:53:56
ORRF,Finance,Major Banks,207.75,\N,\N,3.32,\N,0.44,0.48,0.49,0.12,0.33,\N,\N,\N,2019-07-06 03:54:10
OFIX,Health Care,Medical/Dental Instruments,1000,\N,\N,2.14,\N,0.27,0.05,-0.07,0.46,0.05,\N,\N,\N,2019-07-06 03:54:24
KIDS,Health Care,Medical/Dental Instruments,578.74,\N,\N,9.18,\N,-0.41,-0.21,-0.15,-0.19,-0.21,\N,\N,\N,2019-07-06 03:54:38
OSIS,Technology,Semiconductors,2030,\N,\N,1.82,\N,0.13,0.27,0.5,1.03,1.05,\N,\N,\N,2019-07-06 03:54:52
OSMT,Health Care,Major Pharmaceuticals,179.09,\N,\N,\N,\N,\N,\N,\N,\N,\N,\N,\N,,\N
OSN,Basic Industries,Steel/Iron Ore,13.13,\N,\N,0.09,\N,0.06,0.21,0.39,0.01,0.18,\N,\N,\N,2019-07-06 03:55:22
OTEL,Public Utilities,Telecommunications Equipment,52.83,\N,\N,0.78,\N,0.58,0.85,0.67,0.65,0.66,\N,\N,\N,2019-07-06 03:55:35
OTIC,Health Care,Major Pharmaceuticals,78.86,\N,\N,121.6,\N,-0.37,-0.44,-0.41,-0.42,-0.39,\N,\N,\N,2019-07-06 03:56:05
OTTW,Finance,Savings Institutions,44.08,\N,\N,3.97,\N,0.15,0.11,0.18,0.18,0.13,\N,\N,\N,2019-07-06 03:56:20
OTTR,Public Utilities,Electric Utilities: Central,2080,\N,\N,2.28,\N,0.66,0.47,0.58,0.35,0.66,\N,\N,\N,2019-07-06 03:56:35
OTLK,Health Care,Biotechnology: Biological Products (No Diagnostic ,45.3,\N,\N,15.56,\N,-2.72,-2.08,-1.4,-1.04,-0.98,\N,\N,\N,2019-07-06 03:56:49
OSTK,Consumer Services,Catalog/Specialty Distribution,379.57,\N,\N,0.29,\N,-1.74,-2.2,-1.55,-1.39,-1.18,\N,\N,\N,2019-07-06 03:57:03
OVID,Health Care,Major Pharmaceuticals,70.42,\N,\N,\N,\N,\N,\N,\N,\N,\N,\N,\N,could not convert string to float: N/A,\N
OXBR,Finance,Property-Casualty Insurers,7.68,\N,\N,1.67,\N,-0.04,0.05,0.11,-1.13,-0.03,\N,\N,\N,2019-07-06 03:57:19
OXFD,Health Care,Biotechnology: In Vitro & In Vivo Diagnostic Subst,360.21,\N,\N,5.86,\N,-0.4,-0.25,-0.13,5.23,-0.06,\N,\N,\N,2019-07-06 03:57:34
PFIN,Technology,Industrial Machinery/Components,25.86,\N,\N,0.4,\N,0.02,0.08,0.14,-0.01,-0.01,\N,\N,\N,2019-07-06 03:57:49
PTSI,Transportation,Trucking Freight/Courier Services,340.22,\N,\N,0.66,\N,0.22,1.17,1.52,1.01,1.39,\N,\N,\N,2019-07-06 03:58:03
PCAR,Capital Goods,Auto Manufacturing,24730,\N,\N,1.01,\N,1.45,1.59,1.55,1.65,1.81,\N,\N,\N,2019-07-06 03:58:17
PACB,Capital Goods,Biotechnology: Laboratory Analytical Instruments,916.05,\N,\N,12.32,\N,-0.2,-0.17,-0.19,-0.21,-0.2,\N,\N,\N,2019-07-06 03:58:32
PCB,Finance,Major Banks,274.37,\N,\N,3.57,\N,0.46,0.35,0.44,0.41,0.4,\N,\N,\N,2019-07-06 03:58:46
PEIX,Basic Industries,Major Chemicals,38.9,\N,\N,0.03,\N,-0.19,-0.31,-0.18,-0.74,-0.29,\N,\N,\N,2019-07-06 03:59:01
PMBC,Finance,Major Banks,183.19,\N,\N,3.63,\N,0.16,0.65,0.17,0.19,0.04,\N,\N,\N,2019-07-06 03:59:16
PPBI,Finance,Major Banks,1860,\N,\N,4.38,\N,0.6,0.58,0.46,0.63,0.62,\N,\N,\N,2019-07-06 03:59:30
PCRX,Health Care,Major Pharmaceuticals,1800,\N,\N,4.97,\N,-0.26,0.06,-0.02,0.2,-0.07,\N,\N,\N,2019-07-06 03:59:45
PACW,Finance,Major Banks,4540,\N,\N,4.05,\N,0.93,0.92,0.94,0.93,0.92,\N,\N,\N,2019-07-06 03:59:59
PLMR,Finance,Property-Casualty Insurers,547.53,\N,\N,\N,\N,\N,\N,\N,\N,\N,\N,\N,,\N
PAAS,Basic Industries,Precious Metals,2020,\N,\N,3.35,\N,0.31,0.24,-0.06,-0.42,0.19,\N,\N,\N,2019-07-06 04:00:28
PANL,Transportation,Marine Transportation,146.29,\N,\N,0.42,\N,0.1,0.13,0.19,-0.01,0.09,\N,\N,\N,2019-07-06 04:00:55
PZZA,Consumer Services,Restaurants,1360,\N,\N,0.97,\N,0.5,0.36,-0.41,-0.44,-0.12,\N,\N,\N,2019-07-06 04:01:10
PRTK,Health Care,Major Pharmaceuticals,121.88,\N,\N,6.68,\N,-0.91,-0.94,-1.01,-0.71,-1.1,\N,\N,\N,2019-07-06 04:01:24
TEUM,Technology,EDP Services,279.84,\N,\N,5.69,\N,-0.04,0.03,-0.12,-0.06,-0.06,\N,\N,\N,2019-07-06 04:01:40
PCYG,Technology,EDP Services,109.09,\N,\N,4.38,\N,0.02,0.06,0.04,0.08,0.05,\N,\N,\N,2019-07-06 04:01:53
PKBK,Finance,Major Banks,251.46,\N,\N,4.88,\N,0.53,0.56,0.56,0.63,0.65,\N,\N,\N,2019-07-06 04:02:23
PKOH,Capital Goods,Industrial Specialties,395.38,\N,\N,0.25,\N,0.78,1.18,1.14,1.19,0.9,\N,\N,\N,2019-07-06 04:02:38
PTNR,Public Utilities,Telecommunications Equipment,687.12,\N,\N,\N,\N,\N,\N,\N,\N,\N,\N,\N,could not convert string to float: N/A,\N
PBHC,Finance,Major Banks,70.41,\N,\N,2.39,\N,0.24,0.22,0.23,0.26,0.12,\N,\N,\N,2019-07-06 04:02:53
PATK,Basic Industries,Forest Products,1070,\N,\N,0.5,\N,1.2,1.42,1.15,1.15,0.9,\N,\N,\N,2019-07-06 04:03:08
PNBK,Finance,Specialty Insurers,60.08,\N,\N,2.07,\N,0.27,0.26,0.2,0.04,0.08,\N,\N,\N,2019-07-06 04:03:31
PATI,Transportation,Trucking Freight/Courier Services,61.29,\N,\N,0.51,\N,-0.06,0.33,0.19,0.27,0.09,\N,\N,\N,2019-07-06 04:04:12
PEGI,Public Utilities,Electric Utilities: Central,2290,\N,\N,4.63,\N,1.32,0.34,-0.13,-0.15,-0.31,\N,\N,\N,2019-07-06 04:04:38
PDCO,Health Care,Medical Specialities,2300,\N,\N,0.38,\N,0.23,-0.05,0.31,0.33,0.3,\N,\N,\N,2019-07-06 04:04:53
PTEN,Energy,Oil & Gas Production,2460,\N,\N,0.74,\N,-0.16,-0.05,-0.34,-0.93,-0.14,\N,\N,\N,2019-07-06 04:05:07
PAVM,Health Care,Medical/Dental Instruments,36.08,\N,\N,\N,\N,\N,\N,\N,\N,\N,\N,\N,could not convert string to float: N/A,\N
PAYX,Consumer Services,Diversified Commercial Services,30480,\N,\N,8.13,\N,0.72,0.63,0.67,0.65,0.9,\N,\N,\N,2019-07-06 04:05:22
PCTY,Technology,Computer Software: Prepackaged Software,4900,\N,\N,12.04,\N,0.71,-0.03,0.18,0.1,0.51,\N,\N,\N,2019-07-06 04:05:36
PYDS,Finance,Investment Bankers/Brokers/Service,53.08,\N,\N,\N,\N,\N,\N,\N,\N,\N,\N,\N,,\N
PYPL,Miscellaneous,Business Services,134460,\N,\N,8.55,\N,0.42,0.44,0.36,0.49,0.56,\N,\N,\N,2019-07-06 04:05:53
PAYS,Miscellaneous,Business Services,571.06,\N,\N,26.25,\N,0.01,0.02,0.02,0.01,0.02,\N,\N,\N,2019-07-06 04:06:07
PBBI,Finance,Savings Institutions,83.48,\N,\N,4.88,\N,0.13,0.11,0.19,0.15,0.13,\N,\N,\N,2019-07-06 04:06:22
CNXN,Consumer Services,Catalog/Specialty Distribution,890.68,\N,\N,0.34,\N,0.42,0.68,0.51,0.8,0.48,\N,\N,\N,2019-07-06 04:06:36
PCMI,Consumer Services,Catalog/Specialty Distribution,432.58,\N,\N,0.2,\N,0.23,0.64,0.47,0.48,0.35,\N,\N,\N,2019-07-06 04:06:50
PCSB,Finance,Banks,352.88,\N,\N,7.76,\N,0.13,0.16,0.14,0.14,0.12,\N,\N,\N,2019-07-06 04:07:05
PCTI,Technology,Radio And Television Broadcasting And Communicatio,84.35,\N,\N,1.17,\N,-0.05,-0.07,-0.1,-0.53,-0.02,\N,\N,\N,2019-07-06 04:07:19
PDCE,Energy,Oil & Gas Production,2260,\N,\N,1.7,\N,-0.2,-2.43,-0.05,2.71,-1.82,\N,\N,\N,2019-07-06 04:07:33
PDFS,Technology,Computer Software: Prepackaged Software,407.3,\N,\N,5.35,\N,-0.01,-0.07,-0.06,-0.1,-0.08,\N,\N,\N,2019-07-06 04:07:48
PDLI,Health Care,Biotechnology: Biological Products (No Diagnostic ,371.62,\N,\N,3.4,\N,0.01,-0.76,0.18,0.11,0.05,\N,\N,\N,2019-07-06 04:08:03
PDLB,Finance,Savings Institutions,255.19,\N,\N,6.64,\N,0.05,0.04,0.02,0.04,0.04,\N,\N,\N,2019-07-06 04:08:19
PDSB,Health Care,Major Pharmaceuticals,30.18,\N,\N,\N,\N,\N,\N,\N,\N,\N,\N,\N,could not convert string to float: N/A,\N
ATEX,Public Utilities,Telecommunications Equipment,689.14,\N,\N,108.99,\N,-0.61,-0.85,-0.81,-0.57,-0.65,\N,\N,\N,2019-07-06 04:08:50
SKIS,Consumer Services,Hotels/Resorts,58.69,\N,\N,0.4,\N,0.56,-0.87,-0.81,0.66,0.83,\N,\N,\N,2019-07-06 04:09:05
PGC,Finance,Commercial Banks,532.44,\N,\N,3.55,\N,0.57,0.62,0.56,0.55,0.58,\N,\N,\N,2019-07-06 04:09:43
PEGA,Technology,EDP Services,5560,\N,\N,6.58,\N,0.15,-0.13,-0.1,0.2,-0.37,\N,\N,\N,2019-07-06 04:10:09
PENN,Consumer Services,Hotels/Resorts,2100,\N,\N,0.57,\N,0.48,0.57,0.38,-0.37,0.35,\N,\N,\N,2019-07-06 04:10:23
PVAC,Energy,Oil & Gas Production,423.26,\N,\N,0.98,\N,0.68,-0.17,1.06,13.1,-2.56,\N,\N,\N,2019-07-06 04:10:39
PWOD,Finance,Major Banks,190.79,\N,\N,3.61,\N,0.68,0.74,0.82,0.89,0.84,\N,\N,\N,2019-07-06 04:10:53
WRLS,Finance,Business Services,333.43,\N,\N,\N,\N,\N,\N,\N,\N,\N,\N,\N,could not convert string to float: N/A,\N
PEBO,Finance,Major Banks,650.37,\N,\N,3.58,\N,0.64,0.41,0.65,0.71,0.73,\N,\N,\N,2019-07-06 04:11:08
PEBK,Finance,Major Banks,161.87,\N,\N,2.85,\N,0.55,0.53,0.57,0.57,0.61,\N,\N,\N,2019-07-06 04:11:23
PFIS,Finance,Major Banks,311.65,\N,\N,4,\N,0.79,0.81,0.91,0.86,0.87,\N,\N,\N,2019-07-06 04:11:38
PBCT,Finance,Savings Institutions,6520,\N,\N,4.14,\N,0.3,0.31,0.33,0.35,0.3,\N,\N,\N,2019-07-06 04:11:53
PBCTP,Finance,Savings Institutions,263.5,\N,\N,\N,\N,\N,\N,\N,\N,\N,\N,\N,could not convert string to float: ,\N
PUB,Finance,Major Banks,549.01,\N,\N,4.88,\N,0.48,0.55,0.55,0.56,0.55,\N,\N,\N,2019-07-06 04:12:22
KPFS,Consumer Services,Restaurants,354.87,\N,\N,\N,\N,\N,\N,\N,\N,\N,\N,\N,could not convert string to float: N/A,\N
PEP,Consumer Non-Durables,Beverages (Production/Distribution),187580,\N,\N,2.87,\N,0.94,1.28,1.75,4.83,1,\N,\N,\N,2019-07-06 04:12:38
PRCP,Capital Goods,Electronic Components,46.2,\N,\N,0.51,\N,0.11,0.08,0.09,0.16,-0.11,\N,\N,\N,2019-07-06 04:12:52
PRFT,Technology,EDP Services,1110,\N,\N,2.23,\N,0.15,0.17,0.19,0.23,0.22,\N,\N,\N,2019-07-06 04:13:06
DCIX,Transportation,Marine Transportation,24.88,\N,\N,1.21,\N,-0.67,-5.87,-0.61,-0.03,-0.01,\N,\N,\N,2019-07-06 04:13:21
PFMT,Consumer Services,Other Consumer Services,59.53,\N,\N,0.47,\N,0.16,-0.07,-0.15,-0.1,-0.16,\N,\N,\N,2019-07-06 04:13:35
PERI,Technology,EDP Services,74.13,\N,\N,0.31,\N,0,0.04,0.08,0.19,0.05,\N,\N,\N,2019-07-06 04:13:49
PESI,Basic Industries,Environmental Services,47.68,\N,\N,0.95,\N,0.01,0.05,0.02,-0.2,-0.06,\N,\N,\N,2019-07-06 04:14:03
PPIH,Capital Goods,Pollution Control Equipment,71.46,\N,\N,0.57,\N,-0.14,-0.04,-0.02,0.12,-0.19,\N,\N,\N,2019-07-06 04:14:18
PETQ,Health Care,Other Pharmaceuticals,681.8,\N,\N,1.75,\N,-0.14,0.16,0.13,-0.16,0.07,\N,\N,\N,2019-07-06 04:14:32
PETS,Health Care,Medical/Nursing Services,308.3,\N,\N,1.1,\N,0.5,0.62,0.52,0.38,0.32,\N,\N,\N,2019-07-06 04:15:02
PFSW,Miscellaneous,Business Services,73.58,\N,\N,0.32,\N,-0.04,-0.03,-0.04,0.17,-0.06,\N,\N,\N,2019-07-06 04:15:18
PGTI,Capital Goods,Building Products,927.14,\N,\N,1.36,\N,0.14,0.43,0.26,0.18,0.14,\N,\N,\N,2019-07-06 15:13:59
PHAS,Health Care,Major Pharmaceuticals,355.55,\N,\N,\N,\N,\N,\N,\N,\N,\N,\N,\N,,\N
PAHC,Health Care,Major Pharmaceuticals,1240,\N,\N,1.56,\N,0.49,0.55,0.4,0.36,0.37,\N,\N,\N,2019-07-06 04:16:00
PHIO,Health Care,Major Pharmaceuticals,9.17,\N,\N,66.75,\N,-0.9,-0.46,-0.34,-0.1,-0.1,\N,\N,\N,2019-07-06 04:16:14
PLAB,Technology,Semiconductors,534.51,\N,\N,1.06,\N,0.15,0.18,0.18,0.08,0.13,\N,\N,\N,2019-07-06 04:16:29
PHUN,Technology,EDP Services,127.55,\N,\N,\N,\N,\N,\N,\N,\N,\N,\N,\N,,\N
PICO,Finance,Real Estate,232.47,\N,\N,\N,\N,\N,\N,\N,\N,\N,\N,\N,,\N
PIRS,Health Care,Biotechnology: Commercial Physical & Biological Re,226.6,\N,\N,6.84,\N,-0.17,0,-0.11,-0.21,-0.2,\N,\N,\N,2019-07-06 04:17:11
PPC,Consumer Non-Durables,Meat/Poultry/Fish,6280,\N,\N,0.6,\N,0.48,0.43,0.12,-0.03,0.34,\N,\N,\N,2019-07-06 04:17:26
PDD,Miscellaneous,Business Services,23870,\N,\N,\N,\N,\N,\N,\N,\N,\N,\N,\N,could not convert string to float: N/A,\N
PNFP,Finance,Major Banks,4260,\N,\N,4.82,\N,1.08,1.12,1.21,1.23,1.22,\N,\N,\N,2019-07-06 04:17:42
PT,Technology,Computer Software: Programming\, Data Processing,11.95,\N,\N,\N,\N,\N,\N,\N,\N,\N,\N,\N,could not convert string to float: N/A,\N
PPSI,Consumer Durables,Electrical Products,44.42,\N,\N,0.47,\N,-0.07,-0.09,0.01,-0.49,0.65,\N,\N,\N,2019-07-06 04:17:57
PXLW,Technology,Semiconductors,106.62,\N,\N,1.44,\N,-0.02,-0.07,0.01,-0.04,0,\N,\N,\N,2019-07-06 04:18:11
PLYA,Consumer Services,Hotels/Resorts,932.46,\N,\N,1.61,\N,0.2,0.14,-0.04,-0.11,0.33,\N,\N,\N,2019-07-06 04:18:26
PLXS,Technology,Electrical Products,1670,\N,\N,0.59,\N,0.36,0.79,2.2,0.69,0.79,\N,\N,\N,2019-07-06 04:18:39
PLUG,Energy,Industrial Machinery/Components,503.1,\N,\N,3.49,\N,-0.09,-0.12,-0.07,-0.08,-0.15,\N,\N,\N,2019-07-06 04:18:53
PLBC,Finance,Finance Companies,123.53,\N,\N,2.95,\N,0.63,0.66,0.71,0.68,0.73,\N,\N,\N,2019-07-06 04:19:08
PS,Technology,Computer Software: Programming\, Data Processing,2800,\N,\N,17.2,\N,-0.24,-0.19,-0.23,-0.24,-0.25,\N,\N,\N,2019-07-06 04:19:22
PSTI,Health Care,Biotechnology: Biological Products (No Diagnostic ,87.96,\N,\N,\N,\N,\N,\N,\N,\N,\N,\N,\N,invalid literal for float(): 1\,634.35,\N
PLXP,Health Care,Major Pharmaceuticals,52.35,\N,\N,60.96,\N,0.57,-0.41,-0.39,0.34,-2.71,\N,\N,\N,2019-07-06 04:19:37
PNTR,Technology,Radio And Television Broadcasting And Communicatio,122.81,\N,\N,\N,\N,\N,\N,\N,\N,\N,\N,\N,,\N
PCOM,Miscellaneous,Business Services,166.22,\N,\N,0.39,\N,0.16,0.12,0.1,0.15,0.12,\N,\N,\N,2019-07-06 04:20:06
POLA,Miscellaneous,Industrial Machinery/Components,40.67,\N,\N,1.71,\N,-0.03,0.02,-0.07,0,0.01,\N,\N,\N,2019-07-06 04:20:36
PTE,Health Care,Biotechnology: Biological Products (No Diagnostic ,138.59,\N,\N,24.34,\N,-2.31,-1.47,-0.86,-0.96,-1.18,\N,\N,\N,2019-07-06 04:20:51
POOL,Consumer Durables,Industrial Specialties,7330,\N,\N,2.54,\N,0.75,2.8,1.66,0.41,0.8,\N,\N,\N,2019-07-06 04:21:05
POPE,Consumer Non-Durables,Environmental Services,299.85,\N,\N,2.89,\N,1.31,0.04,0.6,-0.41,0.75,\N,\N,\N,2019-07-06 04:21:19
BPOP,Finance,Major Banks,5030,\N,\N,2.51,\N,0.89,2.73,1.38,1.05,1.69,\N,\N,\N,2019-07-06 04:21:34
BPOPN,Finance,Major Banks,321.6,\N,\N,\N,\N,\N,\N,\N,\N,\N,\N,\N,could not convert string to float: N/A,\N
PTLA,Health Care,Major Pharmaceuticals,1750,\N,\N,31.88,\N,-1.28,-1.61,-1.08,-1.34,-1.17,\N,\N,\N,2019-07-06 04:21:49
PPHI,Finance,Property-Casualty Insurers,67.62,\N,\N,\N,\N,\N,\N,\N,\N,\N,\N,\N,,\N
PBPB,Consumer Services,Restaurants,119.24,\N,\N,0.29,\N,-0.09,-0.01,-0.08,-0.17,-0.76,\N,\N,\N,2019-07-06 04:22:17
PCH,Consumer Services,Real Estate Investment Trusts,2560,\N,\N,2.85,\N,0.29,0.73,0.93,0.03,0.1,\N,\N,\N,2019-07-06 04:22:31
POWL,Consumer Durables,Electrical Products,422.36,\N,\N,0.88,\N,-0.29,0.03,0.13,-0.23,0.08,\N,\N,\N,2019-07-06 04:22:45
POWI,Technology,Semiconductors,2130,\N,\N,5.77,\N,0.46,0.51,0.59,0.77,0.25,\N,\N,\N,2019-07-06 04:22:59
PBTS,Technology,EDP Services,30.21,\N,\N,\N,\N,\N,\N,\N,\N,\N,\N,\N,list index out of range,\N
PRAA,Finance,Finance: Consumer Services,1220,\N,\N,1.4,\N,0.47,0.43,0.22,0.33,0.34,\N,\N,\N,2019-07-06 04:23:29
PRAH,Health Care,Biotechnology: Commercial Physical & Biological Re,6300,\N,\N,2.23,\N,0.59,0.64,0.02,1.07,0.66,\N,\N,\N,2019-07-06 04:23:43
PRPO,Capital Goods,Biotechnology: Laboratory Analytical Instruments,17.46,\N,\N,7.03,\N,-7.05,-2.25,-2.55,-3.45,-0.48,\N,\N,\N,2019-07-06 04:23:58
DTIL,Health Care,Biotechnology: Biological Products (No Diagnostic ,664.77,\N,\N,\N,\N,\N,\N,\N,\N,\N,\N,\N,,\N
POAI,Health Care,Industrial Specialties,16.97,\N,\N,17.24,\N,-0.15,-0.2,-0.19,-0.24,-0.21,\N,\N,\N,2019-07-06 04:24:26
PLPC,Basic Industries,Water Supply,267.54,\N,\N,0.68,\N,1.09,1.33,1.76,1.02,0.36,\N,\N,\N,2019-07-06 04:24:41
PFBI,Finance,Major Banks,210.76,\N,\N,3.33,\N,0.38,0.32,0.37,0.39,0.42,\N,\N,\N,2019-07-06 04:24:55
PINC,Consumer Services,Other Consumer Services,2440,\N,\N,1.44,\N,-1.93,-6.17,-12.8,0.69,0.48,\N,\N,\N,2019-07-06 04:25:08
PSDO,Technology,Retail: Computer Software & Peripheral Equipment,1100,\N,\N,0.37,\N,0.01,0.15,0.15,0.07,0.06,\N,\N,\N,2019-07-06 04:25:22
PRGX,Consumer Services,Diversified Commercial Services,143.44,\N,\N,0.92,\N,-0.11,-0.13,0.1,0.34,-0.2,\N,\N,\N,2019-07-06 04:25:35
PSMT,Consumer Services,Department/Specialty Retail Stores,1550,\N,\N,0.49,\N,0.47,0.61,0.62,0.48,0.79,\N,\N,\N,2019-07-06 04:25:49
PNRG,Energy,Oil & Gas Production,269.9,\N,\N,2.21,\N,1.14,-0.27,1.54,2.62,-1.49,\N,\N,\N,2019-07-06 04:26:04
PRMW,Consumer Non-Durables,Food Distributors,490.08,\N,\N,1.73,\N,0.04,0.01,-1.45,0.04,-0.03,\N,\N,\N,2019-07-06 04:26:34
PRIM,Basic Industries,Water Supply,995.73,\N,\N,0.35,\N,0.01,0.23,0.63,0.63,0.04,\N,\N,\N,2019-07-06 04:26:49
PFG,Finance,Accident &Health Insurance,15720,\N,\N,1.07,\N,1.36,1.58,1.59,0.84,1.53,\N,\N,\N,2019-07-06 04:27:03
PRNB,Health Care,Major Pharmaceuticals,815.05,\N,\N,\N,\N,\N,\N,\N,\N,\N,\N,\N,,\N
PRTH,Miscellaneous,Business Services,454.35,\N,\N,1.2,\N,-0.13,-0.15,-0.04,-0.05,-0.1,\N,\N,\N,2019-07-06 04:27:31
PDEX,Health Care,Medical/Dental Instruments,51.86,\N,\N,2.04,\N,0.11,0.04,0.31,0.28,0.17,\N,\N,\N,2019-07-06 04:27:46
IPDN,Technology,Computer Software: Programming\, Data Processing,12.56,\N,\N,1.56,\N,-0.48,-0.46,-1.49,-0.78,-0.23,\N,\N,\N,2019-07-06 04:28:01
PFIE,Energy,Metal Fabrications,73.83,\N,\N,1.73,\N,0.04,0.03,0.03,0.01,0.03,\N,\N,\N,2019-07-06 04:28:14
PGNX,Health Care,Major Pharmaceuticals,471.61,\N,\N,30.33,\N,-0.19,-0.2,-0.3,-0.17,-0.22,\N,\N,\N,2019-07-06 04:28:28
PRGS,Technology,Computer Software: Prepackaged Software,1760,\N,\N,4.55,\N,0.27,0.33,0.37,0.41,0.21,\N,\N,\N,2019-07-06 04:28:43
PFPT,Technology,EDP Services,6190,\N,\N,9.16,\N,-0.24,-0.67,-0.69,-0.39,-0.51,\N,\N,\N,2019-07-06 04:28:58
PRPH,Health Care,Major Pharmaceuticals,29.25,\N,\N,1.94,\N,0,-0.02,-0.09,-0.04,-0.09,\N,\N,\N,2019-07-06 04:29:12
PRQR,Health Care,Major Pharmaceuticals,362.86,\N,\N,\N,\N,\N,\N,\N,\N,\N,\N,\N,could not convert string to float: N/A,\N
PTGX,Health Care,Major Pharmaceuticals,270.22,\N,\N,13.84,\N,-0.36,-0.41,-0.38,-0.57,-0.58,\N,\N,\N,2019-07-06 04:29:27
PTVCA,Finance,Property-Casualty Insurers,249.77,\N,\N,0.61,\N,0.02,0.17,-0.82,-1.65,0.18,\N,\N,\N,2019-07-06 04:29:41
PTVCB,Finance,Property-Casualty Insurers,252.41,\N,\N,0.57,\N,0.02,0.17,-0.82,-1.65,0.18,\N,\N,\N,2019-07-06 04:29:58
PRTO,Health Care,Biotechnology: Biological Products (No Diagnostic ,8.46,\N,\N,\N,\N,\N,\N,\N,\N,\N,\N,\N,could not convert string to float: N/A,\N
PTI,Health Care,Major Pharmaceuticals,52.12,\N,\N,7.32,\N,-0.32,-0.43,-0.5,-0.35,-0.28,\N,\N,\N,2019-07-06 04:30:13
PRTA,Health Care,Major Pharmaceuticals,393.46,\N,\N,423.64,\N,-1.26,-1.5,-0.62,-0.56,-0.52,\N,\N,\N,2019-07-06 04:30:29
PRVB,Health Care,Major Pharmaceuticals,454.32,\N,\N,\N,\N,\N,\N,\N,\N,\N,\N,\N,could not convert string to float: N/A,\N
PVBC,Finance,Savings Institutions,257.78,\N,\N,7.01,\N,0.22,0.26,0.22,0.3,0.24,\N,\N,\N,2019-07-06 04:30:44
PROV,Finance,Savings Institutions,154.97,\N,\N,2.94,\N,0.23,0.18,0.24,0.26,-0.02,\N,\N,\N,2019-07-06 04:30:59
PBIP,Finance,Banks,149.69,\N,\N,6.12,\N,0.24,0.26,0.27,0.22,0.26,\N,\N,\N,2019-07-06 04:31:14
PMD,Health Care,Medical Specialities,55.6,\N,\N,1.36,\N,0.23,0.21,0.23,0.16,0.11,\N,\N,\N,2019-07-06 04:31:28
PTC,Technology,Computer Software: Prepackaged Software,9900,\N,\N,8.53,\N,0.07,0.14,0.11,0.18,-0.37,\N,\N,\N,2019-07-06 04:31:43
PTCT,Health Care,Major Pharmaceuticals,2460,\N,\N,9.82,\N,-0.46,-0.21,-1.06,-0.96,-1.29,\N,\N,\N,2019-07-06 04:32:13
PHCF,Finance,Investment Managers,32.45,\N,\N,\N,\N,\N,\N,\N,\N,\N,\N,\N,list index out of range,\N
PULM,Health Care,Major Pharmaceuticals,17.29,\N,\N,\N,\N,\N,\N,\N,\N,\N,\N,\N,,\N
PLSE,Health Care,Medical/Dental Instruments,267.99,\N,\N,\N,\N,\N,\N,\N,\N,\N,\N,\N,could not convert string to float: N/A,\N
PBYI,Health Care,Major Pharmaceuticals,493.08,\N,\N,1.66,\N,-0.65,-1.17,-0.37,-0.8,-0.26,\N,\N,\N,2019-07-06 04:33:03
PACQ,Finance,Business Services,525.27,\N,\N,\N,\N,\N,\N,\N,\N,\N,\N,\N,could not convert string to float: N/A,\N
PCYO,Public Utilities,Water Supply,243.49,\N,\N,23.46,\N,0,0,0.02,0.03,0,\N,\N,\N,2019-07-06 04:33:30
PRPL,Consumer Durables,Home Furnishings,375.54,\N,\N,1.16,\N,-0.17,-0.09,-0.09,-0.12,-0.02,\N,\N,\N,2019-07-06 04:33:56
PUYI,Finance,Investment Managers,525.34,\N,\N,\N,\N,\N,\N,\N,\N,\N,\N,\N,could not convert string to float: N/A,\N
PXS,Transportation,Marine Transportation,21.9,\N,\N,0.8,\N,0.03,-0.06,-0.2,-0.16,-0.11,\N,\N,\N,2019-07-06 04:34:11
QADA,Technology,Computer Software: Prepackaged Software,773.75,\N,\N,2.45,\N,0.07,0.05,0.14,0.24,-0.17,\N,\N,\N,2019-07-06 04:34:26
QADB,Technology,Computer Software: Prepackaged Software,574.42,\N,\N,2.38,\N,0.07,0.05,0.14,0.24,-0.17,\N,\N,\N,2019-07-06 04:34:41
QCRH,Finance,Major Banks,527.43,\N,\N,3.04,\N,0.74,0.73,0.55,0.84,0.81,\N,\N,\N,2019-07-06 04:34:56
QGEN,Health Care,Biotechnology: Biological Products (No Diagnostic ,9160,\N,\N,6.06,\N,0.14,0.16,0.26,0.26,0.13,\N,\N,\N,2019-07-06 15:27:30
QIWI,Miscellaneous,Business Services,1240,\N,\N,\N,\N,\N,\N,\N,\N,\N,\N,\N,could not convert string to float: N/A,\N
QRVO,Technology,Semiconductors,7560,\N,\N,2.66,\N,-0.1,-0.24,0.25,0.55,0.5,\N,\N,\N,2019-07-06 04:35:29
QCOM,Technology,Radio And Television Broadcasting And Communicatio,88200,\N,\N,4.38,\N,0.24,0.82,-0.35,0.87,0.55,\N,\N,\N,2019-07-06 04:35:44
QBAK,Technology,Electronic Components,11.58,\N,\N,0.91,\N,0.28,0.23,0.2,0.01,0.07,\N,\N,\N,2019-07-06 04:35:58
QLYS,Technology,Computer Software: Prepackaged Software,3360,\N,\N,11.96,\N,0.22,0.24,0.56,0.35,0.32,\N,\N,\N,2019-07-06 04:36:11
QTRX,Capital Goods,Biotechnology: Laboratory Analytical Instruments,817.59,\N,\N,18.47,\N,-0.33,-0.34,-0.35,-0.4,-0.42,\N,\N,\N,2019-07-06 04:36:25
QTRH,Miscellaneous,Multi-Sector Companies,124.74,\N,\N,1.34,\N,-0.1,-0.07,-0.08,-0.17,0,\N,\N,\N,2019-07-06 04:36:42
QRHC,Technology,Diversified Commercial Services,42.98,\N,\N,0.41,\N,-0.09,-0.04,-0.04,0.01,-0.01,\N,\N,\N,2019-07-06 04:36:58
QUIK,Technology,Semiconductors,68.46,\N,\N,5.19,\N,-0.05,-0.04,-0.03,-0.03,-0.04,\N,\N,\N,2019-07-06 04:37:14
QDEL,Health Care,Biotechnology: In Vitro & In Vivo Diagnostic Subst,2340,\N,\N,4.64,\N,0.86,-0.08,0.27,0.78,0.6,\N,\N,\N,2019-07-06 04:37:28
QNST,Miscellaneous,Business Services,799.93,\N,\N,1.79,\N,0.14,0.1,0.1,1,0.02,\N,\N,\N,2019-07-06 04:37:42
QUMU,Technology,Computer Software: Prepackaged Software,36.32,\N,\N,1.61,\N,-0.48,-0.16,0.25,-0.05,-0.1,\N,\N,\N,2019-07-06 04:38:12
QTNT,Health Care,Biotechnology: In Vitro & In Vivo Diagnostic Subst,616.13,\N,\N,21.28,\N,-0.44,-0.55,-0.53,-0.46,-0.41,\N,\N,\N,2019-07-06 04:38:27
QRTEA,Consumer Services,Catalog/Specialty Distribution,5270,\N,\N,0.4,\N,0.3,0.4,0.16,0.6,0.13,\N,\N,\N,2019-07-06 04:38:42
QRTEB,Consumer Services,Catalog/Specialty Distribution,5280,\N,\N,0.39,\N,0.3,0.4,0.16,0.6,0.13,\N,\N,\N,2019-07-06 04:38:56
RRD,Miscellaneous,Publishing,145.14,\N,\N,0.02,\N,-0.14,-0.18,0.49,-0.32,-0.12,\N,\N,\N,2019-07-06 15:29:51
RCM,Consumer Services,Other Consumer Services,1360,\N,\N,1.46,\N,-0.26,-0.07,-0.17,-0.1,-0.04,\N,\N,\N,2019-07-06 04:39:24
RARX,Health Care,Major Pharmaceuticals,1150,\N,\N,549.43,\N,-0.61,-0.49,-0.51,-0.46,-0.45,\N,\N,\N,2019-07-06 04:39:39
RADA,Technology,Electronic Components,122.58,\N,\N,\N,\N,\N,\N,\N,\N,\N,\N,\N,,\N
RDCM,Technology,Computer peripheral equipment,109.9,\N,\N,3.82,\N,0.02,0.06,0.05,-0.3,-0.23,\N,\N,\N,2019-07-06 04:40:07
RDUS,Health Care,Major Pharmaceuticals,1070,\N,\N,9.59,\N,-1.37,-1.52,-1.09,-0.9,-0.94,\N,\N,\N,2019-07-06 04:40:21
RDNT,Health Care,Medical Specialities,667.07,\N,\N,0.68,\N,-0.15,0.11,0.1,0.6,-0.08,\N,\N,\N,2019-07-06 04:40:36
RDWR,Miscellaneous,Business Services,1150,\N,\N,4.79,\N,-0.02,0.04,0.06,0.16,0.09,\N,\N,\N,2019-07-06 04:40:50
METC,Energy,Coal Mining,200.08,\N,\N,0.95,\N,0.13,0.25,0.15,0.08,0.17,\N,\N,\N,2019-07-06 04:41:05
RMBS,Technology,Semiconductors,1270,\N,\N,5.74,\N,-0.33,-0.14,-0.97,-0.02,-0.24,\N,\N,\N,2019-07-06 04:41:19
RAND,Consumer Non-Durables,Textiles,15.96,\N,\N,7.03,\N,-0.08,-0.1,-0.03,0.15,0.07,\N,\N,\N,2019-07-06 04:41:34
RNDB,Finance,Major Banks,88.4,\N,\N,2.84,\N,-0.13,-0.18,-0.03,-0.04,-0.01,\N,\N,\N,2019-07-06 04:41:48
RPD,Technology,Computer Software: Prepackaged Software,2610,\N,\N,10.69,\N,-0.36,-0.31,-0.25,-0.27,-0.24,\N,\N,\N,2019-07-06 04:42:02
RTLR,Public Utilities,Natural Gas Distribution,2920,\N,\N,\N,\N,\N,\N,\N,\N,\N,\N,\N,,\N
RAVE,Consumer Non-Durables,Food Distributors,42.05,\N,\N,3.68,\N,-0.03,0.24,0.01,0.02,-0.02,\N,\N,\N,2019-07-06 04:42:31
RAVN,Capital Goods,Specialty Chemicals,1230,\N,\N,3.28,\N,0.61,0.38,0.36,0.08,0.36,\N,\N,\N,2019-07-06 04:42:45
RBB,Finance,Major Banks,395.66,\N,\N,4.01,\N,0.52,0.54,0.48,0.5,0.51,\N,\N,\N,2019-07-06 04:43:00
ROLL,Capital Goods,Metal Fabrications,4060,\N,\N,5.88,\N,1.09,1.12,1.22,0.65,1.27,\N,\N,\N,2019-07-06 04:43:14
RICK,Consumer Services,Restaurants,170.46,\N,\N,0.98,\N,1.47,0.48,0.55,-0.27,0.65,\N,\N,\N,2019-07-06 04:43:28
RCMT,Technology,Professional Services,42.73,\N,\N,0.22,\N,0.09,0.03,0.06,0.05,0.11,\N,\N,\N,2019-07-06 04:43:42
RDI,Consumer Services,Movies/Entertainment,292.78,\N,\N,1.09,\N,0.13,0.22,0.06,0.21,-0.09,\N,\N,\N,2019-07-06 04:43:57
RDIB,Consumer Services,Movies/Entertainment,533.88,\N,\N,1.11,\N,0.13,0.22,0.06,0.21,-0.09,\N,\N,\N,2019-07-06 04:44:27
RLM,Health Care,Major Pharmaceuticals,13.1,\N,\N,\N,\N,\N,\N,\N,\N,\N,\N,\N,list index out of range,\N
RNWK,Technology,EDP Services,72.47,\N,\N,0.75,\N,-0.14,-0.18,-0.16,-0.18,0.04,\N,\N,\N,2019-07-06 04:44:54
RP,Technology,Computer Software: Prepackaged Software,5390,\N,\N,6.33,\N,0.13,0.09,0.09,0.07,0.12,\N,\N,\N,2019-07-06 04:45:09
RETA,Health Care,Major Pharmaceuticals,2550,\N,\N,96.75,\N,0.15,-1.08,-1.07,-0.86,-0.98,\N,\N,\N,2019-07-06 04:45:23
RCON,Energy,Oilfield Services/Equipment,16.95,\N,\N,\N,\N,\N,\N,\N,\N,\N,\N,\N,could not convert string to float: N/A,\N
REPH,Health Care,Major Pharmaceuticals,218.46,\N,\N,2.82,\N,-0.65,-0.62,-0.64,-1.92,-0.1,\N,\N,\N,2019-07-06 04:45:40
RRBI,Finance,Major Banks,352.24,\N,\N,\N,\N,\N,\N,\N,\N,\N,\N,\N,could not convert string to float: ,\N
RRGB,Consumer Services,Restaurants,403.9,\N,\N,0.29,\N,0.34,-0.14,0.13,-0.82,0.05,\N,\N,\N,2019-07-06 04:46:09
RRR,Consumer Services,Hotels/Resorts,2390,\N,\N,1.49,\N,0.65,0.82,0.2,0.11,0.16,\N,\N,\N,2019-07-06 04:46:24
RDVT,Technology,Computer Software: Prepackaged Software,127.45,\N,\N,6.49,\N,-0.2,-0.15,-0.12,-0.2,-0.13,\N,\N,\N,2019-07-06 04:46:39
RDFN,Finance,Real Estate,1580,\N,\N,3.13,\N,-0.44,0.04,0.04,-0.14,-0.74,\N,\N,\N,2019-07-06 04:46:54
RDHL,Health Care,Major Pharmaceuticals,140.39,\N,\N,24.54,\N,-0.5,-0.5,-0.4,-0.3,-0.3,\N,\N,\N,2019-07-06 04:47:08
RBZ,Consumer Services,Catalog/Specialty Distribution,19.83,\N,\N,\N,\N,\N,\N,\N,\N,\N,\N,\N,list index out of range,\N
REED,Consumer Non-Durables,Beverages (Production/Distribution),111.75,\N,\N,3.27,\N,-0.06,-0.13,-0.1,-0.1,-0.11,\N,\N,\N,2019-07-06 04:47:37
REG,Consumer Services,Real Estate Investment Trusts,11390,\N,\N,9.66,\N,0.31,0.28,0.41,0.46,0.54,\N,\N,\N,2019-07-06 04:47:50
REGN,Health Care,Major Pharmaceuticals,34310,\N,\N,4.83,\N,4.16,4.82,5.17,7.15,3.99,\N,\N,\N,2019-07-06 04:48:05
RGNX,Health Care,Biotechnology: Biological Products (No Diagnostic ,1840,\N,\N,20.05,\N,3.04,0.3,-0.56,0.11,-0.89,\N,\N,\N,2019-07-06 04:48:20
RGLS,Health Care,Major Pharmaceuticals,24.86,\N,\N,4.14,\N,-1.8,-1.56,-1.18,-0.98,-0.31,\N,\N,\N,2019-07-06 04:48:35
REKR,Capital Goods,Telecommunications Equipment,36.99,\N,\N,0.75,\N,-0.16,-0.07,-0.05,-0.13,-0.17,\N,\N,\N,2019-07-06 04:48:49
RBNC,Finance,Major Banks,257.64,\N,\N,4.29,\N,0.33,0.19,0.36,0.36,0.33,\N,\N,\N,2019-07-06 04:49:04
RELV,Health Care,Major Pharmaceuticals,7.96,\N,\N,0.21,\N,-0.13,-0.53,-0.29,-0.08,0.36,\N,\N,\N,2019-07-06 04:49:19
MARK,Consumer Services,Telecommunications Equipment,37.72,\N,\N,0.46,\N,-0.43,0.1,-0.11,-0.19,-0.23,\N,\N,\N,2019-07-06 04:49:34
RNST,Finance,Major Banks,2040,\N,\N,3.78,\N,0.68,0.74,0.61,0.76,0.77,\N,\N,\N,2019-07-06 04:49:48
REGI,Basic Industries,Major Chemicals,595.13,\N,\N,0.27,\N,5.3,0.78,0.53,0.28,-1.16,\N,\N,\N,2019-07-06 04:50:02
RCII,Technology,Diversified Commercial Services,1370,\N,\N,0.56,\N,-0.37,0.25,0.24,0.03,0.13,\N,\N,\N,2019-07-06 04:50:32
RGEN,Health Care,Biotechnology: Biological Products (No Diagnostic ,3860,\N,\N,19.32,\N,0.08,0.06,0.1,0.12,0.17,\N,\N,\N,2019-07-06 04:50:46
REPL,Health Care,Biotechnology: Biological Products (No Diagnostic ,452.87,\N,\N,\N,\N,\N,\N,\N,\N,\N,\N,\N,could not convert string to float: N/A,\N
RBCAA,Finance,Major Banks,995.21,\N,\N,4.11,\N,1.32,0.74,1.59,0.83,1.41,\N,\N,\N,2019-07-06 04:51:02
FRBK,Finance,Major Banks,277.15,\N,\N,3.06,\N,0.03,0.04,0.04,0.04,0.01,\N,\N,\N,2019-07-06 04:51:17
REFR,Miscellaneous,Multi-Sector Companies,104.13,\N,\N,70.22,\N,-0.03,-0.02,-0.03,-0.02,-0.03,\N,\N,\N,2019-07-06 04:51:33
RESN,Technology,Semiconductors,60.11,\N,\N,121.61,\N,-0.28,-0.22,-0.23,-0.25,-0.26,\N,\N,\N,2019-07-06 04:51:47
RECN,Miscellaneous,Business Services,504.96,\N,\N,0.7,\N,0.14,0.12,0.18,0.33,0.18,\N,\N,\N,2019-07-06 04:52:01
HAIR,Health Care,Medical/Dental Instruments,24.11,\N,\N,1.06,\N,-0.26,-0.21,-0.2,-0.2,-0.18,\N,\N,\N,2019-07-06 04:52:16
TORC,Health Care,Major Pharmaceuticals,356.72,\N,\N,\N,\N,\N,\N,\N,\N,\N,\N,\N,could not convert string to float: N/A,\N
ROIC,Consumer Services,Real Estate Investment Trusts,1960,\N,\N,6.73,\N,0.09,0.06,0.12,0.09,0.12,\N,\N,\N,2019-07-06 04:52:31
RETO,Capital Goods,Industrial Machinery/Components,23.44,\N,\N,\N,\N,\N,\N,\N,\N,\N,\N,\N,list index out of range,\N
RTRX,Health Care,Major Pharmaceuticals,829.62,\N,\N,4.87,\N,-0.46,-0.56,-1.34,-0.18,-0.99,\N,\N,\N,2019-07-06 04:52:59
RVNC,Health Care,Major Pharmaceuticals,534.68,\N,\N,147.34,\N,-0.97,-0.94,-0.91,-1.12,-0.85,\N,\N,\N,2019-07-06 04:53:13
RVEN,Consumer Services,Real Estate Investment Trusts,42.5,\N,\N,4.42,\N,-0.03,-0.09,-0.11,-0.06,-0.07,\N,\N,\N,2019-07-06 04:53:28
RVLT,Consumer Durables,Building Products,6.82,\N,\N,0.04,\N,-0.03,-0.12,-2.2,-0.1,-0.1,\N,\N,\N,2019-07-06 04:53:42
RWLK,Health Care,Industrial Specialties,26.69,\N,\N,4.22,\N,-5.25,-4.5,-3.25,-2.5,-1.25,\N,\N,\N,2019-07-06 04:53:56
REXN,Health Care,Major Pharmaceuticals,22.55,\N,\N,\N,\N,\N,\N,\N,\N,\N,\N,\N,could not convert string to float: N/A,\N
RFIL,Capital Goods,Electrical Products,73.38,\N,\N,1.59,\N,0.34,0.18,0.04,0.07,0.11,\N,\N,\N,2019-07-06 04:54:11
RGCO,Public Utilities,Oil & Gas Production,225.77,\N,\N,3.58,\N,0.47,0.14,0.09,0.3,0.58,\N,\N,\N,2019-07-06 04:54:24
RBKB,Finance,Banks,120.91,\N,\N,\N,\N,\N,\N,\N,\N,\N,\N,\N,,\N
RYTM,Health Care,Major Pharmaceuticals,736.85,\N,\N,\N,\N,\N,\N,\N,\N,\N,\N,\N,could not convert string to float: N/A,\N
RBBN,Technology,EDP Services,522.42,\N,\N,0.94,\N,-0.44,-0.2,-0.1,-0.02,-0.29,\N,\N,\N,2019-07-06 04:54:54
RIBT,Consumer Non-Durables,Packaged Foods,97.11,\N,\N,6.16,\N,-0.11,-0.11,-0.07,-0.09,-0.11,\N,\N,\N,2019-07-06 04:55:07
RELL,Technology,Electronic Components,70.62,\N,\N,0.43,\N,0.04,0.13,0.03,-0.02,-0.08,\N,\N,\N,2019-07-06 04:55:20
RIGL,Health Care,Major Pharmaceuticals,371.17,\N,\N,7.49,\N,-0.17,-0.16,-0.14,0.02,-0.11,\N,\N,\N,2019-07-06 04:55:50
RNET,Consumer Services,Telecommunications Equipment,173.65,\N,\N,0.86,\N,-0.31,-0.23,-0.15,-2.62,-0.63,\N,\N,\N,2019-07-06 04:56:06
RMNI,Miscellaneous,Business Services,338.59,\N,\N,1.32,\N,0.05,-0.43,-0.85,-0.06,0.07,\N,\N,\N,2019-07-06 04:56:20
RIOT,Health Care,Biotechnology: In Vitro & In Vivo Diagnostic Subst,52.66,\N,\N,5.37,\N,-1.35,-1.81,-0.46,-0.77,-0.94,\N,\N,\N,2019-07-06 04:56:35
REDU,Consumer Services,Other Consumer Services,528.5,\N,\N,\N,\N,\N,\N,\N,\N,\N,\N,\N,could not convert string to float: N/A,\N
RTTR,Health Care,Major Pharmaceuticals,9.95,\N,\N,\N,\N,\N,\N,\N,\N,\N,\N,\N,could not convert string to float: N/A,\N
RVSB,Finance,Savings Institutions,181.66,\N,\N,3.31,\N,0.13,0.2,0.19,0.19,0.19,\N,\N,\N,2019-07-06 04:56:51
RIVE,Finance,Major Banks,100.43,\N,\N,1.83,\N,0.31,0.31,0.3,0.27,-0.08,\N,\N,\N,2019-07-06 04:57:05
RCKT,Health Care,Major Pharmaceuticals,775.97,\N,\N,\N,\N,\N,\N,\N,\N,\N,\N,\N,could not convert string to float: N/A,\N
RMTI,Health Care,Biotechnology: Electromedical & Electrotherapeutic,199.25,\N,\N,3,\N,-0.13,-0.24,-0.1,-0.17,-0.15,\N,\N,\N,2019-07-06 04:57:21
RCKY,Consumer Non-Durables,Shoe Manufacturing,193.94,\N,\N,0.8,\N,0.44,0.35,0.67,0.48,0.48,\N,\N,\N,2019-07-06 04:57:36
RMCF,Consumer Non-Durables,Specialty Foods,49.25,\N,\N,1.47,\N,0.08,0.1,0.13,0.09,0.06,\N,\N,\N,2019-07-06 04:57:50
ROKU,Consumer Services,Television Services,10560,\N,\N,13.61,\N,-0.07,0,-0.09,0.05,-0.09,\N,\N,\N,2019-07-06 04:58:04
ROSE,Energy,Oil & Gas Production,158.69,\N,\N,0.51,\N,-0.22,-0.32,-4.76,2.35,-2.75,\N,\N,\N,2019-07-06 04:58:18
ROST,Consumer Services,Clothing/Shoe/Accessory Stores,37020,\N,\N,2.42,\N,1.11,1.04,0.91,1.2,1.15,\N,\N,\N,2019-07-06 04:58:33
RGLD,Basic Industries,Precious Metals,6630,\N,\N,16.18,\N,-2.35,0.41,0.23,0.36,0.44,\N,\N,\N,2019-07-06 04:58:48
RTIX,Health Care,Industrial Specialties,318.5,\N,\N,1.11,\N,-0.03,-0.1,0.04,0.03,-0.14,\N,\N,\N,2019-07-06 04:59:02
RBCN,Technology,Semiconductors,22.43,\N,\N,6,\N,-0.01,0.05,0.26,0.05,0.02,\N,\N,\N,2019-07-06 04:59:16
RUBY,Health Care,Biotechnology: Biological Products (No Diagnostic ,1170,\N,\N,\N,\N,\N,\N,\N,\N,\N,\N,\N,could not convert string to float: N/A,\N
RUHN,Consumer Services,Catalog/Specialty Distribution,256.42,\N,\N,\N,\N,\N,\N,\N,\N,\N,\N,\N,could not convert string to float: N/A,\N
RMBL,Technology,EDP Services,93.33,\N,\N,0.28,\N,-0.28,-0.36,-0.47,-0.57,-0.4,\N,\N,\N,2019-07-06 04:59:32
RUSHA,Consumer Durables,Automotive Aftermarket,1310,\N,\N,0.24,\N,0.51,0.72,1.03,1.2,0.98,\N,\N,\N,2019-07-06 04:59:46
RUSHB,Consumer Durables,Automotive Aftermarket,1320,\N,\N,0.24,\N,0.51,0.72,1.03,1.2,0.98,\N,\N,\N,2019-07-06 05:00:00
RUTH,Consumer Services,Restaurants,690.67,\N,\N,1.52,\N,0.45,0.32,0.12,0.49,0.47,\N,\N,\N,2019-07-06 05:00:15
RYAAY,Transportation,Air Freight/Delivery Services,14030,\N,\N,\N,\N,\N,\N,\N,\N,\N,\N,\N,could not convert string to float: N/A,\N
STBA,Finance,Major Banks,1260,\N,\N,4.99,\N,0.75,0.61,0.88,0.77,0.66,\N,\N,\N,2019-07-06 05:00:46
SANW,Consumer Non-Durables,Farming/Seeds/Milling,85.89,\N,\N,1.29,\N,0.07,-0.18,0,-0.09,-0.1,\N,\N,\N,2019-07-06 05:01:01
SBRA,Consumer Services,Real Estate Investment Trusts,3460,\N,\N,\N,\N,\N,\N,\N,\N,\N,\N,\N,,\N
SABR,Technology,Computer Software: Programming\, Data Processing,6210,\N,\N,\N,\N,\N,\N,\N,\N,\N,\N,\N,,\N
SAEX,Energy,Oil & Gas Production,13.99,\N,\N,\N,\N,\N,\N,\N,\N,\N,\N,\N,,\N
SFET,Technology,Computer Software: Prepackaged Software,4.38,\N,\N,3.33,\N,-4,-4,-4.8,-2,-0.8,\N,\N,\N,2019-07-06 05:01:38
SAFT,Finance,Property-Casualty Insurers,1460,\N,\N,1.76,\N,0.6,1.75,1.88,1.19,1.95,\N,\N,\N,2019-07-06 05:01:52
SGA,Consumer Services,Broadcasting,169.81,\N,\N,1.51,\N,0.26,0.7,0.62,0.72,0.23,\N,\N,\N,2019-07-06 05:02:06
SAGE,Health Care,Major Pharmaceuticals,9110,\N,\N,99.82,\N,-1.68,-0.36,-2.63,-3.38,-3.37,\N,\N,\N,2019-07-06 05:02:20
SAIA,Transportation,Trucking Freight/Courier Services,1530,\N,\N,1,\N,0.8,1.15,1.07,0.97,0.85,\N,\N,\N,2019-07-06 05:02:35
SALM,Consumer Services,Broadcasting,62.85,\N,\N,0.24,\N,0.03,-0.08,0.05,-0.12,0.01,\N,\N,\N,2019-07-06 05:02:49
SAL,Finance,Savings Institutions,109.85,\N,\N,2.72,\N,0.72,0.68,0.83,0.91,0.86,\N,\N,\N,2019-07-06 05:03:02
SAFM,Consumer Non-Durables,Meat/Poultry/Fish,2900,\N,\N,0.97,\N,1.84,0.5,-1.95,-0.82,1.83,\N,\N,\N,2019-07-06 05:03:16
SASR,Finance,Major Banks,1200,\N,\N,3.99,\N,0.61,0.68,0.82,0.72,0.85,\N,\N,\N,2019-07-06 05:03:31
SGMO,Health Care,Biotechnology: Biological Products (No Diagnostic ,1120,\N,\N,15.84,\N,-0.23,-0.17,-0.13,-0.18,-0.41,\N,\N,\N,2019-07-06 05:03:46
SANM,Technology,Electrical Products,2020,\N,\N,0.26,\N,0.33,0.47,0.01,0.54,0.57,\N,\N,\N,2019-07-06 05:04:00
SNY,Health Care,Major Pharmaceuticals,108550,\N,\N,\N,\N,\N,\N,\N,\N,\N,\N,\N,could not convert string to float: N/A,\N
SPNS,Technology,Computer Software: Prepackaged Software,814.21,\N,\N,2.76,\N,0.13,0.04,0.15,0.07,0.17,\N,\N,\N,2019-07-06 05:04:15
SRPT,Health Care,Major Pharmaceuticals,9210,\N,\N,34.37,\N,-0.55,-1.67,-1.15,-2.05,-1.07,\N,\N,\N,2019-07-06 05:04:30
SVRA,Health Care,Major Pharmaceuticals,92.04,\N,\N,\N,\N,\N,\N,\N,\N,\N,\N,\N,could not convert string to float: N/A,\N
SBFG,Finance,Major Banks,106.48,\N,\N,2.14,\N,0.35,0.4,0.39,0.37,0.28,\N,\N,\N,2019-07-06 05:04:45
SBFGP,Finance,Major Banks,0.241719,\N,\N,\N,\N,\N,\N,\N,\N,\N,\N,\N,could not convert string to float: ,\N
SBBX,Finance,Major Banks,211.11,\N,\N,3.74,\N,0.17,0.38,0.41,0.29,0.62,\N,\N,\N,2019-07-06 05:05:14
SBAC,Consumer Services,Real Estate Investment Trusts,25860,\N,\N,13.63,\N,0.27,-0.5,0.14,0.5,0.23,\N,\N,\N,2019-07-06 05:05:30
SCSC,Technology,Retail: Computer Software & Peripheral Equipment,830.81,\N,\N,0.22,\N,0.42,0.4,0.56,0.78,0.45,\N,\N,\N,2019-07-06 05:05:45
SMIT,Capital Goods,Industrial Machinery/Components,9.03,\N,\N,0.65,\N,0,0.06,-0.05,-0.06,-0.12,\N,\N,\N,2019-07-06 05:06:14
SCHN,Consumer Durables,Industrial Specialties,656.29,\N,\N,0.3,\N,1.31,2.09,0.57,0.46,0.56,\N,\N,\N,2019-07-06 05:06:27
SRRK,Health Care,Biotechnology: Biological Products (No Diagnostic ,392.08,\N,\N,153.71,\N,-0.5,-1.39,-0.44,-0.57,-0.42,\N,\N,\N,2019-07-06 05:06:42
SCHL,Consumer Services,Books,1160,\N,\N,0.69,\N,-1.41,1.43,-1.75,1.99,-0.36,\N,\N,\N,2019-07-06 05:06:57
SAMA,Finance,Business Services,160.88,\N,\N,\N,\N,\N,\N,\N,\N,\N,\N,\N,could not convert string to float: N/A,\N
SGMS,Technology,EDP Services,1700,\N,\N,0.58,\N,-2.24,-0.06,-3.85,2.21,-0.26,\N,\N,\N,2019-07-06 05:07:12
SCPL,Technology,EDP Services,1710,\N,\N,\N,\N,\N,\N,\N,\N,\N,\N,\N,could not convert string to float: ,\N
SCPH,Health Care,Major Pharmaceuticals,55.18,\N,\N,\N,\N,\N,\N,\N,\N,\N,\N,\N,could not convert string to float: N/A,\N
WORX,Consumer Services,Services-Misc. Amusement & Recreation,34.58,\N,\N,\N,\N,\N,\N,\N,\N,\N,\N,\N,,\N
SCYX,Health Care,Major Pharmaceuticals,70.28,\N,\N,\N,\N,\N,\N,\N,\N,\N,\N,\N,,\N
SEAC,Technology,Radio And Television Broadcasting And Communicatio,49.42,\N,\N,\N,\N,\N,\N,\N,\N,\N,\N,\N,,\N
SBCF,Finance,Major Banks,1240,\N,\N,\N,\N,\N,\N,\N,\N,\N,\N,\N,list index out of range,\N
STX,Technology,Electronic Components,12790,\N,\N,1.2,\N,1.31,1.57,1.54,1.34,0.69,\N,\N,\N,2019-07-06 05:08:01
SHIP,Transportation,Marine Transportation,5.3,\N,\N,0.07,\N,-1.35,-3.6,-2.25,-1.2,-3.23,\N,\N,\N,2019-07-06 05:08:16
SHIPZ,Transportation,Marine Transportation,1.2,\N,\N,\N,\N,\N,\N,\N,\N,\N,\N,\N,could not convert string to float: N/A,\N
SHOS,Consumer Services,Department/Specialty Retail Stores,54.49,\N,\N,0.04,\N,-0.41,-0.41,-0.2,-1.33,-0.53,\N,\N,\N,2019-07-06 05:08:31
SPNE,Health Care,Medical/Dental Instruments,251.15,\N,\N,1.68,\N,-0.5,-0.5,-0.65,-0.53,-0.48,\N,\N,\N,2019-07-06 05:08:45
SGEN,Health Care,Biotechnology: Biological Products (No Diagnostic ,11140,\N,\N,16.15,\N,-0.73,0.47,-0.42,-0.75,-0.08,\N,\N,\N,2019-07-06 05:08:59
EYES,Health Care,Biotechnology: Electromedical & Electrotherapeutic,100.29,\N,\N,13.86,\N,-0.17,-0.12,-0.12,-0.12,-0.1,\N,\N,\N,2019-07-06 05:09:13
SECO,Consumer Services,Other Specialty Stores,359.25,\N,\N,\N,\N,\N,\N,\N,\N,\N,\N,\N,could not convert string to float: N/A,\N
SCWX,Technology,Computer Software: Prepackaged Software,1050,\N,\N,1.95,\N,-0.17,-0.12,-0.05,-0.15,-0.1,\N,\N,\N,2019-07-06 05:09:28
SNFCA,Finance,Finance: Consumer Services,85.63,\N,\N,0.34,\N,0.99,0.19,0.11,-0.1,0.11,\N,\N,\N,2019-07-06 05:09:42
SEEL,Health Care,Major Pharmaceuticals,48.51,\N,\N,\N,\N,\N,\N,\N,\N,\N,\N,\N,could not convert string to float: N/A,\N
SEIC,Finance,Investment Bankers/Brokers/Service,8240,\N,\N,5.4,\N,0.86,0.75,0.8,0.73,0.73,\N,\N,\N,2019-07-06 05:09:58
SLCT,Finance,Major Banks,220.32,\N,\N,4.29,\N,0.13,0.22,0.27,0.23,0.17,\N,\N,\N,2019-07-06 05:10:13
SIC,Basic Industries,Homebuilding,268.8,\N,\N,\N,\N,\N,\N,\N,\N,\N,\N,\N,,\N
SELB,Health Care,Major Pharmaceuticals,85.99,\N,\N,86.38,\N,-0.71,-0.84,-0.71,-0.65,-0.31,\N,\N,\N,2019-07-06 05:10:45
SIGI,Finance,Property-Casualty Insurers,4470,\N,\N,1.76,\N,0.32,0.99,0.93,0.76,1.02,\N,\N,\N,2019-07-06 05:11:00
SLS,Health Care,Major Pharmaceuticals,6.6,\N,\N,\N,\N,\N,\N,\N,\N,\N,\N,\N,could not convert string to float: N/A,\N
LEDS,Technology,Semiconductors,10.73,\N,\N,1.72,\N,-0.32,-0.09,-0.32,-0.27,-0.24,\N,\N,\N,2019-07-06 05:11:16
SMTC,Technology,Semiconductors,3030,\N,\N,5.19,\N,0.18,0.37,0.18,0.2,0.2,\N,\N,\N,2019-07-06 05:11:30
SENEA,Consumer Non-Durables,Packaged Foods,249.7,\N,\N,0.23,\N,-1.46,-0.9,0.92,1.43,-0.89,\N,\N,\N,2019-07-06 05:11:45
SENEB,Consumer Non-Durables,Packaged Foods,252.64,\N,\N,0.24,\N,-1.46,-0.9,0.92,1.43,-0.89,\N,\N,\N,2019-07-06 05:11:59
SNES,Basic Industries,Agricultural Chemicals,36.74,\N,\N,145.16,\N,-0.16,-0.25,-0.14,-0.1,-0.1,\N,\N,\N,2019-07-06 05:12:13
SNH,Consumer Services,Real Estate Investment Trusts,1940,\N,\N,1.79,\N,0.99,0.52,0.19,-0.5,0.13,\N,\N,\N,2019-07-06 05:12:27
AIHS,Finance,Finance: Consumer Services,77.91,\N,\N,109.27,\N,-0.01,-0.41,-0.04,-0.03,-0.03,\N,\N,\N,2019-07-06 05:12:41
SRTS,Health Care,Medical/Dental Instruments,84.57,\N,\N,3.59,\N,-0.08,-0.04,-0.03,0.01,-0.13,\N,\N,\N,2019-07-06 05:12:55
STNL,Finance,Business Services,438.58,\N,\N,\N,\N,\N,\N,\N,\N,\N,\N,\N,could not convert string to float: N/A,\N
SQBG,Consumer Non-Durables,Apparel,32.62,\N,\N,0.2,\N,-0.04,0.06,-0.15,-0.03,-1.95,\N,\N,\N,2019-07-06 05:13:10
MCRB,Health Care,Major Pharmaceuticals,114.65,\N,\N,4.25,\N,-0.69,-0.68,-0.54,-0.52,-0.59,\N,\N,\N,2019-07-06 05:13:25
SREV,Miscellaneous,Business Services,90.51,\N,\N,0.35,\N,-0.13,-0.1,-0.07,0.02,-0.06,\N,\N,\N,2019-07-06 05:13:40
SFBS,Finance,Major Banks,1750,\N,\N,6.91,\N,0.6,0.62,0.64,0.67,0.65,\N,\N,\N,2019-07-06 05:13:56
SESN,Health Care,Major Pharmaceuticals,121.15,\N,\N,\N,\N,\N,\N,\N,\N,\N,\N,\N,could not convert string to float: N/A,\N
SVBI,Finance,Major Banks,109.23,\N,\N,2.81,\N,0.15,0.15,0.17,0.2,0.2,\N,\N,\N,2019-07-06 05:14:10
SGBX,Consumer Services,RETAIL: Building Materials,4.6,\N,\N,0.44,\N,-0.18,-0.29,-0.24,-0.43,-0.12,\N,\N,\N,2019-07-06 05:14:25
SGOC,Technology,Radio And Television Broadcasting And Communicatio,80.27,\N,\N,50.65,\N,0.76,0.4,0.8,0.48,0.28,\N,\N,\N,2019-07-06 05:14:39
SMED,Basic Industries,Environmental Services,56.66,\N,\N,1.39,\N,-0.05,-0.01,0,0.05,-0.07,\N,\N,\N,2019-07-06 05:14:55
SHSP,Technology,Computer Software: Prepackaged Software,140.43,\N,\N,7.47,\N,-0.24,-0.29,-0.32,-0.26,-0.33,\N,\N,\N,2019-07-06 05:15:08
SHEN,Public Utilities,Telecommunications Equipment,1920,\N,\N,3.09,\N,0.1,0.16,0.31,0.3,0.28,\N,\N,\N,2019-07-06 05:15:23
PIXY,Technology,Diversified Commercial Services,17.64,\N,\N,0.48,\N,-0.09,-0.06,-0.31,-0.07,-0.01,\N,\N,\N,2019-07-06 05:15:38
SHLO,Capital Goods,Industrial Specialties,110.25,\N,\N,0.12,\N,0.17,0.47,-0.36,-0.2,0.05,\N,\N,\N,2019-07-06 05:16:08
TYHT,Consumer Non-Durables,Farming/Seeds/Milling,15.54,\N,\N,0.49,\N,0.21,-0.09,0.03,0.03,-0.05,\N,\N,\N,2019-07-06 05:16:23
SWAV,Health Care,Medical/Dental Instruments,1530,\N,\N,\N,\N,\N,\N,\N,\N,\N,\N,\N,,\N
SCVL,Consumer Services,Clothing/Shoe/Accessory Stores,387.54,\N,\N,\N,\N,\N,\N,\N,\N,\N,\N,\N,,\N
SHBI,Finance,Major Banks,199.99,\N,\N,\N,\N,\N,\N,\N,\N,\N,\N,\N,,\N
SSTI,Technology,Computer Software: Prepackaged Software,481.37,\N,\N,12.92,\N,-0.12,-0.03,-0.13,0.03,-0.03,\N,\N,\N,2019-07-06 05:16:55
SFLY,Miscellaneous,Other Consumer Services,1730,\N,\N,0.83,\N,-0.83,-0.8,-2.2,5.19,-2.47,\N,\N,\N,2019-07-06 05:17:10
SIBN,Health Care,Medical/Dental Instruments,441.65,\N,\N,\N,\N,\N,\N,\N,\N,\N,\N,\N,,\N
SIEB,Finance,Investment Bankers/Brokers/Service,231.11,\N,\N,9.18,\N,0.06,0.07,0.11,0.2,0.04,\N,\N,\N,2019-07-06 05:17:39
SNNA,Health Care,Major Pharmaceuticals,32.37,\N,\N,\N,\N,\N,\N,\N,\N,\N,\N,\N,could not convert string to float: N/A,\N
SIEN,Health Care,Industrial Specialties,303.17,\N,\N,3.87,\N,-0.99,-0.73,-0.72,-0.86,-0.91,\N,\N,\N,2019-07-06 05:17:53
BSRR,Finance,Major Banks,394.86,\N,\N,3.69,\N,0.44,0.52,0.46,0.51,0.58,\N,\N,\N,2019-07-06 05:18:08
SRRA,Health Care,Major Pharmaceuticals,43.33,\N,\N,\N,\N,\N,\N,\N,\N,\N,\N,\N,could not convert string to float: N/A,\N
SWIR,Technology,Radio And Television Broadcasting And Communicatio,419.7,\N,\N,0.58,\N,-0.23,-0.32,-0.03,-0.11,-0.31,\N,\N,\N,2019-07-06 05:18:24
SIFY,Technology,Computer Software: Programming\, Data Processing,240.05,\N,\N,\N,\N,\N,\N,\N,\N,\N,\N,\N,could not convert string to float: N/A,\N
SIGA,Health Care,Major Pharmaceuticals,439.51,\N,\N,0.97,\N,-0.15,-0.09,4.71,0.64,-0.02,\N,\N,\N,2019-07-06 05:18:39
SGLB,Consumer Durables,Miscellaneous manufacturing industries,14.22,\N,\N,40.67,\N,-0.23,-0.25,-0.16,-0.19,-0.16,\N,\N,\N,2019-07-06 05:18:54
SGMA,Technology,Electrical Products,12.06,\N,\N,0.04,\N,0.01,-1.04,-0.12,-0.17,-0.14,\N,\N,\N,2019-07-06 05:19:08
SBNY,Finance,Major Banks,6430,\N,\N,5.3,\N,0.63,2.83,2.84,2.93,2.65,\N,\N,\N,2019-07-06 05:19:22
SLGN,Consumer Durables,Containers/Packaging,3300,\N,\N,0.81,\N,0.41,0.5,0.76,0.34,0.42,\N,\N,\N,2019-07-06 05:19:37
SILC,Technology,Computer Communications Equipment,240.16,\N,\N,1.82,\N,-0.19,0.32,0.49,1.29,0.48,\N,\N,\N,2019-07-06 05:19:52
SLAB,Technology,Semiconductors,4140,\N,\N,5.27,\N,0.6,0.32,0.63,0.35,0.12,\N,\N,\N,2019-07-06 05:20:05
SIMO,Technology,Semiconductors,1460,\N,\N,3.26,\N,0.64,0.85,0.81,0.42,0.23,\N,\N,\N,2019-07-06 05:20:19
SILK,Health Care,Medical/Dental Instruments,1400,\N,\N,\N,\N,\N,\N,\N,\N,\N,\N,\N,,\N
SAMG,Finance,Investment Managers,184.85,\N,\N,1.95,\N,0.27,0.28,0.26,0.35,0.2,\N,\N,\N,2019-07-06 05:20:48
SSNT,Miscellaneous,Business Services,12.56,\N,\N,0.31,\N,0.01,0,0.04,0.01,0.02,\N,\N,\N,2019-07-06 05:21:18
SFNC,Finance,Major Banks,2160,\N,\N,3.53,\N,0.55,0.58,0.59,0.6,0.51,\N,\N,\N,2019-07-06 05:21:34
SLP,Technology,EDP Services,492.18,\N,\N,16.28,\N,0.19,0.13,0.07,0.09,0.12,\N,\N,\N,2019-07-06 05:21:48
SINA,Technology,Computer Software: Prepackaged Software,2840,\N,\N,\N,\N,\N,\N,\N,\N,\N,\N,\N,,\N
SBGI,Consumer Services,Broadcasting,4880,\N,\N,1.68,\N,0.42,0.27,0.62,2.1,0.23,\N,\N,\N,2019-07-06 05:22:05
SINO,Transportation,Oil Refining/Marketing,11.21,\N,\N,0.24,\N,0.01,-0.06,-0.1,-0.11,-0.09,\N,\N,\N,2019-07-06 05:22:20
SVA,Health Care,Major Pharmaceuticals,460.25,\N,\N,2,\N,0.01,0.02,-0.17,0.06,0.09,\N,\N,\N,2019-07-06 05:22:35
SINT,Health Care,Medical/Dental Instruments,2.09,\N,\N,11.5,\N,-1,-1.65,-0.87,-0.25,-0.07,\N,\N,\N,2019-07-06 05:22:51
SG,Finance,Property-Casualty Insurers,1410,\N,\N,\N,\N,\N,\N,\N,\N,\N,\N,\N,,\N
SIRI,Consumer Services,Broadcasting,25520,\N,\N,4.4,\N,0.06,0.06,0.07,0.06,0.03,\N,\N,\N,2019-07-06 05:23:20
SITO,Miscellaneous,Business Services,18.21,\N,\N,0.49,\N,-0.22,-0.23,-0.2,-0.04,-0.2,\N,\N,\N,2019-07-06 05:23:34
SKYS,Public Utilities,Electric Utilities: Central,26.22,\N,\N,0.41,\N,-0.16,-0.02,-0.03,0.24,-0.16,\N,\N,\N,2019-07-06 05:23:49
SKYW,Transportation,Air Freight/Delivery Services,2860,\N,\N,1.05,\N,1.03,1.43,1.57,1.28,1.69,\N,\N,\N,2019-07-06 05:24:03
SWKS,Technology,Semiconductors,12830,\N,\N,3.77,\N,1.5,1.57,1.58,1.6,1.23,\N,\N,\N,2019-07-06 05:24:18
SNBR,Consumer Durables,Home Furnishings,1150,\N,\N,0.81,\N,0.52,0.1,0.52,0.81,0.8,\N,\N,\N,2019-07-06 05:24:33
SLM,Finance,Finance: Consumer Services,3950,\N,\N,3.67,\N,0.28,0.24,0.23,0.33,0.35,\N,\N,\N,2019-07-06 05:24:47
SLMBP,Finance,Finance: Consumer Services,238.36,\N,\N,\N,\N,\N,\N,\N,\N,\N,\N,\N,could not convert string to float: ,\N
SGH,Technology,Semiconductors,438.6,\N,\N,0.43,\N,1.37,1.28,1.33,0.55,0.08,\N,\N,\N,2019-07-06 05:25:15
SND,Basic Industries,Mining & Quarrying of Nonmetallic Minerals (No Fue,98.32,\N,\N,0.43,\N,0.02,0.25,0.3,-0.11,0.1,\N,\N,\N,2019-07-06 05:25:31
SMBK,Finance,Major Banks,294.66,\N,\N,3.77,\N,0.3,0.32,0.34,0.47,0.34,\N,\N,\N,2019-07-06 05:25:45
SMSI,Technology,Computer Software: Prepackaged Software,101.01,\N,\N,3.53,\N,-0.16,-0.11,-0.04,0.1,0,\N,\N,\N,2019-07-06 05:26:00
SMTX,Technology,Electrical Products,81.27,\N,\N,0.34,\N,0,-0.01,0.04,-0.05,0.05,\N,\N,\N,2019-07-06 05:26:13
SRAX,Technology,Advertising,51.11,\N,\N,7.52,\N,-0.36,-0.29,1.91,-0.94,-0.57,\N,\N,\N,2019-07-06 05:26:28
SCKT,Technology,Computer Manufacturing,13.39,\N,\N,0.8,\N,-0.03,-0.02,-0.01,-0.03,0,\N,\N,\N,2019-07-06 05:26:43
SOHU,Technology,EDP Services,535.47,\N,\N,0.29,\N,-2.39,-1.23,-0.89,0.37,-1.44,\N,\N,\N,2019-07-06 05:26:58
SEDG,Technology,Semiconductors,2820,\N,\N,3.03,\N,0.75,0.72,0.95,0.27,0.39,\N,\N,\N,2019-07-06 05:27:27
SLNO,Health Care,Biotechnology: Electromedical & Electrotherapeutic,82.62,\N,\N,\N,\N,\N,\N,\N,\N,\N,\N,\N,could not convert string to float: N/A,\N
SLGL,Health Care,Major Pharmaceuticals,179.84,\N,\N,26.32,\N,-0.39,-0.36,-0.4,-0.64,-0.3,\N,\N,\N,2019-07-06 05:27:44
SLDB,Health Care,Biotechnology: Biological Products (No Diagnostic ,171.36,\N,\N,\N,\N,\N,\N,\N,\N,\N,\N,\N,could not convert string to float: N/A,\N
SNGX,Health Care,Major Pharmaceuticals,13.84,\N,\N,2.7,\N,-0.27,-0.18,-0.11,-0.18,-0.09,\N,\N,\N,2019-07-06 05:27:59
SOLY,Health Care,Medical/Dental Instruments,220.94,\N,\N,\N,\N,\N,\N,\N,\N,\N,\N,\N,could not convert string to float: N/A,\N
SONM,Public Utilities,Telecommunications Equipment,254.41,\N,\N,\N,\N,\N,\N,\N,\N,\N,\N,\N,could not convert string to float: ,\N
SNOA,Health Care,Major Pharmaceuticals,10.23,\N,\N,0.55,\N,-8.37,-4.95,-3.96,-2.34,-1.97,\N,\N,\N,2019-07-06 05:28:30
SONO,Consumer Non-Durables,Consumer Electronics/Appliances,1100,\N,\N,\N,\N,\N,\N,\N,\N,\N,\N,\N,,\N
SPHS,Health Care,Major Pharmaceuticals,22.97,\N,\N,\N,\N,\N,\N,\N,\N,\N,\N,\N,could not convert string to float: N/A,\N
SORL,Capital Goods,Auto Parts:O.E.M.,64.29,\N,\N,0.15,\N,0.43,0.35,-0.29,0.17,0.46,\N,\N,\N,2019-07-06 05:29:00
SRNE,Health Care,Biotechnology: Commercial Physical & Biological Re,436.28,\N,\N,14.58,\N,-0.38,-0.73,-0.4,-0.4,-0.88,\N,\N,\N,2019-07-06 05:29:15
SOHO,Consumer Services,Real Estate Investment Trusts,103.25,\N,\N,0.56,\N,-0.02,0.1,-0.23,-0.28,-0.12,\N,\N,\N,2019-07-06 05:29:29
SOHOB,Consumer Services,Real Estate Investment Trusts,41.36,\N,\N,\N,\N,\N,\N,\N,\N,\N,\N,\N,could not convert string to float: ,\N
SOHON,Consumer Services,Real Estate Investment Trusts,28.03,\N,\N,\N,\N,\N,\N,\N,\N,\N,\N,\N,could not convert string to float: ,\N
SOHOO,Consumer Services,Real Estate Investment Trusts,34.64,\N,\N,\N,\N,\N,\N,\N,\N,\N,\N,\N,could not convert string to float: ,\N
SFBC,Finance,Savings Institutions,88.98,\N,\N,2.71,\N,0.63,0.77,0.71,0.64,0.56,\N,\N,\N,2019-07-06 05:30:27
SPFI,Finance,Major Banks,294.74,\N,\N,\N,\N,\N,\N,\N,\N,\N,\N,\N,could not convert string to float: ,\N
SSB,Finance,Major Banks,2560,\N,\N,4.25,\N,1.15,1.09,1.28,1.35,1.25,\N,\N,\N,2019-07-06 05:30:55
SFST,Finance,Major Banks,281.09,\N,\N,4.17,\N,0.67,0.71,0.75,0.75,0.78,\N,\N,\N,2019-07-06 05:31:10
SMBC,Finance,Banks,306.12,\N,\N,3.89,\N,0.6,0.63,0.76,0.81,0.76,\N,\N,\N,2019-07-06 05:31:24
SONA,Finance,Major Banks,351.63,\N,\N,3.95,\N,0.34,0.37,0.36,0.32,0.25,\N,\N,\N,2019-07-06 05:31:38
SBSI,Finance,Major Banks,1060,\N,\N,5.36,\N,0.46,0.57,0.58,0.5,0.56,\N,\N,\N,2019-07-06 05:31:52
SY,Technology,EDP Services,1310,\N,\N,\N,\N,\N,\N,\N,\N,\N,\N,\N,could not convert string to float: N/A,\N
SP,Consumer Services,Rental/Leasing Companies,729.94,\N,\N,0.94,\N,0.68,0.68,0.6,0.4,0.47,\N,\N,\N,2019-07-06 05:32:08
SGRP,Miscellaneous,Business Services,14.13,\N,\N,0.06,\N,0.01,-0.09,0.03,-0.02,0.03,\N,\N,\N,2019-07-06 05:32:37
SPKE,Public Utilities,Power Generation,367.59,\N,\N,0.42,\N,-1.09,0.41,0.27,-0.29,-0.09,\N,\N,\N,2019-07-06 05:32:52
SPKEP,Public Utilities,Power Generation,92.35,\N,\N,\N,\N,\N,\N,\N,\N,\N,\N,\N,could not convert string to float: ,\N
ONCE,Health Care,Biotechnology: Biological Products (No Diagnostic ,3870,\N,\N,56.49,\N,-1.25,2.07,-1.26,-1.75,-1.43,\N,\N,\N,2019-07-06 05:33:20
SPAR,Capital Goods,Auto Manufacturing,360.22,\N,\N,0.43,\N,0.12,0.11,0.15,0.05,0.04,\N,\N,\N,2019-07-06 05:33:34
SPTN,Consumer Non-Durables,Food Distributors,417.61,\N,\N,0.05,\N,0.34,0.49,0.49,-0.39,0.21,\N,\N,\N,2019-07-06 05:33:49
SPPI,Health Care,Major Pharmaceuticals,942.73,\N,\N,8.78,\N,-0.16,0.13,-0.66,-0.47,-0.17,\N,\N,\N,2019-07-06 05:34:03
SPRO,Health Care,Major Pharmaceuticals,236.75,\N,\N,18.3,\N,-0.74,-0.69,-0.6,-0.6,-0.29,\N,\N,\N,2019-07-06 05:34:18
ANY,Technology,EDP Services,3.5,\N,\N,0.39,\N,-7.12,-3.52,-2.53,-4.25,-0.82,\N,\N,\N,2019-07-06 05:34:32
SPEX,Miscellaneous,Multi-Sector Companies,5.06,\N,\N,192.67,\N,-0.98,-0.21,-0.94,2.93,-0.57,\N,\N,\N,2019-07-06 05:34:46
SPI,Technology,Semiconductors,28.64,\N,\N,0.26,\N,0.08,-6,-2,-5,-16,\N,\N,\N,2019-07-06 05:35:00
SAVE,Transportation,Air Freight/Delivery Services,3210,\N,\N,1,\N,-0.66,0.16,1.42,1.34,0.82,\N,\N,\N,2019-07-06 16:05:43
STXB,Finance,Major Banks,307.16,\N,\N,\N,\N,\N,\N,\N,\N,\N,\N,\N,,\N
SPLK,Technology,Computer Software: Prepackaged Software,17720,\N,\N,10.14,\N,-0.83,-0.71,-0.38,0.01,-1.04,\N,\N,\N,2019-07-06 05:35:43
SPOK,Public Utilities,Telecommunications Equipment,283.26,\N,\N,1.78,\N,0.03,-0.05,-0.02,0.01,0.04,\N,\N,\N,2019-07-06 05:35:57
SPWH,Consumer Services,Other Specialty Stores,159.02,\N,\N,0.21,\N,-0.14,0.15,0.29,0.25,-0.13,\N,\N,\N,2019-07-06 05:36:12
SBPH,Health Care,Major Pharmaceuticals,67.42,\N,\N,\N,\N,\N,\N,\N,\N,\N,\N,\N,could not convert string to float: N/A,\N
FUND,Consumer Services,Miscellaneous,176.23,\N,\N,\N,\N,\N,\N,\N,\N,\N,\N,\N,,\N
SFM,Consumer Services,Food Chains,2180,\N,\N,0.42,\N,0.5,0.32,0.29,0.1,0.46,\N,\N,\N,2019-07-06 05:36:30
SPSC,Technology,Computer Software: Prepackaged Software,1840,\N,\N,7.16,\N,0.19,0.31,0.45,0.4,0.38,\N,\N,\N,2019-07-06 05:36:44
SSNC,Technology,Computer Software: Prepackaged Software,14470,\N,\N,3.55,\N,0.24,-0.27,0.23,0.23,0.31,\N,\N,\N,2019-07-06 05:36:57
YGTY,Finance,Diversified Commercial Services,23.55,\N,\N,\N,\N,\N,\N,\N,\N,\N,\N,\N,list index out of range,\N
SSRM,Basic Industries,Precious Metals,1680,\N,\N,3.56,\N,-0.01,0.04,0.05,-0.03,0.05,\N,\N,\N,2019-07-06 05:37:25
STAA,Health Care,Ophthalmic Goods,1300,\N,\N,9.84,\N,0.01,0.04,0.03,0.02,0.03,\N,\N,\N,2019-07-06 05:37:39
STAF,Technology,Professional Services,12.59,\N,\N,0.05,\N,-0.33,-0.46,-0.43,-0.34,-0.06,\N,\N,\N,2019-07-06 05:37:54
STMP,Miscellaneous,Business Services,698.56,\N,\N,1.43,\N,2.54,2.41,1.75,2.3,0.87,\N,\N,\N,2019-07-06 05:38:24
STND,Finance,Major Banks,134.54,\N,\N,4.07,\N,0.46,0.53,0.5,0.38,0.46,\N,\N,\N,2019-07-06 05:38:39
SBLK,Transportation,Marine Transportation,773.45,\N,\N,1.37,\N,0.38,0.15,0.17,0.3,0.11,\N,\N,\N,2019-07-06 05:38:53
SBUX,Consumer Services,Restaurants,102040,\N,\N,4.16,\N,0.47,0.61,0.56,0.61,0.53,\N,\N,\N,2019-07-06 05:39:05
STFC,Finance,Property-Casualty Insurers,1490,\N,\N,1.2,\N,-0.05,0.14,0.76,-0.57,1.12,\N,\N,\N,2019-07-06 05:39:20
MITO,Health Care,Major Pharmaceuticals,437.1,\N,\N,\N,\N,\N,\N,\N,\N,\N,\N,\N,could not convert string to float: N/A,\N
GASS,Transportation,Marine Transportation,132.41,\N,\N,0.87,\N,-0.14,-0.01,-0.02,-0.14,0.05,\N,\N,\N,2019-07-06 05:39:34
STCN,Miscellaneous,Business Services,111.24,\N,\N,0.14,\N,-0.18,-0.13,-0.13,-0.2,-0.17,\N,\N,\N,2019-07-06 05:39:48
STLD,Basic Industries,Steel/Iron Ore,6640,\N,\N,0.57,\N,0.96,1.53,1.69,1.17,0.91,\N,\N,\N,2019-07-06 05:40:02
SMRT,Consumer Services,Clothing/Shoe/Accessory Stores,43.54,\N,\N,0.03,\N,0.16,-0.02,-0.36,0.09,0.08,\N,\N,\N,2019-07-06 05:40:16
STML,Health Care,Major Pharmaceuticals,647.41,\N,\N,114,\N,-0.69,-0.66,-0.73,-0.92,-0.73,\N,\N,\N,2019-07-06 05:40:32
SRCL,Basic Industries,Environmental Services,4270,\N,\N,1.25,\N,0.25,0.31,0.2,-3.51,-0.42,\N,\N,\N,2019-07-06 05:40:46
SBT,Finance,Savings Institutions,503.31,\N,\N,3.73,\N,0.3,0.3,0.3,0.3,0.3,\N,\N,\N,2019-07-06 05:41:01
STRL,Basic Industries,Military/Government/Technical,343.68,\N,\N,0.36,\N,0.09,0.3,0.33,0.21,0.07,\N,\N,\N,2019-07-06 05:41:15
SHOO,Consumer Non-Durables,Shoe Manufacturing,2720,\N,\N,1.75,\N,0.33,0.37,0.64,0.15,0.41,\N,\N,\N,2019-07-06 05:41:29
SSFN,Finance,Major Banks,133.94,\N,\N,4.14,\N,0.21,0.27,0.25,0.2,0.19,\N,\N,\N,2019-07-06 05:41:45
SFIX,Consumer Services,Catalog/Specialty Distribution,3100,\N,\N,2.17,\N,0.09,0.18,0.1,0.12,0.07,\N,\N,\N,2019-07-06 05:41:59
SYBT,Finance,Major Banks,795.6,\N,\N,5.22,\N,0.58,0.59,0.6,0.64,0.68,\N,\N,\N,2019-07-06 05:42:14
STNE,Technology,EDP Services,8370,\N,\N,\N,\N,\N,\N,\N,\N,\N,\N,\N,could not convert string to float: N/A,\N
SSKN,Health Care,Medical/Dental Instruments,72.51,\N,\N,2.56,\N,-3.32,-0.1,-0.13,-0.06,-0.01,\N,\N,\N,2019-07-06 05:42:29
SSYS,Technology,Computer peripheral equipment,1320,\N,\N,2.27,\N,-0.24,-0.08,-0.01,0.12,-0.04,\N,\N,\N,2019-07-06 05:42:43
STRA,Consumer Services,Other Consumer Services,3830,\N,\N,5.13,\N,0.84,0.46,-2.97,1.02,0.52,\N,\N,\N,2019-07-06 05:42:57
STRT,Capital Goods,Auto Parts:O.E.M.,89.11,\N,\N,0.2,\N,0.8,1.07,0.93,-6.03,0.46,\N,\N,\N,2019-07-06 05:43:10
STRS,Consumer Services,Homebuilding,221.18,\N,\N,3.09,\N,-0.23,-0.11,-0.29,0.14,0.1,\N,\N,\N,2019-07-06 05:43:24
STRM,Technology,EDP Services,39.19,\N,\N,1.29,\N,-0.03,-0.08,-0.03,-0.16,0.01,\N,\N,\N,2019-07-06 05:43:39
SBBP,Health Care,Major Pharmaceuticals,170.64,\N,\N,9.4,\N,-0.66,-0.43,-0.55,1.64,-0.34,\N,\N,\N,2019-07-06 05:44:09
SUMR,Consumer Durables,Miscellaneous manufacturing industries,9.98,\N,\N,0.06,\N,-0.15,0.02,0.01,-0.1,-0.07,\N,\N,\N,2019-07-06 05:44:24
SMMF,Finance,Major Banks,327.58,\N,\N,4.05,\N,0.6,0.51,0.55,0.6,0.56,\N,\N,\N,2019-07-06 05:44:38
SMMT,Health Care,Major Pharmaceuticals,46.5,\N,\N,\N,\N,\N,\N,\N,\N,\N,\N,\N,could not convert string to float: N/A,\N
WISA,Technology,Semiconductors,21.72,\N,\N,\N,\N,\N,\N,\N,\N,\N,\N,\N,,\N
SNDE,Energy,Oil & Gas Production,127.59,\N,\N,0.68,\N,-1.13,-0.84,-0.28,0.94,-0.46,\N,\N,\N,2019-07-06 05:45:08
SNSS,Health Care,Major Pharmaceuticals,45.69,\N,\N,\N,\N,\N,\N,\N,\N,\N,\N,\N,,\N
STKL,Consumer Services,Farming/Seeds/Milling,276.42,\N,\N,0.26,\N,-0.07,-0.06,-0.08,-1.13,0.26,\N,\N,\N,2019-07-06 05:45:23
SPWR,Technology,Semiconductors,1420,\N,\N,1,\N,-0.83,-3.17,-0.64,-1.12,-0.63,\N,\N,\N,2019-07-06 05:45:37
RUN,Capital Goods,Industrial Specialties,2110,\N,\N,2.87,\N,0.25,0.06,-0.03,-0.05,-0.12,\N,\N,\N,2019-07-06 05:45:51
SUNW,Public Utilities,Telecommunications Equipment,15.73,\N,\N,0.24,\N,-0.07,-0.07,-0.01,-0.07,-0.17,\N,\N,\N,2019-07-06 05:46:06
SLGG,Consumer Services,Services-Misc. Amusement & Recreation,68.96,\N,\N,\N,\N,\N,\N,\N,\N,\N,\N,\N,,\N
SPCB,Technology,Semiconductors,16.45,\N,\N,0.58,\N,0.04,-0.31,-0.02,0,0.01,\N,\N,\N,2019-07-06 05:46:34
SCON,Technology,Radio And Television Broadcasting And Communicatio,4.32,\N,\N,3.6,\N,-2,-1.24,-0.88,-0.7,-0.7,\N,\N,\N,2019-07-06 05:46:48
SGC,Consumer Non-Durables,Apparel,257.01,\N,\N,0.76,\N,0.16,0.25,0.39,0.3,0.16,\N,\N,\N,2019-07-06 05:47:03
SUPN,Health Care,Major Pharmaceuticals,1630,\N,\N,4.22,\N,0.49,0.57,0.52,0.48,0.34,\N,\N,\N,2019-07-06 05:47:16
SPRT,Technology,EDP Services,29.76,\N,\N,0.43,\N,-0.04,0.02,-0.49,0.02,0.08,\N,\N,\N,2019-07-06 05:47:30
SURF,Health Care,Biotechnology: Biological Products (No Diagnostic ,80.75,\N,\N,\N,\N,\N,\N,\N,\N,\N,\N,\N,,\N
SGRY,Health Care,Hospital/Nursing Management,392.46,\N,\N,0.22,\N,-0.53,-0.57,-0.61,-3.25,-0.6,\N,\N,\N,2019-07-06 05:47:58
SRDX,Health Care,Medical/Dental Instruments,532.8,\N,\N,6.66,\N,0.11,-0.2,-0.13,0.09,0.09,\N,\N,\N,2019-07-06 05:48:12
STRO,Health Care,Biotechnology: Biological Products (No Diagnostic ,267.54,\N,\N,\N,\N,\N,\N,\N,\N,\N,\N,\N,,\N
SIVB,Finance,Major Banks,11160,\N,\N,4.25,\N,3.63,4.42,5.1,4.96,5.44,\N,\N,\N,2019-07-06 05:48:40
SVMK,Technology,Computer Software: Programming\, Data Processing,2110,\N,\N,\N,\N,\N,\N,\N,\N,\N,\N,\N,,\N
SYKE,Technology,EDP Services,1130,\N,\N,0.74,\N,0.26,0.17,0.33,0.4,0.28,\N,\N,\N,2019-07-06 05:49:10
SYMC,Technology,Computer Software: Prepackaged Software,12860,\N,\N,3.37,\N,-0.06,-0.1,-0.01,0.1,0.05,\N,\N,\N,2019-07-06 05:49:24
SYNC,Technology,Computer Software: Programming\, Data Processing,60.53,\N,\N,0.42,\N,-0.06,-0.07,-0.06,-0.01,-0.06,\N,\N,\N,2019-07-06 05:49:55
SYNL,Basic Industries,Steel/Iron Ore,136.54,\N,\N,0.47,\N,0.44,0.41,0.56,0.06,-0.1,\N,\N,\N,2019-07-06 05:50:10
SYNA,Technology,Semiconductors,955.26,\N,\N,0.66,\N,-0.4,-0.04,0.11,0.36,0.19,\N,\N,\N,2019-07-06 05:50:24
SNCR,Technology,EDP Services,320.93,\N,\N,1.14,\N,-0.95,-1.2,-1.38,-2.54,-0.68,\N,\N,\N,2019-07-06 05:50:39
SNDX,Health Care,Major Pharmaceuticals,228.69,\N,\N,164.11,\N,-0.79,-0.74,-0.68,-0.7,-0.53,\N,\N,\N,2019-07-06 05:50:53
SYNH,Health Care,Biotechnology: Commercial Physical & Biological Re,5080,\N,\N,1.18,\N,-0.24,0.13,-0.1,0.44,-0.29,\N,\N,\N,2019-07-06 05:51:08
SYBX,Health Care,Major Pharmaceuticals,282.39,\N,\N,110.02,\N,-0.55,-0.59,-0.43,-0.47,-0.51,\N,\N,\N,2019-07-06 05:51:22
SNPS,Technology,Computer Software: Prepackaged Software,18680,\N,\N,6.43,\N,0.67,0.52,1.66,1.01,0.77,\N,\N,\N,2019-07-06 05:51:37
SES,Basic Industries,Major Chemicals,4.16,\N,\N,10.97,\N,-0.13,-0.59,-0.11,-0.14,-0.14,\N,\N,\N,2019-07-06 05:51:51
THOR,Health Care,Major Pharmaceuticals,403.38,\N,\N,\N,\N,\N,\N,\N,\N,\N,\N,\N,could not convert string to float: N/A,\N
SYPR,Capital Goods,Industrial Machinery/Components,17.89,\N,\N,0.18,\N,-0.09,0.04,-0.11,-0.01,-0.11,\N,\N,\N,2019-07-06 05:52:07
SYRS,Health Care,Major Pharmaceuticals,319.11,\N,\N,166.82,\N,-0.48,-0.43,-0.47,-0.54,-0.49,\N,\N,\N,2019-07-06 05:52:21
TROW,Finance,Investment Bankers/Brokers/Service,25050,\N,\N,4.81,\N,1.77,1.77,2.3,1.41,2.09,\N,\N,\N,2019-07-06 05:52:36
TTOO,Health Care,Medical/Dental Instruments,75.38,\N,\N,7.47,\N,-0.36,-0.32,-0.25,-0.35,-0.34,\N,\N,\N,2019-07-06 05:52:50
TRHC,Miscellaneous,Business Services,1080,\N,\N,5.1,\N,-0.96,-1.53,0.47,-0.54,-0.54,\N,\N,\N,2019-07-06 05:53:05
TCMD,Health Care,Medical/Dental Instruments,1020,\N,\N,6.96,\N,0,0.13,0.09,0.12,0.08,\N,\N,\N,2019-07-06 05:53:20
TAIT,Technology,Electronic Components,17.38,\N,\N,2.09,\N,0.01,0.07,0.05,0.11,0.03,\N,\N,\N,2019-07-06 05:53:34
TLC,Health Care,Major Pharmaceuticals,172.92,\N,\N,\N,\N,\N,\N,\N,\N,\N,\N,\N,could not convert string to float: N/A,\N
TTWO,Technology,Computer Software: Prepackaged Software,12700,\N,\N,4.9,\N,0.77,0.62,0.22,1.57,0.5,\N,\N,\N,2019-07-06 05:53:49
TLND,Technology,Computer Software: Prepackaged Software,1140,\N,\N,5.25,\N,-0.34,-0.29,-0.31,-0.41,-0.58,\N,\N,\N,2019-07-06 05:54:03
TNDM,Health Care,Medical/Dental Instruments,3600,\N,\N,16.94,\N,-1.82,-1.17,-0.62,0.02,-0.4,\N,\N,\N,2019-07-06 05:54:17
TLF,Consumer Non-Durables,Apparel,52.37,\N,\N,0.61,\N,0.14,0.15,-0.01,-0.07,0.1,\N,\N,\N,2019-07-06 05:54:30
TANH,Basic Industries,Major Chemicals,42.7,\N,\N,\N,\N,\N,\N,\N,\N,\N,\N,\N,list index out of range,\N
TAOP,Technology,Computer Software: Prepackaged Software,30.99,\N,\N,1.5,\N,-0.01,0,0.05,-0.01,-0.01,\N,\N,\N,2019-07-06 05:54:59
TEDU,Consumer Services,Other Consumer Services,141.19,\N,\N,\N,\N,\N,\N,\N,\N,\N,\N,\N,could not convert string to float: N/A,\N
TH,Consumer Services,Hotels/Resorts,960.78,\N,\N,3.53,\N,0.03,0.04,0.05,0.06,-0.18,\N,\N,\N,2019-07-06 05:55:30
TRNX,Technology,Industrial Machinery/Components,5.42,\N,\N,0.43,\N,-12.4,-4.8,-2,-0.97,-0.6,\N,\N,\N,2019-07-06 05:55:44
TATT,Capital Goods,Aerospace,52.42,\N,\N,0.56,\N,-0.08,-0.16,-0.06,-0.2,0.01,\N,\N,\N,2019-07-06 05:55:59
TAYD,Capital Goods,Industrial Machinery/Components,38.09,\N,\N,1.23,\N,-0.01,0.04,0.21,0.11,0.13,\N,\N,\N,2019-07-06 05:56:14
TCRR,Health Care,Biotechnology: Biological Products (No Diagnostic ,351.2,\N,\N,\N,\N,\N,\N,\N,\N,\N,\N,\N,could not convert string to float: N/A,\N
AMTD,Finance,Investment Bankers/Brokers/Service,26720,\N,\N,5.01,\N,0.48,0.79,0.8,1.07,0.89,\N,\N,\N,2019-07-06 05:56:29
PETZ,Consumer Non-Durables,Packaged Foods,10.76,\N,\N,\N,\N,\N,\N,\N,\N,\N,\N,\N,list index out of range,\N
TECD,Technology,Retail: Computer Software & Peripheral Equipment,3570,\N,\N,0.1,\N,0.87,1.97,2.96,3.09,1.49,\N,\N,\N,2019-07-06 05:56:57
TCCO,Technology,Radio And Television Broadcasting And Communicatio,7.32,\N,\N,1.39,\N,-0.17,0.13,0.12,-0.13,0.09,\N,\N,\N,2019-07-06 05:57:12
TTGT,Miscellaneous,Business Services,565.16,\N,\N,4.63,\N,0.07,0.15,0.13,0.09,0.12,\N,\N,\N,2019-07-06 05:57:26
TGLS,Consumer Durables,Electronic Components,273.57,\N,\N,0.82,\N,0.3,-0.11,0.16,-0.12,0.18,\N,\N,\N,2019-07-06 05:57:41
TGEN,Capital Goods,Industrial Machinery/Components,91.41,\N,\N,2.54,\N,0,-0.03,-0.02,-0.18,-0.13,\N,\N,\N,2019-07-06 05:57:55
TECTP,Finance,Major Banks,16.46,\N,\N,\N,\N,\N,\N,\N,\N,\N,\N,\N,could not convert string to float: ,\N
TNAV,Capital Goods,Industrial Machinery/Components,362.86,\N,\N,3.62,\N,-0.69,-0.59,-0.18,-0.1,-0.16,\N,\N,\N,2019-07-06 05:58:23
TLGT,Health Care,Major Pharmaceuticals,32.31,\N,\N,0.6,\N,-0.09,-0.39,-0.07,-0.27,-0.16,\N,\N,\N,2019-07-06 05:58:37
TELL,Energy,Oil & Gas Production,2040,\N,\N,240.75,\N,-0.12,-0.17,-0.15,-0.14,-0.16,\N,\N,\N,2019-07-06 05:58:51
TENB,Technology,Computer Software: Prepackaged Software,2660,\N,\N,\N,\N,\N,\N,\N,\N,\N,\N,\N,,\N
TENX,Health Care,Biotechnology: Commercial Physical & Biological Re,7.93,\N,\N,\N,\N,\N,\N,\N,\N,\N,\N,\N,could not convert string to float: N/A,\N
TZAC,Finance,Business Services,84.84,\N,\N,\N,\N,\N,\N,\N,\N,\N,\N,\N,could not convert string to float: N/A,\N
TER,Capital Goods,Electrical Products,7790,\N,\N,3.84,\N,0.43,0.52,0.63,0.79,0.62,\N,\N,\N,2019-07-06 05:59:23
TERP,Public Utilities,Electric Utilities: Central,3000,\N,\N,3.52,\N,0.56,-0.13,-0.16,-0.07,-0.04,\N,\N,\N,2019-07-06 05:59:37
TBNK,Finance,Savings Institutions,269.4,\N,\N,4.46,\N,0.51,0.53,0.51,0.5,0.7,\N,\N,\N,2019-07-06 05:59:50
TSLA,Capital Goods,Auto Manufacturing,39160,\N,\N,1.76,\N,-4.19,-4.22,1.75,0.78,-4.1,\N,\N,\N,2019-07-06 06:00:04
TESS,Technology,Electronic Components,155.45,\N,\N,0.25,\N,0.07,0.13,0.14,0.32,0.06,\N,\N,\N,2019-07-06 06:00:17
TTEK,Consumer Services,Military/Government/Technical,4100,\N,\N,2,\N,0.51,0.59,0.51,0.75,1,\N,\N,\N,2019-07-06 06:00:32
TTPH,Health Care,Major Pharmaceuticals,29.31,\N,\N,1.43,\N,-0.42,-0.18,-0.37,-0.4,-0.36,\N,\N,\N,2019-07-06 06:01:02
TCBI,Finance,Major Banks,2980,\N,\N,3.35,\N,1.38,1.38,1.65,1.38,1.6,\N,\N,\N,2019-07-06 06:01:17
TCBIP,Finance,Major Banks,154.92,\N,\N,\N,\N,\N,\N,\N,\N,\N,\N,\N,could not convert string to float: ,\N
TXN,Technology,Semiconductors,104590,\N,\N,6.97,\N,1.35,1.4,1.58,1.27,1.26,\N,\N,\N,2019-07-06 06:01:47
TXRH,Consumer Services,Restaurants,3810,\N,\N,1.55,\N,0.76,0.62,0.4,0.42,0.7,\N,\N,\N,2019-07-06 06:02:01
TFSL,Finance,Savings Institutions,4940,\N,\N,16.49,\N,0.08,0.07,0.08,0.07,0.07,\N,\N,\N,2019-07-06 06:02:15
TGTX,Health Care,Major Pharmaceuticals,620.41,\N,\N,\N,\N,\N,\N,\N,\N,\N,\N,\N,invalid literal for float(): 4\,990.41,\N
WTER,Consumer Non-Durables,Food Distributors,42.15,\N,\N,2.67,\N,-0.05,-0.04,-0.03,-0.11,-0.08,\N,\N,\N,2019-07-06 06:02:30
ANDE,Consumer Services,Farming/Seeds/Milling,896.03,\N,\N,0.2,\N,-0.06,0.76,-0.07,0.84,-0.43,\N,\N,\N,2019-07-06 06:02:46
TBBK,Finance,Major Banks,501.44,\N,\N,1.85,\N,0.25,0.11,1.07,0.13,0.32,\N,\N,\N,2019-07-06 06:03:01
CG,Finance,Investment Managers,7370,\N,\N,2.83,\N,0.3,0.56,0.1,-0.15,1.18,\N,\N,\N,2019-07-06 06:03:15
TCGP,Finance,Investment Managers,390.72,\N,\N,\N,\N,\N,\N,\N,\N,\N,\N,\N,could not convert string to float: N/A,\N
CAKE,Consumer Services,Restaurants,1970,\N,\N,0.85,\N,0.56,0.61,0.61,0.35,0.6,\N,\N,\N,2019-07-06 06:03:31
CHEF,Consumer Non-Durables,Food Distributors,996.29,\N,\N,0.69,\N,0.02,0.24,0.14,0.3,0.04,\N,\N,\N,2019-07-06 06:03:45
TCFC,Finance,Major Banks,189.69,\N,\N,3.52,\N,0.22,0.42,0.7,0.69,0.7,\N,\N,\N,2019-07-06 06:04:00
DSGX,Technology,Computer Software: Prepackaged Software,3060,\N,\N,11.01,\N,0.09,0.11,0.1,0.1,0.09,\N,\N,\N,2019-07-06 06:04:14
DXYN,Consumer Durables,Home Furnishings,10.78,\N,\N,0.03,\N,-0.18,-0.12,-0.19,-0.87,-0.42,\N,\N,\N,2019-07-06 06:04:28
ENSG,Health Care,Hospital/Nursing Management,3000,\N,\N,1.45,\N,0.43,0.41,0.38,0.48,0.49,\N,\N,\N,2019-07-06 06:04:41
XONE,Capital Goods,Industrial Machinery/Components,126.58,\N,\N,2.33,\N,-0.4,-0.5,-0.02,0.13,-0.28,\N,\N,\N,2019-07-06 06:04:55
FBMS,Finance,Major Banks,510.01,\N,\N,4.53,\N,0.34,0.4,0.39,0.48,0.48,\N,\N,\N,2019-07-06 06:05:10
FLIC,Finance,Major Banks,507.73,\N,\N,4.94,\N,0.44,0.4,0.39,0.39,0.43,\N,\N,\N,2019-07-06 06:05:23
GT,Consumer Durables,Automotive Aftermarket,3450,\N,\N,0.23,\N,0.31,0.65,1.48,0.47,-0.26,\N,\N,\N,2019-07-06 06:05:38
HABT,Consumer Services,Restaurants,259.01,\N,\N,0.64,\N,0.03,0.1,-0.03,0.03,-0.01,\N,\N,\N,2019-07-06 06:05:51
HCKT,Consumer Services,Professional Services,485.95,\N,\N,1.89,\N,0.23,0.36,0.16,-0.01,0.22,\N,\N,\N,2019-07-06 06:06:05
HAIN,Consumer Non-Durables,Packaged Foods,2170,\N,\N,0.99,\N,0.12,-0.67,-0.36,-0.64,-0.63,\N,\N,\N,2019-07-06 06:06:19
INTG,Consumer Services,Building operators,70.7,\N,\N,0.95,\N,0.2,2.39,0.24,-0.44,0.4,\N,\N,\N,2019-07-06 06:06:49
JYNT,Miscellaneous,Multi-Sector Companies,240.42,\N,\N,7.78,\N,-0.03,0,-0.01,0.06,0.07,\N,\N,\N,2019-07-06 06:07:03
KHC,Consumer Non-Durables,Packaged Foods,37430,\N,\N,1.44,\N,6.52,0.81,0.62,0.51,-10.34,\N,\N,\N,2019-07-06 06:07:18
LOVE,Consumer Services,Other Specialty Stores,433.74,\N,\N,2.35,\N,-0.59,-3.71,-0.22,0.62,-0.67,\N,\N,\N,2019-07-06 06:07:33
MSG,Consumer Services,Services-Misc. Amusement & Recreation,6470,\N,\N,4.04,\N,0.38,-1.94,-1.36,3.42,1.48,\N,\N,\N,2019-07-06 16:29:51
MDCO,Health Care,Major Pharmaceuticals,2490,\N,\N,\N,\N,\N,\N,\N,\N,\N,\N,\N,invalid literal for float(): -1\,760.58,\N
MEET,Consumer Services,Advertising,250.61,\N,\N,1.38,\N,-0.06,0,0.02,0.06,0.02,\N,\N,\N,2019-07-06 06:08:03
MIK,Consumer Services,Recreational Products/Toys,1370,\N,\N,0.23,\N,0.15,0.15,0.5,1.15,0.24,\N,\N,\N,2019-07-06 06:08:16
MIDD,Technology,Industrial Machinery/Components,7410,\N,\N,2.73,\N,1.18,1.51,1.31,1.7,1.24,\N,\N,\N,2019-07-06 06:08:30
STKS,Consumer Services,Restaurants,90.47,\N,\N,1.03,\N,0.01,0.01,-0.01,0.11,0.03,\N,\N,\N,2019-07-06 06:08:45
PRSC,Consumer Services,Transportation Services,744.54,\N,\N,0.52,\N,0.29,-0.95,0.41,-1.67,-0.04,\N,\N,\N,2019-07-06 06:08:59
RMR,Consumer Services,Professional Services,1350,\N,\N,4.97,\N,0.52,0.52,0.5,3.22,0.5,\N,\N,\N,2019-07-06 06:09:13
SMPL,Consumer Non-Durables,Packaged Foods,1960,\N,\N,4.39,\N,0.1,0.15,0.18,0.15,0.16,\N,\N,\N,2019-07-06 06:09:27
TSG,Technology,Computer Software: Programming\, Data Processing,4640,\N,\N,2.19,\N,0.36,-1.01,0.06,-0.15,0.1,\N,\N,\N,2019-07-06 06:09:41
TTD,Technology,Computer Software: Programming\, Data Processing,10100,\N,\N,20.69,\N,0.2,0.43,0.44,0.84,0.21,\N,\N,\N,2019-07-06 06:09:54
YORW,Public Utilities,Water Supply,455.3,\N,\N,9.76,\N,0.2,0.26,0.29,0.29,0.22,\N,\N,\N,2019-07-06 06:10:08
NCTY,Miscellaneous,Business Services,36.53,\N,\N,\N,\N,\N,\N,\N,\N,\N,\N,\N,could not convert string to float: N/A,\N
TXMD,Health Care,Major Pharmaceuticals,593.41,\N,\N,40.77,\N,-0.11,-0.15,-0.16,-0.17,-0.16,\N,\N,\N,2019-07-06 06:10:22
TRPX,Health Care,Major Pharmaceuticals,8.77,\N,\N,\N,\N,\N,\N,\N,\N,\N,\N,\N,could not convert string to float: N/A,\N
TBPH,Health Care,Major Pharmaceuticals,898.76,\N,\N,16.33,\N,-1.22,-0.76,-1.1,-0.92,-1.32,\N,\N,\N,2019-07-06 06:10:37
TST,Consumer Services,Newspapers/Magazines,32.55,\N,\N,0.62,\N,-0.1,5.4,-0.4,-1.4,9.35,\N,\N,\N,2019-07-06 06:10:52
TBRG,Finance,Business Services,335.27,\N,\N,\N,\N,\N,\N,\N,\N,\N,\N,\N,could not convert string to float: N/A,\N
TIBR,Finance,Business Services,222.09,\N,\N,\N,\N,\N,\N,\N,\N,\N,\N,\N,could not convert string to float: N/A,\N
TTS,Consumer Services,Home Furnishings,202.92,\N,\N,0.61,\N,0.08,0.1,0.05,-0.02,0.03,\N,\N,\N,2019-07-06 06:11:08
TLRY,Consumer Durables,Specialty Chemicals,3770,\N,\N,\N,\N,\N,\N,\N,\N,\N,\N,\N,,\N
TSBK,Finance,Banks,223.45,\N,\N,4.21,\N,0.57,0.59,0.59,0.66,0.72,\N,\N,\N,2019-07-06 06:11:52
TIPT,Finance,Property-Casualty Insurers,218.55,\N,\N,\N,\N,\N,\N,\N,\N,\N,\N,\N,,\N
TITN,Consumer Services,Other Specialty Stores,408.85,\N,\N,0.33,\N,-0.07,0.23,0.48,-0.1,-0.02,\N,\N,\N,2019-07-06 06:12:21
TMDI,Health Care,Medical/Dental Instruments,71.02,\N,\N,\N,\N,\N,\N,\N,\N,\N,\N,\N,could not convert string to float: N/A,\N
TTNP,Health Care,Biotechnology: Biological Products (No Diagnostic ,19.45,\N,\N,2.54,\N,-0.72,-0.24,-0.66,-0.27,-0.34,\N,\N,\N,2019-07-06 06:12:35
TVTY,Health Care,Hospital/Nursing Management,809.03,\N,\N,1.19,\N,0.49,0.54,0.59,0.67,0.1,\N,\N,\N,2019-07-06 06:12:58
TIVO,Miscellaneous,Multi-Sector Companies,880.89,\N,\N,1.34,\N,-0.15,-0.17,-0.19,-2.33,-0.21,\N,\N,\N,2019-07-06 06:13:29
TLSA,Health Care,Major Pharmaceuticals,115.46,\N,\N,\N,\N,\N,\N,\N,\N,\N,\N,\N,could not convert string to float: N/A,\N
TKKS,Finance,Business Services,314.81,\N,\N,\N,\N,\N,\N,\N,\N,\N,\N,\N,could not convert string to float: N/A,\N
TMUS,Public Utilities,Telecommunications Equipment,63710,\N,\N,1.48,\N,0.78,0.92,0.93,0.75,1.06,\N,\N,\N,2019-07-06 06:13:45
TMSR,Finance,Business Services,32.65,\N,\N,1.24,\N,0.09,0.08,0.01,-0.07,-0.04,\N,\N,\N,2019-07-06 06:14:00
TOCA,Health Care,Major Pharmaceuticals,147.54,\N,\N,8.12,\N,-0.65,-0.81,-0.02,-0.96,-0.74,\N,\N,\N,2019-07-06 06:14:13
TNXP,Health Care,Major Pharmaceuticals,8.28,\N,\N,\N,\N,\N,\N,\N,\N,\N,\N,\N,could not convert string to float: N/A,\N
TOPS,Transportation,Marine Transportation,11.29,\N,\N,\N,\N,\N,\N,\N,\N,\N,\N,\N,,\N
TRCH,Energy,Oil & Gas Production,80.01,\N,\N,81.12,\N,-0.03,-0.02,-0.01,-0.03,-0.02,\N,\N,\N,2019-07-06 06:14:43
TRMD,Transportation,Marine Transportation,648.1,\N,\N,0.96,\N,0.01,-0.13,-0.34,-0.02,0.31,\N,\N,\N,2019-07-06 06:14:58
TOTA,Finance,Business Services,60.84,\N,\N,\N,\N,\N,\N,\N,\N,\N,\N,\N,could not convert string to float: N/A,\N
TBLT,Capital Goods,Industrial Machinery/Components,5.77,\N,\N,\N,\N,\N,\N,\N,\N,\N,\N,\N,,\N
TSEM,Technology,Semiconductors,1550,\N,\N,1.31,\N,0.26,0.37,0.33,0.36,0.25,\N,\N,\N,2019-07-06 06:15:26
CLUB,Consumer Services,Hotels/Resorts,59.57,\N,\N,0.14,\N,0.04,0.02,-0.15,0.09,-0.08,\N,\N,\N,2019-07-06 06:15:40
TPIC,Energy,Industrial Machinery/Components,846.67,\N,\N,0.8,\N,0.24,-0.12,0.26,-0.26,-0.35,\N,\N,\N,2019-07-06 06:15:53
TCON,Health Care,Biotechnology: Biological Products (No Diagnostic ,22.75,\N,\N,\N,\N,\N,\N,\N,\N,\N,\N,\N,,\N
TSCO,Consumer Services,RETAIL: Building Materials,12860,\N,\N,1.66,\N,0.57,1.69,0.95,1.11,0.63,\N,\N,\N,2019-07-06 06:16:08
TW,Finance,Investment Bankers/Brokers/Service,9130,\N,\N,\N,\N,\N,\N,\N,\N,\N,\N,\N,,\N
TWMC,Consumer Services,Consumer Electronics/Video Chains,10.13,\N,\N,0.03,\N,-0.22,-0.26,-0.39,-1.8,-0.21,\N,\N,\N,2019-07-06 06:16:35
TACT,Technology,Computer peripheral equipment,82.77,\N,\N,1.64,\N,0.09,0.16,0.33,0.12,0.1,\N,\N,\N,2019-07-06 06:17:05
TRNS,Capital Goods,Electrical Products,186.88,\N,\N,1.16,\N,0.33,0.19,0.2,0.21,0.35,\N,\N,\N,2019-07-06 06:17:20
TGA,Energy,Oil & Gas Production,101.56,\N,\N,0.51,\N,-0.14,0.1,-0.17,0.43,-0.12,\N,\N,\N,2019-07-06 06:17:35
TBIO,Health Care,Biotechnology: Biological Products (No Diagnostic ,632.72,\N,\N,198.83,\N,-0.61,-2.94,-0.97,-0.13,-0.74,\N,\N,\N,2019-07-06 06:17:48
TMDX,Health Care,Biotechnology: Electromedical & Electrotherapeutic,590.62,\N,\N,\N,\N,\N,\N,\N,\N,\N,\N,\N,could not convert string to float: ,\N
TA,Consumer Durables,Automotive Aftermarket,138.97,\N,\N,0.02,\N,-0.25,-0.85,-1.77,-0.15,-0.32,\N,\N,\N,2019-07-06 06:18:16
TZOO,Technology,EDP Services,185.81,\N,\N,1.59,\N,0.2,0.04,0.01,0.13,0.26,\N,\N,\N,2019-07-06 06:18:31
TRMT,Consumer Services,Real Estate Investment Trusts,33.26,\N,\N,9.15,\N,-0.31,-0.25,-0.02,0.06,0.18,\N,\N,\N,2019-07-06 06:18:45
TRVN,Health Care,Major Pharmaceuticals,88.66,\N,\N,16.6,\N,-0.14,-0.13,-0.06,-0.1,-0.06,\N,\N,\N,2019-07-06 06:18:58
TRVI,Health Care,Major Pharmaceuticals,140.89,\N,\N,\N,\N,\N,\N,\N,\N,\N,\N,\N,could not convert string to float: N/A,\N
TPCO,Consumer Services,Newspapers/Magazines,294.81,\N,\N,0.28,\N,-0.42,7.51,-0.11,0.07,-0.13,\N,\N,\N,2019-07-06 06:19:15
TCDA,Health Care,Major Pharmaceuticals,1730,\N,\N,\N,\N,\N,\N,\N,\N,\N,\N,\N,could not convert string to float: N/A,\N
TCBK,Finance,Major Banks,1140,\N,\N,4.22,\N,0.6,0.65,0.53,0.76,0.74,\N,\N,\N,2019-07-06 06:19:30
TDAC,Finance,Business Services,272.27,\N,\N,\N,\N,\N,\N,\N,\N,\N,\N,\N,could not convert string to float: N/A,\N
TRIL,Health Care,Major Pharmaceuticals,8.84,\N,\N,\N,\N,\N,\N,\N,\N,\N,\N,\N,could not convert string to float: N/A,\N
TRS,Capital Goods,Industrial Specialties,1370,\N,\N,1.6,\N,0.53,0.42,0.49,0.36,0.42,\N,\N,\N,2019-07-06 06:19:46
TRMB,Capital Goods,Industrial Machinery/Components,10980,\N,\N,3.66,\N,0.23,0.25,0.29,0.34,0.25,\N,\N,\N,2019-07-06 06:20:01
TRIB,Health Care,Biotechnology: In Vitro & In Vivo Diagnostic Subst,34.7,\N,\N,0.38,\N,0.02,0.03,0.04,-1.15,-0.01,\N,\N,\N,2019-07-06 06:20:15
TMCX,Finance,Business Services,445.05,\N,\N,\N,\N,\N,\N,\N,\N,\N,\N,\N,could not convert string to float: N/A,\N
TRIP,Technology,Computer Software: Programming\, Data Processing,6190,\N,\N,4.14,\N,0.04,0.23,0.49,0.05,0.18,\N,\N,\N,2019-07-06 06:20:30
TSC,Finance,Major Banks,608.22,\N,\N,3.76,\N,0.36,0.48,0.47,0.5,0.48,\N,\N,\N,2019-07-06 06:20:44
TSCAP,Finance,Major Banks,780.83,\N,\N,3.74,\N,0.36,0.48,0.47,0.5,0.48,\N,\N,\N,2019-07-06 06:20:57
TSCBP,Finance,Major Banks,71.79,\N,\N,\N,\N,\N,\N,\N,\N,\N,\N,\N,could not convert string to float: ,\N
TBK,Finance,Major Banks,757.37,\N,\N,3.1,\N,0.56,0.47,0.34,0.67,0.55,\N,\N,\N,2019-07-06 06:21:27
TRVG,Technology,EDP Services,1310,\N,\N,\N,\N,\N,\N,\N,\N,\N,\N,\N,could not convert string to float: N/A,\N
TROV,Health Care,Biotechnology: Biological Products (No Diagnostic ,13.01,\N,\N,28.48,\N,-6.48,-5.28,-1.08,-1.09,-1.02,\N,\N,\N,2019-07-06 06:21:57
TRUE,Technology,Computer Software: Programming\, Data Processing,556.98,\N,\N,1.61,\N,-0.09,-0.07,-0.06,-0.06,-0.14,\N,\N,\N,2019-07-06 06:22:12
TRUP,Health Care,Medical Specialities,1150,\N,\N,3.78,\N,-0.05,-0.01,0.03,-0.01,-0.04,\N,\N,\N,2019-07-06 06:22:26
TRST,Finance,Major Banks,731.98,\N,\N,4.37,\N,0.15,0.16,0.16,0.17,0.15,\N,\N,\N,2019-07-06 06:22:41
TRMK,Finance,Major Banks,2100,\N,\N,3.69,\N,0.54,0.59,0.54,0.55,0.51,\N,\N,\N,2019-07-06 06:22:55
TSRI,Technology,EDP Services,9.16,\N,\N,0.14,\N,-0.01,0.07,0.02,-0.05,-0.34,\N,\N,\N,2019-07-06 06:23:09
TTEC,Technology,Professional Services,2080,\N,\N,1.4,\N,0.1,0.12,0.12,0.44,0.41,\N,\N,\N,2019-07-06 06:23:23
TTMI,Technology,Electrical Products,1020,\N,\N,0.38,\N,0.09,0.65,0.22,0.42,-0.03,\N,\N,\N,2019-07-06 06:23:37
TC,Miscellaneous,Business Services,209.01,\N,\N,\N,\N,\N,\N,\N,\N,\N,\N,\N,could not convert string to float: N/A,\N
TCX,Technology,EDP Services,621.95,\N,\N,1.99,\N,0.35,0.33,0.5,0.41,0.26,\N,\N,\N,2019-07-06 06:23:52
TUES,Consumer Services,Department/Specialty Retail Stores,77.07,\N,\N,0.08,\N,-0.18,-0.23,-0.18,0.35,-0.18,\N,\N,\N,2019-07-06 06:24:06
TOUR,Consumer Services,Transportation Services,386.04,\N,\N,\N,\N,\N,\N,\N,\N,\N,\N,\N,could not convert string to float: N/A,\N
TPTX,Health Care,Major Pharmaceuticals,1320,\N,\N,\N,\N,\N,\N,\N,\N,\N,\N,\N,could not convert string to float: N/A,\N
HEAR,Capital Goods,Telecommunications Equipment,162.4,\N,\N,0.56,\N,0.16,0.4,0.91,1.33,0.09,\N,\N,\N,2019-07-06 06:24:22
THCB,Finance,Business Services,348.48,\N,\N,\N,\N,\N,\N,\N,\N,\N,\N,\N,could not convert string to float: N/A,\N
BROG,Finance,Business Services,271.81,\N,\N,\N,\N,\N,\N,\N,\N,\N,\N,\N,could not convert string to float: N/A,\N
TWIN,Technology,Industrial Machinery/Components,180.1,\N,\N,0.61,\N,0.37,0.51,0.24,0.31,0.34,\N,\N,\N,2019-07-06 06:24:39
TWST,Health Care,Biotechnology: Biological Products (No Diagnostic ,954.2,\N,\N,\N,\N,\N,\N,\N,\N,\N,\N,\N,,\N
TRCB,Finance,Major Banks,123.97,\N,\N,3.09,\N,0.31,0.3,0.33,0.35,0.32,\N,\N,\N,2019-07-06 06:25:08
TYME,Health Care,Major Pharmaceuticals,115.31,\N,\N,\N,\N,\N,\N,\N,\N,\N,\N,\N,could not convert string to float: N/A,\N
USCR,Capital Goods,Building Materials,758.7,\N,\N,0.55,\N,-0.23,0.99,0.94,0.12,-0.16,\N,\N,\N,2019-07-06 06:25:23
PRTS,Consumer Services,Other Specialty Stores,42.98,\N,\N,0.15,\N,0.02,-0.02,0.01,-0.16,-0.1,\N,\N,\N,2019-07-06 06:25:37
USEG,Energy,Oil & Gas Production,5.46,\N,\N,1.04,\N,-0.07,-0.1,-0.03,-0.1,0.03,\N,\N,\N,2019-07-06 06:25:51
GROW,Finance,Investment Managers,20.21,\N,\N,5.03,\N,-0.07,-0.02,-0.08,-0.21,0.05,\N,\N,\N,2019-07-06 06:26:06
USWS,Energy,Oilfield Services/Equipment,332.32,\N,\N,0.57,\N,0.02,0.02,-0.05,-0.96,-0.45,\N,\N,\N,2019-07-06 06:26:20
UBNT,Technology,Radio And Television Broadcasting And Communicatio,9030,\N,\N,8.18,\N,1.32,0.94,1.16,1.09,1.25,\N,\N,\N,2019-07-06 06:26:50
UFPT,Capital Goods,Containers/Packaging,307.48,\N,\N,1.59,\N,0.24,0.54,0.56,0.59,0.5,\N,\N,\N,2019-07-06 06:27:05
ULTA,Consumer Services,Other Specialty Stores,20380,\N,\N,2.88,\N,2.7,2.46,2.18,3.59,3.26,\N,\N,\N,2019-07-06 06:27:20
UCTT,Technology,Semiconductors,495.61,\N,\N,0.52,\N,0.66,0.48,-0.15,-0.03,0.02,\N,\N,\N,2019-07-06 06:27:34
UPL,Energy,Oil & Gas Production,46.58,\N,\N,0.06,\N,0.24,-0.1,0.09,0.2,0.21,\N,\N,\N,2019-07-06 06:27:49
RARE,Health Care,Major Pharmaceuticals,3420,\N,\N,58.04,\N,0.62,-1.06,-1.74,-1.73,-1.82,\N,\N,\N,2019-07-06 06:28:03
ULBI,Miscellaneous,Industrial Machinery/Components,135.02,\N,\N,1.56,\N,0.13,0.1,0.09,1.21,0.03,\N,\N,\N,2019-07-06 06:28:17
UMBF,Finance,Major Banks,3080,\N,\N,3.37,\N,1.14,1.11,1.16,0.52,1.18,\N,\N,\N,2019-07-06 06:28:31
UMPQ,Finance,Savings Institutions,3590,\N,\N,3.3,\N,0.35,0.3,0.41,0.36,0.34,\N,\N,\N,2019-07-06 06:28:45
UNAM,Finance,Property-Casualty Insurers,32.64,\N,\N,1.04,\N,-0.42,0.03,-0.12,-0.09,-0.13,\N,\N,\N,2019-07-06 06:29:00
UNB,Finance,Major Banks,154.98,\N,\N,4.38,\N,0.62,0.54,0.52,-0.1,0.59,\N,\N,\N,2019-07-06 06:29:15
QURE,Health Care,Major Pharmaceuticals,2830,\N,\N,319.99,\N,-0.59,-0.57,-0.59,-0.59,-0.74,\N,\N,\N,2019-07-06 06:29:28
UBCP,Finance,Major Banks,65.46,\N,\N,2.94,\N,0.22,0.22,0.25,0.1,0.28,\N,\N,\N,2019-07-06 06:29:43
UBOH,Finance,Major Banks,63.45,\N,\N,1.94,\N,0.55,0.67,0.55,0.74,0.55,\N,\N,\N,2019-07-06 06:29:56
UBSI,Finance,Major Banks,3700,\N,\N,5.52,\N,0.59,0.63,0.62,0.62,0.62,\N,\N,\N,2019-07-06 06:30:10
UCBI,Finance,Major Banks,2180,\N,\N,4.24,\N,0.47,0.49,0.54,0.56,0.55,\N,\N,\N,2019-07-06 06:30:24
UCFC,Finance,Banks,456.72,\N,\N,4.09,\N,0.17,0.19,0.19,0.19,0.18,\N,\N,\N,2019-07-06 06:30:38
UAL,Transportation,Air Freight/Delivery Services,22380,\N,\N,0.56,\N,0.52,2.48,3.06,1.7,1.09,\N,\N,\N,2019-07-06 06:30:52
UBNK,Finance,Banks,704.04,\N,\N,3.32,\N,0.31,0.31,0.32,0.24,0.25,\N,\N,\N,2019-07-06 06:31:07
UFCS,Finance,Property-Casualty Insurers,1240,\N,\N,1.12,\N,1.8,0.01,0.43,-1.17,1.74,\N,\N,\N,2019-07-06 06:31:22
UIHC,Finance,Property-Casualty Insurers,621.01,\N,\N,0.86,\N,0.2,0.34,-0.27,-0.26,0.22,\N,\N,\N,2019-07-06 06:31:37
UNFI,Consumer Non-Durables,Food Distributors,450.1,\N,\N,0.03,\N,1.02,0.64,-0.38,-6.72,1.12,\N,\N,\N,2019-07-06 16:47:49
UBFO,Finance,Major Banks,180.68,\N,\N,4.58,\N,0.19,0.2,0.21,0.23,0.24,\N,\N,\N,2019-07-06 06:32:05
USLM,Basic Industries,Mining & Quarrying of Nonmetallic Minerals (No Fue,460.52,\N,\N,3.13,\N,0.76,1.18,0.81,0.75,0.91,\N,\N,\N,2019-07-06 06:32:18
UTHR,Health Care,Major Pharmaceuticals,3380,\N,\N,2.19,\N,5.57,3.98,2.42,1.48,-11.32,\N,\N,\N,2019-07-06 06:32:33
UG,Consumer Non-Durables,Package Goods/Cosmetics,86.33,\N,\N,6.78,\N,0.23,0.3,0.29,0.13,0.27,\N,\N,\N,2019-07-06 06:33:04
UNIT,Consumer Services,Real Estate Investment Trusts,1730,\N,\N,1.64,\N,-0.01,-0.03,0.01,0.05,0.01,\N,\N,\N,2019-07-06 06:33:19
UNTY,Finance,Major Banks,224.88,\N,\N,3.82,\N,0.48,0.49,0.5,0.53,0.52,\N,\N,\N,2019-07-06 06:33:33
UBX,Health Care,Major Pharmaceuticals,372.86,\N,\N,\N,\N,\N,\N,\N,\N,\N,\N,\N,could not convert string to float: N/A,\N
OLED,Capital Goods,Electrical Products,8390,\N,\N,30.73,\N,0.13,0.23,0.48,0.4,0.66,\N,\N,\N,2019-07-06 06:33:49
UEIC,Consumer Non-Durables,Consumer Electronics/Appliances,532.2,\N,\N,0.81,\N,-0.04,1.6,0.07,-0.8,-0.07,\N,\N,\N,2019-07-06 06:34:02
UFPI,Basic Industries,Forest Products,2230,\N,\N,0.51,\N,0.53,0.71,0.66,0.5,0.58,\N,\N,\N,2019-07-06 06:34:17
ULH,Transportation,Trucking Freight/Courier Services,619.46,\N,\N,0.44,\N,0.37,0.62,0.53,0.32,0.61,\N,\N,\N,2019-07-06 06:34:31
USAP,Basic Industries,Steel/Iron Ore,131.06,\N,\N,0.54,\N,0.28,0.5,0.44,0.07,0.14,\N,\N,\N,2019-07-06 06:34:46
UVSP,Finance,Major Banks,739.51,\N,\N,3.83,\N,0.44,0.15,0.51,0.63,0.55,\N,\N,\N,2019-07-06 06:35:00
UMRX,Health Care,Major Pharmaceuticals,69.88,\N,\N,\N,\N,\N,\N,\N,\N,\N,\N,\N,,\N
TIGR,Finance,Investment Bankers/Brokers/Service,657.29,\N,\N,\N,\N,\N,\N,\N,\N,\N,\N,\N,,\N
UPLD,Technology,Computer Software: Prepackaged Software,949.23,\N,\N,5.88,\N,-0.16,-0.26,-0.21,0.13,-0.38,\N,\N,\N,2019-07-06 06:35:46
UPWK,Technology,EDP Services,1620,\N,\N,\N,\N,\N,\N,\N,\N,\N,\N,\N,,\N
UONE,Consumer Services,Broadcasting,99.37,\N,\N,0.22,\N,-0.48,0.49,0.49,2.49,-0.15,\N,\N,\N,2019-07-06 06:36:13
UONEK,Consumer Services,Broadcasting,92.96,\N,\N,0.23,\N,-0.48,0.49,0.49,2.49,-0.15,\N,\N,\N,2019-07-06 06:36:26
URBN,Consumer Services,Clothing/Shoe/Accessory Stores,2260,\N,\N,0.58,\N,0.38,0.84,0.7,0.8,0.31,\N,\N,\N,2019-07-06 06:36:40
MYT,Basic Industries,Major Chemicals,15.42,\N,\N,\N,\N,\N,\N,\N,\N,\N,\N,\N,list index out of range,\N
URGN,Health Care,Major Pharmaceuticals,683.21,\N,\N,\N,\N,\N,\N,\N,\N,\N,\N,\N,invalid literal for float(): 1\,113.57,\N
UROV,Health Care,Major Pharmaceuticals,242.34,\N,\N,\N,\N,\N,\N,\N,\N,\N,\N,\N,could not convert string to float: N/A,\N
ECOL,Public Utilities,Environmental Services,1280,\N,\N,2.32,\N,0.42,0.6,0.61,0.62,0.36,\N,\N,\N,2019-07-06 06:37:09
USAT,Miscellaneous,Office Equipment/Supplies/Services,423.01,\N,\N,3.53,\N,0,0.01,-0.01,-0.24,0.02,\N,\N,\N,2019-07-06 06:37:22
USATP,Miscellaneous,Office Equipment/Supplies/Services,11.64,\N,\N,\N,\N,\N,\N,\N,\N,\N,\N,\N,could not convert string to float: ,\N
USAK,Transportation,Trucking Freight/Courier Services,83,\N,\N,0.15,\N,0.13,0.31,0.4,0.64,0.18,\N,\N,\N,2019-07-06 06:37:51
UTMD,Health Care,Medical/Dental Instruments,315.91,\N,\N,7.71,\N,1.09,1.15,1.8,0.91,0.84,\N,\N,\N,2019-07-06 06:38:05
UTSI,Capital Goods,Telecommunications Equipment,109.7,\N,\N,0.93,\N,0.11,0,0.06,-0.03,0.01,\N,\N,\N,2019-07-06 06:38:34
UXIN,Miscellaneous,Business Services,605.87,\N,\N,\N,\N,\N,\N,\N,\N,\N,\N,\N,could not convert string to float: N/A,\N
VCNX,Health Care,Major Pharmaceuticals,58.08,\N,\N,\N,\N,\N,\N,\N,\N,\N,\N,\N,,\N
VLRX,Health Care,Medical/Dental Instruments,15.02,\N,\N,0.56,\N,-34.4,-12.4,-9.8,-4,-3,\N,\N,\N,2019-07-06 06:39:03
VLY,Finance,Major Banks,3380,\N,\N,3.82,\N,0.12,0.21,0.2,0.22,0.33,\N,\N,\N,2019-07-06 06:39:18
VLYPO,Finance,Major Banks,102.92,\N,\N,\N,\N,\N,\N,\N,\N,\N,\N,\N,could not convert string to float: ,\N
VLYPP,Finance,Major Banks,126.45,\N,\N,\N,\N,\N,\N,\N,\N,\N,\N,\N,could not convert string to float: ,\N
VALU,Finance,Investment Managers,260.15,\N,\N,7.05,\N,0.93,0.15,0.32,0.34,0.25,\N,\N,\N,2019-07-06 06:40:01
VNDA,Health Care,Major Pharmaceuticals,741.49,\N,\N,3.74,\N,0.06,0.09,0.13,0.19,-0.01,\N,\N,\N,2019-07-06 06:40:14
VREX,Capital Goods,Industrial Machinery/Components,1130,\N,\N,1.52,\N,0.32,0.1,0.01,0.08,0.15,\N,\N,\N,2019-07-06 06:40:28
VRNS,Technology,Computer Software: Prepackaged Software,1820,\N,\N,6.82,\N,-0.53,-0.44,-0.25,0.2,-0.76,\N,\N,\N,2019-07-06 06:40:42
VBLT,Health Care,Major Pharmaceuticals,42.7,\N,\N,73.33,\N,-0.24,-0.13,-0.15,-0.1,-0.12,\N,\N,\N,2019-07-06 06:40:56
VXRT,Health Care,Biotechnology: Biological Products (No Diagnostic ,11.2,\N,\N,1.42,\N,0.49,-1.24,-0.92,-0.69,-0.18,\N,\N,\N,2019-07-06 06:41:09
VBIV,Health Care,Biotechnology: Biological Products (No Diagnostic ,109.38,\N,\N,26.31,\N,-0.19,-0.26,-0.24,-0.28,-0.15,\N,\N,\N,2019-07-06 06:41:22
VTIQ,Finance,Business Services,299.66,\N,\N,\N,\N,\N,\N,\N,\N,\N,\N,\N,could not convert string to float: N/A,\N
VTIQW,Finance,Business Services,13.93,\N,\N,\N,\N,\N,\N,\N,\N,\N,\N,\N,could not convert string to float: N/A,\N
VECO,Technology,Industrial Machinery/Components,532.51,\N,\N,1.24,\N,-0.34,-5.02,-0.19,-3.11,-0.4,\N,\N,\N,2019-07-06 06:41:39
VEON,Public Utilities,Telecommunications Equipment,4810,\N,\N,0.55,\N,-0.06,-0.08,0.49,-0.01,0.28,\N,\N,\N,2019-07-06 06:41:53
VRA,Consumer Non-Durables,Apparel,373.62,\N,\N,0.93,\N,-0.04,0.26,0.12,0.25,-0.07,\N,\N,\N,2019-07-06 06:42:07
VCYT,Health Care,Medical Specialities,1110,\N,\N,11.63,\N,-0.27,-0.18,-0.12,-0.08,-0.05,\N,\N,\N,2019-07-06 06:42:21
VSTM,Health Care,Major Pharmaceuticals,127.07,\N,\N,3.64,\N,-0.41,-0.3,-0.29,-0.38,-0.52,\N,\N,\N,2019-07-06 06:42:34
VERB,Consumer Services,Other Consumer Services,41.05,\N,\N,\N,\N,\N,\N,\N,\N,\N,\N,\N,invalid literal for float(): 1\,365.63,\N
VCEL,Health Care,Biotechnology: Biological Products (No Diagnostic ,772.84,\N,\N,8.61,\N,-0.21,-0.12,-0.02,0.11,-0.07,\N,\N,\N,2019-07-06 06:42:49
VRNT,Technology,EDP Services,3590,\N,\N,2.9,\N,-0.03,0.33,0.29,0.41,0.02,\N,\N,\N,2019-07-06 06:43:03
VRSN,Technology,EDP Services,24780,\N,\N,21.19,\N,1.09,1.04,1.13,1.5,1.35,\N,\N,\N,2019-07-06 06:43:17
VRSK,Technology,EDP Services,23620,\N,\N,9.85,\N,0.79,0.91,0.99,0.87,0.81,\N,\N,\N,2019-07-06 06:43:47
VBTX,Finance,Major Banks,1380,\N,\N,8.7,\N,0.42,0.42,0.36,0.4,0.13,\N,\N,\N,2019-07-06 06:44:02
VERI,Technology,EDP Services,160.91,\N,\N,4.78,\N,-0.81,-0.88,-0.86,-0.92,-0.84,\N,\N,\N,2019-07-06 06:44:17
VRML,Health Care,Biotechnology: In Vitro & In Vivo Diagnostic Subst,66.52,\N,\N,25.93,\N,-0.05,-0.04,-0.04,-0.04,-0.05,\N,\N,\N,2019-07-06 06:44:30
VRNA,Health Care,Major Pharmaceuticals,77.15,\N,\N,\N,\N,\N,\N,\N,\N,\N,\N,\N,could not convert string to float: N/A,\N
VRRM,Consumer Services,Transportation Services,2000,\N,\N,5.32,\N,0.02,-0.02,-0.01,-0.24,0.02,\N,\N,\N,2019-07-06 06:44:47
VRCA,Health Care,Major Pharmaceuticals,244.23,\N,\N,\N,\N,\N,\N,\N,\N,\N,\N,\N,could not convert string to float: N/A,\N
VTNR,Energy,Integrated oil Companies,62.02,\N,\N,0.34,\N,-0.1,0.03,-0.13,-0.03,-0.15,\N,\N,\N,2019-07-06 06:45:02
VRTX,Health Care,Major Pharmaceuticals,46140,\N,\N,13.7,\N,0.81,0.8,0.5,5.97,1.03,\N,\N,\N,2019-07-06 06:45:16
VERU,Health Care,Major Pharmaceuticals,131.86,\N,\N,6.08,\N,-0.07,-0.15,-0.14,-0.03,-0.06,\N,\N,\N,2019-07-06 06:45:31
VIA,Consumer Services,Television Services,14040,\N,\N,1,\N,0.66,1.29,0.98,0.8,0.93,\N,\N,\N,2019-07-06 06:45:45
VIAB,Consumer Services,Television Services,11900,\N,\N,0.99,\N,0.66,1.29,0.98,0.8,0.93,\N,\N,\N,2019-07-06 06:46:00
VSAT,Technology,Radio And Television Broadcasting And Communicatio,4960,\N,\N,2.41,\N,-0.34,-0.57,-0.43,-0.17,0.04,\N,\N,\N,2019-07-06 06:46:14
VIAV,Technology,Semiconductors,3020,\N,\N,2.91,\N,-0.04,-0.13,-0.07,0.06,-0.02,\N,\N,\N,2019-07-06 06:46:28
VICL,Health Care,Biotechnology: Biological Products (No Diagnostic ,19.4,\N,\N,21.11,\N,-0.29,-0.22,-0.07,-0.17,-0.21,\N,\N,\N,2019-07-06 06:46:42
VICR,Capital Goods,Industrial Machinery/Components,1130,\N,\N,4.39,\N,0.1,0.19,0.32,0.17,0.1,\N,\N,\N,2019-07-06 06:46:57
VCTR,Finance,Investment Managers,1130,\N,\N,3.16,\N,0.16,0.26,0.29,0.19,0.2,\N,\N,\N,2019-07-06 06:47:12
VRAY,Health Care,Biotechnology: Electromedical & Electrotherapeutic,827.98,\N,\N,11.24,\N,-0.11,-0.3,-0.39,-0.17,-0.34,\N,\N,\N,2019-07-06 06:47:25
VKTX,Health Care,Major Pharmaceuticals,577.82,\N,\N,\N,\N,\N,\N,\N,\N,\N,\N,\N,could not convert string to float: N/A,\N
VBFC,Finance,Major Banks,48.19,\N,\N,1.99,\N,0.21,0.45,0.79,0.6,0.56,\N,\N,\N,2019-07-06 06:47:40
VFF,Consumer Non-Durables,Farming/Seeds/Milling,533.65,\N,\N,3.74,\N,-0.01,-0.03,-0.05,-0.04,0.01,\N,\N,\N,2019-07-06 06:47:54
VLGEA,Consumer Services,Food Chains,386.38,\N,\N,0.22,\N,0.45,0.42,0.43,0.53,0.35,\N,\N,\N,2019-07-06 06:48:08
VIOT,Consumer Durables,Consumer Electronics/Appliances,565.91,\N,\N,\N,\N,\N,\N,\N,\N,\N,\N,\N,could not convert string to float: N/A,\N
VNOM,Energy,Oil & Gas Production,1840,\N,\N,14.61,\N,0.38,1.35,0.05,-0.01,0.61,\N,\N,\N,2019-07-06 06:48:23
VIRC,Consumer Durables,Industrial Specialties,69.74,\N,\N,0.37,\N,-0.23,0.35,0.19,-0.42,-0.2,\N,\N,\N,2019-07-06 06:48:36
VTSI,Consumer Services,Services-Misc. Amusement & Recreation,18.1,\N,\N,1.06,\N,-0.01,0.26,0.01,-0.13,-0.04,\N,\N,\N,2019-07-06 06:49:06
VIRT,Finance,Investment Bankers/Brokers/Service,4190,\N,\N,3.76,\N,1.86,0.24,0.08,0.74,-0.07,\N,\N,\N,2019-07-06 06:49:22
VRTS,Finance,Investment Managers,705.86,\N,\N,1.35,\N,2.77,2.75,3.19,0.01,2.61,\N,\N,\N,2019-07-06 06:49:37
VRTSP,Finance,Investment Managers,103.36,\N,\N,\N,\N,\N,\N,\N,\N,\N,\N,\N,could not convert string to float: ,\N
VRTU,Technology,EDP Services,1290,\N,\N,1.09,\N,0.06,-0.25,0.01,0.37,0.24,\N,\N,\N,2019-07-06 06:50:03
VISL,Capital Goods,Telecommunications Equipment,3.3,\N,\N,0.09,\N,-2.5,-4,-1.3,-1.8,-1.62,\N,\N,\N,2019-07-06 06:50:18
VTGN,Health Care,Major Pharmaceuticals,29.2,\N,\N,\N,\N,\N,\N,\N,\N,\N,\N,\N,could not convert string to float: N/A,\N
VC,Capital Goods,Auto Parts:O.E.M.,1550,\N,\N,0.54,\N,2.11,1.17,0.71,1.49,0.49,\N,\N,\N,2019-07-06 06:50:32
VIVE,Health Care,Biotechnology: Electromedical & Electrotherapeutic,18.36,\N,\N,0.95,\N,-0.49,-0.37,-0.39,-0.38,-0.22,\N,\N,\N,2019-07-06 06:50:46
VVPR,Public Utilities,Power Generation,20.2,\N,\N,0.55,\N,-0.05,-0.04,-0.01,-0.01,-0.05,\N,\N,\N,2019-07-06 06:51:00
VVUS,Health Care,Major Pharmaceuticals,37.12,\N,\N,0.59,\N,-1,-1.2,-0.87,-0.42,-0.75,\N,\N,\N,2019-07-06 06:51:14
VOD,Public Utilities,Telecommunications Equipment,41930,\N,\N,\N,\N,\N,\N,\N,\N,\N,\N,\N,could not convert string to float: N/A,\N
VOXX,Technology,Electronic Components,90.75,\N,\N,0.22,\N,0.5,-0.04,-0.85,0.5,-1.5,\N,\N,\N,2019-07-06 06:51:29
VYGR,Health Care,Biotechnology: Biological Products (No Diagnostic ,950.28,\N,\N,85.37,\N,-0.63,-0.8,-0.63,-0.7,-0.81,\N,\N,\N,2019-07-06 06:51:44
VSEC,Consumer Services,Military/Government/Technical,280.73,\N,\N,0.43,\N,0.65,0.8,0.92,0.84,0.6,\N,\N,\N,2019-07-06 06:51:57
VTVT,Health Care,Major Pharmaceuticals,69.81,\N,\N,6.7,\N,-0.3,-0.31,-0.06,-0.1,-0.26,\N,\N,\N,2019-07-06 06:52:12
VUZI,Technology,Radio And Television Broadcasting And Communicatio,119.79,\N,\N,11.62,\N,-0.22,-0.24,-0.19,-0.22,-0.25,\N,\N,\N,2019-07-06 06:52:26
WAFU,Consumer Services,Other Consumer Services,13.26,\N,\N,\N,\N,\N,\N,\N,\N,\N,\N,\N,list index out of range,\N
WTRH,Miscellaneous,Business Services,462.35,\N,\N,4.51,\N,-0.03,-0.02,-0.11,-0.52,-0.38,\N,\N,\N,2019-07-06 06:52:57
WBA,Health Care,Medical/Nursing Services,48410,\N,\N,0.36,\N,1.35,1.55,1.18,1.24,1.13,\N,\N,\N,2019-07-06 06:53:11
WAFD,Finance,Major Banks,2660,\N,\N,5.25,\N,0.57,0.61,0.62,0.65,0.63,\N,\N,\N,2019-07-06 06:53:25
WASH,Finance,Major Banks,874.38,\N,\N,4.68,\N,0.93,1.01,1.01,0.98,1,\N,\N,\N,2019-07-06 06:53:40
WSBF,Finance,Savings Institutions,470.66,\N,\N,2.78,\N,0.25,0.34,0.31,0.21,0.24,\N,\N,\N,2019-07-06 06:53:54
WVE,Health Care,Major Pharmaceuticals,886.65,\N,\N,55.99,\N,-1.26,-1.23,-1.28,-1.28,-1.36,\N,\N,\N,2019-07-06 06:54:09
WSTG,Technology,Retail: Computer Software & Peripheral Equipment,51.52,\N,\N,0.27,\N,0.36,-0.25,0.29,0.39,0.32,\N,\N,\N,2019-07-06 06:54:23
WCFB,Finance,Major Banks,21.77,\N,\N,6.12,\N,0.12,0.01,0,-0.04,-0.01,\N,\N,\N,2019-07-06 06:54:53
WDFC,Basic Industries,Major Chemicals,2180,\N,\N,5.46,\N,1.05,1.15,1.54,0.95,1.14,\N,\N,\N,2019-07-06 06:55:08
HHHH,Finance,Business Services,75.32,\N,\N,\N,\N,\N,\N,\N,\N,\N,\N,\N,could not convert string to float: N/A,\N
WB,Technology,Computer Software: Programming\, Data Processing,9350,\N,\N,5.59,\N,0.44,0.62,0.73,0.73,0.66,\N,\N,\N,2019-07-06 06:55:23
WW,Consumer Services,Other Consumer Services,1260,\N,\N,0.86,\N,0.56,1.01,1,0.63,-0.16,\N,\N,\N,2019-07-06 06:55:38
WEBK,Finance,Banks,84.83,\N,\N,3.13,\N,0.58,0.57,0.62,0.63,0.52,\N,\N,\N,2019-07-06 06:55:53
WEN,Consumer Services,Restaurants,4490,\N,\N,3.54,\N,0.08,0.12,1.6,0.08,0.14,\N,\N,\N,2019-07-06 06:56:07
WERN,Transportation,Trucking Freight/Courier Services,2060,\N,\N,0.87,\N,0.38,0.53,0.66,0.77,0.51,\N,\N,\N,2019-07-06 06:56:21
WSBC,Finance,Major Banks,2010,\N,\N,4.48,\N,0.76,0.71,0.64,0.8,0.74,\N,\N,\N,2019-07-06 06:56:34
WTBA,Finance,Major Banks,342.2,\N,\N,5.01,\N,0.45,0.41,0.43,0.44,0.42,\N,\N,\N,2019-07-06 06:56:49
WABC,Finance,Major Banks,1620,\N,\N,8.42,\N,0.66,0.67,0.63,0.71,0.73,\N,\N,\N,2019-07-06 06:57:03
WSTL,Public Utilities,Telecommunications Equipment,27.65,\N,\N,0.64,\N,-0.06,0,-0.11,-0.1,-0.52,\N,\N,\N,2019-07-06 06:57:17
WDC,Technology,Electronic Components,12040,\N,\N,0.79,\N,0.2,2.46,1.71,-1.68,-1.99,\N,\N,\N,2019-07-06 06:57:30
WNEB,Finance,Savings Institutions,237.46,\N,\N,3.84,\N,0.12,0.18,0.14,0.14,0.13,\N,\N,\N,2019-07-06 06:57:44
WPRT,Energy,Industrial Machinery/Components,336.12,\N,\N,1.35,\N,-0.11,-0.04,-0.02,-0.07,-0.02,\N,\N,\N,2019-07-06 06:57:58
WWR,Basic Industries,Precious Metals,9.86,\N,\N,\N,\N,\N,\N,\N,\N,\N,\N,\N,could not convert string to float: N/A,\N
WEYS,Consumer Non-Durables,Apparel,261.46,\N,\N,0.88,\N,0.29,0.15,0.6,0.93,0.4,\N,\N,\N,2019-07-06 06:58:13
WHLR,Consumer Services,Real Estate Investment Trusts,15.32,\N,\N,0.22,\N,-0.57,-0.51,-0.41,-1.66,-0.31,\N,\N,\N,2019-07-06 06:58:27
WHLRD,Consumer Services,Real Estate Investment Trusts,54.01,\N,\N,\N,\N,\N,\N,\N,\N,\N,\N,\N,could not convert string to float: ,\N
WHLRP,Consumer Services,Real Estate Investment Trusts,10.19,\N,\N,\N,\N,\N,\N,\N,\N,\N,\N,\N,could not convert string to float: ,\N
WHLM,Consumer Services,Professional Services,32.14,\N,\N,0.41,\N,0.04,0.07,0.04,0.01,-0.02,\N,\N,\N,2019-07-06 06:59:09
WVVI,Consumer Non-Durables,Beverages (Production/Distribution),34.5,\N,\N,1.47,\N,0.02,0.11,0.08,0.17,0.03,\N,\N,\N,2019-07-06 06:59:23
WVVIP,Consumer Non-Durables,Beverages (Production/Distribution),21.3,\N,\N,\N,\N,\N,\N,\N,\N,\N,\N,\N,could not convert string to float: ,\N
WLDN,Consumer Services,Military/Government/Technical,393.45,\N,\N,1.25,\N,0.24,0.36,0.35,0.11,-0.04,\N,\N,\N,2019-07-06 06:59:51
WLFC,Consumer Durables,Industrial Specialties,335.48,\N,\N,0.9,\N,1,1.26,1.47,2.91,3.35,\N,\N,\N,2019-07-06 07:00:06
WLTW,Finance,Specialty Insurers,24850,\N,\N,2.96,\N,1.61,0.44,0.33,2.89,2.2,\N,\N,\N,2019-07-06 07:00:37
WING,Consumer Services,Restaurants,2670,\N,\N,16.64,\N,0.21,0.23,0.21,0.08,0.22,\N,\N,\N,2019-07-06 07:00:51
WINA,Consumer Services,Other Specialty Stores,666.12,\N,\N,8.91,\N,1.69,1.73,2.01,1.83,1.73,\N,\N,\N,2019-07-06 07:01:05
WINS,Finance,Finance: Consumer Services,320.38,\N,\N,12.57,\N,0.16,0.01,0.23,0.15,0.39,\N,\N,\N,2019-07-06 07:01:19
WTFC,Finance,Major Banks,4030,\N,\N,3.15,\N,1.4,1.53,1.57,1.35,1.52,\N,\N,\N,2019-07-06 07:01:34
WTFCM,Finance,Major Banks,142.25,\N,\N,\N,\N,\N,\N,\N,\N,\N,\N,\N,could not convert string to float: ,\N
WETF,Finance,Investment Bankers/Brokers/Service,953.58,\N,\N,3.47,\N,0.07,0.1,0.13,-0.08,0.05,\N,\N,\N,2019-07-06 07:02:02
WIX,Technology,Computer Software: Programming\, Data Processing,6970,\N,\N,11.19,\N,-0.42,-0.12,-0.12,-0.12,-0.62,\N,\N,\N,2019-07-06 07:02:18
WWD,Energy,Industrial Machinery/Components,6910,\N,\N,2.63,\N,0.6,0.77,1.16,0.77,1.2,\N,\N,\N,2019-07-06 07:02:32
WDAY,Technology,EDP Services,46220,\N,\N,16.12,\N,-0.35,-0.4,-0.7,-0.47,-0.52,\N,\N,\N,2019-07-06 07:02:47
WKHS,Capital Goods,Auto Manufacturing,186.55,\N,\N,317.39,\N,-0.16,-0.18,-0.12,-0.32,-0.11,\N,\N,\N,2019-07-06 07:03:01
WRLD,Finance,Finance: Consumer Services,1450,\N,\N,2.86,\N,3.18,-2.37,1.56,0.67,4.09,\N,\N,\N,2019-07-06 07:03:16
WRTC,Capital Goods,Ordnance And Accessories,181.3,\N,\N,\N,\N,\N,\N,\N,\N,\N,\N,\N,invalid literal for float(): 1\,183.19,\N
WMGI,Health Care,Industrial Specialties,3710,\N,\N,3.95,\N,-0.24,-0.64,-0.38,-0.27,-0.29,\N,\N,\N,2019-07-06 07:03:31
WSFS,Finance,Major Banks,2150,\N,\N,5.51,\N,1.16,0.89,1.2,0.93,0.33,\N,\N,\N,2019-07-06 07:03:46
WVFC,Finance,Banks,34.5,\N,\N,4.52,\N,0.35,0.32,0.42,0.38,0.42,\N,\N,\N,2019-07-06 07:03:59
WYNN,Consumer Services,Hotels/Resorts,12810,\N,\N,2.14,\N,-1.99,1.44,1.44,4.41,0.98,\N,\N,\N,2019-07-06 07:04:12
XFOR,Health Care,Biotechnology: Biological Products (No Diagnostic ,181.72,\N,\N,\N,\N,\N,\N,\N,\N,\N,\N,\N,could not convert string to float: N/A,\N
XBIT,Health Care,Major Pharmaceuticals,307.21,\N,\N,\N,\N,\N,\N,\N,\N,\N,\N,\N,could not convert string to float: N/A,\N
XELB,Miscellaneous,Multi-Sector Companies,25.35,\N,\N,1.1,\N,0.03,-0.01,0.05,-0.02,0.01,\N,\N,\N,2019-07-06 07:04:29
XEL,Public Utilities,Power Generation,31390,\N,\N,2.66,\N,0.57,0.52,0.96,0.42,0.61,\N,\N,\N,2019-07-06 07:04:43
XNCR,Health Care,Major Pharmaceuticals,2170,\N,\N,16.23,\N,-0.62,-0.46,0.05,-0.32,1.38,\N,\N,\N,2019-07-06 07:04:57
XBIO,Health Care,Major Pharmaceuticals,95.67,\N,\N,\N,\N,\N,\N,\N,\N,\N,\N,\N,could not convert string to float: N/A,\N
XENE,Health Care,Major Pharmaceuticals,246.39,\N,\N,\N,\N,\N,\N,\N,\N,\N,\N,\N,could not convert string to float: N/A,\N
XERS,Health Care,Major Pharmaceuticals,291.49,\N,\N,133.03,\N,-0.86,-3.07,-0.71,-0.98,-1.07,\N,\N,\N,2019-07-06 07:05:12
XLNX,Technology,Semiconductors,27600,\N,\N,9.53,\N,0.56,0.74,0.84,0.93,0.95,\N,\N,\N,2019-07-06 07:05:42
XOMA,Health Care,Major Pharmaceuticals,138.63,\N,\N,10.17,\N,-0.46,-0.23,-0.55,-0.35,0.21,\N,\N,\N,2019-07-06 07:05:58
XPER,Technology,Semiconductors,956.11,\N,\N,2.57,\N,-0.67,-0.58,-0.44,1.68,-0.51,\N,\N,\N,2019-07-06 07:06:13
XSPA,Consumer Services,Other Consumer Services,3.56,\N,\N,0.06,\N,-18,-2.6,-2.2,-3.2,-1.61,\N,\N,\N,2019-07-06 07:06:28
XTLB,Health Care,Major Pharmaceuticals,10.67,\N,\N,\N,\N,\N,\N,\N,\N,\N,\N,\N,could not convert string to float: N/A,\N
XNET,Technology,Computer Software: Prepackaged Software,173.32,\N,\N,0.91,\N,0.12,0.01,-0.24,-0.48,-0.13,\N,\N,\N,2019-07-06 07:06:43
XYN,Health Care,Major Pharmaceuticals,169.22,\N,\N,\N,\N,\N,\N,\N,\N,\N,\N,\N,could not convert string to float: N/A,\N
YNDX,Technology,Computer Software: Programming\, Data Processing,12280,\N,\N,\N,\N,\N,\N,\N,\N,\N,\N,\N,could not convert string to float: N/A,\N
YRIV,Finance,Real Estate,90.78,\N,\N,\N,\N,\N,\N,\N,\N,\N,\N,\N,could not convert string to float: N/A,\N
YTRA,Consumer Services,Transportation Services,186.15,\N,\N,\N,\N,\N,\N,\N,\N,\N,\N,\N,could not convert string to float: N/A,\N
YTEN,Basic Industries,Containers/Packaging,10.75,\N,\N,18.03,\N,-0.24,-0.24,-0.26,-0.19,-0.22,\N,\N,\N,2019-07-06 07:07:02
YIN,Finance,Investment Bankers/Brokers/Service,294.31,\N,\N,\N,\N,\N,\N,\N,\N,\N,\N,\N,could not convert string to float: N/A,\N
YMAB,Health Care,Major Pharmaceuticals,769.36,\N,\N,\N,\N,\N,\N,\N,\N,\N,\N,\N,could not convert string to float: N/A,\N
YOGA,Consumer Services,Other Consumer Services,12.18,\N,\N,0.17,\N,-0.24,-0.41,-0.84,-0.65,-0.2,\N,\N,\N,2019-07-06 07:07:18
YGYI,Consumer Services,Catalog/Specialty Distribution,158.9,\N,\N,0.95,\N,-0.13,-0.03,-0.46,-0.46,-0.49,\N,\N,\N,2019-07-06 07:07:31
YRCW,Transportation,Trucking Freight/Courier Services,127.23,\N,\N,0.03,\N,-0.44,0.43,0.09,0.64,-1.48,\N,\N,\N,2019-07-06 07:07:45
YJ,Consumer Services,Other Specialty Stores,2240,\N,\N,\N,\N,\N,\N,\N,\N,\N,\N,\N,could not convert string to float: N/A,\N
YY,Technology,EDP Services,5420,\N,\N,\N,\N,\N,\N,\N,\N,\N,\N,\N,could not convert string to float: N/A,\N
ZFGN,Health Care,Major Pharmaceuticals,47.78,\N,\N,\N,\N,\N,\N,\N,\N,\N,\N,\N,could not convert string to float: N/A,\N
ZAGG,Consumer Services,Other Specialty Stores,188.64,\N,\N,0.42,\N,0.24,0.11,0.51,0.52,-0.5,\N,\N,\N,2019-07-06 07:08:02
ZLAB,Health Care,Major Pharmaceuticals,2020,\N,\N,\N,\N,\N,\N,\N,\N,\N,\N,\N,invalid literal for float(): 18\,557.94,\N
ZEAL,Health Care,Major Pharmaceuticals,668.35,\N,\N,\N,\N,\N,\N,\N,\N,\N,\N,\N,could not convert string to float: N/A,\N
ZBRA,Technology,Industrial Machinery/Components,10660,\N,\N,2.72,\N,2.01,1.29,2.34,2.11,2.12,\N,\N,\N,2019-07-06 07:08:19
Z,Miscellaneous,Business Services,6050,\N,\N,6.61,\N,-0.1,-0.02,0,-0.48,-0.33,\N,\N,\N,2019-07-06 07:08:33
ZG,Miscellaneous,Business Services,8660,\N,\N,6.62,\N,-0.1,-0.02,0,-0.48,-0.33,\N,\N,\N,2019-07-06 07:08:46
ZN,Energy,Oil & Gas Production,26.27,\N,\N,\N,\N,\N,\N,\N,\N,\N,\N,\N,could not convert string to float: N/A,\N
ZION,Finance,Major Banks,8030,\N,\N,3.01,\N,1.09,0.89,1.04,1.08,1.04,\N,\N,\N,2019-07-06 07:09:18
ZIOP,Health Care,Major Pharmaceuticals,914.28,\N,\N,\N,\N,\N,\N,\N,\N,\N,\N,\N,,\N
ZIXI,Technology,EDP Services,513.26,\N,\N,6.48,\N,0.04,0.03,0.05,0.17,-0.17,\N,\N,\N,2019-07-06 07:09:34
ZKIN,Capital Goods,Metal Fabrications,23.51,\N,\N,\N,\N,\N,\N,\N,\N,\N,\N,\N,list index out of range,\N
ZGNX,Health Care,Major Pharmaceuticals,1680,\N,\N,\N,\N,\N,\N,\N,\N,\N,\N,\N,could not convert string to float: N/A,\N
ZM,Technology,Computer Software: Programming\, Data Processing,23170,\N,\N,\N,\N,\N,\N,\N,\N,\N,\N,\N,,\N
ZSAN,Health Care,Major Pharmaceuticals,55.47,\N,\N,\N,\N,\N,\N,\N,\N,\N,\N,\N,could not convert string to float: N/A,\N
ZVO,Consumer Services,Other Consumer Services,99.11,\N,\N,0.26,\N,0.08,0.63,0.16,-0.71,-0.24,\N,\N,\N,2019-07-06 07:10:17
ZS,Technology,EDP Services,9280,\N,\N,37.45,\N,-0.14,-0.06,-0.06,-0.03,-0.1,\N,\N,\N,2019-07-06 07:10:32
ZUMZ,Consumer Services,Clothing/Shoe/Accessory Stores,639.15,\N,\N,0.68,\N,-0.1,0.17,0.55,1.18,0.03,\N,\N,\N,2019-07-06 07:10:46
ZYNE,Health Care,Major Pharmaceuticals,264.49,\N,\N,\N,\N,\N,\N,\N,\N,\N,\N,\N,invalid literal for float(): 3\,783.70,\N
ZYXI,Health Care,Biotechnology: Electromedical & Electrotherapeutic,338.57,\N,\N,8.86,\N,0.06,0.07,0.08,0.08,0.07,\N,\N,\N,2019-07-06 07:11:02
ZNGA,Technology,EDP Services,5490,\N,\N,6.16,\N,0.01,0,0.01,0,-0.14,\N,\N,\N,2019-07-06 07:11:17
DDD,Technology,Computer Software: Prepackaged Software,1010,\N,\N,1.53,\N,-0.19,-0.08,-0.1,-0.04,-0.22,\N,\N,\N,2019-07-06 07:11:31
MMM,Health Care,Medical/Dental Instruments,99160,\N,\N,3.06,\N,0.98,3.07,2.58,2.27,1.51,\N,\N,\N,2019-07-06 07:11:45
WBAI,Consumer Services,Services-Misc. Amusement & Recreation,438.41,\N,\N,\N,\N,\N,\N,\N,\N,\N,\N,\N,could not convert string to float: N/A,\N
WUBA,Technology,Computer Software: Programming\, Data Processing,9330,\N,\N,\N,\N,\N,\N,\N,\N,\N,\N,\N,could not convert string to float: N/A,\N
EGHT,Technology,EDP Services,2240,\N,\N,6.76,\N,-0.14,-0.16,-0.23,-0.25,-0.29,\N,\N,\N,2019-07-06 07:12:02
AHC,Consumer Services,Newspapers/Magazines,81.54,\N,\N,0.38,\N,-0.19,-0.03,-0.05,0.01,-0.14,\N,\N,\N,2019-07-06 07:12:16
AOS,Consumer Durables,Consumer Electronics/Appliances,7710,\N,\N,2.5,\N,0.57,0.66,0.61,0.74,0.53,\N,\N,\N,2019-07-06 07:12:29
ATEN,Technology,Computer Communications Equipment,505.24,\N,\N,2.28,\N,-0.27,-0.06,-0.02,-0.02,-0.16,\N,\N,\N,2019-07-06 07:12:45
AAC,Health Care,Medical Specialities,19.99,\N,\N,0.1,\N,-0.01,-0.12,-0.47,-1.51,-0.9,\N,\N,\N,2019-07-06 07:12:59
AIR,Capital Goods,Aerospace,1230,\N,\N,0.67,\N,0.44,0.34,0.43,0.2,-1.08,\N,\N,\N,2019-07-06 07:13:13
AAN,Technology,Diversified Commercial Services,4130,\N,\N,1.11,\N,0.73,0.54,0.62,0.89,0.82,\N,\N,\N,2019-07-06 07:13:28
ABB,Consumer Durables,Electrical Products,42080,\N,\N,1.49,\N,0.27,0.32,0.28,0.15,0.25,\N,\N,\N,2019-07-06 07:13:59
ABT,Health Care,Major Pharmaceuticals,148610,\N,\N,4.87,\N,0.23,0.41,0.32,0.37,0.38,\N,\N,\N,2019-07-06 07:14:14
ABBV,Health Care,Major Pharmaceuticals,97130,\N,\N,3.27,\N,1.74,1.26,1.81,-1.23,1.65,\N,\N,\N,2019-07-06 07:14:27
ANF,Consumer Services,Clothing/Shoe/Accessory Stores,1010,\N,\N,0.3,\N,-0.62,-0.06,0.35,1.42,-0.29,\N,\N,\N,2019-07-06 07:14:42
ABM,Finance,Diversified Commercial Services,2590,\N,\N,0.41,\N,0.4,0.51,0.15,0.19,0.45,\N,\N,\N,2019-07-06 07:14:56
AKR,Consumer Services,Real Estate Investment Trusts,2290,\N,\N,7.93,\N,0.09,0.09,0.11,0.09,0.15,\N,\N,\N,2019-07-06 07:15:11
ACN,Miscellaneous,Business Services,117940,\N,\N,2.92,\N,1.6,1.58,1.96,1.73,1.93,\N,\N,\N,2019-07-06 07:15:24
ACCO,Consumer Durables,Publishing,747.29,\N,\N,0.42,\N,0.09,0.24,0.34,0.34,-0.01,\N,\N,\N,2019-07-06 07:15:38
ATV,Consumer Services,Other Specialty Stores,57.61,\N,\N,1.62,\N,-0.09,8.86,1.42,0.63,1.86,\N,\N,\N,2019-07-06 07:15:52
ATU,Technology,Industrial Machinery/Components,1480,\N,\N,1.27,\N,0.48,-0.62,-0.29,0.04,0.52,\N,\N,\N,2019-07-06 07:16:05
AYI,Consumer Durables,Building Products,5330,\N,\N,1.37,\N,1.8,2.7,1.98,1.67,2.22,\N,\N,\N,2019-07-06 07:16:21
GOLF,Consumer Non-Durables,Recreational Products/Toys,1970,\N,\N,1.22,\N,0.55,0.53,0.09,0.15,0.46,\N,\N,\N,2019-07-06 07:16:34
AGRO,Consumer Non-Durables,Farming/Seeds/Milling,804.23,\N,\N,1.03,\N,0.06,-0.27,0.04,-0.04,-0.03,\N,\N,\N,2019-07-06 07:16:48
ADNT,Capital Goods,Auto Parts:O.E.M.,2080,\N,\N,0.13,\N,-1.8,0.58,-14.52,-0.18,-1.59,\N,\N,\N,2019-07-06 07:17:02
ADT,Consumer Services,Diversified Commercial Services,4440,\N,\N,0.97,\N,-0.22,-0.09,-0.31,-0.2,-0.09,\N,\N,\N,2019-07-06 07:17:14
ATGE,Consumer Services,Other Consumer Services,2540,\N,\N,2.09,\N,0.63,1.02,-0.16,0.29,0.64,\N,\N,\N,2019-07-06 07:17:29
AAP,Consumer Services,Other Specialty Stores,11080,\N,\N,1.19,\N,1.84,1.59,1.56,0.74,1.98,\N,\N,\N,2019-07-06 07:17:43
ADSW,Public Utilities,Environmental Services,2850,\N,\N,1.81,\N,0.02,0.11,-0.06,0.03,-0.07,\N,\N,\N,2019-07-06 07:17:57
WMS,Capital Goods,Containers/Packaging,1840,\N,\N,1.38,\N,-0.11,0.51,0.45,0.25,0.01,\N,\N,\N,2019-07-06 07:18:11
ASIX,Basic Industries,Major Chemicals,698.31,\N,\N,0.47,\N,0.37,0.91,0.18,0.68,0.68,\N,\N,\N,2019-07-06 07:18:25
ACM,Consumer Services,Military/Government/Technical,5760,\N,\N,0.29,\N,-0.75,0.37,0.52,0.32,0.49,\N,\N,\N,2019-07-06 07:18:40
AEG,Finance,Life Insurance,9890,\N,\N,\N,\N,\N,\N,\N,\N,\N,\N,\N,could not convert string to float: N/A,\N
AER,Technology,Diversified Commercial Services,7020,\N,\N,1.5,\N,1.72,1.7,1.79,1.62,1.68,\N,\N,\N,2019-07-06 07:18:55
HIVE,Technology,EDP Services,179.72,\N,\N,1.67,\N,-0.13,-0.05,-0.04,-0.1,-0.15,\N,\N,\N,2019-07-06 07:19:09
AJRD,Capital Goods,Military/Government/Technical,3370,\N,\N,1.94,\N,0.18,0.45,0.82,0.29,0.47,\N,\N,\N,2019-07-06 07:19:24
AMG,Finance,Investment Managers,4530,\N,\N,2.02,\N,2.77,2.16,2.34,-2.88,-3.87,\N,\N,\N,2019-07-06 07:19:54
AFL,Finance,Accident &Health Insurance,40960,\N,\N,1.93,\N,0.91,1.07,1.09,0.69,1.23,\N,\N,\N,2019-07-06 07:20:08
AGCO,Capital Goods,Industrial Machinery/Components,5900,\N,\N,0.63,\N,0.3,1.14,0.89,1.26,0.84,\N,\N,\N,2019-07-06 07:20:22
A,Capital Goods,Biotechnology: Laboratory Analytical Instruments,22910,\N,\N,4.77,\N,0.63,0.73,0.61,1.57,0.57,\N,\N,\N,2019-07-06 07:20:35
AEM,Basic Industries,Precious Metals,12060,\N,\N,5.58,\N,0.19,0.02,0.07,-1.68,0.16,\N,\N,\N,2019-07-06 07:20:49
ADC,Consumer Services,Real Estate Investment Trusts,2520,\N,\N,15.67,\N,0.53,0.41,0.48,0.37,0.48,\N,\N,\N,2019-07-06 07:21:04
AL,Technology,Diversified Commercial Services,4390,\N,\N,2.61,\N,1,1.04,1.32,1.24,1.23,\N,\N,\N,2019-07-06 07:21:19
APD,Basic Industries,Major Chemicals,49460,\N,\N,5.66,\N,1.89,2.15,2.05,1.57,1.9,\N,\N,\N,2019-07-06 07:21:33
AYR,Technology,Diversified Commercial Services,1530,\N,\N,1.87,\N,0.73,0.64,0.46,1.35,0.46,\N,\N,\N,2019-07-06 07:21:48
AKS,Basic Industries,Steel/Iron Ore,686.39,\N,\N,0.1,\N,0.09,0.18,0.21,0.11,-0.01,\N,\N,\N,2019-07-06 07:22:01
ALG,Capital Goods,Industrial Machinery/Components,1160,\N,\N,1.11,\N,1.24,1.6,2,1.41,1.3,\N,\N,\N,2019-07-06 07:22:14
AGI,Basic Industries,Precious Metals,2400,\N,\N,3.62,\N,0,-0.02,0.02,-0.18,0.04,\N,\N,\N,2019-07-06 07:22:28
ALK,Transportation,Air Freight/Delivery Services,7650,\N,\N,0.95,\N,0.03,1.56,1.75,0.19,0.03,\N,\N,\N,2019-07-06 07:22:42
AIN,Basic Industries,Textiles,2600,\N,\N,2.63,\N,0.32,0.94,0.87,0.54,0.9,\N,\N,\N,2019-07-06 07:22:55
ALB,Basic Industries,Major Chemicals,7180,\N,\N,2.21,\N,1.18,2.73,1.2,1.21,1.26,\N,\N,\N,2019-07-06 07:23:09
AA,Basic Industries,Aluminum,4180,\N,\N,0.33,\N,0.8,0.39,-0.22,0.23,-1.07,\N,\N,\N,2019-07-06 07:23:23
ALC,Health Care,Ophthalmic Goods,28810,\N,\N,\N,\N,\N,\N,\N,\N,\N,\N,\N,list index out of range,\N
ALEX,Consumer Services,Real Estate Investment Trusts,1620,\N,\N,2.54,\N,0.66,0.03,0.2,-1.9,0.12,\N,\N,\N,2019-07-06 07:23:56
ALX,Consumer Services,Real Estate Investment Trusts,1910,\N,\N,8.22,\N,-1.9,3.43,2.93,1.95,3.49,\N,\N,\N,2019-07-06 07:24:11
ARE,Consumer Services,Real Estate Investment Trusts,16140,\N,\N,12.45,\N,1.32,0.51,1.99,-0.3,1.11,\N,\N,\N,2019-07-06 07:24:24
AQN,Public Utilities,Electric Utilities: Central,6080,\N,\N,3.69,\N,0.04,0.14,0.12,0.08,0.17,\N,\N,\N,2019-07-06 07:24:38
BABA,Miscellaneous,Business Services,428930,\N,\N,\N,\N,\N,\N,\N,\N,\N,\N,\N,could not convert string to float: N/A,\N
Y,Finance,Property-Casualty Insurers,9820,\N,\N,1.33,\N,11.04,19.44,19.07,-46.93,30.39,\N,\N,\N,2019-07-06 07:24:53
ATI,Basic Industries,Steel/Iron Ore,3040,\N,\N,0.78,\N,0.42,0.52,0.37,0.3,0.12,\N,\N,\N,2019-07-06 07:25:07
ALLE,Consumer Services,Diversified Commercial Services,10110,\N,\N,3.75,\N,0.75,1.19,1.21,1.39,0.84,\N,\N,\N,2019-07-06 07:25:21
AGN,Health Care,Major Pharmaceuticals,53240,\N,\N,3.5,\N,-0.99,-1.39,-0.11,-12.83,-7.25,\N,\N,\N,2019-07-06 07:25:50
ALE,Public Utilities,Power Generation,4350,\N,\N,2.92,\N,0.99,0.61,0.59,1.19,1.37,\N,\N,\N,2019-07-06 07:26:05
ADS,Miscellaneous,Business Services,7040,\N,\N,1,\N,2.95,3.93,5.39,5.25,2.8,\N,\N,\N,2019-07-06 07:26:19
AB,Finance,Investment Managers,2740,\N,\N,10.97,\N,0.6,0.59,0.68,0.63,0.49,\N,\N,\N,2019-07-06 07:26:33
NFJ,Finance,Finance: Consumer Services,1140,\N,\N,\N,\N,\N,\N,\N,\N,\N,\N,\N,,\N
ALSN,Capital Goods,Auto Parts:O.E.M.,5490,\N,\N,2.03,\N,1.08,1.29,1.27,1.14,1.32,\N,\N,\N,2019-07-06 07:26:51
ALL,Finance,Property-Casualty Insurers,33850,\N,\N,0.85,\N,2.63,1.8,2.37,-0.91,3.74,\N,\N,\N,2019-07-06 07:27:06
ALLY,Finance,Major Banks,11850,\N,\N,2.11,\N,0.57,0.81,0.88,0.7,0.92,\N,\N,\N,2019-07-06 07:27:20
AYX,Technology,Computer Software: Prepackaged Software,6510,\N,\N,25.97,\N,-0.09,-0.09,0,0.25,0.09,\N,\N,\N,2019-07-06 07:27:33
ATUS,Consumer Services,Television Services,15860,\N,\N,2.2,\N,-0.17,-0.13,0.04,0.29,-0.04,\N,\N,\N,2019-07-06 07:27:47
MO,Consumer Non-Durables,Farming/Seeds/Milling,91260,\N,\N,4.66,\N,1,0.99,1.03,0.66,0.6,\N,\N,\N,2019-07-06 07:28:01
ACH,Basic Industries,Aluminum,5860,\N,\N,\N,\N,\N,\N,\N,\N,\N,\N,\N,could not convert string to float: N/A,\N
AMBR,Technology,Computer Software: Prepackaged Software,370.27,\N,\N,\N,\N,\N,\N,\N,\N,\N,\N,\N,list index out of range,\N
ABEV,Consumer Non-Durables,Beverages (Production/Distribution),74700,\N,\N,\N,\N,\N,\N,\N,\N,\N,\N,\N,could not convert string to float: N/A,\N
AMC,Consumer Services,Movies/Entertainment,984.43,\N,\N,0.19,\N,0.14,0.17,-0.82,0,-1.25,\N,\N,\N,2019-07-06 07:28:31
AMCR,Consumer Durables,Miscellaneous manufacturing industries,18610,\N,\N,\N,\N,\N,\N,\N,\N,\N,\N,\N,,\N
AEE,Public Utilities,Power Generation,18810,\N,\N,3.14,\N,0.62,0.97,1.45,0.28,0.78,\N,\N,\N,2019-07-06 07:28:59
AMRC,Basic Industries,Engineering & Construction,691.23,\N,\N,0.92,\N,0.15,0.19,0.23,0.24,0.09,\N,\N,\N,2019-07-06 07:29:12
AMOV,Public Utilities,Telecommunications Equipment,50140,\N,\N,\N,\N,\N,\N,\N,\N,\N,\N,\N,could not convert string to float: N/A,\N
AMX,Public Utilities,Telecommunications Equipment,49910,\N,\N,\N,\N,\N,\N,\N,\N,\N,\N,\N,could not convert string to float: N/A,\N
AAT,Consumer Services,Real Estate Investment Trusts,2740,\N,\N,8.39,\N,-0.01,0.07,0.22,0.14,0.24,\N,\N,\N,2019-07-06 07:29:27
AXL,Capital Goods,Auto Parts:O.E.M.,1330,\N,\N,0.18,\N,0.78,1.3,0.55,-3.24,0.36,\N,\N,\N,2019-07-06 07:29:42
ACC,Consumer Services,Real Estate Investment Trusts,6330,\N,\N,7.16,\N,0.18,0.33,-0.02,0.34,0.21,\N,\N,\N,2019-07-06 07:29:56
AEO,Consumer Services,Clothing/Shoe/Accessory Stores,2960,\N,\N,0.71,\N,0.22,0.34,0.48,0.43,0.23,\N,\N,\N,2019-07-06 07:30:09
AEP,Public Utilities,Electric Utilities: Central,44590,\N,\N,2.74,\N,0.92,1.07,1.17,0.73,1.16,\N,\N,\N,2019-07-06 07:30:22
AEL,Finance,Life Insurance,2430,\N,\N,1.01,\N,1.55,1.03,1.85,0.59,-0.33,\N,\N,\N,2019-07-06 07:30:51
AXP,Finance,Finance: Consumer Services,102850,\N,\N,2.77,\N,1.86,1.84,1.88,2.32,1.8,\N,\N,\N,2019-07-06 07:31:05
AFG,Finance,Property-Casualty Insurers,9190,\N,\N,1.27,\N,1.6,2.31,2.26,-0.33,3.63,\N,\N,\N,2019-07-06 07:31:19
AMH,Consumer Services,Real Estate Investment Trusts,7280,\N,\N,6.88,\N,0.02,-0.05,0.05,0.06,0.05,\N,\N,\N,2019-07-06 07:31:32
AIG,Finance,Property-Casualty Insurers,45860,\N,\N,0.97,\N,1.01,1.02,-1.41,-0.69,0.75,\N,\N,\N,2019-07-06 07:31:46
AMID,Public Utilities,Natural Gas Distribution,279.34,\N,\N,0.36,\N,-0.42,-0.48,0.39,-0.41,-0.38,\N,\N,\N,2019-07-06 07:32:00
ARL,Finance,Real Estate,213.88,\N,\N,2.53,\N,-0.06,0.35,1.26,9.25,-0.38,\N,\N,\N,2019-07-06 07:32:15
ARA,Health Care,Hospital/Nursing Management,226.97,\N,\N,0.29,\N,0.24,0.05,-0.01,-0.59,0.06,\N,\N,\N,2019-07-06 07:32:29
AWR,Public Utilities,Water Supply,2730,\N,\N,6.27,\N,0.29,0.44,0.62,0.37,0.35,\N,\N,\N,2019-07-06 07:32:44
AMT,Consumer Services,Real Estate Investment Trusts,93180,\N,\N,12.3,\N,0.63,0.69,0.83,0.62,0.89,\N,\N,\N,2019-07-06 07:32:58
AVD,Basic Industries,Agricultural Chemicals,439.23,\N,\N,1.01,\N,0.16,0.19,0.22,0.25,0.13,\N,\N,\N,2019-07-06 07:33:12
AWK,Public Utilities,Water Supply,20860,\N,\N,6.01,\N,0.59,0.9,1.04,0.62,0.62,\N,\N,\N,2019-07-06 07:33:26
COLD,Consumer Services,Real Estate Investment Trusts,6380,\N,\N,4.08,\N,-0.08,0.2,0.17,0.02,-0.03,\N,\N,\N,2019-07-06 07:33:40
APU,Consumer Services,Other Specialty Stores,3280,\N,\N,1.18,\N,1.44,-0.91,0.35,0.35,1.59,\N,\N,\N,2019-07-06 07:33:54
AMP,Finance,Investment Managers,19240,\N,\N,1.56,\N,3.91,3.1,3.43,3.76,2.82,\N,\N,\N,2019-07-06 07:34:07
ABC,Health Care,Other Pharmaceuticals,17710,\N,\N,0.11,\N,1.29,1.25,1.09,1.84,0.13,\N,\N,\N,2019-07-06 07:34:22
ANFI,Consumer Non-Durables,Packaged Foods,30.3,\N,\N,0.09,\N,0.54,0.28,0.3,0.26,-2.85,\N,\N,\N,2019-07-06 07:34:35
AMN,Technology,Professional Services,2470,\N,\N,1.19,\N,0.87,0.73,0.58,0.74,0.71,\N,\N,\N,2019-07-06 07:34:49
AMRX,Health Care,Major Pharmaceuticals,1970,\N,\N,\N,\N,\N,\N,\N,\N,\N,\N,\N,,\N
AP,Capital Goods,Fluid Controls,49.73,\N,\N,0.11,\N,0.08,-0.24,-0.56,-4.84,-1.21,\N,\N,\N,2019-07-06 07:35:18
APH,Capital Goods,Electrical Products,28320,\N,\N,3.54,\N,0.84,0.91,1.01,1.09,0.87,\N,\N,\N,2019-07-06 07:35:31
AXR,Consumer Services,Newspapers/Magazines,47.39,\N,\N,1.35,\N,-0.35,0.17,0.01,0.01,0,\N,\N,\N,2019-07-06 07:35:45
AME,Consumer Durables,Metal Fabrications,19950,\N,\N,4.18,\N,0.78,0.83,0.82,0.91,0.89,\N,\N,\N,2019-07-06 07:35:59
APC,Energy,Oil & Gas Production,35180,\N,\N,2.74,\N,0.22,0.05,0.72,0.21,-0.03,\N,\N,\N,2019-07-06 07:36:14
PLAN,Technology,Computer Software: Prepackaged Software,6400,\N,\N,\N,\N,\N,\N,\N,\N,\N,\N,\N,,\N
ANDX,Energy,Natural Gas Distribution,8860,\N,\N,3.64,\N,0.59,0.63,0.68,0.66,0.6,\N,\N,\N,2019-07-06 07:37:04
AU,Basic Industries,Precious Metals,7160,\N,\N,1.85,\N,-0.14,0,-0.35,-0.18,0.16,\N,\N,\N,2019-07-06 07:37:18
BUD,Consumer Non-Durables,Beverages (Production/Distribution),172950,\N,\N,3.15,\N,0.52,0.65,0.48,0.23,1.83,\N,\N,\N,2019-07-06 07:37:32
AXE,Consumer Non-Durables,Telecommunications Equipment,1940,\N,\N,0.23,\N,0.94,1.02,1.4,1.22,1.14,\N,\N,\N,2019-07-06 07:37:47
NLY,Consumer Services,Real Estate Investment Trusts,13500,\N,\N,-11.8,\N,1.12,0.49,0.29,-1.74,-0.63,\N,\N,\N,2019-07-06 07:38:00
AM,Public Utilities,Natural Gas Distribution,5580,\N,\N,30.39,\N,0.07,0.07,0.09,1.09,0.04,\N,\N,\N,2019-07-06 07:38:14
AR,Energy,Oil & Gas Production,1670,\N,\N,0.39,\N,0.05,-0.43,-0.49,-0.39,3.17,\N,\N,\N,2019-07-06 07:38:27
ANTM,Health Care,Medical Specialities,73350,\N,\N,0.78,\N,4.99,3.98,3.62,1.61,5.91,\N,\N,\N,2019-07-06 07:38:41
ANH,Consumer Services,Real Estate Investment Trusts,370.91,\N,\N,-35.19,\N,-0.05,0.13,0.15,-0.39,-0.23,\N,\N,\N,2019-07-06 07:38:55
AON,Finance,Specialty Insurers,46480,\N,\N,4.33,\N,2.37,0.19,0.6,1.41,2.7,\N,\N,\N,2019-07-06 07:39:09
APA,Energy,Oil & Gas Production,10610,\N,\N,1.43,\N,0.38,0.51,0.21,-1,-0.12,\N,\N,\N,2019-07-06 07:39:23
AIV,Consumer Services,Real Estate Investment Trusts,7530,\N,\N,7.89,\N,0.54,0.02,3.72,0.03,1.88,\N,\N,\N,2019-07-06 07:39:36
APY,Technology,Industrial Machinery/Components,2430,\N,\N,\N,\N,\N,\N,\N,\N,\N,\N,\N,,\N
APHA,Consumer Durables,Specialty Chemicals,1730,\N,\N,\N,\N,\N,\N,\N,\N,\N,\N,\N,could not convert string to float: N/A,\N
ARI,Consumer Services,Real Estate Investment Trusts,2540,\N,\N,8.66,\N,0.38,0.39,0.4,0.34,0.43,\N,\N,\N,2019-07-06 07:40:03
APO,Finance,Investment Managers,13440,\N,\N,9.36,\N,-0.34,0.25,0.77,-1,0.67,\N,\N,\N,2019-07-06 07:40:16
APLE,Consumer Services,Real Estate Investment Trusts,3510,\N,\N,2.76,\N,0.18,0.29,0.27,0.15,0.17,\N,\N,\N,2019-07-06 07:40:38
AIT,Consumer Durables,Industrial Specialties,2270,\N,\N,0.68,\N,0.93,1.03,1.24,0.99,0.42,\N,\N,\N,2019-07-06 07:41:07
ATR,Consumer Non-Durables,Plastic Products,7650,\N,\N,2.75,\N,0.92,0.86,0.6,0.62,0.96,\N,\N,\N,2019-07-06 07:41:28
APTV,Capital Goods,Auto Parts:O.E.M.,20140,\N,\N,1.42,\N,1.15,1.1,0.84,0.94,0.92,\N,\N,\N,2019-07-06 07:41:43
WTR,Public Utilities,Water Supply,8930,\N,\N,10.54,\N,0.29,0.37,0.44,-0.02,0.09,\N,\N,\N,2019-07-06 07:41:58
AQ,Technology,Semiconductors,464.56,\N,\N,4.31,\N,-0.04,-0.02,-0.06,-0.16,-0.37,\N,\N,\N,2019-07-06 07:42:11
WAAS,Public Utilities,Water Supply,544.41,\N,\N,3.21,\N,-0.24,-0.19,-0.1,-0.25,-0.21,\N,\N,\N,2019-07-06 07:42:24
ARMK,Consumer Services,Restaurants,8460,\N,\N,0.55,\N,0.11,0.29,0.68,0.99,0.12,\N,\N,\N,2019-07-06 07:42:38
ABR,Consumer Services,Real Estate Investment Trusts,1140,\N,\N,2.93,\N,0.42,0.25,0.36,0.47,0.26,\N,\N,\N,2019-07-06 07:42:52
ARC,Consumer Services,Professional Services,94.85,\N,\N,0.24,\N,0.01,0.09,0.06,0.04,0.01,\N,\N,\N,2019-07-06 07:43:20
MT,Basic Industries,Steel/Iron Ore,17370,\N,\N,0.24,\N,1.17,1.83,0.88,1.17,0.41,\N,\N,\N,2019-07-06 07:43:34
ARCH,Energy,Coal Mining,1490,\N,\N,0.64,\N,2.74,2.06,6.1,4.44,3.91,\N,\N,\N,2019-07-06 07:43:47
ADM,Consumer Non-Durables,Packaged Foods,22640,\N,\N,0.37,\N,0.7,1,0.94,0.55,0.41,\N,\N,\N,2019-07-06 07:44:02
AROC,Public Utilities,Natural Gas Distribution,1270,\N,\N,1.46,\N,-0.06,0.02,0.08,0.1,0.15,\N,\N,\N,2019-07-06 07:44:17
ARNC,Capital Goods,Metal Fabrications,10760,\N,\N,0.82,\N,0.29,0.24,0.32,0.44,0.39,\N,\N,\N,2019-07-06 07:44:30
ARCO,Consumer Services,Restaurants,1440,\N,\N,0.5,\N,0,0.01,0.12,0.04,0.06,\N,\N,\N,2019-07-06 07:44:44
ACA,Capital Goods,Industrial Machinery/Components,1740,\N,\N,\N,\N,\N,\N,\N,\N,\N,\N,\N,,\N
RCUS,Health Care,Major Pharmaceuticals,421.75,\N,\N,43.77,\N,-1.37,-0.32,-0.25,-0.28,-0.41,\N,\N,\N,2019-07-06 07:45:12
ARD,Consumer Durables,Containers/Packaging,3920,\N,\N,0.46,\N,-0.06,0.25,0.03,-0.61,0.06,\N,\N,\N,2019-07-06 07:45:26
ASC,Transportation,Marine Transportation,222.42,\N,\N,1.29,\N,-0.16,-0.26,-0.37,-0.51,-0.28,\N,\N,\N,2019-07-06 07:45:40
ACRE,Consumer Services,Real Estate Investment Trusts,429.57,\N,\N,7.6,\N,0.33,0.33,0.35,0.35,0.3,\N,\N,\N,2019-07-06 07:45:54
ARES,Finance,Investment Managers,2670,\N,\N,5.05,\N,0.28,-0.2,0.09,0.05,0.36,\N,\N,\N,2019-07-06 07:46:08
AGX,Basic Industries,Engineering & Construction,604.85,\N,\N,1.65,\N,0.31,1.08,2.07,-0.14,-1.91,\N,\N,\N,2019-07-06 07:46:23
ARGO,Finance,Specialty Insurers,2570,\N,\N,1.36,\N,0.71,1.2,1.17,-1.29,2.63,\N,\N,\N,2019-07-06 07:46:38
ANET,Technology,Computer Communications Equipment,18880,\N,\N,9.12,\N,1.79,-2.08,2.08,2.1,2.47,\N,\N,\N,2019-07-06 07:46:51
AI,Consumer Services,Real Estate Investment Trusts,237.72,\N,\N,-10.76,\N,-2,-0.13,-0.19,-0.87,0.52,\N,\N,\N,2019-07-06 07:47:05
ARLO,Consumer Non-Durables,Consumer Electronics/Appliances,299.93,\N,\N,\N,\N,\N,\N,\N,\N,\N,\N,\N,,\N
AHH,Finance,Real Estate,1160,\N,\N,6.14,\N,0.11,0.09,0.09,0.07,0.1,\N,\N,\N,2019-07-06 07:47:34
ARR,Consumer Services,Real Estate Investment Trusts,1100,\N,\N,-4.94,\N,0.96,0.22,1.02,-5.14,-2.21,\N,\N,\N,2019-07-06 07:47:48
AFI,Consumer Non-Durables,Plastic Products,256.56,\N,\N,0.37,\N,-0.4,0.4,0.3,-6.57,-0.63,\N,\N,\N,2019-07-06 07:48:03
AWI,Consumer Non-Durables,Plastic Products,4740,\N,\N,4.85,\N,0.51,0.89,1.46,0.7,0.78,\N,\N,\N,2019-07-06 07:48:18
ARW,Technology,Electronic Components,5920,\N,\N,0.2,\N,1.56,1.92,1.99,2.63,1.63,\N,\N,\N,2019-07-06 07:48:33
AJG,Finance,Specialty Insurers,15970,\N,\N,2.47,\N,1.48,0.62,0.68,0.63,1.77,\N,\N,\N,2019-07-06 07:48:48
APAM,Finance,Investment Managers,2030,\N,\N,2.66,\N,0.75,0.72,0.77,0.57,0.47,\N,\N,\N,2019-07-06 07:49:03
ABG,Consumer Durables,Automotive Aftermarket,1570,\N,\N,0.23,\N,1.93,2.11,2.18,2.06,2.11,\N,\N,\N,2019-07-06 07:49:32
ASX,Technology,Semiconductors,8140,\N,\N,\N,\N,\N,\N,\N,\N,\N,\N,\N,could not convert string to float: N/A,\N
ASGN,Technology,Professional Services,2980,\N,\N,0.85,\N,0.55,0.63,0.93,0.86,0.66,\N,\N,\N,2019-07-06 07:49:47
AHT,Consumer Services,Real Estate Investment Trusts,294.17,\N,\N,0.2,\N,-0.39,-0.3,-0.4,-0.66,-0.49,\N,\N,\N,2019-07-06 07:50:01
ASH,Consumer Durables,Specialty Chemicals,4910,\N,\N,1.33,\N,1.15,0.56,0.15,-0.76,1.19,\N,\N,\N,2019-07-06 07:50:16
ASPN,Consumer Services,RETAIL: Building Materials,152.27,\N,\N,1.52,\N,-0.29,-0.29,-0.27,-0.59,-0.25,\N,\N,\N,2019-07-06 07:50:30
ASB,Finance,Major Banks,3360,\N,\N,2.8,\N,0.4,0.5,0.48,0.51,0.5,\N,\N,\N,2019-07-06 07:50:43
AC,Finance,Investment Bankers/Brokers/Service,794.8,\N,\N,39.3,\N,-0.95,0.51,-0.32,-1.77,1.02,\N,\N,\N,2019-07-06 07:50:57
AIZ,Finance,Accident &Health Insurance,6520,\N,\N,0.76,\N,1.96,1.09,0.76,0.32,2.52,\N,\N,\N,2019-07-06 07:51:11
AIZP,Finance,Accident &Health Insurance,320.94,\N,\N,\N,\N,\N,\N,\N,\N,\N,\N,\N,could not convert string to float: ,\N
AGO,Finance,Property-Casualty Insurers,4300,\N,\N,4.57,\N,1.68,0.67,1.47,0.83,0.52,\N,\N,\N,2019-07-06 07:51:38
AZN,Health Care,Major Pharmaceuticals,108620,\N,\N,4.71,\N,0.14,0.14,0.17,0.41,0.23,\N,\N,\N,2019-07-06 07:51:52
HOME,Consumer Services,Home Furnishings,423.31,\N,\N,0.38,\N,0.28,-0.16,0.17,0.45,0.21,\N,\N,\N,2019-07-06 07:52:06
T,Public Utilities,Telecommunications Equipment,237550,\N,\N,1.4,\N,0.75,0.81,0.65,0.66,0.56,\N,\N,\N,2019-07-06 07:52:20
ATTO,Public Utilities,Telecommunications Equipment,177.2,\N,\N,0.1,\N,-0.02,0.04,0.04,0.19,-0.62,\N,\N,\N,2019-07-06 07:52:35
ATH,Finance,Life Insurance,8090,\N,\N,0.81,\N,1.36,1.33,3.23,-0.53,3.64,\N,\N,\N,2019-07-06 07:52:49
ATKR,Miscellaneous,Industrial Machinery/Components,1180,\N,\N,0.62,\N,0.79,0.7,0.66,0.54,0.61,\N,\N,\N,2019-07-06 07:53:02
AT,Energy,Electric Utilities: Central,255.59,\N,\N,0.99,\N,0.12,-0.01,-0.03,0.18,0.07,\N,\N,\N,2019-07-06 07:53:16
ATO,Public Utilities,Oil/Gas Transmission,12630,\N,\N,4.18,\N,1.6,0.64,0.35,1.38,1.82,\N,\N,\N,2019-07-06 07:53:29
AUO,Technology,Semiconductors,2710,\N,\N,\N,\N,\N,\N,\N,\N,\N,\N,\N,could not convert string to float: N/A,\N
ACB,Consumer Durables,Specialty Chemicals,7560,\N,\N,\N,\N,\N,\N,\N,\N,\N,\N,\N,could not convert string to float: N/A,\N
ATHM,Technology,EDP Services,9660,\N,\N,\N,\N,\N,\N,\N,\N,\N,\N,\N,could not convert string to float: N/A,\N
ALV,Capital Goods,Auto Parts:O.E.M.,5890,\N,\N,0.69,\N,1.45,0.43,1.34,-1.04,1.27,\N,\N,\N,2019-07-06 07:53:47
AN,Consumer Durables,Automotive Aftermarket,3610,\N,\N,0.18,\N,1.01,1.07,1.23,1.02,1.01,\N,\N,\N,2019-07-06 07:54:01
AZO,Consumer Services,Other Specialty Stores,26930,\N,\N,2.42,\N,13.42,15.02,13.47,11.49,15.99,\N,\N,\N,2019-07-06 07:54:14
AVLR,Technology,Computer Software: Prepackaged Software,4800,\N,\N,18.82,\N,-0.27,-0.62,-0.36,-0.28,-0.14,\N,\N,\N,2019-07-06 07:54:44
AVB,Consumer Services,Real Estate Investment Trusts,28500,\N,\N,12.64,\N,1.03,1.84,1.39,2.79,1.23,\N,\N,\N,2019-07-06 07:54:57
AGR,Public Utilities,Electric Utilities: Central,15810,\N,\N,2.44,\N,0.79,0.34,0.4,0.38,0.7,\N,\N,\N,2019-07-06 07:55:11
AVNS,Health Care,Industrial Specialties,2050,\N,\N,3.12,\N,0.43,0.73,0.09,-0.05,-0.43,\N,\N,\N,2019-07-06 07:55:24
AVTR,Capital Goods,Biotechnology: Laboratory Analytical Instruments,9990,\N,\N,\N,\N,\N,\N,\N,\N,\N,\N,\N,,\N
AVYA,Public Utilities,Telecommunications Equipment,1260,\N,\N,\N,\N,\N,\N,\N,\N,\N,\N,\N,,\N
AVY,Consumer Durables,Containers/Packaging,9450,\N,\N,1.43,\N,1.4,1.07,1.69,1.11,-1.74,\N,\N,\N,2019-07-06 07:56:06
AVH,Transportation,Air Freight/Delivery Services,464.85,\N,\N,0.1,\N,-0.02,-0.32,0.16,0.11,-0.6,\N,\N,\N,2019-07-06 07:56:20
AVA,Public Utilities,Power Generation,2950,\N,\N,2.1,\N,0.83,0.39,0.15,0.7,1.76,\N,\N,\N,2019-07-06 07:56:33
AVP,Consumer Non-Durables,Package Goods/Cosmetics,1730,\N,\N,0.34,\N,-0.06,-0.09,0.21,-0.19,-0.09,\N,\N,\N,2019-07-06 07:56:47
AVX,Capital Goods,Electrical Products,2730,\N,\N,1.53,\N,0.19,0.33,0.43,0.44,0.41,\N,\N,\N,2019-07-06 07:57:01
EQH,Finance,Specialty Insurers,9770,\N,\N,\N,\N,\N,\N,\N,\N,\N,\N,\N,,\N
AXTA,Basic Industries,Paints/Coatings,7190,\N,\N,1.52,\N,0.28,0.31,-0.05,0.32,0.18,\N,\N,\N,2019-07-06 07:57:30
AXS,Finance,Property-Casualty Insurers,5020,\N,\N,1,\N,0.75,1.11,0.52,-2.37,1.16,\N,\N,\N,2019-07-06 07:57:45
AX,Finance,Savings Institutions,1580,\N,\N,3.73,\N,0.8,0.58,0.58,0.62,0.63,\N,\N,\N,2019-07-06 07:57:59
AZUL,Transportation,Air Freight/Delivery Services,3730,\N,\N,\N,\N,\N,\N,\N,\N,\N,\N,\N,could not convert string to float: N/A,\N
AZRE,Public Utilities,Electric Utilities: Central,439.74,\N,\N,\N,\N,\N,\N,\N,\N,\N,\N,\N,could not convert string to float: N/A,\N
AZZ,Consumer Durables,Building Products,1130,\N,\N,1.31,\N,0.9,0.6,0.43,0.59,0.34,\N,\N,\N,2019-07-06 07:58:14
BGS,Consumer Non-Durables,Packaged Foods,1420,\N,\N,0.83,\N,0.31,0.12,0.48,1.7,0.26,\N,\N,\N,2019-07-06 07:58:28
BRPM,Finance,Business Services,179.7,\N,\N,\N,\N,\N,\N,\N,\N,\N,\N,\N,could not convert string to float: N/A,\N
BW,Capital Goods,Building Products,60.81,\N,\N,0.06,\N,-2.73,-2.12,-0.63,-1.35,-0.29,\N,\N,\N,2019-07-06 07:58:44
BMI,Capital Goods,Industrial Machinery/Components,1700,\N,\N,3.98,\N,0.26,0.21,0.1,0.39,0.37,\N,\N,\N,2019-07-06 07:58:57
BHGE,Energy,Metal Fabrications,25530,\N,\N,1.1,\N,0.17,-0.05,0.03,0.28,0.06,\N,\N,\N,2019-07-06 07:59:11
BLL,Consumer Durables,Containers/Packaging,22780,\N,\N,2.06,\N,0.35,0.34,0.17,0.44,0.34,\N,\N,\N,2019-07-06 07:59:25
BANC,Finance,Major Banks,685.39,\N,\N,2.52,\N,0.06,0.18,0.07,0.13,0.05,\N,\N,\N,2019-07-06 07:59:40
BBVA,Finance,Commercial Banks,36660,\N,\N,\N,\N,\N,\N,\N,\N,\N,\N,\N,could not convert string to float: N/A,\N
BBD,Finance,Major Banks,77990,\N,\N,\N,\N,\N,\N,\N,\N,\N,\N,\N,could not convert string to float: N/A,\N
BBDO,Finance,Major Banks,68640,\N,\N,\N,\N,\N,\N,\N,\N,\N,\N,\N,could not convert string to float: N/A,\N
BCH,Finance,Commercial Banks,14960,\N,\N,\N,\N,\N,\N,\N,\N,\N,\N,\N,could not convert string to float: N/A,\N
BLX,Finance,Commercial Banks,805,\N,\N,11.4,\N,0.37,0.42,-1.03,0.52,0.54,\N,\N,\N,2019-07-06 08:00:14
BSBR,Finance,Commercial Banks,87320,\N,\N,\N,\N,\N,\N,\N,\N,\N,\N,\N,could not convert string to float: N/A,\N
BSAC,Finance,Commercial Banks,13910,\N,\N,\N,\N,\N,\N,\N,\N,\N,\N,\N,could not convert string to float: N/A,\N
BSMX,Finance,Commercial Banks,10220,\N,\N,\N,\N,\N,\N,\N,\N,\N,\N,\N,could not convert string to float: N/A,\N
SAN,Finance,Commercial Banks,72740,\N,\N,\N,\N,\N,\N,\N,\N,\N,\N,\N,could not convert string to float: N/A,\N
CIB,Finance,Commercial Banks,2410,\N,\N,\N,\N,\N,\N,\N,\N,\N,\N,\N,could not convert string to float: N/A,\N
BAC,Finance,Major Banks,263950,\N,\N,3.16,\N,0.62,0.63,0.66,0.7,0.7,\N,\N,\N,2019-07-06 08:00:33
BOH,Finance,Major Banks,3260,\N,\N,5.28,\N,1.28,1.3,1.36,1.3,1.43,\N,\N,\N,2019-07-06 08:00:48
BMO,Finance,Commercial Banks,47990,\N,\N,\N,\N,\N,\N,\N,\N,\N,\N,\N,could not convert string to float: N/A,\N
NTB,Finance,Commercial Banks,1940,\N,\N,3.56,\N,0.79,0.89,0.9,0.92,0.96,\N,\N,\N,2019-07-06 08:01:02
BK,Finance,Major Banks,41580,\N,\N,2.65,\N,1.1,1.03,1.06,0.84,0.94,\N,\N,\N,2019-07-06 08:01:17
BNS,Finance,Major Banks,66180,\N,\N,\N,\N,\N,\N,\N,\N,\N,\N,\N,could not convert string to float: N/A,\N
BKU,Finance,Savings Institutions,3250,\N,\N,2.99,\N,0.77,0.82,0.9,0.5,0.65,\N,\N,\N,2019-07-06 08:01:31
BCS,Finance,Commercial Banks,32070,\N,\N,\N,\N,\N,\N,\N,\N,\N,\N,\N,could not convert string to float: N/A,\N
MPV,Consumer Services,Miscellaneous,172.64,\N,\N,\N,\N,\N,\N,\N,\N,\N,\N,\N,,\N
BNED,Consumer Services,Other Specialty Stores,143.06,\N,\N,0.08,\N,0.36,-0.82,1.25,0.02,-0.97,\N,\N,\N,2019-07-06 08:01:48
BKS,Consumer Services,Other Specialty Stores,491.22,\N,\N,0.14,\N,-0.29,-0.23,-0.38,0.91,-0.26,\N,\N,\N,2019-07-06 08:02:02
B,Capital Goods,Metal Fabrications,2760,\N,\N,1.91,\N,0.72,0.93,0.75,0.75,0.65,\N,\N,\N,2019-07-06 08:02:16
GOLD,Basic Industries,Precious Metals,28040,\N,\N,3.6,\N,0.14,-0.08,-0.35,-1.02,0.06,\N,\N,\N,2019-07-06 08:02:31
BAS,Energy,Oilfield Services/Equipment,54.72,\N,\N,0.05,\N,-1.16,-1.51,-1.03,-1.76,-1.02,\N,\N,\N,2019-07-06 08:02:45
BHC,Health Care,Major Pharmaceuticals,8520,\N,\N,1.06,\N,-7.68,-2.49,-1,-0.98,-0.15,\N,\N,\N,2019-07-06 08:03:01
BAX,Health Care,Medical/Dental Instruments,41700,\N,\N,3.76,\N,0.71,0.63,1,0.65,0.66,\N,\N,\N,2019-07-06 08:03:31
BTE,Energy,Oil & Gas Production,857.08,\N,\N,\N,\N,\N,\N,\N,\N,\N,\N,\N,could not convert string to float: N/A,\N
BBT,Finance,Major Banks,37020,\N,\N,3.45,\N,0.94,0.99,1.01,0.97,0.97,\N,\N,\N,2019-07-06 08:03:47
BBAR,Finance,Commercial Banks,2290,\N,\N,\N,\N,\N,\N,\N,\N,\N,\N,\N,could not convert string to float: N/A,\N
BBX,Finance,Real Estate,453.63,\N,\N,0.51,\N,0.11,0.07,0.06,0.12,0.02,\N,\N,\N,2019-07-06 08:04:02
BCE,Public Utilities,Telecommunications Equipment,40960,\N,\N,\N,\N,\N,\N,\N,\N,\N,\N,\N,could not convert string to float: N/A,\N
BZH,Capital Goods,Homebuilding,296.4,\N,\N,0.15,\N,0.35,0.41,1.84,0.23,-3.28,\N,\N,\N,2019-07-06 08:04:18
BDX,Health Care,Medical/Dental Instruments,66950,\N,\N,4,\N,-0.19,2.03,-0.64,2.05,-0.07,\N,\N,\N,2019-07-06 08:04:32
BDC,Basic Industries,Telecommunications Equipment,2350,\N,\N,0.87,\N,-0.15,0.49,1.8,0.87,0.42,\N,\N,\N,2019-07-06 08:04:45
BHE,Technology,Electrical Products,931.4,\N,\N,0.38,\N,-0.49,0.23,0.17,0.64,0.34,\N,\N,\N,2019-07-06 08:04:59
BHLB,Finance,Banks,1520,\N,\N,3.59,\N,0.55,0.74,0.7,0.31,0.51,\N,\N,\N,2019-07-06 08:05:13
BERY,Consumer Non-Durables,Plastic Products,6760,\N,\N,0.89,\N,0.66,0.81,0.99,0.66,0.55,\N,\N,\N,2019-07-06 08:05:26
BBY,Consumer Services,Consumer Electronics/Video Chains,17730,\N,\N,0.45,\N,0.72,0.86,0.99,2.69,0.98,\N,\N,\N,2019-07-06 08:05:39
BEST,Transportation,Trucking Freight/Courier Services,2070,\N,\N,\N,\N,\N,\N,\N,\N,\N,\N,\N,could not convert string to float: N/A,\N
BHP,Basic Industries,Precious Metals,144330,\N,\N,\N,\N,\N,\N,\N,\N,\N,\N,\N,list index out of range,\N
BBL,Energy,Coal Mining,2810,\N,\N,2.82,\N,0.29,0.36,0.06,0.28,0.39,\N,\N,\N,2019-07-06 08:06:08
BIG,Consumer Services,Department/Specialty Retail Stores,1080,\N,\N,0.2,\N,0.74,0.59,-0.16,2.68,0.39,\N,\N,\N,2019-07-06 08:06:21
BH,Consumer Services,Restaurants,236.29,\N,\N,0.4,\N,-5.15,-21.73,-39.5,18.65,28.36,\N,\N,\N,2019-07-06 08:06:36
BHVN,Health Care,Major Pharmaceuticals,2050,\N,\N,\N,\N,\N,\N,\N,\N,\N,\N,\N,could not convert string to float: N/A,\N
BIO,Capital Goods,Biotechnology: Laboratory Analytical Instruments,8990,\N,\N,4.07,\N,21.77,8.87,8.89,-27.88,28.74,\N,\N,\N,2019-07-06 08:06:51
BITA,Technology,EDP Services,700.53,\N,\N,\N,\N,\N,\N,\N,\N,\N,\N,\N,could not convert string to float: N/A,\N
BJ,Consumer Services,Department/Specialty Retail Stores,3550,\N,\N,0.28,\N,0.2,-0.05,0.39,0.46,0.25,\N,\N,\N,2019-07-06 08:07:07
BKH,Public Utilities,Electric Utilities: Central,4870,\N,\N,2.7,\N,2.46,0.4,0.31,1.49,1.73,\N,\N,\N,2019-07-06 08:07:19
BKI,Technology,Computer Software: Prepackaged Software,9050,\N,\N,8.12,\N,0.29,0.27,0.29,0.29,0.27,\N,\N,\N,2019-07-06 08:07:34
BSM,Energy,Oil & Gas Production,3120,\N,\N,5.72,\N,0.18,0.17,0.27,0.72,0.02,\N,\N,\N,2019-07-06 08:07:46
BB,Technology,Computer Software: Prepackaged Software,4540,\N,\N,4.27,\N,-0.11,0.08,-0.01,0.08,-0.09,\N,\N,\N,2019-07-06 08:08:15
BLK,Finance,Investment Bankers/Brokers/Service,71260,\N,\N,5.27,\N,6.68,6.62,7.54,5.78,6.61,\N,\N,\N,2019-07-06 08:08:29
BE,Energy,Industrial Machinery/Components,1310,\N,\N,1.91,\N,-0.3,-4.32,-0.97,-0.91,-0.76,\N,\N,\N,2019-07-06 08:08:42
APRN,Consumer Services,Catalog/Specialty Distribution,87.51,\N,\N,0.15,\N,-2.55,-2.55,-2.7,-1.8,-0.45,\N,\N,\N,2019-07-06 08:08:56
BCRH,Finance,Property-Casualty Insurers,59.62,\N,\N,1.63,\N,0.06,0.28,-0.76,-2.84,0.21,\N,\N,\N,2019-07-06 08:09:11
BXG,Finance,Real Estate,834.54,\N,\N,1.3,\N,0.28,0.36,0.27,0.27,0.2,\N,\N,\N,2019-07-06 08:09:24
BXC,Capital Goods,Wholesale Distributors,178.8,\N,\N,0.06,\N,-1.47,-0.93,-1.07,-1.74,-0.72,\N,\N,\N,2019-07-06 08:09:39
BA,Capital Goods,Aerospace,207790,\N,\N,1.99,\N,4.15,3.73,4.07,5.93,3.75,\N,\N,\N,2019-07-06 08:09:52
BCC,Consumer Services,RETAIL: Building Materials,995.8,\N,\N,0.23,\N,0.94,1.06,0.35,-1.85,0.29,\N,\N,\N,2019-07-06 08:10:06
BCEI,Energy,Oil & Gas Production,394.34,\N,\N,1.49,\N,0.68,0.24,2.1,5.15,-0.34,\N,\N,\N,2019-07-06 08:10:19
BOOT,Consumer Services,Clothing/Shoe/Accessory Stores,970.63,\N,\N,1.28,\N,0.24,0.24,0.16,0.66,0.3,\N,\N,\N,2019-07-06 08:10:33
BAH,Consumer Services,Professional Services,9260,\N,\N,1.42,\N,0.58,0.72,0.64,0.92,0.64,\N,\N,\N,2019-07-06 08:10:47
BWA,Capital Goods,Auto Parts:O.E.M.,8600,\N,\N,0.82,\N,1.07,1.3,0.98,1.1,0.77,\N,\N,\N,2019-07-06 08:11:01
SAM,Consumer Non-Durables,Beverages (Production/Distribution),4210,\N,\N,4.22,\N,0.78,1.98,3.21,1.86,2.02,\N,\N,\N,2019-07-06 08:11:16
BXP,Consumer Services,Real Estate Investment Trusts,20210,\N,\N,7.35,\N,1.14,0.83,0.77,0.96,0.63,\N,\N,\N,2019-07-06 08:11:29
BSX,Health Care,Medical/Dental Instruments,58020,\N,\N,5.96,\N,0.21,0.4,0.31,0.27,0.3,\N,\N,\N,2019-07-06 08:11:43
BOX,Technology,Computer Software: Prepackaged Software,2580,\N,\N,4.05,\N,-0.26,-0.27,-0.28,-0.14,-0.25,\N,\N,\N,2019-07-06 08:11:57
BYD,Consumer Services,Hotels/Resorts,2960,\N,\N,1.08,\N,0.36,0.34,0.1,0.2,0.4,\N,\N,\N,2019-07-06 08:12:11
BPMP,Energy,Natural Gas Distribution,1600,\N,\N,13.67,\N,0.29,0.29,0.34,0.35,0.35,\N,\N,\N,2019-07-06 08:12:25
BP,Energy,Integrated oil Companies,142240,\N,\N,0.47,\N,0.74,0.84,1,0.23,0.87,\N,\N,\N,2019-07-06 08:12:38
BPT,Energy,Integrated oil Companies,322.07,\N,\N,2.99,\N,1.23,1.27,1.41,1.38,1,\N,\N,\N,2019-07-06 08:12:52
BRC,Consumer Durables,Miscellaneous manufacturing industries,2510,\N,\N,2.24,\N,0.49,0.66,0.58,0.55,0.65,\N,\N,\N,2019-07-06 08:13:06
BHR,Consumer Services,Real Estate Investment Trusts,314.36,\N,\N,0.73,\N,0.07,0.29,-0.12,-0.44,-0.11,\N,\N,\N,2019-07-06 08:13:21
BDN,Consumer Services,Real Estate Investment Trusts,2590,\N,\N,4.79,\N,0.25,0.07,-0.24,0.68,0.02,\N,\N,\N,2019-07-06 08:13:35
LND,Consumer Non-Durables,Farming/Seeds/Milling,225.43,\N,\N,\N,\N,\N,\N,\N,\N,\N,\N,\N,could not convert string to float: N/A,\N
BRFS,Consumer Non-Durables,Meat/Poultry/Fish,6040,\N,\N,\N,\N,\N,\N,\N,\N,\N,\N,\N,could not convert string to float: N/A,\N
BGG,Energy,Industrial Machinery/Components,410.07,\N,\N,0.23,\N,0.74,-0.29,-0.98,-0.07,0.19,\N,\N,\N,2019-07-06 08:14:06
MNRL,Energy,Oil & Gas Production,1070,\N,\N,\N,\N,\N,\N,\N,\N,\N,\N,\N,,\N
BFAM,Miscellaneous,Other Consumer Services,8640,\N,\N,4.63,\N,0.62,0.68,0.57,0.79,0.71,\N,\N,\N,2019-07-06 08:14:34
BEDU,Consumer Services,Other Consumer Services,296.67,\N,\N,\N,\N,\N,\N,\N,\N,\N,\N,\N,could not convert string to float: N/A,\N
BSIG,Finance,Investment Managers,1000,\N,\N,1.23,\N,0.52,0.02,0.51,0.22,0.54,\N,\N,\N,2019-07-06 08:14:50
BV,Consumer Non-Durables,Farming/Seeds/Milling,1930,\N,\N,\N,\N,\N,\N,\N,\N,\N,\N,\N,,\N
EAT,Consumer Services,Restaurants,1440,\N,\N,0.46,\N,1.02,1.01,0.64,0.83,1.31,\N,\N,\N,2019-07-06 08:15:18
BCO,Transportation,Oil Refining/Marketing,3960,\N,\N,1.16,\N,0.43,-2.11,0.34,0.69,0.27,\N,\N,\N,2019-07-06 08:15:32
BMY,Health Care,Major Pharmaceuticals,74870,\N,\N,3.23,\N,0.91,0.23,1.16,0.73,1.04,\N,\N,\N,2019-07-06 08:15:47
BTI,Consumer Non-Durables,Farming/Seeds/Milling,82050,\N,\N,\N,\N,\N,\N,\N,\N,\N,\N,\N,could not convert string to float: N/A,\N
BRX,Consumer Services,Real Estate Investment Trusts,5400,\N,\N,4.49,\N,0.2,0.26,0.49,0.26,0.21,\N,\N,\N,2019-07-06 08:16:02
BR,Miscellaneous,Business Services,14870,\N,\N,3.44,\N,0.9,1.72,0.64,0.42,1.45,\N,\N,\N,2019-07-06 08:16:45
BKD,Health Care,Hospital/Nursing Management,1290,\N,\N,0.43,\N,-2.45,-0.88,-0.2,0.7,-0.23,\N,\N,\N,2019-07-06 08:16:59
BAM,Consumer Services,Building operators,47390,\N,\N,0.79,\N,0.84,0.62,0.11,1.87,0.58,\N,\N,\N,2019-07-06 08:17:13
BBU,Basic Industries,Engineering & Construction,2540,\N,\N,0.07,\N,-0.53,0.6,-0.02,1.04,0.48,\N,\N,\N,2019-07-06 08:17:27
BIP,Consumer Services,Marine Transportation,11750,\N,\N,2.32,\N,0.42,0.21,-0.1,0.06,-0.05,\N,\N,\N,2019-07-06 08:17:41
BEP,Public Utilities,Electric Utilities: Central,6180,\N,\N,2.11,\N,0.03,-0.01,-0.18,0.29,0.14,\N,\N,\N,2019-07-06 08:17:55
BRO,Finance,Specialty Insurers,9360,\N,\N,4.61,\N,0.32,0.26,0.38,0.26,0.4,\N,\N,\N,2019-07-06 08:18:09
BRT,Consumer Services,Real Estate Investment Trusts,203.68,\N,\N,1.65,\N,1.75,-0.33,-0.2,0.51,-0.27,\N,\N,\N,2019-07-06 08:18:23
BC,Energy,Industrial Machinery/Components,3930,\N,\N,0.74,\N,0.82,0.9,0.8,0.49,-0.42,\N,\N,\N,2019-07-06 08:18:39
BT,Public Utilities,Telecommunications Equipment,25220,\N,\N,\N,\N,\N,\N,\N,\N,\N,\N,\N,could not convert string to float: N/A,\N
BPL,Energy,Natural Gas Distribution,6290,\N,\N,1.67,\N,0.74,0.59,-4.86,3.13,0.52,\N,\N,\N,2019-07-06 08:18:54
BKE,Consumer Services,Clothing/Shoe/Accessory Stores,826.57,\N,\N,0.95,\N,0.38,0.32,0.42,0.84,0.31,\N,\N,\N,2019-07-06 08:19:09
BVN,Basic Industries,Precious Metals,4260,\N,\N,4.06,\N,0.11,0.16,-0.04,-0.29,0.11,\N,\N,\N,2019-07-06 08:19:23
BBW,Consumer Services,Recreational Products/Toys,80.8,\N,\N,0.25,\N,0.02,-0.12,-0.42,-0.72,0.08,\N,\N,\N,2019-07-06 08:19:52
BG,Consumer Non-Durables,Packaged Foods,7900,\N,\N,0.18,\N,-0.21,-0.15,2.44,-0.52,0.26,\N,\N,\N,2019-07-06 08:20:06
BURL,Consumer Services,Department/Specialty Retail Stores,11570,\N,\N,1.72,\N,1.2,1.03,1.12,2.7,1.15,\N,\N,\N,2019-07-06 08:20:20
BWXT,Energy,Industrial Machinery/Components,4880,\N,\N,2.82,\N,0.66,0.6,0.78,0.22,0.51,\N,\N,\N,2019-07-06 08:20:34
BY,Finance,Major Banks,697.18,\N,\N,3.23,\N,0.22,0.08,0.39,0.46,0.34,\N,\N,\N,2019-07-06 08:20:50
CJ,Energy,Oilfield Services/Equipment,802.52,\N,\N,0.35,\N,0.42,0.31,0.16,-2.87,-0.36,\N,\N,\N,2019-07-06 08:21:04
CABO,Consumer Services,Television Services,6440,\N,\N,6.4,\N,7.08,7.65,6.7,7.34,6.78,\N,\N,\N,2019-07-06 08:21:18
CBT,Basic Industries,Major Chemicals,2660,\N,\N,0.83,\N,-2.8,1.4,1.51,1.14,0.39,\N,\N,\N,2019-07-06 08:21:34
COG,Energy,Oil & Gas Production,9720,\N,\N,4.33,\N,0.25,0.09,0.28,0.64,0.62,\N,\N,\N,2019-07-06 08:21:48
CACI,Technology,EDP Services,5060,\N,\N,1.12,\N,2.56,2.05,3.1,2.71,2.69,\N,\N,\N,2019-07-06 08:22:03
WHD,Energy,Metal Fabrications,2300,\N,\N,4.01,\N,0.14,0.46,0.52,0.44,0.59,\N,\N,\N,2019-07-06 08:22:17
CADE,Finance,Major Banks,2560,\N,\N,4.8,\N,0.46,0.57,0.56,0.39,0.44,\N,\N,\N,2019-07-06 08:22:32
CAE,Miscellaneous,Industrial Machinery/Components,7080,\N,\N,\N,\N,\N,\N,\N,\N,\N,\N,\N,could not convert string to float: N/A,\N
CAI,Technology,Diversified Commercial Services,428.47,\N,\N,0.97,\N,0.83,0.97,1.03,0.89,0.87,\N,\N,\N,2019-07-06 08:22:47
CAL,Consumer Non-Durables,Shoe Manufacturing,793.82,\N,\N,0.28,\N,0.4,0.55,0.67,-1.83,0.22,\N,\N,\N,2019-07-06 08:23:02
CRC,Energy,Oil & Gas Production,927.69,\N,\N,0.3,\N,-0.05,-1.7,1.32,7,-1.38,\N,\N,\N,2019-07-06 08:23:16
CWT,Public Utilities,Water Supply,2420,\N,\N,3.58,\N,-0.05,0.27,0.72,0.32,-0.16,\N,\N,\N,2019-07-06 08:23:30
CALX,Consumer Services,Telecommunications Equipment,356.19,\N,\N,0.84,\N,-0.23,-0.05,0.02,-0.1,-0.18,\N,\N,\N,2019-07-06 08:23:45
ELY,Consumer Non-Durables,Recreational Products/Toys,1670,\N,\N,1.24,\N,0.65,0.63,0.1,-0.3,0.5,\N,\N,\N,2019-07-06 08:24:00
CPE,Energy,Oil & Gas Production,1420,\N,\N,2.57,\N,0.27,0.23,0.16,0.68,-0.09,\N,\N,\N,2019-07-06 08:24:14
CBM,Health Care,Major Pharmaceuticals,1510,\N,\N,2.89,\N,0.72,1.2,0.79,0.04,0.31,\N,\N,\N,2019-07-06 08:24:28
CPT,Consumer Services,Real Estate Investment Trusts,10230,\N,\N,10.5,\N,0.41,0.4,0.4,0.41,0.4,\N,\N,\N,2019-07-06 08:24:42
CCJ,Basic Industries,Precious Metals,4120,\N,\N,\N,\N,\N,\N,\N,\N,\N,\N,\N,could not convert string to float: N/A,\N
CPB,Consumer Non-Durables,Packaged Foods,12360,\N,\N,1.24,\N,-1.31,0.31,0.64,-0.2,0.28,\N,\N,\N,2019-07-06 08:24:56
CWH,Consumer Durables,Automotive Aftermarket,420.17,\N,\N,0.22,\N,0.08,0.72,0.38,-0.83,-0.52,\N,\N,\N,2019-07-06 08:25:09
GOOS,Consumer Non-Durables,Apparel,2130,\N,\N,\N,\N,\N,\N,\N,\N,\N,\N,\N,could not convert string to float: N/A,\N
CM,Finance,Commercial Banks,35220,\N,\N,\N,\N,\N,\N,\N,\N,\N,\N,\N,could not convert string to float: N/A,\N
CNI,Transportation,Railroads,65980,\N,\N,\N,\N,\N,\N,\N,\N,\N,\N,\N,could not convert string to float: N/A,\N
CNQ,Energy,Oil & Gas Production,32970,\N,\N,\N,\N,\N,\N,\N,\N,\N,\N,\N,could not convert string to float: N/A,\N
CP,Transportation,Railroads,32810,\N,\N,\N,\N,\N,\N,\N,\N,\N,\N,\N,could not convert string to float: N/A,\N
CANG,Technology,Computer Software: Prepackaged Software,997.76,\N,\N,\N,\N,\N,\N,\N,\N,\N,\N,\N,could not convert string to float: N/A,\N
CNNE,Consumer Services,Restaurants,2100,\N,\N,1.78,\N,-0.02,-0.26,0.02,0.66,0.07,\N,\N,\N,2019-07-06 08:25:44
CTST,Consumer Durables,Specialty Chemicals,708.83,\N,\N,\N,\N,\N,\N,\N,\N,\N,\N,\N,could not convert string to float: N/A,\N
CAJ,Miscellaneous,Industrial Machinery/Components,31820,\N,\N,\N,\N,\N,\N,\N,\N,\N,\N,\N,could not convert string to float: N/A,\N
CGC,Consumer Durables,Specialty Chemicals,13700,\N,\N,\N,\N,\N,\N,\N,\N,\N,\N,\N,could not convert string to float: N/A,\N
CMD,Health Care,Medical/Dental Instruments,3120,\N,\N,3.64,\N,0.45,0.4,0.46,0.45,0.2,\N,\N,\N,2019-07-06 08:26:02
COF,Finance,Major Banks,41710,\N,\N,1.94,\N,2.62,3.71,2.99,2.48,2.86,\N,\N,\N,2019-07-06 08:26:16
CSU,Health Care,Hospital/Nursing Management,151.24,\N,\N,0.35,\N,-0.24,-0.3,-0.37,-0.88,-0.43,\N,\N,\N,2019-07-06 08:26:30
BXMT,Consumer Services,Real Estate Investment Trusts,4500,\N,\N,11.46,\N,0.56,0.66,0.67,0.6,0.62,\N,\N,\N,2019-07-06 08:26:45
CIC,Finance,Business Services,513.19,\N,\N,\N,\N,\N,\N,\N,\N,\N,\N,\N,could not convert string to float: N/A,\N
CPRI,Consumer Non-Durables,Apparel,5080,\N,\N,1,\N,0.29,1.22,0.91,1.33,0.13,\N,\N,\N,2019-07-06 08:26:59
CMO,Consumer Services,Real Estate Investment Trusts,713.74,\N,\N,19.71,\N,0.16,0.09,0.04,0.05,-0.15,\N,\N,\N,2019-07-06 08:27:13
CRR,Capital Goods,Industrial Machinery/Components,40.79,\N,\N,0.17,\N,-0.83,-0.55,-0.62,-0.76,-0.73,\N,\N,\N,2019-07-06 08:27:27
CAH,Health Care,Other Pharmaceuticals,13640,\N,\N,0.1,\N,0.81,-3.76,1.94,0.93,0.99,\N,\N,\N,2019-07-06 08:27:40
CRCM,Consumer Services,Other Consumer Services,457.6,\N,\N,1.85,\N,0.05,-0.03,0.03,1.23,-0.05,\N,\N,\N,2019-07-06 08:27:54
CSL,Basic Industries,Specialty Chemicals,7900,\N,\N,1.74,\N,4.94,1.85,1.64,1.47,1.36,\N,\N,\N,2019-07-06 08:28:08
KMX,Consumer Durables,Automotive Aftermarket,13790,\N,\N,0.74,\N,1.33,1.24,1.09,1.13,1.59,\N,\N,\N,2019-07-06 08:28:22
CCL,Consumer Services,Marine Transportation,31360,\N,\N,1.7,\N,0.78,2.41,0.71,0.48,0.65,\N,\N,\N,2019-07-06 08:28:35
CUK,Consumer Services,Marine Transportation,30470,\N,\N,1.63,\N,0.78,2.41,0.71,0.48,0.65,\N,\N,\N,2019-07-06 08:28:50
CRS,Basic Industries,Steel/Iron Ore,2210,\N,\N,0.96,\N,0.63,0.88,0.65,0.73,1.05,\N,\N,\N,2019-07-06 08:29:05
CSV,Consumer Services,Other Consumer Services,340.94,\N,\N,1.31,\N,0.52,0.15,0.11,-0.14,0.36,\N,\N,\N,2019-07-06 08:29:35
CARS,Technology,EDP Services,1290,\N,\N,2.16,\N,0.01,0.18,0.23,0.14,-0.13,\N,\N,\N,2019-07-06 08:29:50
CRI,Consumer Non-Durables,Apparel,4170,\N,\N,1.24,\N,0.89,0.79,1.53,2.83,0.75,\N,\N,\N,2019-07-06 08:30:04
CVNA,Consumer Durables,Automotive Aftermarket,9100,\N,\N,4.23,\N,-0.53,-0.41,-0.5,-0.74,-0.69,\N,\N,\N,2019-07-06 08:30:18
CSLT,Technology,EDP Services,431.88,\N,\N,2.69,\N,-0.11,-0.1,-0.05,-0.03,-0.07,\N,\N,\N,2019-07-06 08:30:33
CTLT,Health Care,Major Pharmaceuticals,7750,\N,\N,3.26,\N,0.14,0.61,-0.1,0.33,0.22,\N,\N,\N,2019-07-06 08:30:46
CTT       ,Consumer Services,Real Estate Investment Trusts,495.25,\N,\N,0,\N,-0.08,-0.03,-1.61,-0.78,-0.62,\N,\N,\N,2019-07-06 08:31:00
CAT,Capital Goods,Construction/Ag Equipment/Trucks,76470,\N,\N,1.4,\N,2.74,2.82,2.88,1.78,3.25,\N,\N,\N,2019-07-06 08:31:13
CATO,Consumer Services,Clothing/Shoe/Accessory Stores,298.73,\N,\N,0.39,\N,0.94,0.26,0.16,-0.13,0.87,\N,\N,\N,2019-07-06 08:31:26
CBZ,Miscellaneous,Business Services,1080,\N,\N,1.19,\N,0.64,0.23,0.24,-0.02,0.67,\N,\N,\N,2019-07-06 08:31:40
CBL,Consumer Services,Real Estate Investment Trusts,175.21,\N,\N,0.22,\N,-0.06,-0.2,-0.07,-0.39,-0.29,\N,\N,\N,2019-07-06 08:31:53
CBRE,Finance,Real Estate,16830,\N,\N,0.81,\N,0.44,0.67,0.85,1.15,0.48,\N,\N,\N,2019-07-06 08:32:08
CBS,Consumer Services,Broadcasting,17390,\N,\N,1.31,\N,1.32,1.05,1.29,1.49,4.21,\N,\N,\N,2019-07-06 08:32:22
FUN,Consumer Services,Services-Misc. Amusement & Recreation,2660,\N,\N,2,\N,-1.49,0.34,3.76,-0.4,-1.49,\N,\N,\N,2019-07-06 08:32:36
CDR,Consumer Services,Real Estate Investment Trusts,232.35,\N,\N,1.52,\N,-0.26,0.08,0.04,0.02,0,\N,\N,\N,2019-07-06 08:32:50
CE,Basic Industries,Major Chemicals,13220,\N,\N,1.91,\N,2.66,2.52,2.96,0.75,2.63,\N,\N,\N,2019-07-06 08:33:05
CLS,Technology,Electrical Products,750.41,\N,\N,0.14,\N,0.1,0.11,0.06,0.44,0.66,\N,\N,\N,2019-07-06 08:33:19
CEL,Public Utilities,Telecommunications Equipment,336.97,\N,\N,\N,\N,\N,\N,\N,\N,\N,\N,\N,could not convert string to float: N/A,\N
CPAC,Capital Goods,Building Materials,714.94,\N,\N,\N,\N,\N,\N,\N,\N,\N,\N,\N,could not convert string to float: N/A,\N
CX,Capital Goods,Building Materials,6230,\N,\N,0.46,\N,3.8,3.45,-1.2,0.32,4.93,\N,\N,\N,2019-07-06 08:33:36
CVE,Energy,Oil & Gas Production,10780,\N,\N,\N,\N,\N,\N,\N,\N,\N,\N,\N,could not convert string to float: N/A,\N
CNC,Health Care,Medical Specialities,22280,\N,\N,0.35,\N,0.95,0.75,0.04,0.57,1.24,\N,\N,\N,2019-07-06 08:33:50
CNP,Public Utilities,Electric Utilities: Central,14820,\N,\N,1.35,\N,0.38,-0.17,0.35,0.18,0.28,\N,\N,\N,2019-07-06 08:34:03
EBR,Public Utilities,Electric Utilities: Central,11570,\N,\N,\N,\N,\N,\N,\N,\N,\N,\N,\N,could not convert string to float: N/A,\N
CEPU,Public Utilities,Electric Utilities: Central,274.05,\N,\N,\N,\N,\N,\N,\N,\N,\N,\N,\N,could not convert string to float: N/A,\N
CCS,Capital Goods,Homebuilding,763.66,\N,\N,0.35,\N,0.67,1.1,0.56,0.85,0.56,\N,\N,\N,2019-07-06 08:34:34
CTL,Public Utilities,Telecommunications Equipment,11720,\N,\N,0.55,\N,0.11,0.27,0.25,-2.26,-5.77,\N,\N,\N,2019-07-06 08:34:48
CDAY,Technology,Computer Software: Prepackaged Software,6680,\N,\N,9.59,\N,-0.11,-0.6,0.03,0.05,0.08,\N,\N,\N,2019-07-06 08:35:03
CF,Basic Industries,Agricultural Chemicals,10500,\N,\N,2.29,\N,0.27,0.63,0.13,0.21,0.4,\N,\N,\N,2019-07-06 08:35:16
GIB,Consumer Services,Professional Services,18610,\N,\N,\N,\N,\N,\N,\N,\N,\N,\N,\N,could not convert string to float: N/A,\N
ECOM      ,Technology,Computer Software: Prepackaged Software,237.89,\N,\N,0,\N,-0.12,-0.1,-0.08,0.02,-0.08,\N,\N,\N,2019-07-06 08:35:30
CHAP,Energy,Oil & Gas Production,181.19,\N,\N,1.01,\N,-0.25,-0.49,-0.27,1.74,-2.28,\N,\N,\N,2019-07-06 08:35:46
CHRA,Basic Industries,Environmental Services,160.19,\N,\N,0.22,\N,0.02,0.13,-0.6,0.15,-0.1,\N,\N,\N,2019-07-06 08:36:00
CRL,Health Care,Biotechnology: Commercial Physical & Biological Re,6540,\N,\N,2.92,\N,1.08,1.1,1.22,1.21,1.11,\N,\N,\N,2019-07-06 08:36:15
CLDT,Consumer Services,Real Estate Investment Trusts,882.55,\N,\N,2.74,\N,0.06,0.29,0.31,-0.01,0.03,\N,\N,\N,2019-07-06 08:36:28
CMCM,Technology,Computer Software: Prepackaged Software,528.9,\N,\N,\N,\N,\N,\N,\N,\N,\N,\N,\N,could not convert string to float: N/A,\N
CHGG,Consumer Services,Other Consumer Services,4340,\N,\N,14.07,\N,-0.02,-0.03,-0.12,0.04,-0.04,\N,\N,\N,2019-07-06 08:36:44
CHE,Health Care,Medical/Nursing Services,5560,\N,\N,3.28,\N,2.66,3.27,3.06,3.26,2.7,\N,\N,\N,2019-07-06 08:36:58
CC,Basic Industries,Major Chemicals,4020,\N,\N,0.55,\N,1.58,1.53,1.51,0.83,0.55,\N,\N,\N,2019-07-06 08:37:11
CHMI,Consumer Services,Real Estate Investment Trusts,272.33,\N,\N,-163.46,\N,2.64,0.91,1.62,-2.42,-1.36,\N,\N,\N,2019-07-06 08:37:25
CHK,Energy,Oil & Gas Production,2990,\N,\N,0.31,\N,0.29,-0.04,0.07,0.49,-0.03,\N,\N,\N,2019-07-06 08:37:39
CHKR,Energy,Oil & Gas Production,51.43,\N,\N,3.91,\N,0.08,0.05,0.06,0.05,0.06,\N,\N,\N,2019-07-06 08:37:53
CHSP,Consumer Services,Real Estate Investment Trusts,1720,\N,\N,2.9,\N,0.11,0.4,0.89,0.22,0.14,\N,\N,\N,2019-07-06 08:38:09
CPK,Public Utilities,Oil & Gas Production,1550,\N,\N,2.2,\N,1.64,0.39,0.34,1.08,1.74,\N,\N,\N,2019-07-06 08:38:23
CVX,Energy,Integrated oil Companies,235520,\N,\N,1.49,\N,1.9,1.78,2.11,1.95,1.39,\N,\N,\N,2019-07-06 08:38:38
CHWY,Consumer Services,Catalog/Specialty Distribution,12680,\N,\N,\N,\N,\N,\N,\N,\N,\N,\N,\N,list index out of range,\N
CHS,Consumer Services,Clothing/Shoe/Accessory Stores,376.24,\N,\N,0.2,\N,0.23,0.13,0.05,-0.14,0.02,\N,\N,\N,2019-07-06 08:39:06
CIM,Consumer Services,Real Estate Investment Trusts,3600,\N,\N,7.24,\N,1.22,0.58,0.79,-0.63,0.54,\N,\N,\N,2019-07-06 08:39:20
DL,Consumer Services,Other Consumer Services,177.86,\N,\N,0.97,\N,-0.1,0.15,0.29,0.06,-0.12,\N,\N,\N,2019-07-06 08:39:34
CEA,Transportation,Air Freight/Delivery Services,8230,\N,\N,\N,\N,\N,\N,\N,\N,\N,\N,\N,could not convert string to float: N/A,\N
CGA,Basic Industries,Agricultural Chemicals,23.55,\N,\N,0.07,\N,2.28,-8.52,2.76,0.72,1.56,\N,\N,\N,2019-07-06 08:40:05
LFC,Finance,Life Insurance,68910,\N,\N,\N,\N,\N,\N,\N,\N,\N,\N,\N,could not convert string to float: N/A,\N
CHL,Public Utilities,Telecommunications Equipment,183260,\N,\N,\N,\N,\N,\N,\N,\N,\N,\N,\N,could not convert string to float: N/A,\N
COE,Consumer Services,Other Consumer Services,140.32,\N,\N,\N,\N,\N,\N,\N,\N,\N,\N,\N,could not convert string to float: N/A,\N
SNP,Energy,Integrated oil Companies,81600,\N,\N,\N,\N,\N,\N,\N,\N,\N,\N,\N,could not convert string to float: N/A,\N
XRF,Finance,Finance: Consumer Services,34.85,\N,\N,0.28,\N,-0.07,-0.06,-0.46,-0.16,-0.17,\N,\N,\N,2019-07-06 08:40:23
ZNH,Transportation,Air Freight/Delivery Services,8130,\N,\N,\N,\N,\N,\N,\N,\N,\N,\N,\N,could not convert string to float: N/A,\N
CHA,Public Utilities,Telecommunications Equipment,39890,\N,\N,\N,\N,\N,\N,\N,\N,\N,\N,\N,could not convert string to float: N/A,\N
CHU,Public Utilities,Telecommunications Equipment,33050,\N,\N,\N,\N,\N,\N,\N,\N,\N,\N,\N,could not convert string to float: N/A,\N
CYD,Energy,Industrial Machinery/Components,574.88,\N,\N,\N,\N,\N,\N,\N,\N,\N,\N,\N,could not convert string to float: N/A,\N
CMG,Consumer Services,Restaurants,20320,\N,\N,4.08,\N,2.13,1.68,1.36,1.15,3.13,\N,\N,\N,2019-07-06 08:40:40
CHH,Consumer Services,Hotels/Resorts,4710,\N,\N,4.72,\N,0.44,1.4,1.41,0.56,0.54,\N,\N,\N,2019-07-06 08:40:53
CB,Finance,Property-Casualty Insurers,69110,\N,\N,2.07,\N,2.3,2.76,2.64,0.76,2.25,\N,\N,\N,2019-07-06 08:41:08
CHT,Public Utilities,Telecommunications Equipment,28520,\N,\N,\N,\N,\N,\N,\N,\N,\N,\N,\N,could not convert string to float: N/A,\N
CHD,Basic Industries,Package Goods/Cosmetics,18530,\N,\N,4.3,\N,0.63,0.49,0.58,0.57,0.7,\N,\N,\N,2019-07-06 08:41:22
CIEN,Public Utilities,Telecommunications Equipment,6540,\N,\N,1.98,\N,0.09,0.34,0.34,0.21,0.33,\N,\N,\N,2019-07-06 08:41:38
CI,Health Care,Medical Specialities,60740,\N,\N,0.83,\N,3.72,3.29,3.14,0.4,3.56,\N,\N,\N,2019-07-06 08:41:51
XEC,Energy,Oil & Gas Production,5640,\N,\N,2.55,\N,1.96,1.48,1.56,3.32,0.26,\N,\N,\N,2019-07-06 08:42:06
CBB,Public Utilities,Telecommunications Equipment,248.31,\N,\N,0.16,\N,-0.26,-0.39,-0.41,-0.65,-0.59,\N,\N,\N,2019-07-06 08:42:21
CNK,Consumer Services,Movies/Entertainment,4150,\N,\N,1.38,\N,0.53,0.7,0.43,0.17,0.28,\N,\N,\N,2019-07-06 08:42:33
CINR,Basic Industries,Mining & Quarrying of Nonmetallic Minerals (No Fue,337.48,\N,\N,0.69,\N,0.51,0.83,0.44,0.7,0.61,\N,\N,\N,2019-07-06 08:42:47
CIR,Capital Goods,Metal Fabrications,909.35,\N,\N,0.78,\N,-0.88,0.3,-0.34,-1.06,-0.23,\N,\N,\N,2019-07-06 08:43:01
CISN,Technology,Computer Software: Prepackaged Software,1640,\N,\N,2.23,\N,0,-0.05,-0.05,-0.09,0.08,\N,\N,\N,2019-07-06 08:43:15
CIT,Finance,Major Banks,4750,\N,\N,2.2,\N,0.74,0.94,1.15,0.78,1.18,\N,\N,\N,2019-07-06 08:43:29
BLW,Finance,Major Banks,536.37,\N,\N,\N,\N,\N,\N,\N,\N,\N,\N,\N,,\N
C,Finance,Major Banks,153870,\N,\N,2.52,\N,1.68,1.63,1.73,1.64,1.87,\N,\N,\N,2019-07-06 08:44:02
CFG,Finance,Major Banks,15830,\N,\N,2.78,\N,0.78,0.88,0.91,0.96,0.92,\N,\N,\N,2019-07-06 08:44:16
CIA,Finance,Life Insurance,357.64,\N,\N,1.48,\N,0,-0.05,-0.3,0.13,-0.08,\N,\N,\N,2019-07-06 08:44:29
CIO,Consumer Services,Real Estate Investment Trusts,476.42,\N,\N,3.64,\N,1.24,-0.07,-0.08,-0.22,-0.07,\N,\N,\N,2019-07-06 08:44:43
CVEO,Consumer Services,Hotels/Resorts,264.11,\N,\N,0.57,\N,-0.42,-0.29,-0.09,-0.08,-0.11,\N,\N,\N,2019-07-06 08:44:56
CCC,Technology,EDP Services,4580,\N,\N,\N,\N,\N,\N,\N,\N,\N,\N,\N,list index out of range,\N
CLH,Basic Industries,Environmental Services,3830,\N,\N,1.2,\N,-0.22,0.54,0.55,0.29,0.02,\N,\N,\N,2019-07-06 08:45:23
CCO,Consumer Services,Advertising,1470,\N,\N,0.63,\N,-0.35,-0.14,-0.18,0.07,-0.45,\N,\N,\N,2019-07-06 08:45:38
CLW,Basic Industries,Paper,283.9,\N,\N,0.19,\N,0.16,0.42,2.08,-11.39,0.23,\N,\N,\N,2019-07-06 08:45:51
CWEN,Public Utilities,Electric Utilities: Central,3270,\N,\N,3.1,\N,0.16,0.62,0.2,-0.68,-0.18,\N,\N,\N,2019-07-06 08:46:05
CLF,Basic Industries,Precious Metals,2780,\N,\N,1.33,\N,-0.29,0.55,1.41,1.98,-0.08,\N,\N,\N,2019-07-06 08:46:20
CLPR,Consumer Services,Real Estate Investment Trusts,225.36,\N,\N,1.85,\N,-0.21,0.01,0.02,-0.04,-0.01,\N,\N,\N,2019-07-06 08:46:35
CLX,Consumer Durables,Specialty Chemicals,19840,\N,\N,3.16,\N,1.37,1.66,1.62,1.4,1.44,\N,\N,\N,2019-07-06 08:46:49
CLDR,Technology,Computer Software: Prepackaged Software,1480,\N,\N,2.55,\N,-0.35,-0.22,-0.17,-0.45,-0.38,\N,\N,\N,2019-07-06 08:47:03
CMS,Public Utilities,Power Generation,16730,\N,\N,2.39,\N,0.86,0.49,0.59,0.38,0.75,\N,\N,\N,2019-07-06 08:47:16
CNA,Finance,Property-Casualty Insurers,12860,\N,\N,1.27,\N,1.07,0.99,1.23,-0.31,1.25,\N,\N,\N,2019-07-06 08:47:30
CNF,Finance,Finance: Consumer Services,39.19,\N,\N,\N,\N,\N,\N,\N,\N,\N,\N,\N,could not convert string to float: N/A,\N
CNHI,Capital Goods,Construction/Ag Equipment/Trucks,13790,\N,\N,0.5,\N,0.14,0.29,0.16,0.19,0.19,\N,\N,\N,2019-07-06 08:47:45
CNO,Finance,Accident &Health Insurance,2610,\N,\N,0.64,\N,0.5,0.61,-3.22,0.17,0.32,\N,\N,\N,2019-07-06 08:47:59
CEO,Energy,Oil & Gas Production,1710,\N,\N,\N,\N,\N,\N,\N,\N,\N,\N,\N,could not convert string to float: N/A,\N
CNXM,Public Utilities,Natural Gas Distribution,875.02,\N,\N,3.43,\N,0.4,0.43,0.47,0.59,0.47,\N,\N,\N,2019-07-06 08:48:12
CEIX,Energy,Coal Mining,696.35,\N,\N,0.48,\N,2.2,1.58,0.2,1.41,0.52,\N,\N,\N,2019-07-06 08:48:26
CNX,Energy,Oil & Gas Production,1340,\N,\N,0.81,\N,2.35,0.19,0.59,0.5,-0.44,\N,\N,\N,2019-07-06 08:48:40
KOF,Consumer Non-Durables,Beverages (Production/Distribution),13180,\N,\N,\N,\N,\N,\N,\N,\N,\N,\N,\N,could not convert string to float: N/A,\N
KO,Consumer Non-Durables,Beverages (Production/Distribution),220810,\N,\N,6.89,\N,0.32,0.54,0.44,0.2,0.39,\N,\N,\N,2019-07-06 08:48:55
CCEP,Consumer Non-Durables,Beverages (Production/Distribution),26680,\N,\N,\N,\N,\N,\N,\N,\N,\N,\N,\N,could not convert string to float: N/A,\N
CDE,Basic Industries,Precious Metals,917.95,\N,\N,\N,\N,\N,\N,\N,\N,\N,\N,\N,,\N
CNS,Finance,Investment Managers,2400,\N,\N,6.55,\N,0.59,0.63,0.65,0.54,0.68,\N,\N,\N,2019-07-06 08:49:39
CFX,Capital Goods,Fluid Controls,3120,\N,\N,0.84,\N,0.2,0.31,0.26,0.39,-0.39,\N,\N,\N,2019-07-06 08:49:54
CL,Consumer Non-Durables,Package Goods/Cosmetics,63450,\N,\N,4,\N,0.72,0.73,0.6,0.7,0.65,\N,\N,\N,2019-07-06 08:50:07
CCH,Finance,Business Services,569.93,\N,\N,\N,\N,\N,\N,\N,\N,\N,\N,\N,could not convert string to float: N/A,\N
CLNY,Consumer Services,Real Estate Investment Trusts,2430,\N,\N,0.94,\N,-0.14,-0.19,-0.15,-0.82,-0.21,\N,\N,\N,2019-07-06 08:50:21
CLNC,Consumer Services,Real Estate Investment Trusts,1990,\N,\N,3.28,\N,-0.05,0.12,-0.42,-1,0.11,\N,\N,\N,2019-07-06 08:50:35
CXP,Consumer Services,Real Estate Investment Trusts,2470,\N,\N,8.38,\N,0.01,-0.03,0.05,0.04,0.03,\N,\N,\N,2019-07-06 08:50:48
CMA,Finance,Major Banks,10780,\N,\N,3.3,\N,1.59,1.87,1.86,1.88,2.11,\N,\N,\N,2019-07-06 08:51:02
FIX,Capital Goods,Engineering & Construction,1850,\N,\N,0.84,\N,0.44,0.87,1.02,0.67,0.53,\N,\N,\N,2019-07-06 08:51:19
CMC,Basic Industries,Steel/Iron Ore,1980,\N,\N,0.38,\N,0.34,0.44,0.17,0.12,0.66,\N,\N,\N,2019-07-06 08:51:32
CBU,Finance,Major Banks,3290,\N,\N,6.09,\N,0.78,0.86,0.83,0.78,0.8,\N,\N,\N,2019-07-06 08:51:45
CYH,Health Care,Hospital/Nursing Management,306.96,\N,\N,0.02,\N,-0.22,-0.97,-2.88,-2.91,-1.04,\N,\N,\N,2019-07-06 08:51:59
CHCT,Consumer Services,Real Estate Investment Trusts,742.44,\N,\N,15.17,\N,0.09,0.12,0.1,-0.12,0.06,\N,\N,\N,2019-07-06 08:52:12
CIG,Public Utilities,Electric Utilities: Central,5380,\N,\N,\N,\N,\N,\N,\N,\N,\N,\N,\N,could not convert string to float: N/A,\N
CBD,Consumer Services,Food Chains,5940,\N,\N,\N,\N,\N,\N,\N,\N,\N,\N,\N,could not convert string to float: N/A,\N
SBS,Public Utilities,Water Supply,8150,\N,\N,\N,\N,\N,\N,\N,\N,\N,\N,\N,could not convert string to float: N/A,\N
ELP,Public Utilities,Electric Utilities: Central,3380,\N,\N,\N,\N,\N,\N,\N,\N,\N,\N,\N,could not convert string to float: N/A,\N
CCU,Consumer Non-Durables,Beverages (Production/Distribution),5140,\N,\N,\N,\N,\N,\N,\N,\N,\N,\N,\N,could not convert string to float: N/A,\N
CODI,Consumer Durables,Home Furnishings,1120,\N,\N,0.68,\N,-0.09,-0.1,-0.07,-0.25,1.72,\N,\N,\N,2019-07-06 08:52:31
CMP,Basic Industries,Mining & Quarrying of Nonmetallic Minerals (No Fue,1830,\N,\N,1.27,\N,0.37,-0.23,0.37,1.5,0.22,\N,\N,\N,2019-07-06 08:52:45
CRK,Energy,Oil & Gas Production,552.02,\N,\N,\N,\N,\N,\N,\N,\N,\N,\N,\N,,\N
CAG,Consumer Non-Durables,Packaged Foods,14040,\N,\N,1.43,\N,0.9,0.18,0.45,0.31,0.5,\N,\N,\N,2019-07-06 08:53:13
CXO,Energy,Oil & Gas Production,20480,\N,\N,5.02,\N,5.58,0.92,-1.05,7.55,-3.49,\N,\N,\N,2019-07-06 08:53:27
CCM,Health Care,Medical/Nursing Services,97.56,\N,\N,\N,\N,\N,\N,\N,\N,\N,\N,\N,could not convert string to float: N/A,\N
CNDT,Miscellaneous,Business Services,1870,\N,\N,0.4,\N,-0.26,0.04,-1.16,-0.69,-1.49,\N,\N,\N,2019-07-06 08:53:57
COP,Energy,Integrated oil Companies,67550,\N,\N,1.78,\N,0.75,1.39,1.59,1.61,1.6,\N,\N,\N,2019-07-06 08:54:12
CCR,Energy,Coal Mining,431.9,\N,\N,1.27,\N,0.78,0.69,0.31,0.58,0.54,\N,\N,\N,2019-07-06 08:54:27
ED,Public Utilities,Power Generation,29090,\N,\N,2.33,\N,1.37,0.6,1.39,1.05,1.31,\N,\N,\N,2019-07-06 08:54:42
STZ,Consumer Non-Durables,Beverages (Production/Distribution),35250,\N,\N,4.63,\N,3.77,5.87,1.56,6.37,-1.3,\N,\N,\N,2019-07-06 08:54:55
CSTM,Basic Industries,Metal Fabrications,1320,\N,\N,\N,\N,\N,\N,\N,\N,\N,\N,\N,could not convert string to float: N/A,\N
TCS,Consumer Services,Home Furnishings,351.04,\N,\N,0.43,\N,-0.01,-0.14,0.07,0.19,0.33,\N,\N,\N,2019-07-06 08:55:09
CBPX,Capital Goods,Building Materials,850.65,\N,\N,1.71,\N,0.36,0.59,0.5,0.55,0.45,\N,\N,\N,2019-07-06 08:55:23
CLR,Energy,Oil & Gas Production,14960,\N,\N,3.54,\N,0.63,0.65,0.84,0.53,0.5,\N,\N,\N,2019-07-06 08:55:37
VLRS,Transportation,Air Freight/Delivery Services,982.8,\N,\N,\N,\N,\N,\N,\N,\N,\N,\N,\N,could not convert string to float: N/A,\N
CTRA,Energy,Coal Mining,956.67,\N,\N,0.44,\N,5.53,7.16,1.15,9.89,0.35,\N,\N,\N,2019-07-06 08:55:51
CTB,Consumer Durables,Automotive Aftermarket,1540,\N,\N,0.56,\N,0.16,0.3,1.07,-0.01,0.14,\N,\N,\N,2019-07-06 08:56:05
CPS,Capital Goods,Auto Parts:O.E.M.,756.97,\N,\N,0.22,\N,3.07,2.28,1.77,-1.3,-0.2,\N,\N,\N,2019-07-06 08:56:19
CTK,Technology,EDP Services,634.81,\N,\N,\N,\N,\N,\N,\N,\N,\N,\N,\N,,\N
CPA,Transportation,Air Freight/Delivery Services,3980,\N,\N,1.66,\N,3.22,1.18,1.36,-3.67,2.11,\N,\N,\N,2019-07-06 08:56:49
CLB,Energy,Oilfield Services/Equipment,2300,\N,\N,3.39,\N,0.53,0.56,0.5,0.2,0.91,\N,\N,\N,2019-07-06 08:57:03
CXW,Consumer Services,Real Estate Investment Trusts,2570,\N,\N,1.28,\N,0.32,0.33,0.34,0.35,0.41,\N,\N,\N,2019-07-06 08:57:17
CLGX,Technology,EDP Services,3350,\N,\N,1.98,\N,0.34,0.71,0.27,0.15,0.02,\N,\N,\N,2019-07-06 08:57:34
CORR,Consumer Services,Real Estate Investment Trusts,506.44,\N,\N,5.79,\N,0.45,0.45,0.44,1.52,0.12,\N,\N,\N,2019-07-06 08:57:49
CPLG,Consumer Services,Real Estate Investment Trusts,728.3,\N,\N,\N,\N,\N,\N,\N,\N,\N,\N,\N,,\N
COR,Consumer Services,Real Estate Investment Trusts,4300,\N,\N,8.02,\N,0.59,0.57,0.52,0.54,0.54,\N,\N,\N,2019-07-06 08:58:17
CNR,Capital Goods,Metal Fabrications,647.65,\N,\N,0.22,\N,0.08,-0.09,0.54,0.41,-0.48,\N,\N,\N,2019-07-06 08:58:31
GLW,Basic Industries,Telecommunications Equipment,25750,\N,\N,2.27,\N,-0.72,0.78,0.67,0.32,0.55,\N,\N,\N,2019-07-06 08:58:46
CAAP,Transportation,Aerospace,1270,\N,\N,0.94,\N,0.17,-0.14,-0.09,0.25,0.19,\N,\N,\N,2019-07-06 08:59:00
OFC,Consumer Services,Real Estate Investment Trusts,3070,\N,\N,5.36,\N,0.17,0.19,0.18,0.16,0.19,\N,\N,\N,2019-07-06 08:59:31
CTVA,Consumer Non-Durables,Farming/Seeds/Milling,20750,\N,\N,\N,\N,\N,\N,\N,\N,\N,\N,\N,could not convert string to float: ,\N
CZZ,Consumer Non-Durables,Specialty Foods,3210,\N,\N,\N,\N,\N,\N,\N,\N,\N,\N,\N,could not convert string to float: N/A,\N
CMRE,Transportation,Marine Transportation,564.47,\N,\N,1.55,\N,0.11,0.06,0.06,0.11,-0.08,\N,\N,\N,2019-07-06 09:00:00
COT,Consumer Non-Durables,Beverages (Production/Distribution),1820,\N,\N,0.75,\N,2.54,0.08,0.07,0.01,-0.14,\N,\N,\N,2019-07-06 09:00:15
COTY,Consumer Non-Durables,Package Goods/Cosmetics,9910,\N,\N,0.98,\N,-0.1,-0.24,-0.02,-1.28,-0.02,\N,\N,\N,2019-07-06 09:00:29
CUZ,Consumer Services,Real Estate Investment Trusts,10040,\N,\N,10.86,\N,0.16,0.2,0.2,0.2,0.32,\N,\N,\N,2019-07-06 09:00:43
CVA,Basic Industries,Electric Utilities: Central,2360,\N,\N,1.28,\N,1.53,-0.24,-0.21,0.07,0.03,\N,\N,\N,2019-07-06 09:00:57
CVIA,Basic Industries,Mining & Quarrying of Nonmetallic Minerals (No Fue,262.89,\N,\N,\N,\N,\N,\N,\N,\N,\N,\N,\N,,\N
CPF,Finance,Major Banks,825.96,\N,\N,4.05,\N,0.48,0.48,0.52,0.54,0.55,\N,\N,\N,2019-07-06 09:01:25
CPL,Public Utilities,Electric Utilities: Central,8570,\N,\N,\N,\N,\N,\N,\N,\N,\N,\N,\N,could not convert string to float: N/A,\N
CR,Capital Goods,Metal Fabrications,4840,\N,\N,1.5,\N,1.13,1.32,1.59,1.46,1.36,\N,\N,\N,2019-07-06 09:01:40
BAP,Finance,Commercial Banks,18110,\N,\N,\N,\N,\N,\N,\N,\N,\N,\N,\N,could not convert string to float: N/A,\N
CS,Finance,Investment Bankers/Brokers/Service,29040,\N,\N,\N,\N,\N,\N,\N,\N,\N,\N,\N,could not convert string to float: N/A,\N
CPG,Energy,Oil & Gas Production,1770,\N,\N,\N,\N,\N,\N,\N,\N,\N,\N,\N,could not convert string to float: N/A,\N
CEQP,Consumer Services,Other Consumer Services,2520,\N,\N,0.78,\N,0.21,-0.57,-0.34,0.57,-0.07,\N,\N,\N,2019-07-06 09:01:56
CRH,Capital Goods,Building Materials,25770,\N,\N,\N,\N,\N,\N,\N,\N,\N,\N,\N,could not convert string to float: N/A,\N
CRT,Energy,Oil & Gas Production,75.49,\N,\N,9.12,\N,0.34,0.36,0.36,0.37,0.18,\N,\N,\N,2019-07-06 09:02:11
CAPL,Energy,Oil Refining/Marketing,540.08,\N,\N,0.25,\N,-0.06,-0.21,0.15,0.22,0,\N,\N,\N,2019-07-06 09:02:25
CCI,Consumer Services,Real Estate Investment Trusts,55400,\N,\N,10.05,\N,0.21,0.36,0.33,0.44,0.44,\N,\N,\N,2019-07-06 09:02:39
CCK,Consumer Durables,Containers/Packaging,8050,\N,\N,0.73,\N,0.67,0.99,1.23,0.4,0.77,\N,\N,\N,2019-07-06 09:02:53
CRY,Health Care,Medical/Dental Instruments,1110,\N,\N,4.24,\N,-0.11,0.01,0.04,-0.05,-0.01,\N,\N,\N,2019-07-06 09:03:07
CSS,Consumer Services,Consumer: Greeting Cards,42.85,\N,\N,0.12,\N,-4.21,-2.03,-0.54,-0.77,-2.65,\N,\N,\N,2019-07-06 09:03:20
CTS,Technology,Electrical Products,902.21,\N,\N,1.93,\N,0.34,0.21,0.3,0.52,0.34,\N,\N,\N,2019-07-06 09:03:34
CUBE,Consumer Services,Real Estate Investment Trusts,6330,\N,\N,10.66,\N,0.19,0.21,0.23,0.25,0.19,\N,\N,\N,2019-07-06 09:03:48
CUB,Capital Goods,Industrial Machinery/Components,1930,\N,\N,1.58,\N,-0.07,0.23,0.65,-0.23,-0.3,\N,\N,\N,2019-07-06 09:04:18
CFR,Finance,Major Banks,5720,\N,\N,4.59,\N,1.61,1.68,1.78,1.82,1.79,\N,\N,\N,2019-07-06 09:04:34
CULP,Basic Industries,Textiles,228.49,\N,\N,0.79,\N,-0.06,1,0.08,0.23,0.25,\N,\N,\N,2019-07-06 09:04:48
CMI,Energy,Industrial Machinery/Components,26590,\N,\N,1.1,\N,1.96,3.32,4.28,3.62,4.2,\N,\N,\N,2019-07-06 09:05:02
CURO,Finance,Finance: Consumer Services,449.1,\N,\N,0.46,\N,0.49,0.33,-1.03,-0.31,0.79,\N,\N,\N,2019-07-06 09:05:16
CW,Technology,Industrial Machinery/Components,5120,\N,\N,2.23,\N,0.98,1.68,1.68,1.89,1.29,\N,\N,\N,2019-07-06 09:05:29
CWK,Finance,Real Estate,3780,\N,\N,\N,\N,\N,\N,\N,\N,\N,\N,\N,,\N
CUBI,Finance,Major Banks,619.49,\N,\N,2.15,\N,0.64,0.62,0.07,0.44,0.38,\N,\N,\N,2019-07-06 09:05:57
CVI,Energy,Integrated oil Companies,4860,\N,\N,0.73,\N,0.76,0.59,0.94,0.82,1,\N,\N,\N,2019-07-06 09:06:13
UAN,Basic Industries,Agricultural Chemicals,415.75,\N,\N,1.14,\N,-0.17,-0.15,-0.12,-0.01,-0.05,\N,\N,\N,2019-07-06 09:06:27
CVS,Health Care,Medical/Nursing Services,69740,\N,\N,0.34,\N,0.98,-2.52,1.36,-0.37,1.09,\N,\N,\N,2019-07-06 09:06:41
CELP,Energy,Oilfield Services/Equipment,86.73,\N,\N,0.26,\N,0.06,0.24,0.26,0.13,0.05,\N,\N,\N,2019-07-06 09:06:55
DHI,Capital Goods,Homebuilding,15890,\N,\N,0.98,\N,0.91,1.18,1.22,0.76,0.93,\N,\N,\N,2019-07-06 09:07:09
DAN,Capital Goods,Auto Parts:O.E.M.,2540,\N,\N,0.34,\N,0.73,0.85,0.65,0.69,0.68,\N,\N,\N,2019-07-06 09:07:22
DHR,Capital Goods,Industrial Machinery/Components,101810,\N,\N,5.11,\N,0.8,0.95,0.93,1.05,0.46,\N,\N,\N,2019-07-06 09:07:35
DAC,Transportation,Marine Transportation,123.62,\N,\N,0.29,\N,1.96,0.7,10.78,-19.18,2.19,\N,\N,\N,2019-07-06 09:07:49
DQ,Technology,Semiconductors,530.19,\N,\N,2.01,\N,2.79,1,-1.39,0.85,0.48,\N,\N,\N,2019-07-06 09:08:04
DRI,Consumer Services,Restaurants,15140,\N,\N,1.79,\N,1.73,1.39,1.32,0.92,1.79,\N,\N,\N,2019-07-06 09:08:18
DAR,Consumer Non-Durables,Packaged Foods,3290,\N,\N,0.98,\N,0.58,-0.18,-0.04,0.24,0.11,\N,\N,\N,2019-07-06 09:08:34
DVA,Health Care,Hospital/Nursing Management,9030,\N,\N,0.86,\N,0.98,1.53,-0.82,-0.9,0.9,\N,\N,\N,2019-07-06 09:08:47
DCP,Public Utilities,Natural Gas Distribution,4100,\N,\N,0.43,\N,0.08,0.07,0.18,0.28,0.14,\N,\N,\N,2019-07-06 09:09:01
DF,Consumer Non-Durables,Packaged Foods,89.91,\N,\N,0.01,\N,0,-0.44,-0.29,-2.85,-0.67,\N,\N,\N,2019-07-06 09:09:16
DECK,Consumer Non-Durables,Shoe Manufacturing,5010,\N,\N,2.55,\N,0.66,-1,2.48,6.68,0.82,\N,\N,\N,2019-07-06 09:09:30
DE,Capital Goods,Industrial Machinery/Components,52720,\N,\N,1.33,\N,3.67,2.78,2.42,1.54,3.52,\N,\N,\N,2019-07-06 09:09:45
DKL,Energy,Natural Gas Distribution,750.77,\N,\N,1.28,\N,0.59,0.79,0.68,0.58,0.51,\N,\N,\N,2019-07-06 09:09:58
DK,Energy,Integrated oil Companies,2950,\N,\N,0.31,\N,-0.43,0.89,2.03,1.48,1.9,\N,\N,\N,2019-07-06 09:10:29
DELL,Technology,Computer Manufacturing,37590,\N,\N,\N,\N,\N,\N,\N,\N,\N,\N,\N,,\N
DLPH,Capital Goods,Auto Parts:O.E.M.,1630,\N,\N,0.34,\N,1.1,0.97,0.44,1.52,0.18,\N,\N,\N,2019-07-06 09:10:59
DAL,Transportation,Air Freight/Delivery Services,36610,\N,\N,0.85,\N,0.77,1.47,1.91,1.49,1.09,\N,\N,\N,2019-07-06 09:11:13
DLX,Consumer Durables,Publishing,1750,\N,\N,0.89,\N,1.31,1.25,-0.67,1.4,0.93,\N,\N,\N,2019-07-06 09:11:27
DNR,Energy,Oil & Gas Production,530.41,\N,\N,0.39,\N,0.09,0.07,0.17,0.38,-0.06,\N,\N,\N,2019-07-06 09:11:41
DBI,Consumer Services,Clothing/Shoe/Accessory Stores,1360,\N,\N,0.43,\N,0.3,-0.48,0.48,-0.58,0.4,\N,\N,\N,2019-07-06 09:11:54
DESP,Consumer Services,Transportation Services,942.99,\N,\N,1.84,\N,0.24,0.02,-0.02,0.04,0.03,\N,\N,\N,2019-07-06 09:12:09
DB,Finance,Major Banks,14690,\N,\N,\N,\N,\N,\N,\N,\N,\N,\N,\N,could not convert string to float: N/A,\N
DVN,Energy,Oil & Gas Production,11590,\N,\N,1.19,\N,-0.38,-0.83,5.14,2.48,-0.74,\N,\N,\N,2019-07-06 09:12:23
DHX,Miscellaneous,Business Services,219.04,\N,\N,1.41,\N,0.07,0,0.02,0.06,0.03,\N,\N,\N,2019-07-06 09:12:36
DHT,Transportation,Marine Transportation,802.3,\N,\N,2,\N,-0.06,-0.2,-0.15,0.08,0.12,\N,\N,\N,2019-07-06 09:12:50
DEO,Consumer Non-Durables,Beverages (Production/Distribution),102780,\N,\N,\N,\N,\N,\N,\N,\N,\N,\N,\N,could not convert string to float: N/A,\N
DO,Energy,Oil & Gas Production,1140,\N,\N,1.21,\N,0.14,-0.5,-0.37,-0.58,-0.53,\N,\N,\N,2019-07-06 09:13:04
DSSI,Consumer Services,Transportation Services,452.76,\N,\N,\N,\N,\N,\N,\N,\N,\N,\N,\N,,\N
DRH,Consumer Services,Real Estate Investment Trusts,2010,\N,\N,2.35,\N,0.02,0.14,0.15,0.12,0.04,\N,\N,\N,2019-07-06 09:13:33
DSX,Transportation,Marine Transportation,330.1,\N,\N,1.56,\N,-0.04,0,0.13,0.01,0.02,\N,\N,\N,2019-07-06 09:13:47
DKS,Consumer Services,Other Specialty Stores,3130,\N,\N,0.4,\N,0.59,1.2,0.39,1.07,0.61,\N,\N,\N,2019-07-06 09:14:01
DBD,Miscellaneous,Office Equipment/Supplies/Services,636.48,\N,\N,0.16,\N,-0.94,-1.82,-2.79,-1.62,-1.74,\N,\N,\N,2019-07-06 09:14:15
DLR,Consumer Services,Real Estate Investment Trusts,25200,\N,\N,8,\N,0.42,0.32,0.33,0.15,0.46,\N,\N,\N,2019-07-06 09:14:30
DDS,Consumer Services,Department/Specialty Retail Stores,1600,\N,\N,0.26,\N,2.89,-0.1,0.27,3.22,2.99,\N,\N,\N,2019-07-06 09:14:45
DIN,Consumer Services,Restaurants,1640,\N,\N,2.18,\N,0.92,0.69,1.29,1.47,1.73,\N,\N,\N,2019-07-06 09:14:58
DPLO,Health Care,Medical/Nursing Services,404.95,\N,\N,0.08,\N,-0.01,-0.05,0,-4,-0.19,\N,\N,\N,2019-07-06 09:15:12
DFS,Finance,Finance: Consumer Services,25060,\N,\N,3.33,\N,1.82,1.91,2.05,2.03,2.15,\N,\N,\N,2019-07-06 09:15:25
DLB,Miscellaneous,Multi-Sector Companies,4150,\N,\N,5.45,\N,0.66,0.78,0.47,0.93,0.7,\N,\N,\N,2019-07-06 09:15:39
DG,Consumer Services,Department/Specialty Retail Stores,35130,\N,\N,1.38,\N,1.36,1.52,1.26,1.84,1.48,\N,\N,\N,2019-07-06 09:16:09
D,Public Utilities,Electric Utilities: Central,63150,\N,\N,4.54,\N,0.77,0.69,1.3,0.94,-0.86,\N,\N,\N,2019-07-06 09:16:22
DPZ,Consumer Non-Durables,Food Distributors,11390,\N,\N,3.2,\N,2,1.78,1.95,2.62,2.2,\N,\N,\N,2019-07-06 09:16:36
UFS,Basic Industries,Paper,2800,\N,\N,0.49,\N,0.86,0.68,1.57,1.38,1.27,\N,\N,\N,2019-07-06 09:16:50
DCI,Capital Goods,Pollution Control Equipment,6320,\N,\N,2.24,\N,0.53,0.78,0.56,0.46,0.58,\N,\N,\N,2019-07-06 09:17:03
DFIN,Consumer Services,Other Consumer Services,441.86,\N,\N,0.5,\N,0.23,0.56,1.4,-0.03,-0.04,\N,\N,\N,2019-07-06 09:17:18
LPG,Transportation,Marine Transportation,476.65,\N,\N,3.18,\N,-0.06,-0.38,-0.15,-0.11,-0.29,\N,\N,\N,2019-07-06 09:17:31
PLOW,Capital Goods,Construction/Ag Equipment/Trucks,904.52,\N,\N,1.67,\N,-0.08,0.91,0.43,0.63,-0.01,\N,\N,\N,2019-07-06 09:17:46
DEI,Consumer Services,Real Estate Investment Trusts,7020,\N,\N,7.95,\N,0.17,0.19,0.18,0.15,0.17,\N,\N,\N,2019-07-06 09:19:03
DOV,Technology,Industrial Machinery/Components,14330,\N,\N,2.11,\N,0.84,0.91,1.05,0.96,0.72,\N,\N,\N,2019-07-06 09:19:17
DVD,Consumer Services,Services-Misc. Amusement & Recreation,72.47,\N,\N,1.59,\N,-0.03,0.18,-0.07,0.11,-0.07,\N,\N,\N,2019-07-06 09:19:31
DOW,Basic Industries,Major Chemicals,37210,\N,\N,\N,\N,\N,\N,\N,\N,\N,\N,\N,,\N
RDY,Health Care,Major Pharmaceuticals,6020,\N,\N,\N,\N,\N,\N,\N,\N,\N,\N,\N,could not convert string to float: N/A,\N
DRD,Basic Industries,Precious Metals,208.87,\N,\N,\N,\N,\N,\N,\N,\N,\N,\N,\N,could not convert string to float: N/A,\N
DRQ,Energy,Metal Fabrications,1590,\N,\N,4.35,\N,-0.2,-0.08,-0.28,-2.09,-0.17,\N,\N,\N,2019-07-06 09:20:00
DS,Consumer Services,Real Estate Investment Trusts,300.95,\N,\N,1.06,\N,-0.26,-0.09,-0.23,-0.07,-0.24,\N,\N,\N,2019-07-06 09:20:14
DTE,Public Utilities,Electric Utilities: Central,23860,\N,\N,1.72,\N,2,1.29,1.84,1.04,2.19,\N,\N,\N,2019-07-06 09:21:00
DCO,Capital Goods,Military/Government/Technical,504.64,\N,\N,0.81,\N,0.22,0.14,0.36,0.06,0.64,\N,\N,\N,2019-07-06 09:21:14
DUK,Public Utilities,Power Generation,65610,\N,\N,2.7,\N,0.88,0.71,1.51,0.64,1.24,\N,\N,\N,2019-07-06 09:21:28
DRE,Consumer Services,Real Estate Investment Trusts,11260,\N,\N,11.89,\N,0.2,0.54,0.15,0.18,0.12,\N,\N,\N,2019-07-06 09:21:43
DD,Basic Industries,Major Chemicals,55510,\N,\N,0.66,\N,1.41,2.28,0.63,0.63,0.69,\N,\N,\N,2019-07-06 09:21:57
DXC,Technology,EDP Services,14510,\N,\N,0.72,\N,1.93,0.9,0.92,1.66,1.01,\N,\N,\N,2019-07-06 09:22:10
DY,Basic Industries,Water Supply,1750,\N,\N,0.57,\N,0.53,0.94,0.87,-0.38,0.45,\N,\N,\N,2019-07-06 09:22:23
DLNG,Consumer Services,Marine Transportation,52.53,\N,\N,0.4,\N,0.09,-0.04,-0.06,-0.03,-0.03,\N,\N,\N,2019-07-06 09:22:37
DX,Consumer Services,Real Estate Investment Trusts,411.6,\N,\N,-5.59,\N,2.22,0.69,1.17,-4.02,-2.43,\N,\N,\N,2019-07-06 09:22:50
ELF,Consumer Non-Durables,Package Goods/Cosmetics,691.59,\N,\N,2.63,\N,0.01,0.03,0.08,0.2,-0.37,\N,\N,\N,2019-07-06 09:23:20
EXP,Capital Goods,Building Materials,3840,\N,\N,2.73,\N,0.76,1.38,1.53,1.24,-2.82,\N,\N,\N,2019-07-06 09:23:35
ESTE,Energy,Oil & Gas Production,355.04,\N,\N,2.72,\N,0.19,0.02,0.01,1.26,-0.6,\N,\N,\N,2019-07-06 09:23:50
DEA,Consumer Services,Real Estate Investment Trusts,1240,\N,\N,7.18,\N,0.03,0.02,0.03,0.01,-0.01,\N,\N,\N,2019-07-06 09:24:03
EGP,Consumer Services,Real Estate Investment Trusts,4240,\N,\N,14.08,\N,0.83,0.52,0.64,0.51,0.62,\N,\N,\N,2019-07-06 09:24:17
EMN,Basic Industries,Major Chemicals,10580,\N,\N,1.09,\N,2,2.39,2.89,0.24,1.49,\N,\N,\N,2019-07-06 09:24:30
KODK,Miscellaneous,Industrial Machinery/Components,102.77,\N,\N,0.08,\N,-0.7,-0.02,0.33,-0.44,-0.54,\N,\N,\N,2019-07-06 09:24:44
ETN,Technology,Industrial Machinery/Components,34730,\N,\N,1.59,\N,1.1,1.39,0.95,1.46,1.23,\N,\N,\N,2019-07-06 09:24:58
EV,Finance,Investment Managers,4770,\N,\N,2.93,\N,0.78,0.83,0.87,0.75,0.89,\N,\N,\N,2019-07-06 09:25:12
ECT,Energy,Oil & Gas Production,30.63,\N,\N,4.33,\N,0.06,0.06,0.08,0.11,0.06,\N,\N,\N,2019-07-06 09:25:26
ECL,Basic Industries,Package Goods/Cosmetics,55240,\N,\N,3.86,\N,0.84,1.2,1.48,1.35,1.01,\N,\N,\N,2019-07-06 09:25:40
EC,Energy,Oil & Gas Production,38490,\N,\N,\N,\N,\N,\N,\N,\N,\N,\N,\N,could not convert string to float: N/A,\N
EIX,Public Utilities,Electric Utilities: Central,21200,\N,\N,1.69,\N,0.67,0.84,1.57,-4.39,0.85,\N,\N,\N,2019-07-06 09:25:55
EW,Health Care,Industrial Specialties,39890,\N,\N,10.09,\N,0.96,1.32,1.06,0.03,1.18,\N,\N,\N,2019-07-06 09:26:08
EE,Public Utilities,Electric Utilities: Central,2660,\N,\N,2.97,\N,-0.17,0.82,1.79,-0.38,0.15,\N,\N,\N,2019-07-06 09:26:22
ELAN,Health Care,Major Pharmaceuticals,12720,\N,\N,\N,\N,\N,\N,\N,\N,\N,\N,\N,,\N
ESTC,Technology,Computer Software: Prepackaged Software,5470,\N,\N,\N,\N,\N,\N,\N,\N,\N,\N,\N,,\N
EGO,Basic Industries,Precious Metals,865.47,\N,\N,2.44,\N,0.05,-0.15,-0.8,-1.38,-0.17,\N,\N,\N,2019-07-06 09:27:06
ESI,Basic Industries,Major Chemicals,2580,\N,\N,1.37,\N,0.13,0.04,-1.42,0.12,0.09,\N,\N,\N,2019-07-06 09:27:20
ELVT,Finance,Finance: Consumer Services,185.74,\N,\N,0.23,\N,0.22,0.07,-0.1,0.09,0.3,\N,\N,\N,2019-07-06 09:27:35
LLY,Health Care,Major Pharmaceuticals,112000,\N,\N,4.43,\N,1.16,-0.25,1.12,1.06,4.31,\N,\N,\N,2019-07-06 09:27:49
EFC,Finance,Real Estate,535.42,\N,\N,6.56,\N,0.67,0.69,0.22,-0.07,0.52,\N,\N,\N,2019-07-06 09:28:02
EARN,Consumer Services,Real Estate Investment Trusts,136.51,\N,\N,16.35,\N,-0.3,0.14,0.07,-0.8,0.72,\N,\N,\N,2019-07-06 09:28:16
ERJ,Capital Goods,Aerospace,3620,\N,\N,\N,\N,\N,\N,\N,\N,\N,\N,\N,could not convert string to float: N/A,\N
EME,Capital Goods,Engineering & Construction,4710,\N,\N,0.59,\N,0.94,1.21,1.35,1.36,1.28,\N,\N,\N,2019-07-06 09:28:30
EEX,Miscellaneous,Business Services,772.4,\N,\N,2.14,\N,0.5,0.08,0.28,-1.24,0.36,\N,\N,\N,2019-07-06 09:28:59
EBS,Health Care,Major Pharmaceuticals,2420,\N,\N,2.73,\N,-0.1,0.98,0.41,-0.07,-0.51,\N,\N,\N,2019-07-06 09:29:14
EMR,Energy,Consumer Electronics/Appliances,40160,\N,\N,2.23,\N,0.76,1.12,0.97,0.74,0.84,\N,\N,\N,2019-07-06 09:29:28
ESRT,Consumer Services,Real Estate Investment Trusts,4500,\N,\N,6.48,\N,0.06,0.1,0.1,0.13,0.03,\N,\N,\N,2019-07-06 09:29:42
EIG,Finance,Property-Casualty Insurers,1360,\N,\N,1.67,\N,0.77,1.28,1.43,0.77,1.57,\N,\N,\N,2019-07-06 09:29:55
EDN,Public Utilities,Electric Utilities: Central,814.41,\N,\N,\N,\N,\N,\N,\N,\N,\N,\N,\N,could not convert string to float: N/A,\N
ENBL,Public Utilities,Natural Gas Distribution,5660,\N,\N,1.73,\N,0.24,0.2,0.3,0.38,0.26,\N,\N,\N,2019-07-06 09:30:11
ENB,Energy,Natural Gas Distribution,70510,\N,\N,\N,\N,\N,\N,\N,\N,\N,\N,\N,could not convert string to float: N/A,\N
ECA,Energy,Oil & Gas Production,6950,\N,\N,1.21,\N,0.16,-0.16,0.04,1.07,-0.2,\N,\N,\N,2019-07-06 09:30:26
EHC,Health Care,Hospital/Nursing Management,6150,\N,\N,1.45,\N,0.84,0.92,0.89,0.28,1.03,\N,\N,\N,2019-07-06 09:30:41
DAVA,Technology,EDP Services,2080,\N,\N,\N,\N,\N,\N,\N,\N,\N,\N,\N,could not convert string to float: N/A,\N
EXK,Basic Industries,Precious Metals,276.1,\N,\N,1.87,\N,0.02,-0.04,-0.04,-0.03,-0.1,\N,\N,\N,2019-07-06 09:30:56
ENIA,Public Utilities,Electric Utilities: Central,9790,\N,\N,0.72,\N,0.19,0.15,0.09,0.59,0.18,\N,\N,\N,2019-07-06 09:31:09
ENIC,Public Utilities,Electric Utilities: Central,6710,\N,\N,\N,\N,\N,\N,\N,\N,\N,\N,\N,could not convert string to float: N/A,\N
ENR,Miscellaneous,Industrial Machinery/Components,2620,\N,\N,1.39,\N,0.13,0.39,0.02,1.16,-1.14,\N,\N,\N,2019-07-06 09:31:24
EPC,Consumer Non-Durables,Package Goods/Cosmetics,1460,\N,\N,0.69,\N,1.2,0.22,0.36,-0.01,0.89,\N,\N,\N,2019-07-06 09:31:38
ET,Public Utilities,Natural Gas Distribution,36620,\N,\N,0.68,\N,0.31,0.31,0.32,0.26,0.33,\N,\N,\N,2019-07-06 09:31:53
ERF,Energy,Oil & Gas Production,1750,\N,\N,\N,\N,\N,\N,\N,\N,\N,\N,\N,could not convert string to float: N/A,\N
ENS,Consumer Non-Durables,Telecommunications Equipment,2850,\N,\N,1.02,\N,1.27,1.08,1.11,1.12,0.42,\N,\N,\N,2019-07-06 09:32:08
E,Energy,Oil & Gas Production,59240,\N,\N,\N,\N,\N,\N,\N,\N,\N,\N,\N,could not convert string to float: N/A,\N
ENLC,Public Utilities,Natural Gas Distribution,4710,\N,\N,0.67,\N,0.07,0.15,0.04,-0.75,-0.45,\N,\N,\N,2019-07-06 09:32:22
EBF,Consumer Services,Office Equipment/Supplies/Services,533.85,\N,\N,1.29,\N,0.36,0.37,0.4,0.32,0.37,\N,\N,\N,2019-07-06 09:32:36
ENVA,Finance,Finance: Consumer Services,746.43,\N,\N,0.73,\N,0.81,0.52,0.43,0.25,1.02,\N,\N,\N,2019-07-06 09:32:49
NPO,Basic Industries,Metal Fabrications,1320,\N,\N,0.86,\N,0.58,0.47,1.16,-1.07,0.63,\N,\N,\N,2019-07-06 09:33:03
ESV,Energy,Oil & Gas Production,1500,\N,\N,1.03,\N,-1.28,-1.4,-1.32,-1.88,-1.75,\N,\N,\N,2019-07-06 09:33:17
ETM,Consumer Services,Broadcasting,814.17,\N,\N,0.58,\N,-0.1,0.02,0.27,-2.8,0.02,\N,\N,\N,2019-07-06 09:33:46
ETR,Public Utilities,Electric Utilities: Central,20480,\N,\N,1.9,\N,0.73,1.34,2.92,-0.36,1.32,\N,\N,\N,2019-07-06 09:34:01
EPD,Public Utilities,Natural Gas Distribution,62790,\N,\N,1.78,\N,0.41,0.31,0.6,0.59,0.57,\N,\N,\N,2019-07-06 09:34:16
EVC,Consumer Services,Broadcasting,249.42,\N,\N,0.96,\N,-0.02,0.05,0.02,0.08,0.02,\N,\N,\N,2019-07-06 09:34:30
ENV,Miscellaneous,Business Services,3480,\N,\N,4.47,\N,0.17,-0.12,0.06,0,-0.38,\N,\N,\N,2019-07-06 09:34:44
EVA,Basic Industries,Forest Products,1030,\N,\N,1.71,\N,-0.78,0.08,0.43,0.28,-0.42,\N,\N,\N,2019-07-06 09:34:57
ENZ,Health Care,Medical Specialities,177.39,\N,\N,1.95,\N,-0.06,-0.12,-0.13,-0.18,0.47,\N,\N,\N,2019-07-06 09:35:10
EOG,Energy,Oil & Gas Production,52250,\N,\N,2.92,\N,1.1,1.2,2.05,1.54,1.1,\N,\N,\N,2019-07-06 09:35:23
EPAM,Technology,EDP Services,9310,\N,\N,5.06,\N,1.15,0.89,1.15,1.05,1.06,\N,\N,\N,2019-07-06 09:35:38
EPR,Consumer Services,Real Estate Investment Trusts,5780,\N,\N,8.97,\N,0.32,1.15,1.15,0.65,0.79,\N,\N,\N,2019-07-06 09:35:51
EQM,Public Utilities,Natural Gas Distribution,8940,\N,\N,5.9,\N,1.61,1.09,1.14,-0.89,1.56,\N,\N,\N,2019-07-06 09:36:06
EQT,Energy,Oil & Gas Production,3680,\N,\N,0.83,\N,-5.99,0.07,-0.15,-2.5,0.75,\N,\N,\N,2019-07-06 09:36:20
EFX,Finance,Finance: Consumer Services,15830,\N,\N,4.92,\N,0.75,1.19,0.32,0.21,-4.6,\N,\N,\N,2019-07-06 09:36:35
EQNR,Energy,Integrated oil Companies,65710,\N,\N,0.88,\N,0.39,0.37,0.5,1.01,0.51,\N,\N,\N,2019-07-06 09:36:48
ETRN,Public Utilities,Natural Gas Distribution,5130,\N,\N,\N,\N,\N,\N,\N,\N,\N,\N,\N,,\N
EQC,Consumer Services,Real Estate Investment Trusts,3970,\N,\N,22.39,\N,1.48,0.29,0.25,0.11,1.67,\N,\N,\N,2019-07-06 09:37:18
ELS,Consumer Services,Real Estate Investment Trusts,10820,\N,\N,11.04,\N,0.68,0.52,0.63,0.56,1.26,\N,\N,\N,2019-07-06 09:37:33
EQR,Consumer Services,Real Estate Investment Trusts,28500,\N,\N,\N,\N,\N,\N,\N,\N,\N,\N,\N,list index out of range,\N
ERA,Transportation,Transportation Services,182.21,\N,\N,0.88,\N,-0.06,-0.49,1.44,-0.27,-0.28,\N,\N,\N,2019-07-06 09:38:59
EROS,Consumer Services,Movies/Entertainment,160.47,\N,\N,0.52,\N,-0.08,-0.32,-0.2,0.17,0.12,\N,\N,\N,2019-07-06 09:39:14
ESE,Capital Goods,Telecommunications Equipment,2000,\N,\N,2.69,\N,0.38,0.73,1.09,0.66,0.72,\N,\N,\N,2019-07-06 09:39:28
ESNT,Finance,Property-Casualty Insurers,4470,\N,\N,6.31,\N,1.13,1.14,1.18,1.31,1.3,\N,\N,\N,2019-07-06 09:39:41
EPRT,Consumer Services,Real Estate Investment Trusts,1180,\N,\N,\N,\N,\N,\N,\N,\N,\N,\N,\N,,\N
ESS,Consumer Services,Real Estate Investment Trusts,19330,\N,\N,13.72,\N,1.38,1.52,1.22,1.78,1.81,\N,\N,\N,2019-07-06 09:40:06
EL,Consumer Non-Durables,Package Goods/Cosmetics,40340,\N,\N,4.6,\N,0.99,0.49,1.34,1.55,1.51,\N,\N,\N,2019-07-06 09:40:20
ETH,Consumer Durables,Home Furnishings,537.97,\N,\N,0.73,\N,0.09,0.42,0.33,0.45,0.3,\N,\N,\N,2019-07-06 09:40:51
EURN,Transportation,Marine Transportation,1950,\N,\N,2.67,\N,-0.25,-0.06,-0.29,0.03,0.09,\N,\N,\N,2019-07-06 09:41:05
EB,Technology,Computer Software: Programming\, Data Processing,590.38,\N,\N,\N,\N,\N,\N,\N,\N,\N,\N,\N,list index out of range,\N
EVR,Finance,Investment Managers,3570,\N,\N,1.81,\N,2.1,1.52,1.08,3.67,1.52,\N,\N,\N,2019-07-06 09:43:01
RE,Finance,Property-Casualty Insurers,10240,\N,\N,1.35,\N,5.11,1.7,5.02,-9.5,8.54,\N,\N,\N,2019-07-06 12:31:12
EVRG,Public Utilities,Power Generation,15620,\N,\N,3.03,\N,0.42,0.56,1.32,-0.11,0.39,\N,\N,\N,2019-07-06 12:31:25
EVRI,Consumer Services,Services-Misc. Amusement & Recreation,785.08,\N,\N,1.73,\N,0.06,0.02,0.03,0.06,0.08,\N,\N,\N,2019-07-06 12:31:40
ES,Public Utilities,Electric Utilities: Central,24430,\N,\N,2.85,\N,0.85,0.76,0.91,0.73,0.97,\N,\N,\N,2019-07-06 12:31:54
EVTC,Technology,EDP Services,2220,\N,\N,5.11,\N,0.31,0.27,0.31,0.27,0.36,\N,\N,\N,2019-07-06 12:32:10
EVH,Consumer Services,Other Consumer Services,652.55,\N,\N,0.94,\N,-0.18,-0.13,-0.16,-0.21,-0.59,\N,\N,\N,2019-07-06 12:32:24
AQUA,Technology,Industrial Machinery/Components,1470,\N,\N,1.17,\N,0.1,0.01,-0.03,-0.15,0.01,\N,\N,\N,2019-07-06 12:32:37
XAN,Consumer Services,Real Estate Investment Trusts,355.91,\N,\N,6.21,\N,-0.4,0.2,0.19,0.23,0.18,\N,\N,\N,2019-07-06 12:32:50
EXC,Public Utilities,Power Generation,47620,\N,\N,1.34,\N,0.6,0.56,0.76,0.16,0.93,\N,\N,\N,2019-07-06 12:33:04
EXPR,Consumer Services,Clothing/Shoe/Accessory Stores,182.28,\N,\N,0.08,\N,0.01,0.03,0.11,-0.02,-0.15,\N,\N,\N,2019-07-06 12:33:18
EXTN,Technology,Diversified Commercial Services,475.88,\N,\N,\N,\N,\N,\N,\N,\N,\N,\N,\N,,\N
EXR,Consumer Services,Real Estate Investment Trusts,13560,\N,\N,11.19,\N,0.7,0.75,1.02,0.8,0.74,\N,\N,\N,2019-07-06 12:33:47
XOM,Energy,Integrated oil Companies,322710,\N,\N,1.17,\N,1.09,0.92,1.46,1.41,0.55,\N,\N,\N,2019-07-06 12:34:00
FNB,Finance,Major Banks,3670,\N,\N,3.3,\N,0.26,0.26,0.3,0.3,0.28,\N,\N,\N,2019-07-06 12:34:13
FN,Public Utilities,Telecommunications Equipment,1750,\N,\N,1.22,\N,0.55,0.6,0.75,0.84,0.76,\N,\N,\N,2019-07-06 12:34:28
FDS,Technology,Computer Software: Programming\, Data Processing,10910,\N,\N,7.89,\N,1.33,1.91,1.77,2.17,2.19,\N,\N,\N,2019-07-06 12:34:41
FICO,Miscellaneous,Business Services,8550,\N,\N,8.68,\N,1.03,1.04,1.64,1.32,1.1,\N,\N,\N,2019-07-06 12:34:55
SFUN,Technology,EDP Services,299.53,\N,\N,0.9,\N,-0.51,-0.3,0.02,-0.54,0.15,\N,\N,\N,2019-07-06 12:35:10
FPAC,Finance,Business Services,808.81,\N,\N,\N,\N,\N,\N,\N,\N,\N,\N,\N,could not convert string to float: N/A,\N
FTCH,Miscellaneous,Business Services,6000,\N,\N,\N,\N,\N,\N,\N,\N,\N,\N,\N,could not convert string to float: N/A,\N
FPI,Consumer Services,Real Estate Investment Trusts,252.46,\N,\N,6.27,\N,-0.08,-0.07,0.02,0.09,-0.1,\N,\N,\N,2019-07-06 12:35:27
FSLY,Technology,Computer Software: Prepackaged Software,1550,\N,\N,\N,\N,\N,\N,\N,\N,\N,\N,\N,'decimal' codec can't encode character u'u2014' in position 0: invalid decimal Unicode string,\N
FBK,Finance,Major Banks,1100,\N,\N,3.45,\N,0.63,0.7,0.68,0.54,0.62,\N,\N,\N,2019-07-06 12:50:26
FFG,Finance,Life Insurance,1540,\N,\N,2.12,\N,0.94,1.3,1.24,0.26,1.37,\N,\N,\N,2019-07-06 12:50:39
AGM,Finance,Finance Companies,728.78,\N,\N,4.15,\N,2.1,2.45,2.46,1.82,2.03,\N,\N,\N,2019-07-06 12:50:54
FRT,Consumer Services,Real Estate Investment Trusts,9610,\N,\N,10.44,\N,0.81,0.84,0.82,0.71,0.78,\N,\N,\N,2019-07-06 12:51:08
FSS,Capital Goods,Auto Manufacturing,1550,\N,\N,1.46,\N,0.21,0.44,0.36,0.53,0.29,\N,\N,\N,2019-07-06 12:51:22
FII,Finance,Investment Managers,3190,\N,\N,2.86,\N,0.6,0.38,0.59,0.61,0.54,\N,\N,\N,2019-07-06 12:51:36
FDX,Transportation,Air Freight/Delivery Services,40640,\N,\N,0.61,\N,7.59,4.15,3.1,3.51,2.8,\N,\N,\N,2019-07-06 12:51:50
RACE,Capital Goods,Auto Manufacturing,39010,\N,\N,\N,\N,\N,\N,\N,\N,\N,\N,\N,could not convert string to float: N/A,\N
FGP,Consumer Services,Other Specialty Stores,89.92,\N,\N,0.06,\N,0.11,-2.2,-0.58,0.44,0.21,\N,\N,\N,2019-07-06 12:52:04
FOE,Basic Industries,Paints/Coatings,1230,\N,\N,0.81,\N,0.27,0.35,0.19,0.13,0.16,\N,\N,\N,2019-07-06 12:52:18
FG,Finance,Life Insurance,1810,\N,\N,1.62,\N,0.21,0.06,0.23,-0.7,0.74,\N,\N,\N,2019-07-06 12:52:33
FCAU,Capital Goods,Auto Manufacturing,27210,\N,\N,\N,\N,\N,\N,\N,\N,\N,\N,\N,could not convert string to float: N/A,\N
FNF,Finance,Specialty Insurers,11140,\N,\N,1.47,\N,0.35,0.9,0.85,0.16,0.74,\N,\N,\N,2019-07-06 12:52:48
FIS,Miscellaneous,Business Services,39270,\N,\N,4.88,\N,0.54,0.64,0.47,0.91,0.45,\N,\N,\N,2019-07-06 12:53:02
FAF,Finance,Specialty Insurers,6180,\N,\N,1.05,\N,0.67,1.37,1.34,0.81,0.97,\N,\N,\N,2019-07-06 12:53:16
FBP,Finance,Major Banks,2170,\N,\N,4.26,\N,0.15,0.14,0.16,0.46,0.2,\N,\N,\N,2019-07-06 12:53:29
FCF,Finance,Major Banks,1250,\N,\N,4.03,\N,0.24,0.32,0.25,0.27,0.25,\N,\N,\N,2019-07-06 12:53:42
FDC,Miscellaneous,Business Services,25400,\N,\N,3.04,\N,0.11,0.36,0.42,0.17,0.17,\N,\N,\N,2019-07-06 12:53:57
FHN,Finance,Major Banks,4500,\N,\N,2.43,\N,0.27,0.25,0.83,0.3,0.31,\N,\N,\N,2019-07-06 12:54:10
FR,Consumer Services,Real Estate Investment Trusts,4610,\N,\N,11.49,\N,0.3,0.36,0.24,0.4,0.19,\N,\N,\N,2019-07-06 12:54:24
AG,Basic Industries,Precious Metals,1600,\N,\N,4.77,\N,-0.03,-0.22,0.03,-0.89,0.01,\N,\N,\N,2019-07-06 12:54:38
FE,Public Utilities,Electric Utilities: Central,23100,\N,\N,2.1,\N,2.54,0.28,-1.02,0.25,0.59,\N,\N,\N,2019-07-06 12:54:52
FIT,Technology,Computer Manufacturing,1120,\N,\N,0.73,\N,-0.34,-0.49,-0.01,0.06,-0.31,\N,\N,\N,2019-07-06 12:55:05
FPH,Finance,Real Estate,481.39,\N,\N,11.74,\N,-0.1,-0.08,-0.15,-0.22,0.35,\N,\N,\N,2019-07-06 12:55:19
FVRR,Miscellaneous,Business Services,899.48,\N,\N,\N,\N,\N,\N,\N,\N,\N,\N,\N,'decimal' codec can't encode character u'u2014' in position 0: invalid decimal Unicode string,\N
FBC,Finance,Savings Institutions,1790,\N,\N,1.98,\N,0.6,0.85,0.83,0.93,0.63,\N,\N,\N,2019-07-06 12:56:04
FLT,Miscellaneous,Business Services,23900,\N,\N,10.18,\N,1.88,1.91,1.71,3.33,1.93,\N,\N,\N,2019-07-06 12:56:18
FND,Consumer Services,RETAIL: Building Materials,3810,\N,\N,2.31,\N,0.3,0.38,0.25,0.17,0.29,\N,\N,\N,2019-07-06 12:56:32
FTK,Basic Industries,Major Chemicals,181.59,\N,\N,0.99,\N,0,-1.3,-0.07,0.15,0.57,\N,\N,\N,2019-07-06 12:56:46
FLO,Consumer Non-Durables,Packaged Foods,5000,\N,\N,1.24,\N,0.24,0.21,0.19,0.1,0.31,\N,\N,\N,2019-07-06 12:57:00
FLS,Capital Goods,Fluid Controls,6650,\N,\N,1.83,\N,0.12,0.1,0.21,0.48,0.44,\N,\N,\N,2019-07-06 12:57:14
FLR,Basic Industries,Military/Government/Technical,4440,\N,\N,0.24,\N,-0.13,0.81,0.55,0.36,-0.42,\N,\N,\N,2019-07-06 12:57:29
FMC,Basic Industries,Major Chemicals,10880,\N,\N,2.32,\N,1.96,0.96,0.54,0.24,1.62,\N,\N,\N,2019-07-06 12:57:43
FMX,Consumer Non-Durables,Beverages (Production/Distribution),174580,\N,\N,\N,\N,\N,\N,\N,\N,\N,\N,\N,could not convert string to float: N/A,\N
FL,Consumer Services,Clothing/Shoe/Accessory Stores,4590,\N,\N,0.58,\N,1.38,0.75,1.14,1.39,1.52,\N,\N,\N,2019-07-06 12:57:58
F,Capital Goods,Auto Manufacturing,39260,\N,\N,0.26,\N,0.43,0.27,0.25,-0.03,0.29,\N,\N,\N,2019-07-06 12:58:11
FELP,Energy,Coal Mining,103.73,\N,\N,0.09,\N,-0.12,-0.41,-0.39,0.14,-0.09,\N,\N,\N,2019-07-06 12:58:25
FOR,Finance,Real Estate,744.79,\N,\N,5.39,\N,-0.42,0.11,0.22,0.08,0.24,\N,\N,\N,2019-07-06 12:58:38
FTS,Public Utilities,Electric Utilities: Central,17140,\N,\N,\N,\N,\N,\N,\N,\N,\N,\N,\N,could not convert string to float: N/A,\N
FTV,Capital Goods,Industrial Machinery/Components,27020,\N,\N,4.14,\N,0.74,0.83,0.64,6.17,0.43,\N,\N,\N,2019-07-06 12:58:52
FSM,Basic Industries,Precious Metals,472.51,\N,\N,1.81,\N,0.09,0.07,0.04,0.01,0.01,\N,\N,\N,2019-07-06 12:59:05
FBHS,Basic Industries,Homebuilding,7710,\N,\N,1.42,\N,0.49,0.88,0.69,0.6,0.6,\N,\N,\N,2019-07-06 12:59:20
FET,Energy,Metal Fabrications,357.21,\N,\N,0.32,\N,0.25,-0.14,-0.03,-3.53,-0.07,\N,\N,\N,2019-07-06 12:59:34
FBM,Consumer Services,RETAIL: Building Materials,709.3,\N,\N,0.36,\N,-0.02,0.13,-0.81,0.43,0.08,\N,\N,\N,2019-07-06 12:59:49
FCPT,Consumer Services,Real Estate Investment Trusts,1930,\N,\N,12.73,\N,0.26,0.44,0.27,0.31,0.26,\N,\N,\N,2019-07-06 13:00:02
FEDU,Consumer Services,Other Consumer Services,92.88,\N,\N,\N,\N,\N,\N,\N,\N,\N,\N,\N,could not convert string to float: N/A,\N
FNV,Basic Industries,Precious Metals,15860,\N,\N,23.63,\N,0.35,0.29,0.28,-0.17,0.35,\N,\N,\N,2019-07-06 13:00:17
FC,Consumer Services,Other Consumer Services,426.17,\N,\N,2.13,\N,-0.2,-0.18,0.13,-0.1,-0.25,\N,\N,\N,2019-07-06 13:00:31
FSB,Finance,Major Banks,405.78,\N,\N,3.75,\N,0.73,0.68,0.7,0.25,0.19,\N,\N,\N,2019-07-06 13:00:46
BEN,Finance,Investment Managers,17150,\N,\N,2.99,\N,0.78,0.75,0.96,0.54,0.72,\N,\N,\N,2019-07-06 13:01:16
FI,Energy,Oilfield Services/Equipment,1180,\N,\N,2.28,\N,-0.19,-0.12,-0.03,-0.07,-0.13,\N,\N,\N,2019-07-06 13:01:30
FCX,Basic Industries,Precious Metals,16450,\N,\N,0.93,\N,0.47,0.59,0.38,0.09,0.02,\N,\N,\N,2019-07-06 13:01:44
FMS,Health Care,Hospital/Nursing Management,23520,\N,\N,\N,\N,\N,\N,\N,\N,\N,\N,\N,could not convert string to float: N/A,\N
FDP,Consumer Non-Durables,Farming/Seeds/Milling,1330,\N,\N,0.29,\N,0.85,-0.16,-0.44,-0.7,0.74,\N,\N,\N,2019-07-06 13:01:59
RESI,Finance,Real Estate,625.33,\N,\N,3.34,\N,-0.51,-0.4,-0.89,-0.64,-0.35,\N,\N,\N,2019-07-06 13:02:12
FRO,Transportation,Marine Transportation,1340,\N,\N,1.7,\N,-0.08,-0.13,0.01,0.15,0.24,\N,\N,\N,2019-07-06 13:02:28
FCN,Consumer Services,Professional Services,3210,\N,\N,1.55,\N,1.04,1.14,1.14,0.61,1.64,\N,\N,\N,2019-07-06 13:02:42
FTSI,Energy,Oilfield Services/Equipment,622.87,\N,\N,0.5,\N,5.68,0.95,0.45,0.24,-0.5,\N,\N,\N,2019-07-06 13:02:56
FF,Basic Industries,Major Chemicals,479.86,\N,\N,1.81,\N,0.92,0.14,0.22,0.04,0.13,\N,\N,\N,2019-07-06 13:03:10
GCAP,Finance,Investment Bankers/Brokers/Service,148.88,\N,\N,0.55,\N,0.35,1.47,0.27,-0.07,-0.76,\N,\N,\N,2019-07-06 13:03:23
GBL,Finance,Investment Bankers/Brokers/Service,488.7,\N,\N,1.68,\N,0.94,1.1,1.22,0.81,0.7,\N,\N,\N,2019-07-06 13:03:36
GME,Consumer Services,Electronics Distribution,557.37,\N,\N,0.07,\N,0.28,-0.24,-4.78,-1.84,0.07,\N,\N,\N,2019-07-06 13:03:50
GPS,Consumer Services,Clothing/Shoe/Accessory Stores,6610,\N,\N,0.42,\N,0.42,0.76,0.69,0.72,0.6,\N,\N,\N,2019-07-06 13:04:04
GDI,Technology,Industrial Machinery/Components,6840,\N,\N,2.59,\N,0.2,0.29,0.35,0.45,0.23,\N,\N,\N,2019-07-06 13:04:18
GTX,Capital Goods,Auto Parts:O.E.M.,1080,\N,\N,\N,\N,\N,\N,\N,\N,\N,\N,\N,'decimal' codec can't encode character u'u2014' in position 0: invalid decimal Unicode string,\N
IT,Consumer Services,Other Consumer Services,14500,\N,\N,3.82,\N,-0.22,0.5,0.13,0.92,0.23,\N,\N,\N,2019-07-06 13:04:45
GLOG,Consumer Services,Marine Transportation,1090,\N,\N,1.77,\N,0.21,-0.08,0.19,0.14,-0.17,\N,\N,\N,2019-07-06 13:04:59
GLOP,Consumer Services,Marine Transportation,955.36,\N,\N,2.84,\N,0.59,0.4,0.49,0.3,0.27,\N,\N,\N,2019-07-06 13:05:12
GTES,Technology,Industrial Machinery/Components,3210,\N,\N,0.99,\N,0.09,0.29,0.2,0.26,2.08,\N,\N,\N,2019-07-06 13:05:27
GATX,Consumer Services,Transportation Services,2740,\N,\N,2.06,\N,1.98,1.01,1.22,1.3,1.12,\N,\N,\N,2019-07-06 13:05:40
GCP,Basic Industries,Major Chemicals,1610,\N,\N,1.52,\N,-0.09,-0.39,0.35,0.33,0.29,\N,\N,\N,2019-07-06 13:05:54
GNK,Transportation,Marine Transportation,318.26,\N,\N,1.07,\N,-1.61,-0.03,0.14,0.44,-0.19,\N,\N,\N,2019-07-06 13:06:08
GNRC,Consumer Durables,Metal Fabrications,4290,\N,\N,2.12,\N,0.42,0.82,1.11,1.2,0.76,\N,\N,\N,2019-07-06 13:06:22
GD,Capital Goods,Marine Transportation,51320,\N,\N,1.39,\N,2.65,2.62,2.85,3.07,2.56,\N,\N,\N,2019-07-06 13:06:35
GE,Energy,Consumer Electronics/Appliances,89130,\N,\N,0.76,\N,-0.14,0.07,-2.62,0.07,0.4,\N,\N,\N,2019-07-06 13:07:04
GIS,Consumer Non-Durables,Packaged Foods,32160,\N,\N,1.93,\N,0.59,0.65,0.57,0.74,0.94,\N,\N,\N,2019-07-06 13:07:18
GM,Capital Goods,Auto Manufacturing,54700,\N,\N,0.37,\N,0.72,1.66,1.75,1.4,1.48,\N,\N,\N,2019-07-06 13:07:32
GCO,Consumer Services,Clothing/Shoe/Accessory Stores,713.46,\N,\N,\N,\N,\N,\N,\N,\N,\N,\N,\N,'decimal' codec can't encode character u'u2014' in position 0: invalid decimal Unicode string,\N
GWR,Transportation,Railroads,5520,\N,\N,2.65,\N,1.19,0.73,1.16,0.94,0.68,\N,\N,\N,2019-07-06 13:08:00
GEL,Energy,Oil Refining/Marketing,2650,\N,\N,0.95,\N,-0.07,-0.05,-0.15,-0.35,-0.02,\N,\N,\N,2019-07-06 13:08:15
GEN       ,Health Care,Hospital/Nursing Management,194.26,\N,\N,0,\N,-0.7,-0.39,-0.57,-0.67,-0.15,\N,\N,\N,2019-07-06 13:08:28
GNE,Public Utilities,Power Generation,295.02,\N,\N,1.15,\N,0.24,-0.09,0.21,0.47,0.21,\N,\N,\N,2019-07-06 13:08:43
G,Consumer Services,Professional Services,7180,\N,\N,2.35,\N,0.33,0.33,0.38,0.41,0.31,\N,\N,\N,2019-07-06 13:08:56
GPC,Capital Goods,Automotive Aftermarket,15100,\N,\N,0.82,\N,1.2,1.54,1.49,1.27,1.09,\N,\N,\N,2019-07-06 13:09:09
GNW,Finance,Life Insurance,1770,\N,\N,0.22,\N,0.22,0.38,0.29,-0.66,0.34,\N,\N,\N,2019-07-06 13:09:23
GEO,Consumer Services,Real Estate Investment Trusts,2520,\N,\N,1.07,\N,0.29,0.31,0.33,0.28,0.34,\N,\N,\N,2019-07-06 13:09:36
GPRK,Energy,Oil & Gas Production,1110,\N,\N,1.78,\N,0.28,-0.01,0.33,0.55,0.3,\N,\N,\N,2019-07-06 13:09:50
GGB,Capital Goods,Steel/Iron Ore,6460,\N,\N,\N,\N,\N,\N,\N,\N,\N,\N,\N,could not convert string to float: N/A,\N
GTY,Finance,Real Estate,1260,\N,\N,9.15,\N,0.25,0.33,0.27,0.32,0.26,\N,\N,\N,2019-07-06 13:10:05
GIG,Finance,Business Services,191.82,\N,\N,\N,\N,\N,\N,\N,\N,\N,\N,\N,could not convert string to float: N/A,\N
GIL,Consumer Non-Durables,Apparel,7810,\N,\N,2.78,\N,0.31,0.51,0.55,0.29,0.11,\N,\N,\N,2019-07-06 13:10:21
GLT,Basic Industries,Paper,701.41,\N,\N,0.82,\N,0.13,-0.17,-2.19,-1.83,0.12,\N,\N,\N,2019-07-06 13:10:35
GKOS,Health Care,Medical/Dental Instruments,2710,\N,\N,14.55,\N,-0.08,-0.15,-0.19,0.04,-0.04,\N,\N,\N,2019-07-06 13:10:48
GSK,Health Care,Major Pharmaceuticals,101330,\N,\N,\N,\N,\N,\N,\N,\N,\N,\N,\N,could not convert string to float: N/A,\N
BRSS,Capital Goods,Metal Fabrications,958.68,\N,\N,0.56,\N,0.71,0.94,0.66,0.29,0.82,\N,\N,\N,2019-07-06 13:11:05
CO,Finance,Business Services,702.57,\N,\N,\N,\N,\N,\N,\N,\N,\N,\N,\N,could not convert string to float: N/A,\N
GMRE,Consumer Services,Real Estate Investment Trusts,370.78,\N,\N,\N,\N,\N,\N,\N,\N,\N,\N,\N,could not convert string to float: N/A,\N
GNL,Consumer Services,Real Estate Investment Trusts,1620,\N,\N,5.83,\N,0.03,0.08,0,-0.09,0.07,\N,\N,\N,2019-07-06 13:11:20
GLP,Energy,Oil Refining/Marketing,681.95,\N,\N,0.05,\N,-0.21,0.44,0.55,-0.44,1.47,\N,\N,\N,2019-07-06 13:11:33
GPN,Miscellaneous,Business Services,24730,\N,\N,7.37,\N,0.57,0.68,1.11,0.47,0.71,\N,\N,\N,2019-07-06 13:12:03
GSL,Transportation,Marine Transportation,74.1,\N,\N,0.45,\N,0.72,0.64,0.64,-5.12,0.44,\N,\N,\N,2019-07-06 13:12:16
GLOB,Technology,EDP Services,3680,\N,\N,6.94,\N,0.28,0.4,0.42,0.31,0.32,\N,\N,\N,2019-07-06 13:12:29
GMED,Health Care,Medical/Dental Instruments,4210,\N,\N,5.67,\N,0.39,0.44,0.35,0.36,0.33,\N,\N,\N,2019-07-06 13:12:43
GMS,Consumer Services,RETAIL: Building Materials,749.76,\N,\N,0.3,\N,0.24,0.2,0.58,0.14,0.39,\N,\N,\N,2019-07-06 13:12:56
GNC,Consumer Non-Durables,Food Chains,115.04,\N,\N,\N,\N,\N,\N,\N,\N,\N,\N,\N,'decimal' codec can't encode character u'u2014' in position 0: invalid decimal Unicode string,\N
GDDY,Technology,EDP Services,12350,\N,\N,4.64,\N,0.02,0.11,0.08,0.24,0.07,\N,\N,\N,2019-07-06 13:13:25
GOL,Transportation,Air Freight/Delivery Services,2860,\N,\N,\N,\N,\N,\N,\N,\N,\N,\N,\N,could not convert string to float: N/A,\N
GFI,Basic Industries,Precious Metals,4600,\N,\N,1.67,\N,-0.03,-0.02,0.02,0.02,-0.47,\N,\N,\N,2019-07-06 13:13:40
GS,Finance,Investment Bankers/Brokers/Service,71730,\N,\N,2.21,\N,6.95,5.98,6.28,6.04,5.71,\N,\N,\N,2019-07-06 13:13:54
GRC,Capital Goods,Fluid Controls,816.39,\N,\N,2.04,\N,0.37,0.39,0.41,0.36,0.28,\N,\N,\N,2019-07-06 13:14:08
GPX,Consumer Services,Other Consumer Services,243.14,\N,\N,0.49,\N,0.16,0.22,0.2,0.02,0.02,\N,\N,\N,2019-07-06 13:14:21
GGG,Capital Goods,Fluid Controls,8470,\N,\N,5.13,\N,0.49,0.51,0.54,0.43,0.51,\N,\N,\N,2019-07-06 13:14:35
GRAF,Finance,Business Services,304.71,\N,\N,\N,\N,\N,\N,\N,\N,\N,\N,\N,could not convert string to float: N/A,\N
EAF,Energy,Industrial Machinery/Components,3220,\N,\N,1.74,\N,0.74,0.67,0.67,0.79,0.68,\N,\N,\N,2019-07-06 13:14:50
GHM,Technology,Industrial Machinery/Components,204.24,\N,\N,2.18,\N,0.09,0.24,0.19,0.01,-0.46,\N,\N,\N,2019-07-06 13:15:04
GHC,Consumer Services,Other Consumer Services,3660,\N,\N,1.41,\N,7.78,8.63,23.28,10.61,15.26,\N,\N,\N,2019-07-06 13:15:17
GRAM,Basic Industries,Military/Government/Technical,568.49,\N,\N,\N,\N,\N,\N,\N,\N,\N,\N,\N,could not convert string to float: N/A,\N
GVA,Basic Industries,Military/Government/Technical,2120,\N,\N,0.65,\N,-0.29,-0.2,1.17,0.14,-0.74,\N,\N,\N,2019-07-06 13:15:32
GPMT,Consumer Services,Real Estate Investment Trusts,1020,\N,\N,10.41,\N,0.33,0.34,0.37,0.37,0.34,\N,\N,\N,2019-07-06 13:15:45
GPK,Consumer Durables,Containers/Packaging,4010,\N,\N,0.7,\N,0.1,0.16,0.3,0.15,0.19,\N,\N,\N,2019-07-06 13:15:58
GTN,Consumer Services,Broadcasting,1510,\N,\N,1.24,\N,0.22,0.46,0.7,1,-0.31,\N,\N,\N,2019-07-06 13:16:12
AJX,Consumer Services,Real Estate Investment Trusts,256.02,\N,\N,4.52,\N,0.38,0.37,0.34,0.34,0.36,\N,\N,\N,2019-07-06 13:16:25
GWB,Finance,Major Banks,1960,\N,\N,4.41,\N,0.69,0.78,0.72,0.79,0.78,\N,\N,\N,2019-07-06 13:16:39
GDOT,Finance,Finance: Consumer Services,2520,\N,\N,2.47,\N,1.29,0.55,0.08,0.26,1.17,\N,\N,\N,2019-07-06 13:16:54
GBX,Capital Goods,Railroads,932.65,\N,\N,0.36,\N,1.01,0.93,0.54,0.08,0.46,\N,\N,\N,2019-07-06 13:17:23
GHL,Finance,Investment Bankers/Brokers/Service,279.45,\N,\N,1.02,\N,0.21,0.38,0.43,0.45,-0.64,\N,\N,\N,2019-07-06 13:17:38
GHG,Consumer Services,Hotels/Resorts,1240,\N,\N,\N,\N,\N,\N,\N,\N,\N,\N,\N,could not convert string to float: N/A,\N
GFF,Capital Goods,Building Products,746,\N,\N,0.37,\N,2.11,0.14,-0.04,0.21,-0.03,\N,\N,\N,2019-07-06 13:17:53
GPI,Consumer Durables,Automotive Aftermarket,1410,\N,\N,0.13,\N,1.7,2.72,1.74,1.62,2.08,\N,\N,\N,2019-07-06 13:18:08
GRUB,Miscellaneous,Business Services,6920,\N,\N,6.46,\N,0.34,0.33,0.24,-0.06,0.07,\N,\N,\N,2019-07-06 13:18:22
PAC,Transportation,Aerospace,6040,\N,\N,\N,\N,\N,\N,\N,\N,\N,\N,\N,could not convert string to float: N/A,\N
ASR,Transportation,Aerospace,5090,\N,\N,\N,\N,\N,\N,\N,\N,\N,\N,\N,could not convert string to float: N/A,\N
AVAL,Finance,Commercial Banks,8780,\N,\N,\N,\N,\N,\N,\N,\N,\N,\N,\N,could not convert string to float: N/A,\N
SUPV,Finance,Commercial Banks,675.04,\N,\N,\N,\N,\N,\N,\N,\N,\N,\N,\N,could not convert string to float: N/A,\N
TV,Consumer Services,Broadcasting,5160,\N,\N,\N,\N,\N,\N,\N,\N,\N,\N,\N,could not convert string to float: N/A,\N
GSX,Consumer Services,Other Consumer Services,2210,\N,\N,\N,\N,\N,\N,\N,\N,\N,\N,\N,could not convert string to float: N/A,\N
GTT,Public Utilities,Telecommunications Equipment,1020,\N,\N,0.6,\N,-0.69,-2.83,-0.43,-0.96,-0.49,\N,\N,\N,2019-07-06 13:18:41
GSH,Transportation,Railroads,2500,\N,\N,\N,\N,\N,\N,\N,\N,\N,\N,\N,could not convert string to float: N/A,\N
GES,Consumer Non-Durables,Apparel,1050,\N,\N,0.45,\N,-0.27,0.31,-0.17,0.28,-0.27,\N,\N,\N,2019-07-06 13:18:55
GWRE,Technology,Computer Software: Prepackaged Software,8080,\N,\N,11.12,\N,-0.62,1.02,0.07,0.01,-0.11,\N,\N,\N,2019-07-06 13:19:09
HRB,Consumer Services,Other Consumer Services,5630,\N,\N,1.88,\N,5.42,-0.74,-0.86,-0.62,4.29,\N,\N,\N,2019-07-06 13:19:22
FUL,Basic Industries,Home Furnishings,2280,\N,\N,0.81,\N,0.86,0.72,0.79,0.24,0.7,\N,\N,\N,2019-07-06 13:19:36
HAE,Health Care,Medical/Dental Instruments,5980,\N,\N,6.39,\N,0.22,-0.05,0.35,0.35,0.4,\N,\N,\N,2019-07-06 13:19:49
HK,Energy,Oil & Gas Production,26.3,\N,\N,0.14,\N,-0.02,-0.1,-0.52,0.93,-2.12,\N,\N,\N,2019-07-06 13:20:04
HAL,Energy,Oilfield Services/Equipment,19640,\N,\N,0.84,\N,0.05,0.58,0.5,0.76,0.17,\N,\N,\N,2019-07-06 13:20:18
HBB,Consumer Durables,Home Furnishings,240.47,\N,\N,0.33,\N,-0.03,-0.06,0.59,1.09,-0.13,\N,\N,\N,2019-07-06 13:20:33
HBI,Consumer Services,Clothing/Shoe/Accessory Stores,6020,\N,\N,0.91,\N,0.22,0.39,0.47,0.44,0.22,\N,\N,\N,2019-07-06 13:20:48
HNGR,Health Care,Medical Specialities,673.48,\N,\N,0.61,\N,-0.62,0.35,0.12,0.12,-0.19,\N,\N,\N,2019-07-06 13:21:02
HASI,Consumer Services,Real Estate Investment Trusts,1760,\N,\N,26.16,\N,-0.03,0.32,0.3,0.16,0.21,\N,\N,\N,2019-07-06 13:21:16
HOG,Consumer Non-Durables,Motor Vehicles,5600,\N,\N,1.03,\N,1.03,1.45,0.68,0,0.8,\N,\N,\N,2019-07-06 13:21:46
HMY,Basic Industries,Precious Metals,1170,\N,\N,\N,\N,\N,\N,\N,\N,\N,\N,\N,could not convert string to float: N/A,\N
HRS,Capital Goods,Industrial Machinery/Components,23110,\N,\N,6.33,\N,1.66,1.79,1.77,1.87,2.02,\N,\N,\N,2019-07-06 13:22:02
HSC,Capital Goods,Metal Fabrications,2120,\N,\N,1.23,\N,0.21,0.48,0.39,0.55,0.25,\N,\N,\N,2019-07-06 13:22:15
HHS,Technology,Advertising,15.77,\N,\N,0.07,\N,4.67,-1.1,-1.62,0.2,-2.18,\N,\N,\N,2019-07-06 13:22:28
HIG,Finance,Property-Casualty Insurers,20250,\N,\N,1.07,\N,1.64,1.6,1.19,0.52,1.71,\N,\N,\N,2019-07-06 13:22:42
HVT,Consumer Services,Other Specialty Stores,350.73,\N,\N,0.44,\N,0.29,0.29,0.39,0.45,0.17,\N,\N,\N,2019-07-06 13:22:57
HE,Public Utilities,Electric Utilities: Central,4760,\N,\N,1.68,\N,0.37,0.42,0.6,0.45,0.42,\N,\N,\N,2019-07-06 13:23:12
HCHC,Capital Goods,Metal Fabrications,110.88,\N,\N,0.05,\N,-0.81,1.08,2.97,-0.36,-0.04,\N,\N,\N,2019-07-06 13:23:26
HCA,Health Care,Hospital/Nursing Management,46270,\N,\N,0.99,\N,3.18,2.31,2.15,3.01,2.97,\N,\N,\N,2019-07-06 13:23:40
HCI,Finance,Property-Casualty Insurers,347.25,\N,\N,1.52,\N,1.11,0.92,1,-0.95,0.82,\N,\N,\N,2019-07-06 13:23:55
HCP,Consumer Services,Real Estate Investment Trusts,15410,\N,\N,8.66,\N,0.08,0.19,0.21,1.73,0.13,\N,\N,\N,2019-07-06 13:24:10
HDB,Finance,Commercial Banks,116180,\N,\N,\N,\N,\N,\N,\N,\N,\N,\N,\N,could not convert string to float: N/A,\N
HR,Consumer Services,Real Estate Investment Trusts,4130,\N,\N,9.28,\N,0.07,0.3,0.05,0.13,0.04,\N,\N,\N,2019-07-06 13:24:25
HTA,Consumer Services,Real Estate Investment Trusts,5700,\N,\N,8.2,\N,0.05,0.07,0.82,0.07,0.06,\N,\N,\N,2019-07-06 13:24:41
HL,Basic Industries,Mining & Quarrying of Nonmetallic Minerals (No Fue,845.23,\N,\N,1.44,\N,0.02,0.03,-0.05,-0.05,-0.05,\N,\N,\N,2019-07-06 13:24:55
HEI,Capital Goods,Aerospace,17300,\N,\N,8.24,\N,0.44,0.49,0.5,0.58,0.6,\N,\N,\N,2019-07-06 13:25:08
HLX,Energy,Oilfield Services/Equipment,1220,\N,\N,1.73,\N,-0.02,0.12,0.18,-0.09,0.01,\N,\N,\N,2019-07-06 13:25:22
HP,Energy,Oil & Gas Production,5340,\N,\N,1.95,\N,-0.12,-0.08,0.02,0.17,0.55,\N,\N,\N,2019-07-06 13:25:37
HLF,Health Care,Other Pharmaceuticals,6420,\N,\N,1.33,\N,0.54,0.62,0.49,0.34,0.66,\N,\N,\N,2019-07-06 13:25:52
HRTG,Finance,Property-Casualty Insurers,451.7,\N,\N,1,\N,0.55,0.09,0.23,0.15,0.24,\N,\N,\N,2019-07-06 13:26:07
PSV,Transportation,Marine Transportation,52.82,\N,\N,2.44,\N,-2.5,-1.1,-1.5,-1.6,-0.98,\N,\N,\N,2019-07-06 13:26:22
HT,Consumer Services,Real Estate Investment Trusts,639.57,\N,\N,1.29,\N,-0.36,0.16,-0.09,-0.09,-0.34,\N,\N,\N,2019-07-06 13:26:36
HSY,Consumer Non-Durables,Specialty Foods,28650,\N,\N,3.68,\N,1.65,1.08,1.25,1.6,1.45,\N,\N,\N,2019-07-06 13:26:50
HTZ,Consumer Services,Rental/Leasing Companies,1390,\N,\N,0.14,\N,-2.43,-0.75,1.68,-1.2,-1.75,\N,\N,\N,2019-07-06 13:27:04
HES,Energy,Integrated oil Companies,18870,\N,\N,3,\N,-0.38,-0.48,-0.18,-0.05,0.09,\N,\N,\N,2019-07-06 13:27:33
HESM,Energy,Oil & Gas Production,1050,\N,\N,1.6,\N,0.3,0.32,0.17,0.31,0.32,\N,\N,\N,2019-07-06 13:27:48
HPE,Technology,Computer Manufacturing,19770,\N,\N,0.67,\N,0.49,0.29,-0.52,0.13,0.3,\N,\N,\N,2019-07-06 13:28:02
HXL,Basic Industries,Major Chemicals,6680,\N,\N,3.06,\N,0.68,0.76,0.91,0.76,0.84,\N,\N,\N,2019-07-06 13:28:17
HF,Consumer Services,Real Estate,1800,\N,\N,\N,\N,\N,\N,\N,\N,\N,\N,\N,Message: ReferenceError: SRT_stocFund is not defined\
,\N
HCR,Basic Industries,Mining & Quarrying of Nonmetallic Minerals (No Fue,287.14,\N,\N,0.31,\N,0.59,0.67,0.29,-0.08,-0.06,\N,\N,\N,2019-07-06 13:28:33
HPR,Energy,Oil & Gas Production,392.07,\N,\N,0.85,\N,-0.2,-0.22,-0.14,1.06,-0.46,\N,\N,\N,2019-07-06 13:28:47
HIW,Consumer Services,Real Estate Investment Trusts,4400,\N,\N,6.24,\N,0.31,0.49,0.32,0.52,0.07,\N,\N,\N,2019-07-06 13:29:01
HIL,Consumer Services,Military/Government/Technical,148.06,\N,\N,0.36,\N,-0.15,-0.14,-0.15,-0.13,-0.04,\N,\N,\N,2019-07-06 13:29:15
HI,Consumer Durables,Miscellaneous manufacturing industries,2420,\N,\N,1.39,\N,-0.34,0.56,0.7,0.45,0.6,\N,\N,\N,2019-07-06 13:29:30
HRC,Health Care,Medical/Dental Instruments,6980,\N,\N,2.47,\N,0.42,0.67,1.33,0.62,0.74,\N,\N,\N,2019-07-06 13:29:43
HTH,Finance,Major Banks,1860,\N,\N,1.38,\N,0.25,0.35,0.38,0.3,0.41,\N,\N,\N,2019-07-06 13:29:58
HGV,Consumer Services,Hotels/Resorts,2760,\N,\N,1.52,\N,0.3,1.1,0.42,1.24,0.58,\N,\N,\N,2019-07-06 13:30:11
HLT,Consumer Services,Hotels/Resorts,27140,\N,\N,7.91,\N,0.51,0.71,0.54,0.75,0.54,\N,\N,\N,2019-07-06 13:30:25
HNI,Consumer Durables,Office Equipment/Supplies/Services,1450,\N,\N,0.68,\N,0.06,0.42,0.89,0.73,0.02,\N,\N,\N,2019-07-06 13:30:38
HMLP,Consumer Services,Marine Transportation,340.58,\N,\N,4.07,\N,0.56,0.5,0.49,0.37,0.31,\N,\N,\N,2019-07-06 13:30:53
HEP,Energy,Natural Gas Distribution,2850,\N,\N,5.78,\N,0.44,0.38,0.43,0.45,0.49,\N,\N,\N,2019-07-06 13:31:06
HFC,Energy,Integrated oil Companies,7490,\N,\N,0.45,\N,1.5,1.94,1.93,0.81,1.47,\N,\N,\N,2019-07-06 13:31:20
HD,Consumer Services,RETAIL: Building Materials,225780,\N,\N,2.12,\N,2.08,3.05,2.51,2.09,2.27,\N,\N,\N,2019-07-06 13:31:33
HMC,Capital Goods,Auto Manufacturing,45310,\N,\N,\N,\N,\N,\N,\N,\N,\N,\N,\N,could not convert string to float: N/A,\N
HON,Capital Goods,Auto Parts:O.E.M.,126580,\N,\N,3.16,\N,1.89,1.68,3.11,2.31,1.92,\N,\N,\N,2019-07-06 13:31:48
HMN,Finance,Property-Casualty Insurers,1620,\N,\N,1.43,\N,0.48,0.14,0.3,-0.5,0.77,\N,\N,\N,2019-07-06 13:32:03
HZN,Capital Goods,Auto Parts:O.E.M.,89.18,\N,\N,0.11,\N,-2.3,-2.68,-1.31,-1.86,-1,\N,\N,\N,2019-07-06 13:32:16
HRL,Consumer Non-Durables,Meat/Poultry/Fish,21620,\N,\N,2.31,\N,0.44,0.39,0.48,0.44,0.52,\N,\N,\N,2019-07-06 13:32:29
HOS,Consumer Services,Marine Transportation,46.21,\N,\N,0.2,\N,-1.04,-0.67,-0.83,-0.64,-0.97,\N,\N,\N,2019-07-06 13:32:43
HST,Consumer Services,Real Estate Investment Trusts,13190,\N,\N,2.44,\N,0.34,0.28,0.43,0.41,0.25,\N,\N,\N,2019-07-06 13:33:12
HLI,Finance,Investment Managers,2920,\N,\N,2.74,\N,0.58,0.45,0.61,0.67,0.69,\N,\N,\N,2019-07-06 13:33:26
HOV,Capital Goods,Homebuilding,40.15,\N,\N,0.03,\N,-1.75,-0.25,7.25,-3,-2.56,\N,\N,\N,2019-07-06 13:33:40
HHC,Consumer Services,Real Estate Investment Trusts,4100,\N,\N,4.47,\N,0.03,-0.12,0.54,0.86,0.74,\N,\N,\N,2019-07-06 13:33:53
HPQ,Technology,Computer Manufacturing,31030,\N,\N,0.54,\N,0.64,0.54,0.91,0.51,0.51,\N,\N,\N,2019-07-06 13:34:08
HSBC,Finance,Savings Institutions,165860,\N,\N,3.26,\N,0.77,1.02,0.95,0.35,1.05,\N,\N,\N,2019-07-06 13:34:22
HMI,Technology,Computer Manufacturing,587.42,\N,\N,\N,\N,\N,\N,\N,\N,\N,\N,\N,could not convert string to float: N/A,\N
HNP,Public Utilities,Electric Utilities: Central,9140,\N,\N,\N,\N,\N,\N,\N,\N,\N,\N,\N,could not convert string to float: N/A,\N
HUBB,Capital Goods,Electrical Products,6880,\N,\N,1.54,\N,1.05,1.82,2.06,1.6,1.32,\N,\N,\N,2019-07-06 13:34:38
HUBS,Technology,Computer Software: Prepackaged Software,7100,\N,\N,13.5,\N,-0.41,-0.48,-0.48,-0.29,-0.27,\N,\N,\N,2019-07-06 13:34:51
HBM,Basic Industries,Precious Metals,1430,\N,\N,0.99,\N,0.16,0.09,0.09,-0.01,-0.05,\N,\N,\N,2019-07-06 13:35:06
HUD,Consumer Services,Department/Specialty Retail Stores,1270,\N,\N,0.67,\N,-0.06,0.15,0.29,-0.06,-0.07,\N,\N,\N,2019-07-06 13:35:19
HPP,Finance,Real Estate,5080,\N,\N,7.02,\N,0.31,0.1,0.11,0.1,-0.26,\N,\N,\N,2019-07-06 13:35:33
HUM,Health Care,Medical Specialities,35360,\N,\N,0.61,\N,3.53,1.39,4.65,2.58,4.16,\N,\N,\N,2019-07-06 13:35:48
HCFT,Consumer Services,Real Estate Investment Trusts,81.72,\N,\N,-16.08,\N,0.45,-0.94,0.15,-0.02,-0.09,\N,\N,\N,2019-07-06 13:36:02
HII,Capital Goods,Marine Transportation,9290,\N,\N,1.14,\N,3.48,5.4,5.29,4.94,2.85,\N,\N,\N,2019-07-06 13:36:16
HUN,Basic Industries,Major Chemicals,4540,\N,\N,0.52,\N,1.11,1.71,-0.05,-1.45,0.51,\N,\N,\N,2019-07-06 13:36:30
HUYA,Technology,Computer Software: Programming\, Data Processing,5100,\N,\N,\N,\N,\N,\N,\N,\N,\N,\N,\N,could not convert string to float: N/A,\N
H,Consumer Services,Hotels/Resorts,7720,\N,\N,3.21,\N,3.4,0.66,2.09,0.4,0.59,\N,\N,\N,2019-07-06 13:36:44
HY,Capital Goods,Construction/Ag Equipment/Trucks,900.27,\N,\N,0.28,\N,0.9,0.34,0.93,-0.07,0.2,\N,\N,\N,2019-07-06 13:36:58
IAG,Basic Industries,Precious Metals,1560,\N,\N,1.49,\N,0.09,-0.06,-0.02,-0.07,-0.09,\N,\N,\N,2019-07-06 13:37:12
IBN,Finance,Commercial Banks,40030,\N,\N,\N,\N,\N,\N,\N,\N,\N,\N,\N,could not convert string to float: N/A,\N
IDA,Public Utilities,Electric Utilities: Central,5250,\N,\N,3.71,\N,0.72,1.23,2.02,0.52,0.84,\N,\N,\N,2019-07-06 13:37:26
IEX,Capital Goods,Fluid Controls,12670,\N,\N,5.21,\N,1.27,1.38,1.37,1.27,1.44,\N,\N,\N,2019-07-06 13:37:42
IDT,Public Utilities,Telecommunications Equipment,224.95,\N,\N,0.2,\N,-0.14,0.33,-0.06,0.01,0.15,\N,\N,\N,2019-07-06 13:37:55
ITW,Technology,Industrial Machinery/Components,49130,\N,\N,3.31,\N,1.9,1.97,1.9,1.83,1.81,\N,\N,\N,2019-07-06 13:38:25
IMAX,Miscellaneous,Industrial Machinery/Components,1170,\N,\N,3.4,\N,0.13,0.12,0.08,0.03,0.13,\N,\N,\N,2019-07-06 13:38:39
ICD,Energy,Oil & Gas Production,122.55,\N,\N,0.63,\N,-0.11,-0.09,-0.1,-0.11,-0.03,\N,\N,\N,2019-07-06 13:38:54
IHC,Finance,Life Insurance,551.16,\N,\N,1.64,\N,0.46,0.45,0.66,0.32,0.58,\N,\N,\N,2019-07-06 13:39:08
IRT,Consumer Services,Real Estate Investment Trusts,1050,\N,\N,5.5,\N,0.04,0.04,0.05,0.16,0.03,\N,\N,\N,2019-07-06 13:39:21
IBA,Consumer Non-Durables,Meat/Poultry/Fish,2560,\N,\N,\N,\N,\N,\N,\N,\N,\N,\N,\N,could not convert string to float: N/A,\N
INFY,Technology,EDP Services,46090,\N,\N,3.86,\N,0.13,0.12,0.13,0.12,0.13,\N,\N,\N,2019-07-06 13:39:36
ING,Finance,Commercial Banks,43160,\N,\N,\N,\N,\N,\N,\N,\N,\N,\N,\N,could not convert string to float: N/A,\N
IR,Capital Goods,Auto Parts:O.E.M.,30110,\N,\N,1.9,\N,0.48,1.79,2.06,1.03,0.82,\N,\N,\N,2019-07-06 13:39:51
NGVT,Basic Industries,Major Chemicals,4010,\N,\N,3.7,\N,0.72,1.1,1.16,0.99,0.54,\N,\N,\N,2019-07-06 13:40:04
INGR,Consumer Non-Durables,Packaged Foods,5460,\N,\N,0.96,\N,1.9,1.57,1.32,1.36,1.48,\N,\N,\N,2019-07-06 13:40:17
IIPR,Finance,Real Estate,1280,\N,\N,67.73,\N,0.09,0.17,0.21,0.24,0.33,\N,\N,\N,2019-07-06 13:40:31
IPHI,Technology,Semiconductors,2170,\N,\N,7.4,\N,-0.53,-0.65,-0.52,-0.49,-0.51,\N,\N,\N,2019-07-06 13:40:45
NSP,Technology,Professional Services,4970,\N,\N,1.3,\N,1.18,0.58,0.86,0.59,1.85,\N,\N,\N,2019-07-06 13:40:59
INSP,Health Care,Medical/Dental Instruments,1400,\N,\N,25.82,\N,-0.48,-0.27,-0.22,-0.22,-0.35,\N,\N,\N,2019-07-06 13:41:13
IBP,Basic Industries,Homebuilding,1610,\N,\N,1.24,\N,0.2,0.52,0.5,0.54,0.3,\N,\N,\N,2019-07-06 13:41:27
INST,Technology,Computer Software: Prepackaged Software,1450,\N,\N,7.09,\N,-0.37,-0.36,-0.33,-0.22,-0.45,\N,\N,\N,2019-07-06 13:41:41
ITGR,Miscellaneous,Industrial Machinery/Components,2720,\N,\N,2.19,\N,0.25,0.61,3.54,0.78,0.66,\N,\N,\N,2019-07-06 13:41:55
I,Consumer Services,Telecommunications Equipment,2690,\N,\N,1.4,\N,-0.56,-0.38,-2.74,-0.78,-0.87,\N,\N,\N,2019-07-06 13:42:08
ICE,Finance,Investment Bankers/Brokers/Service,48790,\N,\N,10.06,\N,0.79,0.78,0.79,1.07,0.85,\N,\N,\N,2019-07-06 13:42:21
IHG,Consumer Services,Hotels/Resorts,12110,\N,\N,3.85,\N,0.71,0.8,0.63,0.84,0.49,\N,\N,\N,2019-07-06 13:42:35
IBM,Technology,Computer Manufacturing,122680,\N,\N,1.59,\N,1.81,2.61,2.94,2.15,1.78,\N,\N,\N,2019-07-06 13:42:48
IFF,Basic Industries,Major Chemicals,15740,\N,\N,3.56,\N,1.63,1.25,1.17,0.09,0.96,\N,\N,\N,2019-07-06 13:43:02
IGT,Consumer Services,Services-Misc. Amusement & Recreation,2510,\N,\N,0.57,\N,-0.51,0.79,0.11,-0.5,0.2,\N,\N,\N,2019-07-06 13:43:15
IP,Basic Industries,Paper,16950,\N,\N,0.75,\N,1.74,0.97,1.37,0.78,1.05,\N,\N,\N,2019-07-06 13:43:29
INSW,Consumer Services,Marine Transportation,530.67,\N,\N,1.74,\N,-1.01,-0.65,-1.64,0.24,0.37,\N,\N,\N,2019-07-06 13:43:57
IPG,Technology,Advertising,8660,\N,\N,1.09,\N,-0.04,0.37,0.41,0.84,-0.02,\N,\N,\N,2019-07-06 13:44:11
INXN,Technology,Computer Software: Programming\, Data Processing,5400,\N,\N,\N,\N,\N,\N,\N,\N,\N,\N,\N,could not convert string to float: N/A,\N
IPI,Basic Industries,Mining & Quarrying of Nonmetallic Minerals (No Fue,432.44,\N,\N,2.73,\N,0.01,-0.01,0.03,0.06,0.05,\N,\N,\N,2019-07-06 13:44:26
IVC,Health Care,Industrial Specialties,163.42,\N,\N,0.19,\N,-0.43,-0.5,-0.36,-0.04,-0.42,\N,\N,\N,2019-07-06 13:44:40
IVR,Consumer Services,Real Estate Investment Trusts,2100,\N,\N,33.43,\N,0.37,0.72,-0.58,-1.54,1.05,\N,\N,\N,2019-07-06 13:44:53
IVZ,Finance,Investment Managers,9540,\N,\N,1.93,\N,0.62,0.59,0.65,0.28,0.44,\N,\N,\N,2019-07-06 13:45:08
IRET,Consumer Services,Real Estate Investment Trusts,682.92,\N,\N,3.84,\N,11.2,-1.9,0.1,-0.5,-0.54,\N,\N,\N,2019-07-06 13:45:23
NVTA,Health Care,Medical Specialities,1860,\N,\N,13.74,\N,-0.66,-0.47,-0.45,-0.4,-0.47,\N,\N,\N,2019-07-06 13:45:37
INVH,Finance,Real Estate,14210,\N,\N,8.29,\N,-0.03,-0.03,0,0.05,0.04,\N,\N,\N,2019-07-06 13:45:51
IO,Energy,Oil & Gas Production,102.85,\N,\N,0.64,\N,-1.44,-1.86,-0.54,-1.38,-1.52,\N,\N,\N,2019-07-06 13:46:06
IQV,Health Care,Biotechnology: Commercial Physical & Biological Re,30400,\N,\N,3.01,\N,0.32,0.29,0.29,0.34,0.29,\N,\N,\N,2019-07-06 13:46:20
IRM,Consumer Services,Real Estate Investment Trusts,8860,\N,\N,2.14,\N,0.16,0.33,0.23,0.55,0.1,\N,\N,\N,2019-07-06 13:46:33
IRS,Consumer Services,Homebuilding,537.01,\N,\N,\N,\N,\N,\N,\N,\N,\N,\N,\N,could not convert string to float: N/A,\N
ICL,Basic Industries,Agricultural Chemicals,6660,\N,\N,1.2,\N,0.73,0.08,0.1,0.06,0.11,\N,\N,\N,2019-07-06 13:46:49
STAR      ,Consumer Services,Real Estate Investment Trusts,763.39,\N,\N,0,\N,0.35,0.54,-0.28,-1.7,-0.26,\N,\N,\N,2019-07-06 13:47:02
ITCB,Finance,Commercial Banks,4000,\N,\N,\N,\N,\N,\N,\N,\N,\N,\N,\N,could not convert string to float: N/A,\N
ITUB,Finance,Major Banks,90120,\N,\N,\N,\N,\N,\N,\N,\N,\N,\N,\N,could not convert string to float: N/A,\N
ITT,Capital Goods,Fluid Controls,5550,\N,\N,2.09,\N,1.14,0.79,1.25,0.59,0.8,\N,\N,\N,2019-07-06 13:47:19
JPM,Finance,Major Banks,349570,\N,\N,3.51,\N,2.37,2.29,2.34,1.98,2.65,\N,\N,\N,2019-07-06 13:47:33
JAX,Consumer Services,Restaurants,159.44,\N,\N,0.64,\N,0.11,0.14,-0.04,0.06,0.26,\N,\N,\N,2019-07-06 13:47:48
JILL,Consumer Non-Durables,Apparel,73.64,\N,\N,0.13,\N,0.26,0.23,0.15,0.05,0.1,\N,\N,\N,2019-07-06 13:48:04
JCP,Consumer Services,Department/Specialty Retail Stores,338.51,\N,\N,0.03,\N,-0.25,-0.32,-0.48,0.24,-0.48,\N,\N,\N,2019-07-06 13:48:18
SJM,Consumer Non-Durables,Packaged Foods,13710,\N,\N,1.74,\N,1.64,1.17,1.66,1.07,0.63,\N,\N,\N,2019-07-06 13:48:33
JBL,Technology,Electrical Products,4670,\N,\N,0.2,\N,0.25,-0.34,0.76,0.43,0.28,\N,\N,\N,2019-07-06 13:48:47
JEC,Basic Industries,Military/Government/Technical,11250,\N,\N,0.7,\N,0.34,1.05,-0.16,0.86,0.41,\N,\N,\N,2019-07-06 13:49:17
JAG,Energy,Oil & Gas Production,1710,\N,\N,3.24,\N,-0.18,0.21,-0.12,0.87,-0.44,\N,\N,\N,2019-07-06 13:49:31
JHX,Capital Goods,Building Materials,5950,\N,\N,\N,\N,\N,\N,\N,\N,\N,\N,\N,'decimal' codec can't encode character u'u2014' in position 0: invalid decimal Unicode string,\N
JHG,Finance,Investment Managers,4080,\N,\N,1.92,\N,0.82,0.7,0.55,0.54,0.48,\N,\N,\N,2019-07-06 13:49:59
JBGS,Consumer Services,Real Estate Investment Trusts,5330,\N,\N,8.06,\N,-0.04,0.17,0.19,0.01,0.2,\N,\N,\N,2019-07-06 13:50:13
JEF,Finance,Investment Bankers/Brokers/Service,5380,\N,\N,1.19,\N,-0.74,0.34,2.03,0.55,0.14,\N,\N,\N,2019-07-06 13:50:26
JELD,Basic Industries,Forest Products,2080,\N,\N,0.49,\N,0.37,0.33,0.27,0.39,0.16,\N,\N,\N,2019-07-06 13:50:40
JCAP,Consumer Services,Real Estate Investment Trusts,455.21,\N,\N,12.8,\N,0.12,0.4,0.57,0.87,0.35,\N,\N,\N,2019-07-06 13:50:52
JT,Technology,Computer Software: Programming\, Data Processing,676.56,\N,\N,\N,\N,\N,\N,\N,\N,\N,\N,\N,could not convert string to float: N/A,\N
JKS,Technology,Semiconductors,825.38,\N,\N,\N,\N,\N,\N,\N,\N,\N,\N,\N,could not convert string to float: N/A,\N
JMP,Finance,Investment Bankers/Brokers/Service,83.35,\N,\N,0.61,\N,-0.01,-0.09,0.01,-0.01,0.24,\N,\N,\N,2019-07-06 13:51:07
JBT,Technology,Industrial Machinery/Components,3650,\N,\N,2.02,\N,0.04,1.04,0.82,1.34,0.61,\N,\N,\N,2019-07-06 13:51:20
JNJ,Health Care,Major Pharmaceuticals,382970,\N,\N,4.57,\N,1.6,1.45,1.44,1.12,1.39,\N,\N,\N,2019-07-06 13:51:35
JCI,Consumer Services,Other Consumer Services,36440,\N,\N,1.18,\N,0.47,0.78,0.83,0.39,0.57,\N,\N,\N,2019-07-06 13:51:50
JLL,Finance,Real Estate,6230,\N,\N,0.79,\N,0.88,2.35,2.93,4.37,0.46,\N,\N,\N,2019-07-06 13:52:04
JMEI,Consumer Services,Other Specialty Stores,318.88,\N,\N,\N,\N,\N,\N,\N,\N,\N,\N,\N,could not convert string to float: N/A,\N
JMIA,Consumer Services,Catalog/Specialty Distribution,1960,\N,\N,\N,\N,\N,\N,\N,\N,\N,\N,\N,could not convert string to float: N/A,\N
JNPR,Technology,Computer Communications Equipment,9060,\N,\N,2.06,\N,0.1,0.33,0.64,0.55,0.09,\N,\N,\N,2019-07-06 13:52:19
JP,Consumer Services,Other Consumer Services,77.91,\N,\N,\N,\N,\N,\N,\N,\N,\N,\N,\N,could not convert string to float: N/A,\N
JE,Public Utilities,Oil/Gas Transmission,610.01,\N,\N,\N,\N,\N,\N,\N,\N,\N,\N,\N,could not convert string to float: N/A,\N
LRN,Consumer Services,Other Consumer Services,1140,\N,\N,1.27,\N,0.32,0.23,-0.22,0.59,0.44,\N,\N,\N,2019-07-06 13:52:35
KAI,Technology,Industrial Machinery/Components,994.97,\N,\N,1.56,\N,0.96,1.08,1.64,1.61,0.96,\N,\N,\N,2019-07-06 13:52:48
KDMN,Health Care,Major Pharmaceuticals,213.64,\N,\N,253.69,\N,-0.27,0.24,-0.13,-0.37,0.02,\N,\N,\N,2019-07-06 13:53:02
KAMN,Consumer Durables,Industrial Specialties,1740,\N,\N,0.95,\N,0.5,0.53,0.05,0.84,0.5,\N,\N,\N,2019-07-06 13:53:17
KSU,Transportation,Railroads,11860,\N,\N,4.5,\N,1.4,1.45,1.7,1.59,1.02,\N,\N,\N,2019-07-06 13:53:30
KAR,Consumer Durables,Automotive Aftermarket,8200,\N,\N,0.86,\N,0.66,0.69,0.57,0.5,0.58,\N,\N,\N,2019-07-06 13:54:00
KB,Finance,Commercial Banks,15150,\N,\N,\N,\N,\N,\N,\N,\N,\N,\N,\N,could not convert string to float: N/A,\N
KBH,Capital Goods,Homebuilding,2080,\N,\N,0.51,\N,-0.82,0.57,0.87,0.96,0.31,\N,\N,\N,2019-07-06 13:54:15
KBR,Basic Industries,Military/Government/Technical,3460,\N,\N,0.68,\N,0.97,0.3,0.41,0.31,0.28,\N,\N,\N,2019-07-06 13:54:30
FRAC,Energy,Oilfield Services/Equipment,727.43,\N,\N,0.34,\N,-0.07,0.27,0.28,0.06,-0.21,\N,\N,\N,2019-07-06 13:54:43
K,Consumer Non-Durables,Packaged Foods,18570,\N,\N,1.39,\N,1.27,1.71,1.09,-0.24,0.82,\N,\N,\N,2019-07-06 13:54:57
KEM,Capital Goods,Electrical Products,1040,\N,\N,0.81,\N,0.04,0.6,0.63,0.69,1.58,\N,\N,\N,2019-07-06 13:55:11
KMPR,Finance,Property-Casualty Insurers,5840,\N,\N,1.42,\N,1.02,0.73,1.4,0.1,2.35,\N,\N,\N,2019-07-06 13:55:25
KMT,Capital Goods,Industrial Machinery/Components,2850,\N,\N,1.19,\N,0.61,0.83,0.68,0.66,0.82,\N,\N,\N,2019-07-06 13:55:39
KW,Finance,Real Estate,2960,\N,\N,3.84,\N,-0.02,0.77,0.09,0.21,-0.04,\N,\N,\N,2019-07-06 13:55:53
KEN,Public Utilities,Electric Utilities: Central,1080,\N,\N,3.05,\N,10.13,-0.53,-0.38,-1.15,-0.24,\N,\N,\N,2019-07-06 13:56:06
KDP,Consumer Non-Durables,Beverages (Production/Distribution),41600,\N,\N,4.63,\N,0.88,1.3,0.11,0.19,0.16,\N,\N,\N,2019-07-06 13:56:21
KEG,Energy,Oilfield Services/Equipment,39.57,\N,\N,0.12,\N,-1.23,-0.84,-1.18,-1.14,-1.15,\N,\N,\N,2019-07-06 13:56:35
KEY,Finance,Major Banks,17170,\N,\N,2.95,\N,0.38,0.44,0.45,0.45,0.38,\N,\N,\N,2019-07-06 13:56:48
KEYS,Capital Goods,Industrial Machinery/Components,16040,\N,\N,4.13,\N,0.34,0.63,-0.61,0.6,0.8,\N,\N,\N,2019-07-06 13:57:02
KRC,Consumer Services,Real Estate Investment Trusts,7550,\N,\N,10.04,\N,0.36,0.27,0.33,1.58,0.36,\N,\N,\N,2019-07-06 13:57:15
KRP,Energy,Oil & Gas Production,751.03,\N,\N,9.57,\N,-3.23,0.08,-0.15,-0.1,-0.21,\N,\N,\N,2019-07-06 13:57:28
KMB,Consumer Durables,Containers/Packaging,47040,\N,\N,2.56,\N,0.26,1.3,1.29,1.18,1.31,\N,\N,\N,2019-07-06 13:57:41
KIM,Consumer Services,Real Estate Investment Trusts,7850,\N,\N,6.74,\N,0.3,0.36,0.19,0.17,0.24,\N,\N,\N,2019-07-06 13:57:55
KMI,Public Utilities,Natural Gas Distribution,46590,\N,\N,3.38,\N,0.22,-0.08,0.31,0.21,0.24,\N,\N,\N,2019-07-06 13:58:09
KFS,Finance,Property-Casualty Insurers,53.16,\N,\N,1.31,\N,-0.07,-0.21,-0.11,-0.4,-0.2,\N,\N,\N,2019-07-06 13:58:26
KGC,Basic Industries,Precious Metals,4880,\N,\N,1.54,\N,0.08,0,-0.08,-0.02,0.05,\N,\N,\N,2019-07-06 13:58:39
KEX,Consumer Services,Marine Transportation,4540,\N,\N,1.56,\N,0.54,0.48,0.7,-0.41,0.74,\N,\N,\N,2019-07-06 13:58:53
KL,Basic Industries,Precious Metals,8990,\N,\N,8.57,\N,0.25,0.29,0.26,0.5,0.52,\N,\N,\N,2019-07-06 13:59:06
KRG,Consumer Services,Real Estate Investment Trusts,1260,\N,\N,3.71,\N,-0.21,-0.02,0.05,-0.37,0.07,\N,\N,\N,2019-07-06 13:59:20
KKR,Finance,Investment Managers,13030,\N,\N,3.85,\N,0.32,1.24,1.17,-0.74,1.27,\N,\N,\N,2019-07-06 13:59:50
KREF,Consumer Services,Real Estate Investment Trusts,1200,\N,\N,9.55,\N,0.44,0.44,0.37,0.34,0.43,\N,\N,\N,2019-07-06 14:00:04
KNX,Transportation,Trucking Freight/Courier Services,5120,\N,\N,1.1,\N,0.39,0.51,0.6,0.86,0.51,\N,\N,\N,2019-07-06 14:00:19
KNL,Consumer Durables,Office Equipment/Supplies/Services,1060,\N,\N,0.87,\N,0.31,0.27,0.41,0.5,0.37,\N,\N,\N,2019-07-06 14:00:32
KNOP,Consumer Services,Marine Transportation,624.78,\N,\N,2.28,\N,0.94,0.58,0.64,0.27,0.39,\N,\N,\N,2019-07-06 14:00:47
KN,Consumer Non-Durables,Consumer Electronics/Appliances,1540,\N,\N,2.01,\N,0,0.05,-0.18,0.87,-0.03,\N,\N,\N,2019-07-06 14:01:01
KSS,Consumer Services,Department/Specialty Retail Stores,7450,\N,\N,0.39,\N,0.45,1.76,0.98,1.67,0.38,\N,\N,\N,2019-07-06 14:01:15
PHG,Energy,Consumer Electronics/Appliances,38970,\N,\N,\N,\N,\N,\N,\N,\N,\N,\N,\N,could not convert string to float: N/A,\N
KTB,Consumer Non-Durables,Apparel,1490,\N,\N,\N,\N,\N,\N,\N,\N,\N,\N,\N,could not convert string to float: ,\N
KOP,Basic Industries,Forest Products,545.52,\N,\N,0.35,\N,0.81,0.03,0.35,-0.13,0.55,\N,\N,\N,2019-07-06 14:01:43
KEP,Public Utilities,Electric Utilities: Central,14260,\N,\N,\N,\N,\N,\N,\N,\N,\N,\N,\N,could not convert string to float: N/A,\N
KFY,Technology,Diversified Commercial Services,2180,\N,\N,1.15,\N,0.73,-0.7,0.81,0.8,0.89,\N,\N,\N,2019-07-06 14:01:58
KOS,Energy,Oil & Gas Production,2480,\N,\N,2.27,\N,-0.13,-0.26,-0.31,0.43,-0.13,\N,\N,\N,2019-07-06 14:02:12
KRA,Basic Industries,Major Chemicals,903.48,\N,\N,0.52,\N,0.68,-0.47,1.31,0.55,0.39,\N,\N,\N,2019-07-06 14:02:27
KR,Consumer Services,Food Chains,17630,\N,\N,0.14,\N,2.37,0.62,0.39,0.32,0.95,\N,\N,\N,2019-07-06 14:02:41
KRO,Basic Industries,Major Chemicals,1710,\N,\N,1.06,\N,0.61,0.67,0.28,0.21,0.26,\N,\N,\N,2019-07-06 14:02:56
KT,Public Utilities,Telecommunications Equipment,6040,\N,\N,\N,\N,\N,\N,\N,\N,\N,\N,\N,could not convert string to float: N/A,\N
LB,Consumer Services,Clothing/Shoe/Accessory Stores,6620,\N,\N,0.58,\N,0.17,0.36,-0.16,1.94,0.14,\N,\N,\N,2019-07-06 14:03:12
SCX,Capital Goods,Industrial Machinery/Components,45.86,\N,\N,0.21,\N,0.23,0.12,0.08,0.27,0.3,\N,\N,\N,2019-07-06 14:03:26
LLL,Technology,Radio And Television Broadcasting And Communicatio,20190,\N,\N,1.84,\N,-0.01,-0.03,-0.02,0.01,0,\N,\N,\N,2019-07-06 14:03:40
LH,Health Care,Medical Specialities,16690,\N,\N,1.55,\N,1.67,2.27,3.1,1.56,1.86,\N,\N,\N,2019-07-06 14:03:54
LADR,Consumer Services,Real Estate Investment Trusts,1970,\N,\N,5.83,\N,0.53,0.4,0.67,0.23,0.21,\N,\N,\N,2019-07-06 14:04:09
LAIX,Consumer Services,Other Consumer Services,501.35,\N,\N,\N,\N,\N,\N,\N,\N,\N,\N,\N,could not convert string to float: N/A,\N
LW,Consumer Non-Durables,Packaged Foods,9150,\N,\N,2.56,\N,1.06,0.68,0.73,0.74,0.95,\N,\N,\N,2019-07-06 14:04:24
LCI,Health Care,Major Pharmaceuticals,223.36,\N,\N,0.34,\N,0.33,-0.3,-7.65,0.32,0.27,\N,\N,\N,2019-07-06 14:04:38
LPI,Energy,Oil & Gas Production,664.72,\N,\N,0.65,\N,0.36,0.14,0.24,0.65,-0.04,\N,\N,\N,2019-07-06 14:05:09
LVS,Consumer Services,Hotels/Resorts,44360,\N,\N,3.46,\N,1.84,0.7,0.73,-0.22,0.75,\N,\N,\N,2019-07-06 14:05:23
LTM,Transportation,Air Freight/Delivery Services,5610,\N,\N,0.6,\N,0.15,-0.19,0.09,0.25,-0.1,\N,\N,\N,2019-07-06 14:05:36
LAZ,Finance,Investment Managers,3740,\N,\N,1.41,\N,1.21,1.13,0.82,0.89,0.8,\N,\N,\N,2019-07-06 14:05:50
LZB,Consumer Durables,Home Furnishings,1410,\N,\N,0.85,\N,0.72,0.39,0.42,0.61,0.03,\N,\N,\N,2019-07-06 14:06:04
LCII,Capital Goods,Auto Parts:O.E.M.,2170,\N,\N,0.93,\N,1.86,1.86,1.33,0.8,1.38,\N,\N,\N,2019-07-06 14:06:18
LEAF,Technology,EDP Services,180.98,\N,\N,1.16,\N,-0.26,-0.25,-0.24,-0.19,-0.4,\N,\N,\N,2019-07-06 14:06:32
LEA,Capital Goods,Auto Parts:O.E.M.,8590,\N,\N,0.41,\N,5.16,4.83,3.8,3.37,3.73,\N,\N,\N,2019-07-06 14:06:47
LEE,Consumer Services,Newspapers/Magazines,131.53,\N,\N,0.24,\N,0.04,0.08,0.07,0.18,-0.05,\N,\N,\N,2019-07-06 14:07:02
LGC,Finance,Business Services,379.13,\N,\N,\N,\N,\N,\N,\N,\N,\N,\N,\N,could not convert string to float: N/A,\N
LM,Finance,Investment Managers,3120,\N,\N,1.13,\N,0.86,0.75,0.82,-2.55,0.56,\N,\N,\N,2019-07-06 14:07:17
LEG,Consumer Durables,Home Furnishings,4910,\N,\N,1.16,\N,0.57,0.63,0.67,0.39,0.45,\N,\N,\N,2019-07-06 14:07:30
LDOS,Technology,EDP Services,11410,\N,\N,1.15,\N,0.66,0.94,0.96,1.25,1.29,\N,\N,\N,2019-07-06 14:07:44
LEJU,Finance,Real Estate,173.29,\N,\N,0.38,\N,-0.15,-0.01,0.05,0.01,-0.1,\N,\N,\N,2019-07-06 14:07:57
LC,Miscellaneous,Business Services,1190,\N,\N,1.85,\N,-0.35,-0.7,-0.25,-0.15,-0.25,\N,\N,\N,2019-07-06 14:08:10
LEN,Basic Industries,Homebuilding,15580,\N,\N,0.71,\N,0.94,1.37,2.42,0.74,1.3,\N,\N,\N,2019-07-06 14:08:23
LII,Capital Goods,Industrial Machinery/Components,10620,\N,\N,2.94,\N,0.9,3.35,2.65,1.87,1.73,\N,\N,\N,2019-07-06 14:08:37
LHC,Consumer Services,Movies/Entertainment,256.25,\N,\N,\N,\N,\N,\N,\N,\N,\N,\N,\N,could not convert string to float: N/A,\N
LEVI,Consumer Non-Durables,Apparel,8140,\N,\N,\N,\N,\N,\N,\N,\N,\N,\N,\N,could not convert string to float: ,\N
LPL,Capital Goods,Industrial Machinery/Components,5370,\N,\N,\N,\N,\N,\N,\N,\N,\N,\N,\N,could not convert string to float: N/A,\N
LBRT,Energy,Oilfield Services/Equipment,1700,\N,\N,0.81,\N,0.34,0.71,0.49,0.27,0.26,\N,\N,\N,2019-07-06 14:09:07
LPT,Consumer Services,Real Estate Investment Trusts,7400,\N,\N,11.08,\N,0.95,0.13,1.01,1.14,0.37,\N,\N,\N,2019-07-06 14:09:20
LSI,Consumer Services,Real Estate Investment Trusts,4480,\N,\N,8.25,\N,0.73,0.84,0.88,1.98,0.74,\N,\N,\N,2019-07-06 14:09:34
LITB,Consumer Services,Catalog/Specialty Distribution,100.84,\N,\N,0.47,\N,-0.12,-0.14,-0.26,-0.36,-0.2,\N,\N,\N,2019-07-06 14:09:47
LNC,Finance,Life Insurance,12550,\N,\N,0.8,\N,1.64,1.7,2.24,1.8,1.22,\N,\N,\N,2019-07-06 14:10:01
LIN,Basic Industries,Major Chemicals,110070,\N,\N,5.83,\N,1.59,1.65,1.58,8.29,0.94,\N,\N,\N,2019-07-06 14:10:30
LNN,Capital Goods,Industrial Machinery/Components,866.14,\N,\N,1.74,\N,0.16,0.96,0.46,0.11,-0.32,\N,\N,\N,2019-07-06 14:10:44
LN,Technology,Computer Software: Programming\, Data Processing,6690,\N,\N,\N,\N,\N,\N,\N,\N,\N,\N,\N,could not convert string to float: N/A,\N
LAD,Consumer Durables,Automotive Aftermarket,2700,\N,\N,0.24,\N,2.07,2.44,3.84,2.54,2.42,\N,\N,\N,2019-07-06 14:11:00
LAC,Basic Industries,Precious Metals,334.53,\N,\N,72.01,\N,-0.04,-0.05,-0.08,-0.08,-0.11,\N,\N,\N,2019-07-06 14:11:14
LYV,Consumer Services,Services-Misc. Amusement & Recreation,13930,\N,\N,1.32,\N,-0.24,0.24,0.7,-0.83,-0.31,\N,\N,\N,2019-07-06 14:11:28
LTHM,Basic Industries,Major Chemicals,1000,\N,\N,\N,\N,\N,\N,\N,\N,\N,\N,\N,'decimal' codec can't encode character u'u2014' in position 0: invalid decimal Unicode string,\N
RAMP,Technology,EDP Services,3130,\N,\N,11.59,\N,0.06,-0.04,0.27,13.65,-0.67,\N,\N,\N,2019-07-06 14:11:56
LYG,Finance,Commercial Banks,50020,\N,\N,\N,\N,\N,\N,\N,\N,\N,\N,\N,could not convert string to float: N/A,\N
LMT,Capital Goods,Military/Government/Technical,101870,\N,\N,1.85,\N,4.02,4.05,5.14,4.39,5.99,\N,\N,\N,2019-07-06 14:12:10
L,Finance,Property-Casualty Insurers,16610,\N,\N,1.19,\N,0.89,0.72,0.88,-0.51,1.27,\N,\N,\N,2019-07-06 14:12:24
LOMA,Capital Goods,Building Materials,1330,\N,\N,\N,\N,\N,\N,\N,\N,\N,\N,\N,could not convert string to float: N/A,\N
LPX,Basic Industries,Forest Products,3170,\N,\N,1.21,\N,0.62,1.11,0.86,0.12,0.2,\N,\N,\N,2019-07-06 14:12:38
LOW,Consumer Services,RETAIL: Building Materials,78180,\N,\N,1.14,\N,1.19,1.86,0.78,-1.03,1.31,\N,\N,\N,2019-07-06 14:12:52
LXU,Basic Industries,Major Chemicals,105.3,\N,\N,0.31,\N,-0.49,-1.27,-1.22,-0.75,-0.69,\N,\N,\N,2019-07-06 14:13:05
LKSD,Miscellaneous,Publishing,127.67,\N,\N,0.03,\N,-1.68,-0.32,0.23,-0.12,-0.47,\N,\N,\N,2019-07-06 14:13:19
LTC,Consumer Services,Real Estate Investment Trusts,1820,\N,\N,11.48,\N,0.51,1.73,0.88,0.77,0.51,\N,\N,\N,2019-07-06 14:13:33
LUB,Consumer Services,Restaurants,33.46,\N,\N,0.1,\N,-0.37,-0.49,-0.06,-0.25,0.22,\N,\N,\N,2019-07-06 14:13:48
LL,Consumer Services,RETAIL: Building Materials,303.49,\N,\N,0.31,\N,-0.07,-0.05,0.21,-1.99,-0.17,\N,\N,\N,2019-07-06 14:14:02
LXFR,Basic Industries,Major Chemicals,630.41,\N,\N,1.4,\N,0.33,0.37,0.45,-0.25,-0.14,\N,\N,\N,2019-07-06 14:14:15
LDL,Capital Goods,Auto Parts:O.E.M.,334.31,\N,\N,0.42,\N,0.64,0.6,0.36,0.42,0.22,\N,\N,\N,2019-07-06 14:14:29
WLH,Capital Goods,Homebuilding,675.72,\N,\N,0.33,\N,0.21,0.57,0.68,0.89,0.21,\N,\N,\N,2019-07-06 14:14:43
LYB,Basic Industries,Major Chemicals,32060,\N,\N,0.85,\N,3.11,4.22,2.85,1.83,2.19,\N,\N,\N,2019-07-06 14:14:58
MTB,Finance,Major Banks,22610,\N,\N,4.01,\N,2.23,3.26,3.53,3.76,3.35,\N,\N,\N,2019-07-06 14:15:11
MDC,Capital Goods,Homebuilding,1930,\N,\N,0.65,\N,0.63,1.04,0.86,0.88,0.64,\N,\N,\N,2019-07-06 14:15:26
MHO,Capital Goods,Homebuilding,748.22,\N,\N,0.34,\N,0.6,0.96,1.01,1.15,0.63,\N,\N,\N,2019-07-06 14:15:55
MAC,Consumer Services,Real Estate Investment Trusts,4620,\N,\N,4.62,\N,-0.24,0.05,0.52,0.08,0.05,\N,\N,\N,2019-07-06 14:16:10
CLI,Consumer Services,Real Estate Investment Trusts,2120,\N,\N,4.07,\N,0.45,-0.05,-0.05,0.45,2.66,\N,\N,\N,2019-07-06 14:16:25
MIC,Energy,Oil Refining/Marketing,3410,\N,\N,1.99,\N,0.88,0.45,0.25,-0.01,0.79,\N,\N,\N,2019-07-06 14:16:39
BMA,Finance,Commercial Banks,4430,\N,\N,\N,\N,\N,\N,\N,\N,\N,\N,\N,could not convert string to float: N/A,\N
M,Consumer Services,Department/Specialty Retail Stores,6580,\N,\N,0.26,\N,0.45,0.53,0.2,2.38,0.44,\N,\N,\N,2019-07-06 14:16:53
MMP,Energy,Natural Gas Distribution,14370,\N,\N,5.34,\N,0.92,0.94,2.6,1.37,0.91,\N,\N,\N,2019-07-06 14:17:08
MGA,Capital Goods,Auto Parts:O.E.M.,15680,\N,\N,0.38,\N,1.83,1.77,1.62,1.39,3.39,\N,\N,\N,2019-07-06 14:17:22
MX,Technology,Semiconductors,361.07,\N,\N,0.48,\N,0.08,-0.62,0.41,-0.07,-1,\N,\N,\N,2019-07-06 14:17:36
MGY,Energy,Oil & Gas Production,2800,\N,\N,\N,\N,\N,\N,\N,\N,\N,\N,\N,'decimal' codec can't encode character u'u2014' in position 0: invalid decimal Unicode string,\N
MNK,Health Care,Major Pharmaceuticals,704.04,\N,\N,0.22,\N,-0.21,0.19,1.34,-44.64,1.83,\N,\N,\N,2019-07-06 14:18:03
MANU,Consumer Services,Services-Misc. Amusement & Recreation,2870,\N,\N,\N,\N,\N,\N,\N,\N,\N,\N,\N,could not convert string to float: N/A,\N
MTW,Capital Goods,Construction/Ag Equipment/Trucks,615.91,\N,\N,0.31,\N,-0.28,0.27,0.32,-2.2,-0.75,\N,\N,\N,2019-07-06 14:18:18
MN,Finance,Investment Managers,27.54,\N,\N,0.19,\N,0.07,0.05,0.05,0.03,0.03,\N,\N,\N,2019-07-06 14:18:33
MAN,Technology,Professional Services,5610,\N,\N,0.27,\N,1.45,2.17,2.43,2.54,0.88,\N,\N,\N,2019-07-06 14:18:46
MFC,Finance,Life Insurance,35580,\N,\N,\N,\N,\N,\N,\N,\N,\N,\N,\N,could not convert string to float: N/A,\N
MRO,Energy,Oil & Gas Production,11370,\N,\N,2.03,\N,0.42,0.11,0.3,0.47,0.21,\N,\N,\N,2019-07-06 14:19:01
MPC,Energy,Integrated oil Companies,34050,\N,\N,0.34,\N,0.08,2.27,1.62,1.35,-0.01,\N,\N,\N,2019-07-06 14:19:15
MMI,Finance,Real Estate,1180,\N,\N,1.52,\N,0.46,0.56,0.53,0.66,0.4,\N,\N,\N,2019-07-06 14:19:30
MCS,Consumer Services,Movies/Entertainment,1020,\N,\N,1.53,\N,0.35,0.65,0.56,0.3,0.06,\N,\N,\N,2019-07-06 14:19:44
MPX,Capital Goods,Marine Transportation,561.7,\N,\N,1.73,\N,0.22,0.26,0.21,0.14,0.22,\N,\N,\N,2019-07-06 14:19:58
HZO,Consumer Services,Other Specialty Stores,372.27,\N,\N,0.32,\N,0.27,0.75,0.5,0.21,0.23,\N,\N,\N,2019-07-06 14:20:11
MKL,Finance,Property-Casualty Insurers,14910,\N,\N,2,\N,-4.25,19.97,28.5,-53.88,42.76,\N,\N,\N,2019-07-06 14:20:24
VAC,Finance,Real Estate,4160,\N,\N,1.97,\N,1.32,0.39,-1.75,0.91,0.51,\N,\N,\N,2019-07-06 14:20:38
MMC,Finance,Specialty Insurers,50020,\N,\N,3.51,\N,1.34,1.04,0.54,0.3,1.4,\N,\N,\N,2019-07-06 14:20:52
MLM,Basic Industries,Mining & Quarrying of Nonmetallic Minerals (No Fue,14060,\N,\N,3.52,\N,0.16,2.92,2.85,1.5,0.68,\N,\N,\N,2019-07-06 14:21:22
MAS,Basic Industries,Forest Products,11270,\N,\N,1.4,\N,0.47,0.68,0.58,0.64,0.39,\N,\N,\N,2019-07-06 14:21:36
DOOR,Basic Industries,Forest Products,1330,\N,\N,0.61,\N,0.73,1.24,0.89,0.46,0.15,\N,\N,\N,2019-07-06 14:21:49
MTZ,Basic Industries,Water Supply,3640,\N,\N,0.57,\N,0.32,1.01,1.52,0.41,0.57,\N,\N,\N,2019-07-06 14:22:02
MA,Miscellaneous,Business Services,265290,\N,\N,18.22,\N,1.41,1.5,1.82,0.87,1.8,\N,\N,\N,2019-07-06 14:22:15
MTDR,Energy,Oil & Gas Production,2120,\N,\N,2.65,\N,0.55,0.53,0.15,1.19,-0.15,\N,\N,\N,2019-07-06 14:22:29
MTRN,Capital Goods,Industrial Specialties,1340,\N,\N,1.12,\N,0.51,0.54,0.97,-1.03,0.82,\N,\N,\N,2019-07-06 14:22:43
MATX,Consumer Services,Marine Transportation,1580,\N,\N,0.74,\N,0.33,0.76,0.97,0.48,0.29,\N,\N,\N,2019-07-06 14:22:56
MLP,Finance,Real Estate,191.07,\N,\N,17.71,\N,-0.05,-0.03,-0.09,0.2,-0.06,\N,\N,\N,2019-07-06 14:23:09
MAXR,Technology,Radio And Television Broadcasting And Communicatio,430.76,\N,\N,0.28,\N,0.55,-0.33,-7.31,-14.47,-0.99,\N,\N,\N,2019-07-06 14:23:24
MMS,Miscellaneous,Business Services,4660,\N,\N,1.84,\N,0.84,0.91,0.71,0.86,0.96,\N,\N,\N,2019-07-06 14:23:39
MXL,Technology,Semiconductors,1580,\N,\N,4.72,\N,0.03,-0.21,-0.2,0.01,-0.07,\N,\N,\N,2019-07-06 14:23:52
MEC,Capital Goods,Industrial Specialties,276.85,\N,\N,\N,\N,\N,\N,\N,\N,\N,\N,\N,could not convert string to float: ,\N
MBI,Finance,Property-Casualty Insurers,834.17,\N,\N,3.44,\N,-1.12,-1.64,-0.5,-0.08,-0.2,\N,\N,\N,2019-07-06 14:24:20
MKC,Consumer Non-Durables,Packaged Foods,20210,\N,\N,3.94,\N,0.93,1.3,1.6,1.11,1.12,\N,\N,\N,2019-07-06 14:24:34
MDR,Capital Goods,Metal Fabrications,1570,\N,\N,0.19,\N,0.36,0.33,0.01,-15.33,-0.39,\N,\N,\N,2019-07-06 14:24:48
MCD,Consumer Services,Restaurants,157070,\N,\N,7.74,\N,1.72,1.9,2.1,1.82,1.72,\N,\N,\N,2019-07-06 14:25:02
MUX,Basic Industries,Precious Metals,662.44,\N,\N,5.96,\N,-0.02,-0.02,-0.04,-0.06,-0.03,\N,\N,\N,2019-07-06 14:25:16
MCK,Health Care,Other Pharmaceuticals,24560,\N,\N,0.12,\N,-5.58,-0.68,2.51,2.4,-4.17,\N,\N,\N,2019-07-06 14:25:31
MDU,Basic Industries,Mining & Quarrying of Nonmetallic Minerals (No Fue,5080,\N,\N,1.13,\N,0.22,0.22,0.55,0.4,0.21,\N,\N,\N,2019-07-06 14:25:45
MTL,Basic Industries,Steel/Iron Ore,524.5,\N,\N,\N,\N,\N,\N,\N,\N,\N,\N,\N,could not convert string to float: N/A,\N
MPW,Consumer Services,Real Estate Investment Trusts,7020,\N,\N,9.49,\N,0.25,0.3,2,0.21,0.2,\N,\N,\N,2019-07-06 14:26:00
MED,Consumer Non-Durables,Packaged Foods,1500,\N,\N,2.56,\N,1.01,1.16,1.14,1.3,1.7,\N,\N,\N,2019-07-06 14:26:14
MDLY,Finance,Investment Managers,72.04,\N,\N,1.33,\N,-0.26,-0.08,-0.15,-0.16,-0.02,\N,\N,\N,2019-07-06 14:26:28
MD,Health Care,Hospital/Nursing Management,2170,\N,\N,0.6,\N,0.68,0.85,0.72,0.68,-2.82,\N,\N,\N,2019-07-06 14:26:41
MDT,Health Care,Biotechnology: Electromedical & Electrotherapeutic,132640,\N,\N,4.31,\N,1.07,0.79,0.82,0.94,0.87,\N,\N,\N,2019-07-06 14:27:10
MFAC,Finance,Business Services,212.46,\N,\N,\N,\N,\N,\N,\N,\N,\N,\N,\N,could not convert string to float: N/A,\N
MRK,Health Care,Major Pharmaceuticals,219460,\N,\N,5.12,\N,0.27,0.63,0.73,0.69,1.12,\N,\N,\N,2019-07-06 14:27:25
MCY,Finance,Property-Casualty Insurers,3400,\N,\N,0.99,\N,-0.77,1.09,1.06,-1.48,2.45,\N,\N,\N,2019-07-06 14:27:39
MDP,Consumer Services,Newspapers/Magazines,2400,\N,\N,0.8,\N,-2.74,-0.06,-0.06,-0.03,0.1,\N,\N,\N,2019-07-06 14:27:53
MTH,Capital Goods,Homebuilding,1890,\N,\N,0.58,\N,1.07,1.31,1.33,1.91,0.65,\N,\N,\N,2019-07-06 14:28:07
MTOR,Capital Goods,Auto Parts:O.E.M.,1920,\N,\N,0.44,\N,0.63,0.71,0.36,1.03,0.84,\N,\N,\N,2019-07-06 14:28:22
MTR,Energy,Oil & Gas Production,21.63,\N,\N,8.83,\N,0.34,0.26,0.22,0.33,0.37,\N,\N,\N,2019-07-06 14:28:35
MSB,Basic Industries,Precious Metals,381.01,\N,\N,8.93,\N,0.48,1.44,1.04,0.52,0.37,\N,\N,\N,2019-07-06 14:28:49
MEI,Capital Goods,Electrical Products,996.16,\N,\N,1.02,\N,0.98,0.63,0.39,0.82,0.6,\N,\N,\N,2019-07-06 14:29:02
MET,Finance,Life Insurance,46310,\N,\N,0.69,\N,1.19,0.83,0.88,2.04,1.4,\N,\N,\N,2019-07-06 14:29:15
MCB,Finance,Major Banks,366.12,\N,\N,4.31,\N,0.75,0.7,0.85,0.75,1.01,\N,\N,\N,2019-07-06 14:29:29
MTD,Capital Goods,Biotechnology: Laboratory Analytical Instruments,20680,\N,\N,7.22,\N,3.58,4.31,4.93,7.11,4.42,\N,\N,\N,2019-07-06 14:29:42
MFA,Consumer Services,Real Estate Investment Trusts,3260,\N,\N,8.12,\N,0.2,0.17,0.19,0.13,0.19,\N,\N,\N,2019-07-06 14:29:56
MTG,Finance,Property-Casualty Insurers,4630,\N,\N,4.3,\N,0.38,0.49,0.49,0.43,0.42,\N,\N,\N,2019-07-06 14:30:10
MGP,Consumer Services,Real Estate Investment Trusts,9140,\N,\N,8.69,\N,0.22,0.18,0.26,0.26,0.24,\N,\N,\N,2019-07-06 14:30:24
MGM,Consumer Services,Hotels/Resorts,14840,\N,\N,1.34,\N,0.38,0.21,0.26,-0.06,0.05,\N,\N,\N,2019-07-06 14:30:38
MFGP,Technology,Computer Software: Prepackaged Software,9040,\N,\N,\N,\N,\N,\N,\N,\N,\N,\N,\N,list index out of range,\N
MAA,Consumer Services,Real Estate Investment Trusts,13390,\N,\N,8.71,\N,0.42,0.52,0.46,0.53,0.55,\N,\N,\N,2019-07-06 14:31:06
MSL,Finance,Major Banks,187.9,\N,\N,3.09,\N,-0.03,-0.09,-0.34,-1.39,-0.4,\N,\N,\N,2019-07-06 14:31:19
MPO,Energy,Oil & Gas Production,115.55,\N,\N,0.68,\N,0.15,-0.06,0.44,1.38,-0.78,\N,\N,\N,2019-07-06 14:31:33
MCRN,Technology,Industrial Machinery/Components,917.23,\N,\N,0.81,\N,0.08,0.21,0.21,0.08,-0.01,\N,\N,\N,2019-07-06 14:31:46
MLR,Capital Goods,Construction/Ag Equipment/Trucks,344.17,\N,\N,0.46,\N,0.59,0.67,0.76,0.95,0.76,\N,\N,\N,2019-07-06 14:32:00
MTX,Basic Industries,Major Chemicals,1850,\N,\N,1.02,\N,1.12,1.24,1.18,1.22,1.11,\N,\N,\N,2019-07-06 14:32:13
MG,Consumer Services,Military/Government/Technical,405.34,\N,\N,0.59,\N,0.1,0.2,-0.04,-0.04,-0.19,\N,\N,\N,2019-07-06 14:32:29
MUFG,Finance,Commercial Banks,60390,\N,\N,\N,\N,\N,\N,\N,\N,\N,\N,\N,could not convert string to float: N/A,\N
MIXT,Technology,Computer Software: Prepackaged Software,336.72,\N,\N,\N,\N,\N,\N,\N,\N,\N,\N,\N,could not convert string to float: N/A,\N
MFG,Finance,Major Banks,35630,\N,\N,\N,\N,\N,\N,\N,\N,\N,\N,\N,could not convert string to float: N/A,\N
MBT,Public Utilities,Telecommunications Equipment,8340,\N,\N,\N,\N,\N,\N,\N,\N,\N,\N,\N,could not convert string to float: N/A,\N
MODN,Technology,Computer Software: Programming\, Data Processing,630.48,\N,\N,4.55,\N,-0.13,-0.5,-0.12,-0.15,-0.18,\N,\N,\N,2019-07-06 14:33:02
MOD,Capital Goods,Auto Parts:O.E.M.,679.22,\N,\N,0.33,\N,0.34,0.43,0.75,0.35,0.12,\N,\N,\N,2019-07-06 14:33:16
MC,Finance,Investment Managers,1600,\N,\N,2.05,\N,0.75,0.72,0.61,0.72,0.25,\N,\N,\N,2019-07-06 14:33:30
MOGU,Miscellaneous,Business Services,310,\N,\N,\N,\N,\N,\N,\N,\N,\N,\N,\N,could not convert string to float: N/A,\N
MHK,Consumer Durables,Home Furnishings,10310,\N,\N,1.09,\N,2.78,2.62,3.02,3.05,1.67,\N,\N,\N,2019-07-06 14:33:44
MOH,Health Care,Medical Specialities,9100,\N,\N,0.51,\N,1.64,3.02,2.9,3.01,2.99,\N,\N,\N,2019-07-06 14:33:57
TAP,Consumer Non-Durables,Beverages (Production/Distribution),11980,\N,\N,1.14,\N,1.28,1.96,1.56,0.35,0.7,\N,\N,\N,2019-07-06 14:34:11
MNR,Consumer Services,Real Estate Investment Trusts,1290,\N,\N,8.83,\N,0.1,0.13,0.1,-0.36,0.26,\N,\N,\N,2019-07-06 14:34:25
MR,Energy,Oil & Gas Production,216.17,\N,\N,0.36,\N,-0.15,-0.9,0.15,1.84,-0.55,\N,\N,\N,2019-07-06 14:34:39
MCO,Finance,Finance: Consumer Services,36740,\N,\N,8.57,\N,1.92,1.94,1.59,1.29,1.93,\N,\N,\N,2019-07-06 14:34:53
MS,Finance,Investment Bankers/Brokers/Service,71760,\N,\N,1.89,\N,1.45,1.3,1.17,0.8,1.39,\N,\N,\N,2019-07-06 14:35:08
MOSC,Finance,Business Services,439.88,\N,\N,\N,\N,\N,\N,\N,\N,\N,\N,\N,could not convert string to float: N/A,\N
MOS,Basic Industries,Agricultural Chemicals,9320,\N,\N,1,\N,0.11,0.18,0.64,0.29,0.34,\N,\N,\N,2019-07-06 14:35:22
MSI,Technology,Radio And Television Broadcasting And Communicatio,27060,\N,\N,3.73,\N,0.69,1.05,1.43,2.44,0.86,\N,\N,\N,2019-07-06 14:35:36
MOV,Consumer Non-Durables,Consumer Specialties,606.9,\N,\N,0.89,\N,0.35,0.39,1.14,0.74,0.17,\N,\N,\N,2019-07-06 14:35:49
MPLX,Energy,Natural Gas Distribution,25310,\N,\N,4.03,\N,0.61,0.55,0.62,0.52,0.61,\N,\N,\N,2019-07-06 14:36:02
MRC,Capital Goods,Industrial Machinery/Components,1330,\N,\N,0.34,\N,0.13,0.17,0.2,0.04,0.14,\N,\N,\N,2019-07-06 14:36:15
MSA,Health Care,Industrial Specialties,3950,\N,\N,2.97,\N,0.83,0.85,0.86,0.64,0.59,\N,\N,\N,2019-07-06 14:36:29
MSM,Capital Goods,Industrial Machinery/Components,3990,\N,\N,1.23,\N,2.06,1.39,1.29,1.33,1.24,\N,\N,\N,2019-07-06 14:36:44
MSCI,Miscellaneous,Business Services,19540,\N,\N,14.11,\N,1.24,1.28,1.36,1.7,2.08,\N,\N,\N,2019-07-06 14:36:58
MSGN,Consumer Services,Television Services,1540,\N,\N,2.17,\N,0.62,0.6,0.62,0.58,0.72,\N,\N,\N,2019-07-06 14:37:12
MLI,Capital Goods,Metal Fabrications,1600,\N,\N,0.66,\N,0.42,0.58,0.35,0.47,0.28,\N,\N,\N,2019-07-06 14:37:42
MWA,Capital Goods,Metal Fabrications,1560,\N,\N,1.66,\N,0.06,0.1,0.16,-0.13,0.07,\N,\N,\N,2019-07-06 14:37:56
MUR,Energy,Oil & Gas Production,4210,\N,\N,1.55,\N,0.96,0.26,0.54,0.59,0.23,\N,\N,\N,2019-07-06 14:38:10
MUSA,Consumer Durables,Automotive Aftermarket,2730,\N,\N,0.22,\N,1.16,1.58,1.38,2.38,0.16,\N,\N,\N,2019-07-06 14:38:24
MVO,Energy,Oil & Gas Production,91.43,\N,\N,4.87,\N,0.22,0.36,0.42,0.41,0.32,\N,\N,\N,2019-07-06 14:38:38
MYE,Consumer Non-Durables,Plastic Products,659.23,\N,\N,1.21,\N,0.22,0.26,-0.6,0.07,0.19,\N,\N,\N,2019-07-06 14:38:53
MYOV,Health Care,Major Pharmaceuticals,817.36,\N,\N,\N,\N,\N,\N,\N,\N,\N,\N,\N,could not convert string to float: N/A,\N
NBR,Energy,Oil & Gas Production,958.73,\N,\N,0.29,\N,-0.46,-0.61,-0.35,-0.55,-0.36,\N,\N,\N,2019-07-06 14:39:07
NC,Consumer Durables,Consumer Electronics/Appliances,350.38,\N,\N,2.57,\N,1.18,0.92,1.33,1.57,2.15,\N,\N,\N,2019-07-06 14:39:22
NTP,Finance,Real Estate,365.51,\N,\N,355.61,\N,0.07,-0.15,-0.1,-0.16,-0.05,\N,\N,\N,2019-07-06 14:39:36
NBHC,Finance,Major Banks,1110,\N,\N,4.21,\N,0.27,0.56,0.58,0.55,0.6,\N,\N,\N,2019-07-06 14:39:49
NFG,Public Utilities,Oil/Gas Transmission,4700,\N,\N,2.8,\N,1.06,0.73,0.44,1.18,1.04,\N,\N,\N,2019-07-06 14:40:04
NGG,Public Utilities,Natural Gas Distribution,36290,\N,\N,\N,\N,\N,\N,\N,\N,\N,\N,\N,could not convert string to float: N/A,\N
NHI,Consumer Services,Real Estate Investment Trusts,3400,\N,\N,11.76,\N,0.92,0.91,0.97,0.87,0.83,\N,\N,\N,2019-07-06 14:40:18
NOV,Energy,Metal Fabrications,8200,\N,\N,0.98,\N,-0.18,0.06,0,0.03,-0.2,\N,\N,\N,2019-07-06 14:40:31
NPK,Capital Goods,Ordnance And Accessories,656.9,\N,\N,2.15,\N,1.57,1.54,0.91,1.68,0.85,\N,\N,\N,2019-07-06 14:40:44
NNN,Consumer Services,Real Estate Investment Trusts,8770,\N,\N,13.9,\N,0.62,0.4,0.47,0.17,0.44,\N,\N,\N,2019-07-06 14:40:57
SID,Capital Goods,Steel/Iron Ore,5700,\N,\N,\N,\N,\N,\N,\N,\N,\N,\N,\N,could not convert string to float: N/A,\N
NSA,Consumer Services,Real Estate Investment Trusts,1630,\N,\N,4.85,\N,0.09,0.07,0.03,-0.16,0.08,\N,\N,\N,2019-07-06 14:41:12
NGS,Energy,Oilfield Services/Equipment,205.65,\N,\N,3.09,\N,0.02,0.02,0.02,-0.02,0.03,\N,\N,\N,2019-07-06 14:41:26
NGVC,Consumer Services,Food Chains,217.43,\N,\N,0.25,\N,0.15,0.09,0.09,0.1,0.17,\N,\N,\N,2019-07-06 14:41:40
NRP,Energy,Coal Mining,432.21,\N,\N,2.12,\N,1.15,1.75,1.3,2.36,1.75,\N,\N,\N,2019-07-06 14:41:54
NTZ,Consumer Durables,Home Furnishings,24.19,\N,\N,\N,\N,\N,\N,\N,\N,\N,\N,\N,could not convert string to float: N/A,\N
NLS,Consumer Non-Durables,Recreational Products/Toys,65.57,\N,\N,0.17,\N,0.26,0.03,0.14,0.05,-0.29,\N,\N,\N,2019-07-06 14:42:09
NCI,Consumer Services,Professional Services,910.87,\N,\N,1.33,\N,0.25,0.62,1.61,0.14,0.1,\N,\N,\N,2019-07-06 14:42:24
NVGS,Transportation,Marine Transportation,516.45,\N,\N,1.8,\N,0.01,-0.06,0.01,-0.07,-0.06,\N,\N,\N,2019-07-06 14:42:54
NNA,Transportation,Marine Transportation,87.72,\N,\N,0.4,\N,-2.4,-2.25,-2.4,-1.5,0.06,\N,\N,\N,2019-07-06 14:43:09
NM,Transportation,Marine Transportation,45.48,\N,\N,0.11,\N,-3.5,-2.3,-0.4,-17.03,1.22,\N,\N,\N,2019-07-06 14:43:22
NMM,Transportation,Marine Transportation,142.45,\N,\N,\N,\N,\N,\N,\N,\N,\N,\N,\N,'decimal' codec can't encode character u'u2014' in position 0: invalid decimal Unicode string,\N
NAV,Capital Goods,Auto Manufacturing,3310,\N,\N,0.3,\N,0.55,1.71,1.89,0.11,-0.48,\N,\N,\N,2019-07-06 14:43:50
NCR,Miscellaneous,Office Equipment/Supplies/Services,3650,\N,\N,0.58,\N,0.06,-1.33,0.56,-0.51,0.2,\N,\N,\N,2019-07-06 14:44:04
NP,Basic Industries,Paper,1100,\N,\N,1.13,\N,0.95,-0.29,0.7,0.76,0.69,\N,\N,\N,2019-07-06 14:44:19
NNI,Finance,Finance: Consumer Services,2300,\N,\N,2.45,\N,2.78,1.21,1.05,0.53,1.03,\N,\N,\N,2019-07-06 14:44:33
NPTN,Technology,Semiconductors,186.83,\N,\N,0.61,\N,-0.41,-0.24,-0.18,-0.15,-0.3,\N,\N,\N,2019-07-06 14:44:46
NVRO,Health Care,Medical/Dental Instruments,1960,\N,\N,5.06,\N,-0.59,-0.35,-0.37,-0.32,-1.45,\N,\N,\N,2019-07-06 14:45:00
NFC,Finance,Business Services,408.67,\N,\N,\N,\N,\N,\N,\N,\N,\N,\N,\N,could not convert string to float: N/A,\N
NWHM,Capital Goods,Homebuilding,73.78,\N,\N,0.15,\N,-0.03,0.01,0.12,-0.8,-0.1,\N,\N,\N,2019-07-06 14:45:16
NEWM,Consumer Services,Newspapers/Magazines,560.51,\N,\N,0.36,\N,-0.01,0.2,-0.1,0.22,-0.15,\N,\N,\N,2019-07-06 14:45:32
EDU,Consumer Services,Other Consumer Services,14460,\N,\N,5.14,\N,0.43,0.41,0.77,-0.16,0.61,\N,\N,\N,2019-07-06 14:45:46
NEWR,Technology,Computer Software: Prepackaged Software,5170,\N,\N,11.09,\N,-0.13,-0.1,-0.15,-0.18,-0.3,\N,\N,\N,2019-07-06 14:46:01
NRZ,Consumer Services,Real Estate Investment Trusts,6500,\N,\N,5.26,\N,1.81,0.51,0.54,-0.05,0.37,\N,\N,\N,2019-07-06 14:46:15
SNR,Consumer Services,Real Estate Investment Trusts,571.36,\N,\N,1.2,\N,-0.16,-0.48,-0.25,-1.05,-0.14,\N,\N,\N,2019-07-06 14:46:30
NYCB,Finance,Banks,4580,\N,\N,4.39,\N,0.2,0.2,0.2,0.19,0.19,\N,\N,\N,2019-07-06 14:46:44
NYT,Consumer Services,Newspapers/Magazines,5350,\N,\N,3.29,\N,0.13,0.14,0.15,0.33,0.18,\N,\N,\N,2019-07-06 14:46:58
NJR,Public Utilities,Oil/Gas Transmission,4520,\N,\N,1.56,\N,1.59,-0.16,-0.18,0.97,0.82,\N,\N,\N,2019-07-06 14:47:13
NEU,Basic Industries,Major Chemicals,4440,\N,\N,2.01,\N,5.14,4.53,5.12,5.58,5.57,\N,\N,\N,2019-07-06 14:47:27
NEM,Basic Industries,Precious Metals,31210,\N,\N,4.35,\N,0.36,0.54,-0.27,0,0.16,\N,\N,\N,2019-07-06 14:47:41
NR,Energy,Metal Fabrications,629.92,\N,\N,0.7,\N,0.08,0.12,0.04,0.11,0.01,\N,\N,\N,2019-07-06 14:47:55
NEXA,Basic Industries,Precious Metals,1330,\N,\N,0.53,\N,0.41,-0.3,0.06,0.39,-0.11,\N,\N,\N,2019-07-06 14:48:09
NXRT,Consumer Services,Real Estate Investment Trusts,959.44,\N,\N,6.62,\N,0.47,-0.08,-0.25,-0.23,-0.19,\N,\N,\N,2019-07-06 14:48:22
NEP,Public Utilities,Electric Utilities: Central,2740,\N,\N,3.73,\N,1.21,1.43,0.58,-0.42,-0.38,\N,\N,\N,2019-07-06 14:48:52
NEE,Public Utilities,Electric Utilities: Central,98770,\N,\N,5.88,\N,9.32,1.64,2.1,0.88,1.41,\N,\N,\N,2019-07-06 14:49:07
NGL,Energy,Oil Refining/Marketing,1760,\N,\N,0.08,\N,0.71,-1.55,2.7,0.64,0.19,\N,\N,\N,2019-07-06 14:49:21
NLSN,Miscellaneous,Business Services,7820,\N,\N,1.27,\N,0.2,0.2,0.27,-2.68,0.12,\N,\N,\N,2019-07-06 14:49:34
NKE,Consumer Non-Durables,Shoe Manufacturing,129860,\N,\N,3.49,\N,-0.57,0.69,0.67,0.52,0.68,\N,\N,\N,2019-07-06 14:49:48
NINE,Energy,Oilfield Services/Equipment,515.88,\N,\N,0.52,\N,0.08,0.37,0.56,-2.78,0.59,\N,\N,\N,2019-07-06 14:50:02
NIO,Capital Goods,Auto Manufacturing,2730,\N,\N,\N,\N,\N,\N,\N,\N,\N,\N,\N,could not convert string to float: N/A,\N
NI,Public Utilities,Power Generation,10950,\N,\N,2.1,\N,0.81,0.07,-0.95,-0.05,0.55,\N,\N,\N,2019-07-06 14:50:19
NL,Basic Industries,Major Chemicals,181.27,\N,\N,1.45,\N,0.29,-0.87,-0.32,0.06,0.31,\N,\N,\N,2019-07-06 14:50:33
NOAH,Finance,Investment Managers,2410,\N,\N,\N,\N,\N,\N,\N,\N,\N,\N,\N,could not convert string to float: N/A,\N
NE,Energy,Oil & Gas Production,408.61,\N,\N,0.39,\N,-0.58,-2.55,-0.33,-0.13,-0.29,\N,\N,\N,2019-07-06 14:50:48
NBL,Energy,Oil & Gas Production,10130,\N,\N,2.19,\N,1.14,-0.05,0.47,-1.72,-0.65,\N,\N,\N,2019-07-06 14:51:02
NBLX,Energy,Natural Gas Distribution,1270,\N,\N,2.47,\N,0.97,0.9,1.09,1,1.01,\N,\N,\N,2019-07-06 14:51:20
NOK,Technology,Radio And Television Broadcasting And Communicatio,27940,\N,\N,\N,\N,\N,\N,\N,\N,\N,\N,\N,could not convert string to float: N/A,\N
NOMD,Consumer Non-Durables,Packaged Foods,4000,\N,\N,\N,\N,\N,\N,\N,\N,\N,\N,\N,could not convert string to float: N/A,\N
NMR,Finance,Investment Bankers/Brokers/Service,11520,\N,\N,\N,\N,\N,\N,\N,\N,\N,\N,\N,could not convert string to float: N/A,\N
OSB,Basic Industries,Forest Products,1940,\N,\N,0.87,\N,1.09,2,1.49,-0.32,0.01,\N,\N,\N,2019-07-06 14:51:36
NAT,Consumer Services,Marine Transportation,306.65,\N,\N,1.02,\N,-0.13,-0.19,-0.27,-0.07,0.04,\N,\N,\N,2019-07-06 14:51:51
JWN,Consumer Services,Clothing/Shoe/Accessory Stores,5070,\N,\N,0.31,\N,0.51,0.95,0.39,1.48,0.23,\N,\N,\N,2019-07-06 14:52:04
NSC,Transportation,Railroads,51130,\N,\N,4.61,\N,1.93,2.5,2.52,2.57,2.51,\N,\N,\N,2019-07-06 14:52:18
NOA,Energy,Oilfield Services/Equipment,282.58,\N,\N,\N,\N,\N,\N,\N,\N,\N,\N,\N,could not convert string to float: N/A,\N
NRT,Energy,Oil & Gas Production,61.3,\N,\N,8.47,\N,0.2,0.19,0.14,0.22,0.22,\N,\N,\N,2019-07-06 14:52:32
NOC,Capital Goods,Industrial Machinery/Components,54530,\N,\N,1.75,\N,4.21,3.93,6.54,3.81,5.06,\N,\N,\N,2019-07-06 14:52:45
NRE,Consumer Services,Real Estate Investment Trusts,790.93,\N,\N,8.02,\N,-0.02,0.66,0.01,3.34,0.22,\N,\N,\N,2019-07-06 14:52:59
NWN,Public Utilities,Oil/Gas Transmission,2010,\N,\N,2.78,\N,1.44,-0.03,-0.41,1.24,1.49,\N,\N,\N,2019-07-06 14:53:13
NWE,Public Utilities,Power Generation,3680,\N,\N,3,\N,1.18,0.87,0.56,1.31,1.44,\N,\N,\N,2019-07-06 14:53:43
NCLH,Consumer Services,Marine Transportation,10960,\N,\N,1.81,\N,0.45,1.01,2.11,0.7,0.54,\N,\N,\N,2019-07-06 14:53:58
NVS,Health Care,Major Pharmaceuticals,211920,\N,\N,3.88,\N,0.86,3.31,0.7,0.51,0.76,\N,\N,\N,2019-07-06 14:54:12
NVO,Health Care,Major Pharmaceuticals,121540,\N,\N,\N,\N,\N,\N,\N,\N,\N,\N,\N,could not convert string to float: N/A,\N
DNOW,Energy,Metal Fabrications,1520,\N,\N,0.51,\N,0.02,0.12,0.18,0.14,0.16,\N,\N,\N,2019-07-06 14:54:27
NRG,Public Utilities,Electric Utilities: Central,9390,\N,\N,1.01,\N,0.87,0.23,-0.24,-0.03,1.72,\N,\N,\N,2019-07-06 14:54:41
NUS,Health Care,Other Pharmaceuticals,2670,\N,\N,0.97,\N,0.64,0.9,0.94,-0.32,0.77,\N,\N,\N,2019-07-06 14:54:56
NUE,Basic Industries,Steel/Iron Ore,16550,\N,\N,0.66,\N,1.1,2.13,2.13,2.07,1.63,\N,\N,\N,2019-07-06 14:55:11
NS,Energy,Natural Gas Distribution,2800,\N,\N,1.5,\N,1.15,0.15,-3.49,-0.31,-2.91,\N,\N,\N,2019-07-06 14:55:25
NTR,Basic Industries,Agricultural Chemicals,31390,\N,\N,1.65,\N,0,2.24,-1.7,5.22,0.07,\N,\N,\N,2019-07-06 14:55:39
NVT,Technology,Industrial Machinery/Components,4270,\N,\N,\N,\N,\N,\N,\N,\N,\N,\N,\N,'decimal' codec can't encode character u'u2014' in position 0: invalid decimal Unicode string,\N
NVR,Capital Goods,Homebuilding,11750,\N,\N,1.64,\N,39.34,49.05,48.28,58.57,47.64,\N,\N,\N,2019-07-06 14:56:07
OAK,Finance,Investment Managers,8020,\N,\N,6.2,\N,0.78,0.44,0.74,1.04,0.66,\N,\N,\N,2019-07-06 14:56:20
OMP,Energy,Oil & Gas Production,691.11,\N,\N,2.5,\N,0.36,0.45,0.45,0.54,0.63,\N,\N,\N,2019-07-06 14:56:35
OAS,Energy,Oil & Gas Production,1760,\N,\N,0.73,\N,0,-1.02,0.2,0.7,-0.37,\N,\N,\N,2019-07-06 14:56:48
OBE,Energy,Oil & Gas Production,85.39,\N,\N,\N,\N,\N,\N,\N,\N,\N,\N,\N,could not convert string to float: N/A,\N
OXY,Energy,Oil & Gas Production,36950,\N,\N,2.04,\N,0.92,1.1,2.44,0.93,0.84,\N,\N,\N,2019-07-06 14:57:03
OII,Energy,Oilfield Services/Equipment,1880,\N,\N,0.99,\N,-0.5,-0.34,-0.67,-0.65,-0.25,\N,\N,\N,2019-07-06 14:57:17
OZM,Finance,Investment Managers,1070,\N,\N,2.41,\N,0.2,-0.6,-0.8,-0.05,1.73,\N,\N,\N,2019-07-06 14:57:31
OCN,Finance,Finance: Consumer Services,243.33,\N,\N,0.26,\N,0.02,-0.22,-0.31,-0.02,-0.33,\N,\N,\N,2019-07-06 14:57:44
OFG,Finance,Major Banks,1050,\N,\N,3.58,\N,0.3,0.35,0.42,0.45,0.42,\N,\N,\N,2019-07-06 14:57:59
OGE,Public Utilities,Electric Utilities: Central,8640,\N,\N,3.85,\N,0.27,0.55,1.02,0.27,0.24,\N,\N,\N,2019-07-06 14:58:13
OIS,Energy,Metal Fabrications,1080,\N,\N,0.93,\N,-0.06,0.05,-0.07,-0.24,-0.25,\N,\N,\N,2019-07-06 14:58:29
ODC,Consumer Durables,Miscellaneous manufacturing industries,229.44,\N,\N,0.96,\N,0.48,0.36,0.12,0.3,0.74,\N,\N,\N,2019-07-06 14:58:42
ORI,Finance,Property-Casualty Insurers,6860,\N,\N,1.07,\N,0.01,0.66,0.92,-0.36,1.37,\N,\N,\N,2019-07-06 14:58:56
OLN,Basic Industries,Major Chemicals,3530,\N,\N,0.53,\N,0.12,0.35,1.16,0.32,0.25,\N,\N,\N,2019-07-06 14:59:26
OHI,Consumer Services,Real Estate Investment Trusts,7950,\N,\N,9.15,\N,0.42,0.39,0.28,0.31,0.34,\N,\N,\N,2019-07-06 14:59:41
OMC,Technology,Advertising,17680,\N,\N,1.23,\N,1.14,1.6,1.32,1.77,1.17,\N,\N,\N,2019-07-06 14:59:55
OMN,Basic Industries,Specialty Chemicals,253.37,\N,\N,0.59,\N,0.19,-0.04,0.15,-0.1,0.12,\N,\N,\N,2019-07-06 15:00:10
ONDK,Finance,Finance: Consumer Services,304.43,\N,\N,1.42,\N,-0.03,0.07,0.12,0.18,0.07,\N,\N,\N,2019-07-06 15:00:25
OGS,Public Utilities,Oil/Gas Transmission,4850,\N,\N,2.91,\N,1.72,0.39,0.31,0.84,1.76,\N,\N,\N,2019-07-06 15:00:40
OLP,Consumer Services,Real Estate Investment Trusts,577.95,\N,\N,7.08,\N,0.3,0.23,0.52,-0.01,0.19,\N,\N,\N,2019-07-06 15:00:54
OMF,Finance,Finance: Consumer Services,4300,\N,\N,1.99,\N,0.91,0.05,1.09,1.24,1.11,\N,\N,\N,2019-07-06 15:01:09
OKE,Public Utilities,Oil & Gas Production,27540,\N,\N,2.36,\N,0.64,0.68,0.75,0.71,0.81,\N,\N,\N,2019-07-06 15:01:23
ONE,Consumer Services,Other Consumer Services,1270,\N,\N,\N,\N,\N,\N,\N,\N,\N,\N,\N,could not convert string to float: N/A,\N
OOMA,Technology,EDP Services,210.31,\N,\N,1.68,\N,-0.19,-0.2,-0.18,-0.17,-0.23,\N,\N,\N,2019-07-06 15:01:39
OPY,Finance,Investment Bankers/Brokers/Service,344.07,\N,\N,0.39,\N,0.48,0.63,0.36,0.59,0.81,\N,\N,\N,2019-07-06 15:01:53
ORCL,Technology,Computer Software: Prepackaged Software,187040,\N,\N,5.01,\N,0.82,0.57,0.61,0.76,1.07,\N,\N,\N,2019-07-06 15:02:07
ORAN,Public Utilities,Telecommunications Equipment,41690,\N,\N,\N,\N,\N,\N,\N,\N,\N,\N,\N,could not convert string to float: N/A,\N
ORC,Consumer Services,Real Estate Investment Trusts,339.78,\N,\N,-53.41,\N,-0.31,0.03,-0.06,-0.52,0.22,\N,\N,\N,2019-07-06 15:02:21
OEC,Basic Industries,Major Chemicals,1190,\N,\N,0.78,\N,0.4,0.87,0.4,0.33,0.31,\N,\N,\N,2019-07-06 15:02:34
ORN,Basic Industries,Military/Government/Technical,67.15,\N,\N,0.17,\N,0.14,0.08,-0.22,-3.32,-0.27,\N,\N,\N,2019-07-06 15:02:50
IX,Finance,Diversified Financial Services,18930,\N,\N,\N,\N,\N,\N,\N,\N,\N,\N,\N,could not convert string to float: N/A,\N
ORA,Public Utilities,Electric Utilities: Central,3160,\N,\N,4.39,\N,1.36,-0.01,0.21,0.36,0.51,\N,\N,\N,2019-07-06 15:03:04
OSK,Capital Goods,Auto Manufacturing,5740,\N,\N,0.73,\N,1.47,2.05,2.05,1.51,1.82,\N,\N,\N,2019-07-06 15:03:18
OR,Basic Industries,Precious Metals,1680,\N,\N,\N,\N,\N,\N,\N,\N,\N,\N,\N,could not convert string to float: N/A,\N
OUT,Consumer Services,Real Estate Investment Trusts,3660,\N,\N,2.27,\N,0.06,-0.04,0.33,0.4,0.04,\N,\N,\N,2019-07-06 15:03:32
OSG,Transportation,Marine Transportation,145.85,\N,\N,0.48,\N,0.04,0.03,0.13,-0.05,0.04,\N,\N,\N,2019-07-06 15:03:46
OMI,Health Care,Medical Specialities,190.7,\N,\N,0.02,\N,0.13,-3.07,-0.01,-4.37,-0.23,\N,\N,\N,2019-07-06 15:03:59
OC,Capital Goods,Industrial Machinery/Components,5520,\N,\N,0.89,\N,0.82,1.08,1.45,1.55,0.4,\N,\N,\N,2019-07-06 15:04:13
OI,Consumer Durables,Containers/Packaging,2600,\N,\N,0.4,\N,0.59,0.31,0.75,-0.06,0.51,\N,\N,\N,2019-07-06 15:04:42
OXM,Consumer Non-Durables,Apparel,1260,\N,\N,1.11,\N,1.23,1.61,0.11,0.99,1.29,\N,\N,\N,2019-07-06 15:04:56
ROYT,Energy,Oil & Gas Production,82.18,\N,\N,6.83,\N,0.08,0.04,0.12,0.09,0.05,\N,\N,\N,2019-07-06 15:05:11
PACD,Energy,Oil & Gas Production,976.05,\N,\N,\N,\N,\N,\N,\N,\N,\N,\N,\N,'decimal' codec can't encode character u'u2014' in position 0: invalid decimal Unicode string,\N
PCG,Public Utilities,Power Generation,11430,\N,\N,0.69,\N,0.86,-1.91,1.09,-13.29,0.25,\N,\N,\N,2019-07-06 15:05:38
PKG,Consumer Durables,Containers/Packaging,8740,\N,\N,1.34,\N,1.48,1.97,2.18,2.16,1.97,\N,\N,\N,2019-07-06 15:05:53
PD,Technology,Computer Software: Prepackaged Software,3620,\N,\N,\N,\N,\N,\N,\N,\N,\N,\N,\N,'decimal' codec can't encode character u'u2014' in position 0: invalid decimal Unicode string,\N
PAGS,Technology,EDP Services,12160,\N,\N,\N,\N,\N,\N,\N,\N,\N,\N,\N,could not convert string to float: N/A,\N
PANW,Technology,Computer peripheral equipment,19050,\N,\N,7.3,\N,-0.51,-0.02,-0.41,-0.03,-0.21,\N,\N,\N,2019-07-06 15:06:21
PAM,Public Utilities,Electric Utilities: Central,2400,\N,\N,\N,\N,\N,\N,\N,\N,\N,\N,\N,could not convert string to float: N/A,\N
PHX,Energy,Oil & Gas Production,219.36,\N,\N,4.69,\N,0.06,-0.05,0.03,0.75,-0.11,\N,\N,\N,2019-07-06 15:06:37
PARR,Energy,Oil & Gas Production,966.23,\N,\N,0.28,\N,0.33,0.35,-0.13,0.3,1.14,\N,\N,\N,2019-07-06 15:06:51
PAR,Miscellaneous,Office Equipment/Supplies/Services,453.94,\N,\N,2.24,\N,0,-0.08,-1.04,-0.38,-0.17,\N,\N,\N,2019-07-06 15:07:06
PGRE,Consumer Services,Real Estate Investment Trusts,3330,\N,\N,4.35,\N,0,-0.14,0.16,0.02,0.02,\N,\N,\N,2019-07-06 15:07:19
PKE,Technology,Electrical Products,322.34,\N,\N,6.73,\N,0.89,0.16,0.13,0.18,5.07,\N,\N,\N,2019-07-06 15:07:34
PK,Consumer Services,Hotels/Resorts,5550,\N,\N,2.06,\N,0.71,1.07,0.26,0.27,0.48,\N,\N,\N,2019-07-06 15:07:48
PKD,Energy,Oil & Gas Production,284.35,\N,\N,0.54,\N,-3.15,-2.56,-7.7,-4.6,-9.63,\N,\N,\N,2019-07-06 15:08:03
PH,Capital Goods,Metal Fabrications,21630,\N,\N,1.48,\N,2.7,2.62,2.79,2.36,3.14,\N,\N,\N,2019-07-06 15:08:18
PE,Energy,Oil & Gas Production,5770,\N,\N,3.14,\N,0.32,0.44,0.41,0.19,-0.09,\N,\N,\N,2019-07-06 15:08:32
PSN,Technology,EDP Services,3650,\N,\N,\N,\N,\N,\N,\N,\N,\N,\N,\N,could not convert string to float: ,\N
PRTY,Consumer Services,Other Specialty Stores,620.89,\N,\N,0.27,\N,-0.01,0.29,-0.03,1.02,-0.32,\N,\N,\N,2019-07-06 15:09:01
PAYC,Technology,Computer Software: Prepackaged Software,12780,\N,\N,22.86,\N,0.7,0.61,0.49,0.54,0.81,\N,\N,\N,2019-07-06 15:09:15
PBF,Energy,Integrated oil Companies,3330,\N,\N,0.13,\N,0.27,2.37,1.5,-2.97,1.89,\N,\N,\N,2019-07-06 15:09:28
PBFX,Energy,Natural Gas Distribution,1280,\N,\N,4.37,\N,0.43,0.39,0.42,0.48,0.35,\N,\N,\N,2019-07-06 15:09:41
BTU,Energy,Coal Mining,2440,\N,\N,0.47,\N,0.82,0.9,0.59,2.2,1.12,\N,\N,\N,2019-07-06 15:09:54
PSO,Consumer Services,Books,8030,\N,\N,\N,\N,\N,\N,\N,\N,\N,\N,\N,could not convert string to float: N/A,\N
PEB,Consumer Services,Real Estate Investment Trusts,3580,\N,\N,3.68,\N,0.29,0.78,0.37,-1.16,-0.02,\N,\N,\N,2019-07-06 15:10:24
PBA,Energy,Oil & Gas Production,18600,\N,\N,\N,\N,\N,\N,\N,\N,\N,\N,\N,could not convert string to float: N/A,\N
PEI,Consumer Services,Real Estate Investment Trusts,461.98,\N,\N,1.39,\N,-0.15,-0.51,-0.11,-1.23,-0.3,\N,\N,\N,2019-07-06 15:10:40
PFSI,Finance,Finance: Consumer Services,1730,\N,\N,1.35,\N,0.67,0.7,0.57,0.63,0.58,\N,\N,\N,2019-07-06 15:10:55
PMT,Consumer Services,Real Estate Investment Trusts,1640,\N,\N,4.26,\N,0.35,0.47,0.62,0.55,0.68,\N,\N,\N,2019-07-06 15:11:09
PAG,Consumer Durables,Automotive Aftermarket,3850,\N,\N,0.18,\N,1.26,1.58,1.53,1.16,1.19,\N,\N,\N,2019-07-06 15:11:23
PNR,Technology,Industrial Machinery/Components,6270,\N,\N,2.25,\N,0.57,0.23,0.63,0.53,0.3,\N,\N,\N,2019-07-06 15:11:37
PEN,Health Care,Medical/Dental Instruments,5800,\N,\N,12.01,\N,0.15,0.37,-0.55,0.18,0.3,\N,\N,\N,2019-07-06 15:11:51
PFGC,Consumer Non-Durables,Food Distributors,4190,\N,\N,0.24,\N,0.32,0.61,0.27,0.41,0.31,\N,\N,\N,2019-07-06 15:12:06
PKI,Capital Goods,Biotechnology: Laboratory Analytical Instruments,10480,\N,\N,3.92,\N,0.23,0.57,0.69,0.64,0.32,\N,\N,\N,2019-07-06 15:12:21
PBT,Energy,Oil & Gas Production,268,\N,\N,9.99,\N,0.2,0.15,0.15,0.16,0.09,\N,\N,\N,2019-07-06 15:12:34
PVL,Energy,Oil & Gas Production,90.26,\N,\N,6.4,\N,0.07,0.13,0.15,0.08,0.03,\N,\N,\N,2019-07-06 15:12:48
PRT,Energy,Oil & Gas Production,99.52,\N,\N,\N,\N,\N,\N,\N,\N,\N,\N,\N,'decimal' codec can't encode character u'u2014' in position 0: invalid decimal Unicode string,\N
PRGO,Health Care,Major Pharmaceuticals,6190,\N,\N,1.45,\N,0.57,0.26,-0.49,0.59,0.47,\N,\N,\N,2019-07-06 15:13:15
PRSP,Technology,EDP Services,3840,\N,\N,\N,\N,\N,\N,\N,\N,\N,\N,\N,'decimal' codec can't encode character u'u2014' in position 0: invalid decimal Unicode string,\N
PTR,Energy,Oil & Gas Production,101080,\N,\N,\N,\N,\N,\N,\N,\N,\N,\N,\N,could not convert string to float: N/A,\N
PBR,Energy,Oil & Gas Production,104230,\N,\N,\N,\N,\N,\N,\N,\N,\N,\N,\N,could not convert string to float: N/A,\N
PFE,Health Care,Major Pharmaceuticals,243300,\N,\N,4.53,\N,0.59,0.65,0.69,-0.07,0.68,\N,\N,\N,2019-07-06 15:13:44
PGTI,Capital Goods,Building Products,927.14,\N,\N,1.36,\N,0.14,0.43,0.26,0.18,0.14,\N,\N,\N,2019-07-06 15:13:59
PM,Consumer Non-Durables,Farming/Seeds/Milling,122630,\N,\N,4.23,\N,1,1.41,1.44,1.23,0.87,\N,\N,\N,2019-07-06 15:14:12
PSX,Energy,Integrated oil Companies,40740,\N,\N,0.4,\N,1.07,2.84,3.18,4.82,0.44,\N,\N,\N,2019-07-06 15:14:27
PSXP,Energy,Natural Gas Distribution,6150,\N,\N,5.74,\N,0.87,0.94,1.1,1.09,0.92,\N,\N,\N,2019-07-06 15:14:39
FENG,Consumer Services,Broadcasting,261.28,\N,\N,\N,\N,\N,\N,\N,\N,\N,\N,\N,could not convert string to float: N/A,\N
DOC,Consumer Services,Real Estate Investment Trusts,3280,\N,\N,7.57,\N,0.06,0.06,0.12,0.06,0.06,\N,\N,\N,2019-07-06 15:14:55
PDM,Consumer Services,Building operators,2520,\N,\N,4.82,\N,0.42,0.09,0.13,0.35,0.4,\N,\N,\N,2019-07-06 15:15:23
PIR,Consumer Services,Home Furnishings,36.8,\N,\N,0.02,\N,3.6,-7.2,-12.6,-12.4,-17,\N,\N,\N,2019-07-06 15:15:39
PNW,Public Utilities,Electric Utilities: Central,10850,\N,\N,2.86,\N,0.03,1.48,2.8,0.23,0.16,\N,\N,\N,2019-07-06 15:15:52
PINS,Technology,Computer Software: Programming\, Data Processing,14180,\N,\N,\N,\N,\N,\N,\N,\N,\N,\N,\N,could not convert string to float: ,\N
PES,Energy,Oil & Gas Production,19.77,\N,\N,0.03,\N,-0.14,-0.23,-0.07,-0.19,-0.19,\N,\N,\N,2019-07-06 15:16:18
PXD,Energy,Oil & Gas Production,24960,\N,\N,2.66,\N,1.04,0.38,2.39,1.89,2.06,\N,\N,\N,2019-07-06 15:16:32
PJC,Finance,Investment Bankers/Brokers/Service,1020,\N,\N,1.32,\N,0.47,0.43,1.43,1.21,1.32,\N,\N,\N,2019-07-06 15:16:47
PBI,Miscellaneous,Office Equipment/Supplies/Services,715.67,\N,\N,0.23,\N,0.28,0.26,0.41,0.24,-0.01,\N,\N,\N,2019-07-06 15:17:01
PVT,Finance,Business Services,293.83,\N,\N,\N,\N,\N,\N,\N,\N,\N,\N,\N,could not convert string to float: N/A,\N
PVTL,Technology,Computer Software: Prepackaged Software,2960,\N,\N,4.18,\N,-0.31,-0.14,-0.13,-0.15,-0.12,\N,\N,\N,2019-07-06 15:17:16
PJT,Finance,Investment Managers,962.29,\N,\N,1.69,\N,0.24,0.3,0.33,0.22,0.04,\N,\N,\N,2019-07-06 15:17:30
PAA,Energy,Natural Gas Distribution,17360,\N,\N,0.53,\N,0.33,0.07,0.87,1.38,1.2,\N,\N,\N,2019-07-06 15:17:44
PAGP,Energy,Natural Gas Distribution,3850,\N,\N,0.12,\N,0.23,0.05,0.7,1.12,0.92,\N,\N,\N,2019-07-06 15:17:59
PLNT,Consumer Services,Hotels/Resorts,6630,\N,\N,12.74,\N,0.23,0.29,0.2,0.29,0.32,\N,\N,\N,2019-07-06 15:18:14
PLT,Public Utilities,Telecommunications Equipment,1400,\N,\N,0.89,\N,0.29,0.42,-2.21,-1.06,-0.55,\N,\N,\N,2019-07-06 15:18:27
AGS,Consumer Durables,Miscellaneous manufacturing industries,662.89,\N,\N,2.48,\N,-0.3,-0.15,0.12,-0.29,0,\N,\N,\N,2019-07-06 15:18:41
PHI,Public Utilities,Telecommunications Equipment,5400,\N,\N,\N,\N,\N,\N,\N,\N,\N,\N,\N,could not convert string to float: N/A,\N
PNC,Finance,Major Banks,60200,\N,\N,3.8,\N,2.43,2.72,2.82,2.75,2.61,\N,\N,\N,2019-07-06 15:18:56
PNM,Public Utilities,Electric Utilities: Central,4120,\N,\N,2.77,\N,0.19,0.48,1.09,-0.69,0.23,\N,\N,\N,2019-07-06 15:19:10
PII,Capital Goods,Industrial Specialties,5320,\N,\N,0.81,\N,0.85,1.43,1.5,1.47,0.78,\N,\N,\N,2019-07-06 15:19:24
POL,Basic Industries,Major Chemicals,2280,\N,\N,0.68,\N,0.58,0.63,0.62,0.14,0.49,\N,\N,\N,2019-07-06 15:19:38
POR,Public Utilities,Electric Utilities: Central,4920,\N,\N,2.37,\N,0.72,0.51,0.59,0.55,0.82,\N,\N,\N,2019-07-06 15:19:53
PKX,Basic Industries,Steel/Iron Ore,18520,\N,\N,\N,\N,\N,\N,\N,\N,\N,\N,\N,could not convert string to float: N/A,\N
POST,Consumer Non-Durables,Packaged Foods,7600,\N,\N,1.31,\N,1.2,1.29,-0.26,1.67,0.58,\N,\N,\N,2019-07-06 15:20:07
PSTL,Consumer Services,Real Estate Investment Trusts,77.62,\N,\N,\N,\N,\N,\N,\N,\N,\N,\N,\N,could not convert string to float: ,\N
PPDF,Finance,Finance: Consumer Services,1260,\N,\N,\N,\N,\N,\N,\N,\N,\N,\N,\N,could not convert string to float: N/A,\N
PPG,Basic Industries,Paints/Coatings,27450,\N,\N,1.83,\N,1.33,1.51,1.55,1.08,1.31,\N,\N,\N,2019-07-06 15:20:53
PPL,Public Utilities,Electric Utilities: Central,22680,\N,\N,2.89,\N,0.65,0.73,0.62,0.57,0.64,\N,\N,\N,2019-07-06 15:21:08
PQG,Basic Industries,Major Chemicals,2180,\N,\N,1.4,\N,0,0.12,0.11,0.21,0.02,\N,\N,\N,2019-07-06 15:21:22
PDS,Energy,Oil & Gas Production,537.5,\N,\N,\N,\N,\N,\N,\N,\N,\N,\N,\N,could not convert string to float: N/A,\N
APTS,Consumer Services,Real Estate Investment Trusts,628.66,\N,\N,1.58,\N,-0.14,-0.66,-0.35,0.06,-0.66,\N,\N,\N,2019-07-06 15:21:36
PBH,Health Care,Major Pharmaceuticals,1600,\N,\N,1.66,\N,-0.75,0.65,0.59,0.73,-2.68,\N,\N,\N,2019-07-06 15:21:49
PVG,Basic Industries,Precious Metals,1850,\N,\N,3.91,\N,-0.04,0.17,0.06,0.01,0.02,\N,\N,\N,2019-07-06 15:22:02
PRI,Finance,Life Insurance,5040,\N,\N,2.68,\N,1.46,1.95,1.94,1.99,1.83,\N,\N,\N,2019-07-06 15:22:17
PRA,Finance,Property-Casualty Insurers,1950,\N,\N,2.11,\N,0.22,0.53,0.58,-0.46,0.59,\N,\N,\N,2019-07-06 15:22:30
PG,Basic Industries,Package Goods/Cosmetics,280230,\N,\N,4.23,\N,0.95,0.72,1.22,1.22,1.04,\N,\N,\N,2019-07-06 15:22:45
PGR,Finance,Property-Casualty Insurers,46460,\N,\N,1.45,\N,1.22,1.19,1.57,0.44,1.83,\N,\N,\N,2019-07-06 15:22:59
PLD,Consumer Services,Real Estate Investment Trusts,50320,\N,\N,16.38,\N,0.68,0.62,0.6,0.94,0.55,\N,\N,\N,2019-07-06 15:23:13
PUMP,Energy,Oilfield Services/Equipment,1850,\N,\N,1.1,\N,0.42,0.45,0.53,0.59,0.67,\N,\N,\N,2019-07-06 15:23:26
PRO,Technology,EDP Services,2350,\N,\N,12.11,\N,-0.58,-0.52,-0.44,-0.34,-0.45,\N,\N,\N,2019-07-06 15:23:40
PB,Finance,Major Banks,4460,\N,\N,6.46,\N,1.07,1.17,1.18,1.19,1.18,\N,\N,\N,2019-07-06 15:23:54
PRLB,Capital Goods,Metal Fabrications,2870,\N,\N,6.6,\N,0.66,0.67,0.77,0.71,0.57,\N,\N,\N,2019-07-06 15:24:07
PFS,Finance,Savings Institutions,1580,\N,\N,4.81,\N,0.43,0.3,0.54,0.55,0.48,\N,\N,\N,2019-07-06 15:24:20
PRS,Finance,Life Insurance,578.86,\N,\N,\N,\N,\N,\N,\N,\N,\N,\N,\N,Message: ReferenceError: SRT_stocFund is not defined\
,\N
PRU,Finance,Life Insurance,39900,\N,\N,0.65,\N,3.14,0.46,3.9,2,2.22,\N,\N,\N,2019-07-06 15:24:36
PUK,Finance,Life Insurance,55480,\N,\N,\N,\N,\N,\N,\N,\N,\N,\N,\N,could not convert string to float: N/A,\N
PSB,Consumer Services,Real Estate Investment Trusts,4770,\N,\N,11.35,\N,1.69,2.56,0.92,1.15,0.96,\N,\N,\N,2019-07-06 15:24:50
TLK,Public Utilities,Telecommunications Equipment,28050,\N,\N,\N,\N,\N,\N,\N,\N,\N,\N,\N,could not convert string to float: N/A,\N
PEG,Public Utilities,Power Generation,30400,\N,\N,3.05,\N,1.1,0.53,0.81,0.39,1.38,\N,\N,\N,2019-07-06 15:25:06
PSA,Consumer Services,Real Estate Investment Trusts,41610,\N,\N,15.09,\N,1.65,2,1.85,3.04,1.73,\N,\N,\N,2019-07-06 15:25:20
PHM,Capital Goods,Homebuilding,8700,\N,\N,0.87,\N,0.59,1.12,1.01,0.84,0.59,\N,\N,\N,2019-07-06 15:25:50
PSTG,Technology,Electronic Components,3980,\N,\N,2.71,\N,-0.29,-0.26,-0.12,-0.11,-0.41,\N,\N,\N,2019-07-06 15:26:04
NEW,Consumer Services,Other Consumer Services,495.95,\N,\N,\N,\N,\N,\N,\N,\N,\N,\N,\N,could not convert string to float: N/A,\N
PVH,Consumer Non-Durables,Apparel,6840,\N,\N,0.72,\N,2.29,2.12,3.15,2.09,1.08,\N,\N,\N,2019-07-06 15:26:20
PYX,Consumer Services,Farming/Seeds/Milling,154.99,\N,\N,0.08,\N,-0.5,-0.08,-6.04,-0.56,-1.1,\N,\N,\N,2019-07-06 15:26:34
PZN,Finance,Investment Managers,578.81,\N,\N,4.02,\N,0.2,0.2,0.22,0.15,0.17,\N,\N,\N,2019-07-06 15:26:48
QTWO,Technology,Computer Software: Prepackaged Software,3500,\N,\N,14.13,\N,-0.14,-0.2,-0.21,-0.27,-0.44,\N,\N,\N,2019-07-06 15:27:02
QEP,Energy,Oil & Gas Production,1460,\N,\N,0.97,\N,-0.22,-1.42,0.03,-2.66,-0.49,\N,\N,\N,2019-07-06 15:27:16
QGEN,Health Care,Biotechnology: Biological Products (No Diagnostic ,9160,\N,\N,6.06,\N,0.14,0.16,0.26,0.26,0.13,\N,\N,\N,2019-07-06 15:27:30
QTS,Consumer Services,Real Estate Investment Trusts,2530,\N,\N,5.65,\N,-0.02,-0.16,-0.25,-0.02,0.2,\N,\N,\N,2019-07-06 15:27:45
QUAD,Miscellaneous,Publishing,287.13,\N,\N,0.09,\N,-0.07,0.18,0.46,-0.42,-0.45,\N,\N,\N,2019-07-06 15:27:59
KWR,Basic Industries,Major Chemicals,2610,\N,\N,3.06,\N,0.95,1.44,1.47,0.58,1.03,\N,\N,\N,2019-07-06 15:28:11
NX,Capital Goods,Metal Fabrications,593.87,\N,\N,0.68,\N,0.12,0.31,0.19,-0.11,-0.73,\N,\N,\N,2019-07-06 15:28:25
PWR,Capital Goods,Engineering & Construction,5400,\N,\N,0.47,\N,0.24,0.48,0.81,0.38,0.82,\N,\N,\N,2019-07-06 15:28:40
QD,Finance,Finance: Consumer Services,2520,\N,\N,\N,\N,\N,\N,\N,\N,\N,\N,\N,could not convert string to float: N/A,\N
DGX,Health Care,Medical Specialities,13580,\N,\N,1.84,\N,1.27,1.57,1.53,0.92,1.2,\N,\N,\N,2019-07-06 15:28:55
QES,Energy,Oilfield Services/Equipment,62.91,\N,\N,0.1,\N,-0.44,0.06,-0.07,-0.05,-0.26,\N,\N,\N,2019-07-06 15:29:09
QHC,Health Care,Hospital/Nursing Management,40.93,\N,\N,0.02,\N,-3.48,-0.92,-1.85,-0.71,-1.33,\N,\N,\N,2019-07-06 15:29:23
QUOT,Consumer Services,Advertising,976.84,\N,\N,2.71,\N,-0.12,-0.05,-0.08,-0.05,-0.14,\N,\N,\N,2019-07-06 15:29:38
RRD,Miscellaneous,Publishing,145.14,\N,\N,0.02,\N,-0.14,-0.18,0.49,-0.32,-0.12,\N,\N,\N,2019-07-06 15:29:51
RMED,Health Care,Medical/Dental Instruments,44.6,\N,\N,\N,\N,\N,\N,\N,\N,\N,\N,\N,'decimal' codec can't encode character u'u2014' in position 0: invalid decimal Unicode string,\N
RDN,Finance,Property-Casualty Insurers,4650,\N,\N,3.73,\N,0.52,0.96,0.66,0.64,0.78,\N,\N,\N,2019-07-06 15:30:20
RL,Consumer Non-Durables,Apparel,8790,\N,\N,1.36,\N,0.5,1.31,2.07,1.48,0.39,\N,\N,\N,2019-07-06 15:30:33
RRC,Energy,Oil & Gas Production,1700,\N,\N,0.47,\N,0.2,-0.32,0.19,-7.15,0.01,\N,\N,\N,2019-07-06 15:30:47
RNGR,Energy,Oilfield Services/Equipment,109.44,\N,\N,0.37,\N,-0.68,-0.08,0.23,0.11,0.21,\N,\N,\N,2019-07-06 15:31:02
PACK,Capital Goods,Containers/Packaging,470.28,\N,\N,\N,\N,\N,\N,\N,\N,\N,\N,\N,could not convert string to float: N/A,\N
RJF,Finance,Investment Bankers/Brokers/Service,11290,\N,\N,1.62,\N,1.63,1.55,1.76,1.69,1.81,\N,\N,\N,2019-07-06 15:31:31
RYAM,Basic Industries,Major Chemicals,303.28,\N,\N,0.15,\N,0.38,0.83,0.6,0.18,-0.52,\N,\N,\N,2019-07-06 15:31:47
RYN,Consumer Services,Real Estate Investment Trusts,3890,\N,\N,5.03,\N,0.31,0.28,0.18,0.02,0.19,\N,\N,\N,2019-07-06 15:32:01
RTN,Capital Goods,Industrial Machinery/Components,50070,\N,\N,1.76,\N,2.19,2.78,2.25,2.93,2.77,\N,\N,\N,2019-07-06 15:32:15
RMAX,Finance,Real Estate,511.44,\N,\N,2.44,\N,0.28,0.43,0.46,0.35,0.25,\N,\N,\N,2019-07-06 15:32:29
RC,Consumer Services,Real Estate Investment Trusts,674.23,\N,\N,3.45,\N,0.56,0.48,0.53,0.3,0.9,\N,\N,\N,2019-07-06 15:32:44
RLGY,Finance,Real Estate,781.22,\N,\N,0.13,\N,-0.51,0.96,0.83,-0.19,-0.87,\N,\N,\N,2019-07-06 15:32:58
O,Consumer Services,Real Estate Investment Trusts,22280,\N,\N,16.24,\N,0.29,0.34,0.34,0.29,0.37,\N,\N,\N,2019-07-06 15:33:11
RHT,Technology,Computer Software: Programming\, Data Processing,33330,\N,\N,9.6,\N,0.59,0.46,0.51,0.75,0.76,\N,\N,\N,2019-07-06 15:33:25
RLH,Consumer Services,Hotels/Resorts,170.58,\N,\N,1.37,\N,0.11,-0.1,0.35,-0.3,-0.17,\N,\N,\N,2019-07-06 15:33:38
RWT,Consumer Services,Real Estate Investment Trusts,1570,\N,\N,7.02,\N,0.5,0.38,0.42,-0.02,0.49,\N,\N,\N,2019-07-06 15:33:52
RBC,Consumer Durables,Metal Fabrications,3420,\N,\N,0.96,\N,1.31,1.5,1.17,1.28,1.99,\N,\N,\N,2019-07-06 15:34:06
RWGE,Finance,Business Services,384.38,\N,\N,\N,\N,\N,\N,\N,\N,\N,\N,\N,could not convert string to float: N/A,\N
RM,Finance,Finance: Consumer Services,292.14,\N,\N,0.98,\N,0.72,0.7,0.61,0.9,0.67,\N,\N,\N,2019-07-06 15:34:21
RF,Finance,Major Banks,14580,\N,\N,2.81,\N,0.35,0.32,0.5,0.37,0.37,\N,\N,\N,2019-07-06 15:34:35
RGS,Consumer Services,Other Consumer Services,636.7,\N,\N,0.62,\N,-0.12,0.1,-0.02,0.15,-0.36,\N,\N,\N,2019-07-06 15:34:50
RGA,Finance,Life Insurance,9480,\N,\N,0.76,\N,1.52,3.13,4.68,1.72,2.65,\N,\N,\N,2019-07-06 15:35:04
RS,Basic Industries,Metal Fabrications,6030,\N,\N,0.54,\N,2.3,3.16,2.03,1.22,2.8,\N,\N,\N,2019-07-06 15:35:17
RELX,Consumer Services,Publishing,48020,\N,\N,\N,\N,\N,\N,\N,\N,\N,\N,\N,could not convert string to float: N/A,\N
RNR,Finance,Property-Casualty Insurers,7950,\N,\N,3.26,\N,1.42,4.78,0.82,-2.1,6.43,\N,\N,\N,2019-07-06 15:35:32
SOL,Technology,Semiconductors,48.36,\N,\N,0.51,\N,0.2,2.24,0.1,-0.1,-0.1,\N,\N,\N,2019-07-06 15:35:47
RENN,Technology,EDP Services,65.3,\N,\N,0.14,\N,-0.6,2.25,-0.45,-0.3,-0.45,\N,\N,\N,2019-07-06 15:36:01
RPLA,Finance,Business Services,351.11,\N,\N,\N,\N,\N,\N,\N,\N,\N,\N,\N,could not convert string to float: N/A,\N
RSG,Public Utilities,Environmental Services,27930,\N,\N,2.79,\N,0.72,0.71,0.81,0.92,0.72,\N,\N,\N,2019-07-06 15:36:17
REZI,Capital Goods,Wholesale Distributors,2530,\N,\N,\N,\N,\N,\N,\N,\N,\N,\N,\N,'decimal' codec can't encode character u'u2014' in position 0: invalid decimal Unicode string,\N
RMD,Health Care,Medical/Dental Instruments,17190,\N,\N,7.06,\N,0.76,0.76,0.73,0.86,0.73,\N,\N,\N,2019-07-06 15:37:01
RFP,Basic Industries,Paper,567.45,\N,\N,0.17,\N,0.11,0.77,1.25,0.38,0.45,\N,\N,\N,2019-07-06 15:37:14
QSR,Consumer Services,Restaurants,17670,\N,\N,3.32,\N,0.59,0.66,0.53,0.64,0.53,\N,\N,\N,2019-07-06 15:37:27
RPAI,Consumer Services,Real Estate Investment Trusts,2490,\N,\N,5.34,\N,0.19,0.05,0.06,0.06,0.11,\N,\N,\N,2019-07-06 15:37:41
RVI,Finance,Real Estate,649.56,\N,\N,\N,\N,\N,\N,\N,\N,\N,\N,\N,'decimal' codec can't encode character u'u2014' in position 0: invalid decimal Unicode string,\N
REVG,Capital Goods,Auto Manufacturing,837.37,\N,\N,0.36,\N,0.11,0.28,-0.35,-0.23,0.09,\N,\N,\N,2019-07-06 15:38:09
REV,Consumer Non-Durables,Package Goods/Cosmetics,1080,\N,\N,0.4,\N,-1.71,-2.32,-0.21,-1.33,-1.42,\N,\N,\N,2019-07-06 15:38:23
REX,Basic Industries,Major Chemicals,426.6,\N,\N,0.96,\N,1.45,1.43,1.86,0.17,0.45,\N,\N,\N,2019-07-06 15:38:37
REXR,Consumer Services,Real Estate Investment Trusts,4210,\N,\N,19.27,\N,0.15,0.06,0.07,0.13,0.08,\N,\N,\N,2019-07-06 15:38:52
RXN,Technology,Industrial Machinery/Components,3030,\N,\N,1.53,\N,-0.65,-0.06,-0.42,0.19,0.39,\N,\N,\N,2019-07-06 15:39:06
RH,Consumer Services,Other Specialty Stores,2040,\N,\N,0.88,\N,1.11,2.33,0.81,1.41,1.43,\N,\N,\N,2019-07-06 15:39:21
RNG,Technology,EDP Services,9110,\N,\N,13.36,\N,-0.03,-0.1,-0.12,-0.07,-0.08,\N,\N,\N,2019-07-06 15:39:35
RIO,Basic Industries,Precious Metals,103310,\N,\N,\N,\N,\N,\N,\N,\N,\N,\N,\N,list index out of range,\N
RBA,Miscellaneous,Business Services,3670,\N,\N,3.03,\N,0.16,0.42,0.21,0.32,0.17,\N,\N,\N,2019-07-06 15:40:04
RAD,Health Care,Medical/Nursing Services,368.73,\N,\N,\N,\N,\N,\N,\N,\N,\N,\N,\N,'decimal' codec can't encode character u'u2014' in position 0: invalid decimal Unicode string,\N
RLI,Finance,Property-Casualty Insurers,3890,\N,\N,4.38,\N,0.27,0.74,0.88,-0.46,1.46,\N,\N,\N,2019-07-06 15:40:33
RLJ,Consumer Services,Real Estate Investment Trusts,3020,\N,\N,1.8,\N,0.1,0.33,0.39,0.12,0.12,\N,\N,\N,2019-07-06 15:40:49
RMG,Finance,Business Services,280.6,\N,\N,\N,\N,\N,\N,\N,\N,\N,\N,\N,could not convert string to float: N/A,\N
RRTS,Transportation,Oil Refining/Marketing,336.62,\N,\N,0.17,\N,-15.25,-27.25,-27,-38,-1.78,\N,\N,\N,2019-07-06 15:41:04
ROAN,Energy,Oil & Gas Production,231.86,\N,\N,0.58,\N,0.86,0.06,-1.97,0.97,-0.38,\N,\N,\N,2019-07-06 15:41:20
RHI,Technology,Professional Services,6580,\N,\N,1.17,\N,0.78,0.89,0.95,0.95,0.93,\N,\N,\N,2019-07-06 15:41:35
ROK,Capital Goods,Industrial Machinery/Components,19080,\N,\N,2.8,\N,1.77,1.58,2.8,0.66,2.88,\N,\N,\N,2019-07-06 15:41:49
RCI,Consumer Services,Television Services,21160,\N,\N,\N,\N,\N,\N,\N,\N,\N,\N,\N,could not convert string to float: N/A,\N
ROG,Basic Industries,Major Chemicals,2900,\N,\N,3.58,\N,1.4,0.93,1.06,1.31,1.52,\N,\N,\N,2019-07-06 15:42:04
ROL,Finance,Diversified Commercial Services,12000,\N,\N,6.61,\N,0.15,0.2,0.21,0.16,0.14,\N,\N,\N,2019-07-06 15:42:33
ROP,Capital Goods,Industrial Machinery/Components,37780,\N,\N,7.4,\N,2.03,2.19,2.37,2.46,3.53,\N,\N,\N,2019-07-06 15:42:47
RST,Technology,Computer Software: Prepackaged Software,530.48,\N,\N,3.14,\N,-0.29,-0.18,-0.31,-0.19,-0.02,\N,\N,\N,2019-07-06 15:43:01
RY,Finance,Commercial Banks,113610,\N,\N,\N,\N,\N,\N,\N,\N,\N,\N,\N,could not convert string to float: N/A,\N
RBS,Finance,Commercial Banks,33490,\N,\N,\N,\N,\N,\N,\N,\N,\N,\N,\N,could not convert string to float: N/A,\N
RCL,Consumer Services,Marine Transportation,24330,\N,\N,2.44,\N,1.02,2.19,3.86,1.5,1.19,\N,\N,\N,2019-07-06 15:43:18
RES,Energy,Oilfield Services/Equipment,1530,\N,\N,0.93,\N,0.24,0.28,0.23,0.06,0,\N,\N,\N,2019-07-06 15:43:32
RPM,Basic Industries,Paints/Coatings,7840,\N,\N,1.48,\N,0.3,0.63,0.52,0.37,0.11,\N,\N,\N,2019-07-06 15:43:46
RPT,Consumer Services,Real Estate Investment Trusts,988.34,\N,\N,3.75,\N,0.07,0.03,0.1,-0.07,0.11,\N,\N,\N,2019-07-06 15:44:00
RTW,Consumer Services,Clothing/Shoe/Accessory Stores,108.37,\N,\N,0.14,\N,0.05,0.05,0.03,-0.06,-0.04,\N,\N,\N,2019-07-06 15:44:14
RTEC,Capital Goods,Industrial Machinery/Components,878.1,\N,\N,3.36,\N,0.47,0.45,0.22,0.26,0.24,\N,\N,\N,2019-07-06 15:44:27
RYB,Consumer Services,Other Consumer Services,193.12,\N,\N,1.18,\N,0.06,0.01,-0.09,0.15,-0.08,\N,\N,\N,2019-07-06 15:44:41
R,Consumer Services,Rental/Leasing Companies,2890,\N,\N,0.34,\N,0.63,0.8,1.68,2.05,0.86,\N,\N,\N,2019-07-06 15:44:55
RYI,Basic Industries,Metal Fabrications,282.62,\N,\N,0.06,\N,0.28,0.46,2.06,0.01,0.78,\N,\N,\N,2019-07-06 15:45:10
RHP,Consumer Services,Real Estate Investment Trusts,4040,\N,\N,3.09,\N,0.53,1.08,0.44,3.09,0.57,\N,\N,\N,2019-07-06 15:45:25
SPGI,Finance,Finance: Consumer Services,56130,\N,\N,9.32,\N,1.93,1.82,1.95,2.03,1.65,\N,\N,\N,2019-07-06 15:45:39
SBR,Energy,Oil & Gas Production,695.87,\N,\N,12.54,\N,0.68,0.86,0.78,1.1,0.88,\N,\N,\N,2019-07-06 15:45:54
SB,Transportation,Marine Transportation,147.83,\N,\N,0.97,\N,0.03,0.01,0.05,0.07,0.03,\N,\N,\N,2019-07-06 15:46:07
SFE,Finance,Finance/Investors Services,247.33,\N,\N,\N,\N,\N,\N,\N,\N,\N,\N,\N,could not convert string to float: N/A,\N
SAFE,Consumer Services,Real Estate,876.58,\N,\N,16.38,\N,0.2,0.09,0.11,0.23,0.36,\N,\N,\N,2019-07-06 15:46:23
SAIL,Technology,Computer Software: Prepackaged Software,1760,\N,\N,6.86,\N,-0.07,-0.07,0.04,0.06,-0.1,\N,\N,\N,2019-07-06 15:46:37
CRM,Technology,Computer Software: Prepackaged Software,115970,\N,\N,8.57,\N,0.46,0.39,0.13,0.46,0.49,\N,\N,\N,2019-07-06 15:46:51
SBH,Consumer Services,Other Specialty Stores,1520,\N,\N,0.39,\N,0.49,0.48,0.46,0.54,0.54,\N,\N,\N,2019-07-06 15:47:07
SJT,Energy,Oil & Gas Production,167.79,\N,\N,8.67,\N,0.13,0.05,0.06,0.14,0.13,\N,\N,\N,2019-07-06 15:47:21
SD,Energy,Oil & Gas Production,219.11,\N,\N,0.76,\N,-1.18,-0.97,0.33,1.55,-0.15,\N,\N,\N,2019-07-06 15:47:34
SDT,Energy,Oil & Gas Production,17.64,\N,\N,2.29,\N,0.04,0.05,0.05,0.04,0.04,\N,\N,\N,2019-07-06 15:48:03
SDR,Energy,Oil & Gas Production,32.53,\N,\N,2.45,\N,0.06,0.06,0.04,0.05,0.04,\N,\N,\N,2019-07-06 15:48:18
PER,Energy,Oil & Gas Production,95.55,\N,\N,3.27,\N,0.11,0.12,0.13,0.12,0.1,\N,\N,\N,2019-07-06 15:48:33
SC,Finance,Finance: Consumer Services,8220,\N,\N,2.27,\N,0.67,0.92,0.64,0.29,0.7,\N,\N,\N,2019-07-06 15:48:46
SAP,Technology,Computer Software: Prepackaged Software,158770,\N,\N,\N,\N,\N,\N,\N,\N,\N,\N,\N,could not convert string to float: N/A,\N
SSL,Energy,Oil & Gas Production,15450,\N,\N,\N,\N,\N,\N,\N,\N,\N,\N,\N,could not convert string to float: N/A,\N
BFS,Consumer Services,Real Estate Investment Trusts,1230,\N,\N,5.6,\N,0.31,0.43,0.45,0.41,0.46,\N,\N,\N,2019-07-06 15:49:03
SLB,Energy,Oilfield Services/Equipment,53440,\N,\N,1.67,\N,0.38,0.31,0.46,0.39,0.3,\N,\N,\N,2019-07-06 15:49:20
SNDR,Transportation,Trucking Freight/Courier Services,1610,\N,\N,0.64,\N,0.27,0.37,0.4,0.48,0.21,\N,\N,\N,2019-07-06 15:49:34
SWM,Basic Industries,Paper,974.34,\N,\N,0.98,\N,0.67,0.83,1.33,0.23,0.56,\N,\N,\N,2019-07-06 15:49:49
SAIC,Technology,EDP Services,5060,\N,\N,1.02,\N,1.13,1.13,1.11,-0.2,0.92,\N,\N,\N,2019-07-06 15:50:03
SALT,Transportation,Marine Transportation,307.66,\N,\N,1.7,\N,-0.08,0.01,-0.01,-0.11,-0.05,\N,\N,\N,2019-07-06 15:50:17
STNG,Transportation,Marine Transportation,1360,\N,\N,2.5,\N,-1,-2.3,-2.3,-0.38,0.3,\N,\N,\N,2019-07-06 15:50:31
SMG,Basic Industries,Agricultural Chemicals,5440,\N,\N,1.92,\N,2.59,1.47,-2.65,-1.44,7.09,\N,\N,\N,2019-07-06 15:50:45
SE,Consumer Services,Other Consumer Services,13820,\N,\N,15.52,\N,-0.64,-0.75,-0.64,-0.81,-1.86,\N,\N,\N,2019-07-06 15:50:59
SA,Basic Industries,Precious Metals,845.71,\N,\N,\N,\N,\N,\N,\N,\N,\N,\N,\N,could not convert string to float: N/A,\N
CKH,Transportation,Marine Transportation,841.24,\N,\N,1.02,\N,0.04,2.14,0.88,-0.26,0.41,\N,\N,\N,2019-07-06 15:51:13
SMHI,Transportation,Marine Transportation,295.94,\N,\N,1.2,\N,-1.64,-1.25,-0.71,-0.35,-1.11,\N,\N,\N,2019-07-06 15:51:27
SDRL,Energy,Oil & Gas Production,355,\N,\N,\N,\N,\N,\N,\N,\N,\N,\N,\N,'decimal' codec can't encode character u'u2014' in position 0: invalid decimal Unicode string,\N
SDLP,Energy,Oil & Gas Production,33.31,\N,\N,0.05,\N,-0.35,13.91,-1.01,-6.44,-2.73,\N,\N,\N,2019-07-06 15:51:55
SEE,Basic Industries,Major Chemicals,6550,\N,\N,1.46,\N,-1.21,0.71,0.5,1.28,0.37,\N,\N,\N,2019-07-06 15:52:09
SSW,Transportation,Marine Transportation,2040,\N,\N,1.9,\N,0.37,0.34,0.36,0.24,1.26,\N,\N,\N,2019-07-06 15:52:23
SEAS,Consumer Services,Services-Misc. Amusement & Recreation,2370,\N,\N,1.83,\N,-0.73,0.26,1.1,-0.13,-0.44,\N,\N,\N,2019-07-06 15:52:37
WTTR,Energy,Oilfield Services/Equipment,1240,\N,\N,0.74,\N,0.15,0.24,0.29,-0.17,0.01,\N,\N,\N,2019-07-06 15:52:51
SEM,Health Care,Hospital/Nursing Management,2110,\N,\N,0.41,\N,0.25,0.35,0.24,0.18,0.3,\N,\N,\N,2019-07-06 15:53:05
SEMG,Energy,Oilfield Services/Equipment,879.77,\N,\N,0.41,\N,-0.48,-0.11,0.03,-0.08,-0.37,\N,\N,\N,2019-07-06 15:53:37
SRE,Public Utilities,Natural Gas Distribution,38550,\N,\N,3.15,\N,1.33,-2.11,0.99,3.03,1.59,\N,\N,\N,2019-07-06 15:53:50
ST,Capital Goods,Industrial Machinery/Components,7740,\N,\N,2.21,\N,0.52,0.61,0.88,1.54,0.52,\N,\N,\N,2019-07-06 15:54:03
SXT,Basic Industries,Major Chemicals,3090,\N,\N,2.3,\N,0.89,0.92,1.12,0.78,0.78,\N,\N,\N,2019-07-06 15:54:18
SQNS,Technology,Semiconductors,83.31,\N,\N,2.5,\N,-0.1,-0.09,-0.1,-0.1,-0.1,\N,\N,\N,2019-07-06 15:54:32
SRG,Finance,Real Estate,1530,\N,\N,12.26,\N,0.26,-0.23,-0.66,-1.57,-0.23,\N,\N,\N,2019-07-06 15:54:46
SCI,Consumer Services,Other Consumer Services,8400,\N,\N,2.7,\N,0.43,0.55,0.37,1.04,0.43,\N,\N,\N,2019-07-06 15:54:59
SERV,Consumer Services,Other Consumer Services,7200,\N,\N,3.67,\N,0.3,0.71,0.52,-1.83,0.51,\N,\N,\N,2019-07-06 15:55:14
NOW,Technology,Computer Software: Prepackaged Software,51080,\N,\N,19.46,\N,0.06,-0.3,0.04,0.04,-0.01,\N,\N,\N,2019-07-06 15:55:27
SHAK,Consumer Services,Restaurants,2480,\N,\N,5.55,\N,0.13,0.26,0.17,-0.03,0.08,\N,\N,\N,2019-07-06 15:55:40
SJR,Consumer Services,Television Services,10020,\N,\N,\N,\N,\N,\N,\N,\N,\N,\N,\N,could not convert string to float: N/A,\N
SHLX,Energy,Natural Gas Distribution,4640,\N,\N,9.05,\N,0.18,0.35,0.5,0.46,0.47,\N,\N,\N,2019-07-06 15:55:55
SHW,Consumer Services,RETAIL: Building Materials,42770,\N,\N,2.44,\N,2.62,4.25,3.72,1.07,2.62,\N,\N,\N,2019-07-06 15:56:10
SHG,Finance,Major Banks,18070,\N,\N,\N,\N,\N,\N,\N,\N,\N,\N,\N,could not convert string to float: N/A,\N
SFL,Transportation,Marine Transportation,1460,\N,\N,3.46,\N,0.24,0.15,0.24,0.03,0.31,\N,\N,\N,2019-07-06 15:56:23
SHOP,Technology,Computer Software: Prepackaged Software,28410,\N,\N,29.85,\N,-0.16,-0.23,-0.22,-0.01,-0.22,\N,\N,\N,2019-07-06 15:56:38
SSTK,Technology,EDP Services,1390,\N,\N,2.13,\N,0.92,-0.01,0.21,0.42,0.21,\N,\N,\N,2019-07-06 15:56:51
SBGL,Basic Industries,Precious Metals,3130,\N,\N,\N,\N,\N,\N,\N,\N,\N,\N,\N,could not convert string to float: N/A,\N
SIG,Consumer Services,Consumer Specialties,875.25,\N,\N,0.15,\N,-8.48,-0.56,-0.74,-2.25,-0.35,\N,\N,\N,2019-07-06 15:57:08
SBOW,Energy,Oil & Gas Production,157.95,\N,\N,0.54,\N,0.72,0.2,0.6,4.82,1.36,\N,\N,\N,2019-07-06 15:57:22
SPG,Consumer Services,Real Estate Investment Trusts,49900,\N,\N,8.95,\N,2,1.77,1.8,2.3,1.78,\N,\N,\N,2019-07-06 15:57:35
SSD,Capital Goods,Industrial Machinery/Components,2890,\N,\N,2.74,\N,0.54,0.94,0.95,0.34,0.5,\N,\N,\N,2019-07-06 15:57:48
SHI,Basic Industries,Major Chemicals,4190,\N,\N,\N,\N,\N,\N,\N,\N,\N,\N,\N,could not convert string to float: N/A,\N
SITC,Consumer Services,Real Estate Investment Trusts,2430,\N,\N,4,\N,-0.34,-0.07,-0.09,0.93,0.15,\N,\N,\N,2019-07-06 15:58:03
SITE,Consumer Non-Durables,Farming/Seeds/Milling,2820,\N,\N,1.32,\N,-0.43,1.48,0.7,-0.05,-0.59,\N,\N,\N,2019-07-06 15:58:18
SIX,Consumer Services,Services-Misc. Amusement & Recreation,4130,\N,\N,3.06,\N,-0.74,0.88,2.16,0.93,-0.82,\N,\N,\N,2019-07-06 15:58:50
SJW,Public Utilities,Water Supply,1730,\N,\N,4.53,\N,0.06,0.62,0.76,0.38,0.21,\N,\N,\N,2019-07-06 15:59:04
SKM,Public Utilities,Telecommunications Equipment,16060,\N,\N,\N,\N,\N,\N,\N,\N,\N,\N,\N,could not convert string to float: N/A,\N
SKX,Consumer Non-Durables,Shoe Manufacturing,4740,\N,\N,1.1,\N,0.75,0.29,0.58,0.31,0.71,\N,\N,\N,2019-07-06 15:59:19
SKY,Basic Industries,Homebuilding,1490,\N,\N,1.13,\N,0.14,-0.02,-1.42,0.19,0.26,\N,\N,\N,2019-07-06 15:59:33
SLG,Consumer Services,Real Estate Investment Trusts,6940,\N,\N,5.58,\N,1.12,1.19,1.03,-0.73,0.52,\N,\N,\N,2019-07-06 15:59:46
WORK,Consumer Services,Other Consumer Services,17760,\N,\N,\N,\N,\N,\N,\N,\N,\N,\N,\N,'decimal' codec can't encode character u'u2014' in position 0: invalid decimal Unicode string,\N
SM,Energy,Oil & Gas Production,1340,\N,\N,0.85,\N,2.81,0.15,-1.21,2.73,-1.58,\N,\N,\N,2019-07-06 16:00:15
SMAR,Technology,Computer Software: Prepackaged Software,4940,\N,\N,27.77,\N,-0.68,-0.12,-0.15,-0.11,-0.19,\N,\N,\N,2019-07-06 16:00:29
SNN,Health Care,Industrial Specialties,18990,\N,\N,3.81,\N,0.36,0.33,0.2,0.23,0.36,\N,\N,\N,2019-07-06 16:00:43
SNAP,Technology,Computer Software: Programming\, Data Processing,19470,\N,\N,16.24,\N,-0.3,-0.27,-0.25,-0.14,-0.23,\N,\N,\N,2019-07-06 16:00:56
SNA,Capital Goods,Industrial Machinery/Components,9090,\N,\N,2.21,\N,2.82,3.12,2.85,3.09,3.16,\N,\N,\N,2019-07-06 16:01:11
IPOA,Finance,Business Services,897,\N,\N,\N,\N,\N,\N,\N,\N,\N,\N,\N,could not convert string to float: N/A,\N
SQM,Basic Industries,Mining & Quarrying of Nonmetallic Minerals (No Fue,7990,\N,\N,3.52,\N,0.39,0.51,0.32,0.41,0.31,\N,\N,\N,2019-07-06 16:01:26
SOGO,Technology,EDP Services,1630,\N,\N,1.37,\N,0.04,0.08,0.06,0.07,-0.01,\N,\N,\N,2019-07-06 16:01:39
SOI,Energy,Metal Fabrications,719.53,\N,\N,3.03,\N,0.23,0.4,0.49,0.47,0.43,\N,\N,\N,2019-07-06 16:01:52
SWI,Technology,Computer Software: Prepackaged Software,5750,\N,\N,\N,\N,\N,\N,\N,\N,\N,\N,\N,'decimal' codec can't encode character u'u2014' in position 0: invalid decimal Unicode string,\N
SAH,Consumer Durables,Automotive Aftermarket,955.1,\N,\N,0.1,\N,-0.05,0.39,0.35,0.51,0.98,\N,\N,\N,2019-07-06 16:02:22
SON,Consumer Durables,Containers/Packaging,6480,\N,\N,1.25,\N,0.73,0.88,0.72,0.77,0.73,\N,\N,\N,2019-07-06 16:02:35
SNE,Consumer Non-Durables,Consumer Electronics/Appliances,65660,\N,\N,\N,\N,\N,\N,\N,\N,\N,\N,\N,could not convert string to float: N/A,\N
BID,Miscellaneous,Business Services,2690,\N,\N,2.69,\N,-0.12,1.08,-0.55,1.72,-0.15,\N,\N,\N,2019-07-06 16:02:49
SJI,Public Utilities,Oil/Gas Transmission,3110,\N,\N,1.8,\N,1.4,-1.12,-0.53,0.55,0.94,\N,\N,\N,2019-07-06 16:03:03
SO,Public Utilities,Electric Utilities: Central,58240,\N,\N,2.6,\N,0.92,-0.15,1.13,0.27,1.99,\N,\N,\N,2019-07-06 16:03:18
SCCO,Basic Industries,Precious Metals,30010,\N,\N,4.21,\N,0.61,0.53,0.48,0.38,0.5,\N,\N,\N,2019-07-06 16:03:31
LUV,Transportation,Air Freight/Delivery Services,27700,\N,\N,1.27,\N,0.79,1.27,1.08,1.17,0.7,\N,\N,\N,2019-07-06 16:03:46
SWX,Public Utilities,Oil & Gas Production,4850,\N,\N,1.67,\N,1.63,0.44,0.25,1.36,1.77,\N,\N,\N,2019-07-06 16:04:15
SWN,Energy,Oil & Gas Production,1640,\N,\N,0.42,\N,0.36,0.09,-0.05,0.54,1.1,\N,\N,\N,2019-07-06 16:04:28
SPAQ,Finance,Business Services,685.17,\N,\N,\N,\N,\N,\N,\N,\N,\N,\N,\N,could not convert string to float: N/A,\N
SPB       ,Miscellaneous,Industrial Machinery/Components,2630,\N,\N,0,\N,-1.12,11.51,-2.31,-2.11,14.07,\N,\N,\N,2019-07-06 16:04:44
TRK,Consumer Services,Services-Misc. Amusement & Recreation,762.03,\N,\N,1.52,\N,-0.07,0.78,0.59,-0.3,0.21,\N,\N,\N,2019-07-06 16:04:58
SR,Public Utilities,Oil/Gas Transmission,4320,\N,\N,2.17,\N,2.03,0.52,-0.51,1.32,3.04,\N,\N,\N,2019-07-06 16:05:13
SPR,Capital Goods,Military/Government/Technical,8430,\N,\N,1.09,\N,1.1,1.31,1.59,1.68,1.55,\N,\N,\N,2019-07-06 16:05:28
SAVE,Transportation,Air Freight/Delivery Services,3210,\N,\N,1,\N,-0.66,0.16,1.42,1.34,0.82,\N,\N,\N,2019-07-06 16:05:43
SMTA,Consumer Services,Real Estate Investment Trusts,372.04,\N,\N,1.53,\N,-0.14,-0.01,-0.18,-5,-0.99,\N,\N,\N,2019-07-06 16:05:57
SRC,Consumer Services,Building operators,4330,\N,\N,10.75,\N,0.3,0.15,0.3,0.6,0.48,\N,\N,\N,2019-07-06 16:06:10
SPOT,Consumer Services,Broadcasting,26050,\N,\N,\N,\N,\N,\N,\N,\N,\N,\N,\N,could not convert string to float: N/A,\N
SRLP,Energy,Oil Refining/Marketing,410.58,\N,\N,0.11,\N,3.21,-0.67,-0.9,1.51,1.4,\N,\N,\N,2019-07-06 16:06:26
S,Public Utilities,Telecommunications Equipment,27940,\N,\N,0.86,\N,0.02,0.04,0.05,-0.03,-0.53,\N,\N,\N,2019-07-06 16:06:39
SPXC,Technology,Industrial Machinery/Components,1390,\N,\N,0.97,\N,0.28,0.51,0.15,0.88,-0.02,\N,\N,\N,2019-07-06 16:06:53
FLOW,Technology,Industrial Machinery/Components,1670,\N,\N,0.8,\N,0.36,0.54,0.77,-0.64,0.46,\N,\N,\N,2019-07-06 16:07:08
SQ,Technology,Computer Software: Prepackaged Software,29550,\N,\N,8.76,\N,-0.06,-0.01,0.04,-0.07,-0.09,\N,\N,\N,2019-07-06 16:07:21
JOE,Consumer Services,Homebuilding,965.62,\N,\N,10.23,\N,0.01,0.41,0.09,0,0.03,\N,\N,\N,2019-07-06 16:07:36
STAG,Consumer Services,Real Estate Investment Trusts,3830,\N,\N,10.58,\N,0.22,0.09,0.07,0.4,0.05,\N,\N,\N,2019-07-06 16:07:50
SSI,Consumer Services,Clothing/Shoe/Accessory Stores,21.78,\N,\N,0.01,\N,-1.14,-0.6,-1.11,-0.28,-1.67,\N,\N,\N,2019-07-06 16:08:05
SMP,Capital Goods,Auto Parts:O.E.M.,1020,\N,\N,0.9,\N,0.35,0.69,0.69,0.14,0.53,\N,\N,\N,2019-07-06 16:08:19
SXI,Technology,Industrial Machinery/Components,883.05,\N,\N,1.05,\N,1,0.99,1.24,1.05,2.09,\N,\N,\N,2019-07-06 16:08:32
SWK,Capital Goods,Industrial Machinery/Components,21470,\N,\N,1.57,\N,1.11,1.93,1.65,-0.45,1.13,\N,\N,\N,2019-07-06 16:08:46
STN,Consumer Services,Military/Government/Technical,2700,\N,\N,\N,\N,\N,\N,\N,\N,\N,\N,\N,could not convert string to float: N/A,\N
SGU,Consumer Services,Other Specialty Stores,498.8,\N,\N,0.28,\N,0.81,-0.15,-0.4,0.04,1.15,\N,\N,\N,2019-07-06 16:09:01
SRT,Technology,Professional Services,287.67,\N,\N,0.5,\N,-0.15,-0.62,-0.23,-0.32,-0.09,\N,\N,\N,2019-07-06 16:09:15
STWD,Consumer Services,Real Estate Investment Trusts,6480,\N,\N,9.49,\N,0.38,0.4,0.31,0.33,0.25,\N,\N,\N,2019-07-06 16:09:43
STT,Finance,Major Banks,20900,\N,\N,1.79,\N,1.62,1.88,1.87,1.04,1.18,\N,\N,\N,2019-07-06 16:09:57
SPLP,Capital Goods,Industrial Specialties,342.18,\N,\N,0.22,\N,-0.35,0.42,-0.23,-1.17,0.48,\N,\N,\N,2019-07-06 16:10:12
SCS,Consumer Durables,Office Equipment/Supplies/Services,1870,\N,\N,0.58,\N,0.14,0.41,0.31,0.19,0.15,\N,\N,\N,2019-07-06 16:10:27
SCL,Basic Industries,Package Goods/Cosmetics,2020,\N,\N,1.05,\N,1.31,1.41,0.95,1.16,1.07,\N,\N,\N,2019-07-06 16:10:40
STE,Health Care,Industrial Specialties,12350,\N,\N,4.64,\N,1.11,0.86,0.82,0.91,0.56,\N,\N,\N,2019-07-06 16:10:55
STL,Finance,Major Banks,4250,\N,\N,4.42,\N,0.43,0.5,0.52,0.51,0.47,\N,\N,\N,2019-07-06 16:11:09
STC,Finance,Specialty Insurers,978.17,\N,\N,0.51,\N,-0.16,0.95,0.74,0.48,-0.29,\N,\N,\N,2019-07-06 16:11:22
SF,Finance,Investment Bankers/Brokers/Service,3940,\N,\N,1.4,\N,1.06,1.04,1.25,1.38,1.22,\N,\N,\N,2019-07-06 16:11:37
STM,Technology,Semiconductors,14800,\N,\N,1.66,\N,0.34,0.26,0.23,0.41,0.2,\N,\N,\N,2019-07-06 16:11:51
STON,Consumer Services,Other Consumer Services,63.56,\N,\N,0.21,\N,-0.47,-0.44,-0.45,-0.54,-0.59,\N,\N,\N,2019-07-06 16:12:05
SRI,Capital Goods,Auto Parts:O.E.M.,880.64,\N,\N,1.05,\N,0.46,0.52,0.46,0.41,0.33,\N,\N,\N,2019-07-06 16:12:19
STOR,Consumer Services,Real Estate Investment Trusts,7780,\N,\N,13.55,\N,0.26,0.31,0.23,0.26,0.2,\N,\N,\N,2019-07-06 16:12:33
SYK,Health Care,Medical/Dental Instruments,76180,\N,\N,5.62,\N,1.16,1.19,1.55,5.44,1.09,\N,\N,\N,2019-07-06 16:12:48
MSC,Consumer Services,Hotels/Resorts,676.73,\N,\N,\N,\N,\N,\N,\N,\N,\N,\N,\N,'decimal' codec can't encode character u'u2014' in position 0: invalid decimal Unicode string,\N
RGR,Capital Goods,Ordnance And Accessories,928.77,\N,\N,2.01,\N,0.81,0.86,0.52,0.69,0.74,\N,\N,\N,2019-07-06 16:13:15
SPH,Consumer Services,Other Specialty Stores,1490,\N,\N,1.12,\N,1.73,-0.27,-0.83,0.45,1.49,\N,\N,\N,2019-07-06 16:13:29
SMFG,Finance,Commercial Banks,48210,\N,\N,\N,\N,\N,\N,\N,\N,\N,\N,\N,could not convert string to float: N/A,\N
INN,Consumer Services,Real Estate Investment Trusts,1170,\N,\N,2.16,\N,0.01,0.32,0.33,0.02,0.09,\N,\N,\N,2019-07-06 16:13:44
SUM,Basic Industries,Mining & Quarrying of Nonmetallic Minerals (No Fue,1870,\N,\N,1.02,\N,-0.49,0.32,0.64,-0.17,-0.62,\N,\N,\N,2019-07-06 16:13:59
SMLP,Public Utilities,Natural Gas Distribution,571.42,\N,\N,1.18,\N,-0.18,-0.79,0.64,0.39,-0.58,\N,\N,\N,2019-07-06 16:14:13
SUI,Consumer Services,Real Estate Investment Trusts,11160,\N,\N,10.5,\N,0.38,0.25,0.56,0.11,0.4,\N,\N,\N,2019-07-06 16:14:27
SLF,Finance,Life Insurance,24260,\N,\N,\N,\N,\N,\N,\N,\N,\N,\N,\N,could not convert string to float: N/A,\N
SXCP,Basic Industries,Steel/Iron Ore,551.95,\N,\N,\N,\N,\N,\N,\N,\N,\N,\N,\N,could not convert string to float: N/A,\N
SXC,Basic Industries,Steel/Iron Ore,542.94,\N,\N,0.37,\N,0.13,0.06,0.18,0.03,0.15,\N,\N,\N,2019-07-06 16:14:43
SU,Energy,Integrated oil Companies,49370,\N,\N,\N,\N,\N,\N,\N,\N,\N,\N,\N,could not convert string to float: N/A,\N
STG,Consumer Services,Other Consumer Services,389.9,\N,\N,\N,\N,\N,\N,\N,\N,\N,\N,\N,could not convert string to float: N/A,\N
SUN,Energy,Oil Refining/Marketing,2550,\N,\N,0.16,\N,-3.74,0.58,1.12,-1.11,1.07,\N,\N,\N,2019-07-06 16:15:16
SHO,Consumer Services,Hotels/Resorts,3030,\N,\N,2.78,\N,0.15,0.2,0.38,0.32,0.06,\N,\N,\N,2019-07-06 16:15:32
STI,Finance,Major Banks,27460,\N,\N,3.16,\N,1.29,1.49,1.56,1.4,1.24,\N,\N,\N,2019-07-06 16:15:46
SPN,Energy,Oilfield Services/Equipment,199.62,\N,\N,0.1,\N,-0.39,-0.17,-0.14,-4.85,-0.31,\N,\N,\N,2019-07-06 16:16:00
SUP,Capital Goods,Auto Parts:O.E.M.,82.88,\N,\N,0.06,\N,0.07,0.09,-0.37,0.61,-0.24,\N,\N,\N,2019-07-06 16:16:14
SUZ,Basic Industries,Paper,11700,\N,\N,\N,\N,\N,\N,\N,\N,\N,\N,\N,could not convert string to float: N/A,\N
SWCH,Technology,Computer Software: Programming\, Data Processing,3210,\N,\N,7.87,\N,0.02,0.02,0,0.05,0.01,\N,\N,\N,2019-07-06 16:16:28
SYF,Finance,Finance: Consumer Services,23370,\N,\N,2.92,\N,0.83,0.92,0.91,1.09,1.56,\N,\N,\N,2019-07-06 16:16:41
SNX,Technology,Retail: Computer Software & Peripheral Equipment,4710,\N,\N,0.24,\N,2.34,1.74,2.41,1.69,2.23,\N,\N,\N,2019-07-06 16:16:55
SNV,Finance,Major Banks,5240,\N,\N,3.78,\N,0.84,0.91,0.84,0.87,0.72,\N,\N,\N,2019-07-06 16:17:10
SYY,Consumer Non-Durables,Food Distributors,36850,\N,\N,0.62,\N,0.63,0.85,0.81,0.51,0.85,\N,\N,\N,2019-07-06 16:17:23
SYX,Capital Goods,Industrial Machinery/Components,794.61,\N,\N,0.88,\N,0.38,0.48,4.72,0.35,0.25,\N,\N,\N,2019-07-06 16:17:36
DATA,Technology,Computer Software: Prepackaged Software,14210,\N,\N,12.44,\N,-0.57,-0.15,-0.26,0.03,-1.04,\N,\N,\N,2019-07-06 16:17:49
TLRD,Consumer Services,Clothing/Shoe/Accessory Stores,294.53,\N,\N,0.09,\N,0.27,0.97,0.27,0.12,0.14,\N,\N,\N,2019-07-06 16:18:03
TSM,Technology,Semiconductors,201840,\N,\N,\N,\N,\N,\N,\N,\N,\N,\N,\N,could not convert string to float: N/A,\N
TAK,Health Care,Major Pharmaceuticals,54590,\N,\N,\N,\N,\N,\N,\N,\N,\N,\N,\N,could not convert string to float: N/A,\N
TAL,Consumer Services,Other Consumer Services,21490,\N,\N,8.82,\N,0.12,0.11,0.13,0.21,0.17,\N,\N,\N,2019-07-06 16:18:19
TGE,Public Utilities,Natural Gas Distribution,5750,\N,\N,7.78,\N,0.29,0.02,0.38,0.42,0.31,\N,\N,\N,2019-07-06 16:18:34
TALO,Energy,Oil & Gas Production,1200,\N,\N,\N,\N,\N,\N,\N,\N,\N,\N,\N,'decimal' codec can't encode character u'u2014' in position 0: invalid decimal Unicode string,\N
SKT,Consumer Services,Real Estate Investment Trusts,1490,\N,\N,3.11,\N,0.24,0.24,-0.24,0.21,0.66,\N,\N,\N,2019-07-06 16:19:01
TPR,Consumer Non-Durables,Apparel,8760,\N,\N,1.46,\N,0.48,0.73,0.42,0.88,0.4,\N,\N,\N,2019-07-06 16:19:15
TRGP,Public Utilities,Natural Gas Distribution,8660,\N,\N,0.91,\N,-0.03,0.35,-0.24,-0.61,-0.3,\N,\N,\N,2019-07-06 16:19:29
TGT,Consumer Services,Department/Specialty Retail Stores,43910,\N,\N,0.6,\N,1.33,1.49,1.17,1.52,1.53,\N,\N,\N,2019-07-06 16:19:43
TARO,Health Care,Major Pharmaceuticals,3280,\N,\N,4.86,\N,2.17,1.71,1.6,2.4,1.52,\N,\N,\N,2019-07-06 16:20:13
TTM,Capital Goods,Auto Manufacturing,7770,\N,\N,\N,\N,\N,\N,\N,\N,\N,\N,\N,could not convert string to float: N/A,\N
TCO,Consumer Services,Real Estate Investment Trusts,2520,\N,\N,3.93,\N,0.3,0.25,0.34,0.05,0.25,\N,\N,\N,2019-07-06 16:20:28
TMHC,Capital Goods,Homebuilding,2070,\N,\N,0.53,\N,0.41,0.52,0.83,0.08,0.46,\N,\N,\N,2019-07-06 16:20:43
TRP,Public Utilities,Natural Gas Distribution,45830,\N,\N,\N,\N,\N,\N,\N,\N,\N,\N,\N,could not convert string to float: N/A,\N
TCP,Public Utilities,Natural Gas Distribution,2690,\N,\N,3.97,\N,1.32,1,0.79,-5.8,1.28,\N,\N,\N,2019-07-06 16:20:59
TCF,Finance,Major Banks,3260,\N,\N,2.51,\N,0.39,0.34,0.51,0.51,0.42,\N,\N,\N,2019-07-06 16:21:14
TEL,Technology,Electronic Components,31850,\N,\N,2.32,\N,1.38,1.29,4.75,0.8,1.29,\N,\N,\N,2019-07-06 16:21:28
TISI,Consumer Services,Other Consumer Services,446.15,\N,\N,0.38,\N,-0.6,-1.08,-0.76,0.27,-0.8,\N,\N,\N,2019-07-06 16:21:42
FTI,Energy,Metal Fabrications,11160,\N,\N,0.91,\N,0.2,0.23,0.3,-5,0.05,\N,\N,\N,2019-07-06 16:21:56
TECK,Basic Industries,Mining & Quarrying of Nonmetallic Minerals (No Fue,12620,\N,\N,\N,\N,\N,\N,\N,\N,\N,\N,\N,could not convert string to float: N/A,\N
TK,Transportation,Marine Transportation,311.12,\N,\N,0.2,\N,-0.21,-0.28,-0.12,-0.18,-0.84,\N,\N,\N,2019-07-06 16:22:13
TGP,Consumer Services,Marine Transportation,1060,\N,\N,2.1,\N,-0.16,-0.05,0.24,0,0.19,\N,\N,\N,2019-07-06 16:22:27
TOO,Consumer Services,Marine Transportation,467.86,\N,\N,0.4,\N,0.03,-0.43,-0.11,0.12,0.03,\N,\N,\N,2019-07-06 16:22:41
TNK,Consumer Services,Marine Transportation,293.21,\N,\N,0.42,\N,-0.07,-0.1,-0.07,0.04,0.05,\N,\N,\N,2019-07-06 16:22:55
GCI,Consumer Services,Newspapers/Magazines,924.18,\N,\N,0.34,\N,0,0.14,0.11,-0.13,-0.1,\N,\N,\N,2019-07-06 16:23:10
TGNA,Consumer Services,Broadcasting,3180,\N,\N,1.53,\N,0.25,0.43,0.45,0.74,0.34,\N,\N,\N,2019-07-06 16:23:23
TRC,Finance,Real Estate,432.02,\N,\N,11,\N,0.06,-0.04,0.13,0.01,0,\N,\N,\N,2019-07-06 16:23:37
TDOC,Health Care,Medical/Nursing Services,4350,\N,\N,10.7,\N,-0.39,-0.4,-0.34,-0.35,-0.43,\N,\N,\N,2019-07-06 16:23:50
TLRA,Technology,Advertising,320.72,\N,\N,5.88,\N,-0.12,-0.06,-0.03,0.03,-0.1,\N,\N,\N,2019-07-06 16:24:05
TEO,Public Utilities,Telecommunications Equipment,7680,\N,\N,\N,\N,\N,\N,\N,\N,\N,\N,\N,could not convert string to float: N/A,\N
TI,Consumer Services,Telecommunications Equipment,120.77,\N,\N,\N,\N,\N,\N,\N,\N,\N,\N,\N,could not convert string to float: N/A,\N
TDY,Capital Goods,Industrial Machinery/Components,9640,\N,\N,3.48,\N,1.81,2.32,2.43,2.45,2.02,\N,\N,\N,2019-07-06 16:24:21
TFX,Health Care,Medical/Dental Instruments,15510,\N,\N,6.3,\N,1.2,-0.05,1.21,1.93,0.87,\N,\N,\N,2019-07-06 16:24:34
VIV,Public Utilities,Telecommunications Equipment,21830,\N,\N,\N,\N,\N,\N,\N,\N,\N,\N,\N,could not convert string to float: N/A,\N
TEF,Public Utilities,Telecommunications Equipment,42990,\N,\N,\N,\N,\N,\N,\N,\N,\N,\N,\N,could not convert string to float: N/A,\N
TDS,Public Utilities,Telecommunications Equipment,3590,\N,\N,0.7,\N,0.34,0.29,0.41,0.14,0.5,\N,\N,\N,2019-07-06 16:25:06
TU,Public Utilities,Telecommunications Equipment,22060,\N,\N,\N,\N,\N,\N,\N,\N,\N,\N,\N,could not convert string to float: N/A,\N
TPX,Consumer Durables,Home Furnishings,3950,\N,\N,1.49,\N,0.42,0.42,0.77,0.22,0.51,\N,\N,\N,2019-07-06 16:25:22
TS,Basic Industries,Steel/Iron Ore,14990,\N,\N,2.03,\N,0.4,0.29,0.42,0.38,0.41,\N,\N,\N,2019-07-06 16:25:36
TME,Consumer Services,Broadcasting,23690,\N,\N,\N,\N,\N,\N,\N,\N,\N,\N,\N,could not convert string to float: N/A,\N
THC,Health Care,Hospital/Nursing Management,2100,\N,\N,0.11,\N,0.96,0.25,-0.09,-0.05,-0.18,\N,\N,\N,2019-07-06 16:25:50
TNC,Technology,Industrial Machinery/Components,1120,\N,\N,1.01,\N,0.18,0.69,0.52,0.42,0.29,\N,\N,\N,2019-07-06 16:26:05
TEN,Capital Goods,Auto Parts:O.E.M.,589.52,\N,\N,0.06,\N,1.13,0.98,1.05,-1.35,-1.44,\N,\N,\N,2019-07-06 16:26:19
TDC,Technology,Computer Software: Prepackaged Software,4040,\N,\N,2.05,\N,-0.06,0.03,0.15,0.13,-0.09,\N,\N,\N,2019-07-06 16:26:33
TEX,Capital Goods,Construction/Ag Equipment/Trucks,2210,\N,\N,0.41,\N,0.62,0.75,0.51,-0.45,-0.94,\N,\N,\N,2019-07-06 16:26:47
TX,Basic Industries,Steel/Iron Ore,4150,\N,\N,0.39,\N,1.9,1.7,2.5,1.79,1.1,\N,\N,\N,2019-07-06 16:27:01
TRNO,Finance,Real Estate,3010,\N,\N,20.19,\N,0.18,0.35,0.17,0.38,0.25,\N,\N,\N,2019-07-06 16:27:15
TTI,Energy,Oil & Gas Production,194.69,\N,\N,0.19,\N,-0.46,-0.05,-0.06,0.04,-0.09,\N,\N,\N,2019-07-06 16:27:30
TEVA,Health Care,Major Pharmaceuticals,9620,\N,\N,0.57,\N,1.03,-0.24,-0.27,-2.85,-0.1,\N,\N,\N,2019-07-06 16:27:44
TPL,Energy,Oil & Gas Production,6150,\N,\N,14.4,\N,5.6,6.73,6.52,8.07,18.04,\N,\N,\N,2019-07-06 16:27:59
TGH,Technology,Diversified Commercial Services,537.28,\N,\N,0.82,\N,0.33,0.3,0.03,0.21,0.3,\N,\N,\N,2019-07-06 16:28:13
TXT,Capital Goods,Aerospace,12010,\N,\N,0.9,\N,0.72,0.87,2.26,1.02,0.76,\N,\N,\N,2019-07-06 16:28:27
AES,Basic Industries,Electric Utilities: Central,11050,\N,\N,1.07,\N,1.03,0.44,0.15,0.19,0.23,\N,\N,\N,2019-07-06 16:28:40
BX,Finance,Investment Managers,52870,\N,\N,8.16,\N,0.53,1.09,0.64,-0.01,0.71,\N,\N,\N,2019-07-06 16:28:54
SCHW,Finance,Investment Bankers/Brokers/Service,52370,\N,\N,5.22,\N,0.55,0.6,0.65,0.65,0.69,\N,\N,\N,2019-07-06 16:29:08
COO,Health Care,Ophthalmic Goods,16330,\N,\N,6.35,\N,1.23,2.03,2.02,2.07,2.45,\N,\N,\N,2019-07-06 16:29:23
THG,Finance,Property-Casualty Insurers,5250,\N,\N,1.11,\N,1.57,2.31,2.33,2.88,2.97,\N,\N,\N,2019-07-06 16:29:37
MSG,Consumer Services,Services-Misc. Amusement & Recreation,6470,\N,\N,4.04,\N,0.38,-1.94,-1.36,3.42,1.48,\N,\N,\N,2019-07-06 16:29:51
RUBI,Technology,Computer Software: Programming\, Data Processing,326.19,\N,\N,2.51,\N,-0.56,-0.36,-0.27,-0.04,-0.24,\N,\N,\N,2019-07-06 16:30:05
TRV,Finance,Property-Casualty Insurers,40010,\N,\N,1.31,\N,2.42,1.92,2.62,2.13,2.99,\N,\N,\N,2019-07-06 16:30:35
TMO,Capital Goods,Industrial Machinery/Components,117410,\N,\N,4.88,\N,1.43,1.85,1.75,2.22,2.02,\N,\N,\N,2019-07-06 16:30:50
THR,Energy,Industrial Machinery/Components,828.63,\N,\N,2.05,\N,0.18,0.09,0.1,0.29,0.2,\N,\N,\N,2019-07-06 16:31:03
TPRE,Finance,Property-Casualty Insurers,953.86,\N,\N,1.85,\N,-0.26,0.19,-0.14,-3.24,1.43,\N,\N,\N,2019-07-06 16:31:17
TRI,Consumer Services,Publishing,32430,\N,\N,5.85,\N,-0.53,0.97,0.41,6.18,0.23,\N,\N,\N,2019-07-06 16:31:31
THO,Consumer Non-Durables,Homebuilding,3150,\N,\N,0.43,\N,2.53,1.67,0.26,-0.1,0.59,\N,\N,\N,2019-07-06 16:31:46
TDW,Consumer Services,Marine Transportation,844.45,\N,\N,1.96,\N,-1.67,-0.44,-1.16,-2.83,-0.58,\N,\N,\N,2019-07-06 16:32:00
TIF,Consumer Services,Consumer Specialties,11080,\N,\N,2.6,\N,1.14,1.17,0.77,1.67,1.03,\N,\N,\N,2019-07-06 16:32:14
TLYS,Consumer Services,Clothing/Shoe/Accessory Stores,227.61,\N,\N,0.39,\N,0.04,0.33,0.18,0.29,0.02,\N,\N,\N,2019-07-06 16:32:29
TSU,Public Utilities,Telecommunications Equipment,7340,\N,\N,\N,\N,\N,\N,\N,\N,\N,\N,\N,could not convert string to float: N/A,\N
TKR,Capital Goods,Metal Fabrications,3830,\N,\N,1.05,\N,1.02,1.16,0.91,0.77,1.19,\N,\N,\N,2019-07-06 16:32:44
TMST,Basic Industries,Steel/Iron Ore,333.51,\N,\N,0.23,\N,-0.04,0.19,0.03,-0.89,0.09,\N,\N,\N,2019-07-06 16:32:58
TWI,Basic Industries,Steel/Iron Ore,280.2,\N,\N,0.17,\N,0.23,0.02,-0.03,-0.22,0.02,\N,\N,\N,2019-07-06 16:33:12
TJX,Consumer Services,Clothing/Shoe/Accessory Stores,64330,\N,\N,1.67,\N,0.56,0.58,0.61,0.68,0.57,\N,\N,\N,2019-07-06 16:33:25
TOL,Capital Goods,Homebuilding,5150,\N,\N,0.71,\N,0.72,1.26,2.08,0.76,0.87,\N,\N,\N,2019-07-06 16:33:39
TR,Consumer Non-Durables,Specialty Foods,1450,\N,\N,4.76,\N,0.13,0.16,0.41,0.19,0.14,\N,\N,\N,2019-07-06 16:33:54
BLD,Basic Industries,Engineering & Construction,2690,\N,\N,1.1,\N,0.74,0.76,1.19,1.1,1.09,\N,\N,\N,2019-07-06 16:34:08
TMK,Finance,Life Insurance,9700,\N,\N,2.34,\N,1.49,1.59,1.55,1.45,1.65,\N,\N,\N,2019-07-06 16:34:22
TTC,Capital Goods,Tools/Hardware,7200,\N,\N,2.58,\N,1.21,0.73,0.36,0.55,1.07,\N,\N,\N,2019-07-06 16:34:35
TD,Finance,Commercial Banks,106050,\N,\N,\N,\N,\N,\N,\N,\N,\N,\N,\N,could not convert string to float: N/A,\N
SHLL,Finance,Business Services,283.69,\N,\N,\N,\N,\N,\N,\N,\N,\N,\N,\N,could not convert string to float: N/A,\N
TOT,Energy,Oil & Gas Production,144580,\N,\N,0.78,\N,0.99,1.38,1.47,0.4,1.16,\N,\N,\N,2019-07-06 16:34:50
TSS,Miscellaneous,Business Services,22430,\N,\N,5.7,\N,0.77,0.78,0.85,0.74,0.9,\N,\N,\N,2019-07-06 16:35:05
TOWR,Capital Goods,Auto Parts:O.E.M.,387.09,\N,\N,0.25,\N,0.83,1.07,1.07,-0.65,-0.25,\N,\N,\N,2019-07-06 16:35:19
TSQ,Consumer Services,Broadcasting,99.55,\N,\N,0.24,\N,-1.44,0.05,0.34,-0.89,-0.26,\N,\N,\N,2019-07-06 16:35:32
TM,Capital Goods,Auto Manufacturing,178430,\N,\N,\N,\N,\N,\N,\N,\N,\N,\N,\N,could not convert string to float: N/A,\N
TPGH,Finance,Business Services,583.88,\N,\N,\N,\N,\N,\N,\N,\N,\N,\N,\N,could not convert string to float: N/A,\N
TRTX,Consumer Services,Real Estate Investment Trusts,1440,\N,\N,9.98,\N,0.42,0.44,0.42,0.43,0.42,\N,\N,\N,2019-07-06 16:36:03
TAC,Public Utilities,Electric Utilities: Central,1830,\N,\N,\N,\N,\N,\N,\N,\N,\N,\N,\N,could not convert string to float: N/A,\N
TCI,Consumer Services,Real Estate Investment Trusts,212.63,\N,\N,2.37,\N,-0.05,0.81,2.52,17.44,-0.64,\N,\N,\N,2019-07-06 16:36:19
TDG,Capital Goods,Military/Government/Technical,25760,\N,\N,6.27,\N,3.53,3.91,4.11,3.05,3.6,\N,\N,\N,2019-07-06 16:36:33
RIG,Energy,Oil & Gas Production,3790,\N,\N,1.21,\N,-0.48,-2.46,-0.88,-0.41,-0.28,\N,\N,\N,2019-07-06 16:36:46
TGS,Public Utilities,Natural Gas Distribution,412.16,\N,\N,\N,\N,\N,\N,\N,\N,\N,\N,\N,could not convert string to float: N/A,\N
TRU,Finance,Finance: Consumer Services,13300,\N,\N,5.77,\N,0.38,0.29,0.24,0.53,0.37,\N,\N,\N,2019-07-06 16:37:01
TREC,Energy,Integrated oil Companies,227.37,\N,\N,0.84,\N,0.09,0.09,-0.07,-0.22,0.07,\N,\N,\N,2019-07-06 16:37:16
TG,Capital Goods,Metal Fabrications,529.62,\N,\N,0.54,\N,0.55,0.44,-1.03,0.79,0.6,\N,\N,\N,2019-07-06 16:37:30
THS,Consumer Non-Durables,Packaged Foods,3000,\N,\N,0.56,\N,-0.6,-0.36,0.1,-0.23,-0.49,\N,\N,\N,2019-07-06 16:37:44
TREX,Basic Industries,Forest Products,3990,\N,\N,6.15,\N,0.62,0.73,0.5,0.43,0.54,\N,\N,\N,2019-07-06 16:37:58
TPH,Capital Goods,Homebuilding,1630,\N,\N,0.56,\N,0.28,0.42,0.43,0.7,0,\N,\N,\N,2019-07-06 16:38:12
TRCO,Consumer Services,Broadcasting,4080,\N,\N,2.02,\N,1.6,0.96,0.61,1.5,1.27,\N,\N,\N,2019-07-06 16:38:25
TRNE,Finance,Business Services,365.06,\N,\N,\N,\N,\N,\N,\N,\N,\N,\N,\N,could not convert string to float: N/A,\N
TNET,Miscellaneous,Business Services,4700,\N,\N,1.36,\N,0.75,0.8,0.71,0.4,0.89,\N,\N,\N,2019-07-06 16:38:40
TRN,Capital Goods,Railroads,2570,\N,\N,1.02,\N,0.26,0.43,0.19,0.19,0.23,\N,\N,\N,2019-07-06 16:38:54
TSE,Basic Industries,Major Chemicals,1670,\N,\N,0.37,\N,2.71,2.24,1.72,-0.02,0.86,\N,\N,\N,2019-07-06 16:39:09
GTS,Finance,Accident &Health Insurance,533.31,\N,\N,0.19,\N,0.17,-1.68,-0.77,-0.48,1.52,\N,\N,\N,2019-07-06 16:39:22
TRTN,Technology,Diversified Commercial Services,2390,\N,\N,1.75,\N,1,1.3,1.17,0.87,1.17,\N,\N,\N,2019-07-06 16:39:36
TGI,Capital Goods,Aerospace,968.15,\N,\N,0.37,\N,-6.04,-1.54,-0.3,-0.62,-4.01,\N,\N,\N,2019-07-06 16:39:50
TROX,Basic Industries,Major Chemicals,1690,\N,\N,1.37,\N,-0.36,0.29,0.05,-0.05,-0.27,\N,\N,\N,2019-07-06 16:40:04
TBI,Technology,Professional Services,843.21,\N,\N,0.35,\N,0.22,0.44,0.61,0.37,0.21,\N,\N,\N,2019-07-06 16:40:18
TNP,Transportation,Marine Transportation,273.33,\N,\N,0.55,\N,-0.21,-0.19,-0.28,-0.84,0.01,\N,\N,\N,2019-07-06 16:40:32
TUFN,Technology,EDP Services,860.85,\N,\N,\N,\N,\N,\N,\N,\N,\N,\N,\N,could not convert string to float: ,\N
TUP,Consumer Non-Durables,Plastic Products,931.3,\N,\N,0.45,\N,0.7,1.26,0.79,0.35,0.76,\N,\N,\N,2019-07-06 16:41:17
TKC,Public Utilities,Telecommunications Equipment,4730,\N,\N,\N,\N,\N,\N,\N,\N,\N,\N,\N,could not convert string to float: N/A,\N
TPB,Consumer Non-Durables,Tobacco,941.86,\N,\N,2.89,\N,0.15,0.47,0.4,0.25,0.33,\N,\N,\N,2019-07-06 16:41:33
TRQ,Basic Industries,Precious Metals,2430,\N,\N,1.93,\N,0.04,0.09,0.03,0.05,0.06,\N,\N,\N,2019-07-06 16:41:47
TPC,Basic Industries,General Bldg Contractors - Nonresidential Bldgs,660.37,\N,\N,0.17,\N,-0.24,0.49,0.42,0.98,-0.01,\N,\N,\N,2019-07-06 16:42:01
TWLO,Technology,Computer Software: Prepackaged Software,17030,\N,\N,23.49,\N,-0.25,-0.25,-0.28,-0.47,-0.31,\N,\N,\N,2019-07-06 16:42:14
TRWH,Consumer Services,Hotels/Resorts,1250,\N,\N,\N,\N,\N,\N,\N,\N,\N,\N,\N,'decimal' codec can't encode character u'u2014' in position 0: invalid decimal Unicode string,\N
TWTR,Technology,Computer Software: Programming\, Data Processing,26690,\N,\N,8.81,\N,0.08,0.13,1.02,0.33,0.25,\N,\N,\N,2019-07-06 16:42:42
TWO,Consumer Services,Real Estate Investment Trusts,3470,\N,\N,16.68,\N,1.69,0.68,0.08,-2.31,-0.18,\N,\N,\N,2019-07-06 16:42:55
TYL,Technology,Computer Software: Prepackaged Software,8180,\N,\N,8.86,\N,0.95,0.97,0.96,0.79,0.69,\N,\N,\N,2019-07-06 16:43:08
TSN,Consumer Non-Durables,Meat/Poultry/Fish,29170,\N,\N,0.74,\N,0.85,1.47,1.47,1.5,1.17,\N,\N,\N,2019-07-06 16:43:23
USB,Finance,Major Banks,82850,\N,\N,4.09,\N,0.96,1.02,1.06,1.1,1,\N,\N,\N,2019-07-06 16:43:38
USPH,Health Care,Medical/Nursing Services,1520,\N,\N,3.49,\N,0.27,0.48,0.13,0.43,0.39,\N,\N,\N,2019-07-06 16:43:52
SLCA,Basic Industries,Mining & Quarrying of Nonmetallic Minerals (No Fue,887.79,\N,\N,0.62,\N,0.39,0.22,0.08,-3.34,-0.26,\N,\N,\N,2019-07-06 16:44:05
USX,Transportation,Trucking Freight/Courier Services,241.11,\N,\N,0.14,\N,0.18,0.04,0.33,0.14,0.1,\N,\N,\N,2019-07-06 16:44:20
UBER,Technology,Computer Software: Prepackaged Software,73060,\N,\N,\N,\N,\N,\N,\N,\N,\N,\N,\N,could not convert string to float: ,\N
UBS,Finance,Major Banks,44690,\N,\N,1.6,\N,0.41,0.33,0.33,0.18,0.3,\N,\N,\N,2019-07-06 16:44:48
UDR,Consumer Services,Real Estate Investment Trusts,12710,\N,\N,12.22,\N,0.3,0.07,0.07,0.3,0.08,\N,\N,\N,2019-07-06 16:45:03
UGI,Public Utilities,Natural Gas Distribution,9410,\N,\N,1.23,\N,1.57,0.3,0.14,0.36,1.38,\N,\N,\N,2019-07-06 16:45:17
UGP,Public Utilities,Oil/Gas Transmission,5860,\N,\N,\N,\N,\N,\N,\N,\N,\N,\N,\N,could not convert string to float: N/A,\N
UMH,Consumer Services,Real Estate Investment Trusts,497.84,\N,\N,3.76,\N,-0.76,0.4,-0.31,-0.86,0.15,\N,\N,\N,2019-07-06 16:45:34
UA,Consumer Non-Durables,Apparel,9860,\N,\N,2.1,\N,-0.07,-0.21,0.17,0.01,0.05,\N,\N,\N,2019-07-06 16:45:48
UAA,Consumer Non-Durables,Apparel,11230,\N,\N,2.1,\N,-0.07,-0.21,0.17,0.01,0.05,\N,\N,\N,2019-07-06 16:46:02
UFI,Consumer Non-Durables,Textiles,313.02,\N,\N,0.49,\N,0.01,0.58,0.1,0.06,-0.08,\N,\N,\N,2019-07-06 16:46:17
UNF,Consumer Services,Other Consumer Services,3180,\N,\N,2.06,\N,1.85,1.81,1.99,2.48,2.46,\N,\N,\N,2019-07-06 16:46:47
UN,Basic Industries,Package Goods/Cosmetics,160400,\N,\N,\N,\N,\N,\N,\N,\N,\N,\N,\N,could not convert string to float: N/A,\N
UL,Basic Industries,Package Goods/Cosmetics,164210,\N,\N,\N,\N,\N,\N,\N,\N,\N,\N,\N,could not convert string to float: N/A,\N
UNP,Transportation,Railroads,117760,\N,\N,5.29,\N,1.68,1.98,2.15,2.12,1.93,\N,\N,\N,2019-07-06 16:47:04
UIS,Technology,EDP Services,517.16,\N,\N,0.18,\N,0.62,0.07,0.12,0.41,-0.38,\N,\N,\N,2019-07-06 16:47:19
UNT,Energy,Oil & Gas Production,489.78,\N,\N,0.57,\N,0.15,0.11,0.36,-1.49,-0.07,\N,\N,\N,2019-07-06 16:47:33
UMC,Technology,Semiconductors,5040,\N,\N,\N,\N,\N,\N,\N,\N,\N,\N,\N,could not convert string to float: N/A,\N
UNFI,Consumer Non-Durables,Food Distributors,450.1,\N,\N,0.03,\N,1.02,0.64,-0.38,-6.72,1.12,\N,\N,\N,2019-07-06 16:47:49
UPS,Transportation,Trucking Freight/Courier Services,67750,\N,\N,1.23,\N,1.55,1.71,1.73,0.52,1.28,\N,\N,\N,2019-07-06 16:48:04
URI,Technology,Diversified Commercial Services,10110,\N,\N,1.24,\N,2.15,3.2,4.01,3.8,2.19,\N,\N,\N,2019-07-06 16:48:17
USM,Public Utilities,Telecommunications Equipment,2510,\N,\N,1.02,\N,0.52,0.56,0.41,0.23,0.62,\N,\N,\N,2019-07-06 16:48:30
X,Basic Industries,Steel/Iron Ore,2570,\N,\N,0.18,\N,0.1,1.2,1.62,3.34,0.31,\N,\N,\N,2019-07-06 16:48:45
UTX,Capital Goods,Aerospace,111330,\N,\N,1.64,\N,1.62,2.56,1.54,0.83,1.56,\N,\N,\N,2019-07-06 16:49:00
UNH,Health Care,Medical Specialities,235360,\N,\N,1.01,\N,2.87,2.98,3.24,3.1,3.56,\N,\N,\N,2019-07-06 16:49:17
UTL,Public Utilities,Power Generation,910.5,\N,\N,2,\N,1.06,0.24,0.19,0.74,1.78,\N,\N,\N,2019-07-06 16:49:30
UNVR,Consumer Durables,Specialty Chemicals,3560,\N,\N,0.43,\N,0.46,0.4,0.35,0.01,-0.43,\N,\N,\N,2019-07-06 16:49:44
UVV,Consumer Services,Farming/Seeds/Milling,1520,\N,\N,0.69,\N,1.2,0.52,1.24,1.11,1.24,\N,\N,\N,2019-07-06 16:49:59
UHT,Consumer Services,Real Estate Investment Trusts,1180,\N,\N,15.52,\N,0.7,0.42,0.32,0.32,0.31,\N,\N,\N,2019-07-06 16:50:14
UHS,Health Care,Hospital/Nursing Management,11600,\N,\N,1.09,\N,2.36,2.39,1.84,1.7,2.57,\N,\N,\N,2019-07-06 16:50:28
UVE,Finance,Property-Casualty Insurers,970.49,\N,\N,1.15,\N,1.12,1.29,1.04,-0.19,1.14,\N,\N,\N,2019-07-06 16:50:42
UTI,Consumer Services,Other Consumer Services,84.14,\N,\N,0.29,\N,-0.4,-0.52,-0.49,-0.36,-0.26,\N,\N,\N,2019-07-06 16:50:57
UNM,Finance,Accident &Health Insurance,6870,\N,\N,0.63,\N,1.23,1.29,-1.3,1.15,1.31,\N,\N,\N,2019-07-06 16:51:11
UE,Finance,Real Estate,2080,\N,\N,5.07,\N,0.18,0.47,0.21,0.06,0.22,\N,\N,\N,2019-07-06 16:51:25
UBA,Consumer Services,Real Estate Investment Trusts,843.49,\N,\N,5.98,\N,0.23,0.14,0.13,0.15,0.15,\N,\N,\N,2019-07-06 16:51:39
UBP,Consumer Services,Real Estate Investment Trusts,679.65,\N,\N,5.89,\N,0.23,0.14,0.13,0.15,0.15,\N,\N,\N,2019-07-06 16:51:53
USFD,Consumer Non-Durables,Food Distributors,7810,\N,\N,0.33,\N,0.31,0.58,0.52,0.46,0.32,\N,\N,\N,2019-07-06 16:52:22
USAC,Public Utilities,Natural Gas Distribution,1710,\N,\N,2.57,\N,-0.23,-0.64,-0.1,0.01,-0.02,\N,\N,\N,2019-07-06 16:52:36
USNA,Consumer Durables,Specialty Chemicals,1820,\N,\N,1.23,\N,1.19,1.36,1.24,1.32,1.01,\N,\N,\N,2019-07-06 16:52:51
USDP,Transportation,Railroads,290.45,\N,\N,2.76,\N,0.24,0.25,0.21,0.07,0.04,\N,\N,\N,2019-07-06 16:53:05
VFC,Consumer Non-Durables,Apparel,33920,\N,\N,2.52,\N,0.63,0.4,1.26,1.16,0.32,\N,\N,\N,2019-07-06 16:53:19
EGY,Energy,Oil & Gas Production,101.06,\N,\N,1,\N,0.15,0.01,1.28,0.17,0.1,\N,\N,\N,2019-07-06 16:53:33
MTN,Consumer Services,Services-Misc. Amusement & Recreation,8980,\N,\N,4.01,\N,6.17,-2.07,-2.66,5.02,7.12,\N,\N,\N,2019-07-06 16:53:46
VALE,Basic Industries,Precious Metals,68360,\N,\N,\N,\N,\N,\N,\N,\N,\N,\N,\N,could not convert string to float: N/A,\N
VLO,Energy,Integrated oil Companies,34060,\N,\N,0.31,\N,1.09,1.96,2.01,2.24,0.34,\N,\N,\N,2019-07-06 16:54:01
VHI,Basic Industries,Major Chemicals,885.27,\N,\N,0.47,\N,0.26,0.03,0.42,0.06,0.05,\N,\N,\N,2019-07-06 16:54:16
VMI,Capital Goods,Metal Fabrications,2610,\N,\N,1.02,\N,1.72,1.46,0.2,0.8,1.66,\N,\N,\N,2019-07-06 16:54:30
VVV,Basic Industries,Major Chemicals,3560,\N,\N,1.66,\N,0.33,0.33,0.23,0.28,0.33,\N,\N,\N,2019-07-06 16:54:43
VAPO,Health Care,Medical/Dental Instruments,368.44,\N,\N,\N,\N,\N,\N,\N,\N,\N,\N,\N,'decimal' codec can't encode character u'u2014' in position 0: invalid decimal Unicode string,\N
VAR,Health Care,Biotechnology: Electromedical & Electrotherapeutic,12310,\N,\N,4.18,\N,0.79,0.79,1.26,1.12,0.96,\N,\N,\N,2019-07-06 16:55:10
VGR,Consumer Non-Durables,Farming/Seeds/Milling,1380,\N,\N,0.98,\N,0.04,0.11,0.07,0.14,0.08,\N,\N,\N,2019-07-06 16:55:23
VEC,Consumer Services,Diversified Commercial Services,437.39,\N,\N,0.37,\N,0.54,0.81,0.86,0.89,0.62,\N,\N,\N,2019-07-06 16:55:38
VEDL,Capital Goods,Metal Fabrications,9130,\N,\N,\N,\N,\N,\N,\N,\N,\N,\N,\N,could not convert string to float: N/A,\N
VEEV,Technology,Computer Software: Prepackaged Software,23140,\N,\N,27.48,\N,0.29,0.32,0.41,0.45,0.47,\N,\N,\N,2019-07-06 16:55:52
VNTR,Basic Industries,Major Chemicals,540.25,\N,\N,0.26,\N,0.73,1.84,-3.46,-0.65,-0.03,\N,\N,\N,2019-07-06 16:56:05
VTR,Consumer Services,Real Estate Investment Trusts,25770,\N,\N,6.97,\N,0.22,0.46,0.28,0.17,0.35,\N,\N,\N,2019-07-06 16:56:20
VNE,Capital Goods,Auto Parts:O.E.M.,1940,\N,\N,0.87,\N,-0.37,-0.72,-0.78,-1.31,-1.57,\N,\N,\N,2019-07-06 16:56:33
VER,Consumer Services,Real Estate Investment Trusts,8980,\N,\N,7.07,\N,0.01,-0.09,-0.09,0.01,0.05,\N,\N,\N,2019-07-06 16:56:48
VRTV,Consumer Services,Paper,293.38,\N,\N,0.03,\N,-1,-0.67,0.09,0.57,-1.68,\N,\N,\N,2019-07-06 16:57:03
VZ,Public Utilities,Telecommunications Equipment,239870,\N,\N,1.84,\N,1.11,1,1.19,0.47,1.22,\N,\N,\N,2019-07-06 16:57:16
VET,Energy,Oil & Gas Production,3340,\N,\N,\N,\N,\N,\N,\N,\N,\N,\N,\N,could not convert string to float: N/A,\N
VRS,Basic Industries,Paper,638.06,\N,\N,0.25,\N,-0.06,0.03,2.45,2.44,1.03,\N,\N,\N,2019-07-06 16:57:47
VSM,Basic Industries,Major Chemicals,5610,\N,\N,4.13,\N,0.56,0.58,0.49,0.56,0.46,\N,\N,\N,2019-07-06 16:58:01
VVI,Miscellaneous,Business Services,1330,\N,\N,1.06,\N,-0.47,1.15,1.83,-0.12,-0.89,\N,\N,\N,2019-07-06 16:58:16
VICI,Consumer Services,Real Estate Investment Trusts,8960,\N,\N,10.26,\N,0.33,0.38,0.35,0.37,0.37,\N,\N,\N,2019-07-06 16:58:30
VNCE,Consumer Services,Clothing/Shoe/Accessory Stores,151.52,\N,\N,0.6,\N,-0.49,-0.33,0.57,0.06,-0.6,\N,\N,\N,2019-07-06 16:58:45
VIPS,Consumer Services,Catalog/Specialty Distribution,5280,\N,\N,\N,\N,\N,\N,\N,\N,\N,\N,\N,could not convert string to float: N/A,\N
V,Miscellaneous,Business Services,374310,\N,\N,18.36,\N,1.11,1,1.23,1.3,1.31,\N,\N,\N,2019-07-06 16:59:00
VSH,Capital Goods,Electrical Products,2270,\N,\N,0.77,\N,0.39,0.65,0.51,0.69,0.52,\N,\N,\N,2019-07-06 16:59:14
VPG,Capital Goods,Electrical Products,510.68,\N,\N,1.81,\N,0.37,0.57,0.56,0.25,0.61,\N,\N,\N,2019-07-06 16:59:27
VSTO,Capital Goods,Ordnance And Accessories,475.08,\N,\N,0.25,\N,-0.28,-0.91,-0.57,-8.94,-0.84,\N,\N,\N,2019-07-06 16:59:41
VST,Public Utilities,Electric Utilities: Central,11280,\N,\N,0.96,\N,-0.71,0.2,0.61,-0.37,0.44,\N,\N,\N,2019-07-06 16:59:56
VSI,Consumer Non-Durables,Food Chains,86.86,\N,\N,0.08,\N,-0.17,0.3,-0.07,-0.23,0.15,\N,\N,\N,2019-07-06 17:00:10
VSLR,Capital Goods,Building Products,839.46,\N,\N,3.31,\N,-0.11,0.15,-0.07,-0.11,-0.22,\N,\N,\N,2019-07-06 17:00:24
VMW,Technology,Computer Software: Prepackaged Software,69920,\N,\N,7.5,\N,2.29,1.56,0.81,1.21,1.21,\N,\N,\N,2019-07-06 17:00:38
VOC,Energy,Oil & Gas Production,81.94,\N,\N,6.51,\N,0.11,0.18,0.2,0.22,0.14,\N,\N,\N,2019-07-06 17:00:51
VCRA,Capital Goods,Telecommunications Equipment,965.18,\N,\N,5.66,\N,-0.16,-0.12,-0.01,-0.04,-0.38,\N,\N,\N,2019-07-06 17:01:05
VG,Public Utilities,Telecommunications Equipment,2740,\N,\N,2.84,\N,0.1,0.03,0.04,-0.03,0,\N,\N,\N,2019-07-06 17:01:19
VNO,Consumer Services,Real Estate Investment Trusts,12320,\N,\N,5.71,\N,-0.09,0.58,1,0.53,0.95,\N,\N,\N,2019-07-06 17:01:33
VJET,Capital Goods,Industrial Machinery/Components,44.49,\N,\N,\N,\N,\N,\N,\N,\N,\N,\N,\N,could not convert string to float: N/A,\N
VOYA,Finance,Life Insurance,7580,\N,\N,0.93,\N,2.5,0.96,0.87,0.76,0.42,\N,\N,\N,2019-07-06 17:01:48
VMC,Basic Industries,Mining & Quarrying of Nonmetallic Minerals (No Fue,17750,\N,\N,4.08,\N,0.39,1.19,1.34,0.93,0.48,\N,\N,\N,2019-07-06 17:02:03
WTI,Energy,Oil & Gas Production,634.3,\N,\N,1.15,\N,0.19,0.25,0.32,0.96,-0.34,\N,\N,\N,2019-07-06 17:02:17
WPC,Consumer Services,Real Estate Investment Trusts,14320,\N,\N,14.02,\N,0.6,0.7,0.71,1.33,0.41,\N,\N,\N,2019-07-06 17:02:31
WRB,Finance,Property-Casualty Insurers,12220,\N,\N,1.6,\N,0.87,0.93,0.84,0.69,0.94,\N,\N,\N,2019-07-06 17:02:44
GRA,Basic Industries,Major Chemicals,5010,\N,\N,2.69,\N,0.64,0.58,0.24,1.03,0.37,\N,\N,\N,2019-07-06 17:02:58
GWW,Consumer Services,Office Equipment/Supplies/Services,14830,\N,\N,1.33,\N,4.07,4.16,1.82,3.68,4.48,\N,\N,\N,2019-07-06 17:03:27
WNC,Capital Goods,Construction/Ag Equipment/Trucks,869.09,\N,\N,0.37,\N,0.35,0.54,0.08,0.21,0.27,\N,\N,\N,2019-07-06 17:03:42
WBC,Capital Goods,Auto Manufacturing,6770,\N,\N,1.8,\N,1.87,1.95,1.41,2.2,1.64,\N,\N,\N,2019-07-06 17:03:56
WDR,Finance,Investment Bankers/Brokers/Service,1210,\N,\N,1.13,\N,0.56,0.55,0.58,0.6,0.42,\N,\N,\N,2019-07-06 17:04:11
WAGE,Miscellaneous,Business Services,2030,\N,\N,4.36,\N,0.27,0.27,0.05,0.05,0.1,\N,\N,\N,2019-07-06 17:04:25
WD,Finance,Finance: Consumer Services,1580,\N,\N,2.28,\N,1.16,1.28,1.17,1.44,1.39,\N,\N,\N,2019-07-06 17:04:39
WMT,Consumer Services,Department/Specialty Retail Stores,316070,\N,\N,0.62,\N,0.72,-0.29,0.58,1.27,1.33,\N,\N,\N,2019-07-06 17:04:53
DIS,Consumer Services,Services-Misc. Amusement & Recreation,251850,\N,\N,4.29,\N,1.95,1.95,1.55,1.86,3.55,\N,\N,\N,2019-07-06 17:05:08
HCC,Energy,Coal Mining,1290,\N,\N,0.98,\N,3.36,1.72,1,7.11,2.14,\N,\N,\N,2019-07-06 17:05:23
WPG,Consumer Services,Real Estate Investment Trusts,654.6,\N,\N,1,\N,0.07,0.05,0,0.29,-0.03,\N,\N,\N,2019-07-06 17:05:38
WCN,Public Utilities,Environmental Services,24980,\N,\N,5.08,\N,0.47,0.52,0.57,0.5,0.48,\N,\N,\N,2019-07-06 17:05:51
WM,Public Utilities,Environmental Services,49450,\N,\N,3.28,\N,0.91,1.15,1.16,1.24,0.81,\N,\N,\N,2019-07-06 17:06:06
WAT,Capital Goods,Biotechnology: Laboratory Analytical Instruments,14680,\N,\N,6.37,\N,1.4,1.98,1.83,2.46,1.51,\N,\N,\N,2019-07-06 17:06:20
WSO,Consumer Durables,Industrial Machinery/Components,6060,\N,\N,1.36,\N,0.89,2.4,2.11,0.94,0.88,\N,\N,\N,2019-07-06 17:06:35
WTS,Capital Goods,Metal Fabrications,2530,\N,\N,1.98,\N,0.82,1.05,0.92,0.85,0.91,\N,\N,\N,2019-07-06 17:06:50
W,Consumer Services,Catalog/Specialty Distribution,13200,\N,\N,1.82,\N,-1.22,-1.13,-1.69,-1.59,-2.2,\N,\N,\N,2019-07-06 17:07:04
WBS,Finance,Major Banks,4180,\N,\N,3.71,\N,0.85,0.86,1.06,1.05,1.06,\N,\N,\N,2019-07-06 17:07:17
WEC,Public Utilities,Power Generation,26790,\N,\N,3.45,\N,1.23,0.73,0.74,0.65,1.33,\N,\N,\N,2019-07-06 17:07:33
WEI,Finance,Finance: Consumer Services,639.66,\N,\N,\N,\N,\N,\N,\N,\N,\N,\N,\N,could not convert string to float: N/A,\N
WRI,Consumer Services,Real Estate Investment Trusts,3560,\N,\N,6.84,\N,1.13,0.61,0.34,0.46,0.39,\N,\N,\N,2019-07-06 17:07:47
WMK,Consumer Services,Food Chains,970.76,\N,\N,0.28,\N,0.6,0.71,0.53,0.49,0.53,\N,\N,\N,2019-07-06 17:08:01
WBT,Technology,Industrial Machinery/Components,2260,\N,\N,\N,\N,\N,\N,\N,\N,\N,\N,\N,could not convert string to float: N/A,\N
WCG,Health Care,Medical Specialities,14600,\N,\N,0.63,\N,2.25,3.35,2.7,1.11,2.98,\N,\N,\N,2019-07-06 17:08:17
WFC,Finance,Major Banks,207370,\N,\N,2.56,\N,0.96,0.98,1.13,1.21,1.2,\N,\N,\N,2019-07-06 17:08:32
WELL,Consumer Services,Real Estate Investment Trusts,33730,\N,\N,7.09,\N,1.17,0.41,0.17,0.27,0.71,\N,\N,\N,2019-07-06 17:08:46
WAIR,Capital Goods,Wholesale Distributors,1040,\N,\N,0.67,\N,0.15,0.11,0.07,0.06,0.12,\N,\N,\N,2019-07-06 17:09:15
WCC,Consumer Non-Durables,Telecommunications Equipment,2240,\N,\N,0.28,\N,0.93,1.22,1.41,1.26,0.93,\N,\N,\N,2019-07-06 17:09:29
WST,Basic Industries,Specialty Chemicals,9010,\N,\N,5.22,\N,0.58,0.75,0.73,0.69,0.73,\N,\N,\N,2019-07-06 17:09:42
WAL,Finance,Major Banks,4520,\N,\N,4.83,\N,0.96,0.99,1.05,1.13,1.16,\N,\N,\N,2019-07-06 17:09:56
WMC,Consumer Services,Real Estate Investment Trusts,483.21,\N,\N,8.64,\N,0.52,0.03,0.5,-0.37,0.58,\N,\N,\N,2019-07-06 17:10:11
WES,Public Utilities,Natural Gas Distribution,13570,\N,\N,6.7,\N,0.46,0.31,0.49,0.43,0.3,\N,\N,\N,2019-07-06 17:10:24
WU,Miscellaneous,Business Services,8590,\N,\N,1.58,\N,0.46,0.47,0.46,0.48,0.39,\N,\N,\N,2019-07-06 17:10:38
WAB,Capital Goods,Railroads,11150,\N,\N,2.45,\N,0.92,0.87,0.91,0.36,-0.04,\N,\N,\N,2019-07-06 17:10:50
WLK,Basic Industries,Major Chemicals,8500,\N,\N,1.05,\N,2.2,2.12,2.35,0.95,0.55,\N,\N,\N,2019-07-06 17:11:04
WLKP,Basic Industries,Major Chemicals,856.13,\N,\N,0.65,\N,0.36,0.4,0.38,0.37,0.46,\N,\N,\N,2019-07-06 17:11:17
WBK,Finance,Commercial Banks,67780,\N,\N,\N,\N,\N,\N,\N,\N,\N,\N,\N,could not convert string to float: N/A,\N
WRK,Consumer Durables,Containers/Packaging,8910,\N,\N,0.56,\N,4.38,0.86,1.03,1.08,0.54,\N,\N,\N,2019-07-06 17:11:31
WHG,Finance,Investment Managers,282.32,\N,\N,2.7,\N,0.93,0.94,0.62,0.64,0.05,\N,\N,\N,2019-07-06 17:11:45
WEX,Miscellaneous,Business Services,8600,\N,\N,5.98,\N,1.12,0.9,1.31,0.49,0.37,\N,\N,\N,2019-07-06 17:11:59
WY,Consumer Services,Real Estate Investment Trusts,19040,\N,\N,2.73,\N,0.35,0.42,0.34,-0.12,-0.39,\N,\N,\N,2019-07-06 17:12:13
WPM,Basic Industries,Precious Metals,10970,\N,\N,12.75,\N,0.15,0.72,0.08,0.01,0.13,\N,\N,\N,2019-07-06 17:12:27
WHR,Consumer Durables,Consumer Electronics/Appliances,8720,\N,\N,0.44,\N,1.3,-9.5,3.22,2.64,7.31,\N,\N,\N,2019-07-06 17:12:40
WTM,Finance,Property-Casualty Insurers,3260,\N,\N,4.37,\N,-12.82,1.02,12.83,-43.24,89.64,\N,\N,\N,2019-07-06 17:12:54
WSR,Consumer Services,Real Estate Investment Trusts,498.67,\N,\N,4.22,\N,0.07,0.04,0.19,0.21,0.07,\N,\N,\N,2019-07-06 17:13:09
WLL,Energy,Oil & Gas Production,1580,\N,\N,0.79,\N,0.16,0.02,1.32,2.22,-0.76,\N,\N,\N,2019-07-06 17:13:22
WOW,Consumer Services,Television Services,593.35,\N,\N,0.58,\N,-2.4,0.31,0.37,0.2,0.1,\N,\N,\N,2019-07-06 17:13:36
WMB,Public Utilities,Natural Gas Distribution,32460,\N,\N,3.97,\N,0.18,0.16,0.13,-0.47,0.16,\N,\N,\N,2019-07-06 17:13:50
WSM,Consumer Services,Home Furnishings,4930,\N,\N,0.89,\N,0.54,0.62,1,1.93,0.66,\N,\N,\N,2019-07-06 17:14:03
WGO,Consumer Non-Durables,Homebuilding,1180,\N,\N,0.61,\N,1.02,0.94,0.7,0.68,1.14,\N,\N,\N,2019-07-06 17:14:18
WIT,Technology,EDP Services,26010,\N,\N,\N,\N,\N,\N,\N,\N,\N,\N,\N,could not convert string to float: N/A,\N
WNS,Miscellaneous,Business Services,2940,\N,\N,3.69,\N,0.47,0.42,0.48,0.55,0.57,\N,\N,\N,2019-07-06 17:14:48
WWW,Consumer Non-Durables,Shoe Manufacturing,2380,\N,\N,1.11,\N,0.48,0.57,0.6,0.4,0.43,\N,\N,\N,2019-07-06 17:15:02
WF,Finance,Commercial Banks,8280,\N,\N,\N,\N,\N,\N,\N,\N,\N,\N,\N,could not convert string to float: N/A,\N
WK,Technology,Computer Software: Prepackaged Software,1990,\N,\N,10.55,\N,-0.22,-0.5,-0.25,-0.17,-0.17,\N,\N,\N,2019-07-06 17:15:16
INT,Energy,Oil Refining/Marketing,2290,\N,\N,0.06,\N,0.46,0.42,0.56,0.44,0.55,\N,\N,\N,2019-07-06 17:15:30
WWE,Consumer Services,Movies/Entertainment,5630,\N,\N,6.34,\N,0.18,0.11,0.37,0.46,-0.11,\N,\N,\N,2019-07-06 17:15:44
WP,Miscellaneous,Business Services,38220,\N,\N,9.88,\N,-0.36,-0.01,0.01,0.36,0.12,\N,\N,\N,2019-07-06 17:15:59
WOR,Capital Goods,Steel/Iron Ore,2130,\N,\N,0.59,\N,1.27,0.5,0.91,0.57,0.46,\N,\N,\N,2019-07-06 17:16:13
WPP,Technology,Advertising,15570,\N,\N,\N,\N,\N,\N,\N,\N,\N,\N,\N,could not convert string to float: N/A,\N
WPX,Energy,Oil & Gas Production,4630,\N,\N,1.95,\N,-0.3,-0.21,-0.01,0.87,-0.11,\N,\N,\N,2019-07-06 17:16:28
WYND,Consumer Services,Hotels/Resorts,3930,\N,\N,1.08,\N,0.34,3.77,1.49,1.16,0.85,\N,\N,\N,2019-07-06 17:16:43
WH,Consumer Services,Hotels/Resorts,5380,\N,\N,4.32,\N,0.39,0.21,0.58,0.43,0.22,\N,\N,\N,2019-07-06 17:16:59
XYF,Finance,Finance: Consumer Services,596.38,\N,\N,\N,\N,\N,\N,\N,\N,\N,\N,\N,could not convert string to float: N/A,\N
XHR,Consumer Services,Hotels/Resorts,2340,\N,\N,2.21,\N,0.52,0.26,0.08,0.88,0.15,\N,\N,\N,2019-07-06 17:17:14
XRX,Technology,Computer peripheral equipment,7810,\N,\N,0.85,\N,0.08,0.42,0.34,0.56,0.55,\N,\N,\N,2019-07-06 17:17:29
XIN,Basic Industries,Homebuilding,250.39,\N,\N,0.1,\N,-0.16,-0.11,0.62,2.26,0.66,\N,\N,\N,2019-07-06 17:17:44
XPO,Consumer Services,Transportation Services,4790,\N,\N,0.3,\N,0.5,1.03,0.74,0.62,0.37,\N,\N,\N,2019-07-06 17:17:58
XYL,Capital Goods,Fluid Controls,14680,\N,\N,2.85,\N,0.43,0.64,0.72,1.24,0.43,\N,\N,\N,2019-07-06 17:18:13
AUY,Basic Industries,Precious Metals,2350,\N,\N,1.36,\N,-0.17,0.02,-0.09,-0.06,0,\N,\N,\N,2019-07-06 17:18:28
YELP,Consumer Services,Other Consumer Services,2530,\N,\N,2.87,\N,-0.03,0.12,0.17,0.37,0.02,\N,\N,\N,2019-07-06 17:18:42
YETI,Consumer Non-Durables,Recreational Products/Toys,2330,\N,\N,\N,\N,\N,\N,\N,\N,\N,\N,\N,'decimal' codec can't encode character u'u2014' in position 0: invalid decimal Unicode string,\N
YEXT,Technology,EDP Services,2150,\N,\N,9.12,\N,-0.19,-0.22,-0.25,-0.15,-0.18,\N,\N,\N,2019-07-06 17:19:10
YRD,Finance,Finance: Consumer Services,824.35,\N,\N,\N,\N,\N,\N,\N,\N,\N,\N,\N,could not convert string to float: N/A,\N
YPF,Energy,Integrated oil Companies,7140,\N,\N,\N,\N,\N,\N,\N,\N,\N,\N,\N,could not convert string to float: N/A,\N
YUMC,Consumer Services,Restaurants,17390,\N,\N,1.98,\N,0.72,0.36,0.51,0.19,0.57,\N,\N,\N,2019-07-06 17:19:27
YUM,Consumer Services,Restaurants,33750,\N,\N,6.05,\N,1.27,0.97,1.4,1.04,0.83,\N,\N,\N,2019-07-06 17:19:56
ZAYO,Public Utilities,Telecommunications Equipment,7770,\N,\N,3.01,\N,0.09,0.18,0.09,0.13,0.15,\N,\N,\N,2019-07-06 17:20:11
ZEN,Technology,EDP Services,9620,\N,\N,15.49,\N,-0.28,-0.33,-0.32,-0.31,-0.41,\N,\N,\N,2019-07-06 17:20:25
ZBH,Health Care,Industrial Specialties,23900,\N,\N,3.06,\N,0.85,0.9,0.79,-4.43,1.2,\N,\N,\N,2019-07-06 17:20:39
ZTS,Health Care,Major Pharmaceuticals,54500,\N,\N,9.24,\N,0.72,0.79,0.71,0.71,0.65,\N,\N,\N,2019-07-06 17:20:53
ZTO,Transportation,Trucking Freight/Courier Services,14930,\N,\N,\N,\N,\N,\N,\N,\N,\N,\N,\N,could not convert string to float: N/A,\N
ZUO,Technology,Computer Software: Prepackaged Software,1650,\N,\N,7.25,\N,-0.43,-0.19,-0.17,-0.19,-0.19,\N,\N,\N,2019-07-06 17:21:09
ZYME,Health Care,Major Pharmaceuticals,875.29,\N,\N,14.74,\N,-0.83,-0.22,-0.59,0.29,-0.43,\N,\N,\N,2019-07-06 17:21:23
XXII,Consumer Non-Durables,Farming/Seeds/Milling,240.59,\N,\N,9.14,\N,0.01,-0.05,0.04,-0.07,-0.02,\N,\N,\N,2019-07-06 17:21:38
ACU,Capital Goods,Industrial Machinery/Components,74.48,\N,\N,0.52,\N,0.21,0.67,0.23,0.17,0.24,\N,\N,\N,2019-07-06 17:21:52
ATNM,Health Care,Major Pharmaceuticals,41.4,\N,\N,\N,\N,\N,\N,\N,\N,\N,\N,\N,could not convert string to float: N/A,\N
AE,Energy,Oil Refining/Marketing,141.72,\N,\N,0.08,\N,0.27,0.86,0.48,-0.91,1.16,\N,\N,\N,2019-07-06 17:22:08
ACY,Technology,Diversified Commercial Services,11.75,\N,\N,0.38,\N,0.22,-0.06,-3.16,-2.48,-0.85,\N,\N,\N,2019-07-06 17:22:21
UAVS,Capital Goods,Aerospace,4.56,\N,\N,38.75,\N,-0.04,-0.07,-0.07,-0.11,-0.04,\N,\N,\N,2019-07-06 17:22:36
AGE,Health Care,Major Pharmaceuticals,146.76,\N,\N,\N,\N,\N,\N,\N,\N,\N,\N,\N,'decimal' codec can't encode character u'u2014' in position 0: invalid decimal Unicode string,\N
AIRI,Capital Goods,Military/Government/Technical,28.66,\N,\N,0.62,\N,0.05,0.01,-0.12,-0.25,-0.03,\N,\N,\N,2019-07-06 17:23:04
AXU,Basic Industries,Precious Metals,134.54,\N,\N,\N,\N,\N,\N,\N,\N,\N,\N,\N,could not convert string to float: N/A,\N
ALO,Basic Industries,Precious Metals,65.22,\N,\N,0.6,\N,0.07,0.05,-0.04,-0.25,0.02,\N,\N,\N,2019-07-06 17:23:19
AAU,Basic Industries,Precious Metals,71.51,\N,\N,\N,\N,\N,\N,\N,\N,\N,\N,\N,could not convert string to float: N/A,\N
APT,Health Care,Industrial Specialties,45.41,\N,\N,0.94,\N,0.04,0.07,0.11,0.05,0.09,\N,\N,\N,2019-07-06 17:23:34
AAMC,Finance,Real Estate,23.05,\N,\N,1.38,\N,-2.75,-0.69,-0.75,-2.69,-0.56,\N,\N,\N,2019-07-06 17:23:49
AMBO,Consumer Services,Other Consumer Services,83.68,\N,\N,\N,\N,\N,\N,\N,\N,\N,\N,\N,could not convert string to float: N/A,\N
DIT,Consumer Non-Durables,Food Distributors,56.62,\N,\N,0.06,\N,0.49,1.18,1.59,1.99,2.45,\N,\N,\N,2019-07-06 17:24:05
AMS,Health Care,Medical Specialities,16.97,\N,\N,0.85,\N,0.07,0.05,0.03,0.03,0.05,\N,\N,\N,2019-07-06 17:24:19
USAS,Basic Industries,Precious Metals,175.03,\N,\N,2.71,\N,0.01,0.03,-0.13,-0.16,-0.06,\N,\N,\N,2019-07-06 17:24:33
AMPE,Health Care,Major Pharmaceuticals,56.53,\N,\N,\N,\N,\N,\N,\N,\N,\N,\N,\N,could not convert string to float: N/A,\N
ARMP,Health Care,Biotechnology: Biological Products (No Diagnostic ,35.86,\N,\N,\N,\N,\N,\N,\N,\N,\N,\N,\N,could not convert string to float: N/A,\N
AKG,Basic Industries,Mining & Quarrying of Nonmetallic Minerals (No Fue,137.9,\N,\N,\N,\N,\N,\N,\N,\N,\N,\N,\N,'decimal' codec can't encode character u'u2014' in position 0: invalid decimal Unicode string,\N
AINC,Consumer Services,Professional Services,78.46,\N,\N,0.33,\N,-2.84,0.93,0.18,-1.96,-1.13,\N,\N,\N,2019-07-06 17:25:19
AUG,Basic Industries,Precious Metals,159.72,\N,\N,\N,\N,\N,\N,\N,\N,\N,\N,\N,could not convert string to float: N/A,\N
AWX,Public Utilities,Environmental Services,9.52,\N,\N,0.15,\N,-0.21,0.16,0.21,-0.48,-0.16,\N,\N,\N,2019-07-06 17:25:33
ASM,Basic Industries,Precious Metals,36.99,\N,\N,\N,\N,\N,\N,\N,\N,\N,\N,\N,'decimal' codec can't encode character u'u2014' in position 0: invalid decimal Unicode string,\N
BTG,Basic Industries,Precious Metals,3020,\N,\N,2.5,\N,0.04,0.02,0.01,-0.06,0.02,\N,\N,\N,2019-07-06 17:26:01
BTN,Miscellaneous,Industrial Machinery/Components,48.2,\N,\N,0.76,\N,-0.26,-0.47,-0.08,-0.04,-0.29,\N,\N,\N,2019-07-06 17:26:15
BKJ,Finance,Major Banks,99.85,\N,\N,3.88,\N,0.19,0.16,0.24,0.16,0.21,\N,\N,\N,2019-07-06 17:26:30
BHB,Finance,Major Banks,383.77,\N,\N,3.53,\N,0.5,0.55,0.58,0.49,0.47,\N,\N,\N,2019-07-06 17:26:43
BRN,Energy,Oil & Gas Production,9.68,\N,\N,0.78,\N,0.08,-0.05,-0.12,-0.56,-0.26,\N,\N,\N,2019-07-06 17:26:58
BGSF,Technology,Professional Services,185.67,\N,\N,0.65,\N,0.27,0.54,0.49,0.47,0.24,\N,\N,\N,2019-07-06 17:27:12
BIOX,Basic Industries,Agricultural Chemicals,188.55,\N,\N,\N,\N,\N,\N,\N,\N,\N,\N,\N,'decimal' codec can't encode character u'u2014' in position 0: invalid decimal Unicode string,\N
BPMX,Health Care,Major Pharmaceuticals,8.47,\N,\N,174.46,\N,-0.5,-0.5,-0.5,-0.5,-0.38,\N,\N,\N,2019-07-06 17:27:40
BTX,Health Care,Biotechnology: Biological Products (No Diagnostic ,158.62,\N,\N,31.85,\N,-0.5,-0.03,0.53,-0.35,0.3,\N,\N,\N,2019-07-06 17:27:55
BGI,Consumer Services,Consumer Specialties,17.06,\N,\N,0.14,\N,0.31,-0.17,-0.19,-4.58,-1.79,\N,\N,\N,2019-07-06 17:28:08
BKTI,Technology,Radio And Television Broadcasting And Communicatio,52.33,\N,\N,1.12,\N,-0.03,0.07,0.05,-0.1,-0.1,\N,\N,\N,2019-07-06 17:28:23
BDR,Technology,Radio And Television Broadcasting And Communicatio,8.93,\N,\N,0.45,\N,-0.01,-0.04,-0.02,-0.08,0.53,\N,\N,\N,2019-07-06 17:28:37
BRG,Consumer Services,Real Estate Investment Trusts,251.94,\N,\N,1.32,\N,-0.4,-0.44,-0.44,-0.55,-0.53,\N,\N,\N,2019-07-06 17:28:52
CMCL,Basic Industries,Precious Metals,63.72,\N,\N,1.01,\N,0.29,0.24,0.2,0.25,0.89,\N,\N,\N,2019-07-06 17:29:05
CEI,Energy,Oil & Gas Production,3.22,\N,\N,1.97,\N,-692.39,-687.5,250,-16,2.57,\N,\N,\N,2019-07-06 17:29:20
CANF,Health Care,Major Pharmaceuticals,9.41,\N,\N,\N,\N,\N,\N,\N,\N,\N,\N,\N,'decimal' codec can't encode character u'u2014' in position 0: invalid decimal Unicode string,\N
ROX,Consumer Non-Durables,Beverages (Production/Distribution),78.73,\N,\N,0.93,\N,0,0,0,-0.01,0.05,\N,\N,\N,2019-07-06 17:29:49
YCBD,Consumer Non-Durables,Package Goods/Cosmetics,163.55,\N,\N,18.66,\N,0.17,0.03,-0.11,-0.06,-3.13,\N,\N,\N,2019-07-06 17:30:04
CVM,Health Care,Biotechnology: Biological Products (No Diagnostic ,242.32,\N,\N,522.47,\N,-0.31,-0.36,-0.7,0.02,-0.22,\N,\N,\N,2019-07-06 17:30:36
LEU,Basic Industries,Mining & Quarrying of Nonmetallic Minerals (No Fue,28.94,\N,\N,0.17,\N,-2.97,-3.08,-1.06,-5.1,-2.4,\N,\N,\N,2019-07-06 17:30:51
CHAC,Finance,Business Services,85.84,\N,\N,\N,\N,\N,\N,\N,\N,\N,\N,\N,could not convert string to float: N/A,\N
CCF,Consumer Durables,Building Products,978.88,\N,\N,3.48,\N,1.07,1.43,1.18,0.93,0.56,\N,\N,\N,2019-07-06 17:31:08
CQP,Public Utilities,Oil/Gas Transmission,19970,\N,\N,3.16,\N,0.67,0.55,0.6,0.69,0.75,\N,\N,\N,2019-07-06 17:31:22
LNG,Public Utilities,Oil/Gas Transmission,17430,\N,\N,2.23,\N,1.5,-0.07,0.26,0.26,0.54,\N,\N,\N,2019-07-06 17:31:35
CVR,Technology,Industrial Machinery/Components,27.45,\N,\N,0.72,\N,0.73,0.73,0.3,0.31,0.3,\N,\N,\N,2019-07-06 17:31:50
CPHI,Health Care,Major Pharmaceuticals,12.55,\N,\N,1.15,\N,-0.01,-0.02,-0.04,-0.18,-0.01,\N,\N,\N,2019-07-06 17:32:04
CKX,Energy,Oil & Gas Production,19.7,\N,\N,19.15,\N,0.43,0.08,0.04,0.02,0.05,\N,\N,\N,2019-07-06 17:32:18
COHN,Finance,Investment Bankers/Brokers/Service,5.53,\N,\N,0.14,\N,-1.26,0.07,-0.57,-0.37,-1.06,\N,\N,\N,2019-07-06 17:32:31
CIX,Capital Goods,Industrial Machinery/Components,179.51,\N,\N,1.63,\N,0.3,0.4,0.32,0.22,0.32,\N,\N,\N,2019-07-06 17:32:45
LODE,Basic Industries,Precious Metals,16.13,\N,\N,93.87,\N,-0.05,-0.04,-0.03,-0.03,-0.02,\N,\N,\N,2019-07-06 17:33:00
CDOR,Consumer Services,Real Estate Investment Trusts,106.93,\N,\N,1.62,\N,0.05,0.23,0.21,-0.1,-0.01,\N,\N,\N,2019-07-06 17:33:15
CTO,Finance,Real Estate,291.04,\N,\N,3.85,\N,1.96,2.56,0.05,2.17,1.21,\N,\N,\N,2019-07-06 17:33:29
MCF,Energy,Oil & Gas Production,70.56,\N,\N,0.92,\N,0.04,-0.29,-3.26,-1.16,-0.26,\N,\N,\N,2019-07-06 17:33:43
CUO,Capital Goods,Building Materials,27.88,\N,\N,0.17,\N,-3.65,1.24,-0.73,-0.32,7.8,\N,\N,\N,2019-07-06 17:33:58
CMT,Consumer Non-Durables,Plastic Products,58.97,\N,\N,0.21,\N,0.07,0.06,-0.23,-0.51,-0.49,\N,\N,\N,2019-07-06 17:34:11
CVRS,Health Care,Medical/Dental Instruments,632.5,\N,\N,53.3,\N,-0.08,-0.06,-0.04,-0.04,-0.05,\N,\N,\N,2019-07-06 17:34:24
CRMD,Health Care,Major Pharmaceuticals,183.61,\N,\N,383.77,\N,-0.7,-0.5,-0.55,0.1,-0.22,\N,\N,\N,2019-07-06 17:34:38
CVU,Capital Goods,Military/Government/Technical,97.27,\N,\N,1.04,\N,0.14,0.14,0.15,-0.2,0.14,\N,\N,\N,2019-07-06 17:34:52
CRHM,Health Care,Medical/Nursing Services,206.4,\N,\N,1.66,\N,0.02,0.02,0,0.02,0,\N,\N,\N,2019-07-06 17:35:07
CTEK,Miscellaneous,Business Services,47.21,\N,\N,0.66,\N,-0.07,0.01,0.12,0.13,1.77,\N,\N,\N,2019-07-06 17:35:22
DXR,Health Care,Medical/Dental Instruments,28.89,\N,\N,72.57,\N,0.53,-0.31,-0.04,-0.99,-0.35,\N,\N,\N,2019-07-06 17:35:37
DLA,Consumer Non-Durables,Apparel,155.84,\N,\N,0.39,\N,0.48,0.62,0.43,-0.17,0.13,\N,\N,\N,2019-07-06 17:35:51
DNN,Basic Industries,Precious Metals,304.15,\N,\N,\N,\N,\N,\N,\N,\N,\N,\N,\N,could not convert string to float: N/A,\N
DGSE,Consumer Services,Consumer Specialties,36.35,\N,\N,0.6,\N,0.01,0.01,-0.02,0.02,0.01,\N,\N,\N,2019-07-06 17:36:22
DSS,Consumer Durables,Containers/Packaging,8.75,\N,\N,0.48,\N,-0.02,0.16,-0.02,-0.02,-0.03,\N,\N,\N,2019-07-06 17:36:37
DPW,Capital Goods,Industrial Machinery/Components,6.38,\N,\N,0.31,\N,-3.4,-2.6,-2.2,-3.35,-1.17,\N,\N,\N,2019-07-06 17:36:53
DXF,Finance,Finance: Consumer Services,45.04,\N,\N,\N,\N,\N,\N,\N,\N,\N,\N,\N,could not convert string to float: N/A,\N
ELMD,Health Care,Biotechnology: Electromedical & Electrotherapeutic,43.42,\N,\N,1.44,\N,0.04,0.13,0.02,0.04,0.04,\N,\N,\N,2019-07-06 17:37:08
ELLO,Public Utilities,Electric Utilities: Central,116.08,\N,\N,\N,\N,\N,\N,\N,\N,\N,\N,\N,could not convert string to float: N/A,\N
EMAN,Technology,Semiconductors,22.87,\N,\N,0.91,\N,-0.05,-0.11,0,-0.05,-0.03,\N,\N,\N,2019-07-06 17:37:24
MSN,Consumer Non-Durables,Consumer Electronics/Appliances,22.09,\N,\N,2.37,\N,-0.15,-0.04,-0.03,-0.02,-0.02,\N,\N,\N,2019-07-06 17:37:38
EMX,Basic Industries,Precious Metals,102.37,\N,\N,\N,\N,\N,\N,\N,\N,\N,\N,\N,could not convert string to float: N/A,\N
UUUU,Basic Industries,Mining & Quarrying of Nonmetallic Minerals (No Fue,271.2,\N,\N,8.96,\N,-0.14,0.08,-0.16,-0.1,-0.13,\N,\N,\N,2019-07-06 17:37:53
ENSV,Energy,Oilfield Services/Equipment,23.35,\N,\N,0.4,\N,0.04,-0.06,-0.08,-0.01,0.08,\N,\N,\N,2019-07-06 17:38:08
EGI,Basic Industries,Precious Metals,59.25,\N,\N,\N,\N,\N,\N,\N,\N,\N,\N,\N,could not convert string to float: N/A,\N
ESP,Capital Goods,Industrial Machinery/Components,58.56,\N,\N,1.82,\N,0.14,0.29,0.03,0.09,0.39,\N,\N,\N,2019-07-06 17:38:23
EVBN,Finance,Major Banks,167.41,\N,\N,2.78,\N,0.68,0.77,0.97,0.9,0.75,\N,\N,\N,2019-07-06 17:38:38
EVI,Consumer Services,Other Consumer Services,431.89,\N,\N,2.07,\N,0.09,0.06,0.06,0.1,0.04,\N,\N,\N,2019-07-06 17:38:52
EPM,Energy,Oil & Gas Production,241.6,\N,\N,4.86,\N,0.09,0.14,0.17,0.12,0.07,\N,\N,\N,2019-07-06 17:39:07
BDL,Consumer Services,Restaurants,42.3,\N,\N,0.38,\N,0.75,0.56,0.33,0.4,0.55,\N,\N,\N,2019-07-06 17:39:22
FSI,Basic Industries,Major Chemicals,45.89,\N,\N,2.23,\N,0.06,0.18,-0.01,-0.02,0.09,\N,\N,\N,2019-07-06 17:39:35
FSP,Consumer Services,Real Estate Investment Trusts,786,\N,\N,2.97,\N,0.01,0.01,0.09,0.01,-0.01,\N,\N,\N,2019-07-06 17:39:49
FRD,Capital Goods,Steel/Iron Ore,45.28,\N,\N,0.24,\N,0.3,0.51,0.29,0.09,-0.17,\N,\N,\N,2019-07-06 17:40:03
FTNW,Public Utilities,Telecommunications Equipment,30.23,\N,\N,0.07,\N,0.46,-2.83,-2.09,-2.26,-1.89,\N,\N,\N,2019-07-06 17:40:17
JOB,Technology,Diversified Commercial Services,9.28,\N,\N,0.07,\N,-0.28,-0.18,-0.09,-0.32,-0.34,\N,\N,\N,2019-07-06 17:40:32
GMO,Basic Industries,Precious Metals,43.31,\N,\N,\N,\N,\N,\N,\N,\N,\N,\N,\N,could not convert string to float: N/A,\N
GSB,Technology,Computer Software: Prepackaged Software,180.8,\N,\N,4.36,\N,-0.04,0.03,0.05,0.14,0.14,\N,\N,\N,2019-07-06 17:40:46
GSAT,Consumer Services,Telecommunications Equipment,846,\N,\N,5.33,\N,0.06,-0.01,0.01,-0.07,0.02,\N,\N,\N,2019-07-06 17:41:00
GLOW,Public Utilities,Telecommunications Equipment,4.68,\N,\N,0.48,\N,-0.3,-0.4,-0.3,-0.6,-0.12,\N,\N,\N,2019-07-06 17:41:30
GORO,Basic Industries,Precious Metals,212.2,\N,\N,1.84,\N,0.09,0.06,-0.01,0.01,0.01,\N,\N,\N,2019-07-06 17:41:44
GSV,Basic Industries,Mining & Quarrying of Nonmetallic Minerals (No Fue,275.65,\N,\N,\N,\N,\N,\N,\N,\N,\N,\N,\N,could not convert string to float: N/A,\N
AUMN,Basic Industries,Precious Metals,30.63,\N,\N,3.8,\N,-0.01,-0.02,0.02,-0.01,-0.02,\N,\N,\N,2019-07-06 17:42:00
GSS,Basic Industries,Precious Metals,428.94,\N,\N,1.64,\N,-0.05,-0.1,-0.05,-0.11,-0.02,\N,\N,\N,2019-07-06 17:42:14
GV,Basic Industries,Water Supply,56.4,\N,\N,0.38,\N,0.09,0.08,-0.01,0.03,0.07,\N,\N,\N,2019-07-06 17:42:29
GDP,Energy,Oil & Gas Production,145.22,\N,\N,1.42,\N,-0.47,-0.23,0.12,0.58,0.03,\N,\N,\N,2019-07-06 17:42:44
GTE,Energy,Oil & Gas Production,618.14,\N,\N,0.89,\N,0.05,0.05,0.18,-0.03,0.01,\N,\N,\N,2019-07-06 17:42:59
GPL,Basic Industries,Precious Metals,240.99,\N,\N,3.66,\N,0,-0.02,-0.02,-0.02,-0.05,\N,\N,\N,2019-07-06 17:43:13
SIM,Basic Industries,Steel/Iron Ore,1290,\N,\N,\N,\N,\N,\N,\N,\N,\N,\N,\N,could not convert string to float: N/A,\N
HEB,Health Care,Biotechnology: Biological Products (No Diagnostic ,9.51,\N,\N,29.01,\N,-3.08,-2.2,-3.08,-1.32,-3.08,\N,\N,\N,2019-07-06 17:43:28
HEXO,Consumer Durables,Specialty Chemicals,1320,\N,\N,\N,\N,\N,\N,\N,\N,\N,\N,\N,could not convert string to float: N/A,\N
HMG,Consumer Services,Real Estate Investment Trusts,13.35,\N,\N,166.21,\N,5.15,-0.07,-0.49,-0.49,-0.01,\N,\N,\N,2019-07-06 17:43:43
HUSA,Energy,Oil & Gas Production,12.88,\N,\N,\N,\N,\N,\N,\N,\N,\N,\N,\N,'decimal' codec can't encode character u'u2014' in position 0: invalid decimal Unicode string,\N
IBIO,Health Care,Major Pharmaceuticals,14.19,\N,\N,10.35,\N,-0.3,-0.34,-0.25,-0.24,-0.22,\N,\N,\N,2019-07-06 17:44:13
IEC,Technology,Electrical Products,62.39,\N,\N,0.47,\N,0.15,0.02,0.87,0.1,0.06,\N,\N,\N,2019-07-06 17:44:27
IMH,Consumer Services,Real Estate Investment Trusts,67.78,\N,\N,-0.74,\N,0.18,-4.65,-2.16,-0.31,-0.6,\N,\N,\N,2019-07-06 17:44:41
IMO,Energy,Integrated oil Companies,21530,\N,\N,\N,\N,\N,\N,\N,\N,\N,\N,\N,could not convert string to float: N/A,\N
IOR,Consumer Services,Real Estate Investment Trusts,51.98,\N,\N,\N,\N,\N,\N,\N,\N,\N,\N,\N,could not convert string to float: N/A,\N
IGC,Technology,Electronic Components,66.38,\N,\N,12.36,\N,-0.02,-0.02,-0.03,-0.03,-0.06,\N,\N,\N,2019-07-06 17:44:57
INFU,Health Care,Medical/Dental Instruments,88.27,\N,\N,1.27,\N,0.01,-0.02,-0.03,-0.01,-0.05,\N,\N,\N,2019-07-06 17:45:11
IHT,Consumer Services,Real Estate Investment Trusts,13.43,\N,\N,2.39,\N,-0.3,-0.03,-0.12,0.23,0.77,\N,\N,\N,2019-07-06 17:45:25
NSPR,Health Care,Medical/Dental Instruments,5.09,\N,\N,1.64,\N,-54,-7.5,-2.5,-2.5,-3.82,\N,\N,\N,2019-07-06 17:45:40
IDN,Technology,Computer Software: Prepackaged Software,83.12,\N,\N,18.62,\N,-0.07,-0.07,-0.07,-0.05,-0.08,\N,\N,\N,2019-07-06 17:45:53
INS,Technology,Computer Software: Prepackaged Software,230.3,\N,\N,11.65,\N,0.1,0.12,0.21,0.27,0.23,\N,\N,\N,2019-07-06 17:46:07
THM,Basic Industries,Precious Metals,111.13,\N,\N,\N,\N,\N,\N,\N,\N,\N,\N,\N,could not convert string to float: N/A,\N
INTT,Capital Goods,Electrical Products,48.31,\N,\N,0.65,\N,0.04,0.39,-0.05,-0.08,0.11,\N,\N,\N,2019-07-06 17:46:37
INUV,Consumer Services,Advertising,11.35,\N,\N,0.17,\N,-0.05,-0.03,-0.04,-0.07,-0.08,\N,\N,\N,2019-07-06 17:46:51
ISR,Health Care,Medical/Dental Instruments,28.23,\N,\N,3.95,\N,-0.02,-0.04,-0.02,-0.02,-0.02,\N,\N,\N,2019-07-06 17:47:06
ISDR,Miscellaneous,Publishing,41.44,\N,\N,2.85,\N,0.1,0.12,0.02,0.02,0.05,\N,\N,\N,2019-07-06 17:47:21
ITP,Consumer Durables,Containers/Packaging,17.62,\N,\N,0.15,\N,-0.19,0.01,-0.07,-0.26,-0.12,\N,\N,\N,2019-07-06 17:47:35
KIQ,Capital Goods,Railroads,68.5,\N,\N,4.56,\N,-0.01,0,0.01,0.01,0.02,\N,\N,\N,2019-07-06 17:47:48
LTS,Finance,Investment Bankers/Brokers/Service,523.42,\N,\N,0.36,\N,-0.02,0,0,0.01,-0.04,\N,\N,\N,2019-07-06 17:48:03
LGL,Capital Goods,Industrial Machinery/Components,37.98,\N,\N,1.55,\N,0.04,0.1,0.1,0.05,0.12,\N,\N,\N,2019-07-06 17:48:18
LBY,Capital Goods,Industrial Machinery/Components,36.54,\N,\N,0.05,\N,-0.13,0.18,-0.22,-0.18,-0.2,\N,\N,\N,2019-07-06 17:48:33
LLEX,Energy,Oil & Gas Production,55.02,\N,\N,0.8,\N,-0.17,-0.53,-0.09,-0.12,-0.35,\N,\N,\N,2019-07-06 17:48:47
MAG,Basic Industries,Precious Metals,930.67,\N,\N,\N,\N,\N,\N,\N,\N,\N,\N,\N,could not convert string to float: N/A,\N
MHH,Consumer Services,Professional Services,52.52,\N,\N,0.3,\N,0.12,0.26,0.14,0.08,0.09,\N,\N,\N,2019-07-06 17:49:03
MTNB,Health Care,Major Pharmaceuticals,114.92,\N,\N,\N,\N,\N,\N,\N,\N,\N,\N,\N,invalid literal for float(): 1\,385.12,\N
MNI,Consumer Services,Newspapers/Magazines,20.68,\N,\N,0.03,\N,-5.04,-2.62,0.9,-3.52,-5.34,\N,\N,\N,2019-07-06 17:49:18
MXC,Energy,Oil & Gas Production,7.51,\N,\N,2.75,\N,0.13,0.01,0.01,-0.01,-0.02,\N,\N,\N,2019-07-06 17:49:32
MICR,Health Care,Biotechnology: Electromedical & Electrotherapeutic,6.98,\N,\N,0.43,\N,-0.06,0.01,-0.03,-0.31,-0.18,\N,\N,\N,2019-07-06 17:49:47
MLSS,Health Care,Industrial Specialties,13.87,\N,\N,1.81,\N,-0.06,-0.04,-0.12,0.01,-0.02,\N,\N,\N,2019-07-06 17:50:02
MYO,Health Care,Industrial Specialties,14.02,\N,\N,4.33,\N,-0.2,-0.21,-0.21,-0.22,-0.17,\N,\N,\N,2019-07-06 17:50:17
NNVC,Health Care,Biotechnology: Commercial Physical & Biological Re,17.93,\N,\N,\N,\N,\N,\N,\N,\N,\N,\N,\N,could not convert string to float: N/A,\N
NHC,Health Care,Hospital/Nursing Management,1220,\N,\N,1.26,\N,-0.18,1.47,1.39,1.19,1.39,\N,\N,\N,2019-07-06 17:50:32
NAVB,Health Care,Biotechnology: In Vitro & In Vivo Diagnostic Subst,12.59,\N,\N,10.24,\N,-0.8,-0.4,-0.4,-0.4,-0.24,\N,\N,\N,2019-07-06 17:50:45
NTIP,Miscellaneous,Multi-Sector Companies,58.71,\N,\N,17.87,\N,0.34,-0.02,0.01,-0.03,-0.01,\N,\N,\N,2019-07-06 17:51:00
GBR,Energy,Oil & Gas Production,9.55,\N,\N,14.04,\N,-0.07,-0.08,-0.06,-0.01,0.02,\N,\N,\N,2019-07-06 17:51:14
NEN,Consumer Services,Building operators,215.77,\N,\N,3.73,\N,0.5,0.01,0.18,0.42,0.4,\N,\N,\N,2019-07-06 17:51:29
NGD,Basic Industries,Precious Metals,531.92,\N,\N,0.81,\N,-0.05,-0.52,-0.29,-1.26,-0.02,\N,\N,\N,2019-07-06 17:51:59
NXE,Basic Industries,Precious Metals,530.08,\N,\N,\N,\N,\N,\N,\N,\N,\N,\N,\N,could not convert string to float: N/A,\N
HLTH,Health Care,Hospital/Nursing Management,11.93,\N,\N,0.04,\N,0.02,0.01,0.05,-0.05,0.01,\N,\N,\N,2019-07-06 17:52:14
NAK,Basic Industries,Precious Metals,168.22,\N,\N,\N,\N,\N,\N,\N,\N,\N,\N,\N,could not convert string to float: N/A,\N
NOG,Energy,Oil & Gas Production,729.07,\N,\N,1.58,\N,0.05,-0.49,0.06,0.58,-0.29,\N,\N,\N,2019-07-06 17:52:29
NBY,Health Care,Major Pharmaceuticals,33.74,\N,\N,2.85,\N,-0.14,-0.12,-0.11,-0.09,-0.25,\N,\N,\N,2019-07-06 17:52:44
NG,Basic Industries,Precious Metals,1790,\N,\N,\N,\N,\N,\N,\N,\N,\N,\N,\N,could not convert string to float: N/A,\N
NRCG,Basic Industries,Environmental Services,417.79,\N,\N,1.14,\N,0.01,-0.24,-0.08,-1.89,-0.28,\N,\N,\N,2019-07-06 17:53:00
NTN,Consumer Services,Broadcasting,10.22,\N,\N,0.49,\N,-0.16,-0.05,0.08,0.02,-0.11,\N,\N,\N,2019-07-06 17:53:15
NES,Energy,Oilfield Services/Equipment,62.84,\N,\N,0.58,\N,-2.75,-0.96,-0.61,-0.72,-0.41,\N,\N,\N,2019-07-06 17:53:30
OCX,Health Care,Biotechnology: In Vitro & In Vivo Diagnostic Subst,207.37,\N,\N,\N,\N,\N,\N,\N,\N,\N,\N,\N,could not convert string to float: N/A,\N
OGEN,Health Care,Major Pharmaceuticals,25.23,\N,\N,\N,\N,\N,\N,\N,\N,\N,\N,\N,could not convert string to float: N/A,\N
PTN,Health Care,Major Pharmaceuticals,237.11,\N,\N,10.75,\N,0,0.05,-0.03,-0.02,-0.03,\N,\N,\N,2019-07-06 17:53:46
PZG,Basic Industries,Precious Metals,23.61,\N,\N,79.22,\N,-0.07,-0.06,-0.04,-0.06,-0.04,\N,\N,\N,2019-07-06 17:53:59
PRK,Finance,Major Banks,1600,\N,\N,4.75,\N,2.02,1.83,1.56,1.67,1.62,\N,\N,\N,2019-07-06 17:54:14
PED,Energy,Oil & Gas Production,101.03,\N,\N,16.29,\N,-0.58,4.73,-0.19,-1.24,-0.11,\N,\N,\N,2019-07-06 17:54:29
PFNX,Health Care,Major Pharmaceuticals,194.68,\N,\N,10.42,\N,-0.47,-0.41,-0.34,-0.22,-0.12,\N,\N,\N,2019-07-06 17:54:44
PLAG,Consumer Non-Durables,Packaged Foods,37.03,\N,\N,\N,\N,\N,\N,\N,\N,\N,\N,\N,'decimal' codec can't encode character u'u2014' in position 0: invalid decimal Unicode string,\N
PLG,Basic Industries,Precious Metals,43.53,\N,\N,\N,\N,\N,\N,\N,\N,\N,\N,\N,could not convert string to float: N/A,\N
PLYM,Consumer Services,Real Estate Investment Trusts,160.11,\N,\N,2.96,\N,-1.38,-2.27,-1.22,-1.1,-1.37,\N,\N,\N,2019-07-06 17:55:13
PLM,Basic Industries,Precious Metals,130.5,\N,\N,\N,\N,\N,\N,\N,\N,\N,\N,\N,could not convert string to float: N/A,\N
PW,Consumer Services,Real Estate Investment Trusts,10.79,\N,\N,5.62,\N,0.08,0.08,0.07,0.07,0.07,\N,\N,\N,2019-07-06 17:55:28
PLX,Health Care,Biotechnology: Biological Products (No Diagnostic ,67.5,\N,\N,1.76,\N,-0.06,-0.08,-0.1,0.07,-0.05,\N,\N,\N,2019-07-06 17:55:43
RLGT,Transportation,Oil Refining/Marketing,292.48,\N,\N,0.32,\N,0,0.09,0.05,0.07,0.06,\N,\N,\N,2019-07-06 17:55:57
RFL,Finance,Real Estate,369.69,\N,\N,65.99,\N,-0.04,-0.1,-0.04,-0.08,-0.07,\N,\N,\N,2019-07-06 17:56:11
RHE,Health Care,Hospital/Nursing Management,3.04,\N,\N,0.15,\N,-2.76,-3,-3.84,-2.31,-1.22,\N,\N,\N,2019-07-06 17:56:43
RVP,Health Care,Medical/Dental Instruments,24.01,\N,\N,0.68,\N,-0.01,-0.03,-0.01,-0.01,-0.01,\N,\N,\N,2019-07-06 17:56:58
REI,Energy,Oil & Gas Production,221.06,\N,\N,1.8,\N,0.1,0.08,0.09,-0.12,0.17,\N,\N,\N,2019-07-06 17:57:11
SACH,Consumer Services,Real Estate Investment Trusts,99.07,\N,\N,9.51,\N,0.13,0.14,0.13,0.1,0.13,\N,\N,\N,2019-07-06 17:57:26
SNMP,Energy,Oil & Gas Production,39.71,\N,\N,0.54,\N,-0.53,-0.85,-0.59,0.33,-0.61,\N,\N,\N,2019-07-06 17:57:40
SAND      ,Basic Industries,Precious Metals,1040,\N,\N,0,\N,0,0,0.01,0.01,0.01,\N,\N,\N,2019-07-06 17:57:54
SEB,Finance,Investment Bankers/Brokers/Service,4680,\N,\N,0.74,\N,26.75,6.28,29.93,-77.83,48.79,\N,\N,\N,2019-07-06 17:58:08
SENS,Capital Goods,Industrial Machinery/Components,341.63,\N,\N,16.71,\N,-0.16,-0.23,-0.18,-0.03,-0.17,\N,\N,\N,2019-07-06 17:58:23
SVT,Capital Goods,Industrial Machinery/Components,25.92,\N,\N,0.52,\N,0.14,0.3,0.61,0.42,0.04,\N,\N,\N,2019-07-06 17:58:37
SMTS,Basic Industries,Precious Metals,205.69,\N,\N,0.98,\N,0.01,0.05,0.07,0.01,-0.01,\N,\N,\N,2019-07-06 17:58:52
SIF,Capital Goods,Aerospace,17.26,\N,\N,0.15,\N,-0.37,-0.28,-0.49,-0.23,-0.23,\N,\N,\N,2019-07-06 17:59:07
SVM,Basic Industries,Precious Metals,431.8,\N,\N,2.44,\N,0.07,0.06,0.05,0.05,0.07,\N,\N,\N,2019-07-06 17:59:22
SILV,Basic Industries,Precious Metals,326.03,\N,\N,\N,\N,\N,\N,\N,\N,\N,\N,\N,could not convert string to float: N/A,\N
XPL,Basic Industries,Precious Metals,19.21,\N,\N,46.31,\N,-0.02,-0.01,-0.01,-0.02,-0.01,\N,\N,\N,2019-07-06 17:59:37
SGB,Finance,Major Banks,53.59,\N,\N,2.45,\N,0.48,0.45,0.45,0.46,0.48,\N,\N,\N,2019-07-06 17:59:51
LOV,Consumer Services,Other Consumer Services,154.3,\N,\N,\N,\N,\N,\N,\N,\N,\N,\N,\N,could not convert string to float: N/A,\N
SRCI,Energy,Oil & Gas Production,1170,\N,\N,1.64,\N,0.27,0.2,0.26,0.34,0.2,\N,\N,\N,2019-07-06 18:00:06
SDI,Consumer Non-Durables,Tobacco,313.59,\N,\N,0.82,\N,0.06,0.2,0.08,-0.18,-0.21,\N,\N,\N,2019-07-06 18:00:21
SSY,Health Care,Hospital/Nursing Management,10.34,\N,\N,0.2,\N,-0.08,-0.17,-0.12,0.04,0.15,\N,\N,\N,2019-07-06 18:00:35
SDPI,Energy,Metal Fabrications,26.04,\N,\N,1.32,\N,0,0.04,0.01,-0.05,-0.01,\N,\N,\N,2019-07-06 18:00:49
SYN,Health Care,Major Pharmaceuticals,8.74,\N,\N,\N,\N,\N,\N,\N,\N,\N,\N,\N,could not convert string to float: N/A,\N
TKAT,Consumer Services,Other Specialty Stores,7.88,\N,\N,1.54,\N,0.04,-0.1,-0.26,-0.36,-0.06,\N,\N,\N,2019-07-06 18:01:04
TRX,Basic Industries,Precious Metals,113.99,\N,\N,\N,\N,\N,\N,\N,\N,\N,\N,\N,could not convert string to float: N/A,\N
TGB,Basic Industries,Precious Metals,128.02,\N,\N,\N,\N,\N,\N,\N,\N,\N,\N,\N,could not convert string to float: N/A,\N
TGC,Energy,Oil & Gas Production,8.63,\N,\N,1.57,\N,0.11,0.01,0.03,-0.01,-0.01,\N,\N,\N,2019-07-06 18:01:21
TMP,Finance,Major Banks,1210,\N,\N,4.4,\N,1.33,1.43,1.36,1.23,1.37,\N,\N,\N,2019-07-06 18:01:50
TAT,Energy,Oil & Gas Production,45.67,\N,\N,0.55,\N,-0.04,-0.02,-0.03,-0.01,-0.07,\N,\N,\N,2019-07-06 18:02:06
TRXC,Health Care,Medical/Dental Instruments,262.98,\N,\N,13.23,\N,0,-0.17,-0.1,-0.03,-0.1,\N,\N,\N,2019-07-06 18:02:19
TMQ,Basic Industries,Precious Metals,410.97,\N,\N,\N,\N,\N,\N,\N,\N,\N,\N,\N,could not convert string to float: N/A,\N
TPHS,Consumer Services,Building operators,127.6,\N,\N,32.25,\N,-0.05,-0.06,-0.07,-0.07,-0.07,\N,\N,\N,2019-07-06 18:02:34
TRT,Technology,Industrial Machinery/Components,10.98,\N,\N,0.27,\N,-0.21,0.17,0.02,0.09,0.19,\N,\N,\N,2019-07-06 18:02:49
UFAB,Capital Goods,Auto Parts:O.E.M.,27.58,\N,\N,0.17,\N,0.15,0.18,0.06,-0.02,-0.02,\N,\N,\N,2019-07-06 18:03:04
UAMY,Capital Goods,Metal Fabrications,37.62,\N,\N,\N,\N,\N,\N,\N,\N,\N,\N,\N,'decimal' codec can't encode character u'u2014' in position 0: invalid decimal Unicode string,\N
UUU,Technology,Electronic Components,2.94,\N,\N,0.17,\N,-0.44,-0.23,-0.19,-0.05,-0.22,\N,\N,\N,2019-07-06 18:03:32
UQM,Capital Goods,Industrial Machinery/Components,93.33,\N,\N,5.76,\N,-0.04,-0.05,-0.02,-0.02,-0.05,\N,\N,\N,2019-07-06 18:03:47
URG,Basic Industries,Precious Metals,147.2,\N,\N,17.44,\N,0.04,0.02,-0.02,-0.01,-0.03,\N,\N,\N,2019-07-06 18:04:02
UEC,Basic Industries,Precious Metals,238.5,\N,\N,\N,\N,\N,\N,\N,\N,\N,\N,\N,could not convert string to float: N/A,\N
VHC,Miscellaneous,Multi-Sector Companies,402.49,\N,\N,\N,\N,\N,\N,\N,\N,\N,\N,\N,invalid literal for float(): 6\,464.64,\N
VGZ,Basic Industries,Precious Metals,78.31,\N,\N,\N,\N,\N,\N,\N,\N,\N,\N,\N,could not convert string to float: N/A,\N
VNRX,Health Care,Biotechnology: In Vitro & In Vivo Diagnostic Subst,124.76,\N,\N,\N,\N,\N,\N,\N,\N,\N,\N,\N,could not convert string to float: N/A,\N
VISI,Technology,Professional Services,90.36,\N,\N,0.09,\N,-0.37,-0.54,-0.14,-0.15,-0.24,\N,\N,\N,2019-07-06 18:04:20
WRN,Basic Industries,Precious Metals,69.49,\N,\N,\N,\N,\N,\N,\N,\N,\N,\N,\N,could not convert string to float: N/A,\N
WYY,Technology,EDP Services,35.58,\N,\N,0.42,\N,-0.01,-0.01,0,0,0,\N,\N,\N,2019-07-06 18:04:36
WTT,Capital Goods,Electrical Products,33.02,\N,\N,0.66,\N,0.02,-0.01,0.03,-0.03,-0.02,\N,\N,\N,2019-07-06 18:04:51
XTNT,Health Care,Biotechnology: Biological Products (No Diagnostic ,36.85,\N,\N,0.5,\N,-0.7,-0.38,-0.24,-4.31,-0.21,\N,\N,\N,2019-07-06 18:05:05
YUMA,Energy,Oil & Gas Production,4.06,\N,\N,3.56,\N,-2.4,-2.85,-3.75,-2.1,-10.35,\N,\N,\N,2019-07-06 18:05:19
ZDGE,Technology,Computer Software: Prepackaged Software,18.02,\N,\N,1.88,\N,-0.03,-0.03,-0.07,-0.02,-0.12,\N,\N,\N,2019-07-06 18:05:34
ZOM,Health Care,Major Pharmaceuticals,26.47,\N,\N,\N,\N,\N,\N,\N,\N,\N,\N,\N,could not convert string to float: N/A,\N
